2026-10-09T12:11:48.6318202Z Current runner version: '2.337.0'
2026-10-09T12:11:48.6346195Z ##[group]Runner Image Provisioner
2026-10-09T12:11:48.6347082Z Hosted Compute Agent
2026-10-09T12:11:48.6347766Z Version: 20261002.596
2026-10-09T12:11:48.6348403Z Commit: c3d12f3313a95f25162a1503be624f3b0617f8c0
2026-10-09T12:11:48.6349223Z Build Date: 2026-10-02T22:28:27Z
2026-10-09T12:11:48.6349954Z Worker ID: {403eff45-c0a9-4be1-84b1-920b99793c05}
2026-10-09T12:11:48.6350673Z Region: southcentralus
2026-10-09T12:11:48.6351309Z Cloud: Azure
2026-10-09T12:11:48.6351847Z ##[endgroup]
2026-10-09T12:11:48.6353489Z ##[group]Operating System
2026-10-09T12:11:48.6354277Z Ubuntu
2026-10-09T12:11:48.6354803Z 24.04.5
2026-10-09T12:11:48.6355843Z LTS
2026-10-09T12:11:48.6356472Z ##[endgroup]
2026-10-09T12:11:48.6357065Z ##[group]Runner Image
2026-10-09T12:11:48.6357785Z Image: ubuntu-24.04
2026-10-09T12:11:48.6358379Z Version: 20261004.327.1
2026-10-09T12:11:48.6359701Z Included Software: https://github.com/actions/runner-images/blob/ubuntu24/20261004.327/images/ubuntu/Ubuntu2404-Readme.md
2026-10-09T12:11:48.6361281Z Image Release: https://github.com/actions/runner-images/releases/tag/ubuntu24%2F20261004.327
2026-10-09T12:11:48.6362376Z ##[endgroup]
2026-10-09T12:11:48.6363487Z ##[group]GITHUB_TOKEN Permissions
2026-10-09T12:11:48.6365913Z Contents: read
2026-10-09T12:11:48.6366610Z Metadata: read
2026-10-09T12:11:48.6367323Z ##[endgroup]
2026-10-09T12:11:48.6369607Z Secret source: Actions
2026-10-09T12:11:48.6370649Z Cache mode: write
2026-10-09T12:11:48.6371614Z Prepare workflow directory
2026-10-09T12:11:48.6775641Z Prepare all required actions
2026-10-09T12:11:48.6828797Z Getting action download info
2026-10-09T12:11:48.9602754Z Download action repository 'actions/checkout@v4.2.2' (SHA:11bd71901bbe5b1630ceea73d27597364c9af683)
2026-10-09T12:11:49.0781531Z Download action repository 'actions/setup-node@v4.4.0' (SHA:49933ea5288caeca8642d1e84afbd3f7d6820020)
2026-10-09T12:11:49.1682796Z Download action repository 'actions/setup-python@v5.6.0' (SHA:a26af69be951a213d495a4c3e4e4022e16d87065)
2026-10-09T12:11:49.2499866Z Download action repository 'actions/upload-artifact@v4.6.2' (SHA:ea165f8d65b6e75b540449e92b4886f43607fa02)
2026-10-09T12:11:49.4870458Z Complete job name: Frontend / unit-type-build-tokens
2026-10-09T12:11:49.5892005Z ##[group]Run actions/checkout@v4.2.2
2026-10-09T12:11:49.5892921Z with:
2026-10-09T12:11:49.5893361Z   persist-credentials: false
2026-10-09T12:11:49.5893921Z   repository: 1785235376-blip/AI-Novel-Studio
2026-10-09T12:11:49.5898475Z   token: ***
2026-10-09T12:11:49.5898920Z   ssh-strict: true
2026-10-09T12:11:49.5899352Z   ssh-user: git
2026-10-09T12:11:49.5899758Z   clean: true
2026-10-09T12:11:49.5900195Z   sparse-checkout-cone-mode: true
2026-10-09T12:11:49.5900711Z   fetch-depth: 1
2026-10-09T12:11:49.5901128Z   fetch-tags: false
2026-10-09T12:11:49.5901569Z   show-progress: true
2026-10-09T12:11:49.5902006Z   lfs: false
2026-10-09T12:11:49.5902404Z   submodules: false
2026-10-09T12:11:49.5902844Z   set-safe-directory: true
2026-10-09T12:11:49.5903660Z env:
2026-10-09T12:11:49.5904063Z   MOCK_PROVIDER: true
2026-10-09T12:11:49.5904515Z   MOCK_STREAM_DELAY_MS: 0
2026-10-09T12:11:49.5905021Z   ENABLE_CLOUD: false
2026-10-09T12:11:49.5905685Z   CREDENTIAL_VAULT_BACKEND: memory
2026-10-09T12:11:49.5906289Z   CREDENTIAL_VAULT_ALLOW_MEMORY_FALLBACK: true
2026-10-09T12:11:49.5906895Z   PYTHONDONTWRITEBYTECODE: 1
2026-10-09T12:11:49.5907394Z   HF_HUB_OFFLINE: 1
2026-10-09T12:11:49.5907835Z   TRANSFORMERS_OFFLINE: 1
2026-10-09T12:11:49.5908302Z ##[endgroup]
2026-10-09T12:11:49.7004173Z Syncing repository: 1785235376-blip/AI-Novel-Studio
2026-10-09T12:11:49.7007479Z ##[group]Getting Git version info
2026-10-09T12:11:49.7008911Z Working directory is '/home/runner/work/AI-Novel-Studio/AI-Novel-Studio'
2026-10-09T12:11:49.7013203Z [command]/usr/bin/git version
2026-10-09T12:11:49.7126068Z git version 2.55.0
2026-10-09T12:11:49.7158532Z ##[endgroup]
2026-10-09T12:11:49.7181408Z Temporarily overriding HOME='/home/runner/work/_temp/26c98fe3-3fc1-4bfc-960a-d9cc6405b548' before making global git config changes
2026-10-09T12:11:49.7193058Z Adding repository directory to the temporary git global config as a safe directory
2026-10-09T12:11:49.7195136Z [command]/usr/bin/git config --global --add safe.directory /home/runner/work/AI-Novel-Studio/AI-Novel-Studio
2026-10-09T12:11:49.7251742Z Deleting the contents of '/home/runner/work/AI-Novel-Studio/AI-Novel-Studio'
2026-10-09T12:11:49.7261527Z ##[group]Initializing the repository
2026-10-09T12:11:49.7272119Z [command]/usr/bin/git init /home/runner/work/AI-Novel-Studio/AI-Novel-Studio
2026-10-09T12:11:49.7389164Z hint: Using 'master' as the name for the initial branch. This default branch name
2026-10-09T12:11:49.7392270Z hint: will change to "main" in Git 3.0. To configure the initial branch name
2026-10-09T12:11:49.7404737Z hint: to use in all of your new repositories, which will suppress this warning,
2026-10-09T12:11:49.7406730Z hint: call:
2026-10-09T12:11:49.7407710Z hint:
2026-10-09T12:11:49.7408791Z hint: 	git config --global init.defaultBranch <name>
2026-10-09T12:11:49.7410072Z hint:
2026-10-09T12:11:49.7411340Z hint: Names commonly chosen instead of 'master' are 'main', 'trunk' and
2026-10-09T12:11:49.7413359Z hint: 'development'. The just-created branch can be renamed via this command:
2026-10-09T12:11:49.7414311Z hint:
2026-10-09T12:11:49.7414920Z hint: 	git branch -m <name>
2026-10-09T12:11:49.7416098Z hint:
2026-10-09T12:11:49.7417168Z hint: Disable this message with "git config set advice.defaultBranchName false"
2026-10-09T12:11:49.7418294Z Initialized empty Git repository in /home/runner/work/AI-Novel-Studio/AI-Novel-Studio/.git/
2026-10-09T12:11:49.7420138Z [command]/usr/bin/git remote add origin https://github.com/1785235376-blip/AI-Novel-Studio
2026-10-09T12:11:49.7483466Z ##[endgroup]
2026-10-09T12:11:49.7484700Z ##[group]Disabling automatic garbage collection
2026-10-09T12:11:49.7486089Z [command]/usr/bin/git config --local gc.auto 0
2026-10-09T12:11:49.7512306Z ##[endgroup]
2026-10-09T12:11:49.7513569Z ##[group]Setting up auth
2026-10-09T12:11:49.7522541Z [command]/usr/bin/git config --local --name-only --get-regexp core\.sshCommand
2026-10-09T12:11:49.7563367Z [command]/usr/bin/git submodule foreach --recursive sh -c "git config --local --name-only --get-regexp 'core\.sshCommand' && git config --local --unset-all 'core.sshCommand' || :"
2026-10-09T12:11:49.8038444Z [command]/usr/bin/git config --local --name-only --get-regexp http\.https\:\/\/github\.com\/\.extraheader
2026-10-09T12:11:49.8087736Z [command]/usr/bin/git submodule foreach --recursive sh -c "git config --local --name-only --get-regexp 'http\.https\:\/\/github\.com\/\.extraheader' && git config --local --unset-all 'http.https://github.com/.extraheader' || :"
2026-10-09T12:11:49.8327093Z [command]/usr/bin/git config --local http.https://github.com/.extraheader AUTHORIZATION: basic ***
2026-10-09T12:11:49.8373290Z ##[endgroup]
2026-10-09T12:11:49.8374290Z ##[group]Fetching the repository
2026-10-09T12:11:49.8383813Z [command]/usr/bin/git -c protocol.version=2 fetch --no-tags --prune --no-recurse-submodules --depth=1 origin +09cc0edc25fad8f82377650a504beb65af99c0bf:refs/remotes/pull/47/merge
2026-10-09T12:11:53.2882468Z From https://github.com/1785235376-blip/AI-Novel-Studio
2026-10-09T12:11:53.2884153Z  * [new ref]         09cc0edc25fad8f82377650a504beb65af99c0bf -> pull/47/merge
2026-10-09T12:11:53.2889923Z ##[endgroup]
2026-10-09T12:11:53.2890786Z ##[group]Determining the checkout info
2026-10-09T12:11:53.2891530Z ##[endgroup]
2026-10-09T12:11:53.2898940Z [command]/usr/bin/git sparse-checkout disable
2026-10-09T12:11:53.2952269Z [command]/usr/bin/git config --local --unset-all extensions.worktreeConfig
2026-10-09T12:11:53.2992165Z ##[group]Checking out the ref
2026-10-09T12:11:53.2995911Z [command]/usr/bin/git checkout --progress --force refs/remotes/pull/47/merge
2026-10-09T12:11:53.9147289Z Note: switching to 'refs/remotes/pull/47/merge'.
2026-10-09T12:11:53.9147895Z 
2026-10-09T12:11:53.9148281Z You are in 'detached HEAD' state. You can look around, make experimental
2026-10-09T12:11:53.9149606Z changes and commit them, and you can discard any commits you make in this
2026-10-09T12:11:53.9150296Z state without impacting any branches by switching back to a branch.
2026-10-09T12:11:53.9150701Z 
2026-10-09T12:11:53.9150980Z If you want to create a new branch to retain commits you create, you may
2026-10-09T12:11:53.9151583Z do so (now or later) by using -c with the switch command. Example:
2026-10-09T12:11:53.9151926Z 
2026-10-09T12:11:53.9152079Z   git switch -c <new-branch-name>
2026-10-09T12:11:53.9152318Z 
2026-10-09T12:11:53.9152490Z Or undo this operation with:
2026-10-09T12:11:53.9152712Z 
2026-10-09T12:11:53.9152847Z   git switch -
2026-10-09T12:11:53.9153036Z 
2026-10-09T12:11:53.9153336Z Turn off this advice by setting config variable advice.detachedHead to false
2026-10-09T12:11:53.9153743Z 
2026-10-09T12:11:53.9154205Z HEAD is now at 09cc0ed Merge 0df2640c4c1a2d3052bb0a84d14445744d04046f into fed2404c8e30b44061b7139dced45b7f3301601c
2026-10-09T12:11:53.9185880Z ##[endgroup]
2026-10-09T12:11:53.9238262Z [command]/usr/bin/git log -1 --format=%H
2026-10-09T12:11:53.9267844Z 09cc0edc25fad8f82377650a504beb65af99c0bf
2026-10-09T12:11:53.9280003Z ##[group]Removing auth
2026-10-09T12:11:53.9285653Z [command]/usr/bin/git config --local --name-only --get-regexp core\.sshCommand
2026-10-09T12:11:53.9326612Z [command]/usr/bin/git submodule foreach --recursive sh -c "git config --local --name-only --get-regexp 'core\.sshCommand' && git config --local --unset-all 'core.sshCommand' || :"
2026-10-09T12:11:53.9569091Z [command]/usr/bin/git config --local --name-only --get-regexp http\.https\:\/\/github\.com\/\.extraheader
2026-10-09T12:11:53.9601905Z http.https://github.com/.extraheader
2026-10-09T12:11:53.9609972Z [command]/usr/bin/git config --local --unset-all http.https://github.com/.extraheader
2026-10-09T12:11:53.9658100Z [command]/usr/bin/git submodule foreach --recursive sh -c "git config --local --name-only --get-regexp 'http\.https\:\/\/github\.com\/\.extraheader' && git config --local --unset-all 'http.https://github.com/.extraheader' || :"
2026-10-09T12:11:53.9898231Z ##[endgroup]
2026-10-09T12:11:54.0168078Z ##[group]Run actions/setup-node@v4.4.0
2026-10-09T12:11:54.0168456Z with:
2026-10-09T12:11:54.0168699Z   node-version: 22.14.0
2026-10-09T12:11:54.0168969Z   always-auth: false
2026-10-09T12:11:54.0169242Z   check-latest: false
2026-10-09T12:11:54.0171784Z   token: ***
2026-10-09T12:11:54.0172031Z env:
2026-10-09T12:11:54.0172270Z   MOCK_PROVIDER: true
2026-10-09T12:11:54.0172544Z   MOCK_STREAM_DELAY_MS: 0
2026-10-09T12:11:54.0172818Z   ENABLE_CLOUD: false
2026-10-09T12:11:54.0173092Z   CREDENTIAL_VAULT_BACKEND: memory
2026-10-09T12:11:54.0173425Z   CREDENTIAL_VAULT_ALLOW_MEMORY_FALLBACK: true
2026-10-09T12:11:54.0173781Z   PYTHONDONTWRITEBYTECODE: 1
2026-10-09T12:11:54.0174075Z   HF_HUB_OFFLINE: 1
2026-10-09T12:11:54.0174329Z   TRANSFORMERS_OFFLINE: 1
2026-10-09T12:11:54.0174597Z ##[endgroup]
2026-10-09T12:11:54.1619431Z Attempting to download 22.14.0...
2026-10-09T12:11:54.1729715Z (node:2400) [DEP0040] DeprecationWarning: The `punycode` module is deprecated. Please use a userland alternative instead.
2026-10-09T12:11:54.1730743Z (Use `node --trace-deprecation ...` to show where the warning was created)
2026-10-09T12:11:55.0106463Z Acquiring 22.14.0 - x64 from https://github.com/actions/node-versions/releases/download/22.14.0-13265982013/node-22.14.0-linux-x64.tar.gz
2026-10-09T12:11:55.5885311Z Extracting ...
2026-10-09T12:11:55.6024508Z [command]/usr/bin/tar xz --strip 1 --warning=no-unknown-keyword --overwrite -C /home/runner/work/_temp/b985a4ae-9cfd-48c3-90f4-bd68074601cc -f /home/runner/work/_temp/830392f6-20a9-4580-b2c5-fc5a9979ec87
2026-10-09T12:11:56.7399326Z Adding to the cache ...
2026-10-09T12:11:58.8848515Z ##[group]Environment details
2026-10-09T12:11:59.1040880Z node: v22.14.0
2026-10-09T12:11:59.1041353Z npm: 10.9.2
2026-10-09T12:11:59.1041688Z yarn: 1.22.22
2026-10-09T12:11:59.1042382Z ##[endgroup]
2026-10-09T12:11:59.1257318Z ##[group]Run actions/setup-python@v5.6.0
2026-10-09T12:11:59.1257659Z with:
2026-10-09T12:11:59.1257864Z   python-version: 3.12.9
2026-10-09T12:11:59.1258098Z   check-latest: false
2026-10-09T12:11:59.1260500Z   token: ***
2026-10-09T12:11:59.1260727Z   update-environment: true
2026-10-09T12:11:59.1260988Z   allow-prereleases: false
2026-10-09T12:11:59.1261222Z   freethreaded: false
2026-10-09T12:11:59.1261435Z env:
2026-10-09T12:11:59.1261622Z   MOCK_PROVIDER: true
2026-10-09T12:11:59.1261834Z   MOCK_STREAM_DELAY_MS: 0
2026-10-09T12:11:59.1262060Z   ENABLE_CLOUD: false
2026-10-09T12:11:59.1262284Z   CREDENTIAL_VAULT_BACKEND: memory
2026-10-09T12:11:59.1262576Z   CREDENTIAL_VAULT_ALLOW_MEMORY_FALLBACK: true
2026-10-09T12:11:59.1262897Z   PYTHONDONTWRITEBYTECODE: 1
2026-10-09T12:11:59.1263142Z   HF_HUB_OFFLINE: 1
2026-10-09T12:11:59.1263356Z   TRANSFORMERS_OFFLINE: 1
2026-10-09T12:11:59.1263583Z ##[endgroup]
2026-10-09T12:11:59.2629587Z ##[group]Installed versions
2026-10-09T12:11:59.2657596Z Version 3.12.9 was not found in the local cache
2026-10-09T12:11:59.2764768Z (node:2434) [DEP0040] DeprecationWarning: The `punycode` module is deprecated. Please use a userland alternative instead.
2026-10-09T12:11:59.2766268Z (Use `node --trace-deprecation ...` to show where the warning was created)
2026-10-09T12:12:00.1472228Z Version 3.12.9 is available for downloading
2026-10-09T12:12:00.1474066Z Download from "https://github.com/actions/python-versions/releases/download/3.12.9-13149478207/python-3.12.9-linux-24.04-x64.tar.gz"
2026-10-09T12:12:00.9376229Z Extract downloaded archive
2026-10-09T12:12:00.9507146Z [command]/usr/bin/tar xz --warning=no-unknown-keyword --overwrite -C /home/runner/work/_temp/e127d7f5-713e-4267-8aa3-b0dfaa41b60a -f /home/runner/work/_temp/23428466-04f5-4702-ab1a-93983a0e9fa9
2026-10-09T12:12:02.9828902Z Execute installation script
2026-10-09T12:12:02.9927224Z Check if Python hostedtoolcache folder exist...
2026-10-09T12:12:02.9928081Z Create Python 3.12.9 folder
2026-10-09T12:12:02.9954878Z Copy Python binaries to hostedtoolcache folder
2026-10-09T12:12:03.4863019Z Create additional symlinks (Required for the UsePythonVersion Azure Pipelines task and the setup-python GitHub Action)
2026-10-09T12:12:03.4906488Z Upgrading pip...
2026-10-09T12:12:05.7994833Z Looking in links: /tmp/tmps31aw71s
2026-10-09T12:12:05.7999149Z Requirement already satisfied: pip in /opt/hostedtoolcache/Python/3.12.9/x64/lib/python3.12/site-packages (24.3.1)
2026-10-09T12:12:07.3251962Z Collecting pip
2026-10-09T12:12:07.3777132Z Downloading pip-26.2.1-py3-none-any.whl.metadata (4.6 kB)
2026-10-09T12:12:07.3921685Z Downloading pip-26.2.1-py3-none-any.whl (1.8 MB)
2026-10-09T12:12:07.4652340Z ━━━━━━━━━━━━━━━━━━━━━━━━━━━━━━━━━━━━━━━━ 1.8/1.8 MB 35.3 MB/s eta 0:00:00
2026-10-09T12:12:07.4652923Z 
2026-10-09T12:12:07.4866470Z Installing collected packages: pip
2026-10-09T12:12:07.4868185Z Attempting uninstall: pip
2026-10-09T12:12:07.4899242Z Found existing installation: pip 24.3.1
2026-10-09T12:12:07.5263716Z Uninstalling pip-24.3.1:
2026-10-09T12:12:07.5441958Z Successfully uninstalled pip-24.3.1
2026-10-09T12:12:08.4403718Z Successfully installed pip-26.2.1
2026-10-09T12:12:08.4912116Z Create complete file
2026-10-09T12:12:08.4953424Z Successfully set up CPython (3.12.9)
2026-10-09T12:12:08.4954282Z ##[endgroup]
2026-10-09T12:12:08.5114288Z ##[group]Run bash .github/ci/prepare.sh frontend
2026-10-09T12:12:08.5114734Z [36;1mbash .github/ci/prepare.sh frontend[0m
2026-10-09T12:12:08.5384706Z shell: /usr/bin/bash -e {0}
2026-10-09T12:12:08.5385036Z env:
2026-10-09T12:12:08.5385632Z   MOCK_PROVIDER: true
2026-10-09T12:12:08.5385920Z   MOCK_STREAM_DELAY_MS: 0
2026-10-09T12:12:08.5386220Z   ENABLE_CLOUD: false
2026-10-09T12:12:08.5386517Z   CREDENTIAL_VAULT_BACKEND: memory
2026-10-09T12:12:08.5386894Z   CREDENTIAL_VAULT_ALLOW_MEMORY_FALLBACK: true
2026-10-09T12:12:08.5387307Z   PYTHONDONTWRITEBYTECODE: 1
2026-10-09T12:12:08.5387613Z   HF_HUB_OFFLINE: 1
2026-10-09T12:12:08.5387879Z   TRANSFORMERS_OFFLINE: 1
2026-10-09T12:12:08.5388479Z   pythonLocation: /opt/hostedtoolcache/Python/3.12.9/x64
2026-10-09T12:12:08.5389051Z   PKG_CONFIG_PATH: /opt/hostedtoolcache/Python/3.12.9/x64/lib/pkgconfig
2026-10-09T12:12:08.5389609Z   Python_ROOT_DIR: /opt/hostedtoolcache/Python/3.12.9/x64
2026-10-09T12:12:08.5390144Z   Python2_ROOT_DIR: /opt/hostedtoolcache/Python/3.12.9/x64
2026-10-09T12:12:08.5390638Z   Python3_ROOT_DIR: /opt/hostedtoolcache/Python/3.12.9/x64
2026-10-09T12:12:08.5391133Z   LD_LIBRARY_PATH: /opt/hostedtoolcache/Python/3.12.9/x64/lib
2026-10-09T12:12:08.5391553Z ##[endgroup]
2026-10-09T12:12:09.2612297Z ##[group]Run npm install --global pnpm@10.6.5
2026-10-09T12:12:09.2612704Z [36;1mnpm install --global pnpm@10.6.5[0m
2026-10-09T12:12:09.2613018Z [36;1mpnpm install --frozen-lockfile[0m
2026-10-09T12:12:09.2613521Z [36;1m{ node --version; pnpm --version; sha256sum pnpm-lock.yaml; } > "$CI_RECEIPTS/frontend-tools.txt"[0m
2026-10-09T12:12:09.2680108Z shell: /usr/bin/bash -e {0}
2026-10-09T12:12:09.2680373Z env:
2026-10-09T12:12:09.2680589Z   MOCK_PROVIDER: true
2026-10-09T12:12:09.2680817Z   MOCK_STREAM_DELAY_MS: 0
2026-10-09T12:12:09.2681047Z   ENABLE_CLOUD: false
2026-10-09T12:12:09.2681278Z   CREDENTIAL_VAULT_BACKEND: memory
2026-10-09T12:12:09.2681576Z   CREDENTIAL_VAULT_ALLOW_MEMORY_FALLBACK: true
2026-10-09T12:12:09.2681887Z   PYTHONDONTWRITEBYTECODE: 1
2026-10-09T12:12:09.2682133Z   HF_HUB_OFFLINE: 1
2026-10-09T12:12:09.2682344Z   TRANSFORMERS_OFFLINE: 1
2026-10-09T12:12:09.2682645Z   pythonLocation: /opt/hostedtoolcache/Python/3.12.9/x64
2026-10-09T12:12:09.2683155Z   PKG_CONFIG_PATH: /opt/hostedtoolcache/Python/3.12.9/x64/lib/pkgconfig
2026-10-09T12:12:09.2683599Z   Python_ROOT_DIR: /opt/hostedtoolcache/Python/3.12.9/x64
2026-10-09T12:12:09.2684008Z   Python2_ROOT_DIR: /opt/hostedtoolcache/Python/3.12.9/x64
2026-10-09T12:12:09.2684405Z   Python3_ROOT_DIR: /opt/hostedtoolcache/Python/3.12.9/x64
2026-10-09T12:12:09.2684801Z   LD_LIBRARY_PATH: /opt/hostedtoolcache/Python/3.12.9/x64/lib
2026-10-09T12:12:09.2685478Z   CI_COVERAGE_SHA: 09cc0edc25fad8f82377650a504beb65af99c0bf
2026-10-09T12:12:09.2685881Z   CI_COVERAGE_TREE: f800c0e8a6d920e8836a027707c8078c5a8421f2
2026-10-09T12:12:09.2686281Z   CI_SANDBOX: /home/runner/work/_temp/novel-ci-frontend.fo4aho
2026-10-09T12:12:09.2686721Z   CI_PROJECT: /home/runner/work/_temp/novel-ci-frontend.fo4aho/project
2026-10-09T12:12:09.2687199Z   CI_RECEIPTS: /home/runner/work/_temp/novel-ci-frontend.fo4aho/receipts
2026-10-09T12:12:09.2687651Z   HOME: /home/runner/work/_temp/novel-ci-frontend.fo4aho/home
2026-10-09T12:12:09.2688092Z   USERPROFILE: /home/runner/work/_temp/novel-ci-frontend.fo4aho/home
2026-10-09T12:12:09.2688579Z   APPDATA: /home/runner/work/_temp/novel-ci-frontend.fo4aho/appdata
2026-10-09T12:12:09.2689068Z   LOCALAPPDATA: /home/runner/work/_temp/novel-ci-frontend.fo4aho/localappdata
2026-10-09T12:12:09.2689596Z   XDG_CONFIG_HOME: /home/runner/work/_temp/novel-ci-frontend.fo4aho/config
2026-10-09T12:12:09.2690084Z   XDG_CACHE_HOME: /home/runner/work/_temp/novel-ci-frontend.fo4aho/cache
2026-10-09T12:12:09.2690546Z   XDG_DATA_HOME: /home/runner/work/_temp/novel-ci-frontend.fo4aho/data
2026-10-09T12:12:09.2690997Z   XDG_STATE_HOME: /home/runner/work/_temp/novel-ci-frontend.fo4aho/state
2026-10-09T12:12:09.2691421Z   TMPDIR: /home/runner/work/_temp/novel-ci-frontend.fo4aho/tmp
2026-10-09T12:12:09.2691813Z   TMP: /home/runner/work/_temp/novel-ci-frontend.fo4aho/tmp
2026-10-09T12:12:09.2692190Z   TEMP: /home/runner/work/_temp/novel-ci-frontend.fo4aho/tmp
2026-10-09T12:12:09.2692621Z   PROJECT_ROOT: /home/runner/work/_temp/novel-ci-frontend.fo4aho/project
2026-10-09T12:12:09.2693096Z   NOVEL_DATA_PATH: /home/runner/work/_temp/novel-ci-frontend.fo4aho/data/novels
2026-10-09T12:12:09.2693592Z   BACKUP_PATH: /home/runner/work/_temp/novel-ci-frontend.fo4aho/data/backups
2026-10-09T12:12:09.2694154Z   DATABASE_BACKUP_PATH: /home/runner/work/_temp/novel-ci-frontend.fo4aho/data/database-backups
2026-10-09T12:12:09.2694751Z   KNOWLEDGE_SOURCE_PATH: /home/runner/work/_temp/novel-ci-frontend.fo4aho/data/novels
2026-10-09T12:12:09.2695607Z ##[endgroup]
2026-10-09T12:12:10.4701569Z 
2026-10-09T12:12:10.4702172Z added 1 package in 1s
2026-10-09T12:12:10.4702564Z 
2026-10-09T12:12:10.4702885Z 1 package is looking for funding
2026-10-09T12:12:10.4703267Z   run `npm fund` for details
2026-10-09T12:12:10.9746143Z Lockfile is up to date, resolution step is skipped
2026-10-09T12:12:11.0066129Z Progress: resolved 1, reused 0, downloaded 0, added 0
2026-10-09T12:12:11.0597284Z Packages: +249
2026-10-09T12:12:11.0637247Z ++++++++++++++++++++++++++++++++++++++++++++++++++++++++++++++++++++++++++++++++
2026-10-09T12:12:12.0082997Z Progress: resolved 249, reused 0, downloaded 143, added 125
2026-10-09T12:12:12.7473634Z Progress: resolved 249, reused 0, downloaded 249, added 249, done
2026-10-09T12:12:12.8738752Z .../esbuild@0.25.12/node_modules/esbuild postinstall$ node install.js
2026-10-09T12:12:12.8744032Z .../esbuild@0.21.5/node_modules/esbuild postinstall$ node install.js
2026-10-09T12:12:12.9635573Z .../esbuild@0.25.12/node_modules/esbuild postinstall: Done
2026-10-09T12:12:13.0076996Z .../esbuild@0.21.5/node_modules/esbuild postinstall: Done
2026-10-09T12:12:13.1441477Z 
2026-10-09T12:12:13.1442008Z dependencies:
2026-10-09T12:12:13.1442547Z + @tanstack/react-query 5.101.4
2026-10-09T12:12:13.1443143Z + @tiptap/extension-placeholder 2.27.2
2026-10-09T12:12:13.1443693Z + @tiptap/react 2.27.2
2026-10-09T12:12:13.1444144Z + @tiptap/starter-kit 2.27.2
2026-10-09T12:12:13.1444601Z + lucide-react 0.468.0
2026-10-09T12:12:13.1444939Z + react 18.3.1
2026-10-09T12:12:13.1445465Z + react-dom 18.3.1
2026-10-09T12:12:13.1445844Z + zustand 5.0.14
2026-10-09T12:12:13.1446055Z 
2026-10-09T12:12:13.1446212Z devDependencies:
2026-10-09T12:12:13.1446599Z + @playwright/test 1.62.1
2026-10-09T12:12:13.1447016Z + @testing-library/react 16.3.2
2026-10-09T12:12:13.1447289Z + @types/node 22.13.10
2026-10-09T12:12:13.1447566Z + @types/react 18.3.31
2026-10-09T12:12:13.1447798Z + @types/react-dom 18.3.7
2026-10-09T12:12:13.1448061Z + @vitejs/plugin-react 4.7.0
2026-10-09T12:12:13.1448335Z + fountain-js 1.2.4
2026-10-09T12:12:13.1448675Z + jsdom 25.0.1
2026-10-09T12:12:13.1449219Z + typescript 5.9.3
2026-10-09T12:12:13.1449474Z + vite 6.4.3
2026-10-09T12:12:13.1449667Z + vitest 2.1.9
2026-10-09T12:12:13.1449789Z 
2026-10-09T12:12:13.1650583Z Done in 2.6s using pnpm v10.6.5
2026-10-09T12:12:13.5072567Z ##[group]Run set -o pipefail
2026-10-09T12:12:13.5072966Z [36;1mset -o pipefail[0m
2026-10-09T12:12:13.5073655Z [36;1mpnpm test --reporter=default --reporter=junit --outputFile="$CI_RECEIPTS/frontend.xml" 2>&1 | tee "$CI_RECEIPTS/frontend.log"[0m
2026-10-09T12:12:13.5141723Z shell: /usr/bin/bash -e {0}
2026-10-09T12:12:13.5142003Z env:
2026-10-09T12:12:13.5142222Z   MOCK_PROVIDER: true
2026-10-09T12:12:13.5142481Z   MOCK_STREAM_DELAY_MS: 0
2026-10-09T12:12:13.5142731Z   ENABLE_CLOUD: false
2026-10-09T12:12:13.5142985Z   CREDENTIAL_VAULT_BACKEND: memory
2026-10-09T12:12:13.5143299Z   CREDENTIAL_VAULT_ALLOW_MEMORY_FALLBACK: true
2026-10-09T12:12:13.5143653Z   PYTHONDONTWRITEBYTECODE: 1
2026-10-09T12:12:13.5143944Z   HF_HUB_OFFLINE: 1
2026-10-09T12:12:13.5158062Z   TRANSFORMERS_OFFLINE: 1
2026-10-09T12:12:13.5158407Z   pythonLocation: /opt/hostedtoolcache/Python/3.12.9/x64
2026-10-09T12:12:13.5158870Z   PKG_CONFIG_PATH: /opt/hostedtoolcache/Python/3.12.9/x64/lib/pkgconfig
2026-10-09T12:12:13.5159361Z   Python_ROOT_DIR: /opt/hostedtoolcache/Python/3.12.9/x64
2026-10-09T12:12:13.5159758Z   Python2_ROOT_DIR: /opt/hostedtoolcache/Python/3.12.9/x64
2026-10-09T12:12:13.5160152Z   Python3_ROOT_DIR: /opt/hostedtoolcache/Python/3.12.9/x64
2026-10-09T12:12:13.5160547Z   LD_LIBRARY_PATH: /opt/hostedtoolcache/Python/3.12.9/x64/lib
2026-10-09T12:12:13.5160947Z   CI_COVERAGE_SHA: 09cc0edc25fad8f82377650a504beb65af99c0bf
2026-10-09T12:12:13.5161346Z   CI_COVERAGE_TREE: f800c0e8a6d920e8836a027707c8078c5a8421f2
2026-10-09T12:12:13.5161766Z   CI_SANDBOX: /home/runner/work/_temp/novel-ci-frontend.fo4aho
2026-10-09T12:12:13.5162212Z   CI_PROJECT: /home/runner/work/_temp/novel-ci-frontend.fo4aho/project
2026-10-09T12:12:13.5162955Z   CI_RECEIPTS: /home/runner/work/_temp/novel-ci-frontend.fo4aho/receipts
2026-10-09T12:12:13.5163418Z   HOME: /home/runner/work/_temp/novel-ci-frontend.fo4aho/home
2026-10-09T12:12:13.5163861Z   USERPROFILE: /home/runner/work/_temp/novel-ci-frontend.fo4aho/home
2026-10-09T12:12:13.5164330Z   APPDATA: /home/runner/work/_temp/novel-ci-frontend.fo4aho/appdata
2026-10-09T12:12:13.5164826Z   LOCALAPPDATA: /home/runner/work/_temp/novel-ci-frontend.fo4aho/localappdata
2026-10-09T12:12:13.5165548Z   XDG_CONFIG_HOME: /home/runner/work/_temp/novel-ci-frontend.fo4aho/config
2026-10-09T12:12:13.5166046Z   XDG_CACHE_HOME: /home/runner/work/_temp/novel-ci-frontend.fo4aho/cache
2026-10-09T12:12:13.5166517Z   XDG_DATA_HOME: /home/runner/work/_temp/novel-ci-frontend.fo4aho/data
2026-10-09T12:12:13.5166982Z   XDG_STATE_HOME: /home/runner/work/_temp/novel-ci-frontend.fo4aho/state
2026-10-09T12:12:13.5167448Z   TMPDIR: /home/runner/work/_temp/novel-ci-frontend.fo4aho/tmp
2026-10-09T12:12:13.5167858Z   TMP: /home/runner/work/_temp/novel-ci-frontend.fo4aho/tmp
2026-10-09T12:12:13.5168271Z   TEMP: /home/runner/work/_temp/novel-ci-frontend.fo4aho/tmp
2026-10-09T12:12:13.5168685Z   PROJECT_ROOT: /home/runner/work/_temp/novel-ci-frontend.fo4aho/project
2026-10-09T12:12:13.5169171Z   NOVEL_DATA_PATH: /home/runner/work/_temp/novel-ci-frontend.fo4aho/data/novels
2026-10-09T12:12:13.5169667Z   BACKUP_PATH: /home/runner/work/_temp/novel-ci-frontend.fo4aho/data/backups
2026-10-09T12:12:13.5170209Z   DATABASE_BACKUP_PATH: /home/runner/work/_temp/novel-ci-frontend.fo4aho/data/database-backups
2026-10-09T12:12:13.5170797Z   KNOWLEDGE_SOURCE_PATH: /home/runner/work/_temp/novel-ci-frontend.fo4aho/data/novels
2026-10-09T12:12:13.5171203Z ##[endgroup]
2026-10-09T12:12:13.8362015Z 
2026-10-09T12:12:13.8363202Z > ai-novel-studio-ui@0.7.0 test /home/runner/work/_temp/novel-ci-frontend.fo4aho/project/frontend
2026-10-09T12:12:13.8365698Z > vitest run --reporter\=default --reporter\=junit --outputFile\=/home/runner/work/_temp/novel-ci-frontend.fo4aho/receipts/frontend.xml
2026-10-09T12:12:14.2555964Z 
2026-10-09T12:12:14.2555988Z 
2026-10-09T12:12:14.2558792Z [1m[7m[36m RUN [39m[27m[22m [36mv2.1.9 [39m[90m/home/runner/work/_temp/novel-ci-frontend.fo4aho/project/frontend[39m
2026-10-09T12:12:14.2560249Z 
2026-10-09T12:12:24.3717926Z  [32m✓[39m src/creative/CreativeWorkspace.test.tsx [2m([22m[2m29 tests[22m[2m)[22m[33m 8034[2mms[22m[39m
2026-10-09T12:12:24.3747623Z    [33m[2m✓[22m[39m creative workspace protected manuscript and request boundaries[2m > [22mrecovers saved SCREENPLAY when its stage is selected before the initial reads finish [33m516[2mms[22m[39m
2026-10-09T12:12:24.3767658Z    [33m[2m✓[22m[39m creative workspace protected manuscript and request boundaries[2m > [22mrecovers saved PRODUCTION when its stage is selected before the initial reads finish [33m317[2mms[22m[39m
2026-10-09T12:12:24.3777421Z    [33m[2m✓[22m[39m creative workspace protected manuscript and request boundaries[2m > [22mkeeps an explicit new document, including an untouched draft, across stage and source changes [33m328[2mms[22m[39m
2026-10-09T12:12:24.3805092Z    [33m[2m✓[22m[39m creative workspace protected manuscript and request boundaries[2m > [22mreloads saved content after confirmed discard and immediate workbench reopen [33m463[2mms[22m[39m
2026-10-09T12:12:24.3809760Z    [33m[2m✓[22m[39m creative workspace protected manuscript and request boundaries[2m > [22mdoes not replace a blocked dirty draft when a recovery reread discovers its uncertain creation [33m388[2mms[22m[39m
2026-10-09T12:12:24.3812919Z    [33m[2m✓[22m[39m creative workspace protected manuscript and request boundaries[2m > [22mexposes all five keyboard-accessible modes while the manuscript stays mounted [33m401[2mms[22m[39m
2026-10-09T12:12:24.3816538Z    [33m[2m✓[22m[39m creative workspace protected manuscript and request boundaries[2m > [22mcreates once, saves again with the returned version, and preserves captured identity [33m305[2mms[22m[39m
2026-10-09T12:12:24.3820066Z    [33m[2m✓[22m[39m creative workspace protected manuscript and request boundaries[2m > [22mcancels navigation without losing edits and requires explicit discard before exiting [33m368[2mms[22m[39m
2026-10-09T12:12:24.3823383Z    [33m[2m✓[22m[39m creative workspace protected manuscript and request boundaries[2m > [22mrequires explicit server-version adoption and preserves the draft when adoption is cancelled [33m633[2mms[22m[39m
2026-10-09T12:12:24.3826891Z    [33m[2m✓[22m[39m creative workspace protected manuscript and request boundaries[2m > [22mreorders storyboard shots without replacing their identities and saves their new sequence [33m383[2mms[22m[39m
2026-10-09T12:12:26.0994778Z  [32m✓[39m src/AppWorkspaceResume.test.tsx [2m([22m[2m33 tests[22m[2m)[22m[33m 7011[2mms[22m[39m
2026-10-09T12:12:26.0998409Z    [33m[2m✓[22m[39m reopens the saved chapter through current authority and applies original reading/split state only after explicit restore [33m593[2mms[22m[39m
2026-10-09T12:12:26.1000973Z    [33m[2m✓[22m[39m does not navigate away from dirty manuscript [33m315[2mms[22m[39m
2026-10-09T12:12:26.1003485Z    [33m[2m✓[22m[39m opens another authorized project only after original inventory and exact chapter version revalidation [33m469[2mms[22m[39m
2026-10-09T12:12:26.1036978Z    [33m[2m✓[22m[39m refuses cross-project search navigation while manuscript is dirty [33m403[2mms[22m[39m
2026-10-09T12:12:26.1066982Z    [33m[2m✓[22m[39m drops a delayed cross-project source when the author types during revalidation [33m409[2mms[22m[39m
2026-10-09T12:12:26.1069729Z    [33m[2m✓[22m[39m does not navigate to a search project removed from the refreshed original inventory [33m401[2mms[22m[39m
2026-10-09T12:12:26.1072003Z    [33m[2m✓[22m[39m opens the exact revision model owner with its original chapter after authoritative verification [33m368[2mms[22m[39m
2026-10-09T12:12:26.1074167Z    [33m[2m✓[22m[39m refuses a revision-owner chapter switch when the manuscript has unsaved work [33m371[2mms[22m[39m
2026-10-09T12:12:26.1076909Z    [33m[2m✓[22m[39m rejects a mismatched original revision job and never falls back to another draft [33m386[2mms[22m[39m
2026-10-09T12:12:26.1078983Z    [33m[2m✓[22m[39m drops delayed revision-owner navigation after new typing or scope change [33m410[2mms[22m[39m
2026-10-09T12:12:26.1080778Z    [33m[2m✓[22m[39m does not open a delayed revision source after its feature is revoked [33m369[2mms[22m[39m
2026-10-09T12:12:27.2006012Z  [32m✓[39m src/interop/LocalTutorIntegration.test.tsx [2m([22m[2m70 tests[22m[2m)[22m[33m 10957[2mms[22m[39m
2026-10-09T12:12:27.2007887Z    [33m[2m✓[22m[39m defaults content unchecked, previews metadata only and sends only after confirmation [33m304[2mms[22m[39m
2026-10-09T12:12:27.2017410Z    [33m[2m✓[22m[39m diagnostic preview pauses ongoing sharing before omissions and never resumes it after sending [33m386[2mms[22m[39m
2026-10-09T12:12:29.9674562Z  [32m✓[39m src/experimental/WorkspaceToolsPanel.test.tsx [2m([22m[2m30 tests[22m[2m)[22m[33m 4205[2mms[22m[39m
2026-10-09T12:12:29.9687592Z    [33m[2m✓[22m[39m real workspace tools UI[2m > [22mshows stale recovery choice and never jumps until explicit current-version approval [33m443[2mms[22m[39m
2026-10-09T12:12:29.9690343Z    [33m[2m✓[22m[39m deduplicates repeated resolves and only honors the reopened search request [33m528[2mms[22m[39m
2026-10-09T12:12:29.9716902Z    [33m[2m✓[22m[39m captures actual split visibility and keeps search/task filters across section changes and remount [33m378[2mms[22m[39m
2026-10-09T12:12:30.2498917Z  [32m✓[39m src/AuditGenerationScope.test.tsx [2m([22m[2m28 tests[22m[2m)[22m[33m 2026[2mms[22m[39m
2026-10-09T12:12:31.5171433Z  [32m✓[39m src/novel/StoryCoreRecordVersionEditor.test.tsx [2m([22m[2m59 tests[22m[2m)[22m[33m 3062[2mms[22m[39m
2026-10-09T12:12:32.2877134Z  [32m✓[39m src/ui/LocalAiDiscovery.test.tsx [2m([22m[2m24 tests[22m[2m)[22m[33m 696[2mms[22m[39m
2026-10-09T12:12:35.3140980Z  [32m✓[39m src/experimental/StyleReviewPanels.test.tsx [2m([22m[2m16 tests[22m[2m)[22m[33m 2352[2mms[22m[39m
2026-10-09T12:12:35.3176248Z    [33m[2m✓[22m[39m reads without running analysis, requires explicit preview/review/use, and validates the receipt again [33m388[2mms[22m[39m
2026-10-09T12:12:35.7436576Z  [32m✓[39m src/experimental/OfflineSyncPanel.test.tsx [2m([22m[2m11 tests[22m[2m)[22m[33m 2170[2mms[22m[39m
2026-10-09T12:12:35.7457146Z    [33m[2m✓[22m[39m defaults to no selection, no mutation or external transport, and explicit selected chapter queue [33m367[2mms[22m[39m
2026-10-09T12:12:35.7462648Z    [33m[2m✓[22m[39m withdraws one chapter only after versioned preview, clears cached file and blocks its pending review [33m317[2mms[22m[39m
2026-10-09T12:12:38.8036189Z  [32m✓[39m src/experimental/StorySimulatorPanel.test.tsx [2m([22m[2m14 tests[22m[2m)[22m[33m 7379[2mms[22m[39m
2026-10-09T12:12:38.8053775Z    [33m[2m✓[22m[39m reads only on opening; builds explicit bounded manual inputs with captured authority and normalized fact lines [33m1046[2mms[22m[39m
2026-10-09T12:12:38.8056679Z    [33m[2m✓[22m[39m compares violations and hypotheses, saves only REVIEW once and navigates to the existing planning authority [33m615[2mms[22m[39m
2026-10-09T12:12:38.8059181Z    [33m[2m✓[22m[39m advances explicitly, cancels explicitly, and stops offering expansion after cancellation [33m487[2mms[22m[39m
2026-10-09T12:12:38.8061274Z    [33m[2m✓[22m[39m preserves editable drafts on failure and requires recovery before retry [33m914[2mms[22m[39m
2026-10-09T12:12:38.8063497Z    [33m[2m✓[22m[39m invalidates source-bound context immediately when the active chapter revision advances [33m514[2mms[22m[39m
2026-10-09T12:12:38.8066231Z    [33m[2m✓[22m[39m recovers persisted manual inputs only by explicit action and requires renewed context review [33m303[2mms[22m[39m
2026-10-09T12:12:38.8069226Z    [33m[2m✓[22m[39m previews exact local character request, dispatches once with consent, then manually selects checked candidate [33m908[2mms[22m[39m
2026-10-09T12:12:38.8071781Z    [33m[2m✓[22m[39m model cancellation and unknown admission never offer automatic replay or candidate adoption [33m378[2mms[22m[39m
2026-10-09T12:12:38.8074083Z    [33m[2m✓[22m[39m ignores late model preview from a replaced scope and never preserves its consent [33m405[2mms[22m[39m
2026-10-09T12:12:38.8076507Z    [33m[2m✓[22m[39m changing selected model route clears consent and fences a previously reviewed request [33m400[2mms[22m[39m
2026-10-09T12:12:38.8078900Z    [33m[2m✓[22m[39m invalidates scene context receipts and sends selected original scene with separate mind claims [33m639[2mms[22m[39m
2026-10-09T12:12:39.3950886Z  [32m✓[39m src/AppRevisionHistory.test.tsx [2m([22m[2m23 tests[22m[2m)[22m[33m 1676[2mms[22m[39m
2026-10-09T12:12:39.7444072Z  [32m✓[39m src/experimental/DeclarativeTemplatePanels.test.tsx [2m([22m[2m8 tests[22m[2m)[22m[33m 3066[2mms[22m[39m
2026-10-09T12:12:39.7457576Z    [33m[2m✓[22m[39m opens both panels read-only in StrictMode with original authority headers and no auto execution [33m309[2mms[22m[39m
2026-10-09T12:12:39.7460112Z    [33m[2m✓[22m[39m uses real form contracts, explicit graph check and version-bound creation before separate execute and review [33m993[2mms[22m[39m
2026-10-09T12:12:39.7462609Z    [33m[2m✓[22m[39m invalidates graph preflight on edits, never lists browser invented tools, and preserves input on rejected save [33m376[2mms[22m[39m
2026-10-09T12:12:39.7465391Z    [33m[2m✓[22m[39m previews installs favorites copies edits compares and reverts without running a workflow or overwriting instantiated work [33m347[2mms[22m[39m
2026-10-09T12:12:39.7468329Z    [33m[2m✓[22m[39m requires a separate exact model preview confirmation and never auto dispatches or approves a deferred model node [33m574[2mms[22m[39m
2026-10-09T12:12:41.0885680Z  [32m✓[39m src/ui/ModelCenter.test.tsx [2m([22m[2m10 tests[22m[2m)[22m[33m 540[2mms[22m[39m
2026-10-09T12:12:42.9912681Z  [32m✓[39m src/experimental/WritingFocusPanel.test.tsx [2m([22m[2m13 tests[22m[2m)[22m[33m 1862[2mms[22m[39m
2026-10-09T12:12:42.9915947Z    [33m[2m✓[22m[39m U04 actual writing focus controls[2m > [22mloads under StrictMode, applies prose preferences and persists versioned personal settings [33m358[2mms[22m[39m
2026-10-09T12:12:42.9918651Z    [33m[2m✓[22m[39m U04 actual writing focus controls[2m > [22minvalidates copy preview when field changes and on stale response [33m328[2mms[22m[39m
2026-10-09T12:12:43.3468999Z  [32m✓[39m src/novel/PluginManagerPanel.test.tsx [2m([22m[2m15 tests[22m[2m)[22m[33m 1042[2mms[22m[39m
2026-10-09T12:12:44.2868092Z  [32m✓[39m src/AppDraftRecovery.test.tsx [2m([22m[2m21 tests[22m[2m)[22m[33m 3630[2mms[22m[39m
2026-10-09T12:12:44.2877695Z    [33m[2m✓[22m[39m suppresses autosave and manual submit throughout composition and submits after it ends [33m1161[2mms[22m[39m
2026-10-09T12:12:44.2879929Z    [33m[2m✓[22m[39m labels browser-offline drafts honestly and permits an explicit reachable local-backend save [33m1053[2mms[22m[39m
2026-10-09T12:12:46.8898644Z  [32m✓[39m src/experimental/ModelBrokerPanel.test.tsx [2m([22m[2m9 tests[22m[2m)[22m[33m 2351[2mms[22m[39m
2026-10-09T12:12:46.8920752Z    [33m[2m✓[22m[39m captures actual scoped route preview and requires exact author receipt plus review before existing job dispatch [33m749[2mms[22m[39m
2026-10-09T12:12:46.8923167Z    [33m[2m✓[22m[39m invalidates prior authorization and sends the exact reviewed material scope [33m589[2mms[22m[39m
2026-10-09T12:12:47.2117056Z  [32m✓[39m src/experimental/ExperimentalWorkbench.test.tsx [2m([22m[2m14 tests[22m[2m)[22m[33m 1442[2mms[22m[39m
2026-10-09T12:12:47.4807600Z  [32m✓[39m src/experimental/RevisionIntelligencePanel.test.tsx [2m([22m[2m10 tests[22m[2m)[22m[33m 1787[2mms[22m[39m
2026-10-09T12:12:47.4837687Z    [33m[2m✓[22m[39m captures original PM selection, previews two accepted blocks, and requires explicit confirmation [33m523[2mms[22m[39m
2026-10-09T12:12:47.4857261Z    [33m[2m✓[22m[39m preserves candidates on source conflict and invalidates stale approval after editing choices [33m318[2mms[22m[39m
2026-10-09T12:12:47.4877380Z    [33m[2m✓[22m[39m reuses exact author preview and blocks extra generated paragraphs from automatic candidate import [33m308[2mms[22m[39m
2026-10-09T12:12:47.4917394Z    [33m[2m✓[22m[39m compares real-version pins and explicitly labels imported model interpretations [33m407[2mms[22m[39m
2026-10-09T12:12:48.9187081Z  [32m✓[39m src/ui/AppShell.test.tsx [2m([22m[2m19 tests[22m[2m)[22m[33m 819[2mms[22m[39m
2026-10-09T12:12:49.6286527Z  [32m✓[39m src/novel/ImageGenerationPanel.test.tsx [2m([22m[2m10 tests[22m[2m)[22m[33m 761[2mms[22m[39m
2026-10-09T12:12:50.9567041Z  [32m✓[39m src/experimental/InteractiveStoryPanel.test.tsx [2m([22m[2m11 tests[22m[2m)[22m[33m 2431[2mms[22m[39m
2026-10-09T12:12:50.9569467Z    [33m[2m✓[22m[39m authors Unicode choices and typed variables then saves exact original IDs and scope [33m631[2mms[22m[39m
2026-10-09T12:12:50.9571661Z    [33m[2m✓[22m[39m actually plays server-returned choices to an ending, and resets bounded state [33m351[2mms[22m[39m
2026-10-09T12:12:50.9573699Z    [33m[2m✓[22m[39m requires exact review preview and drops receipt when edited [33m459[2mms[22m[39m
2026-10-09T12:12:51.4901424Z  [32m✓[39m src/novel/StoryRecordVersionEditor.test.tsx [2m([22m[2m14 tests[22m[2m)[22m[33m 1169[2mms[22m[39m
2026-10-09T12:12:53.1267460Z  [32m✓[39m src/AppAuthorTaskNavigation.test.tsx [2m([22m[2m10 tests[22m[2m)[22m[33m 1559[2mms[22m[39m
2026-10-09T12:12:53.1270072Z    [33m[2m✓[22m[39m opens the exact original text job without broker or recovery flags, generation or acceptance [33m357[2mms[22m[39m
2026-10-09T12:12:53.4238805Z  [32m✓[39m src/experimental/ProductionLineagePanel.test.tsx [2m([22m[2m11 tests[22m[2m)[22m[33m 1244[2mms[22m[39m
2026-10-09T12:12:53.8947441Z  [32m✓[39m src/novel/AuthorRequestPreviewPanel.test.tsx [2m([22m[2m11 tests[22m[2m)[22m[33m 815[2mms[22m[39m
2026-10-09T12:12:56.0544524Z  [32m✓[39m src/experimental/WriterRoomPanel.test.tsx [2m([22m[2m9 tests[22m[2m)[22m[33m 1694[2mms[22m[39m
2026-10-09T12:12:56.0546226Z    [33m[2m✓[22m[39m renders actual task progress and responsible change-request round trip without domain approval [33m705[2mms[22m[39m
2026-10-09T12:12:56.3226412Z  [32m✓[39m src/experimental/ReaderSessionPanels.test.tsx [2m([22m[2m9 tests[22m[2m)[22m[33m 1240[2mms[22m[39m
2026-10-09T12:12:56.3243478Z    [33m[2m✓[22m[39m U11 real client request contracts[2m > [22msubmits bounded literal rule configuration and status-only preflight with no editor content [33m334[2mms[22m[39m
2026-10-09T12:12:57.0061623Z  [32m✓[39m src/experimental/MultilingualEditionsPanel.test.tsx [2m([22m[2m10 tests[22m[2m)[22m[33m 2225[2mms[22m[39m
2026-10-09T12:12:57.0064094Z    [33m[2m✓[22m[39m manual bilingual save→review→exact acceptance with RTL and no model calls [33m776[2mms[22m[39m
2026-10-09T12:12:58.4241122Z  [32m✓[39m src/experimental/SafeBatchesPanel.test.tsx [2m([22m[2m10 tests[22m[2m)[22m[33m 965[2mms[22m[39m
2026-10-09T12:12:58.4865643Z  [32m✓[39m src/novel/ResearchPanel.test.tsx [2m([22m[2m14 tests[22m[2m)[22m[33m 1151[2mms[22m[39m
2026-10-09T12:12:59.9676484Z  [32m✓[39m src/novel/ScreenplayPanel.test.tsx [2m([22m[2m17 tests[22m[2m)[22m[33m 1467[2mms[22m[39m
2026-10-09T12:13:01.0171571Z  [32m✓[39m src/manualPromptConsent.test.tsx [2m([22m[2m17 tests[22m[2m)[22m[33m 1237[2mms[22m[39m
2026-10-09T12:13:02.0233274Z  [32m✓[39m src/experimental/ResearchLibraryPanel.test.tsx [2m([22m[2m10 tests[22m[2m)[22m[33m 2266[2mms[22m[39m
2026-10-09T12:13:02.0236624Z    [33m[2m✓[22m[39m keeps original input on stale-source conflict and requires fresh citation selection [33m350[2mms[22m[39m
2026-10-09T12:13:02.8181910Z  [32m✓[39m src/experimental/StoryGraphPanel.test.tsx [2m([22m[2m8 tests[22m[2m)[22m[33m 1504[2mms[22m[39m
2026-10-09T12:13:02.8199847Z    [33m[2m✓[22m[39m creates a typed relation with selected real IDs, no raw JSON form [33m350[2mms[22m[39m
2026-10-09T12:13:02.8202393Z    [33m[2m✓[22m[39m uses explicit knowledge changes and marks uninferred motives as hypotheses [33m356[2mms[22m[39m
2026-10-09T12:13:03.9642839Z  [32m✓[39m src/experimental/ComicLayoutsPanel.test.tsx [2m([22m[2m8 tests[22m[2m)[22m[33m 1605[2mms[22m[39m
2026-10-09T12:13:03.9645513Z    [33m[2m✓[22m[39m mount is read-only; hand-edited numeric geometry reuses original source IDs and supports undo [33m459[2mms[22m[39m
2026-10-09T12:13:03.9647955Z    [33m[2m✓[22m[39m approves only displayed current pixels with exact digest and downloads only the approved version [33m368[2mms[22m[39m
2026-10-09T12:13:04.3585016Z  [32m✓[39m src/experimental/Wave5TemplatesSdkComics.test.tsx [2m([22m[2m4 tests[22m[2m)[22m[33m 1047[2mms[22m[39m
2026-10-09T12:13:04.3588037Z    [33m[2m✓[22m[39m combines legacy and extended catalogs, filters exact types and copies Agent to original definition without execution [33m301[2mms[22m[39m
2026-10-09T12:13:04.3590901Z    [33m[2m✓[22m[39m Agent runtime and capability requirements persist alongside finite input/output schemas, never granting a runtime [33m392[2mms[22m[39m
2026-10-09T12:13:05.2310323Z  [32m✓[39m src/creative/AIDirectorPanel.test.tsx [2m([22m[2m10 tests[22m[2m)[22m[33m 839[2mms[22m[39m
2026-10-09T12:13:05.2316741Z    [33m[2m✓[22m[39m AI director local proposal and explicit review[2m > [22mhonestly prepares local rules without model calls and requires reviewed edited output before adoption [33m324[2mms[22m[39m
2026-10-09T12:13:07.2847692Z  [32m✓[39m src/experimental/ProjectForksPanel.test.tsx [2m([22m[2m6 tests[22m[2m)[22m[33m 741[2mms[22m[39m
2026-10-09T12:13:07.7486389Z  [32m✓[39m src/novel/ExportPanel.test.tsx [2m([22m[2m12 tests[22m[2m)[22m[33m 2029[2mms[22m[39m
2026-10-09T12:13:07.7516829Z    [33m[2m✓[22m[39m ExportPanel industry formats[2m > [22msubmits Fountain 剧本 through the authenticated durable queue [33m380[2mms[22m[39m
2026-10-09T12:13:07.8202213Z  [32m✓[39m src/experimental/ModelTaskReopen.test.tsx [2m([22m[2m16 tests[22m[2m)[22m[33m 2173[2mms[22m[39m
2026-10-09T12:13:07.8204479Z    [33m[2m✓[22m[39m 'simulator' reopens the exact receipt, handles missing/back and never replays [33m400[2mms[22m[39m
2026-10-09T12:13:07.8206900Z    [33m[2m✓[22m[39m Workbench forwards 'simulator' only for its original owner [33m334[2mms[22m[39m
2026-10-09T12:13:07.8208258Z    [33m[2m✓[22m[39m translation locates its exact receipt without overwriting a dirty bilingual draft [33m336[2mms[22m[39m
2026-10-09T12:13:09.5740110Z  [32m✓[39m src/experimental/StyleAnalysisModelPanel.test.tsx [2m([22m[2m7 tests[22m[2m)[22m[33m 504[2mms[22m[39m
2026-10-09T12:13:09.7067645Z  [32m✓[39m src/experimental/VoiceSubtitlePanels.test.tsx [2m([22m[2m7 tests[22m[2m)[22m[33m 1113[2mms[22m[39m
2026-10-09T12:13:09.7068843Z    [33m[2m✓[22m[39m captures actor/branch and reviewed text with literal pronunciation without unsolicited generation [33m356[2mms[22m[39m
2026-10-09T12:13:10.5407954Z  [32m✓[39m src/experimental/LanguageTranslationPanel.test.tsx [2m([22m[2m5 tests[22m[2m)[22m[33m 1498[2mms[22m[39m
2026-10-09T12:13:10.5409720Z    [33m[2m✓[22m[39m exact preview, explicit single dispatch, original recovery and separate adopt consent [33m429[2mms[22m[39m
2026-10-09T12:13:10.5426954Z    [33m[2m✓[22m[39m adoption updates visible saved draft while requiring separate submit and review [33m776[2mms[22m[39m
2026-10-09T12:13:11.4716328Z  [2m[90m↓[39m[22m src/experimental/ExperimentalWorkbench.http.test.tsx [2m([22m[2m6 tests[22m[2m | [22m[33m6 skipped[39m[2m)[22m
2026-10-09T12:13:11.7435532Z  [32m✓[39m src/experimental/ChangeImpactPanel.test.tsx [2m([22m[2m8 tests[22m[2m)[22m[33m 893[2mms[22m[39m
2026-10-09T12:13:11.7467611Z    [33m[2m✓[22m[39m ChangeImpactPanel explicit scoped actions[2m > [22mshows exact/unknown evidence and preflights only explicitly selected nodes, never auto executes [33m301[2mms[22m[39m
2026-10-09T12:13:13.2925998Z  [32m✓[39m src/experimental/StructuredForksPanel.test.tsx [2m([22m[2m7 tests[22m[2m)[22m[33m 641[2mms[22m[39m
2026-10-09T12:13:13.4833217Z  [32m✓[39m src/experimental/NarrativeJudgeContinuationPanels.test.tsx [2m([22m[2m6 tests[22m[2m)[22m[33m 497[2mms[22m[39m
2026-10-09T12:13:14.1801952Z  [32m✓[39m src/experimental/StructuredSearchNavigation.test.tsx [2m([22m[2m12 tests[22m[2m)[22m[33m 2104[2mms[22m[39m
2026-10-09T12:13:14.1804527Z    [33m[2m✓[22m[39m resolves organization with its exact original owner and original ID [33m501[2mms[22m[39m
2026-10-09T12:13:14.1806681Z    [33m[2m✓[22m[39m resolves rule with its exact original owner and original ID [33m329[2mms[22m[39m
2026-10-09T12:13:14.1808515Z    [33m[2m✓[22m[39m resolves story_graph with its exact original owner and original ID [33m307[2mms[22m[39m
2026-10-09T12:13:14.1810367Z    [33m[2m✓[22m[39m resolves asset with its exact original owner and original ID [33m318[2mms[22m[39m
2026-10-09T12:13:15.6045821Z  [32m✓[39m src/novel/AIPlanningPanel.project.test.tsx [2m([22m[2m11 tests[22m[2m)[22m[33m 835[2mms[22m[39m
2026-10-09T12:13:16.0257360Z  [32m✓[39m src/AppBrokerRecovery.test.tsx [2m([22m[2m4 tests[22m[2m)[22m[33m 778[2mms[22m[39m
2026-10-09T12:13:16.0276879Z    [33m[2m✓[22m[39m opens an existing broker job only after fresh authorization and retains original review actions [33m361[2mms[22m[39m
2026-10-09T12:13:16.4754179Z  [32m✓[39m src/novel/EntryExperience.test.tsx [2m([22m[2m10 tests[22m[2m)[22m[33m 899[2mms[22m[39m
2026-10-09T12:13:17.4488588Z  [32m✓[39m src/novel/LocalHostSessionPanel.test.tsx [2m([22m[2m9 tests[22m[2m)[22m[33m 430[2mms[22m[39m
2026-10-09T12:13:17.8114559Z  [32m✓[39m src/novel/PluginInspector.test.tsx [2m([22m[2m8 tests[22m[2m)[22m[33m 456[2mms[22m[39m
2026-10-09T12:13:18.6308871Z  [32m✓[39m src/experimental/BranchManuscriptPanel.test.tsx [2m([22m[2m6 tests[22m[2m)[22m[33m 581[2mms[22m[39m
2026-10-09T12:13:20.0194376Z  [32m✓[39m src/novel/AiWritingPanel.test.tsx [2m([22m[2m12 tests[22m[2m)[22m[33m 834[2mms[22m[39m
2026-10-09T12:13:20.0390790Z  [32m✓[39m src/novel/MultimodalDirectorWorkspace.test.tsx [2m([22m[2m11 tests[22m[2m)[22m[33m 1125[2mms[22m[39m
2026-10-09T12:13:20.4820423Z  [32m✓[39m src/novel/FirstUsePanel.test.tsx [2m([22m[2m8 tests[22m[2m)[22m[33m 448[2mms[22m[39m
2026-10-09T12:13:21.7897316Z  [32m✓[39m src/novel/WorkflowScopeGuards.test.tsx [2m([22m[2m20 tests[22m[2m)[22m[33m 601[2mms[22m[39m
2026-10-09T12:13:21.8067451Z  [32m✓[39m src/experimental/WorkspaceInteractionPanel.test.tsx [2m([22m[2m13 tests[22m[2m)[22m[33m 612[2mms[22m[39m
2026-10-09T12:13:23.0494807Z  [32m✓[39m src/experimental/MediaPanel.continuation.test.tsx [2m([22m[2m6 tests[22m[2m)[22m[33m 1262[2mms[22m[39m
2026-10-09T12:13:23.0497855Z    [33m[2m✓[22m[39m uses original project character and screenplay/shot choices, including source CAS [33m360[2mms[22m[39m
2026-10-09T12:13:23.6786974Z  [32m✓[39m src/experimental/AdapterReceiptProjection.test.tsx [2m([22m[2m8 tests[22m[2m)[22m[33m 548[2mms[22m[39m
2026-10-09T12:13:25.1304460Z  [32m✓[39m src/experimental/MediaPanel.recovery.test.tsx [2m([22m[2m7 tests[22m[2m)[22m[33m 748[2mms[22m[39m
2026-10-09T12:13:25.1330706Z    [33m[2m✓[22m[39m media promotion checkpoint recovery[2m > [22mmakes interrupted cover approval recoverable with Inbox disabled, only after explicit action [33m320[2mms[22m[39m
2026-10-09T12:13:25.7958154Z  [32m✓[39m src/experimental/WorkspaceSearch.test.tsx [2m([22m[2m6 tests[22m[2m)[22m[33m 2824[2mms[22m[39m
2026-10-09T12:13:25.7961097Z    [33m[2m✓[22m[39m sends scoped filters, pages and a safe rebuild through the captured client [33m956[2mms[22m[39m
2026-10-09T12:13:25.7963550Z    [33m[2m✓[22m[39m cancels server work, drops late bodies/counts/suggestions, and permits retry [33m350[2mms[22m[39m
2026-10-09T12:13:25.7966073Z    [33m[2m✓[22m[39m withholds source text and autocomplete after a revoked refresh or resolve [33m347[2mms[22m[39m
2026-10-09T12:13:25.7968241Z    [33m[2m✓[22m[39m does not search unfinished IME composition and submits the completed Chinese text [33m680[2mms[22m[39m
2026-10-09T12:13:26.7221404Z  [32m✓[39m src/AppStorySourceNavigation.test.tsx [2m([22m[2m9 tests[22m[2m)[22m[33m 1420[2mms[22m[39m
2026-10-09T12:13:26.7223335Z    [33m[2m✓[22m[39m reads the exact chapter through original authority before normal App hydration [33m317[2mms[22m[39m
2026-10-09T12:13:26.9530187Z  [32m✓[39m src/interop/client.test.ts [2m([22m[2m10 tests[22m[2m)[22m[90m 30[2mms[22m[39m
2026-10-09T12:13:27.0162298Z  [32m✓[39m src/novel/AuthorSourcePicker.test.tsx [2m([22m[2m5 tests[22m[2m)[22m[33m 664[2mms[22m[39m
2026-10-09T12:13:28.2867479Z  [32m✓[39m src/experimental/NarrativeJudgeModelPanel.test.tsx [2m([22m[2m6 tests[22m[2m)[22m[33m 392[2mms[22m[39m
2026-10-09T12:13:28.8229335Z  [32m✓[39m src/experimental/PortableProjectsPanel.maintenance.test.tsx [2m([22m[2m5 tests[22m[2m)[22m[33m 616[2mms[22m[39m
2026-10-09T12:13:30.4007401Z  [32m✓[39m src/novel/PendingCanonReviewPanel.test.tsx [2m([22m[2m7 tests[22m[2m)[22m[33m 715[2mms[22m[39m
2026-10-09T12:13:30.4027292Z    [33m[2m✓[22m[39m original Canon review surface[2m > [22mrequires human review, closes without write, and deduplicates clicks with exact CAS evidence [33m370[2mms[22m[39m
2026-10-09T12:13:30.4412675Z  [32m✓[39m src/WorkspaceAdminPanel.test.tsx [2m([22m[2m6 tests[22m[2m)[22m[33m 301[2mms[22m[39m
2026-10-09T12:13:30.4459600Z  [32m✓[39m src/novel/StoryRecordLifecycle.test.tsx [2m([22m[2m20 tests[22m[2m)[22m[33m 2064[2mms[22m[39m
2026-10-09T12:13:32.0187653Z  [32m✓[39m src/novel/AiContextPreviewPanel.test.tsx [2m([22m[2m6 tests[22m[2m)[22m[33m 392[2mms[22m[39m
2026-10-09T12:13:32.2964188Z  [32m✓[39m src/novel/ScreenplayPanel.revision.test.tsx [2m([22m[2m5 tests[22m[2m)[22m[33m 577[2mms[22m[39m
2026-10-09T12:13:32.3581623Z  [32m✓[39m src/experimental/WorkflowInspectionPanel.test.tsx [2m([22m[2m6 tests[22m[2m)[22m[33m 651[2mms[22m[39m
2026-10-09T12:13:32.3584763Z    [33m[2m✓[22m[39m WorkflowInspectionPanel passive API flow[2m > [22msends actual imported JSON to scoped API and shows unavailable execution honestly [33m308[2mms[22m[39m
2026-10-09T12:13:33.8721184Z  [32m✓[39m src/experimental/PortableProjectsPanel.test.tsx [2m([22m[2m5 tests[22m[2m)[22m[33m 643[2mms[22m[39m
2026-10-09T12:13:35.4469629Z  [32m✓[39m src/AppAdaptationNavigation.test.tsx [2m([22m[2m12 tests[22m[2m)[22m[33m 1170[2mms[22m[39m
2026-10-09T12:13:35.8815625Z  [32m✓[39m src/novel/ExportPanel.scope.test.tsx [2m([22m[2m13 tests[22m[2m)[22m[33m 2224[2mms[22m[39m
2026-10-09T12:13:35.8818114Z    [33m[2m✓[22m[39m ExportPanel scope isolation[2m > [22mdiscards a late creation after a project change [33m332[2mms[22m[39m
2026-10-09T12:13:35.9085807Z  [32m✓[39m src/experimental/EmbeddingPanel.continuation.test.tsx [2m([22m[2m5 tests[22m[2m)[22m[33m 762[2mms[22m[39m
2026-10-09T12:13:35.9088099Z    [33m[2m✓[22m[39m picks a scoped real research source without raw IDs and does not simulate embeddings [33m355[2mms[22m[39m
2026-10-09T12:13:37.0478254Z  [32m✓[39m src/AIEnvironmentSummary.test.tsx [2m([22m[2m7 tests[22m[2m)[22m[90m 289[2mms[22m[39m
2026-10-09T12:13:37.7210228Z  [32m✓[39m src/novel/FindingReviewPanel.test.tsx [2m([22m[2m5 tests[22m[2m)[22m[33m 564[2mms[22m[39m
2026-10-09T12:13:37.7218691Z    [33m[2m✓[22m[39m source-bound finding review[2m > [22mrequires reason and human confirmation, cancellation writes nothing, and submits exact CAS tokens [33m349[2mms[22m[39m
2026-10-09T12:13:37.9704219Z  [32m✓[39m src/experimental/RegisteredMediaPanel.test.tsx [2m([22m[2m4 tests[22m[2m)[22m[33m 901[2mms[22m[39m
2026-10-09T12:13:37.9736971Z    [33m[2m✓[22m[39m selects a registered original image route and queues exactly one seeded task without inference [33m346[2mms[22m[39m
2026-10-09T12:13:38.8509480Z  [32m✓[39m src/ConflictDialog.test.tsx [2m([22m[2m6 tests[22m[2m)[22m[90m 101[2mms[22m[39m
2026-10-09T12:13:38.9336943Z  [32m✓[39m src/novel/AdaptationPanel.test.tsx [2m([22m[2m6 tests[22m[2m)[22m[33m 554[2mms[22m[39m
2026-10-09T12:13:39.5527758Z  [32m✓[39m src/novel/AIPlanningPanel.test.tsx [2m([22m[2m6 tests[22m[2m)[22m[33m 356[2mms[22m[39m
2026-10-09T12:13:40.5263401Z  [32m✓[39m src/experimental/RevisionComparisonModelPanel.test.tsx [2m([22m[2m4 tests[22m[2m)[22m[90m 243[2mms[22m[39m
2026-10-09T12:13:40.6159168Z  [32m✓[39m src/novel/AudiobookManifestPanel.test.tsx [2m([22m[2m4 tests[22m[2m)[22m[33m 448[2mms[22m[39m
2026-10-09T12:13:41.5607352Z  [32m✓[39m src/novel/CharacterAuthorPanel.test.tsx [2m([22m[2m3 tests[22m[2m)[22m[33m 559[2mms[22m[39m
2026-10-09T12:13:41.5637134Z    [33m[2m✓[22m[39m excludes source/style/plan before requesting character preview and disables unsupported operations [33m348[2mms[22m[39m
2026-10-09T12:13:41.9967582Z  [32m✓[39m src/novel/VideoTimeline.test.tsx [2m([22m[2m12 tests[22m[2m)[22m[90m 194[2mms[22m[39m
2026-10-09T12:13:42.4666491Z  [32m✓[39m src/novel/AdaptationLifecycleControls.test.tsx [2m([22m[2m4 tests[22m[2m)[22m[33m 549[2mms[22m[39m
2026-10-09T12:13:43.6191459Z  [32m✓[39m src/novel/AiWritingVariants.test.tsx [2m([22m[2m6 tests[22m[2m)[22m[33m 518[2mms[22m[39m
2026-10-09T12:13:43.9210341Z  [32m✓[39m src/experimental/DirectorPanel.test.tsx [2m([22m[2m3 tests[22m[2m)[22m[33m 689[2mms[22m[39m
2026-10-09T12:13:43.9267001Z    [33m[2m✓[22m[39m mount is read-only and manual candidate save keeps original source versions [33m443[2mms[22m[39m
2026-10-09T12:13:45.2207197Z  [32m✓[39m src/novel/AuthorSourceItems.test.tsx [2m([22m[2m4 tests[22m[2m)[22m[33m 339[2mms[22m[39m
2026-10-09T12:13:45.2347940Z  [32m✓[39m src/novel/ExportPanel.recovery.test.tsx [2m([22m[2m4 tests[22m[2m)[22m[33m 1318[2mms[22m[39m
2026-10-09T12:13:45.2349270Z    [33m[2m✓[22m[39m rediscovers the same durable job and snapshot after full remount and downloads it [33m718[2mms[22m[39m
2026-10-09T12:13:45.6147483Z  [32m✓[39m src/creative/DirectorModelControls.test.tsx [2m([22m[2m3 tests[22m[2m)[22m[33m 328[2mms[22m[39m
2026-10-09T12:13:46.5627112Z  [32m✓[39m src/drafts.test.ts [2m([22m[2m6 tests[22m[2m)[22m[90m 52[2mms[22m[39m
2026-10-09T12:13:46.8519070Z  [32m✓[39m src/experimental/TimelineExchangePanel.test.tsx [2m([22m[2m4 tests[22m[2m)[22m[33m 461[2mms[22m[39m
2026-10-09T12:13:47.4521195Z  [32m✓[39m src/experimental/PlanningPanel.recovery.test.tsx [2m([22m[2m2 tests[22m[2m)[22m[33m 1017[2mms[22m[39m
2026-10-09T12:13:47.4527673Z    [33m[2m✓[22m[39m planning same-node version recovery[2m > [22mretains local edits after external change and only rebases through an explicit action [33m641[2mms[22m[39m
2026-10-09T12:13:47.4535888Z    [33m[2m✓[22m[39m planning same-node version recovery[2m > [22mretains local edits after proposal approval and only rebases through an explicit action [33m374[2mms[22m[39m
2026-10-09T12:13:48.2906930Z  [32m✓[39m src/interop/DesktopIntegrationDetails.test.tsx [2m([22m[2m19 tests[22m[2m)[22m[33m 499[2mms[22m[39m
2026-10-09T12:13:48.9928252Z  [32m✓[39m src/WorkspaceManagement.test.tsx [2m([22m[2m5 tests[22m[2m)[22m[90m 177[2mms[22m[39m
2026-10-09T12:13:49.7375863Z  [32m✓[39m src/AppProjectStory.test.tsx [2m([22m[2m4 tests[22m[2m)[22m[33m 888[2mms[22m[39m
2026-10-09T12:13:49.7378633Z    [33m[2m✓[22m[39m the actual App navigation opens the project Story database without requiring a chapter [33m339[2mms[22m[39m
2026-10-09T12:13:50.0737533Z  [32m✓[39m src/novel/AgentTeamPanel.additional.test.tsx [2m([22m[2m5 tests[22m[2m)[22m[33m 503[2mms[22m[39m
2026-10-09T12:13:50.4682275Z  [32m✓[39m src/experimental/TranslationMemoryPanel.test.tsx [2m([22m[2m4 tests[22m[2m)[22m[90m 264[2mms[22m[39m
2026-10-09T12:13:51.5047494Z  [32m✓[39m src/Editor.anchor.test.tsx [2m([22m[2m3 tests[22m[2m)[22m[90m 294[2mms[22m[39m
2026-10-09T12:13:51.5977354Z  [32m✓[39m src/novel/MotionTaskWorkspace.test.tsx [2m([22m[2m5 tests[22m[2m)[22m[33m 320[2mms[22m[39m
2026-10-09T12:13:51.8177435Z  [32m✓[39m src/novel/NovelImportPanel.test.tsx [2m([22m[2m3 tests[22m[2m)[22m[90m 153[2mms[22m[39m
2026-10-09T12:13:52.9850436Z  [32m✓[39m src/ui/MediaProviderSettings.test.tsx [2m([22m[2m3 tests[22m[2m)[22m[90m 184[2mms[22m[39m
2026-10-09T12:13:53.0750148Z  [32m✓[39m src/novel/VisualReferencePanel.test.tsx [2m([22m[2m3 tests[22m[2m)[22m[33m 403[2mms[22m[39m
2026-10-09T12:13:53.8533225Z  [32m✓[39m src/ui/FeatureLauncher.test.tsx [2m([22m[2m5 tests[22m[2m)[22m[33m 717[2mms[22m[39m
2026-10-09T12:13:54.2661394Z  [32m✓[39m src/RevisionPanel.test.tsx [2m([22m[2m4 tests[22m[2m)[22m[90m 182[2mms[22m[39m
2026-10-09T12:13:54.8493052Z  [32m✓[39m src/experimental/SharedUniversePanel.test.tsx [2m([22m[2m3 tests[22m[2m)[22m[33m 483[2mms[22m[39m
2026-10-09T12:13:54.8517566Z    [33m[2m✓[22m[39m source preview has no writes; separate explicit pin approval keeps exact snapshot and CAS [33m335[2mms[22m[39m
2026-10-09T12:13:55.9306230Z  [32m✓[39m src/novel/ImageInfiniteCanvas.test.tsx [2m([22m[2m6 tests[22m[2m)[22m[33m 396[2mms[22m[39m
2026-10-09T12:13:56.2477869Z  [32m✓[39m src/experimental/ResearchLibraryPanel.continuation.test.tsx [2m([22m[2m3 tests[22m[2m)[22m[33m 964[2mms[22m[39m
2026-10-09T12:13:56.2504065Z    [33m[2m✓[22m[39m replaces original file bytes against the selected source version [33m469[2mms[22m[39m
2026-10-09T12:13:56.2516109Z    [33m[2m✓[22m[39m requires explicit review to restore a historical source as a new private version [33m376[2mms[22m[39m
2026-10-09T12:13:56.5226350Z  [32m✓[39m src/novel/ChapterTree.accessibility.test.tsx [2m([22m[2m5 tests[22m[2m)[22m[90m 274[2mms[22m[39m
2026-10-09T12:13:57.7540232Z  [32m✓[39m src/novel/VisualTextWorkflow.test.tsx [2m([22m[2m3 tests[22m[2m)[22m[90m 192[2mms[22m[39m
2026-10-09T12:13:57.8118045Z  [32m✓[39m src/creative/ProductionTimeline.test.tsx [2m([22m[2m4 tests[22m[2m)[22m[33m 482[2mms[22m[39m
2026-10-09T12:13:57.8120919Z    [33m[2m✓[22m[39m production timeline structured planning[2m > [22mreorders full segments without changing shot identity, timing, or notes [33m319[2mms[22m[39m
2026-10-09T12:13:58.1694553Z  [32m✓[39m src/novel/ChapterTree.test.tsx [2m([22m[2m5 tests[22m[2m)[22m[33m 366[2mms[22m[39m
2026-10-09T12:13:59.3677304Z  [32m✓[39m src/experimental/TaskOwnerNavigation.continuation.test.tsx [2m([22m[2m4 tests[22m[2m)[22m[33m 343[2mms[22m[39m
2026-10-09T12:13:59.3947363Z  [32m✓[39m src/Editor.recovery.test.tsx [2m([22m[2m4 tests[22m[2m)[22m[90m 280[2mms[22m[39m
2026-10-09T12:14:00.5485015Z  [32m✓[39m src/AppWritingGoalRecovery.test.tsx [2m([22m[2m4 tests[22m[2m)[22m[33m 451[2mms[22m[39m
2026-10-09T12:14:00.6704084Z  [32m✓[39m src/novel/useMultimodalWorkspacePersistence.test.ts [2m([22m[2m7 tests[22m[2m)[22m[90m 50[2mms[22m[39m
2026-10-09T12:14:00.7939077Z  [32m✓[39m src/novel/DirectorShotList.test.tsx [2m([22m[2m6 tests[22m[2m)[22m[90m 258[2mms[22m[39m
2026-10-09T12:14:01.5477722Z  [32m✓[39m src/localHostSession.test.ts [2m([22m[2m6 tests[22m[2m)[22m[90m 29[2mms[22m[39m
2026-10-09T12:14:02.0118379Z  [32m✓[39m src/PermissionManagement.test.tsx [2m([22m[2m3 tests[22m[2m)[22m[90m 117[2mms[22m[39m
2026-10-09T12:14:02.2568251Z  [32m✓[39m src/novel/CreationWorkbenchPanel.test.tsx [2m([22m[2m4 tests[22m[2m)[22m[33m 352[2mms[22m[39m
2026-10-09T12:14:03.1662716Z  [32m✓[39m src/novel/WorldTimelineView.test.tsx [2m([22m[2m3 tests[22m[2m)[22m[33m 301[2mms[22m[39m
2026-10-09T12:14:03.7266739Z  [32m✓[39m src/experimental/ExperimentalWorkbench.continuation.test.tsx [2m([22m[2m5 tests[22m[2m)[22m[90m 178[2mms[22m[39m
2026-10-09T12:14:03.8267608Z  [32m✓[39m src/novel/A43ChapterIdentity.test.tsx [2m([22m[2m2 tests[22m[2m)[22m[90m 240[2mms[22m[39m
2026-10-09T12:14:04.6937591Z  [32m✓[39m src/Editor.a43-rich.test.tsx [2m([22m[2m3 tests[22m[2m)[22m[90m 199[2mms[22m[39m
2026-10-09T12:14:05.2788007Z  [32m✓[39m src/ui/primitives.test.tsx [2m([22m[2m4 tests[22m[2m)[22m[90m 175[2mms[22m[39m
2026-10-09T12:14:05.5527045Z  [32m✓[39m src/novel/AssetLibraryPanel.test.tsx [2m([22m[2m4 tests[22m[2m)[22m[33m 353[2mms[22m[39m
2026-10-09T12:14:05.9675834Z  [32m✓[39m src/ui/SaveControls.test.tsx [2m([22m[2m5 tests[22m[2m)[22m[90m 60[2mms[22m[39m
2026-10-09T12:14:07.1764729Z  [32m✓[39m src/novel/ChapterTree.lifecycle.test.tsx [2m([22m[2m5 tests[22m[2m)[22m[33m 549[2mms[22m[39m
2026-10-09T12:14:07.1936448Z  [32m✓[39m src/novel/AgentTeamPanel.test.tsx [2m([22m[2m2 tests[22m[2m)[22m[90m 286[2mms[22m[39m
2026-10-09T12:14:07.3376308Z  [32m✓[39m src/novel/SourcePrivacyControl.test.tsx [2m([22m[2m2 tests[22m[2m)[22m[90m 205[2mms[22m[39m
2026-10-09T12:14:08.6017428Z  [32m✓[39m src/novel/WorldRelationshipGraph.test.tsx [2m([22m[2m4 tests[22m[2m)[22m[33m 306[2mms[22m[39m
2026-10-09T12:14:08.8276969Z  [32m✓[39m src/novel/WorkflowPanel.test.tsx [2m([22m[2m2 tests[22m[2m)[22m[33m 418[2mms[22m[39m
2026-10-09T12:14:08.8304390Z    [33m[2m✓[22m[39m publishes loaded workflow runs and focuses their real workspace [33m327[2mms[22m[39m
2026-10-09T12:14:09.4743272Z  [32m✓[39m src/RevisionHistory.independent-audit.test.tsx [2m([22m[2m3 tests[22m[2m)[22m[90m 210[2mms[22m[39m
2026-10-09T12:14:10.2657431Z  [32m✓[39m src/novel/WorldBuildingDashboard.test.tsx [2m([22m[2m4 tests[22m[2m)[22m[33m 345[2mms[22m[39m
2026-10-09T12:14:10.3227101Z  [32m✓[39m src/novel/SpeechSynthesisPanel.test.tsx [2m([22m[2m3 tests[22m[2m)[22m[90m 254[2mms[22m[39m
2026-10-09T12:14:11.7853624Z  [32m✓[39m src/experimental/VoiceDirectionPanel.continuation.test.tsx [2m([22m[2m3 tests[22m[2m)[22m[33m 303[2mms[22m[39m
2026-10-09T12:14:11.7973960Z  [32m✓[39m src/AppWorldSummary.test.tsx [2m([22m[2m3 tests[22m[2m)[22m[33m 525[2mms[22m[39m
2026-10-09T12:14:11.7976268Z    [33m[2m✓[22m[39m shows and edits the same world_summary owner used by an adopted model proposal [33m305[2mms[22m[39m
2026-10-09T12:14:12.0845121Z  [32m✓[39m src/experimental/EmbeddingPanel.hybrid.test.tsx [2m([22m[2m2 tests[22m[2m)[22m[33m 405[2mms[22m[39m
2026-10-09T12:14:12.0848392Z    [33m[2m✓[22m[39m uses the hybrid endpoint with captured index version and preserves conflict input [33m334[2mms[22m[39m
2026-10-09T12:14:12.8567595Z  [32m✓[39m src/AuditColdStorage.test.ts [2m([22m[2m4 tests[22m[2m)[22m[90m 74[2mms[22m[39m
2026-10-09T12:14:13.3299783Z  [32m✓[39m src/novel/GenerationWorkflowTimeline.test.tsx [2m([22m[2m7 tests[22m[2m)[22m[90m 189[2mms[22m[39m
2026-10-09T12:14:13.6855661Z  [32m✓[39m src/ui/ModuleWorkspaceRoutes.test.tsx [2m([22m[2m7 tests[22m[2m)[22m[90m 297[2mms[22m[39m
2026-10-09T12:14:14.8947430Z  [32m✓[39m src/StorySearchNavigation.test.tsx [2m([22m[2m1 test[22m[2m)[22m[90m 143[2mms[22m[39m
2026-10-09T12:14:14.9831228Z  [32m✓[39m src/novel/ImageQueuePanel.test.tsx [2m([22m[2m2 tests[22m[2m)[22m[33m 331[2mms[22m[39m
2026-10-09T12:14:15.0664397Z  [32m✓[39m src/experimental/DeferredExperimentalWorkbench.test.tsx [2m([22m[2m2 tests[22m[2m)[22m[90m 181[2mms[22m[39m
2026-10-09T12:14:16.3687623Z  [32m✓[39m src/novel/ContinuityCheckPanel.test.tsx [2m([22m[2m2 tests[22m[2m)[22m[90m 248[2mms[22m[39m
2026-10-09T12:14:16.5798064Z  [32m✓[39m src/experimental/InboxPanel.findings.test.tsx [2m([22m[2m2 tests[22m[2m)[22m[33m 461[2mms[22m[39m
2026-10-09T12:14:16.5801978Z    [33m[2m✓[22m[39m filters original finding/Canon domains and honestly presents formal navigation metadata without generic approval [33m365[2mms[22m[39m
2026-10-09T12:14:16.5865091Z  [32m✓[39m src/novel/DirectorShotCard.test.tsx [2m([22m[2m4 tests[22m[2m)[22m[90m 267[2mms[22m[39m
2026-10-09T12:14:17.6557302Z  [32m✓[39m src/localAiDiscoveryApi.test.ts [2m([22m[2m3 tests[22m[2m)[22m[90m 13[2mms[22m[39m
2026-10-09T12:14:17.8691245Z  [32m✓[39m src/experimental/ProductionLineagePanel.continuation.test.tsx [2m([22m[2m2 tests[22m[2m)[22m[33m 320[2mms[22m[39m
2026-10-09T12:14:18.1406743Z  [32m✓[39m src/experimental/ModelBenchmarkPanel.continuation.test.tsx [2m([22m[2m1 test[22m[2m)[22m[33m 316[2mms[22m[39m
2026-10-09T12:14:18.1408796Z    [33m[2m✓[22m[39m keeps catalog claims distinct and requires explicit bounded user-verification review [33m315[2mms[22m[39m
2026-10-09T12:14:19.1293679Z  [32m✓[39m src/novel/AgentQueuePanel.test.tsx [2m([22m[2m2 tests[22m[2m)[22m[33m 307[2mms[22m[39m
2026-10-09T12:14:19.3794635Z  [32m✓[39m src/novel/ScreenplayPipelinePanel.test.tsx [2m([22m[2m3 tests[22m[2m)[22m[90m 190[2mms[22m[39m
2026-10-09T12:14:19.6412011Z  [32m✓[39m src/novel/RuntimeDiagnostics.test.tsx [2m([22m[2m3 tests[22m[2m)[22m[90m 169[2mms[22m[39m
2026-10-09T12:14:20.6055931Z  [32m✓[39m src/novel/AudioGenerationPanel.test.tsx [2m([22m[2m2 tests[22m[2m)[22m[33m 304[2mms[22m[39m
2026-10-09T12:14:20.8177370Z  [32m✓[39m src/novel/AuthorRequestControls.test.tsx [2m([22m[2m2 tests[22m[2m)[22m[90m 183[2mms[22m[39m
2026-10-09T12:14:21.2391269Z  [32m✓[39m src/novel/VideoTaskInspector.test.tsx [2m([22m[2m3 tests[22m[2m)[22m[90m 157[2mms[22m[39m
2026-10-09T12:14:21.7372314Z  [32m✓[39m src/ui/taskSummary.test.ts [2m([22m[2m4 tests[22m[2m)[22m[90m 9[2mms[22m[39m
2026-10-09T12:14:22.1617197Z  [32m✓[39m src/ui/AiControlCenter.test.tsx [2m([22m[2m1 test[22m[2m)[22m[90m 200[2mms[22m[39m
2026-10-09T12:14:22.6577487Z  [32m✓[39m src/novel/GenerationRecoveryPicker.test.tsx [2m([22m[2m2 tests[22m[2m)[22m[90m 211[2mms[22m[39m
2026-10-09T12:14:23.2257421Z  [32m✓[39m src/interop/entryScopeReview.test.tsx [2m([22m[2m1 test[22m[2m)[22m[90m 229[2mms[22m[39m
2026-10-09T12:14:23.4834664Z  [32m✓[39m src/experimental/shared.test.tsx [2m([22m[2m2 tests[22m[2m)[22m[90m 124[2mms[22m[39m
2026-10-09T12:14:24.1102340Z  [32m✓[39m src/novel/NovelOverviewPanel.test.tsx [2m([22m[2m1 test[22m[2m)[22m[90m 112[2mms[22m[39m
2026-10-09T12:14:24.5388318Z  [32m✓[39m src/generationRecovery.test.ts [2m([22m[2m3 tests[22m[2m)[22m[90m 8[2mms[22m[39m
2026-10-09T12:14:24.6679650Z  [32m✓[39m src/novel/StoryPlanningWorkspace.test.tsx [2m([22m[2m2 tests[22m[2m)[22m[90m 144[2mms[22m[39m
2026-10-09T12:14:25.6785641Z  [32m✓[39m src/interop/entry.test.tsx [2m([22m[2m1 test[22m[2m)[22m[90m 196[2mms[22m[39m
2026-10-09T12:14:26.0064071Z  [32m✓[39m src/experimental/InteractiveStoryHistory.test.tsx [2m([22m[2m1 test[22m[2m)[22m[90m 175[2mms[22m[39m
2026-10-09T12:14:26.1854603Z  [32m✓[39m src/novel/AgentActivityCenter.test.tsx [2m([22m[2m2 tests[22m[2m)[22m[90m 204[2mms[22m[39m
2026-10-09T12:14:26.9984452Z  [32m✓[39m src/workspaceSelection.test.ts [2m([22m[2m3 tests[22m[2m)[22m[90m 6[2mms[22m[39m
2026-10-09T12:14:27.2878456Z  [32m✓[39m src/novel/AssetInspector.test.tsx [2m([22m[2m2 tests[22m[2m)[22m[90m 160[2mms[22m[39m
2026-10-09T12:14:27.5044621Z  [32m✓[39m src/novel/MotionPrivacyPanel.test.tsx [2m([22m[2m1 test[22m[2m)[22m[90m 144[2mms[22m[39m
2026-10-09T12:14:28.2888010Z  [32m✓[39m src/localAiEnvironmentApi.test.ts [2m([22m[2m2 tests[22m[2m)[22m[90m 11[2mms[22m[39m
2026-10-09T12:14:28.3027426Z  [32m✓[39m src/novel/ConstraintImportPreview.test.tsx [2m([22m[2m2 tests[22m[2m)[22m[90m 116[2mms[22m[39m
2026-10-09T12:14:28.9716038Z  [32m✓[39m src/novel/VideoAssemblyPanel.test.tsx [2m([22m[2m1 test[22m[2m)[22m[90m 169[2mms[22m[39m
2026-10-09T12:14:29.4837351Z  [32m✓[39m src/ui/AuthorTerminology.test.tsx [2m([22m[2m2 tests[22m[2m)[22m[90m 28[2mms[22m[39m
2026-10-09T12:14:29.8295826Z  [32m✓[39m src/novel/SceneEditor.test.tsx [2m([22m[2m1 test[22m[2m)[22m[90m 185[2mms[22m[39m
2026-10-09T12:14:30.3099006Z  [32m✓[39m src/novel/AgentResultReview.test.tsx [2m([22m[2m2 tests[22m[2m)[22m[90m 141[2mms[22m[39m
2026-10-09T12:14:30.9998305Z  [32m✓[39m src/experimental/WorldPanel.test.tsx [2m([22m[2m1 test[22m[2m)[22m[90m 266[2mms[22m[39m
2026-10-09T12:14:31.2697662Z  [32m✓[39m src/novel/ForeshadowingEditor.test.tsx [2m([22m[2m1 test[22m[2m)[22m[90m 165[2mms[22m[39m
2026-10-09T12:14:31.6693122Z  [32m✓[39m src/experimental/revisionLocks.test.ts [2m([22m[2m2 tests[22m[2m)[22m[90m 87[2mms[22m[39m
2026-10-09T12:14:32.1425696Z  [32m✓[39m src/novel/ScreenplayPanel.motion-binding.test.ts [2m([22m[2m2 tests[22m[2m)[22m[90m 7[2mms[22m[39m
2026-10-09T12:14:32.7360504Z  [32m✓[39m src/novel/StoryDatabase.test.tsx [2m([22m[2m2 tests[22m[2m)[22m[90m 135[2mms[22m[39m
2026-10-09T12:14:32.8981337Z  [32m✓[39m src/novel/useMultimodalBindingManifest.test.ts [2m([22m[2m2 tests[22m[2m)[22m[90m 31[2mms[22m[39m
2026-10-09T12:14:33.7927408Z  [32m✓[39m src/novel/StoryRecordNavigation.test.tsx [2m([22m[2m2 tests[22m[2m)[22m[90m 291[2mms[22m[39m
2026-10-09T12:14:34.2324812Z  [32m✓[39m src/novel/ImageTaskInspector.test.tsx [2m([22m[2m2 tests[22m[2m)[22m[90m 133[2mms[22m[39m
2026-10-09T12:14:34.4558398Z  [32m✓[39m src/novel/VisualContextPanel.test.tsx [2m([22m[2m2 tests[22m[2m)[22m[90m 82[2mms[22m[39m
2026-10-09T12:14:35.3591515Z  [32m✓[39m src/novel/RelationshipEditor.test.tsx [2m([22m[2m1 test[22m[2m)[22m[90m 238[2mms[22m[39m
2026-10-09T12:14:35.6657865Z  [32m✓[39m src/novel/TimelineEditor.test.tsx [2m([22m[2m1 test[22m[2m)[22m[90m 212[2mms[22m[39m
2026-10-09T12:14:35.9936535Z  [32m✓[39m src/novel/OutlineEditor.test.tsx [2m([22m[2m1 test[22m[2m)[22m[90m 170[2mms[22m[39m
2026-10-09T12:14:36.7177520Z  [32m✓[39m src/novel/AudioTaskInspector.test.tsx [2m([22m[2m2 tests[22m[2m)[22m[90m 128[2mms[22m[39m
2026-10-09T12:14:36.9488679Z  [32m✓[39m src/novel/WorkflowPanel.independent-audit.test.tsx [2m([22m[2m1 test[22m[2m)[22m[90m 85[2mms[22m[39m
2026-10-09T12:14:37.4797329Z  [32m✓[39m src/novel/StoryRouteEditor.test.tsx [2m([22m[2m1 test[22m[2m)[22m[90m 152[2mms[22m[39m
2026-10-09T12:14:38.2022069Z  [32m✓[39m src/novel/CharacterEditor.test.tsx [2m([22m[2m1 test[22m[2m)[22m[90m 233[2mms[22m[39m
2026-10-09T12:14:38.3714413Z  [32m✓[39m src/ui/CapabilityRoadmapPanel.test.tsx [2m([22m[2m1 test[22m[2m)[22m[90m 108[2mms[22m[39m
2026-10-09T12:14:39.0272112Z  [32m✓[39m src/novel/VolumeEditor.test.tsx [2m([22m[2m1 test[22m[2m)[22m[90m 123[2mms[22m[39m
2026-10-09T12:14:39.6117327Z  [32m✓[39m src/novel/WorkflowInspector.test.tsx [2m([22m[2m2 tests[22m[2m)[22m[90m 113[2mms[22m[39m
2026-10-09T12:14:39.8327361Z  [32m✓[39m src/ui/CapabilityStatusCenter.test.tsx [2m([22m[2m1 test[22m[2m)[22m[90m 91[2mms[22m[39m
2026-10-09T12:14:40.5156951Z  [32m✓[39m src/novel/LocationEditor.test.tsx [2m([22m[2m1 test[22m[2m)[22m[90m 167[2mms[22m[39m
2026-10-09T12:14:40.8760654Z  [32m✓[39m src/novel/DirectorVoiceToolbar.test.tsx [2m([22m[2m1 test[22m[2m)[22m[90m 54[2mms[22m[39m
2026-10-09T12:14:41.2578823Z  [32m✓[39m tests/r3FixtureLifecycle.test.ts [2m([22m[2m17 tests[22m[2m)[22m[90m 45[2mms[22m[39m
2026-10-09T12:14:41.2832488Z  [32m✓[39m src/novel/WorldSummaryEditor.test.tsx [2m([22m[2m1 test[22m[2m)[22m[90m 107[2mms[22m[39m
2026-10-09T12:14:41.7267209Z  [2m[90m↓[39m[22m tests/localInteropRealHost.test.ts [2m([22m[2m2 tests[22m[2m | [22m[33m2 skipped[39m[2m)[22m
2026-10-09T12:14:41.7458072Z  [32m✓[39m src/creative/client.test.ts [2m([22m[2m11 tests[22m[2m)[22m[90m 19[2mms[22m[39m
2026-10-09T12:14:41.7946943Z  [32m✓[39m src/novel/BindingManifestPanel.test.tsx [2m([22m[2m1 test[22m[2m)[22m[90m 45[2mms[22m[39m
2026-10-09T12:14:42.2620765Z  [32m✓[39m src/interop/ChapterWireIdentity.test.ts [2m([22m[2m3 tests[22m[2m)[22m[90m 40[2mms[22m[39m
2026-10-09T12:14:42.6017162Z  [32m✓[39m src/e2eDatabaseContract.test.ts [2m([22m[2m20 tests[22m[2m)[22m[33m 579[2mms[22m[39m
2026-10-09T12:14:42.6092307Z    [33m[2m✓[22m[39m E2E database environment contract[2m > [22mkeeps the DSN out of Playwright commands and scopes each child environment [33m538[2mms[22m[39m
2026-10-09T12:14:42.6116471Z  [32m✓[39m src/experimental/api.test.ts [2m([22m[2m5 tests[22m[2m)[22m[90m 40[2mms[22m[39m
2026-10-09T12:14:42.9079601Z  [32m✓[39m tests/workspaceResumeLayout.test.ts [2m([22m[2m5 tests[22m[2m)[22m[90m 8[2mms[22m[39m
2026-10-09T12:14:43.1875811Z  [32m✓[39m src/collaborationGuards.test.ts [2m([22m[2m7 tests[22m[2m)[22m[90m 8[2mms[22m[39m
2026-10-09T12:14:43.5226921Z  [32m✓[39m src/contracts.test.ts [2m([22m[2m7 tests[22m[2m)[22m[90m 35[2mms[22m[39m
2026-10-09T12:14:44.9956217Z  [32m✓[39m src/generationVariants.test.ts [2m([22m[2m7 tests[22m[2m)[22m[90m 6[2mms[22m[39m
2026-10-09T12:14:45.0151263Z  [32m✓[39m src/App.test.tsx [2m([22m[2m12 tests[22m[2m)[22m[90m 20[2mms[22m[39m
2026-10-09T12:14:45.2707954Z  [32m✓[39m src/productLanguage.test.ts [2m([22m[2m4 tests[22m[2m)[22m[90m 5[2mms[22m[39m
2026-10-09T12:14:45.2750429Z  [32m✓[39m src/packagedHost.test.ts [2m([22m[2m7 tests[22m[2m)[22m[90m 12[2mms[22m[39m
2026-10-09T12:14:45.5721795Z  [32m✓[39m src/experimental/api.surface-flags.test.ts [2m([22m[2m4 tests[22m[2m)[22m[90m 29[2mms[22m[39m
2026-10-09T12:14:45.6011022Z  [32m✓[39m src/novel/AdaptationRouteMatching.test.ts [2m([22m[2m1 test[22m[2m)[22m[90m 14[2mms[22m[39m
2026-10-09T12:14:45.8591765Z  [32m✓[39m src/ui/FeatureLauncher.css.test.ts [2m([22m[2m3 tests[22m[2m)[22m[90m 6[2mms[22m[39m
2026-10-09T12:14:45.8610093Z  [32m✓[39m tests/localInteropLayout.test.ts [2m([22m[2m3 tests[22m[2m)[22m[90m 7[2mms[22m[39m
2026-10-09T12:14:46.0946925Z  [32m✓[39m src/novel/ChapterTree.css.test.ts [2m([22m[2m4 tests[22m[2m)[22m[90m 5[2mms[22m[39m
2026-10-09T12:14:46.1553517Z  [32m✓[39m src/novel/firstUseClient.test.ts [2m([22m[2m2 tests[22m[2m)[22m[90m 8[2mms[22m[39m
2026-10-09T12:14:46.3547232Z  [32m✓[39m src/creative/CreativeWorkbenchEntry.test.ts [2m([22m[2m2 tests[22m[2m)[22m[90m 5[2mms[22m[39m
2026-10-09T12:14:46.3885859Z  [32m✓[39m tests/writingGoalLayout.test.ts [2m([22m[2m4 tests[22m[2m)[22m[90m 4[2mms[22m[39m
2026-10-09T12:14:46.6548406Z  [32m✓[39m tests/uiContracts.test.ts [2m([22m[2m5 tests[22m[2m)[22m[90m 6[2mms[22m[39m
2026-10-09T12:14:46.6650509Z  [32m✓[39m src/novel/findingReviewClient.test.ts [2m([22m[2m2 tests[22m[2m)[22m[90m 6[2mms[22m[39m
2026-10-09T12:14:46.8917364Z  [32m✓[39m src/novel/importRecovery.test.ts [2m([22m[2m2 tests[22m[2m)[22m[90m 9[2mms[22m[39m
2026-10-09T12:14:46.9333875Z  [32m✓[39m src/ui/scopeLabels.test.ts [2m([22m[2m4 tests[22m[2m)[22m[90m 6[2mms[22m[39m
2026-10-09T12:14:47.1403781Z  [32m✓[39m src/Editor.typography.test.ts [2m([22m[2m3 tests[22m[2m)[22m[90m 5[2mms[22m[39m
2026-10-09T12:14:47.2247797Z  [32m✓[39m src/planningProjectApi.test.ts [2m([22m[2m1 test[22m[2m)[22m[90m 6[2mms[22m[39m
2026-10-09T12:14:47.4363093Z  [32m✓[39m src/sourcePrivacyApi.test.ts [2m([22m[2m1 test[22m[2m)[22m[90m 7[2mms[22m[39m
2026-10-09T12:14:47.4615873Z  [32m✓[39m src/creative/ProductionTimeline.css.test.ts [2m([22m[2m1 test[22m[2m)[22m[90m 4[2mms[22m[39m
2026-10-09T12:14:47.6647255Z  [32m✓[39m src/experimental/writingFocus.layout.test.ts [2m([22m[2m1 test[22m[2m)[22m[90m 3[2mms[22m[39m
2026-10-09T12:14:47.7674951Z  [32m✓[39m src/novel/MotionTaskBatchControls.test.ts [2m([22m[2m1 test[22m[2m)[22m[90m 4[2mms[22m[39m
2026-10-09T12:14:50.1301408Z  [32m✓[39m src/novel/FountainParser.test.ts [2m([22m[2m21 tests[22m[2m)[22m[33m 7229[2mms[22m[39m
2026-10-09T12:14:50.1305961Z    [33m[2m✓[22m[39m complete independent fountain-js 1.2.4 parser[2m > [22mretains ALICE as a character and paragraphs as dialogue [33m385[2mms[22m[39m
2026-10-09T12:14:50.1308511Z    [33m[2m✓[22m[39m complete independent fountain-js 1.2.4 parser[2m > [22mretains 小明 as a character and paragraphs as dialogue [33m346[2mms[22m[39m
2026-10-09T12:14:50.1309969Z    [33m[2m✓[22m[39m complete independent fountain-js 1.2.4 parser[2m > [22mretains 小明Alex as a character and paragraphs as dialogue [33m399[2mms[22m[39m
2026-10-09T12:14:50.1311154Z    [33m[2m✓[22m[39m complete independent fountain-js 1.2.4 parser[2m > [22mretains 007 as a character and paragraphs as dialogue [33m374[2mms[22m[39m
2026-10-09T12:14:50.1312338Z    [33m[2m✓[22m[39m complete independent fountain-js 1.2.4 parser[2m > [22mretains McCLANE as a character and paragraphs as dialogue [33m322[2mms[22m[39m
2026-10-09T12:14:50.1313516Z    [33m[2m✓[22m[39m complete independent fountain-js 1.2.4 parser[2m > [22mretains Саша as a character and paragraphs as dialogue [33m329[2mms[22m[39m
2026-10-09T12:14:50.1314953Z    [33m[2m✓[22m[39m complete independent fountain-js 1.2.4 parser[2m > [22mretains R2D2 as a character and paragraphs as dialogue [33m417[2mms[22m[39m
2026-10-09T12:14:50.1316371Z    [33m[2m✓[22m[39m complete independent fountain-js 1.2.4 parser[2m > [22mretains ALICE (V.O.) as a character and paragraphs as dialogue [33m376[2mms[22m[39m
2026-10-09T12:14:50.1317556Z    [33m[2m✓[22m[39m complete independent fountain-js 1.2.4 parser[2m > [22mpreserves syntax-looking action INT. FAKE - NIGHT [33m414[2mms[22m[39m
2026-10-09T12:14:50.1318700Z    [33m[2m✓[22m[39m complete independent fountain-js 1.2.4 parser[2m > [22mpreserves syntax-looking action # Not a section [33m370[2mms[22m[39m
2026-10-09T12:14:50.1319814Z    [33m[2m✓[22m[39m complete independent fountain-js 1.2.4 parser[2m > [22mpreserves syntax-looking action = Not a synopsis [33m370[2mms[22m[39m
2026-10-09T12:14:50.1320956Z    [33m[2m✓[22m[39m complete independent fountain-js 1.2.4 parser[2m > [22mpreserves syntax-looking action === [33m422[2mms[22m[39m
2026-10-09T12:14:50.1322974Z    [33m[2m✓[22m[39m complete independent fountain-js 1.2.4 parser[2m > [22mpreserves syntax-looking action @NotACharacter [33m393[2mms[22m[39m
2026-10-09T12:14:50.1327482Z    [33m[2m✓[22m[39m complete independent fountain-js 1.2.4 parser[2m > [22mrejects multiline or dual-dialogue cue injection [33m513[2mms[22m[39m
2026-10-09T12:14:50.1471739Z 
2026-10-09T12:14:50.1511520Z [2m Test Files [22m [1m[32m235 passed[39m[22m[2m | [22m[33m2 skipped[39m[90m (237)[39m
2026-10-09T12:14:50.1517593Z [2m      Tests [22m [1m[32m1567 passed[39m[22m[2m | [22m[33m8 skipped[39m[90m (1575)[39m
2026-10-09T12:14:50.1519034Z [2m   Start at [22m 12:12:14
2026-10-09T12:14:50.1527314Z [2m   Duration [22m 155.89s[2m (transform 11.22s, setup 0ms, collect 83.23s, tests 171.66s, environment 140.89s, prepare 25.31s)[22m
2026-10-09T12:14:50.1535642Z 
2026-10-09T12:14:50.5046355Z JUNIT report written to /home/runner/work/_temp/novel-ci-frontend.fo4aho/receipts/frontend.xml
2026-10-09T12:14:50.5908151Z ##[group]Run set -o pipefail
2026-10-09T12:14:50.5908466Z [36;1mset -o pipefail[0m
2026-10-09T12:14:50.5908780Z [36;1mpnpm build 2>&1 | tee "$CI_RECEIPTS/frontend-build.log"[0m
2026-10-09T12:14:50.5974283Z shell: /usr/bin/bash -e {0}
2026-10-09T12:14:50.5974537Z env:
2026-10-09T12:14:50.5974721Z   MOCK_PROVIDER: true
2026-10-09T12:14:50.5974939Z   MOCK_STREAM_DELAY_MS: 0
2026-10-09T12:14:50.5975382Z   ENABLE_CLOUD: false
2026-10-09T12:14:50.5975619Z   CREDENTIAL_VAULT_BACKEND: memory
2026-10-09T12:14:50.5975941Z   CREDENTIAL_VAULT_ALLOW_MEMORY_FALLBACK: true
2026-10-09T12:14:50.5976246Z   PYTHONDONTWRITEBYTECODE: 1
2026-10-09T12:14:50.5976481Z   HF_HUB_OFFLINE: 1
2026-10-09T12:14:50.5976680Z   TRANSFORMERS_OFFLINE: 1
2026-10-09T12:14:50.5976968Z   pythonLocation: /opt/hostedtoolcache/Python/3.12.9/x64
2026-10-09T12:14:50.5977414Z   PKG_CONFIG_PATH: /opt/hostedtoolcache/Python/3.12.9/x64/lib/pkgconfig
2026-10-09T12:14:50.5977891Z   Python_ROOT_DIR: /opt/hostedtoolcache/Python/3.12.9/x64
2026-10-09T12:14:50.5978285Z   Python2_ROOT_DIR: /opt/hostedtoolcache/Python/3.12.9/x64
2026-10-09T12:14:50.5978674Z   Python3_ROOT_DIR: /opt/hostedtoolcache/Python/3.12.9/x64
2026-10-09T12:14:50.5979068Z   LD_LIBRARY_PATH: /opt/hostedtoolcache/Python/3.12.9/x64/lib
2026-10-09T12:14:50.5979466Z   CI_COVERAGE_SHA: 09cc0edc25fad8f82377650a504beb65af99c0bf
2026-10-09T12:14:50.5979855Z   CI_COVERAGE_TREE: f800c0e8a6d920e8836a027707c8078c5a8421f2
2026-10-09T12:14:50.5980255Z   CI_SANDBOX: /home/runner/work/_temp/novel-ci-frontend.fo4aho
2026-10-09T12:14:50.5980698Z   CI_PROJECT: /home/runner/work/_temp/novel-ci-frontend.fo4aho/project
2026-10-09T12:14:50.5981182Z   CI_RECEIPTS: /home/runner/work/_temp/novel-ci-frontend.fo4aho/receipts
2026-10-09T12:14:50.5981632Z   HOME: /home/runner/work/_temp/novel-ci-frontend.fo4aho/home
2026-10-09T12:14:50.5982070Z   USERPROFILE: /home/runner/work/_temp/novel-ci-frontend.fo4aho/home
2026-10-09T12:14:50.5982710Z   APPDATA: /home/runner/work/_temp/novel-ci-frontend.fo4aho/appdata
2026-10-09T12:14:50.5983203Z   LOCALAPPDATA: /home/runner/work/_temp/novel-ci-frontend.fo4aho/localappdata
2026-10-09T12:14:50.5983722Z   XDG_CONFIG_HOME: /home/runner/work/_temp/novel-ci-frontend.fo4aho/config
2026-10-09T12:14:50.5984209Z   XDG_CACHE_HOME: /home/runner/work/_temp/novel-ci-frontend.fo4aho/cache
2026-10-09T12:14:50.5984688Z   XDG_DATA_HOME: /home/runner/work/_temp/novel-ci-frontend.fo4aho/data
2026-10-09T12:14:50.5985346Z   XDG_STATE_HOME: /home/runner/work/_temp/novel-ci-frontend.fo4aho/state
2026-10-09T12:14:50.5985809Z   TMPDIR: /home/runner/work/_temp/novel-ci-frontend.fo4aho/tmp
2026-10-09T12:14:50.5986221Z   TMP: /home/runner/work/_temp/novel-ci-frontend.fo4aho/tmp
2026-10-09T12:14:50.5986616Z   TEMP: /home/runner/work/_temp/novel-ci-frontend.fo4aho/tmp
2026-10-09T12:14:50.5987052Z   PROJECT_ROOT: /home/runner/work/_temp/novel-ci-frontend.fo4aho/project
2026-10-09T12:14:50.5987568Z   NOVEL_DATA_PATH: /home/runner/work/_temp/novel-ci-frontend.fo4aho/data/novels
2026-10-09T12:14:50.5988093Z   BACKUP_PATH: /home/runner/work/_temp/novel-ci-frontend.fo4aho/data/backups
2026-10-09T12:14:50.5988647Z   DATABASE_BACKUP_PATH: /home/runner/work/_temp/novel-ci-frontend.fo4aho/data/database-backups
2026-10-09T12:14:50.5989224Z   KNOWLEDGE_SOURCE_PATH: /home/runner/work/_temp/novel-ci-frontend.fo4aho/data/novels
2026-10-09T12:14:50.5989630Z ##[endgroup]
2026-10-09T12:14:50.8863494Z 
2026-10-09T12:14:50.8864465Z > ai-novel-studio-ui@0.7.0 build /home/runner/work/_temp/novel-ci-frontend.fo4aho/project/frontend
2026-10-09T12:14:50.8865520Z > tsc -b && vite build
2026-10-09T12:14:50.8865744Z 
2026-10-09T12:15:10.7999303Z [36mvite v6.4.3 [32mbuilding for production...[36m[39m
2026-10-09T12:15:10.8613486Z transforming...
2026-10-09T12:15:15.6287894Z [32m✓[39m 2007 modules transformed.
2026-10-09T12:15:15.9811638Z rendering chunks...
2026-10-09T12:15:16.2486389Z computing gzip size...
2026-10-09T12:15:16.3157693Z [2mdist/[22m[32mindex.html                                 [39m[1m[2m  0.33 kB[22m[1m[22m[2m │ gzip:   0.19 kB[22m
2026-10-09T12:15:16.3159749Z [2mdist/[22m[2massets/[22m[35mLocalTutorIntegration-Bg9pZcT3.css  [39m[1m[2m  2.93 kB[22m[1m[22m[2m │ gzip:   0.82 kB[22m
2026-10-09T12:15:16.3161841Z [2mdist/[22m[2massets/[22m[35mstyle-6MlQLGa4.css                  [39m[1m[2m  3.79 kB[22m[1m[22m[2m │ gzip:   1.39 kB[22m
2026-10-09T12:15:16.3187002Z [2mdist/[22m[2massets/[22m[35mExperimentalWorkbench-kya-NcdA.css  [39m[1m[2m  4.16 kB[22m[1m[22m[2m │ gzip:   1.07 kB[22m
2026-10-09T12:15:16.3206825Z [2mdist/[22m[2massets/[22m[35mindex-Cj-tLRQ5.css                  [39m[1m[2m 32.29 kB[22m[1m[22m[2m │ gzip:   5.90 kB[22m
2026-10-09T12:15:16.3216528Z [2mdist/[22m[2massets/[22m[35mApp-CeF5MZTX.css                    [39m[1m[2m136.20 kB[22m[1m[22m[2m │ gzip:  18.14 kB[22m
2026-10-09T12:15:16.3218224Z [2mdist/[22m[2massets/[22m[36mHealth-CR4GlZg2.js                  [39m[1m[2m  0.99 kB[22m[1m[22m[2m │ gzip:   0.57 kB[22m
2026-10-09T12:15:16.3219799Z [2mdist/[22m[2massets/[22m[36mindex-CtOlnfh8.js                   [39m[1m[2m 30.10 kB[22m[1m[22m[2m │ gzip:   9.98 kB[22m
2026-10-09T12:15:16.3221466Z [2mdist/[22m[2massets/[22m[36mLocalTutorIntegration-DHfZmXlJ.js   [39m[1m[2m 42.44 kB[22m[1m[22m[2m │ gzip:  13.79 kB[22m
2026-10-09T12:15:16.3223115Z [2mdist/[22m[2massets/[22m[36mstyle-BRkqWBE_.js                   [39m[1m[2m 44.99 kB[22m[1m[22m[2m │ gzip:   8.37 kB[22m
2026-10-09T12:15:16.3224722Z [2mdist/[22m[2massets/[22m[36mquery-vendor-CUnTvSIi.js            [39m[1m[2m 45.60 kB[22m[1m[22m[2m │ gzip:  13.56 kB[22m
2026-10-09T12:15:16.3226562Z [2mdist/[22m[2massets/[22m[36mreact-vendor-D3pO_op5.js            [39m[1m[2m142.98 kB[22m[1m[22m[2m │ gzip:  45.80 kB[22m
2026-10-09T12:15:16.3228197Z [2mdist/[22m[2massets/[22m[36meditor-vendor-WoPbGn4i.js           [39m[1m[2m307.09 kB[22m[1m[22m[2m │ gzip:  93.11 kB[22m
2026-10-09T12:15:16.3230228Z [2mdist/[22m[2massets/[22m[36mExperimentalWorkbench-dUmVpqGs.js   [39m[1m[33m647.28 kB[39m[22m[2m │ gzip: 189.39 kB[22m
2026-10-09T12:15:16.3231907Z [2mdist/[22m[2massets/[22m[36mApp-BrMCA7is.js                     [39m[1m[33m775.35 kB[39m[22m[2m │ gzip: 223.74 kB[22m
2026-10-09T12:15:16.3232720Z [33m
2026-10-09T12:15:16.3233313Z (!) Some chunks are larger than 500 kB after minification. Consider:
2026-10-09T12:15:16.3234090Z - Using dynamic import() to code-split the application
2026-10-09T12:15:16.3235622Z - Use build.rollupOptions.output.manualChunks to improve chunking: https://rollupjs.org/configuration-options/#output-manualchunks
2026-10-09T12:15:16.3237111Z - Adjust chunk size limit for this warning via build.chunkSizeWarningLimit.[39m
2026-10-09T12:15:16.3237891Z [32m✓ built in 5.49s[39m
2026-10-09T12:15:16.5064121Z ##[group]Run set -o pipefail
2026-10-09T12:15:16.5064508Z [36;1mset -o pipefail[0m
2026-10-09T12:15:16.5064848Z [36;1mpnpm lint 2>&1 | tee "$CI_RECEIPTS/design-tokens.log"[0m
2026-10-09T12:15:16.5129797Z shell: /usr/bin/bash -e {0}
2026-10-09T12:15:16.5130082Z env:
2026-10-09T12:15:16.5130288Z   MOCK_PROVIDER: true
2026-10-09T12:15:16.5130532Z   MOCK_STREAM_DELAY_MS: 0
2026-10-09T12:15:16.5130781Z   ENABLE_CLOUD: false
2026-10-09T12:15:16.5131023Z   CREDENTIAL_VAULT_BACKEND: memory
2026-10-09T12:15:16.5131332Z   CREDENTIAL_VAULT_ALLOW_MEMORY_FALLBACK: true
2026-10-09T12:15:16.5131666Z   PYTHONDONTWRITEBYTECODE: 1
2026-10-09T12:15:16.5131925Z   HF_HUB_OFFLINE: 1
2026-10-09T12:15:16.5132149Z   TRANSFORMERS_OFFLINE: 1
2026-10-09T12:15:16.5132464Z   pythonLocation: /opt/hostedtoolcache/Python/3.12.9/x64
2026-10-09T12:15:16.5132934Z   PKG_CONFIG_PATH: /opt/hostedtoolcache/Python/3.12.9/x64/lib/pkgconfig
2026-10-09T12:15:16.5133434Z   Python_ROOT_DIR: /opt/hostedtoolcache/Python/3.12.9/x64
2026-10-09T12:15:16.5133848Z   Python2_ROOT_DIR: /opt/hostedtoolcache/Python/3.12.9/x64
2026-10-09T12:15:16.5134272Z   Python3_ROOT_DIR: /opt/hostedtoolcache/Python/3.12.9/x64
2026-10-09T12:15:16.5134694Z   LD_LIBRARY_PATH: /opt/hostedtoolcache/Python/3.12.9/x64/lib
2026-10-09T12:15:16.5135357Z   CI_COVERAGE_SHA: 09cc0edc25fad8f82377650a504beb65af99c0bf
2026-10-09T12:15:16.5135780Z   CI_COVERAGE_TREE: f800c0e8a6d920e8836a027707c8078c5a8421f2
2026-10-09T12:15:16.5136220Z   CI_SANDBOX: /home/runner/work/_temp/novel-ci-frontend.fo4aho
2026-10-09T12:15:16.5136695Z   CI_PROJECT: /home/runner/work/_temp/novel-ci-frontend.fo4aho/project
2026-10-09T12:15:16.5137210Z   CI_RECEIPTS: /home/runner/work/_temp/novel-ci-frontend.fo4aho/receipts
2026-10-09T12:15:16.5137694Z   HOME: /home/runner/work/_temp/novel-ci-frontend.fo4aho/home
2026-10-09T12:15:16.5138163Z   USERPROFILE: /home/runner/work/_temp/novel-ci-frontend.fo4aho/home
2026-10-09T12:15:16.5138662Z   APPDATA: /home/runner/work/_temp/novel-ci-frontend.fo4aho/appdata
2026-10-09T12:15:16.5139192Z   LOCALAPPDATA: /home/runner/work/_temp/novel-ci-frontend.fo4aho/localappdata
2026-10-09T12:15:16.5139759Z   XDG_CONFIG_HOME: /home/runner/work/_temp/novel-ci-frontend.fo4aho/config
2026-10-09T12:15:16.5140290Z   XDG_CACHE_HOME: /home/runner/work/_temp/novel-ci-frontend.fo4aho/cache
2026-10-09T12:15:16.5140798Z   XDG_DATA_HOME: /home/runner/work/_temp/novel-ci-frontend.fo4aho/data
2026-10-09T12:15:16.5141299Z   XDG_STATE_HOME: /home/runner/work/_temp/novel-ci-frontend.fo4aho/state
2026-10-09T12:15:16.5141778Z   TMPDIR: /home/runner/work/_temp/novel-ci-frontend.fo4aho/tmp
2026-10-09T12:15:16.5142209Z   TMP: /home/runner/work/_temp/novel-ci-frontend.fo4aho/tmp
2026-10-09T12:15:16.5142632Z   TEMP: /home/runner/work/_temp/novel-ci-frontend.fo4aho/tmp
2026-10-09T12:15:16.5143102Z   PROJECT_ROOT: /home/runner/work/_temp/novel-ci-frontend.fo4aho/project
2026-10-09T12:15:16.5143648Z   NOVEL_DATA_PATH: /home/runner/work/_temp/novel-ci-frontend.fo4aho/data/novels
2026-10-09T12:15:16.5144212Z   BACKUP_PATH: /home/runner/work/_temp/novel-ci-frontend.fo4aho/data/backups
2026-10-09T12:15:16.5145016Z   DATABASE_BACKUP_PATH: /home/runner/work/_temp/novel-ci-frontend.fo4aho/data/database-backups
2026-10-09T12:15:16.5145933Z   KNOWLEDGE_SOURCE_PATH: /home/runner/work/_temp/novel-ci-frontend.fo4aho/data/novels
2026-10-09T12:15:16.5146345Z ##[endgroup]
2026-10-09T12:15:16.8074347Z 
2026-10-09T12:15:16.8075675Z > ai-novel-studio-ui@0.7.0 lint /home/runner/work/_temp/novel-ci-frontend.fo4aho/project/frontend
2026-10-09T12:15:16.8076496Z > node ../scripts/check_ui_design_tokens.mjs
2026-10-09T12:15:16.8076769Z 
2026-10-09T12:15:16.8410677Z UI token guard PASS (42 files)
2026-10-09T12:15:16.8556287Z ##[group]Run pnpm exec playwright install --with-deps chromium
2026-10-09T12:15:16.8556810Z [36;1mpnpm exec playwright install --with-deps chromium[0m
2026-10-09T12:15:16.8620790Z shell: /usr/bin/bash -e {0}
2026-10-09T12:15:16.8621034Z env:
2026-10-09T12:15:16.8621222Z   MOCK_PROVIDER: true
2026-10-09T12:15:16.8621437Z   MOCK_STREAM_DELAY_MS: 0
2026-10-09T12:15:16.8621670Z   ENABLE_CLOUD: false
2026-10-09T12:15:16.8621886Z   CREDENTIAL_VAULT_BACKEND: memory
2026-10-09T12:15:16.8622171Z   CREDENTIAL_VAULT_ALLOW_MEMORY_FALLBACK: true
2026-10-09T12:15:16.8622473Z   PYTHONDONTWRITEBYTECODE: 1
2026-10-09T12:15:16.8622704Z   HF_HUB_OFFLINE: 1
2026-10-09T12:15:16.8622903Z   TRANSFORMERS_OFFLINE: 1
2026-10-09T12:15:16.8623179Z   pythonLocation: /opt/hostedtoolcache/Python/3.12.9/x64
2026-10-09T12:15:16.8623587Z   PKG_CONFIG_PATH: /opt/hostedtoolcache/Python/3.12.9/x64/lib/pkgconfig
2026-10-09T12:15:16.8623989Z   Python_ROOT_DIR: /opt/hostedtoolcache/Python/3.12.9/x64
2026-10-09T12:15:16.8624380Z   Python2_ROOT_DIR: /opt/hostedtoolcache/Python/3.12.9/x64
2026-10-09T12:15:16.8624766Z   Python3_ROOT_DIR: /opt/hostedtoolcache/Python/3.12.9/x64
2026-10-09T12:15:16.8625436Z   LD_LIBRARY_PATH: /opt/hostedtoolcache/Python/3.12.9/x64/lib
2026-10-09T12:15:16.8625915Z   CI_COVERAGE_SHA: 09cc0edc25fad8f82377650a504beb65af99c0bf
2026-10-09T12:15:16.8626277Z   CI_COVERAGE_TREE: f800c0e8a6d920e8836a027707c8078c5a8421f2
2026-10-09T12:15:16.8626661Z   CI_SANDBOX: /home/runner/work/_temp/novel-ci-frontend.fo4aho
2026-10-09T12:15:16.8627079Z   CI_PROJECT: /home/runner/work/_temp/novel-ci-frontend.fo4aho/project
2026-10-09T12:15:16.8627535Z   CI_RECEIPTS: /home/runner/work/_temp/novel-ci-frontend.fo4aho/receipts
2026-10-09T12:15:16.8627978Z   HOME: /home/runner/work/_temp/novel-ci-frontend.fo4aho/home
2026-10-09T12:15:16.8628382Z   USERPROFILE: /home/runner/work/_temp/novel-ci-frontend.fo4aho/home
2026-10-09T12:15:16.8628805Z   APPDATA: /home/runner/work/_temp/novel-ci-frontend.fo4aho/appdata
2026-10-09T12:15:16.8629266Z   LOCALAPPDATA: /home/runner/work/_temp/novel-ci-frontend.fo4aho/localappdata
2026-10-09T12:15:16.8629748Z   XDG_CONFIG_HOME: /home/runner/work/_temp/novel-ci-frontend.fo4aho/config
2026-10-09T12:15:16.8630199Z   XDG_CACHE_HOME: /home/runner/work/_temp/novel-ci-frontend.fo4aho/cache
2026-10-09T12:15:16.8630646Z   XDG_DATA_HOME: /home/runner/work/_temp/novel-ci-frontend.fo4aho/data
2026-10-09T12:15:16.8631079Z   XDG_STATE_HOME: /home/runner/work/_temp/novel-ci-frontend.fo4aho/state
2026-10-09T12:15:16.8631493Z   TMPDIR: /home/runner/work/_temp/novel-ci-frontend.fo4aho/tmp
2026-10-09T12:15:16.8631912Z   TMP: /home/runner/work/_temp/novel-ci-frontend.fo4aho/tmp
2026-10-09T12:15:16.8632274Z   TEMP: /home/runner/work/_temp/novel-ci-frontend.fo4aho/tmp
2026-10-09T12:15:16.8632680Z   PROJECT_ROOT: /home/runner/work/_temp/novel-ci-frontend.fo4aho/project
2026-10-09T12:15:16.8633155Z   NOVEL_DATA_PATH: /home/runner/work/_temp/novel-ci-frontend.fo4aho/data/novels
2026-10-09T12:15:16.8633652Z   BACKUP_PATH: /home/runner/work/_temp/novel-ci-frontend.fo4aho/data/backups
2026-10-09T12:15:16.8634211Z   DATABASE_BACKUP_PATH: /home/runner/work/_temp/novel-ci-frontend.fo4aho/data/database-backups
2026-10-09T12:15:16.8634805Z   KNOWLEDGE_SOURCE_PATH: /home/runner/work/_temp/novel-ci-frontend.fo4aho/data/novels
2026-10-09T12:15:16.8635509Z ##[endgroup]
2026-10-09T12:15:17.6694075Z Installing dependencies...
2026-10-09T12:15:17.6761524Z Switching to root user to install dependencies...
2026-10-09T12:15:17.7698886Z Get:1 file:/etc/apt/apt-mirrors.txt Mirrorlist [144 B]
2026-10-09T12:15:17.8027641Z Get:6 https://packages.microsoft.com/ubuntu/24.04/prod noble InRelease [3600 B]
2026-10-09T12:15:17.8147401Z Hit:2 http://azure.archive.ubuntu.com/ubuntu noble InRelease
2026-10-09T12:15:17.8180209Z Get:3 http://azure.archive.ubuntu.com/ubuntu noble-updates InRelease [126 kB]
2026-10-09T12:15:17.8236578Z Get:4 http://azure.archive.ubuntu.com/ubuntu noble-backports InRelease [126 kB]
2026-10-09T12:15:17.8256897Z Get:5 http://azure.archive.ubuntu.com/ubuntu noble-security InRelease [126 kB]
2026-10-09T12:15:17.8881186Z Get:7 https://packages.microsoft.com/ubuntu/24.04/prod noble/main armhf Packages [12.3 kB]
2026-10-09T12:15:17.9023964Z Get:8 https://packages.microsoft.com/ubuntu/24.04/prod noble/main amd64 Packages [531 kB]
2026-10-09T12:15:17.9121958Z Get:9 https://packages.microsoft.com/ubuntu/24.04/prod noble/main arm64 Packages [475 kB]
2026-10-09T12:15:17.9174873Z Get:10 https://packages.microsoft.com/ubuntu/24.04/prod noble/main all Packages [640 B]
2026-10-09T12:15:18.0082110Z Get:11 http://azure.archive.ubuntu.com/ubuntu noble-updates/main amd64 Packages [1375 kB]
2026-10-09T12:15:18.0167121Z Get:12 http://azure.archive.ubuntu.com/ubuntu noble-updates/main Translation-en [306 kB]
2026-10-09T12:15:18.0173544Z Get:13 http://azure.archive.ubuntu.com/ubuntu noble-updates/universe amd64 Packages [1702 kB]
2026-10-09T12:15:18.0277054Z Get:14 http://azure.archive.ubuntu.com/ubuntu noble-updates/universe Translation-en [342 kB]
2026-10-09T12:15:18.0303411Z Get:15 http://azure.archive.ubuntu.com/ubuntu noble-updates/restricted amd64 Packages [1761 kB]
2026-10-09T12:15:18.0410071Z Get:16 http://azure.archive.ubuntu.com/ubuntu noble-updates/restricted Translation-en [401 kB]
2026-10-09T12:15:18.0437894Z Get:17 http://azure.archive.ubuntu.com/ubuntu noble-updates/multiverse amd64 Packages [55.0 kB]
2026-10-09T12:15:18.0448880Z Get:18 http://azure.archive.ubuntu.com/ubuntu noble-updates/multiverse Translation-en [14.3 kB]
2026-10-09T12:15:18.1288153Z Get:19 http://azure.archive.ubuntu.com/ubuntu noble-security/main amd64 Packages [1121 kB]
2026-10-09T12:15:18.1358331Z Get:20 http://azure.archive.ubuntu.com/ubuntu noble-security/main Translation-en [228 kB]
2026-10-09T12:15:18.1841639Z Get:21 http://azure.archive.ubuntu.com/ubuntu noble-security/universe amd64 Packages [1220 kB]
2026-10-09T12:15:18.1889064Z Get:22 http://azure.archive.ubuntu.com/ubuntu noble-security/universe Translation-en [245 kB]
2026-10-09T12:15:18.1908400Z Get:23 http://azure.archive.ubuntu.com/ubuntu noble-security/restricted amd64 Packages [1669 kB]
2026-10-09T12:15:18.1996461Z Get:24 http://azure.archive.ubuntu.com/ubuntu noble-security/restricted Translation-en [383 kB]
2026-10-09T12:15:18.2018993Z Get:25 http://azure.archive.ubuntu.com/ubuntu noble-security/multiverse amd64 Packages [49.8 kB]
2026-10-09T12:15:18.2027666Z Get:26 http://azure.archive.ubuntu.com/ubuntu noble-security/multiverse Translation-en [12.4 kB]
2026-10-09T12:15:21.2331939Z Fetched 12.3 MB in 1s (9565 kB/s)
2026-10-09T12:15:22.1286961Z Reading package lists...
2026-10-09T12:15:22.1530139Z Reading package lists...
2026-10-09T12:15:22.3517618Z Building dependency tree...
2026-10-09T12:15:22.3524930Z Reading state information...
2026-10-09T12:15:22.5157573Z libasound2t64 is already the newest version (1.2.11-1ubuntu0.3).
2026-10-09T12:15:22.5158723Z libasound2t64 set to manually installed.
2026-10-09T12:15:22.5159796Z libatk-bridge2.0-0t64 is already the newest version (2.52.0-1build1).
2026-10-09T12:15:22.5161234Z libatk-bridge2.0-0t64 set to manually installed.
2026-10-09T12:15:22.5162451Z libatk1.0-0t64 is already the newest version (2.52.0-1build1).
2026-10-09T12:15:22.5163641Z libatk1.0-0t64 set to manually installed.
2026-10-09T12:15:22.5164911Z libatspi2.0-0t64 is already the newest version (2.52.0-1build1).
2026-10-09T12:15:22.5166625Z libatspi2.0-0t64 set to manually installed.
2026-10-09T12:15:22.5167910Z libcairo2 is already the newest version (1.18.0-3build1).
2026-10-09T12:15:22.5168778Z libcairo2 set to manually installed.
2026-10-09T12:15:22.5169753Z libcups2t64 is already the newest version (2.4.7-1.2ubuntu7.14).
2026-10-09T12:15:22.5170674Z libcups2t64 set to manually installed.
2026-10-09T12:15:22.5171278Z libdbus-1-3 is already the newest version (1.14.10-4ubuntu4.1).
2026-10-09T12:15:22.5171846Z libdbus-1-3 set to manually installed.
2026-10-09T12:15:22.5172452Z libdrm2 is already the newest version (2.4.125-1ubuntu0.1~24.04.2).
2026-10-09T12:15:22.5173320Z libdrm2 set to manually installed.
2026-10-09T12:15:22.5173916Z libgbm1 is already the newest version (25.2.8-0ubuntu0.24.04.4).
2026-10-09T12:15:22.5174488Z libgbm1 set to manually installed.
2026-10-09T12:15:22.5175097Z libglib2.0-0t64 is already the newest version (2.80.0-6ubuntu3.9).
2026-10-09T12:15:22.5176067Z libglib2.0-0t64 set to manually installed.
2026-10-09T12:15:22.5176673Z libnspr4 is already the newest version (2:4.35-1.1build1).
2026-10-09T12:15:22.5177230Z libnspr4 set to manually installed.
2026-10-09T12:15:22.5177688Z libnss3 is already the newest version (2:3.98-1ubuntu0.2).
2026-10-09T12:15:22.5178068Z libnss3 set to manually installed.
2026-10-09T12:15:22.5178482Z libpango-1.0-0 is already the newest version (1.52.1+ds-1build1).
2026-10-09T12:15:22.5179024Z libpango-1.0-0 set to manually installed.
2026-10-09T12:15:22.5179429Z libx11-6 is already the newest version (2:1.8.7-1build1).
2026-10-09T12:15:22.5179799Z libx11-6 set to manually installed.
2026-10-09T12:15:22.5180173Z libxcb1 is already the newest version (1.15-1ubuntu2).
2026-10-09T12:15:22.5180522Z libxcb1 set to manually installed.
2026-10-09T12:15:22.5180921Z libxcomposite1 is already the newest version (1:0.4.5-1build3).
2026-10-09T12:15:22.5181335Z libxcomposite1 set to manually installed.
2026-10-09T12:15:22.5181742Z libxdamage1 is already the newest version (1:1.1.6-1build1).
2026-10-09T12:15:22.5182126Z libxdamage1 set to manually installed.
2026-10-09T12:15:22.5182603Z libxext6 is already the newest version (2:1.3.4-1build2).
2026-10-09T12:15:22.5182966Z libxext6 set to manually installed.
2026-10-09T12:15:22.5183342Z libxfixes3 is already the newest version (1:6.0.0-2build1).
2026-10-09T12:15:22.5183927Z libxfixes3 set to manually installed.
2026-10-09T12:15:22.5184330Z libxkbcommon0 is already the newest version (1.6.0-1build1).
2026-10-09T12:15:22.5184732Z libxkbcommon0 set to manually installed.
2026-10-09T12:15:22.5185347Z libxrandr2 is already the newest version (2:1.5.2-2build1).
2026-10-09T12:15:22.5185751Z libxrandr2 set to manually installed.
2026-10-09T12:15:22.5186146Z xvfb is already the newest version (2:21.1.12-1ubuntu1.8).
2026-10-09T12:15:22.5186677Z fonts-noto-color-emoji is already the newest version (2.047-0ubuntu0.24.04.1).
2026-10-09T12:15:22.5187239Z libfontconfig1 is already the newest version (2.15.0-1.1ubuntu2).
2026-10-09T12:15:22.5187644Z libfontconfig1 set to manually installed.
2026-10-09T12:15:22.5188049Z fonts-liberation is already the newest version (1:2.1.5-3).
2026-10-09T12:15:22.5188444Z fonts-liberation set to manually installed.
2026-10-09T12:15:22.5188838Z The following additional packages will be installed:
2026-10-09T12:15:22.5189189Z   xfonts-encodings xfonts-utils
2026-10-09T12:15:22.5189466Z Recommended packages:
2026-10-09T12:15:22.5189741Z   fonts-ipafont-mincho fonts-tlwg-loma
2026-10-09T12:15:22.5379188Z The following NEW packages will be installed:
2026-10-09T12:15:22.5379963Z   fonts-freefont-ttf fonts-ipafont-gothic fonts-tlwg-loma-otf fonts-unifont
2026-10-09T12:15:22.5387456Z   fonts-wqy-zenhei xfonts-cyrillic xfonts-encodings xfonts-scalable
2026-10-09T12:15:22.5388240Z   xfonts-utils
2026-10-09T12:15:22.5392218Z The following packages will be upgraded:
2026-10-09T12:15:22.5397009Z   libfreetype6
2026-10-09T12:15:22.5566718Z 1 upgraded, 9 newly installed, 0 to remove and 22 not upgraded.
2026-10-09T12:15:22.5567310Z Need to get 21.5 MB of archives.
2026-10-09T12:15:22.5568064Z After this operation, 79.5 MB of additional disk space will be used.
2026-10-09T12:15:22.5568729Z Get:1 file:/etc/apt/apt-mirrors.txt Mirrorlist [144 B]
2026-10-09T12:15:22.7507585Z Get:2 http://azure.archive.ubuntu.com/ubuntu noble/universe amd64 fonts-ipafont-gothic all 00303-21ubuntu1 [3513 kB]
2026-10-09T12:15:37.3571113Z Get:3 http://azure.archive.ubuntu.com/ubuntu noble/main amd64 fonts-freefont-ttf all 20211204+svn4273-2 [5641 kB]
2026-10-09T12:16:01.6452705Z Get:4 http://azure.archive.ubuntu.com/ubuntu noble/universe amd64 fonts-tlwg-loma-otf all 1:0.7.3-1 [107 kB]
2026-10-09T12:16:02.2351317Z Get:5 http://azure.archive.ubuntu.com/ubuntu noble/universe amd64 fonts-unifont all 1:15.1.01-1build1 [2993 kB]
2026-10-09T12:16:15.2917168Z Get:6 http://azure.archive.ubuntu.com/ubuntu noble/universe amd64 fonts-wqy-zenhei all 0.9.45-8 [7472 kB]
2026-10-09T12:16:47.9857039Z Get:7 http://azure.archive.ubuntu.com/ubuntu noble-updates/main amd64 libfreetype6 amd64 2.13.2+dfsg-1ubuntu0.2 [403 kB]
2026-10-09T12:16:49.7296181Z Get:8 http://azure.archive.ubuntu.com/ubuntu noble/main amd64 xfonts-encodings all 1:1.0.5-0ubuntu2 [578 kB]
2026-10-09T12:16:52.2064341Z Get:9 http://azure.archive.ubuntu.com/ubuntu noble/main amd64 xfonts-utils amd64 1:7.7+6build3 [94.4 kB]
2026-10-09T12:16:52.7387179Z Get:10 http://azure.archive.ubuntu.com/ubuntu noble/universe amd64 xfonts-cyrillic all 1:1.0.5+nmu1 [384 kB]
2026-10-09T12:16:54.3981657Z Get:11 http://azure.archive.ubuntu.com/ubuntu noble/main amd64 xfonts-scalable all 1:1.0.3-1.3 [304 kB]
2026-10-09T12:16:56.0166758Z Fetched 21.5 MB in 1min 33s (231 kB/s)
2026-10-09T12:16:56.0543459Z Selecting previously unselected package fonts-ipafont-gothic.
2026-10-09T12:16:56.0821766Z (Reading database ... 
2026-10-09T12:16:56.0822255Z (Reading database ... 5%
2026-10-09T12:16:56.0822578Z (Reading database ... 10%
2026-10-09T12:16:56.0822866Z (Reading database ... 15%
2026-10-09T12:16:56.0823140Z (Reading database ... 20%
2026-10-09T12:16:56.0823408Z (Reading database ... 25%
2026-10-09T12:16:56.0823713Z (Reading database ... 30%
2026-10-09T12:16:56.0823985Z (Reading database ... 35%
2026-10-09T12:16:56.0824250Z (Reading database ... 40%
2026-10-09T12:16:56.0824522Z (Reading database ... 45%
2026-10-09T12:16:56.0824790Z (Reading database ... 50%
2026-10-09T12:16:56.0865818Z (Reading database ... 55%
2026-10-09T12:16:56.2058959Z (Reading database ... 60%
2026-10-09T12:16:56.3971386Z (Reading database ... 65%
2026-10-09T12:16:56.6032173Z (Reading database ... 70%
2026-10-09T12:16:56.8030670Z (Reading database ... 75%
2026-10-09T12:16:56.9510686Z (Reading database ... 80%
2026-10-09T12:16:57.1044551Z (Reading database ... 85%
2026-10-09T12:16:57.2474713Z (Reading database ... 90%
2026-10-09T12:16:58.2516274Z (Reading database ... 95%
2026-10-09T12:16:58.2516890Z (Reading database ... 100%
2026-10-09T12:16:58.2517739Z (Reading database ... 203191 files and directories currently installed.)
2026-10-09T12:16:58.2562809Z Preparing to unpack .../0-fonts-ipafont-gothic_00303-21ubuntu1_all.deb ...
2026-10-09T12:16:58.2654598Z Unpacking fonts-ipafont-gothic (00303-21ubuntu1) ...
2026-10-09T12:16:58.4965518Z Selecting previously unselected package fonts-freefont-ttf.
2026-10-09T12:16:58.5093620Z Preparing to unpack .../1-fonts-freefont-ttf_20211204+svn4273-2_all.deb ...
2026-10-09T12:16:58.5100303Z Unpacking fonts-freefont-ttf (20211204+svn4273-2) ...
2026-10-09T12:16:58.5881947Z Selecting previously unselected package fonts-tlwg-loma-otf.
2026-10-09T12:16:58.6004743Z Preparing to unpack .../2-fonts-tlwg-loma-otf_1%3a0.7.3-1_all.deb ...
2026-10-09T12:16:58.6011696Z Unpacking fonts-tlwg-loma-otf (1:0.7.3-1) ...
2026-10-09T12:16:58.6273715Z Selecting previously unselected package fonts-unifont.
2026-10-09T12:16:58.6400131Z Preparing to unpack .../3-fonts-unifont_1%3a15.1.01-1build1_all.deb ...
2026-10-09T12:16:58.6407458Z Unpacking fonts-unifont (1:15.1.01-1build1) ...
2026-10-09T12:16:58.7497393Z Selecting previously unselected package fonts-wqy-zenhei.
2026-10-09T12:16:58.7623946Z Preparing to unpack .../4-fonts-wqy-zenhei_0.9.45-8_all.deb ...
2026-10-09T12:16:58.7730927Z Unpacking fonts-wqy-zenhei (0.9.45-8) ...
2026-10-09T12:16:59.2507229Z Preparing to unpack .../5-libfreetype6_2.13.2+dfsg-1ubuntu0.2_amd64.deb ...
2026-10-09T12:16:59.2540969Z Unpacking libfreetype6:amd64 (2.13.2+dfsg-1ubuntu0.2) over (2.13.2+dfsg-1ubuntu0.1) ...
2026-10-09T12:16:59.2781477Z Selecting previously unselected package xfonts-encodings.
2026-10-09T12:16:59.2910046Z Preparing to unpack .../6-xfonts-encodings_1%3a1.0.5-0ubuntu2_all.deb ...
2026-10-09T12:16:59.2916929Z Unpacking xfonts-encodings (1:1.0.5-0ubuntu2) ...
2026-10-09T12:16:59.3193842Z Selecting previously unselected package xfonts-utils.
2026-10-09T12:16:59.3320289Z Preparing to unpack .../7-xfonts-utils_1%3a7.7+6build3_amd64.deb ...
2026-10-09T12:16:59.3326571Z Unpacking xfonts-utils (1:7.7+6build3) ...
2026-10-09T12:16:59.4387062Z Selecting previously unselected package xfonts-cyrillic.
2026-10-09T12:16:59.4510233Z Preparing to unpack .../8-xfonts-cyrillic_1%3a1.0.5+nmu1_all.deb ...
2026-10-09T12:16:59.4517855Z Unpacking xfonts-cyrillic (1:1.0.5+nmu1) ...
2026-10-09T12:16:59.4842517Z Selecting previously unselected package xfonts-scalable.
2026-10-09T12:16:59.4968441Z Preparing to unpack .../9-xfonts-scalable_1%3a1.0.3-1.3_all.deb ...
2026-10-09T12:16:59.4975872Z Unpacking xfonts-scalable (1:1.0.3-1.3) ...
2026-10-09T12:16:59.5392459Z Setting up fonts-wqy-zenhei (0.9.45-8) ...
2026-10-09T12:16:59.5505762Z Setting up fonts-freefont-ttf (20211204+svn4273-2) ...
2026-10-09T12:16:59.5522912Z Setting up fonts-tlwg-loma-otf (1:0.7.3-1) ...
2026-10-09T12:16:59.5542196Z Setting up libfreetype6:amd64 (2.13.2+dfsg-1ubuntu0.2) ...
2026-10-09T12:16:59.5558993Z Setting up xfonts-encodings (1:1.0.5-0ubuntu2) ...
2026-10-09T12:16:59.5575846Z Setting up fonts-ipafont-gothic (00303-21ubuntu1) ...
2026-10-09T12:16:59.5641658Z update-alternatives: using /usr/share/fonts/opentype/ipafont-gothic/ipag.ttf to provide /usr/share/fonts/truetype/fonts-japanese-gothic.ttf (fonts-japanese-gothic.ttf) in auto mode
2026-10-09T12:16:59.5655953Z Setting up fonts-unifont (1:15.1.01-1build1) ...
2026-10-09T12:16:59.5672597Z Setting up xfonts-utils (1:7.7+6build3) ...
2026-10-09T12:16:59.5728774Z Setting up xfonts-cyrillic (1:1.0.5+nmu1) ...
2026-10-09T12:16:59.6053920Z Setting up xfonts-scalable (1:1.0.3-1.3) ...
2026-10-09T12:16:59.6329112Z Processing triggers for libc-bin (2.39-0ubuntu8.9) ...
2026-10-09T12:16:59.7346444Z Processing triggers for man-db (2.12.0-4build2) ...
2026-10-09T12:16:59.7367903Z Not building database; man-db/auto-update is not 'true'.
2026-10-09T12:16:59.7379447Z Processing triggers for fontconfig (2.15.0-1.1ubuntu2) ...
2026-10-09T12:17:01.3310163Z 
2026-10-09T12:17:01.3310763Z Running kernel seems to be up-to-date.
2026-10-09T12:17:01.3311090Z 
2026-10-09T12:17:01.3311243Z Restarting services...
2026-10-09T12:17:01.3393266Z  systemctl restart php8.3-fpm.service
2026-10-09T12:17:01.4587308Z 
2026-10-09T12:17:01.4588582Z No containers need to be restarted.
2026-10-09T12:17:01.4588970Z 
2026-10-09T12:17:01.4589450Z No user sessions are running outdated binaries.
2026-10-09T12:17:01.4589900Z 
2026-10-09T12:17:01.4590566Z No VM guests are running outdated hypervisor (qemu) binaries on this host.
2026-10-09T12:17:02.4542577Z Downloading Chrome for Testing 151.0.7922.34 (playwright chromium v1234) from https://cdn.playwright.dev/builds/cft/151.0.7922.34/linux64/chrome-linux64.zip
2026-10-09T12:17:03.5322371Z |                                                                                |   0% of 184.3 MiB
2026-10-09T12:17:03.7431497Z |■■■■■■■■                                                                        |  10% of 184.3 MiB
2026-10-09T12:17:03.8399407Z |■■■■■■■■■■■■■■■■                                                                |  20% of 184.3 MiB
2026-10-09T12:17:03.9139586Z |■■■■■■■■■■■■■■■■■■■■■■■■                                                        |  30% of 184.3 MiB
2026-10-09T12:17:03.9959838Z |■■■■■■■■■■■■■■■■■■■■■■■■■■■■■■■■                                                |  40% of 184.3 MiB
2026-10-09T12:17:04.0747052Z |■■■■■■■■■■■■■■■■■■■■■■■■■■■■■■■■■■■■■■■■                                        |  50% of 184.3 MiB
2026-10-09T12:17:04.1526265Z |■■■■■■■■■■■■■■■■■■■■■■■■■■■■■■■■■■■■■■■■■■■■■■■■                                |  60% of 184.3 MiB
2026-10-09T12:17:04.2282299Z |■■■■■■■■■■■■■■■■■■■■■■■■■■■■■■■■■■■■■■■■■■■■■■■■■■■■■■■■                        |  70% of 184.3 MiB
2026-10-09T12:17:04.3025745Z |■■■■■■■■■■■■■■■■■■■■■■■■■■■■■■■■■■■■■■■■■■■■■■■■■■■■■■■■■■■■■■■■                |  80% of 184.3 MiB
2026-10-09T12:17:04.3751839Z |■■■■■■■■■■■■■■■■■■■■■■■■■■■■■■■■■■■■■■■■■■■■■■■■■■■■■■■■■■■■■■■■■■■■■■■■        |  90% of 184.3 MiB
2026-10-09T12:17:04.4465408Z |■■■■■■■■■■■■■■■■■■■■■■■■■■■■■■■■■■■■■■■■■■■■■■■■■■■■■■■■■■■■■■■■■■■■■■■■■■■■■■■■| 100% of 184.3 MiB
2026-10-09T12:17:07.2333776Z Chrome for Testing 151.0.7922.34 (playwright chromium v1234) downloaded to /home/runner/work/_temp/novel-ci-frontend.fo4aho/cache/ms-playwright/chromium-1234
2026-10-09T12:17:07.2337298Z Downloading FFmpeg (playwright ffmpeg v1011) from https://cdn.playwright.dev/dbazure/download/playwright/builds/ffmpeg/1011/ffmpeg-linux.zip
2026-10-09T12:17:08.2638417Z |                                                                                |   0% of 2.3 MiB
2026-10-09T12:17:08.2892562Z |■■■■■■■■                                                                        |  10% of 2.3 MiB
2026-10-09T12:17:08.3063317Z |■■■■■■■■■■■■■■■■                                                                |  20% of 2.3 MiB
2026-10-09T12:17:08.3170884Z |■■■■■■■■■■■■■■■■■■■■■■■■                                                        |  30% of 2.3 MiB
2026-10-09T12:17:08.3262605Z |■■■■■■■■■■■■■■■■■■■■■■■■■■■■■■■■                                                |  40% of 2.3 MiB
2026-10-09T12:17:08.3286781Z |■■■■■■■■■■■■■■■■■■■■■■■■■■■■■■■■■■■■■■■■                                        |  50% of 2.3 MiB
2026-10-09T12:17:08.3379004Z |■■■■■■■■■■■■■■■■■■■■■■■■■■■■■■■■■■■■■■■■■■■■■■■■                                |  60% of 2.3 MiB
2026-10-09T12:17:08.3399424Z |■■■■■■■■■■■■■■■■■■■■■■■■■■■■■■■■■■■■■■■■■■■■■■■■■■■■■■■■                        |  70% of 2.3 MiB
2026-10-09T12:17:08.3415739Z |■■■■■■■■■■■■■■■■■■■■■■■■■■■■■■■■■■■■■■■■■■■■■■■■■■■■■■■■■■■■■■■■                |  80% of 2.3 MiB
2026-10-09T12:17:08.3496538Z |■■■■■■■■■■■■■■■■■■■■■■■■■■■■■■■■■■■■■■■■■■■■■■■■■■■■■■■■■■■■■■■■■■■■■■■■        |  90% of 2.3 MiB
2026-10-09T12:17:08.3507590Z |■■■■■■■■■■■■■■■■■■■■■■■■■■■■■■■■■■■■■■■■■■■■■■■■■■■■■■■■■■■■■■■■■■■■■■■■■■■■■■■■| 100% of 2.3 MiB
2026-10-09T12:17:08.4119835Z FFmpeg (playwright ffmpeg v1011) downloaded to /home/runner/work/_temp/novel-ci-frontend.fo4aho/cache/ms-playwright/ffmpeg-1011
2026-10-09T12:17:08.4122787Z Downloading Chrome Headless Shell 151.0.7922.34 (playwright chromium-headless-shell v1234) from https://cdn.playwright.dev/builds/cft/151.0.7922.34/linux64/chrome-headless-shell-linux64.zip
2026-10-09T12:17:09.4504349Z |                                                                                |   0% of 114.7 MiB
2026-10-09T12:17:09.6412931Z |■■■■■■■■                                                                        |  10% of 114.7 MiB
2026-10-09T12:17:09.6987381Z |■■■■■■■■■■■■■■■■                                                                |  20% of 114.7 MiB
2026-10-09T12:17:09.7527442Z |■■■■■■■■■■■■■■■■■■■■■■■■                                                        |  30% of 114.7 MiB
2026-10-09T12:17:09.7953821Z |■■■■■■■■■■■■■■■■■■■■■■■■■■■■■■■■                                                |  40% of 114.7 MiB
2026-10-09T12:17:09.8392564Z |■■■■■■■■■■■■■■■■■■■■■■■■■■■■■■■■■■■■■■■■                                        |  50% of 114.7 MiB
2026-10-09T12:17:09.8853064Z |■■■■■■■■■■■■■■■■■■■■■■■■■■■■■■■■■■■■■■■■■■■■■■■■                                |  60% of 114.7 MiB
2026-10-09T12:17:09.9362371Z |■■■■■■■■■■■■■■■■■■■■■■■■■■■■■■■■■■■■■■■■■■■■■■■■■■■■■■■■                        |  70% of 114.7 MiB
2026-10-09T12:17:09.9769113Z |■■■■■■■■■■■■■■■■■■■■■■■■■■■■■■■■■■■■■■■■■■■■■■■■■■■■■■■■■■■■■■■■                |  80% of 114.7 MiB
2026-10-09T12:17:10.0222448Z |■■■■■■■■■■■■■■■■■■■■■■■■■■■■■■■■■■■■■■■■■■■■■■■■■■■■■■■■■■■■■■■■■■■■■■■■        |  90% of 114.7 MiB
2026-10-09T12:17:10.0671005Z |■■■■■■■■■■■■■■■■■■■■■■■■■■■■■■■■■■■■■■■■■■■■■■■■■■■■■■■■■■■■■■■■■■■■■■■■■■■■■■■■| 100% of 114.7 MiB
2026-10-09T12:17:12.0799633Z Chrome Headless Shell 151.0.7922.34 (playwright chromium-headless-shell v1234) downloaded to /home/runner/work/_temp/novel-ci-frontend.fo4aho/cache/ms-playwright/chromium_headless_shell-1234
2026-10-09T12:17:12.0997997Z ##[group]Run set -o pipefail
2026-10-09T12:17:12.0998310Z [36;1mset -o pipefail[0m
2026-10-09T12:17:12.0998674Z [36;1mpnpm exec playwright test --config playwright.visual.config.ts \[0m
2026-10-09T12:17:12.0999214Z [36;1m  --grep 'shell geometry|compact desktop|Local AI' --update-snapshots=none \[0m
2026-10-09T12:17:12.0999729Z [36;1m  --reporter=list,junit 2>&1 | tee "$CI_RECEIPTS/geometry.log"[0m
2026-10-09T12:17:12.1064434Z shell: /usr/bin/bash -e {0}
2026-10-09T12:17:12.1064699Z env:
2026-10-09T12:17:12.1065439Z   MOCK_PROVIDER: true
2026-10-09T12:17:12.1065717Z   MOCK_STREAM_DELAY_MS: 0
2026-10-09T12:17:12.1065940Z   ENABLE_CLOUD: false
2026-10-09T12:17:12.1066158Z   CREDENTIAL_VAULT_BACKEND: memory
2026-10-09T12:17:12.1066440Z   CREDENTIAL_VAULT_ALLOW_MEMORY_FALLBACK: true
2026-10-09T12:17:12.1066733Z   PYTHONDONTWRITEBYTECODE: 1
2026-10-09T12:17:12.1066968Z   HF_HUB_OFFLINE: 1
2026-10-09T12:17:12.1067175Z   TRANSFORMERS_OFFLINE: 1
2026-10-09T12:17:12.1067523Z   pythonLocation: /opt/hostedtoolcache/Python/3.12.9/x64
2026-10-09T12:17:12.1067943Z   PKG_CONFIG_PATH: /opt/hostedtoolcache/Python/3.12.9/x64/lib/pkgconfig
2026-10-09T12:17:12.1068350Z   Python_ROOT_DIR: /opt/hostedtoolcache/Python/3.12.9/x64
2026-10-09T12:17:12.1068720Z   Python2_ROOT_DIR: /opt/hostedtoolcache/Python/3.12.9/x64
2026-10-09T12:17:12.1069085Z   Python3_ROOT_DIR: /opt/hostedtoolcache/Python/3.12.9/x64
2026-10-09T12:17:12.1069452Z   LD_LIBRARY_PATH: /opt/hostedtoolcache/Python/3.12.9/x64/lib
2026-10-09T12:17:12.1069843Z   CI_COVERAGE_SHA: 09cc0edc25fad8f82377650a504beb65af99c0bf
2026-10-09T12:17:12.1070205Z   CI_COVERAGE_TREE: f800c0e8a6d920e8836a027707c8078c5a8421f2
2026-10-09T12:17:12.1070576Z   CI_SANDBOX: /home/runner/work/_temp/novel-ci-frontend.fo4aho
2026-10-09T12:17:12.1070987Z   CI_PROJECT: /home/runner/work/_temp/novel-ci-frontend.fo4aho/project
2026-10-09T12:17:12.1071435Z   CI_RECEIPTS: /home/runner/work/_temp/novel-ci-frontend.fo4aho/receipts
2026-10-09T12:17:12.1071859Z   HOME: /home/runner/work/_temp/novel-ci-frontend.fo4aho/home
2026-10-09T12:17:12.1072261Z   USERPROFILE: /home/runner/work/_temp/novel-ci-frontend.fo4aho/home
2026-10-09T12:17:12.1072686Z   APPDATA: /home/runner/work/_temp/novel-ci-frontend.fo4aho/appdata
2026-10-09T12:17:12.1073149Z   LOCALAPPDATA: /home/runner/work/_temp/novel-ci-frontend.fo4aho/localappdata
2026-10-09T12:17:12.1073626Z   XDG_CONFIG_HOME: /home/runner/work/_temp/novel-ci-frontend.fo4aho/config
2026-10-09T12:17:12.1074079Z   XDG_CACHE_HOME: /home/runner/work/_temp/novel-ci-frontend.fo4aho/cache
2026-10-09T12:17:12.1074518Z   XDG_DATA_HOME: /home/runner/work/_temp/novel-ci-frontend.fo4aho/data
2026-10-09T12:17:12.1074946Z   XDG_STATE_HOME: /home/runner/work/_temp/novel-ci-frontend.fo4aho/state
2026-10-09T12:17:12.1075661Z   TMPDIR: /home/runner/work/_temp/novel-ci-frontend.fo4aho/tmp
2026-10-09T12:17:12.1076042Z   TMP: /home/runner/work/_temp/novel-ci-frontend.fo4aho/tmp
2026-10-09T12:17:12.1076418Z   TEMP: /home/runner/work/_temp/novel-ci-frontend.fo4aho/tmp
2026-10-09T12:17:12.1076825Z   PROJECT_ROOT: /home/runner/work/_temp/novel-ci-frontend.fo4aho/project
2026-10-09T12:17:12.1077311Z   NOVEL_DATA_PATH: /home/runner/work/_temp/novel-ci-frontend.fo4aho/data/novels
2026-10-09T12:17:12.1077800Z   BACKUP_PATH: /home/runner/work/_temp/novel-ci-frontend.fo4aho/data/backups
2026-10-09T12:17:12.1078343Z   DATABASE_BACKUP_PATH: /home/runner/work/_temp/novel-ci-frontend.fo4aho/data/database-backups
2026-10-09T12:17:12.1078933Z   KNOWLEDGE_SOURCE_PATH: /home/runner/work/_temp/novel-ci-frontend.fo4aho/data/novels
2026-10-09T12:17:12.1079546Z   PLAYWRIGHT_JUNIT_OUTPUT_FILE: /home/runner/work/_temp/novel-ci-frontend.fo4aho/receipts/geometry.xml
2026-10-09T12:17:12.1080024Z ##[endgroup]
2026-10-09T12:17:13.9757526Z 
2026-10-09T12:17:13.9758212Z Running 9 tests using 1 worker
2026-10-09T12:17:13.9758815Z 
2026-10-09T12:17:16.2313398Z   ✓  1 [chromium] › tests/visual/design-system.spec.ts:14:124 › shell geometry 1024x768 (456ms)
2026-10-09T12:17:16.6339615Z   ✓  2 [chromium] › tests/visual/design-system.spec.ts:14:124 › shell geometry 1366x768 (389ms)
2026-10-09T12:17:17.0326884Z   ✓  3 [chromium] › tests/visual/design-system.spec.ts:14:124 › shell geometry 1440x900 (384ms)
2026-10-09T12:17:17.4261921Z   ✓  4 [chromium] › tests/visual/design-system.spec.ts:14:124 › shell geometry 1920x1080 (382ms)
2026-10-09T12:17:17.8096592Z   ✓  5 [chromium] › tests/visual/design-system.spec.ts:25:1 › compact desktop keeps the workspace within the viewport (370ms)
2026-10-09T12:17:22.1549112Z   ✓  6 [chromium] › tests/visual/local-ai-discovery.spec.ts:50:1 › Local AI requires each explicit lifecycle action before routing (4.3s)
2026-10-09T12:17:23.6980604Z   ✓  7 [chromium] › tests/visual/local-ai-discovery.spec.ts:78:3 › Local AI preserves shell and model geometry 1366x768 (1.5s)
2026-10-09T12:17:25.4702931Z   ✓  8 [chromium] › tests/visual/local-ai-discovery.spec.ts:78:3 › Local AI preserves shell and model geometry 1440x900 (1.8s)
2026-10-09T12:17:27.2926773Z   ✓  9 [chromium] › tests/visual/local-ai-discovery.spec.ts:78:3 › Local AI preserves shell and model geometry 1920x1080 (1.8s)
2026-10-09T12:17:27.3989968Z 
2026-10-09T12:17:27.3994684Z   9 passed (14.2s)
2026-10-09T12:17:27.4296826Z ##[group]Run python -m pip install -c .github/ci/python-constraints.txt -e '.[dev,fontbuild,otio,comic]'
2026-10-09T12:17:27.4297610Z [36;1mpython -m pip install -c .github/ci/python-constraints.txt -e '.[dev,fontbuild,otio,comic]'[0m
2026-10-09T12:17:27.4362882Z shell: /usr/bin/bash -e {0}
2026-10-09T12:17:27.4363170Z env:
2026-10-09T12:17:27.4363403Z   MOCK_PROVIDER: true
2026-10-09T12:17:27.4363652Z   MOCK_STREAM_DELAY_MS: 0
2026-10-09T12:17:27.4363901Z   ENABLE_CLOUD: false
2026-10-09T12:17:27.4364151Z   CREDENTIAL_VAULT_BACKEND: memory
2026-10-09T12:17:27.4364475Z   CREDENTIAL_VAULT_ALLOW_MEMORY_FALLBACK: true
2026-10-09T12:17:27.4364809Z   PYTHONDONTWRITEBYTECODE: 1
2026-10-09T12:17:27.4365076Z   HF_HUB_OFFLINE: 1
2026-10-09T12:17:27.4365675Z   TRANSFORMERS_OFFLINE: 1
2026-10-09T12:17:27.4365994Z   pythonLocation: /opt/hostedtoolcache/Python/3.12.9/x64
2026-10-09T12:17:27.4366469Z   PKG_CONFIG_PATH: /opt/hostedtoolcache/Python/3.12.9/x64/lib/pkgconfig
2026-10-09T12:17:27.4366975Z   Python_ROOT_DIR: /opt/hostedtoolcache/Python/3.12.9/x64
2026-10-09T12:17:27.4367395Z   Python2_ROOT_DIR: /opt/hostedtoolcache/Python/3.12.9/x64
2026-10-09T12:17:27.4367814Z   Python3_ROOT_DIR: /opt/hostedtoolcache/Python/3.12.9/x64
2026-10-09T12:17:27.4368234Z   LD_LIBRARY_PATH: /opt/hostedtoolcache/Python/3.12.9/x64/lib
2026-10-09T12:17:27.4368674Z   CI_COVERAGE_SHA: 09cc0edc25fad8f82377650a504beb65af99c0bf
2026-10-09T12:17:27.4369086Z   CI_COVERAGE_TREE: f800c0e8a6d920e8836a027707c8078c5a8421f2
2026-10-09T12:17:27.4369526Z   CI_SANDBOX: /home/runner/work/_temp/novel-ci-frontend.fo4aho
2026-10-09T12:17:27.4370004Z   CI_PROJECT: /home/runner/work/_temp/novel-ci-frontend.fo4aho/project
2026-10-09T12:17:27.4370523Z   CI_RECEIPTS: /home/runner/work/_temp/novel-ci-frontend.fo4aho/receipts
2026-10-09T12:17:27.4371003Z   HOME: /home/runner/work/_temp/novel-ci-frontend.fo4aho/home
2026-10-09T12:17:27.4371470Z   USERPROFILE: /home/runner/work/_temp/novel-ci-frontend.fo4aho/home
2026-10-09T12:17:27.4371969Z   APPDATA: /home/runner/work/_temp/novel-ci-frontend.fo4aho/appdata
2026-10-09T12:17:27.4372499Z   LOCALAPPDATA: /home/runner/work/_temp/novel-ci-frontend.fo4aho/localappdata
2026-10-09T12:17:27.4373056Z   XDG_CONFIG_HOME: /home/runner/work/_temp/novel-ci-frontend.fo4aho/config
2026-10-09T12:17:27.4373585Z   XDG_CACHE_HOME: /home/runner/work/_temp/novel-ci-frontend.fo4aho/cache
2026-10-09T12:17:27.4374084Z   XDG_DATA_HOME: /home/runner/work/_temp/novel-ci-frontend.fo4aho/data
2026-10-09T12:17:27.4374537Z   XDG_STATE_HOME: /home/runner/work/_temp/novel-ci-frontend.fo4aho/state
2026-10-09T12:17:27.4374963Z   TMPDIR: /home/runner/work/_temp/novel-ci-frontend.fo4aho/tmp
2026-10-09T12:17:27.4375984Z   TMP: /home/runner/work/_temp/novel-ci-frontend.fo4aho/tmp
2026-10-09T12:17:27.4376381Z   TEMP: /home/runner/work/_temp/novel-ci-frontend.fo4aho/tmp
2026-10-09T12:17:27.4376804Z   PROJECT_ROOT: /home/runner/work/_temp/novel-ci-frontend.fo4aho/project
2026-10-09T12:17:27.4377333Z   NOVEL_DATA_PATH: /home/runner/work/_temp/novel-ci-frontend.fo4aho/data/novels
2026-10-09T12:17:27.4377843Z   BACKUP_PATH: /home/runner/work/_temp/novel-ci-frontend.fo4aho/data/backups
2026-10-09T12:17:27.4378403Z   DATABASE_BACKUP_PATH: /home/runner/work/_temp/novel-ci-frontend.fo4aho/data/database-backups
2026-10-09T12:17:27.4379007Z   KNOWLEDGE_SOURCE_PATH: /home/runner/work/_temp/novel-ci-frontend.fo4aho/data/novels
2026-10-09T12:17:27.4379648Z ##[endgroup]
2026-10-09T12:17:28.4347864Z Obtaining file:///home/runner/work/_temp/novel-ci-frontend.fo4aho/project
2026-10-09T12:17:28.4366567Z   Installing build dependencies: started
2026-10-09T12:17:29.8291004Z   Installing build dependencies: finished with status 'done'
2026-10-09T12:17:29.8297509Z   Checking if build backend supports build_editable: started
2026-10-09T12:17:30.5433154Z   Checking if build backend supports build_editable: finished with status 'done'
2026-10-09T12:17:30.5443555Z   Getting requirements to build editable: started
2026-10-09T12:17:31.4922271Z   Getting requirements to build editable: finished with status 'done'
2026-10-09T12:17:31.4931733Z   Preparing editable metadata (pyproject.toml): started
2026-10-09T12:17:32.4467504Z   Preparing editable metadata (pyproject.toml): finished with status 'done'
2026-10-09T12:17:32.5813216Z Collecting fastapi<1,>=0.115 (from ai-novel-studio==0.7.0)
2026-10-09T12:17:32.6556582Z   Downloading fastapi-0.142.2-py3-none-any.whl.metadata (27 kB)
2026-10-09T12:17:32.7027727Z Collecting uvicorn<1,>=0.30 (from ai-novel-studio==0.7.0)
2026-10-09T12:17:32.7158454Z   Downloading uvicorn-0.54.0-py3-none-any.whl.metadata (6.6 kB)
2026-10-09T12:17:32.7434411Z Collecting psycopg<4,>=3.2 (from psycopg[binary]<4,>=3.2->ai-novel-studio==0.7.0)
2026-10-09T12:17:32.7568147Z   Downloading psycopg-3.3.6-py3-none-any.whl.metadata (4.4 kB)
2026-10-09T12:17:33.1312576Z Collecting sqlalchemy<3,>=2.0 (from ai-novel-studio==0.7.0)
2026-10-09T12:17:33.1436708Z   Downloading sqlalchemy-2.1.3-cp312-cp312-manylinux2014_x86_64.manylinux_2_17_x86_64.manylinux_2_28_x86_64.whl.metadata (9.7 kB)
2026-10-09T12:17:33.1742218Z Collecting httpx<1,>=0.27 (from ai-novel-studio==0.7.0)
2026-10-09T12:17:33.1871710Z   Downloading httpx-0.28.1-py3-none-any.whl.metadata (7.1 kB)
2026-10-09T12:17:33.2113294Z Collecting pydantic-settings<3,>=2.6 (from ai-novel-studio==0.7.0)
2026-10-09T12:17:33.2235085Z   Downloading pydantic_settings-2.15.0-py3-none-any.whl.metadata (3.9 kB)
2026-10-09T12:17:33.3475843Z Collecting reportlab<5,>=4.0 (from ai-novel-studio==0.7.0)
2026-10-09T12:17:33.3599877Z   Downloading reportlab-4.5.1-py3-none-any.whl.metadata (1.7 kB)
2026-10-09T12:17:33.3896408Z Collecting pypdf==6.19.0 (from ai-novel-studio==0.7.0)
2026-10-09T12:17:33.4016816Z   Downloading pypdf-6.19.0-py3-none-any.whl.metadata (7.5 kB)
2026-10-09T12:17:33.4335956Z Collecting jsonschema<5,>=4.18 (from ai-novel-studio==0.7.0)
2026-10-09T12:17:33.4473480Z   Downloading jsonschema-4.26.0-py3-none-any.whl.metadata (7.6 kB)
2026-10-09T12:17:33.4878596Z Collecting pytest<9,>=8 (from ai-novel-studio==0.7.0)
2026-10-09T12:17:33.5000952Z   Downloading pytest-8.4.2-py3-none-any.whl.metadata (7.7 kB)
2026-10-09T12:17:33.6703843Z Collecting fonttools==4.59.1 (from ai-novel-studio==0.7.0)
2026-10-09T12:17:33.6844306Z   Downloading fonttools-4.59.1-cp312-cp312-manylinux1_x86_64.manylinux2014_x86_64.manylinux_2_17_x86_64.manylinux_2_5_x86_64.whl.metadata (108 kB)
2026-10-09T12:17:33.7399963Z Collecting opentimelineio==0.18.1 (from ai-novel-studio==0.7.0)
2026-10-09T12:17:33.7535583Z   Downloading opentimelineio-0.18.1-cp312-cp312-manylinux2014_x86_64.manylinux_2_17_x86_64.whl.metadata (2.6 kB)
2026-10-09T12:17:33.9655893Z Collecting Pillow==12.3.0 (from ai-novel-studio==0.7.0)
2026-10-09T12:17:33.9784579Z   Downloading pillow-12.3.0-cp312-cp312-manylinux_2_27_x86_64.manylinux_2_28_x86_64.whl.metadata (9.1 kB)
2026-10-09T12:17:34.0159700Z Collecting starlette>=0.46.0 (from fastapi<1,>=0.115->ai-novel-studio==0.7.0)
2026-10-09T12:17:34.0283882Z   Downloading starlette-1.7.0-py3-none-any.whl.metadata (6.6 kB)
2026-10-09T12:17:34.1448041Z Collecting pydantic>=2.9.0 (from fastapi<1,>=0.115->ai-novel-studio==0.7.0)
2026-10-09T12:17:34.1572730Z   Downloading pydantic-2.13.5-py3-none-any.whl.metadata (110 kB)
2026-10-09T12:17:34.1878460Z Collecting typing-extensions>=4.8.0 (from fastapi<1,>=0.115->ai-novel-studio==0.7.0)
2026-10-09T12:17:34.2003145Z   Downloading typing_extensions-4.16.0-py3-none-any.whl.metadata (3.3 kB)
2026-10-09T12:17:34.2207524Z Collecting typing-inspection>=0.4.2 (from fastapi<1,>=0.115->ai-novel-studio==0.7.0)
2026-10-09T12:17:34.2332929Z   Downloading typing_inspection-0.4.4-py3-none-any.whl.metadata (2.6 kB)
2026-10-09T12:17:34.2538063Z Collecting annotated-doc>=0.0.2 (from fastapi<1,>=0.115->ai-novel-studio==0.7.0)
2026-10-09T12:17:34.2662846Z   Downloading annotated_doc-0.0.5-py3-none-any.whl.metadata (6.5 kB)
2026-10-09T12:17:34.2976352Z Collecting opentelemetry-api>=1.44.0 (from fastapi<1,>=0.115->ai-novel-studio==0.7.0)
2026-10-09T12:17:34.3103264Z   Downloading opentelemetry_api-1.45.0-py3-none-any.whl.metadata (1.4 kB)
2026-10-09T12:17:34.3376318Z Collecting anyio (from httpx<1,>=0.27->ai-novel-studio==0.7.0)
2026-10-09T12:17:34.3524445Z   Downloading anyio-4.15.1-py3-none-any.whl.metadata (4.7 kB)
2026-10-09T12:17:34.3782798Z Collecting certifi (from httpx<1,>=0.27->ai-novel-studio==0.7.0)
2026-10-09T12:17:34.3909539Z   Downloading certifi-2026.7.22-py3-none-any.whl.metadata (2.5 kB)
2026-10-09T12:17:34.4211036Z Collecting httpcore==1.* (from httpx<1,>=0.27->ai-novel-studio==0.7.0)
2026-10-09T12:17:34.4333542Z   Downloading httpcore-1.0.9-py3-none-any.whl.metadata (21 kB)
2026-10-09T12:17:34.4568479Z Collecting idna (from httpx<1,>=0.27->ai-novel-studio==0.7.0)
2026-10-09T12:17:34.4695284Z   Downloading idna-3.20-py3-none-any.whl.metadata (7.2 kB)
2026-10-09T12:17:34.4912998Z Collecting h11>=0.16 (from httpcore==1.*->httpx<1,>=0.27->ai-novel-studio==0.7.0)
2026-10-09T12:17:34.5033841Z   Downloading h11-0.16.0-py3-none-any.whl.metadata (8.3 kB)
2026-10-09T12:17:34.5267315Z Collecting attrs>=22.2.0 (from jsonschema<5,>=4.18->ai-novel-studio==0.7.0)
2026-10-09T12:17:34.5390382Z   Downloading attrs-26.1.0-py3-none-any.whl.metadata (8.8 kB)
2026-10-09T12:17:34.5609066Z Collecting jsonschema-specifications>=2023.03.6 (from jsonschema<5,>=4.18->ai-novel-studio==0.7.0)
2026-10-09T12:17:34.5730300Z   Downloading jsonschema_specifications-2025.9.1-py3-none-any.whl.metadata (2.9 kB)
2026-10-09T12:17:34.6034758Z Collecting referencing>=0.28.4 (from jsonschema<5,>=4.18->ai-novel-studio==0.7.0)
2026-10-09T12:17:34.6158537Z   Downloading referencing-0.37.0-py3-none-any.whl.metadata (2.8 kB)
2026-10-09T12:17:34.8981755Z Collecting rpds-py>=0.25.0 (from jsonschema<5,>=4.18->ai-novel-studio==0.7.0)
2026-10-09T12:17:34.9107897Z   Downloading rpds_py-2026.9.1-cp312-cp312-manylinux_2_17_x86_64.manylinux2014_x86_64.whl.metadata (4.1 kB)
2026-10-09T12:17:35.1059624Z Collecting psycopg-binary==3.3.6 (from psycopg[binary]<4,>=3.2->ai-novel-studio==0.7.0)
2026-10-09T12:17:35.1197505Z   Downloading psycopg_binary-3.3.6-cp312-cp312-manylinux2014_x86_64.manylinux_2_17_x86_64.whl.metadata (2.7 kB)
2026-10-09T12:17:35.1472771Z Collecting python-dotenv>=0.21.0 (from pydantic-settings<3,>=2.6->ai-novel-studio==0.7.0)
2026-10-09T12:17:35.1599115Z   Downloading python_dotenv-1.2.4-py3-none-any.whl.metadata (29 kB)
2026-10-09T12:17:35.1835018Z Collecting iniconfig>=1 (from pytest<9,>=8->ai-novel-studio==0.7.0)
2026-10-09T12:17:35.1956560Z   Downloading iniconfig-2.3.0-py3-none-any.whl.metadata (2.5 kB)
2026-10-09T12:17:35.2199848Z Collecting packaging>=20 (from pytest<9,>=8->ai-novel-studio==0.7.0)
2026-10-09T12:17:35.2322353Z   Downloading packaging-26.3-py3-none-any.whl.metadata (3.5 kB)
2026-10-09T12:17:35.2538746Z Collecting pluggy<2,>=1.5 (from pytest<9,>=8->ai-novel-studio==0.7.0)
2026-10-09T12:17:35.2662048Z   Downloading pluggy-1.6.0-py3-none-any.whl.metadata (4.8 kB)
2026-10-09T12:17:35.2942112Z Collecting pygments>=2.7.2 (from pytest<9,>=8->ai-novel-studio==0.7.0)
2026-10-09T12:17:35.3065885Z   Downloading pygments-2.21.0-py3-none-any.whl.metadata (2.5 kB)
2026-10-09T12:17:35.4439979Z Collecting charset-normalizer (from reportlab<5,>=4.0->ai-novel-studio==0.7.0)
2026-10-09T12:17:35.4567223Z   Downloading charset_normalizer-3.5.2-cp312-cp312-manylinux2014_x86_64.manylinux_2_17_x86_64.manylinux_2_28_x86_64.whl.metadata (46 kB)
2026-10-09T12:17:35.4857941Z Collecting click>=7.0 (from uvicorn<1,>=0.30->ai-novel-studio==0.7.0)
2026-10-09T12:17:35.4981717Z   Downloading click-8.5.0-py3-none-any.whl.metadata (2.6 kB)
2026-10-09T12:17:35.5243073Z Collecting annotated-types>=0.6.0 (from pydantic>=2.9.0->fastapi<1,>=0.115->ai-novel-studio==0.7.0)
2026-10-09T12:17:35.5367950Z   Downloading annotated_types-0.8.0-py3-none-any.whl.metadata (15 kB)
2026-10-09T12:17:36.2501677Z Collecting pydantic-core==2.46.5 (from pydantic>=2.9.0->fastapi<1,>=0.115->ai-novel-studio==0.7.0)
2026-10-09T12:17:36.2630192Z   Downloading pydantic_core-2.46.5-cp312-cp312-manylinux_2_17_x86_64.manylinux2014_x86_64.whl.metadata (6.6 kB)
2026-10-09T12:17:36.2940086Z Downloading fonttools-4.59.1-cp312-cp312-manylinux1_x86_64.manylinux2014_x86_64.manylinux_2_17_x86_64.manylinux_2_5_x86_64.whl (4.9 MB)
2026-10-09T12:17:36.3754976Z    ━━━━━━━━━━━━━━━━━━━━━━━━━━━━━━━━━━━━━━━━ 4.9/4.9 MB 68.3 MB/s  0:00:00
2026-10-09T12:17:36.3888763Z Downloading opentimelineio-0.18.1-cp312-cp312-manylinux2014_x86_64.manylinux_2_17_x86_64.whl (842 kB)
2026-10-09T12:17:36.3945604Z    ━━━━━━━━━━━━━━━━━━━━━━━━━━━━━━━━━━━━━━━━ 842.8/842.8 kB 181.0 MB/s  0:00:00
2026-10-09T12:17:36.4070683Z Downloading pillow-12.3.0-cp312-cp312-manylinux_2_27_x86_64.manylinux_2_28_x86_64.whl (6.9 MB)
2026-10-09T12:17:36.4419704Z    ━━━━━━━━━━━━━━━━━━━━━━━━━━━━━━━━━━━━━━━━ 6.9/6.9 MB 208.4 MB/s  0:00:00
2026-10-09T12:17:36.4544119Z Downloading pypdf-6.19.0-py3-none-any.whl (395 kB)
2026-10-09T12:17:36.4692640Z Downloading fastapi-0.142.2-py3-none-any.whl (144 kB)
2026-10-09T12:17:36.4833804Z Downloading httpx-0.28.1-py3-none-any.whl (73 kB)
2026-10-09T12:17:36.4977511Z Downloading httpcore-1.0.9-py3-none-any.whl (78 kB)
2026-10-09T12:17:36.5124698Z Downloading jsonschema-4.26.0-py3-none-any.whl (90 kB)
2026-10-09T12:17:36.5269375Z Downloading psycopg-3.3.6-py3-none-any.whl (215 kB)
2026-10-09T12:17:36.5416436Z Downloading psycopg_binary-3.3.6-cp312-cp312-manylinux2014_x86_64.manylinux_2_17_x86_64.whl (5.2 MB)
2026-10-09T12:17:36.5603896Z    ━━━━━━━━━━━━━━━━━━━━━━━━━━━━━━━━━━━━━━━━ 5.2/5.2 MB 321.2 MB/s  0:00:00
2026-10-09T12:17:36.5725564Z Downloading pydantic_settings-2.15.0-py3-none-any.whl (69 kB)
2026-10-09T12:17:36.5871181Z Downloading pytest-8.4.2-py3-none-any.whl (365 kB)
2026-10-09T12:17:36.6019210Z Downloading pluggy-1.6.0-py3-none-any.whl (20 kB)
2026-10-09T12:17:36.6162913Z Downloading reportlab-4.5.1-py3-none-any.whl (2.0 MB)
2026-10-09T12:17:36.6251959Z    ━━━━━━━━━━━━━━━━━━━━━━━━━━━━━━━━━━━━━━━━ 2.0/2.0 MB 286.7 MB/s  0:00:00
2026-10-09T12:17:36.6381133Z Downloading sqlalchemy-2.1.3-cp312-cp312-manylinux2014_x86_64.manylinux_2_17_x86_64.manylinux_2_28_x86_64.whl (4.7 MB)
2026-10-09T12:17:36.6602837Z    ━━━━━━━━━━━━━━━━━━━━━━━━━━━━━━━━━━━━━━━━ 4.7/4.7 MB 232.8 MB/s  0:00:00
2026-10-09T12:17:36.6727770Z Downloading uvicorn-0.54.0-py3-none-any.whl (87 kB)
2026-10-09T12:17:36.6878965Z Downloading annotated_doc-0.0.5-py3-none-any.whl (5.3 kB)
2026-10-09T12:17:36.7017509Z Downloading attrs-26.1.0-py3-none-any.whl (67 kB)
2026-10-09T12:17:36.7159861Z Downloading click-8.5.0-py3-none-any.whl (125 kB)
2026-10-09T12:17:36.7304709Z Downloading h11-0.16.0-py3-none-any.whl (37 kB)
2026-10-09T12:17:36.7442161Z Downloading iniconfig-2.3.0-py3-none-any.whl (7.5 kB)
2026-10-09T12:17:36.7581890Z Downloading jsonschema_specifications-2025.9.1-py3-none-any.whl (18 kB)
2026-10-09T12:17:36.7720937Z Downloading opentelemetry_api-1.45.0-py3-none-any.whl (60 kB)
2026-10-09T12:17:36.7860600Z Downloading packaging-26.3-py3-none-any.whl (129 kB)
2026-10-09T12:17:36.8010234Z Downloading pydantic-2.13.5-py3-none-any.whl (472 kB)
2026-10-09T12:17:36.8166754Z Downloading pydantic_core-2.46.5-cp312-cp312-manylinux_2_17_x86_64.manylinux2014_x86_64.whl (2.1 MB)
2026-10-09T12:17:36.8256583Z    ━━━━━━━━━━━━━━━━━━━━━━━━━━━━━━━━━━━━━━━━ 2.1/2.1 MB 290.0 MB/s  0:00:00
2026-10-09T12:17:36.8379861Z Downloading annotated_types-0.8.0-py3-none-any.whl (13 kB)
2026-10-09T12:17:36.8523584Z Downloading pygments-2.21.0-py3-none-any.whl (1.3 MB)
2026-10-09T12:17:36.8592736Z    ━━━━━━━━━━━━━━━━━━━━━━━━━━━━━━━━━━━━━━━━ 1.3/1.3 MB 234.3 MB/s  0:00:00
2026-10-09T12:17:36.8718359Z Downloading python_dotenv-1.2.4-py3-none-any.whl (23 kB)
2026-10-09T12:17:36.8858847Z Downloading referencing-0.37.0-py3-none-any.whl (26 kB)
2026-10-09T12:17:36.9002648Z Downloading rpds_py-2026.9.1-cp312-cp312-manylinux_2_17_x86_64.manylinux2014_x86_64.whl (371 kB)
2026-10-09T12:17:36.9153195Z Downloading starlette-1.7.0-py3-none-any.whl (78 kB)
2026-10-09T12:17:36.9297117Z Downloading anyio-4.15.1-py3-none-any.whl (132 kB)
2026-10-09T12:17:36.9441245Z Downloading idna-3.20-py3-none-any.whl (69 kB)
2026-10-09T12:17:36.9590813Z Downloading typing_extensions-4.16.0-py3-none-any.whl (45 kB)
2026-10-09T12:17:36.9740339Z Downloading typing_inspection-0.4.4-py3-none-any.whl (14 kB)
2026-10-09T12:17:36.9884877Z Downloading certifi-2026.7.22-py3-none-any.whl (136 kB)
2026-10-09T12:17:37.0032884Z Downloading charset_normalizer-3.5.2-cp312-cp312-manylinux2014_x86_64.manylinux_2_17_x86_64.manylinux_2_28_x86_64.whl (257 kB)
2026-10-09T12:17:37.1359229Z Building wheels for collected packages: ai-novel-studio
2026-10-09T12:17:37.1367849Z   Building editable for ai-novel-studio (pyproject.toml): started
2026-10-09T12:17:38.1284248Z   Building editable for ai-novel-studio (pyproject.toml): finished with status 'done'
2026-10-09T12:17:38.1291609Z   Created wheel for ai-novel-studio: filename=ai_novel_studio-0.7.0-0.editable-py3-none-any.whl size=3181 sha256=f743a87a4b321b2d223a81a9594ac3178208978e70305d9153d660d440f3b6a9
2026-10-09T12:17:38.1294747Z   Stored in directory: /home/runner/work/_temp/novel-ci-frontend.fo4aho/tmp/pip-ephem-wheel-cache-eejd_ytr/wheels/2c/31/15/862b5c9bbd8f69f865ad1d7212c6946141c7ce9a61c4f6522b
2026-10-09T12:17:38.1310135Z Successfully built ai-novel-studio
2026-10-09T12:17:38.2351390Z Installing collected packages: typing-extensions, rpds-py, python-dotenv, pypdf, pygments, psycopg-binary, pluggy, Pillow, packaging, opentimelineio, iniconfig, idna, h11, fonttools, click, charset-normalizer, certifi, attrs, annotated-types, annotated-doc, uvicorn, typing-inspection, sqlalchemy, reportlab, referencing, pytest, pydantic-core, psycopg, opentelemetry-api, httpcore, anyio, starlette, pydantic, jsonschema-specifications, httpx, pydantic-settings, jsonschema, fastapi, ai-novel-studio
2026-10-09T12:17:44.6961772Z 
2026-10-09T12:17:44.7002530Z Successfully installed Pillow-12.3.0 ai-novel-studio-0.7.0 annotated-doc-0.0.5 annotated-types-0.8.0 anyio-4.15.1 attrs-26.1.0 certifi-2026.7.22 charset-normalizer-3.5.2 click-8.5.0 fastapi-0.142.2 fonttools-4.59.1 h11-0.16.0 httpcore-1.0.9 httpx-0.28.1 idna-3.20 iniconfig-2.3.0 jsonschema-4.26.0 jsonschema-specifications-2025.9.1 opentelemetry-api-1.45.0 opentimelineio-0.18.1 packaging-26.3 pluggy-1.6.0 psycopg-3.3.6 psycopg-binary-3.3.6 pydantic-2.13.5 pydantic-core-2.46.5 pydantic-settings-2.15.0 pygments-2.21.0 pypdf-6.19.0 pytest-8.4.2 python-dotenv-1.2.4 referencing-0.37.0 reportlab-4.5.1 rpds-py-2026.9.1 sqlalchemy-2.1.3 starlette-1.7.0 typing-extensions-4.16.0 typing-inspection-0.4.4 uvicorn-0.54.0
2026-10-09T12:17:44.8646084Z ##[group]Run set -o pipefail
2026-10-09T12:17:44.8646413Z [36;1mset -o pipefail[0m
2026-10-09T12:17:44.8647060Z [36;1mpnpm exec vitest run tests/localInteropRealHost.test.ts --pool=forks --maxWorkers=1 --minWorkers=1 2>&1 | tee "$CI_RECEIPTS/local-interop-client.log"[0m
2026-10-09T12:17:44.8710518Z shell: /usr/bin/bash -e {0}
2026-10-09T12:17:44.8710762Z env:
2026-10-09T12:17:44.8710945Z   MOCK_PROVIDER: true
2026-10-09T12:17:44.8711169Z   MOCK_STREAM_DELAY_MS: 0
2026-10-09T12:17:44.8711389Z   ENABLE_CLOUD: false
2026-10-09T12:17:44.8711606Z   CREDENTIAL_VAULT_BACKEND: memory
2026-10-09T12:17:44.8711881Z   CREDENTIAL_VAULT_ALLOW_MEMORY_FALLBACK: true
2026-10-09T12:17:44.8712172Z   PYTHONDONTWRITEBYTECODE: 1
2026-10-09T12:17:44.8712408Z   HF_HUB_OFFLINE: 1
2026-10-09T12:17:44.8712607Z   TRANSFORMERS_OFFLINE: 1
2026-10-09T12:17:44.8712885Z   pythonLocation: /opt/hostedtoolcache/Python/3.12.9/x64
2026-10-09T12:17:44.8713327Z   PKG_CONFIG_PATH: /opt/hostedtoolcache/Python/3.12.9/x64/lib/pkgconfig
2026-10-09T12:17:44.8713739Z   Python_ROOT_DIR: /opt/hostedtoolcache/Python/3.12.9/x64
2026-10-09T12:17:44.8725652Z   Python2_ROOT_DIR: /opt/hostedtoolcache/Python/3.12.9/x64
2026-10-09T12:17:44.8726103Z   Python3_ROOT_DIR: /opt/hostedtoolcache/Python/3.12.9/x64
2026-10-09T12:17:44.8726485Z   LD_LIBRARY_PATH: /opt/hostedtoolcache/Python/3.12.9/x64/lib
2026-10-09T12:17:44.8726872Z   CI_COVERAGE_SHA: 09cc0edc25fad8f82377650a504beb65af99c0bf
2026-10-09T12:17:44.8727243Z   CI_COVERAGE_TREE: f800c0e8a6d920e8836a027707c8078c5a8421f2
2026-10-09T12:17:44.8727638Z   CI_SANDBOX: /home/runner/work/_temp/novel-ci-frontend.fo4aho
2026-10-09T12:17:44.8728088Z   CI_PROJECT: /home/runner/work/_temp/novel-ci-frontend.fo4aho/project
2026-10-09T12:17:44.8728566Z   CI_RECEIPTS: /home/runner/work/_temp/novel-ci-frontend.fo4aho/receipts
2026-10-09T12:17:44.8728992Z   HOME: /home/runner/work/_temp/novel-ci-frontend.fo4aho/home
2026-10-09T12:17:44.8729410Z   USERPROFILE: /home/runner/work/_temp/novel-ci-frontend.fo4aho/home
2026-10-09T12:17:44.8729856Z   APPDATA: /home/runner/work/_temp/novel-ci-frontend.fo4aho/appdata
2026-10-09T12:17:44.8730335Z   LOCALAPPDATA: /home/runner/work/_temp/novel-ci-frontend.fo4aho/localappdata
2026-10-09T12:17:44.8730831Z   XDG_CONFIG_HOME: /home/runner/work/_temp/novel-ci-frontend.fo4aho/config
2026-10-09T12:17:44.8731299Z   XDG_CACHE_HOME: /home/runner/work/_temp/novel-ci-frontend.fo4aho/cache
2026-10-09T12:17:44.8731745Z   XDG_DATA_HOME: /home/runner/work/_temp/novel-ci-frontend.fo4aho/data
2026-10-09T12:17:44.8732199Z   XDG_STATE_HOME: /home/runner/work/_temp/novel-ci-frontend.fo4aho/state
2026-10-09T12:17:44.8732646Z   TMPDIR: /home/runner/work/_temp/novel-ci-frontend.fo4aho/tmp
2026-10-09T12:17:44.8733037Z   TMP: /home/runner/work/_temp/novel-ci-frontend.fo4aho/tmp
2026-10-09T12:17:44.8733413Z   TEMP: /home/runner/work/_temp/novel-ci-frontend.fo4aho/tmp
2026-10-09T12:17:44.8733838Z   PROJECT_ROOT: /home/runner/work/_temp/novel-ci-frontend.fo4aho/project
2026-10-09T12:17:44.8734321Z   NOVEL_DATA_PATH: /home/runner/work/_temp/novel-ci-frontend.fo4aho/data/novels
2026-10-09T12:17:44.8734820Z   BACKUP_PATH: /home/runner/work/_temp/novel-ci-frontend.fo4aho/data/backups
2026-10-09T12:17:44.8735580Z   DATABASE_BACKUP_PATH: /home/runner/work/_temp/novel-ci-frontend.fo4aho/data/database-backups
2026-10-09T12:17:44.8736164Z   KNOWLEDGE_SOURCE_PATH: /home/runner/work/_temp/novel-ci-frontend.fo4aho/data/novels
2026-10-09T12:17:44.8736576Z   INTEROP_PYTHON: python
2026-10-09T12:17:44.8736814Z   LOCAL_INTEROP_REAL_HOST_TEST: 1
2026-10-09T12:17:44.8737065Z ##[endgroup]
2026-10-09T12:17:45.5413718Z 
2026-10-09T12:17:45.5416327Z [1m[7m[36m RUN [39m[27m[22m [36mv2.1.9 [39m[90m/home/runner/work/_temp/novel-ci-frontend.fo4aho/project/frontend[39m
2026-10-09T12:17:45.5417380Z 
2026-10-09T12:17:56.6062642Z  [32m✓[39m tests/localInteropRealHost.test.ts [2m([22m[2m2 tests[22m[2m)[22m[33m 10685[2mms[22m[39m
2026-10-09T12:17:56.6065039Z    [33m[2m✓[22m[39m real frontend client / isolated Studio / Synthetic Tutor (MOCK_ONLY)[2m > [22mmatches the actual immutable context, wire session, diagnostic, verifier and handoff contracts [33m1681[2mms[22m[39m
2026-10-09T12:17:56.6067558Z    [33m[2m✓[22m[39m real frontend client / isolated Studio / Synthetic Tutor (MOCK_ONLY)[2m > [22mprojects formal host authority and enforces independent permission revoke plus complete emergency cleanup [33m653[2mms[22m[39m
2026-10-09T12:17:56.6181206Z 
2026-10-09T12:17:56.6207184Z [2m Test Files [22m [1m[32m1 passed[39m[22m[90m (1)[39m
2026-10-09T12:17:56.6208005Z [2m      Tests [22m [1m[32m2 passed[39m[22m[90m (2)[39m
2026-10-09T12:17:56.6208438Z [2m   Start at [22m 12:17:45
2026-10-09T12:17:56.6209186Z [2m   Duration [22m 11.08s[2m (transform 147ms, setup 0ms, collect 204ms, tests 10.68s, environment 0ms, prepare 65ms)[22m
2026-10-09T12:17:56.6209639Z 
2026-10-09T12:17:56.6418398Z ##[group]Run set -o pipefail
2026-10-09T12:17:56.6418699Z [36;1mset -o pipefail[0m
2026-10-09T12:17:56.6419242Z [36;1mpnpm exec playwright test --config playwright.interop.config.ts 2>&1 | tee "$CI_RECEIPTS/local-interop-browser.log"[0m
2026-10-09T12:17:56.6483489Z shell: /usr/bin/bash -e {0}
2026-10-09T12:17:56.6483735Z env:
2026-10-09T12:17:56.6483925Z   MOCK_PROVIDER: true
2026-10-09T12:17:56.6484146Z   MOCK_STREAM_DELAY_MS: 0
2026-10-09T12:17:56.6484364Z   ENABLE_CLOUD: false
2026-10-09T12:17:56.6484582Z   CREDENTIAL_VAULT_BACKEND: memory
2026-10-09T12:17:56.6484859Z   CREDENTIAL_VAULT_ALLOW_MEMORY_FALLBACK: true
2026-10-09T12:17:56.6485315Z   PYTHONDONTWRITEBYTECODE: 1
2026-10-09T12:17:56.6485555Z   HF_HUB_OFFLINE: 1
2026-10-09T12:17:56.6485754Z   TRANSFORMERS_OFFLINE: 1
2026-10-09T12:17:56.6486037Z   pythonLocation: /opt/hostedtoolcache/Python/3.12.9/x64
2026-10-09T12:17:56.6486448Z   PKG_CONFIG_PATH: /opt/hostedtoolcache/Python/3.12.9/x64/lib/pkgconfig
2026-10-09T12:17:56.6486891Z   Python_ROOT_DIR: /opt/hostedtoolcache/Python/3.12.9/x64
2026-10-09T12:17:56.6487257Z   Python2_ROOT_DIR: /opt/hostedtoolcache/Python/3.12.9/x64
2026-10-09T12:17:56.6487630Z   Python3_ROOT_DIR: /opt/hostedtoolcache/Python/3.12.9/x64
2026-10-09T12:17:56.6487996Z   LD_LIBRARY_PATH: /opt/hostedtoolcache/Python/3.12.9/x64/lib
2026-10-09T12:17:56.6488369Z   CI_COVERAGE_SHA: 09cc0edc25fad8f82377650a504beb65af99c0bf
2026-10-09T12:17:56.6488733Z   CI_COVERAGE_TREE: f800c0e8a6d920e8836a027707c8078c5a8421f2
2026-10-09T12:17:56.6489107Z   CI_SANDBOX: /home/runner/work/_temp/novel-ci-frontend.fo4aho
2026-10-09T12:17:56.6489531Z   CI_PROJECT: /home/runner/work/_temp/novel-ci-frontend.fo4aho/project
2026-10-09T12:17:56.6489989Z   CI_RECEIPTS: /home/runner/work/_temp/novel-ci-frontend.fo4aho/receipts
2026-10-09T12:17:56.6490407Z   HOME: /home/runner/work/_temp/novel-ci-frontend.fo4aho/home
2026-10-09T12:17:56.6490811Z   USERPROFILE: /home/runner/work/_temp/novel-ci-frontend.fo4aho/home
2026-10-09T12:17:56.6491239Z   APPDATA: /home/runner/work/_temp/novel-ci-frontend.fo4aho/appdata
2026-10-09T12:17:56.6491696Z   LOCALAPPDATA: /home/runner/work/_temp/novel-ci-frontend.fo4aho/localappdata
2026-10-09T12:17:56.6492196Z   XDG_CONFIG_HOME: /home/runner/work/_temp/novel-ci-frontend.fo4aho/config
2026-10-09T12:17:56.6492652Z   XDG_CACHE_HOME: /home/runner/work/_temp/novel-ci-frontend.fo4aho/cache
2026-10-09T12:17:56.6493105Z   XDG_DATA_HOME: /home/runner/work/_temp/novel-ci-frontend.fo4aho/data
2026-10-09T12:17:56.6493532Z   XDG_STATE_HOME: /home/runner/work/_temp/novel-ci-frontend.fo4aho/state
2026-10-09T12:17:56.6493942Z   TMPDIR: /home/runner/work/_temp/novel-ci-frontend.fo4aho/tmp
2026-10-09T12:17:56.6494317Z   TMP: /home/runner/work/_temp/novel-ci-frontend.fo4aho/tmp
2026-10-09T12:17:56.6494683Z   TEMP: /home/runner/work/_temp/novel-ci-frontend.fo4aho/tmp
2026-10-09T12:17:56.6495087Z   PROJECT_ROOT: /home/runner/work/_temp/novel-ci-frontend.fo4aho/project
2026-10-09T12:17:56.6495694Z   NOVEL_DATA_PATH: /home/runner/work/_temp/novel-ci-frontend.fo4aho/data/novels
2026-10-09T12:17:56.6496186Z   BACKUP_PATH: /home/runner/work/_temp/novel-ci-frontend.fo4aho/data/backups
2026-10-09T12:17:56.6496917Z   DATABASE_BACKUP_PATH: /home/runner/work/_temp/novel-ci-frontend.fo4aho/data/database-backups
2026-10-09T12:17:56.6497492Z   KNOWLEDGE_SOURCE_PATH: /home/runner/work/_temp/novel-ci-frontend.fo4aho/data/novels
2026-10-09T12:17:56.6497903Z   INTEROP_PYTHON: python
2026-10-09T12:17:56.6498132Z ##[endgroup]
2026-10-09T12:18:06.7375918Z 
2026-10-09T12:18:06.7376449Z Running 12 tests using 1 worker
2026-10-09T12:18:06.7379977Z 
2026-10-09T12:18:15.0528379Z   ✓   1 [chromium] › tests/e2e/local-interop.spec.ts:32:1 › real App → host → synthetic Tutor metadata, explicit send and host-authorized read-only navigation (7.5s)
2026-10-09T12:18:17.3694645Z   ✓   2 [chromium] › tests/e2e/local-interop.spec.ts:58:1 › actual TipTap selection produces exact saved text and Unicode offset preview (2.3s)
2026-10-09T12:18:19.7948376Z   ✓   3 [chromium] › tests/e2e/local-interop.spec.ts:93:1 › diagnostic removal preview shares no hidden project context and remains explicitly confirmed (2.4s)
2026-10-09T12:18:21.4809474Z   ✓   4 [chromium] › tests/e2e/local-interop.spec.ts:107:1 › Tutor absent leaves Studio usable and close restores the shared entry (1.7s)
2026-10-09T12:18:23.5571529Z   ✓   5 [chromium] › tests/e2e/local-interop.spec.ts:119:3 › Tutor dialog geometry and keyboard focus 1366x768 (2.1s)
2026-10-09T12:18:25.6557379Z   ✓   6 [chromium] › tests/e2e/local-interop.spec.ts:119:3 › Tutor dialog geometry and keyboard focus 1440x900 (2.1s)
2026-10-09T12:18:27.8897827Z   ✓   7 [chromium] › tests/e2e/local-interop.spec.ts:119:3 › Tutor dialog geometry and keyboard focus 1920x1080 (2.2s)
2026-10-09T12:18:31.8235828Z   ✓   8 [chromium] › tests/e2e/local-interop.spec.ts:136:1 › ongoing metadata events require their own preview and confirmation, preserve exclusions, and stop for diagnostics (3.9s)
2026-10-09T12:18:34.8540042Z   ✓   9 [chromium] › tests/e2e/local-interop.spec.ts:175:1 › explicit ongoing-sharing Stop revokes the grant and reconnect never restores it (3.0s)
2026-10-09T12:18:36.9709909Z   ✓  10 [chromium] › tests/e2e/local-interop.spec.ts:193:1 › Desktop Preparation is deferred until opened and renders host state, trust boundary, nine permissions and seven health parts (2.1s)
2026-10-09T12:18:39.2292081Z   ✓  11 [chromium] › tests/e2e/local-interop.spec.ts:216:1 › independent selection revoke leaves chapter consent available and emergency revoke requires full host cleanup (2.2s)
2026-10-09T12:18:41.2653170Z   ✓  12 [chromium] › tests/e2e/local-interop.spec.ts:239:1 › incomplete emergency acknowledgment stays Unknown and an explicit retry obtains a real host receipt (2.0s)
2026-10-09T12:18:41.3856588Z 
2026-10-09T12:18:41.3861856Z   12 passed (43.6s)
2026-10-09T12:18:41.4129790Z ##[group]Run set -o pipefail
2026-10-09T12:18:41.4130099Z [36;1mset -o pipefail[0m
2026-10-09T12:18:41.4130565Z [36;1mpnpm exec playwright test --config playwright.r2.config.ts 2>&1 | tee "$CI_RECEIPTS/business.log"[0m
2026-10-09T12:18:41.4193431Z shell: /usr/bin/bash -e {0}
2026-10-09T12:18:41.4193673Z env:
2026-10-09T12:18:41.4193877Z   MOCK_PROVIDER: true
2026-10-09T12:18:41.4194100Z   MOCK_STREAM_DELAY_MS: 0
2026-10-09T12:18:41.4194320Z   ENABLE_CLOUD: false
2026-10-09T12:18:41.4194543Z   CREDENTIAL_VAULT_BACKEND: memory
2026-10-09T12:18:41.4194823Z   CREDENTIAL_VAULT_ALLOW_MEMORY_FALLBACK: true
2026-10-09T12:18:41.4195333Z   PYTHONDONTWRITEBYTECODE: 1
2026-10-09T12:18:41.4195580Z   HF_HUB_OFFLINE: 1
2026-10-09T12:18:41.4195781Z   TRANSFORMERS_OFFLINE: 1
2026-10-09T12:18:41.4196061Z   pythonLocation: /opt/hostedtoolcache/Python/3.12.9/x64
2026-10-09T12:18:41.4196471Z   PKG_CONFIG_PATH: /opt/hostedtoolcache/Python/3.12.9/x64/lib/pkgconfig
2026-10-09T12:18:41.4196906Z   Python_ROOT_DIR: /opt/hostedtoolcache/Python/3.12.9/x64
2026-10-09T12:18:41.4197280Z   Python2_ROOT_DIR: /opt/hostedtoolcache/Python/3.12.9/x64
2026-10-09T12:18:41.4197642Z   Python3_ROOT_DIR: /opt/hostedtoolcache/Python/3.12.9/x64
2026-10-09T12:18:41.4198009Z   LD_LIBRARY_PATH: /opt/hostedtoolcache/Python/3.12.9/x64/lib
2026-10-09T12:18:41.4198621Z   CI_COVERAGE_SHA: 09cc0edc25fad8f82377650a504beb65af99c0bf
2026-10-09T12:18:41.4198987Z   CI_COVERAGE_TREE: f800c0e8a6d920e8836a027707c8078c5a8421f2
2026-10-09T12:18:41.4199370Z   CI_SANDBOX: /home/runner/work/_temp/novel-ci-frontend.fo4aho
2026-10-09T12:18:41.4199787Z   CI_PROJECT: /home/runner/work/_temp/novel-ci-frontend.fo4aho/project
2026-10-09T12:18:41.4200239Z   CI_RECEIPTS: /home/runner/work/_temp/novel-ci-frontend.fo4aho/receipts
2026-10-09T12:18:41.4200658Z   HOME: /home/runner/work/_temp/novel-ci-frontend.fo4aho/home
2026-10-09T12:18:41.4201067Z   USERPROFILE: /home/runner/work/_temp/novel-ci-frontend.fo4aho/home
2026-10-09T12:18:41.4201516Z   APPDATA: /home/runner/work/_temp/novel-ci-frontend.fo4aho/appdata
2026-10-09T12:18:41.4201976Z   LOCALAPPDATA: /home/runner/work/_temp/novel-ci-frontend.fo4aho/localappdata
2026-10-09T12:18:41.4202456Z   XDG_CONFIG_HOME: /home/runner/work/_temp/novel-ci-frontend.fo4aho/config
2026-10-09T12:18:41.4202925Z   XDG_CACHE_HOME: /home/runner/work/_temp/novel-ci-frontend.fo4aho/cache
2026-10-09T12:18:41.4203369Z   XDG_DATA_HOME: /home/runner/work/_temp/novel-ci-frontend.fo4aho/data
2026-10-09T12:18:41.4203803Z   XDG_STATE_HOME: /home/runner/work/_temp/novel-ci-frontend.fo4aho/state
2026-10-09T12:18:41.4204228Z   TMPDIR: /home/runner/work/_temp/novel-ci-frontend.fo4aho/tmp
2026-10-09T12:18:41.4204606Z   TMP: /home/runner/work/_temp/novel-ci-frontend.fo4aho/tmp
2026-10-09T12:18:41.4204971Z   TEMP: /home/runner/work/_temp/novel-ci-frontend.fo4aho/tmp
2026-10-09T12:18:41.4206155Z   PROJECT_ROOT: /home/runner/work/_temp/novel-ci-frontend.fo4aho/project
2026-10-09T12:18:41.4206683Z   NOVEL_DATA_PATH: /home/runner/work/_temp/novel-ci-frontend.fo4aho/data/novels
2026-10-09T12:18:41.4207209Z   BACKUP_PATH: /home/runner/work/_temp/novel-ci-frontend.fo4aho/data/backups
2026-10-09T12:18:41.4207768Z   DATABASE_BACKUP_PATH: /home/runner/work/_temp/novel-ci-frontend.fo4aho/data/database-backups
2026-10-09T12:18:41.4208346Z   KNOWLEDGE_SOURCE_PATH: /home/runner/work/_temp/novel-ci-frontend.fo4aho/data/novels
2026-10-09T12:18:41.4208755Z ##[endgroup]
2026-10-09T12:18:47.8352072Z [WebServer] INFO:     Started server process [9735]
2026-10-09T12:18:47.8353296Z [WebServer] INFO:     Waiting for application startup.
2026-10-09T12:18:47.8355204Z [WebServer] INFO:     Application startup complete.
2026-10-09T12:18:47.8356093Z [WebServer] INFO:     Uvicorn running on http://127.0.0.1:8015 (Press CTRL+C to quit)
2026-10-09T12:18:49.5526076Z 
2026-10-09T12:18:49.5534346Z Running 2 tests using 1 worker
2026-10-09T12:18:49.5534733Z 
2026-10-09T12:18:59.8580838Z   ✓  1 [chromium] › tests/e2e/r2-business.spec.ts:14:1 › R2 real File API: save/reopen, reviewed plans, anchored comments and immutable export recovery (9.5s)
2026-10-09T12:19:00.0969958Z   ✓  2 [chromium] › tests/e2e/r2-business.spec.ts:128:1 › R2 actual backend Draft Accept is explicit and repeat-safe, with synthetic mock output (230ms)
2026-10-09T12:19:00.1948316Z 
2026-10-09T12:19:00.1953832Z   2 passed (17.7s)
2026-10-09T12:19:00.2222102Z ##[group]Run sudo apt-get update
2026-10-09T12:19:00.2222437Z [36;1msudo apt-get update[0m
2026-10-09T12:19:00.2222775Z [36;1msudo apt-get install -y --no-install-recommends ffmpeg[0m
2026-10-09T12:19:00.2223232Z [36;1mffmpeg -version > "$CI_RECEIPTS/browser-ffmpeg-version.txt"[0m
2026-10-09T12:19:00.2223705Z [36;1mffprobe -version > "$CI_RECEIPTS/browser-ffprobe-version.txt"[0m
2026-10-09T12:19:00.2224240Z [36;1mpython -c "import shutil; assert shutil.which('ffmpeg') and shutil.which('ffprobe')"[0m
2026-10-09T12:19:00.2288758Z shell: /usr/bin/bash -e {0}
2026-10-09T12:19:00.2289043Z env:
2026-10-09T12:19:00.2289253Z   MOCK_PROVIDER: true
2026-10-09T12:19:00.2289504Z   MOCK_STREAM_DELAY_MS: 0
2026-10-09T12:19:00.2289754Z   ENABLE_CLOUD: false
2026-10-09T12:19:00.2290002Z   CREDENTIAL_VAULT_BACKEND: memory
2026-10-09T12:19:00.2290326Z   CREDENTIAL_VAULT_ALLOW_MEMORY_FALLBACK: true
2026-10-09T12:19:00.2290663Z   PYTHONDONTWRITEBYTECODE: 1
2026-10-09T12:19:00.2290961Z   HF_HUB_OFFLINE: 1
2026-10-09T12:19:00.2291382Z   TRANSFORMERS_OFFLINE: 1
2026-10-09T12:19:00.2291699Z   pythonLocation: /opt/hostedtoolcache/Python/3.12.9/x64
2026-10-09T12:19:00.2292179Z   PKG_CONFIG_PATH: /opt/hostedtoolcache/Python/3.12.9/x64/lib/pkgconfig
2026-10-09T12:19:00.2292651Z   Python_ROOT_DIR: /opt/hostedtoolcache/Python/3.12.9/x64
2026-10-09T12:19:00.2293065Z   Python2_ROOT_DIR: /opt/hostedtoolcache/Python/3.12.9/x64
2026-10-09T12:19:00.2293484Z   Python3_ROOT_DIR: /opt/hostedtoolcache/Python/3.12.9/x64
2026-10-09T12:19:00.2293907Z   LD_LIBRARY_PATH: /opt/hostedtoolcache/Python/3.12.9/x64/lib
2026-10-09T12:19:00.2294345Z   CI_COVERAGE_SHA: 09cc0edc25fad8f82377650a504beb65af99c0bf
2026-10-09T12:19:00.2294760Z   CI_COVERAGE_TREE: f800c0e8a6d920e8836a027707c8078c5a8421f2
2026-10-09T12:19:00.2295480Z   CI_SANDBOX: /home/runner/work/_temp/novel-ci-frontend.fo4aho
2026-10-09T12:19:00.2295979Z   CI_PROJECT: /home/runner/work/_temp/novel-ci-frontend.fo4aho/project
2026-10-09T12:19:00.2296509Z   CI_RECEIPTS: /home/runner/work/_temp/novel-ci-frontend.fo4aho/receipts
2026-10-09T12:19:00.2296999Z   HOME: /home/runner/work/_temp/novel-ci-frontend.fo4aho/home
2026-10-09T12:19:00.2297469Z   USERPROFILE: /home/runner/work/_temp/novel-ci-frontend.fo4aho/home
2026-10-09T12:19:00.2297970Z   APPDATA: /home/runner/work/_temp/novel-ci-frontend.fo4aho/appdata
2026-10-09T12:19:00.2298529Z   LOCALAPPDATA: /home/runner/work/_temp/novel-ci-frontend.fo4aho/localappdata
2026-10-09T12:19:00.2299093Z   XDG_CONFIG_HOME: /home/runner/work/_temp/novel-ci-frontend.fo4aho/config
2026-10-09T12:19:00.2299621Z   XDG_CACHE_HOME: /home/runner/work/_temp/novel-ci-frontend.fo4aho/cache
2026-10-09T12:19:00.2300131Z   XDG_DATA_HOME: /home/runner/work/_temp/novel-ci-frontend.fo4aho/data
2026-10-09T12:19:00.2300635Z   XDG_STATE_HOME: /home/runner/work/_temp/novel-ci-frontend.fo4aho/state
2026-10-09T12:19:00.2301116Z   TMPDIR: /home/runner/work/_temp/novel-ci-frontend.fo4aho/tmp
2026-10-09T12:19:00.2301555Z   TMP: /home/runner/work/_temp/novel-ci-frontend.fo4aho/tmp
2026-10-09T12:19:00.2302032Z   TEMP: /home/runner/work/_temp/novel-ci-frontend.fo4aho/tmp
2026-10-09T12:19:00.2302509Z   PROJECT_ROOT: /home/runner/work/_temp/novel-ci-frontend.fo4aho/project
2026-10-09T12:19:00.2303058Z   NOVEL_DATA_PATH: /home/runner/work/_temp/novel-ci-frontend.fo4aho/data/novels
2026-10-09T12:19:00.2303622Z   BACKUP_PATH: /home/runner/work/_temp/novel-ci-frontend.fo4aho/data/backups
2026-10-09T12:19:00.2304254Z   DATABASE_BACKUP_PATH: /home/runner/work/_temp/novel-ci-frontend.fo4aho/data/database-backups
2026-10-09T12:19:00.2304948Z   KNOWLEDGE_SOURCE_PATH: /home/runner/work/_temp/novel-ci-frontend.fo4aho/data/novels
2026-10-09T12:19:00.2305639Z ##[endgroup]
2026-10-09T12:19:00.2986847Z Get:1 file:/etc/apt/apt-mirrors.txt Mirrorlist [144 B]
2026-10-09T12:19:00.3297066Z Hit:2 http://azure.archive.ubuntu.com/ubuntu noble InRelease
2026-10-09T12:19:00.3298710Z Hit:6 https://packages.microsoft.com/ubuntu/24.04/prod noble InRelease
2026-10-09T12:19:00.3318200Z Hit:3 http://azure.archive.ubuntu.com/ubuntu noble-updates InRelease
2026-10-09T12:19:00.3328946Z Hit:4 http://azure.archive.ubuntu.com/ubuntu noble-backports InRelease
2026-10-09T12:19:00.3334713Z Hit:5 http://azure.archive.ubuntu.com/ubuntu noble-security InRelease
2026-10-09T12:19:01.6279169Z Reading package lists...
2026-10-09T12:19:01.6576299Z Reading package lists...
2026-10-09T12:19:01.8734321Z Building dependency tree...
2026-10-09T12:19:01.8742195Z Reading state information...
2026-10-09T12:19:02.0597638Z The following additional packages will be installed:
2026-10-09T12:19:02.0598738Z   libass9 libasyncns0 libavc1394-0 libavcodec60 libavdevice60 libavfilter9
2026-10-09T12:19:02.0599625Z   libavformat60 libavutil58 libblas3 libbluray2 libbs2b0 libcaca0
2026-10-09T12:19:02.0600747Z   libcdio-cdda2t64 libcdio-paranoia2t64 libcdio19t64 libchromaprint1 libcjson1
2026-10-09T12:19:02.0601530Z   libcodec2-1.2 libdav1d7 libdc1394-25 libdecor-0-0 libflac12t64 libflite1
2026-10-09T12:19:02.0602243Z   libgme0 libgsm1 libhwy1t64 libiec61883-0 libjack-jackd2-0 libjxl0.7
2026-10-09T12:19:02.0603356Z   liblapack3 liblilv-0-0 libmbedcrypto7t64 libmp3lame0 libmpg123-0t64
2026-10-09T12:19:02.0604089Z   libmysofa1 libopenal-data libopenal1 libopenmpt0t64 libopus0 libplacebo338
2026-10-09T12:19:02.0604841Z   libpocketsphinx3 libpostproc57 libpulse0 librav1e0 libraw1394-11 librist4
2026-10-09T12:19:02.0606156Z   librsvg2-2 librubberband2 libsamplerate0 libsdl2-2.0-0 libserd-0-0 libshine3
2026-10-09T12:19:02.0607032Z   libsndfile1 libsndio7.0 libsord-0-0 libsoxr0 libspeex1 libsphinxbase3t64
2026-10-09T12:19:02.0607708Z   libsratom-0-0 libsrt1.5-gnutls libssh-gcrypt-4 libsvtav1enc1d1
2026-10-09T12:19:02.0608411Z   libswresample4 libswscale7 libtheora0 libtwolame0 libudfread0 libunibreak5
2026-10-09T12:19:02.0609150Z   libva-drm2 libva-x11-2 libva2 libvdpau1 libvidstab1.1 libvorbisenc2 libvpl2
2026-10-09T12:19:02.0609877Z   libvpx9 libx264-164 libx265-199 libxcb-shape0 libxv1 libxvidcore4 libzimg2
2026-10-09T12:19:02.0610493Z   libzix-0-0 libzvbi-common libzvbi0t64 ocl-icd-libopencl1
2026-10-09T12:19:02.0616330Z Suggested packages:
2026-10-09T12:19:02.0616850Z   ffmpeg-doc libcuda1 libnvcuvid1 libnvidia-encode1 libbluray-bdj jackd2
2026-10-09T12:19:02.0617453Z   libportaudio2 opus-tools pulseaudio libraw1394-doc librsvg2-bin serdi sndiod
2026-10-09T12:19:02.0617895Z   sordi speex opencl-icd
2026-10-09T12:19:02.0618154Z Recommended packages:
2026-10-09T12:19:02.0618512Z   libaacs0 default-libdecor-0-plugin-1 | libdecor-0-plugin-1
2026-10-09T12:19:02.0619003Z   pocketsphinx-en-us librsvg2-common va-driver-all | va-driver
2026-10-09T12:19:02.0619395Z   vdpau-driver-all | vdpau-driver
2026-10-09T12:19:02.1131740Z The following NEW packages will be installed:
2026-10-09T12:19:02.1132564Z   ffmpeg libass9 libasyncns0 libavc1394-0 libavcodec60 libavdevice60
2026-10-09T12:19:02.1133410Z   libavfilter9 libavformat60 libavutil58 libblas3 libbluray2 libbs2b0 libcaca0
2026-10-09T12:19:02.1134505Z   libcdio-cdda2t64 libcdio-paranoia2t64 libcdio19t64 libchromaprint1 libcjson1
2026-10-09T12:19:02.1135941Z   libcodec2-1.2 libdav1d7 libdc1394-25 libdecor-0-0 libflac12t64 libflite1
2026-10-09T12:19:02.1146480Z   libgme0 libgsm1 libhwy1t64 libiec61883-0 libjack-jackd2-0 libjxl0.7
2026-10-09T12:19:02.1147482Z   liblapack3 liblilv-0-0 libmbedcrypto7t64 libmp3lame0 libmpg123-0t64
2026-10-09T12:19:02.1148511Z   libmysofa1 libopenal-data libopenal1 libopenmpt0t64 libopus0 libplacebo338
2026-10-09T12:19:02.1149615Z   libpocketsphinx3 libpostproc57 libpulse0 librav1e0 libraw1394-11 librist4
2026-10-09T12:19:02.1150471Z   librsvg2-2 librubberband2 libsamplerate0 libsdl2-2.0-0 libserd-0-0 libshine3
2026-10-09T12:19:02.1151149Z   libsndfile1 libsndio7.0 libsord-0-0 libsoxr0 libspeex1 libsphinxbase3t64
2026-10-09T12:19:02.1151763Z   libsratom-0-0 libsrt1.5-gnutls libssh-gcrypt-4 libsvtav1enc1d1
2026-10-09T12:19:02.1152348Z   libswresample4 libswscale7 libtheora0 libtwolame0 libudfread0 libunibreak5
2026-10-09T12:19:02.1153415Z   libva-drm2 libva-x11-2 libva2 libvdpau1 libvidstab1.1 libvorbisenc2 libvpl2
2026-10-09T12:19:02.1154078Z   libvpx9 libx264-164 libx265-199 libxcb-shape0 libxv1 libxvidcore4 libzimg2
2026-10-09T12:19:02.1154649Z   libzix-0-0 libzvbi-common libzvbi0t64 ocl-icd-libopencl1
2026-10-09T12:19:02.1364347Z 0 upgraded, 87 newly installed, 0 to remove and 22 not upgraded.
2026-10-09T12:19:02.1364950Z Need to get 62.8 MB of archives.
2026-10-09T12:19:02.1365587Z After this operation, 173 MB of additional disk space will be used.
2026-10-09T12:19:02.1366088Z Get:1 file:/etc/apt/apt-mirrors.txt Mirrorlist [144 B]
2026-10-09T12:19:02.2613910Z Get:2 http://azure.archive.ubuntu.com/ubuntu noble-updates/universe amd64 libva2 amd64 2.20.0-2ubuntu0.2 [66.4 kB]
2026-10-09T12:19:02.6856558Z Get:3 http://azure.archive.ubuntu.com/ubuntu noble-updates/universe amd64 libva-drm2 amd64 2.20.0-2ubuntu0.2 [7124 B]
2026-10-09T12:19:02.8270234Z Get:4 http://azure.archive.ubuntu.com/ubuntu noble-updates/universe amd64 libva-x11-2 amd64 2.20.0-2ubuntu0.2 [12.0 kB]
2026-10-09T12:19:02.9926724Z Get:5 http://azure.archive.ubuntu.com/ubuntu noble/main amd64 libvdpau1 amd64 1.5-2build1 [27.8 kB]
2026-10-09T12:19:03.2164904Z Get:6 http://azure.archive.ubuntu.com/ubuntu noble/universe amd64 libvpl2 amd64 2023.3.0-1build1 [99.8 kB]
2026-10-09T12:19:03.8188837Z Get:7 http://azure.archive.ubuntu.com/ubuntu noble/universe amd64 ocl-icd-libopencl1 amd64 2.3.2-1build1 [38.5 kB]
2026-10-09T12:19:04.0887256Z Get:8 http://azure.archive.ubuntu.com/ubuntu noble/universe amd64 libavutil58 amd64 7:6.1.1-3ubuntu5 [401 kB]
2026-10-09T12:19:05.9298328Z Get:9 http://azure.archive.ubuntu.com/ubuntu noble/universe amd64 libcodec2-1.2 amd64 1.2.0-2build1 [8998 kB]
2026-10-09T12:19:44.5415844Z Get:10 http://azure.archive.ubuntu.com/ubuntu noble/universe amd64 libdav1d7 amd64 1.4.1-1build1 [604 kB]
2026-10-09T12:19:47.2739971Z Get:11 http://azure.archive.ubuntu.com/ubuntu noble/universe amd64 libgsm1 amd64 1.0.22-1build1 [27.8 kB]
2026-10-09T12:19:47.5193789Z Get:12 http://azure.archive.ubuntu.com/ubuntu noble/universe amd64 libhwy1t64 amd64 1.0.7-8.1build1 [584 kB]
2026-10-09T12:19:50.1055752Z Get:13 http://azure.archive.ubuntu.com/ubuntu noble-updates/universe amd64 libjxl0.7 amd64 0.7.0-10.2ubuntu6.1 [1001 kB]
2026-10-09T12:19:54.6299181Z Get:14 http://azure.archive.ubuntu.com/ubuntu noble/main amd64 libmp3lame0 amd64 3.100-6build1 [142 kB]
2026-10-09T12:19:55.3538876Z Get:15 http://azure.archive.ubuntu.com/ubuntu noble/main amd64 libopus0 amd64 1.4-1build1 [208 kB]
2026-10-09T12:19:56.3737732Z Get:16 http://azure.archive.ubuntu.com/ubuntu noble/universe amd64 librav1e0 amd64 0.7.1-2 [1022 kB]
2026-10-09T12:20:01.0693780Z Get:17 http://azure.archive.ubuntu.com/ubuntu noble-updates/main amd64 librsvg2-2 amd64 2.58.0+dfsg-1ubuntu0.1 [2141 kB]
2026-10-09T12:20:10.9308597Z Get:18 http://azure.archive.ubuntu.com/ubuntu noble/universe amd64 libshine3 amd64 3.1.1-2build1 [23.2 kB]
2026-10-09T12:20:11.1598280Z Get:19 http://azure.archive.ubuntu.com/ubuntu noble-updates/main amd64 libspeex1 amd64 1.2.1-2ubuntu2.24.04.1 [59.6 kB]
2026-10-09T12:20:11.5780808Z Get:20 http://azure.archive.ubuntu.com/ubuntu noble/universe amd64 libsvtav1enc1d1 amd64 1.7.0+dfsg-2build1 [2425 kB]
2026-10-09T12:20:22.4476394Z Get:21 http://azure.archive.ubuntu.com/ubuntu noble/universe amd64 libsoxr0 amd64 0.1.3-4build3 [80.0 kB]
2026-10-09T12:20:22.9036225Z Get:22 http://azure.archive.ubuntu.com/ubuntu noble/universe amd64 libswresample4 amd64 7:6.1.1-3ubuntu5 [63.8 kB]
2026-10-09T12:20:23.2791301Z Get:23 http://azure.archive.ubuntu.com/ubuntu noble/main amd64 libtheora0 amd64 1.1.1+dfsg.1-16.1build3 [211 kB]
2026-10-09T12:20:24.2683888Z Get:24 http://azure.archive.ubuntu.com/ubuntu noble/main amd64 libtwolame0 amd64 0.4.0-2build3 [52.3 kB]
2026-10-09T12:20:24.5961216Z Get:25 http://azure.archive.ubuntu.com/ubuntu noble/main amd64 libvorbisenc2 amd64 1.3.7-1build3 [80.8 kB]
2026-10-09T12:20:25.0843174Z Get:26 http://azure.archive.ubuntu.com/ubuntu noble-updates/main amd64 libvpx9 amd64 1.14.0-1ubuntu2.3 [1143 kB]
2026-10-09T12:20:30.1115563Z Get:27 http://azure.archive.ubuntu.com/ubuntu noble/universe amd64 libx264-164 amd64 2:0.164.3108+git31e19f9-1 [604 kB]
2026-10-09T12:20:32.9255522Z Get:28 http://azure.archive.ubuntu.com/ubuntu noble/universe amd64 libx265-199 amd64 3.5-2build1 [1226 kB]
2026-10-09T12:20:38.3499345Z Get:29 http://azure.archive.ubuntu.com/ubuntu noble/universe amd64 libxvidcore4 amd64 2:1.3.7-1build1 [219 kB]
2026-10-09T12:20:39.3995066Z Get:30 http://azure.archive.ubuntu.com/ubuntu noble/universe amd64 libzvbi-common all 0.2.42-2 [42.4 kB]
2026-10-09T12:20:39.6863704Z Get:31 http://azure.archive.ubuntu.com/ubuntu noble/universe amd64 libzvbi0t64 amd64 0.2.42-2 [261 kB]
2026-10-09T12:20:40.9525772Z Get:32 http://azure.archive.ubuntu.com/ubuntu noble/universe amd64 libavcodec60 amd64 7:6.1.1-3ubuntu5 [5851 kB]
2026-10-09T12:21:06.3543733Z Get:33 http://azure.archive.ubuntu.com/ubuntu noble/main amd64 libraw1394-11 amd64 2.1.2-2build3 [26.2 kB]
2026-10-09T12:21:06.5767682Z Get:34 http://azure.archive.ubuntu.com/ubuntu noble/main amd64 libavc1394-0 amd64 0.5.4-5build3 [15.4 kB]
2026-10-09T12:21:06.7510569Z Get:35 http://azure.archive.ubuntu.com/ubuntu noble/universe amd64 libunibreak5 amd64 5.1-2build1 [25.0 kB]
2026-10-09T12:21:06.9878199Z Get:36 http://azure.archive.ubuntu.com/ubuntu noble/universe amd64 libass9 amd64 1:0.17.1-2build1 [104 kB]
2026-10-09T12:21:07.5472394Z Get:37 http://azure.archive.ubuntu.com/ubuntu noble/universe amd64 libudfread0 amd64 1.1.2-1build1 [19.0 kB]
2026-10-09T12:21:07.7943762Z Get:38 http://azure.archive.ubuntu.com/ubuntu noble/universe amd64 libbluray2 amd64 1:1.3.4-1build1 [159 kB]
2026-10-09T12:21:08.5568560Z Get:39 http://azure.archive.ubuntu.com/ubuntu noble/universe amd64 libchromaprint1 amd64 1.5.1-5 [30.5 kB]
2026-10-09T12:21:08.8041964Z Get:40 http://azure.archive.ubuntu.com/ubuntu noble/universe amd64 libgme0 amd64 0.6.3-7build1 [134 kB]
2026-10-09T12:21:09.4602547Z Get:41 http://azure.archive.ubuntu.com/ubuntu noble-updates/main amd64 libmpg123-0t64 amd64 1.32.5-1ubuntu1.1 [169 kB]
2026-10-09T12:21:10.3123539Z Get:42 http://azure.archive.ubuntu.com/ubuntu noble/universe amd64 libopenmpt0t64 amd64 0.7.3-1.1build3 [647 kB]
2026-10-09T12:21:13.1328796Z Get:43 http://azure.archive.ubuntu.com/ubuntu noble/universe amd64 libcjson1 amd64 1.7.17-1 [24.8 kB]
2026-10-09T12:21:13.3585431Z Get:44 http://azure.archive.ubuntu.com/ubuntu noble/universe amd64 libmbedcrypto7t64 amd64 2.28.8-1 [209 kB]
2026-10-09T12:21:14.3873908Z Get:45 http://azure.archive.ubuntu.com/ubuntu noble/universe amd64 librist4 amd64 0.2.10+dfsg-2 [74.9 kB]
2026-10-09T12:21:14.8221152Z Get:46 http://azure.archive.ubuntu.com/ubuntu noble/universe amd64 libsrt1.5-gnutls amd64 1.5.3-1build2 [316 kB]
2026-10-09T12:21:16.2643757Z Get:47 http://azure.archive.ubuntu.com/ubuntu noble-updates/main amd64 libssh-gcrypt-4 amd64 0.10.6-2ubuntu0.5 [226 kB]
2026-10-09T12:21:17.2709570Z Get:48 http://azure.archive.ubuntu.com/ubuntu noble/universe amd64 libavformat60 amd64 7:6.1.1-3ubuntu5 [1153 kB]
2026-10-09T12:21:22.2521187Z Get:49 http://azure.archive.ubuntu.com/ubuntu noble/universe amd64 libbs2b0 amd64 3.1.0+dfsg-7build1 [10.6 kB]
2026-10-09T12:21:22.4089062Z Get:50 http://azure.archive.ubuntu.com/ubuntu noble/universe amd64 libflite1 amd64 2.2-6build3 [13.6 MB]
2026-10-09T12:22:23.3364238Z Get:51 http://azure.archive.ubuntu.com/ubuntu noble/universe amd64 libserd-0-0 amd64 0.32.2-1 [43.6 kB]
2026-10-09T12:22:23.6597482Z Get:52 http://azure.archive.ubuntu.com/ubuntu noble/universe amd64 libzix-0-0 amd64 0.4.2-2build1 [23.6 kB]
2026-10-09T12:22:23.8839779Z Get:53 http://azure.archive.ubuntu.com/ubuntu noble/universe amd64 libsord-0-0 amd64 0.16.16-2build1 [15.8 kB]
2026-10-09T12:22:24.0562448Z Get:54 http://azure.archive.ubuntu.com/ubuntu noble/universe amd64 libsratom-0-0 amd64 0.6.16-1build1 [17.3 kB]
2026-10-09T12:22:24.2487786Z Get:55 http://azure.archive.ubuntu.com/ubuntu noble/universe amd64 liblilv-0-0 amd64 0.24.22-1build1 [41.0 kB]
2026-10-09T12:22:24.5423578Z Get:56 http://azure.archive.ubuntu.com/ubuntu noble/universe amd64 libmysofa1 amd64 1.3.2+dfsg-2ubuntu2 [1158 kB]
2026-10-09T12:22:29.7847216Z Get:57 http://azure.archive.ubuntu.com/ubuntu noble/universe amd64 libplacebo338 amd64 6.338.2-2build1 [2654 kB]
2026-10-09T12:22:41.6028929Z Get:58 http://azure.archive.ubuntu.com/ubuntu noble-updates/main amd64 libblas3 amd64 3.12.0-3build1.1 [238 kB]
2026-10-09T12:22:42.7620815Z Get:59 http://azure.archive.ubuntu.com/ubuntu noble-updates/main amd64 liblapack3 amd64 3.12.0-3build1.1 [2646 kB]
2026-10-09T12:22:54.6646724Z Get:60 http://azure.archive.ubuntu.com/ubuntu noble/main amd64 libasyncns0 amd64 0.8-6build4 [11.3 kB]
2026-10-09T12:22:54.8142170Z Get:61 http://azure.archive.ubuntu.com/ubuntu noble/main amd64 libflac12t64 amd64 1.4.3+ds-2.1ubuntu2 [197 kB]
2026-10-09T12:22:55.7847126Z Get:62 http://azure.archive.ubuntu.com/ubuntu noble-updates/main amd64 libsndfile1 amd64 1.2.2-1ubuntu5.24.04.1 [209 kB]
2026-10-09T12:22:56.7812959Z Get:63 http://azure.archive.ubuntu.com/ubuntu noble-updates/main amd64 libpulse0 amd64 1:16.1+dfsg1-2ubuntu10.1 [292 kB]
2026-10-09T12:22:58.1467135Z Get:64 http://azure.archive.ubuntu.com/ubuntu noble/universe amd64 libsphinxbase3t64 amd64 0.8+5prealpha+1-17build2 [126 kB]
2026-10-09T12:22:58.7947324Z Get:65 http://azure.archive.ubuntu.com/ubuntu noble/universe amd64 libpocketsphinx3 amd64 0.8.0+real5prealpha+1-15ubuntu5 [133 kB]
2026-10-09T12:22:59.5020363Z Get:66 http://azure.archive.ubuntu.com/ubuntu noble/universe amd64 libpostproc57 amd64 7:6.1.1-3ubuntu5 [49.9 kB]
2026-10-09T12:22:59.8509646Z Get:67 http://azure.archive.ubuntu.com/ubuntu noble/main amd64 libsamplerate0 amd64 0.2.2-4build1 [1344 kB]
2026-10-09T12:23:05.9887174Z Get:68 http://azure.archive.ubuntu.com/ubuntu noble/universe amd64 librubberband2 amd64 3.3.0+dfsg-2build1 [130 kB]
2026-10-09T12:23:06.7026707Z Get:69 http://azure.archive.ubuntu.com/ubuntu noble/universe amd64 libswscale7 amd64 7:6.1.1-3ubuntu5 [193 kB]
2026-10-09T12:23:07.6917536Z Get:70 http://azure.archive.ubuntu.com/ubuntu noble/universe amd64 libvidstab1.1 amd64 1.1.0-2build1 [38.5 kB]
2026-10-09T12:23:08.0019042Z Get:71 http://azure.archive.ubuntu.com/ubuntu noble/universe amd64 libzimg2 amd64 3.0.5+ds1-1build1 [254 kB]
2026-10-09T12:23:09.3826758Z Get:72 http://azure.archive.ubuntu.com/ubuntu noble/universe amd64 libavfilter9 amd64 7:6.1.1-3ubuntu5 [4235 kB]
2026-10-09T12:23:28.3956353Z Get:73 http://azure.archive.ubuntu.com/ubuntu noble-updates/main amd64 libcaca0 amd64 0.99.beta20-4ubuntu0.2 [209 kB]
2026-10-09T12:23:29.4386839Z Get:74 http://azure.archive.ubuntu.com/ubuntu noble-updates/main amd64 libcdio19t64 amd64 2.1.0-4.1ubuntu1.2 [62.4 kB]
2026-10-09T12:23:29.8350981Z Get:75 http://azure.archive.ubuntu.com/ubuntu noble/main amd64 libcdio-cdda2t64 amd64 10.2+2.0.1-1.1build2 [16.5 kB]
2026-10-09T12:23:30.0353962Z Get:76 http://azure.archive.ubuntu.com/ubuntu noble/main amd64 libcdio-paranoia2t64 amd64 10.2+2.0.1-1.1build2 [16.6 kB]
2026-10-09T12:23:30.2335997Z Get:77 http://azure.archive.ubuntu.com/ubuntu noble/universe amd64 libdc1394-25 amd64 2.2.6-4build1 [90.1 kB]
2026-10-09T12:23:30.7638315Z Get:78 http://azure.archive.ubuntu.com/ubuntu noble/main amd64 libiec61883-0 amd64 1.2.0-6build1 [24.5 kB]
2026-10-09T12:23:30.9874718Z Get:79 http://azure.archive.ubuntu.com/ubuntu noble/main amd64 libjack-jackd2-0 amd64 1.9.21~dfsg-3ubuntu3 [289 kB]
2026-10-09T12:23:32.4379026Z Get:80 http://azure.archive.ubuntu.com/ubuntu noble/universe amd64 libopenal-data all 1:1.23.1-4build1 [161 kB]
2026-10-09T12:23:33.3369408Z Get:81 http://azure.archive.ubuntu.com/ubuntu noble/universe amd64 libsndio7.0 amd64 1.9.0-0.3build3 [29.6 kB]
2026-10-09T12:23:33.6189286Z Get:82 http://azure.archive.ubuntu.com/ubuntu noble/universe amd64 libopenal1 amd64 1:1.23.1-4build1 [540 kB]
2026-10-09T12:23:36.2428516Z Get:83 http://azure.archive.ubuntu.com/ubuntu noble/main amd64 libdecor-0-0 amd64 0.2.2-1build2 [16.5 kB]
2026-10-09T12:23:36.4281679Z Get:84 http://azure.archive.ubuntu.com/ubuntu noble-updates/main amd64 libsdl2-2.0-0 amd64 2.30.0+dfsg-1ubuntu3.1 [686 kB]
2026-10-09T12:23:39.4356839Z Get:85 http://azure.archive.ubuntu.com/ubuntu noble/main amd64 libxcb-shape0 amd64 1.15-1ubuntu2 [6100 B]
2026-10-09T12:23:39.5722804Z Get:86 http://azure.archive.ubuntu.com/ubuntu noble/main amd64 libxv1 amd64 2:1.0.11-1.1build1 [10.7 kB]
2026-10-09T12:23:39.7216213Z Get:87 http://azure.archive.ubuntu.com/ubuntu noble/universe amd64 libavdevice60 amd64 7:6.1.1-3ubuntu5 [82.3 kB]
2026-10-09T12:23:40.2749592Z Get:88 http://azure.archive.ubuntu.com/ubuntu noble/universe amd64 ffmpeg amd64 7:6.1.1-3ubuntu5 [1879 kB]
2026-10-09T12:23:49.6305443Z Fetched 62.8 MB in 4min 47s (219 kB/s)
2026-10-09T12:23:49.6509407Z Selecting previously unselected package libva2:amd64.
2026-10-09T12:23:49.6566255Z (Reading database ... 
2026-10-09T12:23:49.6566790Z (Reading database ... 5%
2026-10-09T12:23:49.6567219Z (Reading database ... 10%
2026-10-09T12:23:49.6568392Z (Reading database ... 15%
2026-10-09T12:23:49.6571379Z (Reading database ... 20%
2026-10-09T12:23:49.6572515Z (Reading database ... 25%
2026-10-09T12:23:49.6573220Z (Reading database ... 30%
2026-10-09T12:23:49.6573852Z (Reading database ... 35%
2026-10-09T12:23:49.6575019Z (Reading database ... 40%
2026-10-09T12:23:49.6575961Z (Reading database ... 45%
2026-10-09T12:23:49.6576590Z (Reading database ... 50%
2026-10-09T12:23:49.6591416Z (Reading database ... 55%
2026-10-09T12:23:49.6705677Z (Reading database ... 60%
2026-10-09T12:23:49.6734748Z (Reading database ... 65%
2026-10-09T12:23:49.6756274Z (Reading database ... 70%
2026-10-09T12:23:49.6793366Z (Reading database ... 75%
2026-10-09T12:23:49.6818228Z (Reading database ... 80%
2026-10-09T12:23:49.6973195Z (Reading database ... 85%
2026-10-09T12:23:49.7048881Z (Reading database ... 90%
2026-10-09T12:23:49.7288227Z (Reading database ... 95%
2026-10-09T12:23:49.7288755Z (Reading database ... 100%
2026-10-09T12:23:49.7289576Z (Reading database ... 203458 files and directories currently installed.)
2026-10-09T12:23:49.7332123Z Preparing to unpack .../00-libva2_2.20.0-2ubuntu0.2_amd64.deb ...
2026-10-09T12:23:49.7346116Z Unpacking libva2:amd64 (2.20.0-2ubuntu0.2) ...
2026-10-09T12:23:49.7560753Z Selecting previously unselected package libva-drm2:amd64.
2026-10-09T12:23:49.7687445Z Preparing to unpack .../01-libva-drm2_2.20.0-2ubuntu0.2_amd64.deb ...
2026-10-09T12:23:49.7696953Z Unpacking libva-drm2:amd64 (2.20.0-2ubuntu0.2) ...
2026-10-09T12:23:49.7898457Z Selecting previously unselected package libva-x11-2:amd64.
2026-10-09T12:23:49.8025020Z Preparing to unpack .../02-libva-x11-2_2.20.0-2ubuntu0.2_amd64.deb ...
2026-10-09T12:23:49.8032845Z Unpacking libva-x11-2:amd64 (2.20.0-2ubuntu0.2) ...
2026-10-09T12:23:49.8238256Z Selecting previously unselected package libvdpau1:amd64.
2026-10-09T12:23:49.8362497Z Preparing to unpack .../03-libvdpau1_1.5-2build1_amd64.deb ...
2026-10-09T12:23:49.8369477Z Unpacking libvdpau1:amd64 (1.5-2build1) ...
2026-10-09T12:23:49.8573841Z Selecting previously unselected package libvpl2.
2026-10-09T12:23:49.8698649Z Preparing to unpack .../04-libvpl2_2023.3.0-1build1_amd64.deb ...
2026-10-09T12:23:49.8705814Z Unpacking libvpl2 (2023.3.0-1build1) ...
2026-10-09T12:23:49.8913213Z Selecting previously unselected package ocl-icd-libopencl1:amd64.
2026-10-09T12:23:49.9037980Z Preparing to unpack .../05-ocl-icd-libopencl1_2.3.2-1build1_amd64.deb ...
2026-10-09T12:23:49.9045375Z Unpacking ocl-icd-libopencl1:amd64 (2.3.2-1build1) ...
2026-10-09T12:23:49.9382957Z Selecting previously unselected package libavutil58:amd64.
2026-10-09T12:23:49.9508977Z Preparing to unpack .../06-libavutil58_7%3a6.1.1-3ubuntu5_amd64.deb ...
2026-10-09T12:23:49.9516482Z Unpacking libavutil58:amd64 (7:6.1.1-3ubuntu5) ...
2026-10-09T12:23:49.9767742Z Selecting previously unselected package libcodec2-1.2:amd64.
2026-10-09T12:23:49.9894669Z Preparing to unpack .../07-libcodec2-1.2_1.2.0-2build1_amd64.deb ...
2026-10-09T12:23:49.9902663Z Unpacking libcodec2-1.2:amd64 (1.2.0-2build1) ...
2026-10-09T12:23:50.0634841Z Selecting previously unselected package libdav1d7:amd64.
2026-10-09T12:23:50.0762374Z Preparing to unpack .../08-libdav1d7_1.4.1-1build1_amd64.deb ...
2026-10-09T12:23:50.0770988Z Unpacking libdav1d7:amd64 (1.4.1-1build1) ...
2026-10-09T12:23:50.1038701Z Selecting previously unselected package libgsm1:amd64.
2026-10-09T12:23:50.1163171Z Preparing to unpack .../09-libgsm1_1.0.22-1build1_amd64.deb ...
2026-10-09T12:23:50.1170777Z Unpacking libgsm1:amd64 (1.0.22-1build1) ...
2026-10-09T12:23:50.1386896Z Selecting previously unselected package libhwy1t64:amd64.
2026-10-09T12:23:50.1516167Z Preparing to unpack .../10-libhwy1t64_1.0.7-8.1build1_amd64.deb ...
2026-10-09T12:23:50.1523828Z Unpacking libhwy1t64:amd64 (1.0.7-8.1build1) ...
2026-10-09T12:23:50.1843048Z Selecting previously unselected package libjxl0.7:amd64.
2026-10-09T12:23:50.1972761Z Preparing to unpack .../11-libjxl0.7_0.7.0-10.2ubuntu6.1_amd64.deb ...
2026-10-09T12:23:50.1979324Z Unpacking libjxl0.7:amd64 (0.7.0-10.2ubuntu6.1) ...
2026-10-09T12:23:50.2314180Z Selecting previously unselected package libmp3lame0:amd64.
2026-10-09T12:23:50.2444013Z Preparing to unpack .../12-libmp3lame0_3.100-6build1_amd64.deb ...
2026-10-09T12:23:50.2451200Z Unpacking libmp3lame0:amd64 (3.100-6build1) ...
2026-10-09T12:23:50.2677984Z Selecting previously unselected package libopus0:amd64.
2026-10-09T12:23:50.2807031Z Preparing to unpack .../13-libopus0_1.4-1build1_amd64.deb ...
2026-10-09T12:23:50.2814088Z Unpacking libopus0:amd64 (1.4-1build1) ...
2026-10-09T12:23:50.3045367Z Selecting previously unselected package librav1e0:amd64.
2026-10-09T12:23:50.3174974Z Preparing to unpack .../14-librav1e0_0.7.1-2_amd64.deb ...
2026-10-09T12:23:50.3182436Z Unpacking librav1e0:amd64 (0.7.1-2) ...
2026-10-09T12:23:50.3516394Z Selecting previously unselected package librsvg2-2:amd64.
2026-10-09T12:23:50.3645781Z Preparing to unpack .../15-librsvg2-2_2.58.0+dfsg-1ubuntu0.1_amd64.deb ...
2026-10-09T12:23:50.3654136Z Unpacking librsvg2-2:amd64 (2.58.0+dfsg-1ubuntu0.1) ...
2026-10-09T12:23:50.4135083Z Selecting previously unselected package libshine3:amd64.
2026-10-09T12:23:50.4261605Z Preparing to unpack .../16-libshine3_3.1.1-2build1_amd64.deb ...
2026-10-09T12:23:50.4269390Z Unpacking libshine3:amd64 (3.1.1-2build1) ...
2026-10-09T12:23:50.4477128Z Selecting previously unselected package libspeex1:amd64.
2026-10-09T12:23:50.4604406Z Preparing to unpack .../17-libspeex1_1.2.1-2ubuntu2.24.04.1_amd64.deb ...
2026-10-09T12:23:50.4611349Z Unpacking libspeex1:amd64 (1.2.1-2ubuntu2.24.04.1) ...
2026-10-09T12:23:50.4850994Z Selecting previously unselected package libsvtav1enc1d1:amd64.
2026-10-09T12:23:50.4978754Z Preparing to unpack .../18-libsvtav1enc1d1_1.7.0+dfsg-2build1_amd64.deb ...
2026-10-09T12:23:50.4986585Z Unpacking libsvtav1enc1d1:amd64 (1.7.0+dfsg-2build1) ...
2026-10-09T12:23:50.5446792Z Selecting previously unselected package libsoxr0:amd64.
2026-10-09T12:23:50.5570991Z Preparing to unpack .../19-libsoxr0_0.1.3-4build3_amd64.deb ...
2026-10-09T12:23:50.5578821Z Unpacking libsoxr0:amd64 (0.1.3-4build3) ...
2026-10-09T12:23:50.5791874Z Selecting previously unselected package libswresample4:amd64.
2026-10-09T12:23:50.5916295Z Preparing to unpack .../20-libswresample4_7%3a6.1.1-3ubuntu5_amd64.deb ...
2026-10-09T12:23:50.5924127Z Unpacking libswresample4:amd64 (7:6.1.1-3ubuntu5) ...
2026-10-09T12:23:50.6161575Z Selecting previously unselected package libtheora0:amd64.
2026-10-09T12:23:50.6287824Z Preparing to unpack .../21-libtheora0_1.1.1+dfsg.1-16.1build3_amd64.deb ...
2026-10-09T12:23:50.6295611Z Unpacking libtheora0:amd64 (1.1.1+dfsg.1-16.1build3) ...
2026-10-09T12:23:50.6527677Z Selecting previously unselected package libtwolame0:amd64.
2026-10-09T12:23:50.6652933Z Preparing to unpack .../22-libtwolame0_0.4.0-2build3_amd64.deb ...
2026-10-09T12:23:50.6660213Z Unpacking libtwolame0:amd64 (0.4.0-2build3) ...
2026-10-09T12:23:50.6867983Z Selecting previously unselected package libvorbisenc2:amd64.
2026-10-09T12:23:50.6991940Z Preparing to unpack .../23-libvorbisenc2_1.3.7-1build3_amd64.deb ...
2026-10-09T12:23:50.7001850Z Unpacking libvorbisenc2:amd64 (1.3.7-1build3) ...
2026-10-09T12:23:50.7227580Z Selecting previously unselected package libvpx9:amd64.
2026-10-09T12:23:50.7355363Z Preparing to unpack .../24-libvpx9_1.14.0-1ubuntu2.3_amd64.deb ...
2026-10-09T12:23:50.7362362Z Unpacking libvpx9:amd64 (1.14.0-1ubuntu2.3) ...
2026-10-09T12:23:50.7693772Z Selecting previously unselected package libx264-164:amd64.
2026-10-09T12:23:50.7819390Z Preparing to unpack .../25-libx264-164_2%3a0.164.3108+git31e19f9-1_amd64.deb ...
2026-10-09T12:23:50.7828205Z Unpacking libx264-164:amd64 (2:0.164.3108+git31e19f9-1) ...
2026-10-09T12:23:50.8109047Z Selecting previously unselected package libx265-199:amd64.
2026-10-09T12:23:50.8233711Z Preparing to unpack .../26-libx265-199_3.5-2build1_amd64.deb ...
2026-10-09T12:23:50.8241042Z Unpacking libx265-199:amd64 (3.5-2build1) ...
2026-10-09T12:23:50.8893850Z Selecting previously unselected package libxvidcore4:amd64.
2026-10-09T12:23:50.9019748Z Preparing to unpack .../27-libxvidcore4_2%3a1.3.7-1build1_amd64.deb ...
2026-10-09T12:23:50.9027404Z Unpacking libxvidcore4:amd64 (2:1.3.7-1build1) ...
2026-10-09T12:23:50.9242071Z Selecting previously unselected package libzvbi-common.
2026-10-09T12:23:50.9366693Z Preparing to unpack .../28-libzvbi-common_0.2.42-2_all.deb ...
2026-10-09T12:23:50.9394251Z Unpacking libzvbi-common (0.2.42-2) ...
2026-10-09T12:23:51.0241677Z Selecting previously unselected package libzvbi0t64:amd64.
2026-10-09T12:23:51.0371436Z Preparing to unpack .../29-libzvbi0t64_0.2.42-2_amd64.deb ...
2026-10-09T12:23:51.0378857Z Unpacking libzvbi0t64:amd64 (0.2.42-2) ...
2026-10-09T12:23:51.0628832Z Selecting previously unselected package libavcodec60:amd64.
2026-10-09T12:23:51.0757282Z Preparing to unpack .../30-libavcodec60_7%3a6.1.1-3ubuntu5_amd64.deb ...
2026-10-09T12:23:51.0763939Z Unpacking libavcodec60:amd64 (7:6.1.1-3ubuntu5) ...
2026-10-09T12:23:51.1605632Z Selecting previously unselected package libraw1394-11:amd64.
2026-10-09T12:23:51.1732186Z Preparing to unpack .../31-libraw1394-11_2.1.2-2build3_amd64.deb ...
2026-10-09T12:23:51.1739330Z Unpacking libraw1394-11:amd64 (2.1.2-2build3) ...
2026-10-09T12:23:51.1942132Z Selecting previously unselected package libavc1394-0:amd64.
2026-10-09T12:23:51.2067904Z Preparing to unpack .../32-libavc1394-0_0.5.4-5build3_amd64.deb ...
2026-10-09T12:23:51.2075558Z Unpacking libavc1394-0:amd64 (0.5.4-5build3) ...
2026-10-09T12:23:51.2273520Z Selecting previously unselected package libunibreak5:amd64.
2026-10-09T12:23:51.2397907Z Preparing to unpack .../33-libunibreak5_5.1-2build1_amd64.deb ...
2026-10-09T12:23:51.2406875Z Unpacking libunibreak5:amd64 (5.1-2build1) ...
2026-10-09T12:23:51.2613369Z Selecting previously unselected package libass9:amd64.
2026-10-09T12:23:51.2738897Z Preparing to unpack .../34-libass9_1%3a0.17.1-2build1_amd64.deb ...
2026-10-09T12:23:51.2747201Z Unpacking libass9:amd64 (1:0.17.1-2build1) ...
2026-10-09T12:23:51.2965364Z Selecting previously unselected package libudfread0:amd64.
2026-10-09T12:23:51.3092101Z Preparing to unpack .../35-libudfread0_1.1.2-1build1_amd64.deb ...
2026-10-09T12:23:51.3100470Z Unpacking libudfread0:amd64 (1.1.2-1build1) ...
2026-10-09T12:23:51.3306857Z Selecting previously unselected package libbluray2:amd64.
2026-10-09T12:23:51.3431227Z Preparing to unpack .../36-libbluray2_1%3a1.3.4-1build1_amd64.deb ...
2026-10-09T12:23:51.3439104Z Unpacking libbluray2:amd64 (1:1.3.4-1build1) ...
2026-10-09T12:23:51.3659846Z Selecting previously unselected package libchromaprint1:amd64.
2026-10-09T12:23:51.3784777Z Preparing to unpack .../37-libchromaprint1_1.5.1-5_amd64.deb ...
2026-10-09T12:23:51.3792685Z Unpacking libchromaprint1:amd64 (1.5.1-5) ...
2026-10-09T12:23:51.4008381Z Selecting previously unselected package libgme0:amd64.
2026-10-09T12:23:51.4134418Z Preparing to unpack .../38-libgme0_0.6.3-7build1_amd64.deb ...
2026-10-09T12:23:51.4142585Z Unpacking libgme0:amd64 (0.6.3-7build1) ...
2026-10-09T12:23:51.4358503Z Selecting previously unselected package libmpg123-0t64:amd64.
2026-10-09T12:23:51.4485384Z Preparing to unpack .../39-libmpg123-0t64_1.32.5-1ubuntu1.1_amd64.deb ...
2026-10-09T12:23:51.4492869Z Unpacking libmpg123-0t64:amd64 (1.32.5-1ubuntu1.1) ...
2026-10-09T12:23:51.4715587Z Selecting previously unselected package libopenmpt0t64:amd64.
2026-10-09T12:23:51.4839937Z Preparing to unpack .../40-libopenmpt0t64_0.7.3-1.1build3_amd64.deb ...
2026-10-09T12:23:51.4847880Z Unpacking libopenmpt0t64:amd64 (0.7.3-1.1build3) ...
2026-10-09T12:23:51.5122953Z Selecting previously unselected package libcjson1:amd64.
2026-10-09T12:23:51.5249484Z Preparing to unpack .../41-libcjson1_1.7.17-1_amd64.deb ...
2026-10-09T12:23:51.5257476Z Unpacking libcjson1:amd64 (1.7.17-1) ...
2026-10-09T12:23:51.5464264Z Selecting previously unselected package libmbedcrypto7t64:amd64.
2026-10-09T12:23:51.5592741Z Preparing to unpack .../42-libmbedcrypto7t64_2.28.8-1_amd64.deb ...
2026-10-09T12:23:51.5600629Z Unpacking libmbedcrypto7t64:amd64 (2.28.8-1) ...
2026-10-09T12:23:51.5829691Z Selecting previously unselected package librist4:amd64.
2026-10-09T12:23:51.5954381Z Preparing to unpack .../43-librist4_0.2.10+dfsg-2_amd64.deb ...
2026-10-09T12:23:51.5963056Z Unpacking librist4:amd64 (0.2.10+dfsg-2) ...
2026-10-09T12:23:51.6165988Z Selecting previously unselected package libsrt1.5-gnutls:amd64.
2026-10-09T12:23:51.6293646Z Preparing to unpack .../44-libsrt1.5-gnutls_1.5.3-1build2_amd64.deb ...
2026-10-09T12:23:51.6301970Z Unpacking libsrt1.5-gnutls:amd64 (1.5.3-1build2) ...
2026-10-09T12:23:51.6542641Z Selecting previously unselected package libssh-gcrypt-4:amd64.
2026-10-09T12:23:51.6666967Z Preparing to unpack .../45-libssh-gcrypt-4_0.10.6-2ubuntu0.5_amd64.deb ...
2026-10-09T12:23:51.6677998Z Unpacking libssh-gcrypt-4:amd64 (0.10.6-2ubuntu0.5) ...
2026-10-09T12:23:51.6902977Z Selecting previously unselected package libavformat60:amd64.
2026-10-09T12:23:51.7028585Z Preparing to unpack .../46-libavformat60_7%3a6.1.1-3ubuntu5_amd64.deb ...
2026-10-09T12:23:51.7036484Z Unpacking libavformat60:amd64 (7:6.1.1-3ubuntu5) ...
2026-10-09T12:23:51.7359889Z Selecting previously unselected package libbs2b0:amd64.
2026-10-09T12:23:51.7486484Z Preparing to unpack .../47-libbs2b0_3.1.0+dfsg-7build1_amd64.deb ...
2026-10-09T12:23:51.7494280Z Unpacking libbs2b0:amd64 (3.1.0+dfsg-7build1) ...
2026-10-09T12:23:51.7722815Z Selecting previously unselected package libflite1:amd64.
2026-10-09T12:23:51.7849926Z Preparing to unpack .../48-libflite1_2.2-6build3_amd64.deb ...
2026-10-09T12:23:51.7857376Z Unpacking libflite1:amd64 (2.2-6build3) ...
2026-10-09T12:23:51.8913269Z Selecting previously unselected package libserd-0-0:amd64.
2026-10-09T12:23:51.9038921Z Preparing to unpack .../49-libserd-0-0_0.32.2-1_amd64.deb ...
2026-10-09T12:23:51.9045735Z Unpacking libserd-0-0:amd64 (0.32.2-1) ...
2026-10-09T12:23:51.9242868Z Selecting previously unselected package libzix-0-0:amd64.
2026-10-09T12:23:51.9368144Z Preparing to unpack .../50-libzix-0-0_0.4.2-2build1_amd64.deb ...
2026-10-09T12:23:51.9375890Z Unpacking libzix-0-0:amd64 (0.4.2-2build1) ...
2026-10-09T12:23:51.9586060Z Selecting previously unselected package libsord-0-0:amd64.
2026-10-09T12:23:51.9712923Z Preparing to unpack .../51-libsord-0-0_0.16.16-2build1_amd64.deb ...
2026-10-09T12:23:51.9721787Z Unpacking libsord-0-0:amd64 (0.16.16-2build1) ...
2026-10-09T12:23:51.9917092Z Selecting previously unselected package libsratom-0-0:amd64.
2026-10-09T12:23:52.0043861Z Preparing to unpack .../52-libsratom-0-0_0.6.16-1build1_amd64.deb ...
2026-10-09T12:23:52.0051106Z Unpacking libsratom-0-0:amd64 (0.6.16-1build1) ...
2026-10-09T12:23:52.0249395Z Selecting previously unselected package liblilv-0-0:amd64.
2026-10-09T12:23:52.0373579Z Preparing to unpack .../53-liblilv-0-0_0.24.22-1build1_amd64.deb ...
2026-10-09T12:23:52.0381826Z Unpacking liblilv-0-0:amd64 (0.24.22-1build1) ...
2026-10-09T12:23:52.0585760Z Selecting previously unselected package libmysofa1:amd64.
2026-10-09T12:23:52.0714720Z Preparing to unpack .../54-libmysofa1_1.3.2+dfsg-2ubuntu2_amd64.deb ...
2026-10-09T12:23:52.0721479Z Unpacking libmysofa1:amd64 (1.3.2+dfsg-2ubuntu2) ...
2026-10-09T12:23:52.0984940Z Selecting previously unselected package libplacebo338:amd64.
2026-10-09T12:23:52.1115753Z Preparing to unpack .../55-libplacebo338_6.338.2-2build1_amd64.deb ...
2026-10-09T12:23:52.1122283Z Unpacking libplacebo338:amd64 (6.338.2-2build1) ...
2026-10-09T12:23:52.1691060Z Selecting previously unselected package libblas3:amd64.
2026-10-09T12:23:52.1821136Z Preparing to unpack .../56-libblas3_3.12.0-3build1.1_amd64.deb ...
2026-10-09T12:23:52.1857643Z Unpacking libblas3:amd64 (3.12.0-3build1.1) ...
2026-10-09T12:23:52.2099104Z Selecting previously unselected package liblapack3:amd64.
2026-10-09T12:23:52.2225082Z Preparing to unpack .../57-liblapack3_3.12.0-3build1.1_amd64.deb ...
2026-10-09T12:23:52.2257727Z Unpacking liblapack3:amd64 (3.12.0-3build1.1) ...
2026-10-09T12:23:52.2742036Z Selecting previously unselected package libasyncns0:amd64.
2026-10-09T12:23:52.2870750Z Preparing to unpack .../58-libasyncns0_0.8-6build4_amd64.deb ...
2026-10-09T12:23:52.2877950Z Unpacking libasyncns0:amd64 (0.8-6build4) ...
2026-10-09T12:23:52.3077091Z Selecting previously unselected package libflac12t64:amd64.
2026-10-09T12:23:52.3213446Z Preparing to unpack .../59-libflac12t64_1.4.3+ds-2.1ubuntu2_amd64.deb ...
2026-10-09T12:23:52.3223738Z Unpacking libflac12t64:amd64 (1.4.3+ds-2.1ubuntu2) ...
2026-10-09T12:23:52.3470662Z Selecting previously unselected package libsndfile1:amd64.
2026-10-09T12:23:52.3606378Z Preparing to unpack .../60-libsndfile1_1.2.2-1ubuntu5.24.04.1_amd64.deb ...
2026-10-09T12:23:52.3614251Z Unpacking libsndfile1:amd64 (1.2.2-1ubuntu5.24.04.1) ...
2026-10-09T12:23:52.3867858Z Selecting previously unselected package libpulse0:amd64.
2026-10-09T12:23:52.3996577Z Preparing to unpack .../61-libpulse0_1%3a16.1+dfsg1-2ubuntu10.1_amd64.deb ...
2026-10-09T12:23:52.4064888Z Unpacking libpulse0:amd64 (1:16.1+dfsg1-2ubuntu10.1) ...
2026-10-09T12:23:52.4302555Z Selecting previously unselected package libsphinxbase3t64:amd64.
2026-10-09T12:23:52.4430281Z Preparing to unpack .../62-libsphinxbase3t64_0.8+5prealpha+1-17build2_amd64.deb ...
2026-10-09T12:23:52.4454676Z Unpacking libsphinxbase3t64:amd64 (0.8+5prealpha+1-17build2) ...
2026-10-09T12:23:52.4672628Z Selecting previously unselected package libpocketsphinx3:amd64.
2026-10-09T12:23:52.4799273Z Preparing to unpack .../63-libpocketsphinx3_0.8.0+real5prealpha+1-15ubuntu5_amd64.deb ...
2026-10-09T12:23:52.4807994Z Unpacking libpocketsphinx3:amd64 (0.8.0+real5prealpha+1-15ubuntu5) ...
2026-10-09T12:23:52.5040787Z Selecting previously unselected package libpostproc57:amd64.
2026-10-09T12:23:52.5165037Z Preparing to unpack .../64-libpostproc57_7%3a6.1.1-3ubuntu5_amd64.deb ...
2026-10-09T12:23:52.5172405Z Unpacking libpostproc57:amd64 (7:6.1.1-3ubuntu5) ...
2026-10-09T12:23:52.5383379Z Selecting previously unselected package libsamplerate0:amd64.
2026-10-09T12:23:52.5510463Z Preparing to unpack .../65-libsamplerate0_0.2.2-4build1_amd64.deb ...
2026-10-09T12:23:52.5518078Z Unpacking libsamplerate0:amd64 (0.2.2-4build1) ...
2026-10-09T12:23:52.5778226Z Selecting previously unselected package librubberband2:amd64.
2026-10-09T12:23:52.5906046Z Preparing to unpack .../66-librubberband2_3.3.0+dfsg-2build1_amd64.deb ...
2026-10-09T12:23:52.5913482Z Unpacking librubberband2:amd64 (3.3.0+dfsg-2build1) ...
2026-10-09T12:23:52.6143821Z Selecting previously unselected package libswscale7:amd64.
2026-10-09T12:23:52.6271358Z Preparing to unpack .../67-libswscale7_7%3a6.1.1-3ubuntu5_amd64.deb ...
2026-10-09T12:23:52.6279551Z Unpacking libswscale7:amd64 (7:6.1.1-3ubuntu5) ...
2026-10-09T12:23:52.6512455Z Selecting previously unselected package libvidstab1.1:amd64.
2026-10-09T12:23:52.6639984Z Preparing to unpack .../68-libvidstab1.1_1.1.0-2build1_amd64.deb ...
2026-10-09T12:23:52.6649270Z Unpacking libvidstab1.1:amd64 (1.1.0-2build1) ...
2026-10-09T12:23:52.6848469Z Selecting previously unselected package libzimg2:amd64.
2026-10-09T12:23:52.6974264Z Preparing to unpack .../69-libzimg2_3.0.5+ds1-1build1_amd64.deb ...
2026-10-09T12:23:52.6982681Z Unpacking libzimg2:amd64 (3.0.5+ds1-1build1) ...
2026-10-09T12:23:52.7210323Z Selecting previously unselected package libavfilter9:amd64.
2026-10-09T12:23:52.7335404Z Preparing to unpack .../70-libavfilter9_7%3a6.1.1-3ubuntu5_amd64.deb ...
2026-10-09T12:23:52.7342480Z Unpacking libavfilter9:amd64 (7:6.1.1-3ubuntu5) ...
2026-10-09T12:23:52.8012512Z Selecting previously unselected package libcaca0:amd64.
2026-10-09T12:23:52.8141503Z Preparing to unpack .../71-libcaca0_0.99.beta20-4ubuntu0.2_amd64.deb ...
2026-10-09T12:23:52.8150262Z Unpacking libcaca0:amd64 (0.99.beta20-4ubuntu0.2) ...
2026-10-09T12:23:52.8404636Z Selecting previously unselected package libcdio19t64:amd64.
2026-10-09T12:23:52.8529011Z Preparing to unpack .../72-libcdio19t64_2.1.0-4.1ubuntu1.2_amd64.deb ...
2026-10-09T12:23:52.8537820Z Unpacking libcdio19t64:amd64 (2.1.0-4.1ubuntu1.2) ...
2026-10-09T12:23:52.8761453Z Selecting previously unselected package libcdio-cdda2t64:amd64.
2026-10-09T12:23:52.8888968Z Preparing to unpack .../73-libcdio-cdda2t64_10.2+2.0.1-1.1build2_amd64.deb ...
2026-10-09T12:23:52.8897729Z Unpacking libcdio-cdda2t64:amd64 (10.2+2.0.1-1.1build2) ...
2026-10-09T12:23:52.9111501Z Selecting previously unselected package libcdio-paranoia2t64:amd64.
2026-10-09T12:23:52.9236529Z Preparing to unpack .../74-libcdio-paranoia2t64_10.2+2.0.1-1.1build2_amd64.deb ...
2026-10-09T12:23:52.9245485Z Unpacking libcdio-paranoia2t64:amd64 (10.2+2.0.1-1.1build2) ...
2026-10-09T12:23:52.9450136Z Selecting previously unselected package libdc1394-25:amd64.
2026-10-09T12:23:52.9576268Z Preparing to unpack .../75-libdc1394-25_2.2.6-4build1_amd64.deb ...
2026-10-09T12:23:52.9584759Z Unpacking libdc1394-25:amd64 (2.2.6-4build1) ...
2026-10-09T12:23:52.9800168Z Selecting previously unselected package libiec61883-0:amd64.
2026-10-09T12:23:52.9926269Z Preparing to unpack .../76-libiec61883-0_1.2.0-6build1_amd64.deb ...
2026-10-09T12:23:52.9933963Z Unpacking libiec61883-0:amd64 (1.2.0-6build1) ...
2026-10-09T12:23:53.0144318Z Selecting previously unselected package libjack-jackd2-0:amd64.
2026-10-09T12:23:53.0269629Z Preparing to unpack .../77-libjack-jackd2-0_1.9.21~dfsg-3ubuntu3_amd64.deb ...
2026-10-09T12:23:53.0277684Z Unpacking libjack-jackd2-0:amd64 (1.9.21~dfsg-3ubuntu3) ...
2026-10-09T12:23:53.0528654Z Selecting previously unselected package libopenal-data.
2026-10-09T12:23:53.0657788Z Preparing to unpack .../78-libopenal-data_1%3a1.23.1-4build1_all.deb ...
2026-10-09T12:23:53.0666554Z Unpacking libopenal-data (1:1.23.1-4build1) ...
2026-10-09T12:23:53.0901418Z Selecting previously unselected package libsndio7.0:amd64.
2026-10-09T12:23:53.1028189Z Preparing to unpack .../79-libsndio7.0_1.9.0-0.3build3_amd64.deb ...
2026-10-09T12:23:53.1036383Z Unpacking libsndio7.0:amd64 (1.9.0-0.3build3) ...
2026-10-09T12:23:53.1248636Z Selecting previously unselected package libopenal1:amd64.
2026-10-09T12:23:53.1374053Z Preparing to unpack .../80-libopenal1_1%3a1.23.1-4build1_amd64.deb ...
2026-10-09T12:23:53.1382470Z Unpacking libopenal1:amd64 (1:1.23.1-4build1) ...
2026-10-09T12:23:53.1647993Z Selecting previously unselected package libdecor-0-0:amd64.
2026-10-09T12:23:53.1773553Z Preparing to unpack .../81-libdecor-0-0_0.2.2-1build2_amd64.deb ...
2026-10-09T12:23:53.1781203Z Unpacking libdecor-0-0:amd64 (0.2.2-1build2) ...
2026-10-09T12:23:53.1981809Z Selecting previously unselected package libsdl2-2.0-0:amd64.
2026-10-09T12:23:53.2107699Z Preparing to unpack .../82-libsdl2-2.0-0_2.30.0+dfsg-1ubuntu3.1_amd64.deb ...
2026-10-09T12:23:53.2116050Z Unpacking libsdl2-2.0-0:amd64 (2.30.0+dfsg-1ubuntu3.1) ...
2026-10-09T12:23:53.2642842Z Selecting previously unselected package libxcb-shape0:amd64.
2026-10-09T12:23:53.2772549Z Preparing to unpack .../83-libxcb-shape0_1.15-1ubuntu2_amd64.deb ...
2026-10-09T12:23:53.2779385Z Unpacking libxcb-shape0:amd64 (1.15-1ubuntu2) ...
2026-10-09T12:23:53.2994225Z Selecting previously unselected package libxv1:amd64.
2026-10-09T12:23:53.3122600Z Preparing to unpack .../84-libxv1_2%3a1.0.11-1.1build1_amd64.deb ...
2026-10-09T12:23:53.3129936Z Unpacking libxv1:amd64 (2:1.0.11-1.1build1) ...
2026-10-09T12:23:53.3328994Z Selecting previously unselected package libavdevice60:amd64.
2026-10-09T12:23:53.3455292Z Preparing to unpack .../85-libavdevice60_7%3a6.1.1-3ubuntu5_amd64.deb ...
2026-10-09T12:23:53.3465039Z Unpacking libavdevice60:amd64 (7:6.1.1-3ubuntu5) ...
2026-10-09T12:23:53.3692084Z Selecting previously unselected package ffmpeg.
2026-10-09T12:23:53.3819249Z Preparing to unpack .../86-ffmpeg_7%3a6.1.1-3ubuntu5_amd64.deb ...
2026-10-09T12:23:53.3826620Z Unpacking ffmpeg (7:6.1.1-3ubuntu5) ...
2026-10-09T12:23:53.4383340Z Setting up libgme0:amd64 (0.6.3-7build1) ...
2026-10-09T12:23:53.4410752Z Setting up libchromaprint1:amd64 (1.5.1-5) ...
2026-10-09T12:23:53.4429398Z Setting up libssh-gcrypt-4:amd64 (0.10.6-2ubuntu0.5) ...
2026-10-09T12:23:53.4445387Z Setting up libhwy1t64:amd64 (1.0.7-8.1build1) ...
2026-10-09T12:23:53.4462457Z Setting up libudfread0:amd64 (1.1.2-1build1) ...
2026-10-09T12:23:53.4481539Z Setting up libraw1394-11:amd64 (2.1.2-2build3) ...
2026-10-09T12:23:53.4498094Z Setting up libspeex1:amd64 (1.2.1-2ubuntu2.24.04.1) ...
2026-10-09T12:23:53.4518164Z Setting up libshine3:amd64 (3.1.1-2build1) ...
2026-10-09T12:23:53.4534767Z Setting up libcaca0:amd64 (0.99.beta20-4ubuntu0.2) ...
2026-10-09T12:23:53.4555520Z Setting up libvpl2 (2023.3.0-1build1) ...
2026-10-09T12:23:53.4579248Z Setting up libx264-164:amd64 (2:0.164.3108+git31e19f9-1) ...
2026-10-09T12:23:53.4595547Z Setting up libtwolame0:amd64 (0.4.0-2build3) ...
2026-10-09T12:23:53.4611273Z Setting up libmbedcrypto7t64:amd64 (2.28.8-1) ...
2026-10-09T12:23:53.4634963Z Setting up libgsm1:amd64 (1.0.22-1build1) ...
2026-10-09T12:23:53.4651820Z Setting up libsoxr0:amd64 (0.1.3-4build3) ...
2026-10-09T12:23:53.4668218Z Setting up libzix-0-0:amd64 (0.4.2-2build1) ...
2026-10-09T12:23:53.4686674Z Setting up libcodec2-1.2:amd64 (1.2.0-2build1) ...
2026-10-09T12:23:53.4702526Z Setting up libmysofa1:amd64 (1.3.2+dfsg-2ubuntu2) ...
2026-10-09T12:23:53.4722653Z Setting up libxcb-shape0:amd64 (1.15-1ubuntu2) ...
2026-10-09T12:23:53.4739500Z Setting up libcdio19t64:amd64 (2.1.0-4.1ubuntu1.2) ...
2026-10-09T12:23:53.4757527Z Setting up libsvtav1enc1d1:amd64 (1.7.0+dfsg-2build1) ...
2026-10-09T12:23:53.4775814Z Setting up libmpg123-0t64:amd64 (1.32.5-1ubuntu1.1) ...
2026-10-09T12:23:53.4792705Z Setting up libcjson1:amd64 (1.7.17-1) ...
2026-10-09T12:23:53.4810960Z Setting up libxvidcore4:amd64 (2:1.3.7-1build1) ...
2026-10-09T12:23:53.4829115Z Setting up librav1e0:amd64 (0.7.1-2) ...
2026-10-09T12:23:53.4847878Z Setting up libcdio-cdda2t64:amd64 (10.2+2.0.1-1.1build2) ...
2026-10-09T12:23:53.4919699Z Setting up librist4:amd64 (0.2.10+dfsg-2) ...
2026-10-09T12:23:53.4939283Z Setting up librsvg2-2:amd64 (2.58.0+dfsg-1ubuntu0.1) ...
2026-10-09T12:23:53.4958494Z Setting up libblas3:amd64 (3.12.0-3build1.1) ...
2026-10-09T12:23:53.5026018Z update-alternatives: using /usr/lib/x86_64-linux-gnu/blas/libblas.so.3 to provide /usr/lib/x86_64-linux-gnu/libblas.so.3 (libblas.so.3-x86_64-linux-gnu) in auto mode
2026-10-09T12:23:53.5045388Z Setting up libplacebo338:amd64 (6.338.2-2build1) ...
2026-10-09T12:23:53.5066051Z Setting up libva2:amd64 (2.20.0-2ubuntu0.2) ...
2026-10-09T12:23:53.5084992Z Setting up libopus0:amd64 (1.4-1build1) ...
2026-10-09T12:23:53.5101943Z Setting up libcdio-paranoia2t64:amd64 (10.2+2.0.1-1.1build2) ...
2026-10-09T12:23:53.5120536Z Setting up libdc1394-25:amd64 (2.2.6-4build1) ...
2026-10-09T12:23:53.5137221Z Setting up libxv1:amd64 (2:1.0.11-1.1build1) ...
2026-10-09T12:23:53.5154960Z Setting up libunibreak5:amd64 (5.1-2build1) ...
2026-10-09T12:23:53.5177930Z Setting up libjxl0.7:amd64 (0.7.0-10.2ubuntu6.1) ...
2026-10-09T12:23:53.5196016Z Setting up libx265-199:amd64 (3.5-2build1) ...
2026-10-09T12:23:53.5216226Z Setting up libsndio7.0:amd64 (1.9.0-0.3build3) ...
2026-10-09T12:23:53.5234524Z Setting up libvidstab1.1:amd64 (1.1.0-2build1) ...
2026-10-09T12:23:53.5252002Z Setting up libvpx9:amd64 (1.14.0-1ubuntu2.3) ...
2026-10-09T12:23:53.5271331Z Setting up libsrt1.5-gnutls:amd64 (1.5.3-1build2) ...
2026-10-09T12:23:53.5287632Z Setting up libflite1:amd64 (2.2-6build3) ...
2026-10-09T12:23:53.5304689Z Setting up libdav1d7:amd64 (1.4.1-1build1) ...
2026-10-09T12:23:53.5323188Z Setting up libva-drm2:amd64 (2.20.0-2ubuntu0.2) ...
2026-10-09T12:23:53.5343319Z Setting up ocl-icd-libopencl1:amd64 (2.3.2-1build1) ...
2026-10-09T12:23:53.5362589Z Setting up libasyncns0:amd64 (0.8-6build4) ...
2026-10-09T12:23:53.5380610Z Setting up libvdpau1:amd64 (1.5-2build1) ...
2026-10-09T12:23:53.5407023Z Setting up libbs2b0:amd64 (3.1.0+dfsg-7build1) ...
2026-10-09T12:23:53.5427287Z Setting up libtheora0:amd64 (1.1.1+dfsg.1-16.1build3) ...
2026-10-09T12:23:53.5445658Z Setting up libdecor-0-0:amd64 (0.2.2-1build2) ...
2026-10-09T12:23:53.5465057Z Setting up libzimg2:amd64 (3.0.5+ds1-1build1) ...
2026-10-09T12:23:53.5481812Z Setting up libopenal-data (1:1.23.1-4build1) ...
2026-10-09T12:23:53.5524244Z Setting up libflac12t64:amd64 (1.4.3+ds-2.1ubuntu2) ...
2026-10-09T12:23:53.5541174Z Setting up libbluray2:amd64 (1:1.3.4-1build1) ...
2026-10-09T12:23:53.5558192Z Setting up libsamplerate0:amd64 (0.2.2-4build1) ...
2026-10-09T12:23:53.5578137Z Setting up libva-x11-2:amd64 (2.20.0-2ubuntu0.2) ...
2026-10-09T12:23:53.5596331Z Setting up libopenmpt0t64:amd64 (0.7.3-1.1build3) ...
2026-10-09T12:23:53.5616463Z Setting up libzvbi-common (0.2.42-2) ...
2026-10-09T12:23:53.5635130Z Setting up libmp3lame0:amd64 (3.100-6build1) ...
2026-10-09T12:23:53.5655619Z Setting up libvorbisenc2:amd64 (1.3.7-1build3) ...
2026-10-09T12:23:53.5677117Z Setting up libiec61883-0:amd64 (1.2.0-6build1) ...
2026-10-09T12:23:53.5694954Z Setting up libserd-0-0:amd64 (0.32.2-1) ...
2026-10-09T12:23:53.5714654Z Setting up libavc1394-0:amd64 (0.5.4-5build3) ...
2026-10-09T12:23:53.5732852Z Setting up liblapack3:amd64 (3.12.0-3build1.1) ...
2026-10-09T12:23:53.5793793Z update-alternatives: using /usr/lib/x86_64-linux-gnu/lapack/liblapack.so.3 to provide /usr/lib/x86_64-linux-gnu/liblapack.so.3 (liblapack.so.3-x86_64-linux-gnu) in auto mode
2026-10-09T12:23:53.5812545Z Setting up libzvbi0t64:amd64 (0.2.42-2) ...
2026-10-09T12:23:53.5832450Z Setting up libavutil58:amd64 (7:6.1.1-3ubuntu5) ...
2026-10-09T12:23:53.5850925Z Setting up libopenal1:amd64 (1:1.23.1-4build1) ...
2026-10-09T12:23:53.5870845Z Setting up libass9:amd64 (1:0.17.1-2build1) ...
2026-10-09T12:23:53.5889231Z Setting up libswresample4:amd64 (7:6.1.1-3ubuntu5) ...
2026-10-09T12:23:53.5917539Z Setting up libavcodec60:amd64 (7:6.1.1-3ubuntu5) ...
2026-10-09T12:23:53.5935513Z Setting up librubberband2:amd64 (3.3.0+dfsg-2build1) ...
2026-10-09T12:23:53.5953844Z Setting up libjack-jackd2-0:amd64 (1.9.21~dfsg-3ubuntu3) ...
2026-10-09T12:23:53.5972975Z Setting up libsord-0-0:amd64 (0.16.16-2build1) ...
2026-10-09T12:23:53.6001658Z Setting up libpostproc57:amd64 (7:6.1.1-3ubuntu5) ...
2026-10-09T12:23:53.6018700Z Setting up libsratom-0-0:amd64 (0.6.16-1build1) ...
2026-10-09T12:23:53.6038178Z Setting up libsndfile1:amd64 (1.2.2-1ubuntu5.24.04.1) ...
2026-10-09T12:23:53.6057269Z Setting up liblilv-0-0:amd64 (0.24.22-1build1) ...
2026-10-09T12:23:53.6076922Z Setting up libswscale7:amd64 (7:6.1.1-3ubuntu5) ...
2026-10-09T12:23:53.6095602Z Setting up libpulse0:amd64 (1:16.1+dfsg1-2ubuntu10.1) ...
2026-10-09T12:23:53.6165613Z Setting up libavformat60:amd64 (7:6.1.1-3ubuntu5) ...
2026-10-09T12:23:53.6186570Z Setting up libsphinxbase3t64:amd64 (0.8+5prealpha+1-17build2) ...
2026-10-09T12:23:53.6205017Z Setting up libsdl2-2.0-0:amd64 (2.30.0+dfsg-1ubuntu3.1) ...
2026-10-09T12:23:53.6475972Z Setting up libpocketsphinx3:amd64 (0.8.0+real5prealpha+1-15ubuntu5) ...
2026-10-09T12:23:53.6493536Z Setting up libavfilter9:amd64 (7:6.1.1-3ubuntu5) ...
2026-10-09T12:23:53.6510329Z Setting up libavdevice60:amd64 (7:6.1.1-3ubuntu5) ...
2026-10-09T12:23:53.6526772Z Setting up ffmpeg (7:6.1.1-3ubuntu5) ...
2026-10-09T12:23:53.6549442Z Processing triggers for man-db (2.12.0-4build2) ...
2026-10-09T12:23:53.6566373Z Not building database; man-db/auto-update is not 'true'.
2026-10-09T12:23:53.6578360Z Processing triggers for libc-bin (2.39-0ubuntu8.9) ...
2026-10-09T12:23:54.2116540Z 
2026-10-09T12:23:54.2117307Z Running kernel seems to be up-to-date.
2026-10-09T12:23:54.2118241Z 
2026-10-09T12:23:54.2118675Z No services need to be restarted.
2026-10-09T12:23:54.2119052Z 
2026-10-09T12:23:54.2119373Z No containers need to be restarted.
2026-10-09T12:23:54.2119767Z 
2026-10-09T12:23:54.2120157Z No user sessions are running outdated binaries.
2026-10-09T12:23:54.2120450Z 
2026-10-09T12:23:54.2120853Z No VM guests are running outdated hypervisor (qemu) binaries on this host.
2026-10-09T12:23:56.0786603Z ##[group]Run set -o pipefail
2026-10-09T12:23:56.0786912Z [36;1mset -o pipefail[0m
2026-10-09T12:23:56.0787466Z [36;1mpnpm exec playwright test --config playwright.experimental.config.ts 2>&1 | tee "$CI_RECEIPTS/experimental-browser.log"[0m
2026-10-09T12:23:56.0851852Z shell: /usr/bin/bash -e {0}
2026-10-09T12:23:56.0852103Z env:
2026-10-09T12:23:56.0852300Z   MOCK_PROVIDER: true
2026-10-09T12:23:56.0852527Z   MOCK_STREAM_DELAY_MS: 0
2026-10-09T12:23:56.0852758Z   ENABLE_CLOUD: false
2026-10-09T12:23:56.0853019Z   CREDENTIAL_VAULT_BACKEND: memory
2026-10-09T12:23:56.0853312Z   CREDENTIAL_VAULT_ALLOW_MEMORY_FALLBACK: true
2026-10-09T12:23:56.0853825Z   PYTHONDONTWRITEBYTECODE: 1
2026-10-09T12:23:56.0854070Z   HF_HUB_OFFLINE: 1
2026-10-09T12:23:56.0854284Z   TRANSFORMERS_OFFLINE: 1
2026-10-09T12:23:56.0854581Z   pythonLocation: /opt/hostedtoolcache/Python/3.12.9/x64
2026-10-09T12:23:56.0855014Z   PKG_CONFIG_PATH: /opt/hostedtoolcache/Python/3.12.9/x64/lib/pkgconfig
2026-10-09T12:23:56.0855717Z   Python_ROOT_DIR: /opt/hostedtoolcache/Python/3.12.9/x64
2026-10-09T12:23:56.0856104Z   Python2_ROOT_DIR: /opt/hostedtoolcache/Python/3.12.9/x64
2026-10-09T12:23:56.0856489Z   Python3_ROOT_DIR: /opt/hostedtoolcache/Python/3.12.9/x64
2026-10-09T12:23:56.0856881Z   LD_LIBRARY_PATH: /opt/hostedtoolcache/Python/3.12.9/x64/lib
2026-10-09T12:23:56.0857277Z   CI_COVERAGE_SHA: 09cc0edc25fad8f82377650a504beb65af99c0bf
2026-10-09T12:23:56.0857659Z   CI_COVERAGE_TREE: f800c0e8a6d920e8836a027707c8078c5a8421f2
2026-10-09T12:23:56.0858053Z   CI_SANDBOX: /home/runner/work/_temp/novel-ci-frontend.fo4aho
2026-10-09T12:23:56.0858508Z   CI_PROJECT: /home/runner/work/_temp/novel-ci-frontend.fo4aho/project
2026-10-09T12:23:56.0858991Z   CI_RECEIPTS: /home/runner/work/_temp/novel-ci-frontend.fo4aho/receipts
2026-10-09T12:23:56.0859441Z   HOME: /home/runner/work/_temp/novel-ci-frontend.fo4aho/home
2026-10-09T12:23:56.0859878Z   USERPROFILE: /home/runner/work/_temp/novel-ci-frontend.fo4aho/home
2026-10-09T12:23:56.0860354Z   APPDATA: /home/runner/work/_temp/novel-ci-frontend.fo4aho/appdata
2026-10-09T12:23:56.0860857Z   LOCALAPPDATA: /home/runner/work/_temp/novel-ci-frontend.fo4aho/localappdata
2026-10-09T12:23:56.0861347Z   XDG_CONFIG_HOME: /home/runner/work/_temp/novel-ci-frontend.fo4aho/config
2026-10-09T12:23:56.0861801Z   XDG_CACHE_HOME: /home/runner/work/_temp/novel-ci-frontend.fo4aho/cache
2026-10-09T12:23:56.0862249Z   XDG_DATA_HOME: /home/runner/work/_temp/novel-ci-frontend.fo4aho/data
2026-10-09T12:23:56.0862705Z   XDG_STATE_HOME: /home/runner/work/_temp/novel-ci-frontend.fo4aho/state
2026-10-09T12:23:56.0863115Z   TMPDIR: /home/runner/work/_temp/novel-ci-frontend.fo4aho/tmp
2026-10-09T12:23:56.0863495Z   TMP: /home/runner/work/_temp/novel-ci-frontend.fo4aho/tmp
2026-10-09T12:23:56.0863862Z   TEMP: /home/runner/work/_temp/novel-ci-frontend.fo4aho/tmp
2026-10-09T12:23:56.0864288Z   PROJECT_ROOT: /home/runner/work/_temp/novel-ci-frontend.fo4aho/project
2026-10-09T12:23:56.0873873Z   NOVEL_DATA_PATH: /home/runner/work/_temp/novel-ci-frontend.fo4aho/data/novels
2026-10-09T12:23:56.0874541Z   BACKUP_PATH: /home/runner/work/_temp/novel-ci-frontend.fo4aho/data/backups
2026-10-09T12:23:56.0875368Z   DATABASE_BACKUP_PATH: /home/runner/work/_temp/novel-ci-frontend.fo4aho/data/database-backups
2026-10-09T12:23:56.0876041Z   KNOWLEDGE_SOURCE_PATH: /home/runner/work/_temp/novel-ci-frontend.fo4aho/data/novels
2026-10-09T12:23:56.0876453Z   R3_PYTHON: python
2026-10-09T12:23:56.0876653Z ##[endgroup]
2026-10-09T12:24:02.5251624Z [WebServer] INFO:     Started server process [11145]
2026-10-09T12:24:02.5254808Z [WebServer] INFO:     Waiting for application startup.
2026-10-09T12:24:02.5256131Z [WebServer] INFO:     Application startup complete.
2026-10-09T12:24:02.5257465Z [WebServer] INFO:     Uvicorn running on http://127.0.0.1:8016 (Press CTRL+C to quit)
2026-10-09T12:24:09.4328434Z [WebServer] INFO:     Started server process [11167]
2026-10-09T12:24:09.4329460Z [WebServer] INFO:     Waiting for application startup.
2026-10-09T12:24:09.4336876Z [WebServer] INFO:     Application startup complete.
2026-10-09T12:24:09.4338893Z [WebServer] INFO:     Uvicorn running on http://127.0.0.1:8017 (Press CTRL+C to quit)
2026-10-09T12:24:16.3526625Z [WebServer] INFO:     Started server process [11189]
2026-10-09T12:24:16.3527346Z [WebServer] INFO:     Waiting for application startup.
2026-10-09T12:24:16.3535463Z [WebServer] INFO:     Application startup complete.
2026-10-09T12:24:16.3538569Z [WebServer] INFO:     Uvicorn running on http://127.0.0.1:8018 (Press CTRL+C to quit)
2026-10-09T12:24:17.5847883Z 
2026-10-09T12:24:17.5848508Z Running 7 tests using 1 worker
2026-10-09T12:24:17.5849163Z 
2026-10-09T12:24:23.2149242Z   ✓  1 [chromium] › tests/e2e/r3-experimental.spec.ts:61:1 › R3 default off and V1 acceptance override keep Experimental absent (5.0s)
2026-10-09T12:24:33.4150911Z   ✓  2 [chromium] › tests/e2e/r3-experimental.spec.ts:77:1 › R3 planning browser hierarchy CRUD, compare, approval, history and stale fencing (10.2s)
2026-10-09T12:24:38.9611759Z   ✓  3 [chromium] › tests/e2e/r3-experimental.spec.ts:123:1 › R3 chunked import browser pause/resume, evidence review and checkpoint commit (5.5s)
2026-10-09T12:24:43.5441192Z   ✓  4 [chromium] › tests/e2e/r3-experimental.spec.ts:143:1 › R3 world browser records, unified inbox filtering/domain review and deterministic findings (4.6s)
2026-10-09T12:24:46.9339677Z   ✓  5 [chromium] › tests/e2e/r3-experimental.spec.ts:162:1 › R3 team Recipe browser execution remains a human-approved artifact (3.4s)
2026-10-09T12:24:52.1519529Z   ✓  6 [chromium] › tests/e2e/r3-experimental.spec.ts:174:1 › R3 media browser registry, real mock image tasks, compare, approved lineage and honest embeddings (5.2s)
2026-10-09T12:24:55.7807895Z   ✓  7 [chromium] › tests/e2e/r3-experimental.spec.ts:196:1 › R3 audiobook browser ambiguous attribution, voices, timeline and unmeasured manifest (3.6s)
2026-10-09T12:24:55.9477233Z 
2026-10-09T12:24:55.9482135Z   7 passed (58.7s)
2026-10-09T12:24:55.9789755Z ##[group]Run python scripts/prepare_pdf_font.py --output "$CI_SANDBOX/browser-fonts" > "$CI_RECEIPTS/browser-font-manifest.json"
2026-10-09T12:24:55.9790823Z [36;1mpython scripts/prepare_pdf_font.py --output "$CI_SANDBOX/browser-fonts" > "$CI_RECEIPTS/browser-font-manifest.json"[0m
2026-10-09T12:24:55.9791598Z [36;1mecho "AI_NOVEL_STUDIO_PDF_FONT=$CI_SANDBOX/browser-fonts/NotoSansSC-Regular.ttf" >> "$GITHUB_ENV"[0m
2026-10-09T12:24:55.9857601Z shell: /usr/bin/bash -e {0}
2026-10-09T12:24:55.9857866Z env:
2026-10-09T12:24:55.9858071Z   MOCK_PROVIDER: true
2026-10-09T12:24:55.9858292Z   MOCK_STREAM_DELAY_MS: 0
2026-10-09T12:24:55.9858531Z   ENABLE_CLOUD: false
2026-10-09T12:24:55.9858755Z   CREDENTIAL_VAULT_BACKEND: memory
2026-10-09T12:24:55.9859043Z   CREDENTIAL_VAULT_ALLOW_MEMORY_FALLBACK: true
2026-10-09T12:24:55.9859338Z   PYTHONDONTWRITEBYTECODE: 1
2026-10-09T12:24:55.9859568Z   HF_HUB_OFFLINE: 1
2026-10-09T12:24:55.9859768Z   TRANSFORMERS_OFFLINE: 1
2026-10-09T12:24:55.9860082Z   pythonLocation: /opt/hostedtoolcache/Python/3.12.9/x64
2026-10-09T12:24:55.9860501Z   PKG_CONFIG_PATH: /opt/hostedtoolcache/Python/3.12.9/x64/lib/pkgconfig
2026-10-09T12:24:55.9860906Z   Python_ROOT_DIR: /opt/hostedtoolcache/Python/3.12.9/x64
2026-10-09T12:24:55.9861282Z   Python2_ROOT_DIR: /opt/hostedtoolcache/Python/3.12.9/x64
2026-10-09T12:24:55.9861657Z   Python3_ROOT_DIR: /opt/hostedtoolcache/Python/3.12.9/x64
2026-10-09T12:24:55.9862050Z   LD_LIBRARY_PATH: /opt/hostedtoolcache/Python/3.12.9/x64/lib
2026-10-09T12:24:55.9862433Z   CI_COVERAGE_SHA: 09cc0edc25fad8f82377650a504beb65af99c0bf
2026-10-09T12:24:55.9862797Z   CI_COVERAGE_TREE: f800c0e8a6d920e8836a027707c8078c5a8421f2
2026-10-09T12:24:55.9863182Z   CI_SANDBOX: /home/runner/work/_temp/novel-ci-frontend.fo4aho
2026-10-09T12:24:55.9863596Z   CI_PROJECT: /home/runner/work/_temp/novel-ci-frontend.fo4aho/project
2026-10-09T12:24:55.9864061Z   CI_RECEIPTS: /home/runner/work/_temp/novel-ci-frontend.fo4aho/receipts
2026-10-09T12:24:55.9864493Z   HOME: /home/runner/work/_temp/novel-ci-frontend.fo4aho/home
2026-10-09T12:24:55.9864902Z   USERPROFILE: /home/runner/work/_temp/novel-ci-frontend.fo4aho/home
2026-10-09T12:24:55.9865632Z   APPDATA: /home/runner/work/_temp/novel-ci-frontend.fo4aho/appdata
2026-10-09T12:24:55.9866102Z   LOCALAPPDATA: /home/runner/work/_temp/novel-ci-frontend.fo4aho/localappdata
2026-10-09T12:24:55.9866581Z   XDG_CONFIG_HOME: /home/runner/work/_temp/novel-ci-frontend.fo4aho/config
2026-10-09T12:24:55.9867035Z   XDG_CACHE_HOME: /home/runner/work/_temp/novel-ci-frontend.fo4aho/cache
2026-10-09T12:24:55.9867474Z   XDG_DATA_HOME: /home/runner/work/_temp/novel-ci-frontend.fo4aho/data
2026-10-09T12:24:55.9868155Z   XDG_STATE_HOME: /home/runner/work/_temp/novel-ci-frontend.fo4aho/state
2026-10-09T12:24:55.9868589Z   TMPDIR: /home/runner/work/_temp/novel-ci-frontend.fo4aho/tmp
2026-10-09T12:24:55.9868974Z   TMP: /home/runner/work/_temp/novel-ci-frontend.fo4aho/tmp
2026-10-09T12:24:55.9869367Z   TEMP: /home/runner/work/_temp/novel-ci-frontend.fo4aho/tmp
2026-10-09T12:24:55.9869784Z   PROJECT_ROOT: /home/runner/work/_temp/novel-ci-frontend.fo4aho/project
2026-10-09T12:24:55.9870264Z   NOVEL_DATA_PATH: /home/runner/work/_temp/novel-ci-frontend.fo4aho/data/novels
2026-10-09T12:24:55.9870753Z   BACKUP_PATH: /home/runner/work/_temp/novel-ci-frontend.fo4aho/data/backups
2026-10-09T12:24:55.9871298Z   DATABASE_BACKUP_PATH: /home/runner/work/_temp/novel-ci-frontend.fo4aho/data/database-backups
2026-10-09T12:24:55.9871875Z   KNOWLEDGE_SOURCE_PATH: /home/runner/work/_temp/novel-ci-frontend.fo4aho/data/novels
2026-10-09T12:24:55.9872276Z ##[endgroup]
2026-10-09T12:25:16.5301862Z ##[group]Run set -o pipefail
2026-10-09T12:25:16.5302179Z [36;1mset -o pipefail[0m
2026-10-09T12:25:16.5302655Z [36;1mpnpm exec playwright test --config playwright.r4.config.ts 2>&1 | tee "$CI_RECEIPTS/r4-ux-browser.log"[0m
2026-10-09T12:25:16.5374403Z shell: /usr/bin/bash -e {0}
2026-10-09T12:25:16.5374665Z env:
2026-10-09T12:25:16.5374858Z   MOCK_PROVIDER: true
2026-10-09T12:25:16.5375083Z   MOCK_STREAM_DELAY_MS: 0
2026-10-09T12:25:16.5375467Z   ENABLE_CLOUD: false
2026-10-09T12:25:16.5375692Z   CREDENTIAL_VAULT_BACKEND: memory
2026-10-09T12:25:16.5375981Z   CREDENTIAL_VAULT_ALLOW_MEMORY_FALLBACK: true
2026-10-09T12:25:16.5376285Z   PYTHONDONTWRITEBYTECODE: 1
2026-10-09T12:25:16.5376515Z   HF_HUB_OFFLINE: 1
2026-10-09T12:25:16.5376713Z   TRANSFORMERS_OFFLINE: 1
2026-10-09T12:25:16.5376993Z   pythonLocation: /opt/hostedtoolcache/Python/3.12.9/x64
2026-10-09T12:25:16.5377406Z   PKG_CONFIG_PATH: /opt/hostedtoolcache/Python/3.12.9/x64/lib/pkgconfig
2026-10-09T12:25:16.5377867Z   Python_ROOT_DIR: /opt/hostedtoolcache/Python/3.12.9/x64
2026-10-09T12:25:16.5378253Z   Python2_ROOT_DIR: /opt/hostedtoolcache/Python/3.12.9/x64
2026-10-09T12:25:16.5378617Z   Python3_ROOT_DIR: /opt/hostedtoolcache/Python/3.12.9/x64
2026-10-09T12:25:16.5378984Z   LD_LIBRARY_PATH: /opt/hostedtoolcache/Python/3.12.9/x64/lib
2026-10-09T12:25:16.5379359Z   CI_COVERAGE_SHA: 09cc0edc25fad8f82377650a504beb65af99c0bf
2026-10-09T12:25:16.5379721Z   CI_COVERAGE_TREE: f800c0e8a6d920e8836a027707c8078c5a8421f2
2026-10-09T12:25:16.5380097Z   CI_SANDBOX: /home/runner/work/_temp/novel-ci-frontend.fo4aho
2026-10-09T12:25:16.5380509Z   CI_PROJECT: /home/runner/work/_temp/novel-ci-frontend.fo4aho/project
2026-10-09T12:25:16.5380955Z   CI_RECEIPTS: /home/runner/work/_temp/novel-ci-frontend.fo4aho/receipts
2026-10-09T12:25:16.5381373Z   HOME: /home/runner/work/_temp/novel-ci-frontend.fo4aho/home
2026-10-09T12:25:16.5381773Z   USERPROFILE: /home/runner/work/_temp/novel-ci-frontend.fo4aho/home
2026-10-09T12:25:16.5382204Z   APPDATA: /home/runner/work/_temp/novel-ci-frontend.fo4aho/appdata
2026-10-09T12:25:16.5382666Z   LOCALAPPDATA: /home/runner/work/_temp/novel-ci-frontend.fo4aho/localappdata
2026-10-09T12:25:16.5383151Z   XDG_CONFIG_HOME: /home/runner/work/_temp/novel-ci-frontend.fo4aho/config
2026-10-09T12:25:16.5383602Z   XDG_CACHE_HOME: /home/runner/work/_temp/novel-ci-frontend.fo4aho/cache
2026-10-09T12:25:16.5384036Z   XDG_DATA_HOME: /home/runner/work/_temp/novel-ci-frontend.fo4aho/data
2026-10-09T12:25:16.5384466Z   XDG_STATE_HOME: /home/runner/work/_temp/novel-ci-frontend.fo4aho/state
2026-10-09T12:25:16.5384876Z   TMPDIR: /home/runner/work/_temp/novel-ci-frontend.fo4aho/tmp
2026-10-09T12:25:16.5385365Z   TMP: /home/runner/work/_temp/novel-ci-frontend.fo4aho/tmp
2026-10-09T12:25:16.5385750Z   TEMP: /home/runner/work/_temp/novel-ci-frontend.fo4aho/tmp
2026-10-09T12:25:16.5386156Z   PROJECT_ROOT: /home/runner/work/_temp/novel-ci-frontend.fo4aho/project
2026-10-09T12:25:16.5386627Z   NOVEL_DATA_PATH: /home/runner/work/_temp/novel-ci-frontend.fo4aho/data/novels
2026-10-09T12:25:16.5387116Z   BACKUP_PATH: /home/runner/work/_temp/novel-ci-frontend.fo4aho/data/backups
2026-10-09T12:25:16.5387868Z   DATABASE_BACKUP_PATH: /home/runner/work/_temp/novel-ci-frontend.fo4aho/data/database-backups
2026-10-09T12:25:16.5388442Z   KNOWLEDGE_SOURCE_PATH: /home/runner/work/_temp/novel-ci-frontend.fo4aho/data/novels
2026-10-09T12:25:16.5389079Z   AI_NOVEL_STUDIO_PDF_FONT: /home/runner/work/_temp/novel-ci-frontend.fo4aho/browser-fonts/NotoSansSC-Regular.ttf
2026-10-09T12:25:16.5389577Z   R4_PYTHON: python
2026-10-09T12:25:16.5389781Z ##[endgroup]
2026-10-09T12:25:22.8850916Z [WebServer] INFO:     Started server process [11449]
2026-10-09T12:25:22.8854317Z [WebServer] INFO:     Waiting for application startup.
2026-10-09T12:25:22.8855728Z [WebServer] INFO:     Application startup complete.
2026-10-09T12:25:22.8857003Z [WebServer] INFO:     Uvicorn running on http://127.0.0.1:8019 (Press CTRL+C to quit)
2026-10-09T12:25:29.9032621Z [WebServer] INFO:     Started server process [11471]
2026-10-09T12:25:29.9033282Z [WebServer] INFO:     Waiting for application startup.
2026-10-09T12:25:29.9040638Z [WebServer] INFO:     Application startup complete.
2026-10-09T12:25:29.9042466Z [WebServer] INFO:     Uvicorn running on http://127.0.0.1:8020 (Press CTRL+C to quit)
2026-10-09T12:25:36.6132469Z [WebServer] INFO:     Started server process [11495]
2026-10-09T12:25:36.6133772Z [WebServer] INFO:     Waiting for application startup.
2026-10-09T12:25:36.6143271Z [WebServer] INFO:     Application startup complete.
2026-10-09T12:25:36.6148119Z [WebServer] INFO:     Uvicorn running on http://127.0.0.1:8021 (Press CTRL+C to quit)
2026-10-09T12:25:42.9927781Z [WebServer] INFO:     Started server process [11501]
2026-10-09T12:25:42.9928983Z [WebServer] INFO:     Waiting for application startup.
2026-10-09T12:25:42.9938662Z [WebServer] INFO:     Application startup complete.
2026-10-09T12:25:42.9942332Z [WebServer] INFO:     Uvicorn running on http://127.0.0.1:8022 (Press CTRL+C to quit)
2026-10-09T12:25:50.0175771Z [WebServer] INFO:     Started server process [11522]
2026-10-09T12:25:50.0176560Z [WebServer] INFO:     Waiting for application startup.
2026-10-09T12:25:50.0184951Z [WebServer] INFO:     Application startup complete.
2026-10-09T12:25:50.0187901Z [WebServer] INFO:     Uvicorn running on http://127.0.0.1:8023 (Press CTRL+C to quit)
2026-10-09T12:25:53.0310923Z 
2026-10-09T12:25:53.0314006Z Running 63 tests using 1 worker
2026-10-09T12:25:53.0314441Z 
2026-10-09T12:25:59.3459073Z   ✓   1 [chromium] › tests/e2e/r4-author-added-sources.spec.ts:6:1 › U08 original Research citation is pinned into exact request, excluded and invalidated on replacement (5.7s)
2026-10-09T12:26:06.8522557Z   ✓   2 [chromium] › tests/e2e/r4-author-scope-variants.spec.ts:10:1 › U08 real React source removals and individually reviewed local variant jobs preserve original draft review (7.5s)
2026-10-09T12:26:12.0275079Z   ✓   3 [chromium] › tests/e2e/r4-author-scope-variants.spec.ts:96:1 › U08 identified source exclusion removes dependent summaries from the actual reviewed request (5.2s)
2026-10-09T12:26:21.5813913Z   ✓   4 [chromium] › tests/e2e/r4-author-tasks.spec.ts:18:1 › U07 original author job is reopened from its exact task with original Diff and version guard (9.5s)
2026-10-09T12:26:43.0028987Z   ✓   5 [chromium] › tests/e2e/r4-batch-admission.spec.ts:13:1 › U16 B01 parameters, original broker media receipt, separate review and satisfied-result skip (21.4s)
2026-10-09T12:26:55.6990146Z   ✓   6 [chromium] › tests/e2e/r4-broker.spec.ts:51:1 › R4 broker real API, author executor, cancellation, bounded evidence and draft review navigation (12.7s)
2026-10-09T12:27:15.7816628Z   ✓   7 [chromium] › tests/e2e/r4-change-impact.spec.ts:14:1 › J11 changes affect recorded descendants only; locked outputs survive explicit selected refresh (20.1s)
2026-10-09T12:27:30.6581896Z   ✓   8 [chromium] › tests/e2e/r4-comic-layouts.spec.ts:34:1 › B06: missing art, original image review, CJK bubbles, undo, raster review and byte-identical segmented export (14.8s)
2026-10-09T12:27:33.8103747Z   ✓   9 [chromium] › tests/e2e/r4-continuation-workspace.spec.ts:12:1 › post-interop U03 finds an original Scene and opens its exact source editor without generation (3.1s)
2026-10-09T12:27:37.1840660Z   ✓  10 [chromium] › tests/e2e/r4-continuation-workspace.spec.ts:31:1 › post-interop U07 confirms and cancels an original import then reopens that exact owner (3.4s)
2026-10-09T12:27:55.0855946Z   ✓  11 [chromium] › tests/e2e/r4-continuation-workspace.spec.ts:54:1 › post-interop U02 corrupt draft survives reload until explicit local recovery choice (17.9s)
2026-10-09T12:28:06.0389689Z   ✓  12 [chromium] › tests/e2e/r4-declarative-model.spec.ts:15:1 › B02 exact synthetic model request uses original author broker job and Workflow review without manuscript apply (10.9s)
2026-10-09T12:28:12.4495056Z   ✓  13 [chromium] › tests/e2e/r4-declarative-templates.spec.ts:18:1 › B01/B02 local template copy, declarative authoring, original node execution, review, restart and stale-source rejection (6.4s)
2026-10-09T12:28:16.6532697Z   ✓  14 [chromium] › tests/e2e/r4-director-exchange.spec.ts:28:1 › J14 and A08: draft, original comparison, original approval, actual OTIO download and import round trip (4.2s)
2026-10-09T12:28:20.3593524Z   ✓  15 [chromium] › tests/e2e/r4-first-use.spec.ts:8:1 › U10 original no-key sample, skip/reopen, write/save/reopen and actual TXT download (3.7s)
2026-10-09T12:28:26.0221087Z   ✓  16 [chromium] › tests/e2e/r4-interactive-story.spec.ts:15:1 › B07 real File/React author choices, verify two endings, exact review, independent ZIP and stale-source fence (5.6s)
2026-10-09T12:28:48.4945681Z   ✓  17 [chromium] › tests/e2e/r4-judge-model.spec.ts:16:1 › A03 registered synthetic Judge previews exact evidence, separately sends one original job and persists advisory opinions (22.5s)
2026-10-09T12:29:12.6879160Z   ✓  18 [chromium] › tests/e2e/r4-model-task-reopen.spec.ts:7:1 › Task Center reopens exact original Judge receipt after reload without model replay (24.2s)
2026-10-09T12:29:19.1759608Z   ✓  19 [chromium] › tests/e2e/r4-multilingual-editions.spec.ts:18:1 › B05 real File/React bilingual edition: approved terms, exact paragraphs, UTF-8 RTL export and stale-source recovery (6.5s)
2026-10-09T12:29:30.8316176Z   ✓  20 [chromium] › tests/e2e/r4-multilingual-translation.spec.ts:13:1 › B05 original local synthetic admission: exact segment preview, recover one job, explicit draft adoption and separate review (11.6s)
2026-10-09T12:29:37.5510163Z   ✓  21 [chromium] › tests/e2e/r4-offline-sync.spec.ts:13:1 › B10 actual File/API/React selected exchange, conflict review, receipt and revocation; distinct from two-process TCP suite (6.7s)
2026-10-09T12:29:41.5349558Z   ✓  22 [chromium] › tests/e2e/r4-pause-aware-audio.spec.ts:11:1 › B03 explicit pause-aware PCM preview, actual WAV download, review and stale rejection (4.0s)
2026-10-09T12:29:49.2453513Z   ✓  23 [chromium] › tests/e2e/r4-performance.spec.ts:112:3 › U13 100000 Han project input rendering samples and warm indexed API search (7.7s)
2026-10-09T12:29:57.5167555Z   ✓  24 [chromium] › tests/e2e/r4-performance.spec.ts:112:3 › U13 500000 Han project input rendering samples and warm indexed API search (8.3s)
2026-10-09T12:30:07.4070012Z   ✓  25 [chromium] › tests/e2e/r4-performance.spec.ts:112:3 › U13 1000000 Han project input rendering samples and warm indexed API search (9.9s)
2026-10-09T12:30:11.1584900Z   ✓  26 [chromium] › tests/e2e/r4-performance.spec.ts:179:1 › U13 Chromium composition, Chinese punctuation, Unicode, undo/redo and multiline paste survive save/reopen (3.7s)
2026-10-09T12:30:17.7705902Z   ✓  27 [chromium] › tests/e2e/r4-performance.spec.ts:216:1 › U13 keyboard dialog focus, reduced motion, high contrast and viewport/CSS zoom matrix (6.6s)
2026-10-09T12:30:24.2791579Z   ✓  28 [chromium] › tests/e2e/r4-performance.spec.ts:260:1 › U13 no-model flags-off 100k baseline preserves Chinese editing and blocks index creation (6.5s)
2026-10-09T12:30:43.8049928Z   ✓  29 [chromium] › tests/e2e/r4-portable-batches.spec.ts:13:1 › J15 portable ZIP new-project restore and J10 explicit serial batch without auto dispatch (19.5s)
2026-10-09T12:30:47.0541818Z   ✓  30 [chromium] › tests/e2e/r4-post-interop-creation.spec.ts:13:1 › Post-interop A04/A05 scene boundaries use original planning scenes and hide later knowledge (3.2s)
2026-10-09T12:30:52.2495685Z   ✓  31 [chromium] › tests/e2e/r4-post-interop-creation.spec.ts:42:1 › Post-interop A11 original A/B evidence interpretations persist and reopen without manuscript writes (5.2s)
2026-10-09T12:31:12.0524118Z   ✓  32 [chromium] › tests/e2e/r4-post-interop-creation.spec.ts:63:1 › Post-interop A11 registered local model preview, consent, original job and review-only interpretation (19.8s)
2026-10-09T12:31:36.0397579Z   ✓  33 [chromium] › tests/e2e/r4-post-interop-extended-creation.spec.ts:12:1 › Wave5 accepted translation memory and explicit pinned Universe keep original authority after restart (24.0s)
2026-10-09T12:31:58.1562605Z   ✓  34 [chromium] › tests/e2e/r4-post-interop-media-continuation.spec.ts:15:1 › Wave 4: original Shot picker, persisted brief revision, compare, approve original asset and restart view (22.1s)
2026-10-09T12:32:05.1260754Z   ✓  35 [chromium] › tests/e2e/r4-post-interop-style-judge.spec.ts:51:1 › intentional decisions suppress a fresh exact-evidence finding while saved original-room revision tasks persist (6.9s)
2026-10-09T12:32:09.3228020Z   ✓  36 [chromium] › tests/e2e/r4-post-interop-style-judge.spec.ts:72:1 › two saved style samples retain independent sentence counts and native source positions (4.2s)
2026-10-09T12:32:29.8806487Z   ✓  37 [chromium] › tests/e2e/r4-post-interop-style-model.spec.ts:12:1 › registered Style opinions use exact selected ranges, explicit consent, original job recovery and review-only annotations (20.5s)
2026-10-09T12:32:37.4915955Z   ✓  38 [chromium] › tests/e2e/r4-production.spec.ts:15:1 › R4 asset lineage and manifest replay use real API, existing media review and redacted export (7.6s)
2026-10-09T12:32:42.2760241Z   ✓  39 [chromium] › tests/e2e/r4-project-forks.spec.ts:13:1 › B09 real local fork, rich three-way conflict choice, original CAS merge and checkpoint recovery (4.8s)
2026-10-09T12:32:47.7817335Z   ✓  40 [chromium] › tests/e2e/r4-project-forks.spec.ts:83:1 › B09 real original structured records map references, review rename conflict and restore checkpoint (5.5s)
2026-10-09T12:33:06.6853394Z   ✓  41 [chromium] › tests/e2e/r4-reader-sessions.spec.ts:25:1 › J08 read actual chapters, annotate exact quote, preflight without write, and finish a persisted session (18.9s)
2026-10-09T12:33:36.8705663Z   ✓  42 [chromium] › tests/e2e/r4-registered-media.spec.ts:20:1 › registered original local-image route composes explicit generation, benchmark, selected refresh and observed replay (30.2s)
2026-10-09T12:33:41.1068758Z   ✓  43 [chromium] › tests/e2e/r4-research-library.spec.ts:26:1 › J07 local import, exact citation, original reviewed setting and revocation invalidate all visible derivatives (4.2s)
2026-10-09T12:33:46.7843264Z   ✓  44 [chromium] › tests/e2e/r4-revision-intelligence.spec.ts:18:1 › J03 actual File UI: stale patch rejected, reselected two-block adoption preserves the unapproved rich paragraph and immutable history (5.7s)
2026-10-09T12:33:52.3353989Z   ✓  45 [chromium] › tests/e2e/r4-search.spec.ts:6:1 › U03 real File incremental multi-project search, keyboard navigation, cancel and stale rebuild (5.5s)
2026-10-09T12:33:57.7821901Z   ✓  46 [chromium] › tests/e2e/r4-story-graph.spec.ts:12:1 › A04/A05 real reviewed graph, chapter knowledge boundary, revocation and shell geometry (5.4s)
2026-10-09T12:34:26.8663826Z   ✓  47 [chromium] › tests/e2e/r4-story-simulator-model.spec.ts:13:1 › A01 explicit synthetic local candidates use original character author broker job then manual planning review (29.1s)
2026-10-09T12:34:32.5212889Z   ✓  48 [chromium] › tests/e2e/r4-story-simulator.spec.ts:12:1 › J05 bounded manual comparison, violations, cancellation, pending planning and stale-source recovery (5.6s)
2026-10-09T12:34:41.3893594Z   ✓  49 [chromium] › tests/e2e/r4-structured-search.spec.ts:21:1 › U03 structured results focus original world, rule, graph and asset records without mutations (8.8s)
2026-10-09T12:34:44.1285559Z   ✓  50 [chromium] › tests/e2e/r4-structured-search.spec.ts:57:1 › U03 workflow definitions reopen their exact original owner without creating a run (2.7s)
2026-10-09T12:35:04.7569702Z   ✓  51 [chromium] › tests/e2e/r4-style-judge.spec.ts:72:1 › R4 style draft, real sample counts, approval and explicit previewed use reuse the original STYLE record (20.6s)
2026-10-09T12:35:08.9092565Z   ✓  52 [chromium] › tests/e2e/r4-style-judge.spec.ts:129:1 › R4 exact duplicate evidence supports reasoned ignore and hides stale source results before a fresh check (4.1s)
2026-10-09T12:35:12.2439889Z   ✓  53 [chromium] › tests/e2e/r4-tool-discovery.spec.ts:20:1 › U03/U10 find enabled tools with the keyboard while preserving the current draft (3.3s)
2026-10-09T12:35:18.0784629Z   ✓  54 [chromium] › tests/e2e/r4-wave3-continuation.spec.ts:14:1 › Wave3 real research revision restoration, note editing and unconfigured vector source picker (5.8s)
2026-10-09T12:35:22.3364520Z   ✓  55 [chromium] › tests/e2e/r4-wave4-voice-subtitle.spec.ts:11:1 › B03/B04 real File API voice correction, actual PCM waveform, subtitle edit/split/merge/export and source invalidation (4.2s)
2026-10-09T12:35:27.4307969Z   ✓  56 [chromium] › tests/e2e/r4-wave5-templates-sdk-comics.spec.ts:37:1 › Wave 5: extended read-only templates instantiate an original Agent with durable SDK contract and no dispatch (5.1s)
2026-10-09T12:35:33.4130798Z   ✓  57 [chromium] › tests/e2e/r4-wave5-templates-sdk-comics.spec.ts:73:1 › Wave 5: comic image brief, character appearance, scene chain, restart and source invalidation (6.0s)
2026-10-09T12:35:37.6877306Z   ✓  58 [chromium] › tests/e2e/r4-workspace.spec.ts:46:1 › R4 default-off and acceptance override retain no-model Chinese writing (4.2s)
2026-10-09T12:35:45.2925021Z   ✓  59 [chromium] › tests/e2e/r4-workspace.spec.ts:66:1 › R4 durable offline draft survives reload and preserves both conflict candidates (7.6s)
2026-10-09T12:36:05.7749878Z   ✓  60 [chromium] › tests/e2e/r4-workspace.spec.ts:102:1 › R4 workspace resume, keyboard search and explicit private diagnostic export (20.5s)
2026-10-09T12:36:08.5264124Z   ✓  61 [chromium] › tests/e2e/r4-workspace.spec.ts:126:1 › R4 workflow inspection honestly requires host authority without executing imported data (2.7s)
2026-10-09T12:36:33.0424724Z   ✓  62 [chromium] › tests/e2e/r4-workspace.spec.ts:134:1 › U01 two-project reopen restores the exact chapter, filters and original reference layout (24.5s)
2026-10-09T12:36:39.7645989Z   ✓  63 [chromium] › tests/e2e/r4-writer-room.spec.ts:25:1 › B08 real File/React async assignment, independent-client conflict, original comments and selected-only package (6.7s)
2026-10-09T12:36:40.5087610Z 
2026-10-09T12:36:40.5095384Z   63 passed (11.4m)
2026-10-09T12:36:40.5505861Z ##[group]Run set -o pipefail
2026-10-09T12:36:40.5506370Z [36;1mset -o pipefail[0m
2026-10-09T12:36:40.5506988Z [36;1mpnpm exec playwright test --config playwright.export.config.ts --reporter=list,junit 2>&1 | tee "$CI_RECEIPTS/export-browser.log"[0m
2026-10-09T12:36:40.5571541Z shell: /usr/bin/bash -e {0}
2026-10-09T12:36:40.5571798Z env:
2026-10-09T12:36:40.5571994Z   MOCK_PROVIDER: true
2026-10-09T12:36:40.5572218Z   MOCK_STREAM_DELAY_MS: 0
2026-10-09T12:36:40.5572439Z   ENABLE_CLOUD: false
2026-10-09T12:36:40.5572660Z   CREDENTIAL_VAULT_BACKEND: memory
2026-10-09T12:36:40.5572945Z   CREDENTIAL_VAULT_ALLOW_MEMORY_FALLBACK: true
2026-10-09T12:36:40.5573244Z   PYTHONDONTWRITEBYTECODE: 1
2026-10-09T12:36:40.5573479Z   HF_HUB_OFFLINE: 1
2026-10-09T12:36:40.5573679Z   TRANSFORMERS_OFFLINE: 1
2026-10-09T12:36:40.5573962Z   pythonLocation: /opt/hostedtoolcache/Python/3.12.9/x64
2026-10-09T12:36:40.5574395Z   PKG_CONFIG_PATH: /opt/hostedtoolcache/Python/3.12.9/x64/lib/pkgconfig
2026-10-09T12:36:40.5574848Z   Python_ROOT_DIR: /opt/hostedtoolcache/Python/3.12.9/x64
2026-10-09T12:36:40.5575696Z   Python2_ROOT_DIR: /opt/hostedtoolcache/Python/3.12.9/x64
2026-10-09T12:36:40.5576376Z   Python3_ROOT_DIR: /opt/hostedtoolcache/Python/3.12.9/x64
2026-10-09T12:36:40.5576758Z   LD_LIBRARY_PATH: /opt/hostedtoolcache/Python/3.12.9/x64/lib
2026-10-09T12:36:40.5577145Z   CI_COVERAGE_SHA: 09cc0edc25fad8f82377650a504beb65af99c0bf
2026-10-09T12:36:40.5577517Z   CI_COVERAGE_TREE: f800c0e8a6d920e8836a027707c8078c5a8421f2
2026-10-09T12:36:40.5577905Z   CI_SANDBOX: /home/runner/work/_temp/novel-ci-frontend.fo4aho
2026-10-09T12:36:40.5578327Z   CI_PROJECT: /home/runner/work/_temp/novel-ci-frontend.fo4aho/project
2026-10-09T12:36:40.5578786Z   CI_RECEIPTS: /home/runner/work/_temp/novel-ci-frontend.fo4aho/receipts
2026-10-09T12:36:40.5579232Z   HOME: /home/runner/work/_temp/novel-ci-frontend.fo4aho/home
2026-10-09T12:36:40.5579658Z   USERPROFILE: /home/runner/work/_temp/novel-ci-frontend.fo4aho/home
2026-10-09T12:36:40.5580113Z   APPDATA: /home/runner/work/_temp/novel-ci-frontend.fo4aho/appdata
2026-10-09T12:36:40.5580588Z   LOCALAPPDATA: /home/runner/work/_temp/novel-ci-frontend.fo4aho/localappdata
2026-10-09T12:36:40.5581090Z   XDG_CONFIG_HOME: /home/runner/work/_temp/novel-ci-frontend.fo4aho/config
2026-10-09T12:36:40.5581562Z   XDG_CACHE_HOME: /home/runner/work/_temp/novel-ci-frontend.fo4aho/cache
2026-10-09T12:36:40.5582011Z   XDG_DATA_HOME: /home/runner/work/_temp/novel-ci-frontend.fo4aho/data
2026-10-09T12:36:40.5582465Z   XDG_STATE_HOME: /home/runner/work/_temp/novel-ci-frontend.fo4aho/state
2026-10-09T12:36:40.5582891Z   TMPDIR: /home/runner/work/_temp/novel-ci-frontend.fo4aho/tmp
2026-10-09T12:36:40.5583282Z   TMP: /home/runner/work/_temp/novel-ci-frontend.fo4aho/tmp
2026-10-09T12:36:40.5583665Z   TEMP: /home/runner/work/_temp/novel-ci-frontend.fo4aho/tmp
2026-10-09T12:36:40.5584081Z   PROJECT_ROOT: /home/runner/work/_temp/novel-ci-frontend.fo4aho/project
2026-10-09T12:36:40.5584569Z   NOVEL_DATA_PATH: /home/runner/work/_temp/novel-ci-frontend.fo4aho/data/novels
2026-10-09T12:36:40.5585059Z   BACKUP_PATH: /home/runner/work/_temp/novel-ci-frontend.fo4aho/data/backups
2026-10-09T12:36:40.5585976Z   DATABASE_BACKUP_PATH: /home/runner/work/_temp/novel-ci-frontend.fo4aho/data/database-backups
2026-10-09T12:36:40.5586559Z   KNOWLEDGE_SOURCE_PATH: /home/runner/work/_temp/novel-ci-frontend.fo4aho/data/novels
2026-10-09T12:36:40.5587205Z   AI_NOVEL_STUDIO_PDF_FONT: /home/runner/work/_temp/novel-ci-frontend.fo4aho/browser-fonts/NotoSansSC-Regular.ttf
2026-10-09T12:36:40.5587938Z   PLAYWRIGHT_JUNIT_OUTPUT_FILE: /home/runner/work/_temp/novel-ci-frontend.fo4aho/receipts/export-browser.xml
2026-10-09T12:36:40.5588424Z ##[endgroup]
2026-10-09T12:36:44.8144005Z [WebServer] INFO:     Started server process [13138]
2026-10-09T12:36:44.8144611Z [WebServer] INFO:     Waiting for application startup.
2026-10-09T12:36:44.8147043Z [WebServer] INFO:     Application startup complete.
2026-10-09T12:36:44.8148086Z [WebServer] INFO:     Uvicorn running on http://127.0.0.1:8018 (Press CTRL+C to quit)
2026-10-09T12:36:46.5970176Z 
2026-10-09T12:36:46.5970917Z Running 1 test using 1 worker
2026-10-09T12:36:46.5971338Z 
2026-10-09T12:36:48.9483495Z   ✓  1 [chromium] › tests/e2e/export-recovery.spec.ts:4:1 › create, close, reopen, rediscover identical snapshot and download; isolate user and branch (1.6s)
2026-10-09T12:36:49.0168208Z 
2026-10-09T12:36:49.0173057Z   1 passed (7.3s)
2026-10-09T12:36:49.0484971Z ##[group]Run set -o pipefail
2026-10-09T12:36:49.0485812Z [36;1mset -o pipefail[0m
2026-10-09T12:36:49.0486542Z [36;1mpnpm exec playwright test --config playwright.surface.config.ts 2>&1 | tee "$CI_RECEIPTS/functional-surface-browser.log"[0m
2026-10-09T12:36:49.0553379Z shell: /usr/bin/bash -e {0}
2026-10-09T12:36:49.0553652Z env:
2026-10-09T12:36:49.0553864Z   MOCK_PROVIDER: true
2026-10-09T12:36:49.0554116Z   MOCK_STREAM_DELAY_MS: 0
2026-10-09T12:36:49.0554367Z   ENABLE_CLOUD: false
2026-10-09T12:36:49.0554617Z   CREDENTIAL_VAULT_BACKEND: memory
2026-10-09T12:36:49.0554935Z   CREDENTIAL_VAULT_ALLOW_MEMORY_FALLBACK: true
2026-10-09T12:36:49.0555542Z   PYTHONDONTWRITEBYTECODE: 1
2026-10-09T12:36:49.0556024Z   HF_HUB_OFFLINE: 1
2026-10-09T12:36:49.0556285Z   TRANSFORMERS_OFFLINE: 1
2026-10-09T12:36:49.0556605Z   pythonLocation: /opt/hostedtoolcache/Python/3.12.9/x64
2026-10-09T12:36:49.0557087Z   PKG_CONFIG_PATH: /opt/hostedtoolcache/Python/3.12.9/x64/lib/pkgconfig
2026-10-09T12:36:49.0557582Z   Python_ROOT_DIR: /opt/hostedtoolcache/Python/3.12.9/x64
2026-10-09T12:36:49.0557999Z   Python2_ROOT_DIR: /opt/hostedtoolcache/Python/3.12.9/x64
2026-10-09T12:36:49.0558419Z   Python3_ROOT_DIR: /opt/hostedtoolcache/Python/3.12.9/x64
2026-10-09T12:36:49.0558842Z   LD_LIBRARY_PATH: /opt/hostedtoolcache/Python/3.12.9/x64/lib
2026-10-09T12:36:49.0559271Z   CI_COVERAGE_SHA: 09cc0edc25fad8f82377650a504beb65af99c0bf
2026-10-09T12:36:49.0559692Z   CI_COVERAGE_TREE: f800c0e8a6d920e8836a027707c8078c5a8421f2
2026-10-09T12:36:49.0560123Z   CI_SANDBOX: /home/runner/work/_temp/novel-ci-frontend.fo4aho
2026-10-09T12:36:49.0560601Z   CI_PROJECT: /home/runner/work/_temp/novel-ci-frontend.fo4aho/project
2026-10-09T12:36:49.0561124Z   CI_RECEIPTS: /home/runner/work/_temp/novel-ci-frontend.fo4aho/receipts
2026-10-09T12:36:49.0561608Z   HOME: /home/runner/work/_temp/novel-ci-frontend.fo4aho/home
2026-10-09T12:36:49.0562074Z   USERPROFILE: /home/runner/work/_temp/novel-ci-frontend.fo4aho/home
2026-10-09T12:36:49.0562574Z   APPDATA: /home/runner/work/_temp/novel-ci-frontend.fo4aho/appdata
2026-10-09T12:36:49.0563106Z   LOCALAPPDATA: /home/runner/work/_temp/novel-ci-frontend.fo4aho/localappdata
2026-10-09T12:36:49.0563648Z   XDG_CONFIG_HOME: /home/runner/work/_temp/novel-ci-frontend.fo4aho/config
2026-10-09T12:36:49.0564144Z   XDG_CACHE_HOME: /home/runner/work/_temp/novel-ci-frontend.fo4aho/cache
2026-10-09T12:36:49.0564616Z   XDG_DATA_HOME: /home/runner/work/_temp/novel-ci-frontend.fo4aho/data
2026-10-09T12:36:49.0565085Z   XDG_STATE_HOME: /home/runner/work/_temp/novel-ci-frontend.fo4aho/state
2026-10-09T12:36:49.0565866Z   TMPDIR: /home/runner/work/_temp/novel-ci-frontend.fo4aho/tmp
2026-10-09T12:36:49.0566294Z   TMP: /home/runner/work/_temp/novel-ci-frontend.fo4aho/tmp
2026-10-09T12:36:49.0566701Z   TEMP: /home/runner/work/_temp/novel-ci-frontend.fo4aho/tmp
2026-10-09T12:36:49.0567150Z   PROJECT_ROOT: /home/runner/work/_temp/novel-ci-frontend.fo4aho/project
2026-10-09T12:36:49.0567668Z   NOVEL_DATA_PATH: /home/runner/work/_temp/novel-ci-frontend.fo4aho/data/novels
2026-10-09T12:36:49.0568194Z   BACKUP_PATH: /home/runner/work/_temp/novel-ci-frontend.fo4aho/data/backups
2026-10-09T12:36:49.0568779Z   DATABASE_BACKUP_PATH: /home/runner/work/_temp/novel-ci-frontend.fo4aho/data/database-backups
2026-10-09T12:36:49.0569410Z   KNOWLEDGE_SOURCE_PATH: /home/runner/work/_temp/novel-ci-frontend.fo4aho/data/novels
2026-10-09T12:36:49.0570106Z   AI_NOVEL_STUDIO_PDF_FONT: /home/runner/work/_temp/novel-ci-frontend.fo4aho/browser-fonts/NotoSansSC-Regular.ttf
2026-10-09T12:36:49.0570656Z   SURFACE_PYTHON: python
2026-10-09T12:36:49.0570894Z ##[endgroup]
2026-10-09T12:36:55.5712826Z [WebServer] INFO:     Started server process [13279]
2026-10-09T12:36:55.5713928Z [WebServer] INFO:     Waiting for application startup.
2026-10-09T12:36:55.5715855Z [WebServer] INFO:     Application startup complete.
2026-10-09T12:36:55.5717159Z [WebServer] INFO:     Uvicorn running on http://127.0.0.1:8047 (Press CTRL+C to quit)
2026-10-09T12:36:57.4515091Z 
2026-10-09T12:36:57.4516781Z Running 9 tests using 1 worker
2026-10-09T12:36:57.4517469Z 
2026-10-09T12:37:02.2022336Z ##[error]The operation was canceled.
2026-10-09T12:37:02.2084247Z ##[group]Run python3 .github/ci/receipt.py "$CI_RECEIPTS"
2026-10-09T12:37:02.2084691Z [36;1mpython3 .github/ci/receipt.py "$CI_RECEIPTS"[0m
2026-10-09T12:37:02.2149731Z shell: /usr/bin/bash -e {0}
2026-10-09T12:37:02.2150011Z env:
2026-10-09T12:37:02.2150228Z   MOCK_PROVIDER: true
2026-10-09T12:37:02.2150479Z   MOCK_STREAM_DELAY_MS: 0
2026-10-09T12:37:02.2150729Z   ENABLE_CLOUD: false
2026-10-09T12:37:02.2150971Z   CREDENTIAL_VAULT_BACKEND: memory
2026-10-09T12:37:02.2151289Z   CREDENTIAL_VAULT_ALLOW_MEMORY_FALLBACK: true
2026-10-09T12:37:02.2151846Z   PYTHONDONTWRITEBYTECODE: 1
2026-10-09T12:37:02.2152115Z   HF_HUB_OFFLINE: 1
2026-10-09T12:37:02.2152340Z   TRANSFORMERS_OFFLINE: 1
2026-10-09T12:37:02.2152662Z   pythonLocation: /opt/hostedtoolcache/Python/3.12.9/x64
2026-10-09T12:37:02.2153132Z   PKG_CONFIG_PATH: /opt/hostedtoolcache/Python/3.12.9/x64/lib/pkgconfig
2026-10-09T12:37:02.2153606Z   Python_ROOT_DIR: /opt/hostedtoolcache/Python/3.12.9/x64
2026-10-09T12:37:02.2154045Z   Python2_ROOT_DIR: /opt/hostedtoolcache/Python/3.12.9/x64
2026-10-09T12:37:02.2154472Z   Python3_ROOT_DIR: /opt/hostedtoolcache/Python/3.12.9/x64
2026-10-09T12:37:02.2154892Z   LD_LIBRARY_PATH: /opt/hostedtoolcache/Python/3.12.9/x64/lib
2026-10-09T12:37:02.2155501Z   CI_COVERAGE_SHA: 09cc0edc25fad8f82377650a504beb65af99c0bf
2026-10-09T12:37:02.2155919Z   CI_COVERAGE_TREE: f800c0e8a6d920e8836a027707c8078c5a8421f2
2026-10-09T12:37:02.2156355Z   CI_SANDBOX: /home/runner/work/_temp/novel-ci-frontend.fo4aho
2026-10-09T12:37:02.2156828Z   CI_PROJECT: /home/runner/work/_temp/novel-ci-frontend.fo4aho/project
2026-10-09T12:37:02.2157346Z   CI_RECEIPTS: /home/runner/work/_temp/novel-ci-frontend.fo4aho/receipts
2026-10-09T12:37:02.2157827Z   HOME: /home/runner/work/_temp/novel-ci-frontend.fo4aho/home
2026-10-09T12:37:02.2158295Z   USERPROFILE: /home/runner/work/_temp/novel-ci-frontend.fo4aho/home
2026-10-09T12:37:02.2158785Z   APPDATA: /home/runner/work/_temp/novel-ci-frontend.fo4aho/appdata
2026-10-09T12:37:02.2159316Z   LOCALAPPDATA: /home/runner/work/_temp/novel-ci-frontend.fo4aho/localappdata
2026-10-09T12:37:02.2159869Z   XDG_CONFIG_HOME: /home/runner/work/_temp/novel-ci-frontend.fo4aho/config
2026-10-09T12:37:02.2160363Z   XDG_CACHE_HOME: /home/runner/work/_temp/novel-ci-frontend.fo4aho/cache
2026-10-09T12:37:02.2160825Z   XDG_DATA_HOME: /home/runner/work/_temp/novel-ci-frontend.fo4aho/data
2026-10-09T12:37:02.2161278Z   XDG_STATE_HOME: /home/runner/work/_temp/novel-ci-frontend.fo4aho/state
2026-10-09T12:37:02.2161719Z   TMPDIR: /home/runner/work/_temp/novel-ci-frontend.fo4aho/tmp
2026-10-09T12:37:02.2162117Z   TMP: /home/runner/work/_temp/novel-ci-frontend.fo4aho/tmp
2026-10-09T12:37:02.2162487Z   TEMP: /home/runner/work/_temp/novel-ci-frontend.fo4aho/tmp
2026-10-09T12:37:02.2162895Z   PROJECT_ROOT: /home/runner/work/_temp/novel-ci-frontend.fo4aho/project
2026-10-09T12:37:02.2163368Z   NOVEL_DATA_PATH: /home/runner/work/_temp/novel-ci-frontend.fo4aho/data/novels
2026-10-09T12:37:02.2163866Z   BACKUP_PATH: /home/runner/work/_temp/novel-ci-frontend.fo4aho/data/backups
2026-10-09T12:37:02.2164410Z   DATABASE_BACKUP_PATH: /home/runner/work/_temp/novel-ci-frontend.fo4aho/data/database-backups
2026-10-09T12:37:02.2164995Z   KNOWLEDGE_SOURCE_PATH: /home/runner/work/_temp/novel-ci-frontend.fo4aho/data/novels
2026-10-09T12:37:02.2165770Z   AI_NOVEL_STUDIO_PDF_FONT: /home/runner/work/_temp/novel-ci-frontend.fo4aho/browser-fonts/NotoSansSC-Regular.ttf
2026-10-09T12:37:02.2166286Z ##[endgroup]
2026-10-09T12:37:02.3918870Z {
2026-10-09T12:37:02.3921553Z   "revision": "checked_out_sha=09cc0edc25fad8f82377650a504beb65af99c0bf\nevent_sha=09cc0edc25fad8f82377650a504beb65af99c0bf\nrun_url=https://github.com/1785235376-blip/AI-Novel-Studio/actions/runs/37928446079\njob=frontend\nplatform=Linux; native Windows host/AppContainer/installer=NOT RUN\n",
2026-10-09T12:37:02.3923502Z   "test_reports": {
2026-10-09T12:37:02.3924500Z     "business.xml": {
2026-10-09T12:37:02.3925675Z       "tests": 2,
2026-10-09T12:37:02.3927085Z       "failures": 0,
2026-10-09T12:37:02.3927552Z       "errors": 0,
2026-10-09T12:37:02.3928547Z       "skipped": 0
2026-10-09T12:37:02.3929501Z     },
2026-10-09T12:37:02.3930545Z     "experimental.xml": {
2026-10-09T12:37:02.3931454Z       "tests": 7,
2026-10-09T12:37:02.3932421Z       "failures": 0,
2026-10-09T12:37:02.3933363Z       "errors": 0,
2026-10-09T12:37:02.3934241Z       "skipped": 0
2026-10-09T12:37:02.3935071Z     },
2026-10-09T12:37:02.3936020Z     "export-browser.xml": {
2026-10-09T12:37:02.3936886Z       "tests": 1,
2026-10-09T12:37:02.3937786Z       "failures": 0,
2026-10-09T12:37:02.3938544Z       "errors": 0,
2026-10-09T12:37:02.3939527Z       "skipped": 0
2026-10-09T12:37:02.3940320Z     },
2026-10-09T12:37:02.3941289Z     "frontend.xml": {
2026-10-09T12:37:02.3942359Z       "tests": 1575,
2026-10-09T12:37:02.3943390Z       "failures": 0,
2026-10-09T12:37:02.3944384Z       "errors": 0,
2026-10-09T12:37:02.3945374Z       "skipped": 8
2026-10-09T12:37:02.3946347Z     },
2026-10-09T12:37:02.3947359Z     "geometry.xml": {
2026-10-09T12:37:02.3948293Z       "tests": 9,
2026-10-09T12:37:02.3949347Z       "failures": 0,
2026-10-09T12:37:02.3950175Z       "errors": 0,
2026-10-09T12:37:02.3951173Z       "skipped": 0
2026-10-09T12:37:02.3952370Z     },
2026-10-09T12:37:02.3953519Z     "r4-ux.xml": {
2026-10-09T12:37:02.3954504Z       "tests": 63,
2026-10-09T12:37:02.3955399Z       "failures": 0,
2026-10-09T12:37:02.3956494Z       "errors": 0,
2026-10-09T12:37:02.3957207Z       "skipped": 0
2026-10-09T12:37:02.3957753Z     }
2026-10-09T12:37:02.3959688Z   },
2026-10-09T12:37:02.3960076Z   "report_status": "RECORDED",
2026-10-09T12:37:02.3960691Z   "native_windows_host_appcontainer_installer": "NOT RUN",
2026-10-09T12:37:02.3961380Z   "real_model_and_paid_provider_execution": "NOT RUN"
2026-10-09T12:37:02.3961828Z }
2026-10-09T12:37:02.3961978Z 
2026-10-09T12:37:02.4024462Z ##[group]Run python3 .github/ci/screenshots.py --root "$CI_PROJECT/frontend/test-results" --output "$CI_RECEIPTS/png-evidence" --source "09cc0edc25fad8f82377650a504beb65af99c0bf"
2026-10-09T12:37:02.4026115Z [36;1mpython3 .github/ci/screenshots.py --root "$CI_PROJECT/frontend/test-results" --output "$CI_RECEIPTS/png-evidence" --source "09cc0edc25fad8f82377650a504beb65af99c0bf"[0m
2026-10-09T12:37:02.4090242Z shell: /usr/bin/bash -e {0}
2026-10-09T12:37:02.4090492Z env:
2026-10-09T12:37:02.4090677Z   MOCK_PROVIDER: true
2026-10-09T12:37:02.4090895Z   MOCK_STREAM_DELAY_MS: 0
2026-10-09T12:37:02.4091113Z   ENABLE_CLOUD: false
2026-10-09T12:37:02.4091338Z   CREDENTIAL_VAULT_BACKEND: memory
2026-10-09T12:37:02.4091630Z   CREDENTIAL_VAULT_ALLOW_MEMORY_FALLBACK: true
2026-10-09T12:37:02.4091933Z   PYTHONDONTWRITEBYTECODE: 1
2026-10-09T12:37:02.4092174Z   HF_HUB_OFFLINE: 1
2026-10-09T12:37:02.4092374Z   TRANSFORMERS_OFFLINE: 1
2026-10-09T12:37:02.4092676Z   pythonLocation: /opt/hostedtoolcache/Python/3.12.9/x64
2026-10-09T12:37:02.4093095Z   PKG_CONFIG_PATH: /opt/hostedtoolcache/Python/3.12.9/x64/lib/pkgconfig
2026-10-09T12:37:02.4093497Z   Python_ROOT_DIR: /opt/hostedtoolcache/Python/3.12.9/x64
2026-10-09T12:37:02.4093859Z   Python2_ROOT_DIR: /opt/hostedtoolcache/Python/3.12.9/x64
2026-10-09T12:37:02.4094224Z   Python3_ROOT_DIR: /opt/hostedtoolcache/Python/3.12.9/x64
2026-10-09T12:37:02.4094591Z   LD_LIBRARY_PATH: /opt/hostedtoolcache/Python/3.12.9/x64/lib
2026-10-09T12:37:02.4094966Z   CI_COVERAGE_SHA: 09cc0edc25fad8f82377650a504beb65af99c0bf
2026-10-09T12:37:02.4095648Z   CI_COVERAGE_TREE: f800c0e8a6d920e8836a027707c8078c5a8421f2
2026-10-09T12:37:02.4096043Z   CI_SANDBOX: /home/runner/work/_temp/novel-ci-frontend.fo4aho
2026-10-09T12:37:02.4096479Z   CI_PROJECT: /home/runner/work/_temp/novel-ci-frontend.fo4aho/project
2026-10-09T12:37:02.4096933Z   CI_RECEIPTS: /home/runner/work/_temp/novel-ci-frontend.fo4aho/receipts
2026-10-09T12:37:02.4097381Z   HOME: /home/runner/work/_temp/novel-ci-frontend.fo4aho/home
2026-10-09T12:37:02.4097803Z   USERPROFILE: /home/runner/work/_temp/novel-ci-frontend.fo4aho/home
2026-10-09T12:37:02.4098238Z   APPDATA: /home/runner/work/_temp/novel-ci-frontend.fo4aho/appdata
2026-10-09T12:37:02.4098704Z   LOCALAPPDATA: /home/runner/work/_temp/novel-ci-frontend.fo4aho/localappdata
2026-10-09T12:37:02.4099193Z   XDG_CONFIG_HOME: /home/runner/work/_temp/novel-ci-frontend.fo4aho/config
2026-10-09T12:37:02.4099658Z   XDG_CACHE_HOME: /home/runner/work/_temp/novel-ci-frontend.fo4aho/cache
2026-10-09T12:37:02.4100101Z   XDG_DATA_HOME: /home/runner/work/_temp/novel-ci-frontend.fo4aho/data
2026-10-09T12:37:02.4100573Z   XDG_STATE_HOME: /home/runner/work/_temp/novel-ci-frontend.fo4aho/state
2026-10-09T12:37:02.4101198Z   TMPDIR: /home/runner/work/_temp/novel-ci-frontend.fo4aho/tmp
2026-10-09T12:37:02.4101582Z   TMP: /home/runner/work/_temp/novel-ci-frontend.fo4aho/tmp
2026-10-09T12:37:02.4101953Z   TEMP: /home/runner/work/_temp/novel-ci-frontend.fo4aho/tmp
2026-10-09T12:37:02.4102379Z   PROJECT_ROOT: /home/runner/work/_temp/novel-ci-frontend.fo4aho/project
2026-10-09T12:37:02.4102863Z   NOVEL_DATA_PATH: /home/runner/work/_temp/novel-ci-frontend.fo4aho/data/novels
2026-10-09T12:37:02.4103358Z   BACKUP_PATH: /home/runner/work/_temp/novel-ci-frontend.fo4aho/data/backups
2026-10-09T12:37:02.4103902Z   DATABASE_BACKUP_PATH: /home/runner/work/_temp/novel-ci-frontend.fo4aho/data/database-backups
2026-10-09T12:37:02.4104490Z   KNOWLEDGE_SOURCE_PATH: /home/runner/work/_temp/novel-ci-frontend.fo4aho/data/novels
2026-10-09T12:37:02.4105397Z   AI_NOVEL_STUDIO_PDF_FONT: /home/runner/work/_temp/novel-ci-frontend.fo4aho/browser-fonts/NotoSansSC-Regular.ttf
2026-10-09T12:37:02.4105929Z ##[endgroup]
2026-10-09T12:37:02.7012350Z {"source_sha": "09cc0edc25fad8f82377650a504beb65af99c0bf", "parts": 2, "png_count": 193}
2026-10-09T12:37:02.7194951Z ##[group]Run actions/upload-artifact@v4.6.2
2026-10-09T12:37:02.7195755Z with:
2026-10-09T12:37:02.7196273Z   name: frontend-png-1-09cc0edc25fad8f82377650a504beb65af99c0bf
2026-10-09T12:37:02.7197221Z   path: /home/runner/work/_temp/novel-ci-frontend.fo4aho/receipts/png-evidence/part-1
2026-10-09T12:37:02.7198018Z   if-no-files-found: error
2026-10-09T12:37:02.7198452Z   retention-days: 14
2026-10-09T12:37:02.7198837Z   compression-level: 6
2026-10-09T12:37:02.7199222Z   overwrite: false
2026-10-09T12:37:02.7199603Z   include-hidden-files: false
2026-10-09T12:37:02.7200026Z env:
2026-10-09T12:37:02.7200382Z   MOCK_PROVIDER: true
2026-10-09T12:37:02.7200781Z   MOCK_STREAM_DELAY_MS: 0
2026-10-09T12:37:02.7201188Z   ENABLE_CLOUD: false
2026-10-09T12:37:02.7201585Z   CREDENTIAL_VAULT_BACKEND: memory
2026-10-09T12:37:02.7202103Z   CREDENTIAL_VAULT_ALLOW_MEMORY_FALLBACK: true
2026-10-09T12:37:02.7202677Z   PYTHONDONTWRITEBYTECODE: 1
2026-10-09T12:37:02.7203116Z   HF_HUB_OFFLINE: 1
2026-10-09T12:37:02.7203531Z   TRANSFORMERS_OFFLINE: 1
2026-10-09T12:37:02.7204077Z   pythonLocation: /opt/hostedtoolcache/Python/3.12.9/x64
2026-10-09T12:37:02.7204862Z   PKG_CONFIG_PATH: /opt/hostedtoolcache/Python/3.12.9/x64/lib/pkgconfig
2026-10-09T12:37:02.7205966Z   Python_ROOT_DIR: /opt/hostedtoolcache/Python/3.12.9/x64
2026-10-09T12:37:02.7206672Z   Python2_ROOT_DIR: /opt/hostedtoolcache/Python/3.12.9/x64
2026-10-09T12:37:02.7207378Z   Python3_ROOT_DIR: /opt/hostedtoolcache/Python/3.12.9/x64
2026-10-09T12:37:02.7208120Z   LD_LIBRARY_PATH: /opt/hostedtoolcache/Python/3.12.9/x64/lib
2026-10-09T12:37:02.7208843Z   CI_COVERAGE_SHA: 09cc0edc25fad8f82377650a504beb65af99c0bf
2026-10-09T12:37:02.7209533Z   CI_COVERAGE_TREE: f800c0e8a6d920e8836a027707c8078c5a8421f2
2026-10-09T12:37:02.7210258Z   CI_SANDBOX: /home/runner/work/_temp/novel-ci-frontend.fo4aho
2026-10-09T12:37:02.7211048Z   CI_PROJECT: /home/runner/work/_temp/novel-ci-frontend.fo4aho/project
2026-10-09T12:37:02.7211942Z   CI_RECEIPTS: /home/runner/work/_temp/novel-ci-frontend.fo4aho/receipts
2026-10-09T12:37:02.7212762Z   HOME: /home/runner/work/_temp/novel-ci-frontend.fo4aho/home
2026-10-09T12:37:02.7214223Z   USERPROFILE: /home/runner/work/_temp/novel-ci-frontend.fo4aho/home
2026-10-09T12:37:02.7215094Z   APPDATA: /home/runner/work/_temp/novel-ci-frontend.fo4aho/appdata
2026-10-09T12:37:02.7216206Z   LOCALAPPDATA: /home/runner/work/_temp/novel-ci-frontend.fo4aho/localappdata
2026-10-09T12:37:02.7217162Z   XDG_CONFIG_HOME: /home/runner/work/_temp/novel-ci-frontend.fo4aho/config
2026-10-09T12:37:02.7218052Z   XDG_CACHE_HOME: /home/runner/work/_temp/novel-ci-frontend.fo4aho/cache
2026-10-09T12:37:02.7218917Z   XDG_DATA_HOME: /home/runner/work/_temp/novel-ci-frontend.fo4aho/data
2026-10-09T12:37:02.7219769Z   XDG_STATE_HOME: /home/runner/work/_temp/novel-ci-frontend.fo4aho/state
2026-10-09T12:37:02.7220611Z   TMPDIR: /home/runner/work/_temp/novel-ci-frontend.fo4aho/tmp
2026-10-09T12:37:02.7221713Z   TMP: /home/runner/work/_temp/novel-ci-frontend.fo4aho/tmp
2026-10-09T12:37:02.7222450Z   TEMP: /home/runner/work/_temp/novel-ci-frontend.fo4aho/tmp
2026-10-09T12:37:02.7223250Z   PROJECT_ROOT: /home/runner/work/_temp/novel-ci-frontend.fo4aho/project
2026-10-09T12:37:02.7224173Z   NOVEL_DATA_PATH: /home/runner/work/_temp/novel-ci-frontend.fo4aho/data/novels
2026-10-09T12:37:02.7225402Z   BACKUP_PATH: /home/runner/work/_temp/novel-ci-frontend.fo4aho/data/backups
2026-10-09T12:37:02.7226177Z   DATABASE_BACKUP_PATH: /home/runner/work/_temp/novel-ci-frontend.fo4aho/data/database-backups
2026-10-09T12:37:02.7226831Z   KNOWLEDGE_SOURCE_PATH: /home/runner/work/_temp/novel-ci-frontend.fo4aho/data/novels
2026-10-09T12:37:02.7227496Z   AI_NOVEL_STUDIO_PDF_FONT: /home/runner/work/_temp/novel-ci-frontend.fo4aho/browser-fonts/NotoSansSC-Regular.ttf
2026-10-09T12:37:02.7227997Z ##[endgroup]
2026-10-09T12:37:02.9307254Z (node:13382) [DEP0040] DeprecationWarning: The `punycode` module is deprecated. Please use a userland alternative instead.
2026-10-09T12:37:02.9309621Z (Use `node --trace-deprecation ...` to show where the warning was created)
2026-10-09T12:37:03.0498080Z With the provided path, there will be 133 files uploaded
2026-10-09T12:37:03.0499151Z Artifact name is valid!
2026-10-09T12:37:03.0499621Z Root directory input is valid!
2026-10-09T12:37:03.3476228Z Beginning upload of artifact content to blob storage
2026-10-09T12:37:04.0661513Z (node:13382) [DEP0169] DeprecationWarning: `url.parse()` behavior is not standardized and prone to errors that have security implications. Use the WHATWG URL API instead. CVEs are not issued for `url.parse()` vulnerabilities.
2026-10-09T12:37:04.5311958Z Uploaded bytes 8388608
2026-10-09T12:37:04.8167989Z Uploaded bytes 16777216
2026-10-09T12:37:05.3566813Z Uploaded bytes 24243520
2026-10-09T12:37:05.4003120Z Finished uploading artifact content to blob storage!
2026-10-09T12:37:05.4078890Z SHA256 digest of uploaded artifact zip is a533df36c88e951f6f570a1dae45744590a9a508c739940eb7ae2c78e1df4d6d
2026-10-09T12:37:05.4082005Z Finalizing artifact upload
2026-10-09T12:37:05.6757639Z Artifact frontend-png-1-09cc0edc25fad8f82377650a504beb65af99c0bf.zip successfully finalized. Artifact ID 11615864411
2026-10-09T12:37:05.6760066Z Artifact frontend-png-1-09cc0edc25fad8f82377650a504beb65af99c0bf has been successfully uploaded! Final size is 24243520 bytes. Artifact ID is 11615864411
2026-10-09T12:37:05.6767504Z Artifact download URL: https://github.com/1785235376-blip/AI-Novel-Studio/actions/runs/37928446079/artifacts/11615864411
2026-10-09T12:37:05.6963032Z ##[group]Run actions/upload-artifact@v4.6.2
2026-10-09T12:37:05.6963681Z with:
2026-10-09T12:37:05.6964391Z   name: frontend-png-2-09cc0edc25fad8f82377650a504beb65af99c0bf
2026-10-09T12:37:05.6965760Z   path: /home/runner/work/_temp/novel-ci-frontend.fo4aho/receipts/png-evidence/part-2
2026-10-09T12:37:05.6966914Z   if-no-files-found: error
2026-10-09T12:37:05.6967564Z   retention-days: 14
2026-10-09T12:37:05.6987591Z   compression-level: 6
2026-10-09T12:37:05.6987979Z   overwrite: false
2026-10-09T12:37:05.6988326Z   include-hidden-files: false
2026-10-09T12:37:05.6988692Z env:
2026-10-09T12:37:05.6988978Z   MOCK_PROVIDER: true
2026-10-09T12:37:05.6989306Z   MOCK_STREAM_DELAY_MS: 0
2026-10-09T12:37:05.6989653Z   ENABLE_CLOUD: false
2026-10-09T12:37:05.6989998Z   CREDENTIAL_VAULT_BACKEND: memory
2026-10-09T12:37:05.6990433Z   CREDENTIAL_VAULT_ALLOW_MEMORY_FALLBACK: true
2026-10-09T12:37:05.6990974Z   PYTHONDONTWRITEBYTECODE: 1
2026-10-09T12:37:05.6991354Z   HF_HUB_OFFLINE: 1
2026-10-09T12:37:05.6991705Z   TRANSFORMERS_OFFLINE: 1
2026-10-09T12:37:05.6992157Z   pythonLocation: /opt/hostedtoolcache/Python/3.12.9/x64
2026-10-09T12:37:05.6992821Z   PKG_CONFIG_PATH: /opt/hostedtoolcache/Python/3.12.9/x64/lib/pkgconfig
2026-10-09T12:37:05.6993482Z   Python_ROOT_DIR: /opt/hostedtoolcache/Python/3.12.9/x64
2026-10-09T12:37:05.6994071Z   Python2_ROOT_DIR: /opt/hostedtoolcache/Python/3.12.9/x64
2026-10-09T12:37:05.6994646Z   Python3_ROOT_DIR: /opt/hostedtoolcache/Python/3.12.9/x64
2026-10-09T12:37:05.6995848Z   LD_LIBRARY_PATH: /opt/hostedtoolcache/Python/3.12.9/x64/lib
2026-10-09T12:37:05.6996510Z   CI_COVERAGE_SHA: 09cc0edc25fad8f82377650a504beb65af99c0bf
2026-10-09T12:37:05.6997092Z   CI_COVERAGE_TREE: f800c0e8a6d920e8836a027707c8078c5a8421f2
2026-10-09T12:37:05.6997695Z   CI_SANDBOX: /home/runner/work/_temp/novel-ci-frontend.fo4aho
2026-10-09T12:37:05.6998359Z   CI_PROJECT: /home/runner/work/_temp/novel-ci-frontend.fo4aho/project
2026-10-09T12:37:05.6999090Z   CI_RECEIPTS: /home/runner/work/_temp/novel-ci-frontend.fo4aho/receipts
2026-10-09T12:37:05.6999793Z   HOME: /home/runner/work/_temp/novel-ci-frontend.fo4aho/home
2026-10-09T12:37:05.7000449Z   USERPROFILE: /home/runner/work/_temp/novel-ci-frontend.fo4aho/home
2026-10-09T12:37:05.7001145Z   APPDATA: /home/runner/work/_temp/novel-ci-frontend.fo4aho/appdata
2026-10-09T12:37:05.7001916Z   LOCALAPPDATA: /home/runner/work/_temp/novel-ci-frontend.fo4aho/localappdata
2026-10-09T12:37:05.7002716Z   XDG_CONFIG_HOME: /home/runner/work/_temp/novel-ci-frontend.fo4aho/config
2026-10-09T12:37:05.7003457Z   XDG_CACHE_HOME: /home/runner/work/_temp/novel-ci-frontend.fo4aho/cache
2026-10-09T12:37:05.7004177Z   XDG_DATA_HOME: /home/runner/work/_temp/novel-ci-frontend.fo4aho/data
2026-10-09T12:37:05.7004892Z   XDG_STATE_HOME: /home/runner/work/_temp/novel-ci-frontend.fo4aho/state
2026-10-09T12:37:05.7006096Z   TMPDIR: /home/runner/work/_temp/novel-ci-frontend.fo4aho/tmp
2026-10-09T12:37:05.7006711Z   TMP: /home/runner/work/_temp/novel-ci-frontend.fo4aho/tmp
2026-10-09T12:37:05.7007332Z   TEMP: /home/runner/work/_temp/novel-ci-frontend.fo4aho/tmp
2026-10-09T12:37:05.7008042Z   PROJECT_ROOT: /home/runner/work/_temp/novel-ci-frontend.fo4aho/project
2026-10-09T12:37:05.7008811Z   NOVEL_DATA_PATH: /home/runner/work/_temp/novel-ci-frontend.fo4aho/data/novels
2026-10-09T12:37:05.7009608Z   BACKUP_PATH: /home/runner/work/_temp/novel-ci-frontend.fo4aho/data/backups
2026-10-09T12:37:05.7010486Z   DATABASE_BACKUP_PATH: /home/runner/work/_temp/novel-ci-frontend.fo4aho/data/database-backups
2026-10-09T12:37:05.7011581Z   KNOWLEDGE_SOURCE_PATH: /home/runner/work/_temp/novel-ci-frontend.fo4aho/data/novels
2026-10-09T12:37:05.7012730Z   AI_NOVEL_STUDIO_PDF_FONT: /home/runner/work/_temp/novel-ci-frontend.fo4aho/browser-fonts/NotoSansSC-Regular.ttf
2026-10-09T12:37:05.7013642Z ##[endgroup]
2026-10-09T12:37:05.9307243Z (node:13397) [DEP0040] DeprecationWarning: The `punycode` module is deprecated. Please use a userland alternative instead.
2026-10-09T12:37:05.9309186Z (Use `node --trace-deprecation ...` to show where the warning was created)
2026-10-09T12:37:05.9715878Z With the provided path, there will be 62 files uploaded
2026-10-09T12:37:05.9722815Z Artifact name is valid!
2026-10-09T12:37:05.9723822Z Root directory input is valid!
2026-10-09T12:37:06.2948164Z Beginning upload of artifact content to blob storage
2026-10-09T12:37:06.9185427Z (node:13397) [DEP0169] DeprecationWarning: `url.parse()` behavior is not standardized and prone to errors that have security implications. Use the WHATWG URL API instead. CVEs are not issued for `url.parse()` vulnerabilities.
2026-10-09T12:37:07.3885897Z Uploaded bytes 8388608
2026-10-09T12:37:07.5054690Z Uploaded bytes 10478027
2026-10-09T12:37:07.5490088Z Finished uploading artifact content to blob storage!
2026-10-09T12:37:07.5491766Z SHA256 digest of uploaded artifact zip is 3d036474740585123359e80007ac16453a5d03c6c0c37e953fc61d51c8ff4c53
2026-10-09T12:37:07.5494193Z Finalizing artifact upload
2026-10-09T12:37:07.8261529Z Artifact frontend-png-2-09cc0edc25fad8f82377650a504beb65af99c0bf.zip successfully finalized. Artifact ID 11615764542
2026-10-09T12:37:07.8264167Z Artifact frontend-png-2-09cc0edc25fad8f82377650a504beb65af99c0bf has been successfully uploaded! Final size is 10478027 bytes. Artifact ID is 11615764542
2026-10-09T12:37:07.8269793Z Artifact download URL: https://github.com/1785235376-blip/AI-Novel-Studio/actions/runs/37928446079/artifacts/11615764542
2026-10-09T12:37:07.8583883Z ##[group]Run actions/upload-artifact@v4.6.2
2026-10-09T12:37:07.8584414Z with:
2026-10-09T12:37:07.8584947Z   name: frontend-compact-09cc0edc25fad8f82377650a504beb65af99c0bf
2026-10-09T12:37:07.8587697Z   path: /home/runner/work/_temp/novel-ci-frontend.fo4aho/receipts
/home/runner/work/_temp/novel-ci-frontend.fo4aho/project/frontend/test-results/**/*.json
/home/runner/work/_temp/novel-ci-frontend.fo4aho/project/frontend/test-results/**/error-context.md
!/home/runner/work/_temp/novel-ci-frontend.fo4aho/receipts/png-evidence/**

2026-10-09T12:37:07.8590049Z   if-no-files-found: error
2026-10-09T12:37:07.8590483Z   retention-days: 14
2026-10-09T12:37:07.8590892Z   compression-level: 6
2026-10-09T12:37:07.8591294Z   overwrite: false
2026-10-09T12:37:07.8591679Z   include-hidden-files: false
2026-10-09T12:37:07.8592106Z env:
2026-10-09T12:37:07.8592442Z   MOCK_PROVIDER: true
2026-10-09T12:37:07.8592848Z   MOCK_STREAM_DELAY_MS: 0
2026-10-09T12:37:07.8593271Z   ENABLE_CLOUD: false
2026-10-09T12:37:07.8593745Z   CREDENTIAL_VAULT_BACKEND: memory
2026-10-09T12:37:07.8594305Z   CREDENTIAL_VAULT_ALLOW_MEMORY_FALLBACK: true
2026-10-09T12:37:07.8594958Z   PYTHONDONTWRITEBYTECODE: 1
2026-10-09T12:37:07.8595787Z   HF_HUB_OFFLINE: 1
2026-10-09T12:37:07.8596257Z   TRANSFORMERS_OFFLINE: 1
2026-10-09T12:37:07.8596786Z   pythonLocation: /opt/hostedtoolcache/Python/3.12.9/x64
2026-10-09T12:37:07.8597544Z   PKG_CONFIG_PATH: /opt/hostedtoolcache/Python/3.12.9/x64/lib/pkgconfig
2026-10-09T12:37:07.8598486Z   Python_ROOT_DIR: /opt/hostedtoolcache/Python/3.12.9/x64
2026-10-09T12:37:07.8599180Z   Python2_ROOT_DIR: /opt/hostedtoolcache/Python/3.12.9/x64
2026-10-09T12:37:07.8599863Z   Python3_ROOT_DIR: /opt/hostedtoolcache/Python/3.12.9/x64
2026-10-09T12:37:07.8600559Z   LD_LIBRARY_PATH: /opt/hostedtoolcache/Python/3.12.9/x64/lib
2026-10-09T12:37:07.8601260Z   CI_COVERAGE_SHA: 09cc0edc25fad8f82377650a504beb65af99c0bf
2026-10-09T12:37:07.8601949Z   CI_COVERAGE_TREE: f800c0e8a6d920e8836a027707c8078c5a8421f2
2026-10-09T12:37:07.8602682Z   CI_SANDBOX: /home/runner/work/_temp/novel-ci-frontend.fo4aho
2026-10-09T12:37:07.8603457Z   CI_PROJECT: /home/runner/work/_temp/novel-ci-frontend.fo4aho/project
2026-10-09T12:37:07.8604302Z   CI_RECEIPTS: /home/runner/work/_temp/novel-ci-frontend.fo4aho/receipts
2026-10-09T12:37:07.8605094Z   HOME: /home/runner/work/_temp/novel-ci-frontend.fo4aho/home
2026-10-09T12:37:07.8606096Z   USERPROFILE: /home/runner/work/_temp/novel-ci-frontend.fo4aho/home
2026-10-09T12:37:07.8606900Z   APPDATA: /home/runner/work/_temp/novel-ci-frontend.fo4aho/appdata
2026-10-09T12:37:07.8607764Z   LOCALAPPDATA: /home/runner/work/_temp/novel-ci-frontend.fo4aho/localappdata
2026-10-09T12:37:07.8609002Z   XDG_CONFIG_HOME: /home/runner/work/_temp/novel-ci-frontend.fo4aho/config
2026-10-09T12:37:07.8610073Z   XDG_CACHE_HOME: /home/runner/work/_temp/novel-ci-frontend.fo4aho/cache
2026-10-09T12:37:07.8610892Z   XDG_DATA_HOME: /home/runner/work/_temp/novel-ci-frontend.fo4aho/data
2026-10-09T12:37:07.8611716Z   XDG_STATE_HOME: /home/runner/work/_temp/novel-ci-frontend.fo4aho/state
2026-10-09T12:37:07.8612511Z   TMPDIR: /home/runner/work/_temp/novel-ci-frontend.fo4aho/tmp
2026-10-09T12:37:07.8613211Z   TMP: /home/runner/work/_temp/novel-ci-frontend.fo4aho/tmp
2026-10-09T12:37:07.8613901Z   TEMP: /home/runner/work/_temp/novel-ci-frontend.fo4aho/tmp
2026-10-09T12:37:07.8614668Z   PROJECT_ROOT: /home/runner/work/_temp/novel-ci-frontend.fo4aho/project
2026-10-09T12:37:07.8615742Z   NOVEL_DATA_PATH: /home/runner/work/_temp/novel-ci-frontend.fo4aho/data/novels
2026-10-09T12:37:07.8616739Z   BACKUP_PATH: /home/runner/work/_temp/novel-ci-frontend.fo4aho/data/backups
2026-10-09T12:37:07.8617865Z   DATABASE_BACKUP_PATH: /home/runner/work/_temp/novel-ci-frontend.fo4aho/data/database-backups
2026-10-09T12:37:07.8619281Z   KNOWLEDGE_SOURCE_PATH: /home/runner/work/_temp/novel-ci-frontend.fo4aho/data/novels
2026-10-09T12:37:07.8621311Z   AI_NOVEL_STUDIO_PDF_FONT: /home/runner/work/_temp/novel-ci-frontend.fo4aho/browser-fonts/NotoSansSC-Regular.ttf
2026-10-09T12:37:07.8622827Z ##[endgroup]
2026-10-09T12:37:08.1149120Z (node:13420) [DEP0040] DeprecationWarning: The `punycode` module is deprecated. Please use a userland alternative instead.
2026-10-09T12:37:08.1150803Z (Use `node --trace-deprecation ...` to show where the warning was created)
2026-10-09T12:37:08.2726793Z Multiple search paths detected. Calculating the least common ancestor of all paths
2026-10-09T12:37:08.2729477Z The least common ancestor is /home/runner/work/_temp/novel-ci-frontend.fo4aho. This will be the root directory of the artifact
2026-10-09T12:37:08.2730989Z With the provided path, there will be 56 files uploaded
2026-10-09T12:37:08.2732222Z Artifact name is valid!
2026-10-09T12:37:08.2733036Z Root directory input is valid!
2026-10-09T12:37:08.5896700Z Beginning upload of artifact content to blob storage
2026-10-09T12:37:08.8264960Z (node:13420) [DEP0169] DeprecationWarning: `url.parse()` behavior is not standardized and prone to errors that have security implications. Use the WHATWG URL API instead. CVEs are not issued for `url.parse()` vulnerabilities.
2026-10-09T12:37:09.1165622Z Uploaded bytes 759101
2026-10-09T12:37:09.1616857Z Finished uploading artifact content to blob storage!
2026-10-09T12:37:09.1618976Z SHA256 digest of uploaded artifact zip is 8e5701f408215712d65b2e64f826c867fcfa87bb5a81bed6c90803eef8d81976
2026-10-09T12:37:09.1633686Z Finalizing artifact upload
2026-10-09T12:37:09.4318509Z Artifact frontend-compact-09cc0edc25fad8f82377650a504beb65af99c0bf.zip successfully finalized. Artifact ID 11615869473
2026-10-09T12:37:09.4321629Z Artifact frontend-compact-09cc0edc25fad8f82377650a504beb65af99c0bf has been successfully uploaded! Final size is 759101 bytes. Artifact ID is 11615869473
2026-10-09T12:37:09.4328131Z Artifact download URL: https://github.com/1785235376-blip/AI-Novel-Studio/actions/runs/37928446079/artifacts/11615869473
2026-10-09T12:37:09.4490786Z ##[group]Run actions/upload-artifact@v4.6.2
2026-10-09T12:37:09.4491268Z with:
2026-10-09T12:37:09.4491748Z   name: frontend-09cc0edc25fad8f82377650a504beb65af99c0bf
2026-10-09T12:37:09.4492777Z   path: /home/runner/work/_temp/novel-ci-frontend.fo4aho/receipts
/home/runner/work/_temp/novel-ci-frontend.fo4aho/project/frontend/test-results
!/home/runner/work/_temp/novel-ci-frontend.fo4aho/receipts/png-evidence/**

2026-10-09T12:37:09.4493710Z   if-no-files-found: error
2026-10-09T12:37:09.4493961Z   retention-days: 14
2026-10-09T12:37:09.4494186Z   compression-level: 6
2026-10-09T12:37:09.4494414Z   overwrite: false
2026-10-09T12:37:09.4494638Z   include-hidden-files: false
2026-10-09T12:37:09.4494890Z env:
2026-10-09T12:37:09.4495081Z   MOCK_PROVIDER: true
2026-10-09T12:37:09.4495580Z   MOCK_STREAM_DELAY_MS: 0
2026-10-09T12:37:09.4495831Z   ENABLE_CLOUD: false
2026-10-09T12:37:09.4496072Z   CREDENTIAL_VAULT_BACKEND: memory
2026-10-09T12:37:09.4496401Z   CREDENTIAL_VAULT_ALLOW_MEMORY_FALLBACK: true
2026-10-09T12:37:09.4496717Z   PYTHONDONTWRITEBYTECODE: 1
2026-10-09T12:37:09.4496975Z   HF_HUB_OFFLINE: 1
2026-10-09T12:37:09.4497202Z   TRANSFORMERS_OFFLINE: 1
2026-10-09T12:37:09.4497509Z   pythonLocation: /opt/hostedtoolcache/Python/3.12.9/x64
2026-10-09T12:37:09.4497941Z   PKG_CONFIG_PATH: /opt/hostedtoolcache/Python/3.12.9/x64/lib/pkgconfig
2026-10-09T12:37:09.4498421Z   Python_ROOT_DIR: /opt/hostedtoolcache/Python/3.12.9/x64
2026-10-09T12:37:09.4498819Z   Python2_ROOT_DIR: /opt/hostedtoolcache/Python/3.12.9/x64
2026-10-09T12:37:09.4499215Z   Python3_ROOT_DIR: /opt/hostedtoolcache/Python/3.12.9/x64
2026-10-09T12:37:09.4499616Z   LD_LIBRARY_PATH: /opt/hostedtoolcache/Python/3.12.9/x64/lib
2026-10-09T12:37:09.4500015Z   CI_COVERAGE_SHA: 09cc0edc25fad8f82377650a504beb65af99c0bf
2026-10-09T12:37:09.4500407Z   CI_COVERAGE_TREE: f800c0e8a6d920e8836a027707c8078c5a8421f2
2026-10-09T12:37:09.4500805Z   CI_SANDBOX: /home/runner/work/_temp/novel-ci-frontend.fo4aho
2026-10-09T12:37:09.4501256Z   CI_PROJECT: /home/runner/work/_temp/novel-ci-frontend.fo4aho/project
2026-10-09T12:37:09.4501730Z   CI_RECEIPTS: /home/runner/work/_temp/novel-ci-frontend.fo4aho/receipts
2026-10-09T12:37:09.4502449Z   HOME: /home/runner/work/_temp/novel-ci-frontend.fo4aho/home
2026-10-09T12:37:09.4502911Z   USERPROFILE: /home/runner/work/_temp/novel-ci-frontend.fo4aho/home
2026-10-09T12:37:09.4503377Z   APPDATA: /home/runner/work/_temp/novel-ci-frontend.fo4aho/appdata
2026-10-09T12:37:09.4503869Z   LOCALAPPDATA: /home/runner/work/_temp/novel-ci-frontend.fo4aho/localappdata
2026-10-09T12:37:09.4504378Z   XDG_CONFIG_HOME: /home/runner/work/_temp/novel-ci-frontend.fo4aho/config
2026-10-09T12:37:09.4504862Z   XDG_CACHE_HOME: /home/runner/work/_temp/novel-ci-frontend.fo4aho/cache
2026-10-09T12:37:09.4505584Z   XDG_DATA_HOME: /home/runner/work/_temp/novel-ci-frontend.fo4aho/data
2026-10-09T12:37:09.4506054Z   XDG_STATE_HOME: /home/runner/work/_temp/novel-ci-frontend.fo4aho/state
2026-10-09T12:37:09.4506503Z   TMPDIR: /home/runner/work/_temp/novel-ci-frontend.fo4aho/tmp
2026-10-09T12:37:09.4506911Z   TMP: /home/runner/work/_temp/novel-ci-frontend.fo4aho/tmp
2026-10-09T12:37:09.4507328Z   TEMP: /home/runner/work/_temp/novel-ci-frontend.fo4aho/tmp
2026-10-09T12:37:09.4507767Z   PROJECT_ROOT: /home/runner/work/_temp/novel-ci-frontend.fo4aho/project
2026-10-09T12:37:09.4508276Z   NOVEL_DATA_PATH: /home/runner/work/_temp/novel-ci-frontend.fo4aho/data/novels
2026-10-09T12:37:09.4508790Z   BACKUP_PATH: /home/runner/work/_temp/novel-ci-frontend.fo4aho/data/backups
2026-10-09T12:37:09.4509363Z   DATABASE_BACKUP_PATH: /home/runner/work/_temp/novel-ci-frontend.fo4aho/data/database-backups
2026-10-09T12:37:09.4509970Z   KNOWLEDGE_SOURCE_PATH: /home/runner/work/_temp/novel-ci-frontend.fo4aho/data/novels
2026-10-09T12:37:09.4510640Z   AI_NOVEL_STUDIO_PDF_FONT: /home/runner/work/_temp/novel-ci-frontend.fo4aho/browser-fonts/NotoSansSC-Regular.ttf
2026-10-09T12:37:09.4511158Z ##[endgroup]
2026-10-09T12:37:09.6508158Z (node:13439) [DEP0040] DeprecationWarning: The `punycode` module is deprecated. Please use a userland alternative instead.
2026-10-09T12:37:09.6509726Z (Use `node --trace-deprecation ...` to show where the warning was created)
2026-10-09T12:37:09.8693939Z Multiple search paths detected. Calculating the least common ancestor of all paths
2026-10-09T12:37:09.8696970Z The least common ancestor is /home/runner/work/_temp/novel-ci-frontend.fo4aho. This will be the root directory of the artifact
2026-10-09T12:37:09.8698573Z With the provided path, there will be 255 files uploaded
2026-10-09T12:37:09.8699860Z Artifact name is valid!
2026-10-09T12:37:09.8700566Z Root directory input is valid!
2026-10-09T12:37:10.1623251Z Beginning upload of artifact content to blob storage
2026-10-09T12:37:10.9404867Z (node:13439) [DEP0169] DeprecationWarning: `url.parse()` behavior is not standardized and prone to errors that have security implications. Use the WHATWG URL API instead. CVEs are not issued for `url.parse()` vulnerabilities.
2026-10-09T12:37:11.4507963Z Uploaded bytes 8388608
2026-10-09T12:37:11.7233713Z Uploaded bytes 16777216
2026-10-09T12:37:12.3646288Z Uploaded bytes 25165824
2026-10-09T12:37:12.9689360Z Uploaded bytes 33554432
2026-10-09T12:37:13.0606570Z Uploaded bytes 36164210
2026-10-09T12:37:13.1100393Z Finished uploading artifact content to blob storage!
2026-10-09T12:37:13.1103616Z SHA256 digest of uploaded artifact zip is 76c02499b58ad0ab9f6f0e074385f1469d5091873f1715c9fa64747336776534
2026-10-09T12:37:13.1106595Z Finalizing artifact upload
2026-10-09T12:37:13.3747070Z Artifact frontend-09cc0edc25fad8f82377650a504beb65af99c0bf.zip successfully finalized. Artifact ID 11615709706
2026-10-09T12:37:13.3749444Z Artifact frontend-09cc0edc25fad8f82377650a504beb65af99c0bf has been successfully uploaded! Final size is 36164210 bytes. Artifact ID is 11615709706
2026-10-09T12:37:13.3759460Z Artifact download URL: https://github.com/1785235376-blip/AI-Novel-Studio/actions/runs/37928446079/artifacts/11615709706
2026-10-09T12:37:13.4070804Z Post job cleanup.
2026-10-09T12:37:13.5597382Z [command]/usr/bin/git version
2026-10-09T12:37:13.5786493Z git version 2.55.0
2026-10-09T12:37:13.5961575Z Temporarily overriding HOME='/home/runner/work/_temp/c4a7db0a-65bf-4406-8f2f-f20518b34a38' before making global git config changes
2026-10-09T12:37:13.5989841Z Adding repository directory to the temporary git global config as a safe directory
2026-10-09T12:37:13.5991921Z [command]/usr/bin/git config --global --add safe.directory /home/runner/work/AI-Novel-Studio/AI-Novel-Studio
2026-10-09T12:37:13.6122680Z [command]/usr/bin/git config --local --name-only --get-regexp core\.sshCommand
2026-10-09T12:37:13.6227412Z [command]/usr/bin/git submodule foreach --recursive sh -c "git config --local --name-only --get-regexp 'core\.sshCommand' && git config --local --unset-all 'core.sshCommand' || :"
2026-10-09T12:37:13.6852768Z [command]/usr/bin/git config --local --name-only --get-regexp http\.https\:\/\/github\.com\/\.extraheader
2026-10-09T12:37:13.6947705Z [command]/usr/bin/git submodule foreach --recursive sh -c "git config --local --name-only --get-regexp 'http\.https\:\/\/github\.com\/\.extraheader' && git config --local --unset-all 'http.https://github.com/.extraheader' || :"
2026-10-09T12:37:13.7710660Z Cleaning up orphan processes
2026-10-09T12:37:13.8168766Z Terminate orphan process: pid (13245) (node)
2026-10-09T12:37:13.8214532Z Terminate orphan process: pid (13246) (tee)
2026-10-09T12:37:13.8268481Z Terminate orphan process: pid (13257) (node)
2026-10-09T12:37:13.8326323Z Terminate orphan process: pid (13278) (sh)
2026-10-09T12:37:13.8382032Z Terminate orphan process: pid (13279) (python)
2026-10-09T12:37:13.8435663Z Terminate orphan process: pid (13281) (sh)
2026-10-09T12:37:13.8502464Z Terminate orphan process: pid (13282) (node)
2026-10-09T12:37:13.8556474Z Terminate orphan process: pid (13293) (esbuild)
2026-10-09T12:37:13.8611693Z Terminate orphan process: pid (13301) (node)
2026-10-09T12:37:13.8665841Z Terminate orphan process: pid (13313) (chrome-headless-shell)
2026-10-09T12:37:13.8755074Z ##[warning]Node.js 20 is deprecated. The following actions target Node.js 20 but are being forced to run on Node.js 24: actions/checkout@v4.2.2, actions/setup-node@v4.4.0, actions/setup-python@v5.6.0, actions/upload-artifact@v4.6.2. For more information see: https://github.blog/changelog/2025-09-19-deprecation-of-node-20-on-github-actions-runners/
