2026-10-09T16:55:07.3199112Z Current runner version: '2.337.0'
2026-10-09T16:55:07.3233513Z ##[group]Runner Image Provisioner
2026-10-09T16:55:07.3234808Z Hosted Compute Agent
2026-10-09T16:55:07.3235657Z Version: 20261002.596
2026-10-09T16:55:07.3236592Z Commit: c3d12f3313a95f25162a1503be624f3b0617f8c0
2026-10-09T16:55:07.3237671Z Build Date: 2026-10-02T22:28:27Z
2026-10-09T16:55:07.3238679Z Worker ID: {234c4b95-9431-4c4e-8244-08558cf44099}
2026-10-09T16:55:07.3239870Z Region: eastus
2026-10-09T16:55:07.3240671Z Cloud: Azure
2026-10-09T16:55:07.3241502Z ##[endgroup]
2026-10-09T16:55:07.3243694Z ##[group]Operating System
2026-10-09T16:55:07.3244617Z Ubuntu
2026-10-09T16:55:07.3245477Z 24.04.5
2026-10-09T16:55:07.3246209Z LTS
2026-10-09T16:55:07.3246982Z ##[endgroup]
2026-10-09T16:55:07.3247785Z ##[group]Runner Image
2026-10-09T16:55:07.3248684Z Image: ubuntu-24.04
2026-10-09T16:55:07.3249649Z Version: 20261004.327.1
2026-10-09T16:55:07.3251430Z Included Software: https://github.com/actions/runner-images/blob/ubuntu24/20261004.327/images/ubuntu/Ubuntu2404-Readme.md
2026-10-09T16:55:07.3254100Z Image Release: https://github.com/actions/runner-images/releases/tag/ubuntu24%2F20261004.327
2026-10-09T16:55:07.3255715Z ##[endgroup]
2026-10-09T16:55:07.3257323Z ##[group]GITHUB_TOKEN Permissions
2026-10-09T16:55:07.3259948Z Contents: read
2026-10-09T16:55:07.3260781Z Metadata: read
2026-10-09T16:55:07.3261599Z ##[endgroup]
2026-10-09T16:55:07.3264757Z Secret source: Actions
2026-10-09T16:55:07.3266340Z Cache mode: write
2026-10-09T16:55:07.3267343Z Prepare workflow directory
2026-10-09T16:55:07.4039544Z Prepare all required actions
2026-10-09T16:55:07.4109445Z Getting action download info
2026-10-09T16:55:07.5866980Z Download action repository 'actions/checkout@v4.2.2' (SHA:11bd71901bbe5b1630ceea73d27597364c9af683)
2026-10-09T16:55:07.8395842Z Download action repository 'actions/setup-python@v5.6.0' (SHA:a26af69be951a213d495a4c3e4e4022e16d87065)
2026-10-09T16:55:07.9426625Z Download action repository 'actions/upload-artifact@v4.6.2' (SHA:ea165f8d65b6e75b540449e92b4886f43607fa02)
2026-10-09T16:55:08.2381765Z Complete job name: Backend execution / postgres / shard 1
2026-10-09T16:55:08.2943565Z ##[group]Checking docker version
2026-10-09T16:55:08.2956505Z ##[command]/usr/bin/docker version --format '{{.Server.APIVersion}}'
2026-10-09T16:55:08.3795534Z '1.48'
2026-10-09T16:55:08.3807892Z Docker daemon API version: '1.48'
2026-10-09T16:55:08.3809584Z ##[command]/usr/bin/docker version --format '{{.Client.APIVersion}}'
2026-10-09T16:55:08.3976380Z '1.48'
2026-10-09T16:55:08.3991410Z Docker client API version: '1.48'
2026-10-09T16:55:08.3997532Z ##[endgroup]
2026-10-09T16:55:08.4000629Z ##[group]Clean up resources from previous jobs
2026-10-09T16:55:08.4007760Z ##[command]/usr/bin/docker ps --all --quiet --no-trunc --filter "label=ff144d"
2026-10-09T16:55:08.5355908Z ##[command]/usr/bin/docker network prune --force --filter "label=ff144d"
2026-10-09T16:55:08.5490165Z ##[endgroup]
2026-10-09T16:55:08.5491080Z ##[group]Create local container network
2026-10-09T16:55:08.5501913Z ##[command]/usr/bin/docker network create --label ff144d github_network_804c3a42be874f27b79a32393246f9c6
2026-10-09T16:55:08.6594921Z f322bb396db38d1ccd9e0aac36720e1242fe015e48a48ddc19db95af0b5f904e
2026-10-09T16:55:08.6606116Z ##[endgroup]
2026-10-09T16:55:08.6632399Z ##[group]Starting postgres service container
2026-10-09T16:55:08.6653521Z ##[command]/usr/bin/docker pull postgres:16-alpine
2026-10-09T16:55:08.9016500Z 16-alpine: Pulling from library/postgres
2026-10-09T16:55:09.2020882Z e2de96513ba9: Already exists
2026-10-09T16:55:09.2048117Z 1b7f9cd581ee: Pulling fs layer
2026-10-09T16:55:09.2049528Z 210b280f9556: Pulling fs layer
2026-10-09T16:55:09.2049890Z 81717818649a: Pulling fs layer
2026-10-09T16:55:09.2050227Z 3ae6141cfd99: Pulling fs layer
2026-10-09T16:55:09.2050638Z 25b77f59fd95: Pulling fs layer
2026-10-09T16:55:09.2051166Z 6c25da34e03f: Pulling fs layer
2026-10-09T16:55:09.2051669Z a88782f92806: Pulling fs layer
2026-10-09T16:55:09.2052138Z d8d21be4bf02: Pulling fs layer
2026-10-09T16:55:09.2053155Z 6117bd39f23f: Pulling fs layer
2026-10-09T16:55:09.2053530Z 509688edf37b: Pulling fs layer
2026-10-09T16:55:09.2053871Z a88782f92806: Waiting
2026-10-09T16:55:09.2054193Z d8d21be4bf02: Waiting
2026-10-09T16:55:09.2054502Z 3ae6141cfd99: Waiting
2026-10-09T16:55:09.2054811Z 6117bd39f23f: Waiting
2026-10-09T16:55:09.2055155Z 25b77f59fd95: Waiting
2026-10-09T16:55:09.2055460Z 509688edf37b: Waiting
2026-10-09T16:55:09.2055755Z 6c25da34e03f: Waiting
2026-10-09T16:55:09.2329660Z 1b7f9cd581ee: Verifying Checksum
2026-10-09T16:55:09.2332605Z 1b7f9cd581ee: Download complete
2026-10-09T16:55:09.2334195Z 81717818649a: Download complete
2026-10-09T16:55:09.2452020Z 210b280f9556: Verifying Checksum
2026-10-09T16:55:09.2452958Z 210b280f9556: Download complete
2026-10-09T16:55:09.2838594Z 3ae6141cfd99: Verifying Checksum
2026-10-09T16:55:09.2846709Z 3ae6141cfd99: Download complete
2026-10-09T16:55:09.2848147Z 6c25da34e03f: Download complete
2026-10-09T16:55:09.3094070Z a88782f92806: Verifying Checksum
2026-10-09T16:55:09.3094820Z a88782f92806: Download complete
2026-10-09T16:55:09.3128572Z d8d21be4bf02: Verifying Checksum
2026-10-09T16:55:09.3130013Z d8d21be4bf02: Download complete
2026-10-09T16:55:09.3408438Z 6117bd39f23f: Verifying Checksum
2026-10-09T16:55:09.3409253Z 6117bd39f23f: Download complete
2026-10-09T16:55:09.3416731Z 509688edf37b: Verifying Checksum
2026-10-09T16:55:09.3417369Z 509688edf37b: Download complete
2026-10-09T16:55:09.4638251Z 1b7f9cd581ee: Pull complete
2026-10-09T16:55:09.6345074Z 25b77f59fd95: Verifying Checksum
2026-10-09T16:55:09.6345931Z 25b77f59fd95: Download complete
2026-10-09T16:55:10.0728712Z 210b280f9556: Pull complete
2026-10-09T16:55:10.0867474Z 81717818649a: Pull complete
2026-10-09T16:55:10.0947235Z 3ae6141cfd99: Pull complete
2026-10-09T16:55:13.9413237Z 25b77f59fd95: Pull complete
2026-10-09T16:55:13.9511317Z 6c25da34e03f: Pull complete
2026-10-09T16:55:13.9703409Z a88782f92806: Pull complete
2026-10-09T16:55:14.2391058Z d8d21be4bf02: Pull complete
2026-10-09T16:55:14.2485696Z 6117bd39f23f: Pull complete
2026-10-09T16:55:14.2577159Z 509688edf37b: Pull complete
2026-10-09T16:55:14.2621174Z Digest: sha256:721873c34ceb9f8d8fc265984940dc982404c105f19ad51be9fdc5970a6080ea
2026-10-09T16:55:14.2644298Z Status: Downloaded newer image for postgres:16-alpine
2026-10-09T16:55:14.2652356Z docker.io/library/postgres:16-alpine
2026-10-09T16:55:14.2721805Z ##[command]/usr/bin/docker create --name 3247e8bd4db64866a61ee87750d60736_postgres16alpine_c0d17b --label ff144d --network github_network_804c3a42be874f27b79a32393246f9c6 --network-alias postgres -p 5432:5432 --health-cmd "pg_isready -U ci -d novel_ci" --health-interval 5s --health-timeout 5s --health-retries 12 -e "POSTGRES_USER=ci" -e "POSTGRES_PASSWORD=ci-ephemeral-only" -e "POSTGRES_DB=novel_ci" -e GITHUB_ACTIONS=true -e CI=true postgres:16-alpine
2026-10-09T16:55:14.3057712Z 2220019998a473b36e2dc87025e0ee7416d92bf6167d95cacd6dd352a8ba4e7c
2026-10-09T16:55:14.3080236Z ##[command]/usr/bin/docker start 2220019998a473b36e2dc87025e0ee7416d92bf6167d95cacd6dd352a8ba4e7c
2026-10-09T16:55:14.7006489Z 2220019998a473b36e2dc87025e0ee7416d92bf6167d95cacd6dd352a8ba4e7c
2026-10-09T16:55:14.7028887Z ##[command]/usr/bin/docker ps --all --filter id=2220019998a473b36e2dc87025e0ee7416d92bf6167d95cacd6dd352a8ba4e7c --filter status=running --no-trunc --format "{{.ID}} {{.Status}}"
2026-10-09T16:55:14.7159095Z 2220019998a473b36e2dc87025e0ee7416d92bf6167d95cacd6dd352a8ba4e7c Up Less than a second (health: starting)
2026-10-09T16:55:14.7179992Z ##[command]/usr/bin/docker port 2220019998a473b36e2dc87025e0ee7416d92bf6167d95cacd6dd352a8ba4e7c
2026-10-09T16:55:14.7318186Z 5432/tcp -> 0.0.0.0:5432
2026-10-09T16:55:14.7324404Z 5432/tcp -> [::]:5432
2026-10-09T16:55:14.7374846Z ##[endgroup]
2026-10-09T16:55:14.7383611Z ##[group]Waiting for all services to be ready
2026-10-09T16:55:14.7397651Z ##[command]/usr/bin/docker inspect --format="{{if .Config.Healthcheck}}{{print .State.Health.Status}}{{end}}" 2220019998a473b36e2dc87025e0ee7416d92bf6167d95cacd6dd352a8ba4e7c
2026-10-09T16:55:14.7593609Z starting
2026-10-09T16:55:14.7609034Z postgres service is starting, waiting 2 seconds before checking again.
2026-10-09T16:55:16.7612176Z ##[command]/usr/bin/docker inspect --format="{{if .Config.Healthcheck}}{{print .State.Health.Status}}{{end}}" 2220019998a473b36e2dc87025e0ee7416d92bf6167d95cacd6dd352a8ba4e7c
2026-10-09T16:55:16.7746747Z starting
2026-10-09T16:55:16.7759666Z postgres service is starting, waiting 4 seconds before checking again.
2026-10-09T16:55:20.8914076Z ##[command]/usr/bin/docker inspect --format="{{if .Config.Healthcheck}}{{print .State.Health.Status}}{{end}}" 2220019998a473b36e2dc87025e0ee7416d92bf6167d95cacd6dd352a8ba4e7c
2026-10-09T16:55:20.9048122Z healthy
2026-10-09T16:55:20.9065735Z postgres service is healthy.
2026-10-09T16:55:20.9066345Z ##[endgroup]
2026-10-09T16:55:20.9401880Z ##[group]Run actions/checkout@v4.2.2
2026-10-09T16:55:20.9402360Z with:
2026-10-09T16:55:20.9402581Z   persist-credentials: false
2026-10-09T16:55:20.9403083Z   repository: 1785235376-blip/AI-Novel-Studio
2026-10-09T16:55:20.9405407Z   token: ***
2026-10-09T16:55:20.9405631Z   ssh-strict: true
2026-10-09T16:55:20.9405849Z   ssh-user: git
2026-10-09T16:55:20.9406056Z   clean: true
2026-10-09T16:55:20.9406284Z   sparse-checkout-cone-mode: true
2026-10-09T16:55:20.9406544Z   fetch-depth: 1
2026-10-09T16:55:20.9406767Z   fetch-tags: false
2026-10-09T16:55:20.9406985Z   show-progress: true
2026-10-09T16:55:20.9407203Z   lfs: false
2026-10-09T16:55:20.9407386Z   submodules: false
2026-10-09T16:55:20.9407583Z   set-safe-directory: true
2026-10-09T16:55:20.9407979Z env:
2026-10-09T16:55:20.9408158Z   MOCK_PROVIDER: true
2026-10-09T16:55:20.9408367Z   MOCK_STREAM_DELAY_MS: 0
2026-10-09T16:55:20.9408579Z   ENABLE_CLOUD: false
2026-10-09T16:55:20.9408785Z   CREDENTIAL_VAULT_BACKEND: memory
2026-10-09T16:55:20.9409110Z   CREDENTIAL_VAULT_ALLOW_MEMORY_FALLBACK: true
2026-10-09T16:55:20.9409404Z   PYTHONDONTWRITEBYTECODE: 1
2026-10-09T16:55:20.9409642Z   HF_HUB_OFFLINE: 1
2026-10-09T16:55:20.9409841Z   TRANSFORMERS_OFFLINE: 1
2026-10-09T16:55:20.9410051Z ##[endgroup]
2026-10-09T16:55:21.0401143Z Syncing repository: 1785235376-blip/AI-Novel-Studio
2026-10-09T16:55:21.0403204Z ##[group]Getting Git version info
2026-10-09T16:55:21.0403847Z Working directory is '/home/runner/work/AI-Novel-Studio/AI-Novel-Studio'
2026-10-09T16:55:21.0404804Z [command]/usr/bin/git version
2026-10-09T16:55:21.0422652Z git version 2.55.0
2026-10-09T16:55:21.0443786Z ##[endgroup]
2026-10-09T16:55:21.0459765Z Temporarily overriding HOME='/home/runner/work/_temp/6bc1ab2d-ccc7-4930-9889-e1a1b18951fc' before making global git config changes
2026-10-09T16:55:21.0461086Z Adding repository directory to the temporary git global config as a safe directory
2026-10-09T16:55:21.0466816Z [command]/usr/bin/git config --global --add safe.directory /home/runner/work/AI-Novel-Studio/AI-Novel-Studio
2026-10-09T16:55:21.0519001Z Deleting the contents of '/home/runner/work/AI-Novel-Studio/AI-Novel-Studio'
2026-10-09T16:55:21.0523283Z ##[group]Initializing the repository
2026-10-09T16:55:21.0527729Z [command]/usr/bin/git init /home/runner/work/AI-Novel-Studio/AI-Novel-Studio
2026-10-09T16:55:21.0623458Z hint: Using 'master' as the name for the initial branch. This default branch name
2026-10-09T16:55:21.0624345Z hint: will change to "main" in Git 3.0. To configure the initial branch name
2026-10-09T16:55:21.0625406Z hint: to use in all of your new repositories, which will suppress this warning,
2026-10-09T16:55:21.0626174Z hint: call:
2026-10-09T16:55:21.0626739Z hint:
2026-10-09T16:55:21.0627082Z hint: 	git config --global init.defaultBranch <name>
2026-10-09T16:55:21.0627432Z hint:
2026-10-09T16:55:21.0627755Z hint: Names commonly chosen instead of 'master' are 'main', 'trunk' and
2026-10-09T16:55:21.0628271Z hint: 'development'. The just-created branch can be renamed via this command:
2026-10-09T16:55:21.0628645Z hint:
2026-10-09T16:55:21.0628869Z hint: 	git branch -m <name>
2026-10-09T16:55:21.0629113Z hint:
2026-10-09T16:55:21.0629434Z hint: Disable this message with "git config set advice.defaultBranchName false"
2026-10-09T16:55:21.0640991Z Initialized empty Git repository in /home/runner/work/AI-Novel-Studio/AI-Novel-Studio/.git/
2026-10-09T16:55:21.0653137Z [command]/usr/bin/git remote add origin https://github.com/1785235376-blip/AI-Novel-Studio
2026-10-09T16:55:21.0861850Z ##[endgroup]
2026-10-09T16:55:21.0862538Z ##[group]Disabling automatic garbage collection
2026-10-09T16:55:21.0866523Z [command]/usr/bin/git config --local gc.auto 0
2026-10-09T16:55:21.0905413Z ##[endgroup]
2026-10-09T16:55:21.0906252Z ##[group]Setting up auth
2026-10-09T16:55:21.0912492Z [command]/usr/bin/git config --local --name-only --get-regexp core\.sshCommand
2026-10-09T16:55:21.0954131Z [command]/usr/bin/git submodule foreach --recursive sh -c "git config --local --name-only --get-regexp 'core\.sshCommand' && git config --local --unset-all 'core.sshCommand' || :"
2026-10-09T16:55:21.1306532Z [command]/usr/bin/git config --local --name-only --get-regexp http\.https\:\/\/github\.com\/\.extraheader
2026-10-09T16:55:21.1344344Z [command]/usr/bin/git submodule foreach --recursive sh -c "git config --local --name-only --get-regexp 'http\.https\:\/\/github\.com\/\.extraheader' && git config --local --unset-all 'http.https://github.com/.extraheader' || :"
2026-10-09T16:55:21.1579113Z [command]/usr/bin/git config --local http.https://github.com/.extraheader AUTHORIZATION: basic ***
2026-10-09T16:55:21.1623654Z ##[endgroup]
2026-10-09T16:55:21.1624242Z ##[group]Fetching the repository
2026-10-09T16:55:21.1632557Z [command]/usr/bin/git -c protocol.version=2 fetch --no-tags --prune --no-recurse-submodules --depth=1 origin +c386b0608ae92d18c351b5cb6e367380808a45cf:refs/remotes/origin/feature/v2-narrative-platform
2026-10-09T16:55:26.2195871Z From https://github.com/1785235376-blip/AI-Novel-Studio
2026-10-09T16:55:26.2196723Z  * [new ref]         c386b0608ae92d18c351b5cb6e367380808a45cf -> origin/feature/v2-narrative-platform
2026-10-09T16:55:26.2200385Z ##[endgroup]
2026-10-09T16:55:26.2200937Z ##[group]Determining the checkout info
2026-10-09T16:55:26.2204296Z ##[endgroup]
2026-10-09T16:55:26.2212957Z [command]/usr/bin/git sparse-checkout disable
2026-10-09T16:55:26.2267492Z [command]/usr/bin/git config --local --unset-all extensions.worktreeConfig
2026-10-09T16:55:26.2300710Z ##[group]Checking out the ref
2026-10-09T16:55:26.2306863Z [command]/usr/bin/git checkout --progress --force -B feature/v2-narrative-platform refs/remotes/origin/feature/v2-narrative-platform
2026-10-09T16:55:26.9214693Z Switched to a new branch 'feature/v2-narrative-platform'
2026-10-09T16:55:26.9219844Z branch 'feature/v2-narrative-platform' set up to track 'origin/feature/v2-narrative-platform'.
2026-10-09T16:55:26.9263879Z ##[endgroup]
2026-10-09T16:55:26.9352142Z [command]/usr/bin/git log -1 --format=%H
2026-10-09T16:55:26.9381279Z c386b0608ae92d18c351b5cb6e367380808a45cf
2026-10-09T16:55:26.9390901Z ##[group]Removing auth
2026-10-09T16:55:26.9394758Z [command]/usr/bin/git config --local --name-only --get-regexp core\.sshCommand
2026-10-09T16:55:26.9429107Z [command]/usr/bin/git submodule foreach --recursive sh -c "git config --local --name-only --get-regexp 'core\.sshCommand' && git config --local --unset-all 'core.sshCommand' || :"
2026-10-09T16:55:26.9658060Z [command]/usr/bin/git config --local --name-only --get-regexp http\.https\:\/\/github\.com\/\.extraheader
2026-10-09T16:55:26.9704714Z http.https://github.com/.extraheader
2026-10-09T16:55:26.9714342Z [command]/usr/bin/git config --local --unset-all http.https://github.com/.extraheader
2026-10-09T16:55:26.9753976Z [command]/usr/bin/git submodule foreach --recursive sh -c "git config --local --name-only --get-regexp 'http\.https\:\/\/github\.com\/\.extraheader' && git config --local --unset-all 'http.https://github.com/.extraheader' || :"
2026-10-09T16:55:26.9993293Z ##[endgroup]
2026-10-09T16:55:27.0216458Z ##[group]Run actions/setup-python@v5.6.0
2026-10-09T16:55:27.0216770Z with:
2026-10-09T16:55:27.0216985Z   python-version: 3.12.9
2026-10-09T16:55:27.0217444Z   check-latest: false
2026-10-09T16:55:27.0219662Z   token: ***
2026-10-09T16:55:27.0219878Z   update-environment: true
2026-10-09T16:55:27.0220133Z   allow-prereleases: false
2026-10-09T16:55:27.0220363Z   freethreaded: false
2026-10-09T16:55:27.0220594Z env:
2026-10-09T16:55:27.0220789Z   MOCK_PROVIDER: true
2026-10-09T16:55:27.0221021Z   MOCK_STREAM_DELAY_MS: 0
2026-10-09T16:55:27.0221258Z   ENABLE_CLOUD: false
2026-10-09T16:55:27.0221484Z   CREDENTIAL_VAULT_BACKEND: memory
2026-10-09T16:55:27.0221774Z   CREDENTIAL_VAULT_ALLOW_MEMORY_FALLBACK: true
2026-10-09T16:55:27.0222076Z   PYTHONDONTWRITEBYTECODE: 1
2026-10-09T16:55:27.0222321Z   HF_HUB_OFFLINE: 1
2026-10-09T16:55:27.0222543Z   TRANSFORMERS_OFFLINE: 1
2026-10-09T16:55:27.0222901Z ##[endgroup]
2026-10-09T16:55:27.1512298Z ##[group]Installed versions
2026-10-09T16:55:27.1529293Z Version 3.12.9 was not found in the local cache
2026-10-09T16:55:27.1638335Z (node:2514) [DEP0040] DeprecationWarning: The `punycode` module is deprecated. Please use a userland alternative instead.
2026-10-09T16:55:27.1639342Z (Use `node --trace-deprecation ...` to show where the warning was created)
2026-10-09T16:55:27.7092374Z Version 3.12.9 is available for downloading
2026-10-09T16:55:27.7094087Z Download from "https://github.com/actions/python-versions/releases/download/3.12.9-13149478207/python-3.12.9-linux-24.04-x64.tar.gz"
2026-10-09T16:55:28.4512611Z Extract downloaded archive
2026-10-09T16:55:28.4638518Z [command]/usr/bin/tar xz --warning=no-unknown-keyword --overwrite -C /home/runner/work/_temp/36bdec78-9c38-4b2b-af0a-3b834670dd9f -f /home/runner/work/_temp/4f046593-48d6-4acd-8975-d6588ed32f49
2026-10-09T16:55:30.5485041Z Execute installation script
2026-10-09T16:55:30.5584869Z Check if Python hostedtoolcache folder exist...
2026-10-09T16:55:30.5585387Z Create Python 3.12.9 folder
2026-10-09T16:55:30.5598630Z Copy Python binaries to hostedtoolcache folder
2026-10-09T16:55:31.0274504Z Create additional symlinks (Required for the UsePythonVersion Azure Pipelines task and the setup-python GitHub Action)
2026-10-09T16:55:31.0315094Z Upgrading pip...
2026-10-09T16:55:33.7186874Z Looking in links: /tmp/tmphr5hzqf1
2026-10-09T16:55:33.7189107Z Requirement already satisfied: pip in /opt/hostedtoolcache/Python/3.12.9/x64/lib/python3.12/site-packages (24.3.1)
2026-10-09T16:55:35.8769067Z Collecting pip
2026-10-09T16:55:35.9117296Z Downloading pip-26.2.1-py3-none-any.whl.metadata (4.6 kB)
2026-10-09T16:55:35.9678951Z Downloading pip-26.2.1-py3-none-any.whl (1.8 MB)
2026-10-09T16:55:36.0956055Z ━━━━━━━━━━━━━━━━━━━━━━━━━━━━━━━━━━━━━━━━ 1.8/1.8 MB 14.9 MB/s eta 0:00:00
2026-10-09T16:55:36.0956536Z 
2026-10-09T16:55:36.1181085Z Installing collected packages: pip
2026-10-09T16:55:36.1181423Z Attempting uninstall: pip
2026-10-09T16:55:36.1201275Z Found existing installation: pip 24.3.1
2026-10-09T16:55:36.1512286Z Uninstalling pip-24.3.1:
2026-10-09T16:55:36.1564983Z Successfully uninstalled pip-24.3.1
2026-10-09T16:55:37.0683657Z Successfully installed pip-26.2.1
2026-10-09T16:55:37.1451127Z Create complete file
2026-10-09T16:55:37.1489173Z Successfully set up CPython (3.12.9)
2026-10-09T16:55:37.1490450Z ##[endgroup]
2026-10-09T16:55:37.1703741Z ##[group]Run bash .github/ci/prepare.sh backend-postgres-shard-1
2026-10-09T16:55:37.1704291Z [36;1mbash .github/ci/prepare.sh backend-postgres-shard-1[0m
2026-10-09T16:55:37.1901707Z shell: /usr/bin/bash -e {0}
2026-10-09T16:55:37.1902019Z env:
2026-10-09T16:55:37.1902242Z   MOCK_PROVIDER: true
2026-10-09T16:55:37.1902487Z   MOCK_STREAM_DELAY_MS: 0
2026-10-09T16:55:37.1902727Z   ENABLE_CLOUD: false
2026-10-09T16:55:37.1903267Z   CREDENTIAL_VAULT_BACKEND: memory
2026-10-09T16:55:37.1903660Z   CREDENTIAL_VAULT_ALLOW_MEMORY_FALLBACK: true
2026-10-09T16:55:37.1903980Z   PYTHONDONTWRITEBYTECODE: 1
2026-10-09T16:55:37.1904234Z   HF_HUB_OFFLINE: 1
2026-10-09T16:55:37.1904452Z   TRANSFORMERS_OFFLINE: 1
2026-10-09T16:55:37.1904747Z   pythonLocation: /opt/hostedtoolcache/Python/3.12.9/x64
2026-10-09T16:55:37.1905192Z   PKG_CONFIG_PATH: /opt/hostedtoolcache/Python/3.12.9/x64/lib/pkgconfig
2026-10-09T16:55:37.1905862Z   Python_ROOT_DIR: /opt/hostedtoolcache/Python/3.12.9/x64
2026-10-09T16:55:37.1906311Z   Python2_ROOT_DIR: /opt/hostedtoolcache/Python/3.12.9/x64
2026-10-09T16:55:37.1906679Z   Python3_ROOT_DIR: /opt/hostedtoolcache/Python/3.12.9/x64
2026-10-09T16:55:37.1907052Z   LD_LIBRARY_PATH: /opt/hostedtoolcache/Python/3.12.9/x64/lib
2026-10-09T16:55:37.1907370Z ##[endgroup]
2026-10-09T16:55:38.0237178Z ##[group]Run runtime="$CI_PROJECT/.runtime/ci-backend"
2026-10-09T16:55:38.0237599Z [36;1mruntime="$CI_PROJECT/.runtime/ci-backend"[0m
2026-10-09T16:55:38.0238056Z [36;1mmkdir -p "$runtime"/{home,config,cache,data,state,tmp,appdata,localappdata}[0m
2026-10-09T16:55:38.0238467Z [36;1m{[0m
2026-10-09T16:55:38.0238686Z [36;1m  echo "CI_V2_RUNTIME=$runtime"[0m
2026-10-09T16:55:38.0238972Z [36;1m  echo "HOME=$runtime/home"[0m
2026-10-09T16:55:38.0239268Z [36;1m  echo "USERPROFILE=$runtime/home"[0m
2026-10-09T16:55:38.0239577Z [36;1m  echo "APPDATA=$runtime/appdata"[0m
2026-10-09T16:55:38.0239929Z [36;1m  echo "LOCALAPPDATA=$runtime/localappdata"[0m
2026-10-09T16:55:38.0240269Z [36;1m  echo "XDG_CONFIG_HOME=$runtime/config"[0m
2026-10-09T16:55:38.0240586Z [36;1m  echo "XDG_CACHE_HOME=$runtime/cache"[0m
2026-10-09T16:55:38.0240906Z [36;1m  echo "XDG_DATA_HOME=$runtime/data"[0m
2026-10-09T16:55:38.0241225Z [36;1m  echo "XDG_STATE_HOME=$runtime/state"[0m
2026-10-09T16:55:38.0241581Z [36;1m  echo "TMPDIR=$runtime/tmp"[0m
2026-10-09T16:55:38.0241866Z [36;1m  echo "TMP=$runtime/tmp"[0m
2026-10-09T16:55:38.0242126Z [36;1m  echo "TEMP=$runtime/tmp"[0m
2026-10-09T16:55:38.0242422Z [36;1m  echo "NOVEL_DATA_PATH=$runtime/data/novels"[0m
2026-10-09T16:55:38.0242743Z [36;1m  echo "BACKUP_PATH=$runtime/data/backups"[0m
2026-10-09T16:55:38.0243239Z [36;1m  echo "DATABASE_BACKUP_PATH=$runtime/data/database-backups"[0m
2026-10-09T16:55:38.0243628Z [36;1m  echo "KNOWLEDGE_SOURCE_PATH=$runtime/data/novels"[0m
2026-10-09T16:55:38.0243956Z [36;1m} >> "$GITHUB_ENV"[0m
2026-10-09T16:55:38.0311261Z shell: /usr/bin/bash -e {0}
2026-10-09T16:55:38.0311506Z env:
2026-10-09T16:55:38.0311704Z   MOCK_PROVIDER: true
2026-10-09T16:55:38.0311933Z   MOCK_STREAM_DELAY_MS: 0
2026-10-09T16:55:38.0312149Z   ENABLE_CLOUD: false
2026-10-09T16:55:38.0312365Z   CREDENTIAL_VAULT_BACKEND: memory
2026-10-09T16:55:38.0312651Z   CREDENTIAL_VAULT_ALLOW_MEMORY_FALLBACK: true
2026-10-09T16:55:38.0313176Z   PYTHONDONTWRITEBYTECODE: 1
2026-10-09T16:55:38.0313415Z   HF_HUB_OFFLINE: 1
2026-10-09T16:55:38.0313632Z   TRANSFORMERS_OFFLINE: 1
2026-10-09T16:55:38.0313913Z   pythonLocation: /opt/hostedtoolcache/Python/3.12.9/x64
2026-10-09T16:55:38.0314305Z   PKG_CONFIG_PATH: /opt/hostedtoolcache/Python/3.12.9/x64/lib/pkgconfig
2026-10-09T16:55:38.0314689Z   Python_ROOT_DIR: /opt/hostedtoolcache/Python/3.12.9/x64
2026-10-09T16:55:38.0315056Z   Python2_ROOT_DIR: /opt/hostedtoolcache/Python/3.12.9/x64
2026-10-09T16:55:38.0315415Z   Python3_ROOT_DIR: /opt/hostedtoolcache/Python/3.12.9/x64
2026-10-09T16:55:38.0315787Z   LD_LIBRARY_PATH: /opt/hostedtoolcache/Python/3.12.9/x64/lib
2026-10-09T16:55:38.0316146Z   CI_COVERAGE_SHA: c386b0608ae92d18c351b5cb6e367380808a45cf
2026-10-09T16:55:38.0316488Z   CI_COVERAGE_TREE: 2ec6365e1f1f183f029c9f0a94d040d134e22b47
2026-10-09T16:55:38.0316898Z   CI_SANDBOX: /home/runner/work/_temp/novel-ci-backend-postgres-shard-1.aRA7Uq
2026-10-09T16:55:38.0317397Z   CI_PROJECT: /home/runner/work/_temp/novel-ci-backend-postgres-shard-1.aRA7Uq/project
2026-10-09T16:55:38.0317913Z   CI_RECEIPTS: /home/runner/work/_temp/novel-ci-backend-postgres-shard-1.aRA7Uq/receipts
2026-10-09T16:55:38.0318406Z   HOME: /home/runner/work/_temp/novel-ci-backend-postgres-shard-1.aRA7Uq/home
2026-10-09T16:55:38.0318897Z   USERPROFILE: /home/runner/work/_temp/novel-ci-backend-postgres-shard-1.aRA7Uq/home
2026-10-09T16:55:38.0319398Z   APPDATA: /home/runner/work/_temp/novel-ci-backend-postgres-shard-1.aRA7Uq/appdata
2026-10-09T16:55:38.0319944Z   LOCALAPPDATA: /home/runner/work/_temp/novel-ci-backend-postgres-shard-1.aRA7Uq/localappdata
2026-10-09T16:55:38.0320686Z   XDG_CONFIG_HOME: /home/runner/work/_temp/novel-ci-backend-postgres-shard-1.aRA7Uq/config
2026-10-09T16:55:38.0321202Z   XDG_CACHE_HOME: /home/runner/work/_temp/novel-ci-backend-postgres-shard-1.aRA7Uq/cache
2026-10-09T16:55:38.0321705Z   XDG_DATA_HOME: /home/runner/work/_temp/novel-ci-backend-postgres-shard-1.aRA7Uq/data
2026-10-09T16:55:38.0322369Z   XDG_STATE_HOME: /home/runner/work/_temp/novel-ci-backend-postgres-shard-1.aRA7Uq/state
2026-10-09T16:55:38.0323053Z   TMPDIR: /home/runner/work/_temp/novel-ci-backend-postgres-shard-1.aRA7Uq/tmp
2026-10-09T16:55:38.0323523Z   TMP: /home/runner/work/_temp/novel-ci-backend-postgres-shard-1.aRA7Uq/tmp
2026-10-09T16:55:38.0323971Z   TEMP: /home/runner/work/_temp/novel-ci-backend-postgres-shard-1.aRA7Uq/tmp
2026-10-09T16:55:38.0324454Z   PROJECT_ROOT: /home/runner/work/_temp/novel-ci-backend-postgres-shard-1.aRA7Uq/project
2026-10-09T16:55:38.0325004Z   NOVEL_DATA_PATH: /home/runner/work/_temp/novel-ci-backend-postgres-shard-1.aRA7Uq/data/novels
2026-10-09T16:55:38.0325559Z   BACKUP_PATH: /home/runner/work/_temp/novel-ci-backend-postgres-shard-1.aRA7Uq/data/backups
2026-10-09T16:55:38.0326166Z   DATABASE_BACKUP_PATH: /home/runner/work/_temp/novel-ci-backend-postgres-shard-1.aRA7Uq/data/database-backups
2026-10-09T16:55:38.0326795Z   KNOWLEDGE_SOURCE_PATH: /home/runner/work/_temp/novel-ci-backend-postgres-shard-1.aRA7Uq/data/novels
2026-10-09T16:55:38.0327227Z ##[endgroup]
2026-10-09T16:55:38.0470093Z ##[group]Run python -m pip install -c .github/ci/python-constraints.txt -e '.[dev,fontbuild,otio,comic]'
2026-10-09T16:55:38.0470861Z [36;1mpython -m pip install -c .github/ci/python-constraints.txt -e '.[dev,fontbuild,otio,comic]'[0m
2026-10-09T16:55:38.0471359Z [36;1mpython -m pip check[0m
2026-10-09T16:55:38.0471764Z [36;1mpython -m pip freeze --exclude-editable > "$CI_RECEIPTS/python-packages.txt"[0m
2026-10-09T16:55:38.0538222Z shell: /usr/bin/bash -e {0}
2026-10-09T16:55:38.0538534Z env:
2026-10-09T16:55:38.0538789Z   MOCK_PROVIDER: true
2026-10-09T16:55:38.0539038Z   MOCK_STREAM_DELAY_MS: 0
2026-10-09T16:55:38.0539280Z   ENABLE_CLOUD: false
2026-10-09T16:55:38.0539524Z   CREDENTIAL_VAULT_BACKEND: memory
2026-10-09T16:55:38.0539831Z   CREDENTIAL_VAULT_ALLOW_MEMORY_FALLBACK: true
2026-10-09T16:55:38.0540140Z   PYTHONDONTWRITEBYTECODE: 1
2026-10-09T16:55:38.0540390Z   HF_HUB_OFFLINE: 1
2026-10-09T16:55:38.0540606Z   TRANSFORMERS_OFFLINE: 1
2026-10-09T16:55:38.0540959Z   pythonLocation: /opt/hostedtoolcache/Python/3.12.9/x64
2026-10-09T16:55:38.0541384Z   PKG_CONFIG_PATH: /opt/hostedtoolcache/Python/3.12.9/x64/lib/pkgconfig
2026-10-09T16:55:38.0541784Z   Python_ROOT_DIR: /opt/hostedtoolcache/Python/3.12.9/x64
2026-10-09T16:55:38.0542150Z   Python2_ROOT_DIR: /opt/hostedtoolcache/Python/3.12.9/x64
2026-10-09T16:55:38.0542516Z   Python3_ROOT_DIR: /opt/hostedtoolcache/Python/3.12.9/x64
2026-10-09T16:55:38.0543110Z   LD_LIBRARY_PATH: /opt/hostedtoolcache/Python/3.12.9/x64/lib
2026-10-09T16:55:38.0543497Z   CI_COVERAGE_SHA: c386b0608ae92d18c351b5cb6e367380808a45cf
2026-10-09T16:55:38.0543868Z   CI_COVERAGE_TREE: 2ec6365e1f1f183f029c9f0a94d040d134e22b47
2026-10-09T16:55:38.0544300Z   CI_SANDBOX: /home/runner/work/_temp/novel-ci-backend-postgres-shard-1.aRA7Uq
2026-10-09T16:55:38.0545234Z   CI_PROJECT: /home/runner/work/_temp/novel-ci-backend-postgres-shard-1.aRA7Uq/project
2026-10-09T16:55:38.0545815Z   CI_RECEIPTS: /home/runner/work/_temp/novel-ci-backend-postgres-shard-1.aRA7Uq/receipts
2026-10-09T16:55:38.0546455Z   HOME: /home/runner/work/_temp/novel-ci-backend-postgres-shard-1.aRA7Uq/project/.runtime/ci-backend/home
2026-10-09T16:55:38.0547148Z   USERPROFILE: /home/runner/work/_temp/novel-ci-backend-postgres-shard-1.aRA7Uq/project/.runtime/ci-backend/home
2026-10-09T16:55:38.0547855Z   APPDATA: /home/runner/work/_temp/novel-ci-backend-postgres-shard-1.aRA7Uq/project/.runtime/ci-backend/appdata
2026-10-09T16:55:38.0548589Z   LOCALAPPDATA: /home/runner/work/_temp/novel-ci-backend-postgres-shard-1.aRA7Uq/project/.runtime/ci-backend/localappdata
2026-10-09T16:55:38.0549562Z   XDG_CONFIG_HOME: /home/runner/work/_temp/novel-ci-backend-postgres-shard-1.aRA7Uq/project/.runtime/ci-backend/config
2026-10-09T16:55:38.0550279Z   XDG_CACHE_HOME: /home/runner/work/_temp/novel-ci-backend-postgres-shard-1.aRA7Uq/project/.runtime/ci-backend/cache
2026-10-09T16:55:38.0550977Z   XDG_DATA_HOME: /home/runner/work/_temp/novel-ci-backend-postgres-shard-1.aRA7Uq/project/.runtime/ci-backend/data
2026-10-09T16:55:38.0551674Z   XDG_STATE_HOME: /home/runner/work/_temp/novel-ci-backend-postgres-shard-1.aRA7Uq/project/.runtime/ci-backend/state
2026-10-09T16:55:38.0552364Z   TMPDIR: /home/runner/work/_temp/novel-ci-backend-postgres-shard-1.aRA7Uq/project/.runtime/ci-backend/tmp
2026-10-09T16:55:38.0553199Z   TMP: /home/runner/work/_temp/novel-ci-backend-postgres-shard-1.aRA7Uq/project/.runtime/ci-backend/tmp
2026-10-09T16:55:38.0553847Z   TEMP: /home/runner/work/_temp/novel-ci-backend-postgres-shard-1.aRA7Uq/project/.runtime/ci-backend/tmp
2026-10-09T16:55:38.0554469Z   PROJECT_ROOT: /home/runner/work/_temp/novel-ci-backend-postgres-shard-1.aRA7Uq/project
2026-10-09T16:55:38.0555134Z   NOVEL_DATA_PATH: /home/runner/work/_temp/novel-ci-backend-postgres-shard-1.aRA7Uq/project/.runtime/ci-backend/data/novels
2026-10-09T16:55:38.0555918Z   BACKUP_PATH: /home/runner/work/_temp/novel-ci-backend-postgres-shard-1.aRA7Uq/project/.runtime/ci-backend/data/backups
2026-10-09T16:55:38.0556943Z   DATABASE_BACKUP_PATH: /home/runner/work/_temp/novel-ci-backend-postgres-shard-1.aRA7Uq/project/.runtime/ci-backend/data/database-backups
2026-10-09T16:55:38.0557782Z   KNOWLEDGE_SOURCE_PATH: /home/runner/work/_temp/novel-ci-backend-postgres-shard-1.aRA7Uq/project/.runtime/ci-backend/data/novels
2026-10-09T16:55:38.0558517Z   CI_V2_RUNTIME: /home/runner/work/_temp/novel-ci-backend-postgres-shard-1.aRA7Uq/project/.runtime/ci-backend
2026-10-09T16:55:38.0558982Z ##[endgroup]
2026-10-09T16:55:39.0164090Z Obtaining file:///home/runner/work/_temp/novel-ci-backend-postgres-shard-1.aRA7Uq/project
2026-10-09T16:55:39.0182919Z   Installing build dependencies: started
2026-10-09T16:55:40.2935859Z   Installing build dependencies: finished with status 'done'
2026-10-09T16:55:40.2942523Z   Checking if build backend supports build_editable: started
2026-10-09T16:55:40.9899913Z   Checking if build backend supports build_editable: finished with status 'done'
2026-10-09T16:55:40.9908692Z   Getting requirements to build editable: started
2026-10-09T16:55:41.9580893Z   Getting requirements to build editable: finished with status 'done'
2026-10-09T16:55:41.9590965Z   Preparing editable metadata (pyproject.toml): started
2026-10-09T16:55:42.9269110Z   Preparing editable metadata (pyproject.toml): finished with status 'done'
2026-10-09T16:55:43.0645778Z Collecting fastapi<1,>=0.115 (from ai-novel-studio==0.7.0)
2026-10-09T16:55:43.1099369Z   Downloading fastapi-0.142.2-py3-none-any.whl.metadata (27 kB)
2026-10-09T16:55:43.1991264Z Collecting uvicorn<1,>=0.30 (from ai-novel-studio==0.7.0)
2026-10-09T16:55:43.2037895Z   Downloading uvicorn-0.54.0-py3-none-any.whl.metadata (6.6 kB)
2026-10-09T16:55:43.2677614Z Collecting psycopg<4,>=3.2 (from psycopg[binary]<4,>=3.2->ai-novel-studio==0.7.0)
2026-10-09T16:55:43.2721053Z   Downloading psycopg-3.3.6-py3-none-any.whl.metadata (4.4 kB)
2026-10-09T16:55:43.6666564Z Collecting sqlalchemy<3,>=2.0 (from ai-novel-studio==0.7.0)
2026-10-09T16:55:43.6717896Z   Downloading sqlalchemy-2.1.3-cp312-cp312-manylinux2014_x86_64.manylinux_2_17_x86_64.manylinux_2_28_x86_64.whl.metadata (9.7 kB)
2026-10-09T16:55:43.7200624Z Collecting httpx<1,>=0.27 (from ai-novel-studio==0.7.0)
2026-10-09T16:55:43.7239729Z   Downloading httpx-0.28.1-py3-none-any.whl.metadata (7.1 kB)
2026-10-09T16:55:43.7839245Z Collecting pydantic-settings<3,>=2.6 (from ai-novel-studio==0.7.0)
2026-10-09T16:55:43.7880706Z   Downloading pydantic_settings-2.15.0-py3-none-any.whl.metadata (3.9 kB)
2026-10-09T16:55:43.9640905Z Collecting reportlab<5,>=4.0 (from ai-novel-studio==0.7.0)
2026-10-09T16:55:43.9684960Z   Downloading reportlab-4.5.1-py3-none-any.whl.metadata (1.7 kB)
2026-10-09T16:55:44.2869201Z Collecting pypdf==6.19.0 (from ai-novel-studio==0.7.0)
2026-10-09T16:55:44.2915523Z   Downloading pypdf-6.19.0-py3-none-any.whl.metadata (7.5 kB)
2026-10-09T16:55:44.4536868Z Collecting jsonschema<5,>=4.18 (from ai-novel-studio==0.7.0)
2026-10-09T16:55:44.4583279Z   Downloading jsonschema-4.26.0-py3-none-any.whl.metadata (7.6 kB)
2026-10-09T16:55:44.5026541Z Collecting pytest<9,>=8 (from ai-novel-studio==0.7.0)
2026-10-09T16:55:44.5072305Z   Downloading pytest-8.4.2-py3-none-any.whl.metadata (7.7 kB)
2026-10-09T16:55:44.6579562Z Collecting fonttools==4.59.1 (from ai-novel-studio==0.7.0)
2026-10-09T16:55:44.6657288Z   Downloading fonttools-4.59.1-cp312-cp312-manylinux1_x86_64.manylinux2014_x86_64.manylinux_2_17_x86_64.manylinux_2_5_x86_64.whl.metadata (108 kB)
2026-10-09T16:55:44.9083492Z Collecting opentimelineio==0.18.1 (from ai-novel-studio==0.7.0)
2026-10-09T16:55:44.9149149Z   Downloading opentimelineio-0.18.1-cp312-cp312-manylinux2014_x86_64.manylinux_2_17_x86_64.whl.metadata (2.6 kB)
2026-10-09T16:55:45.2557252Z Collecting Pillow==12.3.0 (from ai-novel-studio==0.7.0)
2026-10-09T16:55:45.2601091Z   Downloading pillow-12.3.0-cp312-cp312-manylinux_2_27_x86_64.manylinux_2_28_x86_64.whl.metadata (9.1 kB)
2026-10-09T16:55:45.3768278Z Collecting starlette>=0.46.0 (from fastapi<1,>=0.115->ai-novel-studio==0.7.0)
2026-10-09T16:55:45.3812361Z   Downloading starlette-1.7.0-py3-none-any.whl.metadata (6.6 kB)
2026-10-09T16:55:45.6518001Z Collecting pydantic>=2.9.0 (from fastapi<1,>=0.115->ai-novel-studio==0.7.0)
2026-10-09T16:55:45.6567871Z   Downloading pydantic-2.13.5-py3-none-any.whl.metadata (110 kB)
2026-10-09T16:55:45.8402188Z Collecting typing-extensions>=4.8.0 (from fastapi<1,>=0.115->ai-novel-studio==0.7.0)
2026-10-09T16:55:45.8451837Z   Downloading typing_extensions-4.16.0-py3-none-any.whl.metadata (3.3 kB)
2026-10-09T16:55:45.8891701Z Collecting typing-inspection>=0.4.2 (from fastapi<1,>=0.115->ai-novel-studio==0.7.0)
2026-10-09T16:55:45.8932337Z   Downloading typing_inspection-0.4.4-py3-none-any.whl.metadata (2.6 kB)
2026-10-09T16:55:45.9733979Z Collecting annotated-doc>=0.0.2 (from fastapi<1,>=0.115->ai-novel-studio==0.7.0)
2026-10-09T16:55:45.9780106Z   Downloading annotated_doc-0.0.5-py3-none-any.whl.metadata (6.5 kB)
2026-10-09T16:55:46.0265281Z Collecting opentelemetry-api>=1.44.0 (from fastapi<1,>=0.115->ai-novel-studio==0.7.0)
2026-10-09T16:55:46.0307024Z   Downloading opentelemetry_api-1.45.0-py3-none-any.whl.metadata (1.4 kB)
2026-10-09T16:55:46.1168679Z Collecting anyio (from httpx<1,>=0.27->ai-novel-studio==0.7.0)
2026-10-09T16:55:46.1212227Z   Downloading anyio-4.15.1-py3-none-any.whl.metadata (4.7 kB)
2026-10-09T16:55:46.1509965Z Collecting certifi (from httpx<1,>=0.27->ai-novel-studio==0.7.0)
2026-10-09T16:55:46.1558341Z   Downloading certifi-2026.7.22-py3-none-any.whl.metadata (2.5 kB)
2026-10-09T16:55:46.3420088Z Collecting httpcore==1.* (from httpx<1,>=0.27->ai-novel-studio==0.7.0)
2026-10-09T16:55:46.3457829Z   Downloading httpcore-1.0.9-py3-none-any.whl.metadata (21 kB)
2026-10-09T16:55:46.3592202Z Collecting idna (from httpx<1,>=0.27->ai-novel-studio==0.7.0)
2026-10-09T16:55:46.3642127Z   Downloading idna-3.20-py3-none-any.whl.metadata (7.2 kB)
2026-10-09T16:55:46.3755784Z Collecting h11>=0.16 (from httpcore==1.*->httpx<1,>=0.27->ai-novel-studio==0.7.0)
2026-10-09T16:55:46.3793760Z   Downloading h11-0.16.0-py3-none-any.whl.metadata (8.3 kB)
2026-10-09T16:55:46.3919505Z Collecting attrs>=22.2.0 (from jsonschema<5,>=4.18->ai-novel-studio==0.7.0)
2026-10-09T16:55:46.3964801Z   Downloading attrs-26.1.0-py3-none-any.whl.metadata (8.8 kB)
2026-10-09T16:55:46.4100662Z Collecting jsonschema-specifications>=2023.03.6 (from jsonschema<5,>=4.18->ai-novel-studio==0.7.0)
2026-10-09T16:55:46.4140264Z   Downloading jsonschema_specifications-2025.9.1-py3-none-any.whl.metadata (2.9 kB)
2026-10-09T16:55:46.4325597Z Collecting referencing>=0.28.4 (from jsonschema<5,>=4.18->ai-novel-studio==0.7.0)
2026-10-09T16:55:46.4363628Z   Downloading referencing-0.37.0-py3-none-any.whl.metadata (2.8 kB)
2026-10-09T16:55:46.6619998Z Collecting rpds-py>=0.25.0 (from jsonschema<5,>=4.18->ai-novel-studio==0.7.0)
2026-10-09T16:55:46.6663587Z   Downloading rpds_py-2026.9.1-cp312-cp312-manylinux_2_17_x86_64.manylinux2014_x86_64.whl.metadata (4.1 kB)
2026-10-09T16:55:46.8430652Z Collecting psycopg-binary==3.3.6 (from psycopg[binary]<4,>=3.2->ai-novel-studio==0.7.0)
2026-10-09T16:55:46.8475021Z   Downloading psycopg_binary-3.3.6-cp312-cp312-manylinux2014_x86_64.manylinux_2_17_x86_64.whl.metadata (2.7 kB)
2026-10-09T16:55:46.8640789Z Collecting python-dotenv>=0.21.0 (from pydantic-settings<3,>=2.6->ai-novel-studio==0.7.0)
2026-10-09T16:55:46.8683373Z   Downloading python_dotenv-1.2.4-py3-none-any.whl.metadata (29 kB)
2026-10-09T16:55:46.8838886Z Collecting iniconfig>=1 (from pytest<9,>=8->ai-novel-studio==0.7.0)
2026-10-09T16:55:46.8881173Z   Downloading iniconfig-2.3.0-py3-none-any.whl.metadata (2.5 kB)
2026-10-09T16:55:46.9021570Z Collecting packaging>=20 (from pytest<9,>=8->ai-novel-studio==0.7.0)
2026-10-09T16:55:46.9060521Z   Downloading packaging-26.3-py3-none-any.whl.metadata (3.5 kB)
2026-10-09T16:55:46.9203066Z Collecting pluggy<2,>=1.5 (from pytest<9,>=8->ai-novel-studio==0.7.0)
2026-10-09T16:55:46.9256206Z   Downloading pluggy-1.6.0-py3-none-any.whl.metadata (4.8 kB)
2026-10-09T16:55:46.9495782Z Collecting pygments>=2.7.2 (from pytest<9,>=8->ai-novel-studio==0.7.0)
2026-10-09T16:55:46.9537260Z   Downloading pygments-2.21.0-py3-none-any.whl.metadata (2.5 kB)
2026-10-09T16:55:47.0745946Z Collecting charset-normalizer (from reportlab<5,>=4.0->ai-novel-studio==0.7.0)
2026-10-09T16:55:47.0798554Z   Downloading charset_normalizer-3.5.2-cp312-cp312-manylinux2014_x86_64.manylinux_2_17_x86_64.manylinux_2_28_x86_64.whl.metadata (46 kB)
2026-10-09T16:55:47.1008388Z Collecting click>=7.0 (from uvicorn<1,>=0.30->ai-novel-studio==0.7.0)
2026-10-09T16:55:47.1045240Z   Downloading click-8.5.0-py3-none-any.whl.metadata (2.6 kB)
2026-10-09T16:55:47.1195259Z Collecting annotated-types>=0.6.0 (from pydantic>=2.9.0->fastapi<1,>=0.115->ai-novel-studio==0.7.0)
2026-10-09T16:55:47.1235691Z   Downloading annotated_types-0.8.0-py3-none-any.whl.metadata (15 kB)
2026-10-09T16:55:47.7821372Z Collecting pydantic-core==2.46.5 (from pydantic>=2.9.0->fastapi<1,>=0.115->ai-novel-studio==0.7.0)
2026-10-09T16:55:47.7867377Z   Downloading pydantic_core-2.46.5-cp312-cp312-manylinux_2_17_x86_64.manylinux2014_x86_64.whl.metadata (6.6 kB)
2026-10-09T16:55:47.8094700Z Downloading fonttools-4.59.1-cp312-cp312-manylinux1_x86_64.manylinux2014_x86_64.manylinux_2_17_x86_64.manylinux_2_5_x86_64.whl (4.9 MB)
2026-10-09T16:55:47.8617337Z    ━━━━━━━━━━━━━━━━━━━━━━━━━━━━━━━━━━━━━━━━ 4.9/4.9 MB 98.1 MB/s  0:00:00
2026-10-09T16:55:47.8683236Z Downloading opentimelineio-0.18.1-cp312-cp312-manylinux2014_x86_64.manylinux_2_17_x86_64.whl (842 kB)
2026-10-09T16:55:47.8767513Z    ━━━━━━━━━━━━━━━━━━━━━━━━━━━━━━━━━━━━━━━━ 842.8/842.8 kB 94.4 MB/s  0:00:00
2026-10-09T16:55:47.8809847Z Downloading pillow-12.3.0-cp312-cp312-manylinux_2_27_x86_64.manylinux_2_28_x86_64.whl (6.9 MB)
2026-10-09T16:55:47.9297255Z    ━━━━━━━━━━━━━━━━━━━━━━━━━━━━━━━━━━━━━━━━ 6.9/6.9 MB 144.1 MB/s  0:00:00
2026-10-09T16:55:47.9385684Z Downloading pypdf-6.19.0-py3-none-any.whl (395 kB)
2026-10-09T16:55:47.9498943Z Downloading fastapi-0.142.2-py3-none-any.whl (144 kB)
2026-10-09T16:55:47.9560156Z Downloading httpx-0.28.1-py3-none-any.whl (73 kB)
2026-10-09T16:55:47.9614830Z Downloading httpcore-1.0.9-py3-none-any.whl (78 kB)
2026-10-09T16:55:47.9671735Z Downloading jsonschema-4.26.0-py3-none-any.whl (90 kB)
2026-10-09T16:55:47.9732077Z Downloading psycopg-3.3.6-py3-none-any.whl (215 kB)
2026-10-09T16:55:47.9792551Z Downloading psycopg_binary-3.3.6-cp312-cp312-manylinux2014_x86_64.manylinux_2_17_x86_64.whl (5.2 MB)
2026-10-09T16:55:48.0191039Z    ━━━━━━━━━━━━━━━━━━━━━━━━━━━━━━━━━━━━━━━━ 5.2/5.2 MB 134.4 MB/s  0:00:00
2026-10-09T16:55:48.0237030Z Downloading pydantic_settings-2.15.0-py3-none-any.whl (69 kB)
2026-10-09T16:55:48.0299133Z Downloading pytest-8.4.2-py3-none-any.whl (365 kB)
2026-10-09T16:55:48.0516802Z Downloading pluggy-1.6.0-py3-none-any.whl (20 kB)
2026-10-09T16:55:48.0575088Z Downloading reportlab-4.5.1-py3-none-any.whl (2.0 MB)
2026-10-09T16:55:48.0729859Z    ━━━━━━━━━━━━━━━━━━━━━━━━━━━━━━━━━━━━━━━━ 2.0/2.0 MB 129.3 MB/s  0:00:00
2026-10-09T16:55:48.0774433Z Downloading sqlalchemy-2.1.3-cp312-cp312-manylinux2014_x86_64.manylinux_2_17_x86_64.manylinux_2_28_x86_64.whl (4.7 MB)
2026-10-09T16:55:48.1111747Z    ━━━━━━━━━━━━━━━━━━━━━━━━━━━━━━━━━━━━━━━━ 4.7/4.7 MB 142.1 MB/s  0:00:00
2026-10-09T16:55:48.1153618Z Downloading uvicorn-0.54.0-py3-none-any.whl (87 kB)
2026-10-09T16:55:48.1211510Z Downloading annotated_doc-0.0.5-py3-none-any.whl (5.3 kB)
2026-10-09T16:55:48.1264050Z Downloading attrs-26.1.0-py3-none-any.whl (67 kB)
2026-10-09T16:55:48.1321108Z Downloading click-8.5.0-py3-none-any.whl (125 kB)
2026-10-09T16:55:48.1380999Z Downloading h11-0.16.0-py3-none-any.whl (37 kB)
2026-10-09T16:55:48.1456343Z Downloading iniconfig-2.3.0-py3-none-any.whl (7.5 kB)
2026-10-09T16:55:48.1540115Z Downloading jsonschema_specifications-2025.9.1-py3-none-any.whl (18 kB)
2026-10-09T16:55:48.1594272Z Downloading opentelemetry_api-1.45.0-py3-none-any.whl (60 kB)
2026-10-09T16:55:48.1656348Z Downloading packaging-26.3-py3-none-any.whl (129 kB)
2026-10-09T16:55:48.1723868Z Downloading pydantic-2.13.5-py3-none-any.whl (472 kB)
2026-10-09T16:55:48.1790323Z Downloading pydantic_core-2.46.5-cp312-cp312-manylinux_2_17_x86_64.manylinux2014_x86_64.whl (2.1 MB)
2026-10-09T16:55:48.1946249Z    ━━━━━━━━━━━━━━━━━━━━━━━━━━━━━━━━━━━━━━━━ 2.1/2.1 MB 134.1 MB/s  0:00:00
2026-10-09T16:55:48.1985827Z Downloading annotated_types-0.8.0-py3-none-any.whl (13 kB)
2026-10-09T16:55:48.2037730Z Downloading pygments-2.21.0-py3-none-any.whl (1.3 MB)
2026-10-09T16:55:48.2145252Z    ━━━━━━━━━━━━━━━━━━━━━━━━━━━━━━━━━━━━━━━━ 1.3/1.3 MB 114.9 MB/s  0:00:00
2026-10-09T16:55:48.2182907Z Downloading python_dotenv-1.2.4-py3-none-any.whl (23 kB)
2026-10-09T16:55:48.2235397Z Downloading referencing-0.37.0-py3-none-any.whl (26 kB)
2026-10-09T16:55:48.2289967Z Downloading rpds_py-2026.9.1-cp312-cp312-manylinux_2_17_x86_64.manylinux2014_x86_64.whl (371 kB)
2026-10-09T16:55:48.2369680Z Downloading starlette-1.7.0-py3-none-any.whl (78 kB)
2026-10-09T16:55:48.2427820Z Downloading anyio-4.15.1-py3-none-any.whl (132 kB)
2026-10-09T16:55:48.2653987Z Downloading idna-3.20-py3-none-any.whl (69 kB)
2026-10-09T16:55:48.2711222Z Downloading typing_extensions-4.16.0-py3-none-any.whl (45 kB)
2026-10-09T16:55:48.2771536Z Downloading typing_inspection-0.4.4-py3-none-any.whl (14 kB)
2026-10-09T16:55:48.2830936Z Downloading certifi-2026.7.22-py3-none-any.whl (136 kB)
2026-10-09T16:55:48.2890999Z Downloading charset_normalizer-3.5.2-cp312-cp312-manylinux2014_x86_64.manylinux_2_17_x86_64.manylinux_2_28_x86_64.whl (257 kB)
2026-10-09T16:55:48.4105035Z Building wheels for collected packages: ai-novel-studio
2026-10-09T16:55:48.4113358Z   Building editable for ai-novel-studio (pyproject.toml): started
2026-10-09T16:55:49.3706887Z   Building editable for ai-novel-studio (pyproject.toml): finished with status 'done'
2026-10-09T16:55:49.3712470Z   Created wheel for ai-novel-studio: filename=ai_novel_studio-0.7.0-0.editable-py3-none-any.whl size=3197 sha256=d7b6d344a63ba0dee3378dbfefc545db9d3095d9a23e4f185fbdc1d618aa6676
2026-10-09T16:55:49.3714702Z   Stored in directory: /home/runner/work/_temp/novel-ci-backend-postgres-shard-1.aRA7Uq/project/.runtime/ci-backend/tmp/pip-ephem-wheel-cache-_vgr6m6q/wheels/c4/99/6b/c9b7c4af433cd1b86cfa06c6d8e82ef8d130f2082960d4afb4
2026-10-09T16:55:49.3730009Z Successfully built ai-novel-studio
2026-10-09T16:55:49.4679675Z Installing collected packages: typing-extensions, rpds-py, python-dotenv, pypdf, pygments, psycopg-binary, pluggy, Pillow, packaging, opentimelineio, iniconfig, idna, h11, fonttools, click, charset-normalizer, certifi, attrs, annotated-types, annotated-doc, uvicorn, typing-inspection, sqlalchemy, reportlab, referencing, pytest, pydantic-core, psycopg, opentelemetry-api, httpcore, anyio, starlette, pydantic, jsonschema-specifications, httpx, pydantic-settings, jsonschema, fastapi, ai-novel-studio
2026-10-09T16:55:55.7953987Z 
2026-10-09T16:55:55.7987822Z Successfully installed Pillow-12.3.0 ai-novel-studio-0.7.0 annotated-doc-0.0.5 annotated-types-0.8.0 anyio-4.15.1 attrs-26.1.0 certifi-2026.7.22 charset-normalizer-3.5.2 click-8.5.0 fastapi-0.142.2 fonttools-4.59.1 h11-0.16.0 httpcore-1.0.9 httpx-0.28.1 idna-3.20 iniconfig-2.3.0 jsonschema-4.26.0 jsonschema-specifications-2025.9.1 opentelemetry-api-1.45.0 opentimelineio-0.18.1 packaging-26.3 pluggy-1.6.0 psycopg-3.3.6 psycopg-binary-3.3.6 pydantic-2.13.5 pydantic-core-2.46.5 pydantic-settings-2.15.0 pygments-2.21.0 pypdf-6.19.0 pytest-8.4.2 python-dotenv-1.2.4 referencing-0.37.0 reportlab-4.5.1 rpds-py-2026.9.1 sqlalchemy-2.1.3 starlette-1.7.0 typing-extensions-4.16.0 typing-inspection-0.4.4 uvicorn-0.54.0
2026-10-09T16:55:56.6676221Z No broken requirements found.
2026-10-09T16:55:57.9007091Z ##[group]Run sudo apt-get update
2026-10-09T16:55:57.9007893Z [36;1msudo apt-get update[0m
2026-10-09T16:55:57.9008211Z [36;1msudo apt-get install -y --no-install-recommends ffmpeg[0m
2026-10-09T16:55:57.9008625Z [36;1mffmpeg -version > "$CI_RECEIPTS/ffmpeg-version.txt"[0m
2026-10-09T16:55:57.9009004Z [36;1mffprobe -version > "$CI_RECEIPTS/ffprobe-version.txt"[0m
2026-10-09T16:55:57.9009466Z [36;1mpython -c "import shutil; assert shutil.which('ffmpeg') and shutil.which('ffprobe')"[0m
2026-10-09T16:55:57.9079306Z shell: /usr/bin/bash -e {0}
2026-10-09T16:55:57.9079555Z env:
2026-10-09T16:55:57.9079754Z   MOCK_PROVIDER: true
2026-10-09T16:55:57.9079987Z   MOCK_STREAM_DELAY_MS: 0
2026-10-09T16:55:57.9080215Z   ENABLE_CLOUD: false
2026-10-09T16:55:57.9080438Z   CREDENTIAL_VAULT_BACKEND: memory
2026-10-09T16:55:57.9080714Z   CREDENTIAL_VAULT_ALLOW_MEMORY_FALLBACK: true
2026-10-09T16:55:57.9081023Z   PYTHONDONTWRITEBYTECODE: 1
2026-10-09T16:55:57.9081269Z   HF_HUB_OFFLINE: 1
2026-10-09T16:55:57.9081538Z   TRANSFORMERS_OFFLINE: 1
2026-10-09T16:55:57.9081853Z   pythonLocation: /opt/hostedtoolcache/Python/3.12.9/x64
2026-10-09T16:55:57.9082264Z   PKG_CONFIG_PATH: /opt/hostedtoolcache/Python/3.12.9/x64/lib/pkgconfig
2026-10-09T16:55:57.9082664Z   Python_ROOT_DIR: /opt/hostedtoolcache/Python/3.12.9/x64
2026-10-09T16:55:57.9083184Z   Python2_ROOT_DIR: /opt/hostedtoolcache/Python/3.12.9/x64
2026-10-09T16:55:57.9083545Z   Python3_ROOT_DIR: /opt/hostedtoolcache/Python/3.12.9/x64
2026-10-09T16:55:57.9083906Z   LD_LIBRARY_PATH: /opt/hostedtoolcache/Python/3.12.9/x64/lib
2026-10-09T16:55:57.9084295Z   CI_COVERAGE_SHA: c386b0608ae92d18c351b5cb6e367380808a45cf
2026-10-09T16:55:57.9084674Z   CI_COVERAGE_TREE: 2ec6365e1f1f183f029c9f0a94d040d134e22b47
2026-10-09T16:55:57.9085131Z   CI_SANDBOX: /home/runner/work/_temp/novel-ci-backend-postgres-shard-1.aRA7Uq
2026-10-09T16:55:57.9085655Z   CI_PROJECT: /home/runner/work/_temp/novel-ci-backend-postgres-shard-1.aRA7Uq/project
2026-10-09T16:55:57.9086207Z   CI_RECEIPTS: /home/runner/work/_temp/novel-ci-backend-postgres-shard-1.aRA7Uq/receipts
2026-10-09T16:55:57.9086828Z   HOME: /home/runner/work/_temp/novel-ci-backend-postgres-shard-1.aRA7Uq/project/.runtime/ci-backend/home
2026-10-09T16:55:57.9087505Z   USERPROFILE: /home/runner/work/_temp/novel-ci-backend-postgres-shard-1.aRA7Uq/project/.runtime/ci-backend/home
2026-10-09T16:55:57.9088196Z   APPDATA: /home/runner/work/_temp/novel-ci-backend-postgres-shard-1.aRA7Uq/project/.runtime/ci-backend/appdata
2026-10-09T16:55:57.9088968Z   LOCALAPPDATA: /home/runner/work/_temp/novel-ci-backend-postgres-shard-1.aRA7Uq/project/.runtime/ci-backend/localappdata
2026-10-09T16:55:57.9089718Z   XDG_CONFIG_HOME: /home/runner/work/_temp/novel-ci-backend-postgres-shard-1.aRA7Uq/project/.runtime/ci-backend/config
2026-10-09T16:55:57.9090431Z   XDG_CACHE_HOME: /home/runner/work/_temp/novel-ci-backend-postgres-shard-1.aRA7Uq/project/.runtime/ci-backend/cache
2026-10-09T16:55:57.9091105Z   XDG_DATA_HOME: /home/runner/work/_temp/novel-ci-backend-postgres-shard-1.aRA7Uq/project/.runtime/ci-backend/data
2026-10-09T16:55:57.9091996Z   XDG_STATE_HOME: /home/runner/work/_temp/novel-ci-backend-postgres-shard-1.aRA7Uq/project/.runtime/ci-backend/state
2026-10-09T16:55:57.9092682Z   TMPDIR: /home/runner/work/_temp/novel-ci-backend-postgres-shard-1.aRA7Uq/project/.runtime/ci-backend/tmp
2026-10-09T16:55:57.9093436Z   TMP: /home/runner/work/_temp/novel-ci-backend-postgres-shard-1.aRA7Uq/project/.runtime/ci-backend/tmp
2026-10-09T16:55:57.9094057Z   TEMP: /home/runner/work/_temp/novel-ci-backend-postgres-shard-1.aRA7Uq/project/.runtime/ci-backend/tmp
2026-10-09T16:55:57.9094635Z   PROJECT_ROOT: /home/runner/work/_temp/novel-ci-backend-postgres-shard-1.aRA7Uq/project
2026-10-09T16:55:57.9095266Z   NOVEL_DATA_PATH: /home/runner/work/_temp/novel-ci-backend-postgres-shard-1.aRA7Uq/project/.runtime/ci-backend/data/novels
2026-10-09T16:55:57.9096164Z   BACKUP_PATH: /home/runner/work/_temp/novel-ci-backend-postgres-shard-1.aRA7Uq/project/.runtime/ci-backend/data/backups
2026-10-09T16:55:57.9096966Z   DATABASE_BACKUP_PATH: /home/runner/work/_temp/novel-ci-backend-postgres-shard-1.aRA7Uq/project/.runtime/ci-backend/data/database-backups
2026-10-09T16:55:57.9097774Z   KNOWLEDGE_SOURCE_PATH: /home/runner/work/_temp/novel-ci-backend-postgres-shard-1.aRA7Uq/project/.runtime/ci-backend/data/novels
2026-10-09T16:55:57.9098482Z   CI_V2_RUNTIME: /home/runner/work/_temp/novel-ci-backend-postgres-shard-1.aRA7Uq/project/.runtime/ci-backend
2026-10-09T16:55:57.9098929Z ##[endgroup]
2026-10-09T16:55:58.0032974Z Get:1 file:/etc/apt/apt-mirrors.txt Mirrorlist [144 B]
2026-10-09T16:55:58.0377272Z Hit:2 http://azure.archive.ubuntu.com/ubuntu noble InRelease
2026-10-09T16:55:58.0393999Z Get:3 http://azure.archive.ubuntu.com/ubuntu noble-updates InRelease [126 kB]
2026-10-09T16:55:58.0433439Z Get:6 https://packages.microsoft.com/ubuntu/24.04/prod noble InRelease [3600 B]
2026-10-09T16:55:58.0451332Z Get:4 http://azure.archive.ubuntu.com/ubuntu noble-backports InRelease [126 kB]
2026-10-09T16:55:58.0476338Z Get:5 http://azure.archive.ubuntu.com/ubuntu noble-security InRelease [126 kB]
2026-10-09T16:55:58.1776575Z Get:7 https://packages.microsoft.com/ubuntu/24.04/prod noble/main arm64 Packages [475 kB]
2026-10-09T16:55:58.2048949Z Get:8 https://packages.microsoft.com/ubuntu/24.04/prod noble/main all Packages [640 B]
2026-10-09T16:55:58.2082170Z Get:9 https://packages.microsoft.com/ubuntu/24.04/prod noble/main armhf Packages [12.3 kB]
2026-10-09T16:55:58.2199299Z Get:10 https://packages.microsoft.com/ubuntu/24.04/prod noble/main amd64 Packages [531 kB]
2026-10-09T16:55:58.2218445Z Get:11 http://azure.archive.ubuntu.com/ubuntu noble-updates/main amd64 Packages [1375 kB]
2026-10-09T16:55:58.2301026Z Get:12 http://azure.archive.ubuntu.com/ubuntu noble-updates/main Translation-en [306 kB]
2026-10-09T16:55:58.2333848Z Get:13 http://azure.archive.ubuntu.com/ubuntu noble-updates/universe amd64 Packages [1702 kB]
2026-10-09T16:55:58.2426076Z Get:14 http://azure.archive.ubuntu.com/ubuntu noble-updates/universe Translation-en [342 kB]
2026-10-09T16:55:58.2455031Z Get:15 http://azure.archive.ubuntu.com/ubuntu noble-updates/restricted amd64 Packages [1761 kB]
2026-10-09T16:55:58.2545198Z Get:16 http://azure.archive.ubuntu.com/ubuntu noble-updates/restricted Translation-en [401 kB]
2026-10-09T16:55:58.2575939Z Get:17 http://azure.archive.ubuntu.com/ubuntu noble-updates/multiverse amd64 Packages [55.0 kB]
2026-10-09T16:55:58.2591635Z Get:18 http://azure.archive.ubuntu.com/ubuntu noble-updates/multiverse Translation-en [14.3 kB]
2026-10-09T16:55:58.3408542Z Get:19 http://azure.archive.ubuntu.com/ubuntu noble-security/main amd64 Packages [1121 kB]
2026-10-09T16:55:58.3475017Z Get:20 http://azure.archive.ubuntu.com/ubuntu noble-security/main Translation-en [228 kB]
2026-10-09T16:55:58.3935156Z Get:21 http://azure.archive.ubuntu.com/ubuntu noble-security/universe amd64 Packages [1220 kB]
2026-10-09T16:55:58.4001921Z Get:22 http://azure.archive.ubuntu.com/ubuntu noble-security/universe Translation-en [245 kB]
2026-10-09T16:55:58.4027166Z Get:23 http://azure.archive.ubuntu.com/ubuntu noble-security/restricted amd64 Packages [1669 kB]
2026-10-09T16:55:58.4113716Z Get:24 http://azure.archive.ubuntu.com/ubuntu noble-security/restricted Translation-en [383 kB]
2026-10-09T16:55:58.4144439Z Get:25 http://azure.archive.ubuntu.com/ubuntu noble-security/multiverse amd64 Packages [49.8 kB]
2026-10-09T16:55:58.4158686Z Get:26 http://azure.archive.ubuntu.com/ubuntu noble-security/multiverse Translation-en [12.4 kB]
2026-10-09T16:56:06.6235058Z Fetched 12.3 MB in 1s (9620 kB/s)
2026-10-09T16:56:07.4892521Z Reading package lists...
2026-10-09T16:56:07.5227879Z Reading package lists...
2026-10-09T16:56:07.7626210Z Building dependency tree...
2026-10-09T16:56:07.7633232Z Reading state information...
2026-10-09T16:56:07.9614232Z The following additional packages will be installed:
2026-10-09T16:56:07.9615006Z   libass9 libasyncns0 libavc1394-0 libavcodec60 libavdevice60 libavfilter9
2026-10-09T16:56:07.9616328Z   libavformat60 libavutil58 libblas3 libbluray2 libbs2b0 libcaca0
2026-10-09T16:56:07.9617086Z   libcdio-cdda2t64 libcdio-paranoia2t64 libcdio19t64 libchromaprint1 libcjson1
2026-10-09T16:56:07.9617857Z   libcodec2-1.2 libdav1d7 libdc1394-25 libdecor-0-0 libflac12t64 libflite1
2026-10-09T16:56:07.9618526Z   libgme0 libgsm1 libhwy1t64 libiec61883-0 libjack-jackd2-0 libjxl0.7
2026-10-09T16:56:07.9619194Z   liblapack3 liblilv-0-0 libmbedcrypto7t64 libmp3lame0 libmpg123-0t64
2026-10-09T16:56:07.9619895Z   libmysofa1 libopenal-data libopenal1 libopenmpt0t64 libopus0 libplacebo338
2026-10-09T16:56:07.9620632Z   libpocketsphinx3 libpostproc57 libpulse0 librav1e0 libraw1394-11 librist4
2026-10-09T16:56:07.9621390Z   librsvg2-2 librubberband2 libsamplerate0 libsdl2-2.0-0 libserd-0-0 libshine3
2026-10-09T16:56:07.9622117Z   libsndfile1 libsndio7.0 libsord-0-0 libsoxr0 libspeex1 libsphinxbase3t64
2026-10-09T16:56:07.9622972Z   libsratom-0-0 libsrt1.5-gnutls libssh-gcrypt-4 libsvtav1enc1d1
2026-10-09T16:56:07.9623696Z   libswresample4 libswscale7 libtheora0 libtwolame0 libudfread0 libunibreak5
2026-10-09T16:56:07.9624471Z   libva-drm2 libva-x11-2 libva2 libvdpau1 libvidstab1.1 libvorbisenc2 libvpl2
2026-10-09T16:56:07.9625286Z   libvpx9 libx264-164 libx265-199 libxcb-shape0 libxv1 libxvidcore4 libzimg2
2026-10-09T16:56:07.9625992Z   libzix-0-0 libzvbi-common libzvbi0t64 ocl-icd-libopencl1
2026-10-09T16:56:07.9628990Z Suggested packages:
2026-10-09T16:56:07.9629440Z   ffmpeg-doc libcuda1 libnvcuvid1 libnvidia-encode1 libbluray-bdj jackd2
2026-10-09T16:56:07.9630038Z   libportaudio2 opus-tools pulseaudio libraw1394-doc librsvg2-bin serdi sndiod
2026-10-09T16:56:07.9630425Z   sordi speex opencl-icd
2026-10-09T16:56:07.9630653Z Recommended packages:
2026-10-09T16:56:07.9630947Z   libaacs0 default-libdecor-0-plugin-1 | libdecor-0-plugin-1
2026-10-09T16:56:07.9631339Z   pocketsphinx-en-us librsvg2-common va-driver-all | va-driver
2026-10-09T16:56:07.9631675Z   vdpau-driver-all | vdpau-driver
2026-10-09T16:56:08.0057075Z The following NEW packages will be installed:
2026-10-09T16:56:08.0057795Z   ffmpeg libass9 libasyncns0 libavc1394-0 libavcodec60 libavdevice60
2026-10-09T16:56:08.0058355Z   libavfilter9 libavformat60 libavutil58 libblas3 libbluray2 libbs2b0 libcaca0
2026-10-09T16:56:08.0059069Z   libcdio-cdda2t64 libcdio-paranoia2t64 libcdio19t64 libchromaprint1 libcjson1
2026-10-09T16:56:08.0059751Z   libcodec2-1.2 libdav1d7 libdc1394-25 libdecor-0-0 libflac12t64 libflite1
2026-10-09T16:56:08.0060453Z   libgme0 libgsm1 libhwy1t64 libiec61883-0 libjack-jackd2-0 libjxl0.7
2026-10-09T16:56:08.0060909Z   liblapack3 liblilv-0-0 libmbedcrypto7t64 libmp3lame0 libmpg123-0t64
2026-10-09T16:56:08.0061376Z   libmysofa1 libopenal-data libopenal1 libopenmpt0t64 libopus0 libplacebo338
2026-10-09T16:56:08.0061846Z   libpocketsphinx3 libpostproc57 libpulse0 librav1e0 libraw1394-11 librist4
2026-10-09T16:56:08.0062514Z   librsvg2-2 librubberband2 libsamplerate0 libsdl2-2.0-0 libserd-0-0 libshine3
2026-10-09T16:56:08.0063381Z   libsndfile1 libsndio7.0 libsord-0-0 libsoxr0 libspeex1 libsphinxbase3t64
2026-10-09T16:56:08.0064244Z   libsratom-0-0 libsrt1.5-gnutls libssh-gcrypt-4 libsvtav1enc1d1
2026-10-09T16:56:08.0064695Z   libswresample4 libswscale7 libtheora0 libtwolame0 libudfread0 libunibreak5
2026-10-09T16:56:08.0065161Z   libva-drm2 libva-x11-2 libva2 libvdpau1 libvidstab1.1 libvorbisenc2 libvpl2
2026-10-09T16:56:08.0065619Z   libvpx9 libx264-164 libx265-199 libxcb-shape0 libxv1 libxvidcore4 libzimg2
2026-10-09T16:56:08.0069204Z   libzix-0-0 libzvbi-common libzvbi0t64 ocl-icd-libopencl1
2026-10-09T16:56:08.0273747Z 0 upgraded, 87 newly installed, 0 to remove and 23 not upgraded.
2026-10-09T16:56:08.0274333Z Need to get 62.8 MB of archives.
2026-10-09T16:56:08.0274821Z After this operation, 173 MB of additional disk space will be used.
2026-10-09T16:56:08.0275237Z Get:1 file:/etc/apt/apt-mirrors.txt Mirrorlist [144 B]
2026-10-09T16:56:08.0668079Z Ign:2 http://azure.archive.ubuntu.com/ubuntu noble-updates/universe amd64 libva2 amd64 2.20.0-2ubuntu0.2
2026-10-09T16:56:08.2308816Z Get:3 http://azure.archive.ubuntu.com/ubuntu noble-updates/universe amd64 libva-drm2 amd64 2.20.0-2ubuntu0.2 [7124 B]
2026-10-09T16:56:08.3133836Z Get:4 http://azure.archive.ubuntu.com/ubuntu noble-updates/universe amd64 libva-x11-2 amd64 2.20.0-2ubuntu0.2 [12.0 kB]
2026-10-09T16:56:08.4124737Z Get:5 http://azure.archive.ubuntu.com/ubuntu noble/main amd64 libvdpau1 amd64 1.5-2build1 [27.8 kB]
2026-10-09T16:56:08.5431683Z Get:6 http://azure.archive.ubuntu.com/ubuntu noble/universe amd64 libvpl2 amd64 2023.3.0-1build1 [99.8 kB]
2026-10-09T16:56:08.7766544Z Get:7 http://azure.archive.ubuntu.com/ubuntu noble/universe amd64 ocl-icd-libopencl1 amd64 2.3.2-1build1 [38.5 kB]
2026-10-09T16:56:08.8777597Z Get:8 http://azure.archive.ubuntu.com/ubuntu noble/universe amd64 libavutil58 amd64 7:6.1.1-3ubuntu5 [401 kB]
2026-10-09T16:56:09.1380516Z Get:9 http://azure.archive.ubuntu.com/ubuntu noble/universe amd64 libcodec2-1.2 amd64 1.2.0-2build1 [8998 kB]
2026-10-09T16:56:09.6404735Z Get:10 http://azure.archive.ubuntu.com/ubuntu noble/universe amd64 libdav1d7 amd64 1.4.1-1build1 [604 kB]
2026-10-09T16:56:09.7274670Z Get:11 http://azure.archive.ubuntu.com/ubuntu noble/universe amd64 libgsm1 amd64 1.0.22-1build1 [27.8 kB]
2026-10-09T16:56:09.8105810Z Get:12 http://azure.archive.ubuntu.com/ubuntu noble/universe amd64 libhwy1t64 amd64 1.0.7-8.1build1 [584 kB]
2026-10-09T16:56:09.8970604Z Get:13 http://azure.archive.ubuntu.com/ubuntu noble-updates/universe amd64 libjxl0.7 amd64 0.7.0-10.2ubuntu6.1 [1001 kB]
2026-10-09T16:56:09.9881515Z Get:14 http://azure.archive.ubuntu.com/ubuntu noble/main amd64 libmp3lame0 amd64 3.100-6build1 [142 kB]
2026-10-09T16:56:10.0719631Z Get:15 http://azure.archive.ubuntu.com/ubuntu noble/main amd64 libopus0 amd64 1.4-1build1 [208 kB]
2026-10-09T16:56:10.1554979Z Get:16 http://azure.archive.ubuntu.com/ubuntu noble/universe amd64 librav1e0 amd64 0.7.1-2 [1022 kB]
2026-10-09T16:56:10.2465924Z Get:17 http://azure.archive.ubuntu.com/ubuntu noble-updates/main amd64 librsvg2-2 amd64 2.58.0+dfsg-1ubuntu0.1 [2141 kB]
2026-10-09T16:56:10.3483495Z Get:18 http://azure.archive.ubuntu.com/ubuntu noble/universe amd64 libshine3 amd64 3.1.1-2build1 [23.2 kB]
2026-10-09T16:56:10.4314449Z Get:19 http://azure.archive.ubuntu.com/ubuntu noble-updates/main amd64 libspeex1 amd64 1.2.1-2ubuntu2.24.04.1 [59.6 kB]
2026-10-09T16:56:10.5154542Z Get:20 http://azure.archive.ubuntu.com/ubuntu noble/universe amd64 libsvtav1enc1d1 amd64 1.7.0+dfsg-2build1 [2425 kB]
2026-10-09T16:56:10.6194171Z Get:21 http://azure.archive.ubuntu.com/ubuntu noble/universe amd64 libsoxr0 amd64 0.1.3-4build3 [80.0 kB]
2026-10-09T16:56:10.7034131Z Get:22 http://azure.archive.ubuntu.com/ubuntu noble/universe amd64 libswresample4 amd64 7:6.1.1-3ubuntu5 [63.8 kB]
2026-10-09T16:56:10.7867642Z Get:23 http://azure.archive.ubuntu.com/ubuntu noble/main amd64 libtheora0 amd64 1.1.1+dfsg.1-16.1build3 [211 kB]
2026-10-09T16:56:10.8709641Z Get:24 http://azure.archive.ubuntu.com/ubuntu noble/main amd64 libtwolame0 amd64 0.4.0-2build3 [52.3 kB]
2026-10-09T16:56:10.9538109Z Get:25 http://azure.archive.ubuntu.com/ubuntu noble/main amd64 libvorbisenc2 amd64 1.3.7-1build3 [80.8 kB]
2026-10-09T16:56:11.0369997Z Get:26 http://azure.archive.ubuntu.com/ubuntu noble-updates/main amd64 libvpx9 amd64 1.14.0-1ubuntu2.3 [1143 kB]
2026-10-09T16:56:11.1286730Z Get:27 http://azure.archive.ubuntu.com/ubuntu noble/universe amd64 libx264-164 amd64 2:0.164.3108+git31e19f9-1 [604 kB]
2026-10-09T16:56:11.2158921Z Get:28 http://azure.archive.ubuntu.com/ubuntu noble/universe amd64 libx265-199 amd64 3.5-2build1 [1226 kB]
2026-10-09T16:56:11.3084298Z Get:29 http://azure.archive.ubuntu.com/ubuntu noble/universe amd64 libxvidcore4 amd64 2:1.3.7-1build1 [219 kB]
2026-10-09T16:56:11.3949793Z Get:30 http://azure.archive.ubuntu.com/ubuntu noble/universe amd64 libzvbi-common all 0.2.42-2 [42.4 kB]
2026-10-09T16:56:11.4779744Z Get:31 http://azure.archive.ubuntu.com/ubuntu noble/universe amd64 libzvbi0t64 amd64 0.2.42-2 [261 kB]
2026-10-09T16:56:11.5636435Z Get:32 http://azure.archive.ubuntu.com/ubuntu noble/universe amd64 libavcodec60 amd64 7:6.1.1-3ubuntu5 [5851 kB]
2026-10-09T16:56:11.7518832Z Get:33 http://azure.archive.ubuntu.com/ubuntu noble/main amd64 libraw1394-11 amd64 2.1.2-2build3 [26.2 kB]
2026-10-09T16:56:11.8343984Z Get:34 http://azure.archive.ubuntu.com/ubuntu noble/main amd64 libavc1394-0 amd64 0.5.4-5build3 [15.4 kB]
2026-10-09T16:56:11.9211839Z Get:35 http://azure.archive.ubuntu.com/ubuntu noble/universe amd64 libunibreak5 amd64 5.1-2build1 [25.0 kB]
2026-10-09T16:56:12.0040000Z Get:36 http://azure.archive.ubuntu.com/ubuntu noble/universe amd64 libass9 amd64 1:0.17.1-2build1 [104 kB]
2026-10-09T16:56:12.1226891Z Get:37 http://azure.archive.ubuntu.com/ubuntu noble/universe amd64 libudfread0 amd64 1.1.2-1build1 [19.0 kB]
2026-10-09T16:56:12.2344544Z Get:38 http://azure.archive.ubuntu.com/ubuntu noble/universe amd64 libbluray2 amd64 1:1.3.4-1build1 [159 kB]
2026-10-09T16:56:12.3542249Z Get:39 http://azure.archive.ubuntu.com/ubuntu noble/universe amd64 libchromaprint1 amd64 1.5.1-5 [30.5 kB]
2026-10-09T16:56:12.4657020Z Get:40 http://azure.archive.ubuntu.com/ubuntu noble/universe amd64 libgme0 amd64 0.6.3-7build1 [134 kB]
2026-10-09T16:56:12.5508536Z Get:41 http://azure.archive.ubuntu.com/ubuntu noble-updates/main amd64 libmpg123-0t64 amd64 1.32.5-1ubuntu1.1 [169 kB]
2026-10-09T16:56:12.6661972Z Get:42 http://azure.archive.ubuntu.com/ubuntu noble/universe amd64 libopenmpt0t64 amd64 0.7.3-1.1build3 [647 kB]
2026-10-09T16:56:12.7699582Z Get:43 http://azure.archive.ubuntu.com/ubuntu noble/universe amd64 libcjson1 amd64 1.7.17-1 [24.8 kB]
2026-10-09T16:56:12.8519968Z Get:44 http://azure.archive.ubuntu.com/ubuntu noble/universe amd64 libmbedcrypto7t64 amd64 2.28.8-1 [209 kB]
2026-10-09T16:56:13.0032288Z Get:45 http://azure.archive.ubuntu.com/ubuntu noble/universe amd64 librist4 amd64 0.2.10+dfsg-2 [74.9 kB]
2026-10-09T16:56:13.1635100Z Get:46 http://azure.archive.ubuntu.com/ubuntu noble/universe amd64 libsrt1.5-gnutls amd64 1.5.3-1build2 [316 kB]
2026-10-09T16:56:13.3182943Z Get:47 http://azure.archive.ubuntu.com/ubuntu noble-updates/main amd64 libssh-gcrypt-4 amd64 0.10.6-2ubuntu0.5 [226 kB]
2026-10-09T16:56:13.4064528Z Get:48 http://azure.archive.ubuntu.com/ubuntu noble/universe amd64 libavformat60 amd64 7:6.1.1-3ubuntu5 [1153 kB]
2026-10-09T16:56:13.5260714Z Get:49 http://azure.archive.ubuntu.com/ubuntu noble/universe amd64 libbs2b0 amd64 3.1.0+dfsg-7build1 [10.6 kB]
2026-10-09T16:56:13.6401031Z Get:50 http://azure.archive.ubuntu.com/ubuntu noble/universe amd64 libflite1 amd64 2.2-6build3 [13.6 MB]
2026-10-09T16:56:14.2283150Z Get:51 http://azure.archive.ubuntu.com/ubuntu noble/universe amd64 libserd-0-0 amd64 0.32.2-1 [43.6 kB]
2026-10-09T16:56:14.3118767Z Get:52 http://azure.archive.ubuntu.com/ubuntu noble/universe amd64 libzix-0-0 amd64 0.4.2-2build1 [23.6 kB]
2026-10-09T16:56:14.3951428Z Get:53 http://azure.archive.ubuntu.com/ubuntu noble/universe amd64 libsord-0-0 amd64 0.16.16-2build1 [15.8 kB]
2026-10-09T16:56:14.4789089Z Get:54 http://azure.archive.ubuntu.com/ubuntu noble/universe amd64 libsratom-0-0 amd64 0.6.16-1build1 [17.3 kB]
2026-10-09T16:56:14.5622611Z Get:55 http://azure.archive.ubuntu.com/ubuntu noble/universe amd64 liblilv-0-0 amd64 0.24.22-1build1 [41.0 kB]
2026-10-09T16:56:14.6453423Z Get:56 http://azure.archive.ubuntu.com/ubuntu noble/universe amd64 libmysofa1 amd64 1.3.2+dfsg-2ubuntu2 [1158 kB]
2026-10-09T16:56:14.7571484Z Get:57 http://azure.archive.ubuntu.com/ubuntu noble/universe amd64 libplacebo338 amd64 6.338.2-2build1 [2654 kB]
2026-10-09T16:56:14.9081682Z Get:58 http://azure.archive.ubuntu.com/ubuntu noble-updates/main amd64 libblas3 amd64 3.12.0-3build1.1 [238 kB]
2026-10-09T16:56:14.9960599Z Get:59 http://azure.archive.ubuntu.com/ubuntu noble-updates/main amd64 liblapack3 amd64 3.12.0-3build1.1 [2646 kB]
2026-10-09T16:56:15.1465201Z Get:60 http://azure.archive.ubuntu.com/ubuntu noble/main amd64 libasyncns0 amd64 0.8-6build4 [11.3 kB]
2026-10-09T16:56:15.2291376Z Get:61 http://azure.archive.ubuntu.com/ubuntu noble/main amd64 libflac12t64 amd64 1.4.3+ds-2.1ubuntu2 [197 kB]
2026-10-09T16:56:15.3158284Z Get:62 http://azure.archive.ubuntu.com/ubuntu noble-updates/main amd64 libsndfile1 amd64 1.2.2-1ubuntu5.24.04.1 [209 kB]
2026-10-09T16:56:15.4024938Z Get:63 http://azure.archive.ubuntu.com/ubuntu noble-updates/main amd64 libpulse0 amd64 1:16.1+dfsg1-2ubuntu10.1 [292 kB]
2026-10-09T16:56:15.4916099Z Get:64 http://azure.archive.ubuntu.com/ubuntu noble/universe amd64 libsphinxbase3t64 amd64 0.8+5prealpha+1-17build2 [126 kB]
2026-10-09T16:56:15.5769457Z Get:65 http://azure.archive.ubuntu.com/ubuntu noble/universe amd64 libpocketsphinx3 amd64 0.8.0+real5prealpha+1-15ubuntu5 [133 kB]
2026-10-09T16:56:15.6627777Z Get:66 http://azure.archive.ubuntu.com/ubuntu noble/universe amd64 libpostproc57 amd64 7:6.1.1-3ubuntu5 [49.9 kB]
2026-10-09T16:56:15.7462121Z Get:67 http://azure.archive.ubuntu.com/ubuntu noble/main amd64 libsamplerate0 amd64 0.2.2-4build1 [1344 kB]
2026-10-09T16:56:15.8628850Z Get:68 http://azure.archive.ubuntu.com/ubuntu noble/universe amd64 librubberband2 amd64 3.3.0+dfsg-2build1 [130 kB]
2026-10-09T16:56:15.9469047Z Get:69 http://azure.archive.ubuntu.com/ubuntu noble/universe amd64 libswscale7 amd64 7:6.1.1-3ubuntu5 [193 kB]
2026-10-09T16:56:16.0300929Z Get:70 http://azure.archive.ubuntu.com/ubuntu noble/universe amd64 libvidstab1.1 amd64 1.1.0-2build1 [38.5 kB]
2026-10-09T16:56:16.1123844Z Get:71 http://azure.archive.ubuntu.com/ubuntu noble/universe amd64 libzimg2 amd64 3.0.5+ds1-1build1 [254 kB]
2026-10-09T16:56:16.1965864Z Get:72 http://azure.archive.ubuntu.com/ubuntu noble/universe amd64 libavfilter9 amd64 7:6.1.1-3ubuntu5 [4235 kB]
2026-10-09T16:56:16.3752553Z Get:73 http://azure.archive.ubuntu.com/ubuntu noble-updates/main amd64 libcaca0 amd64 0.99.beta20-4ubuntu0.2 [209 kB]
2026-10-09T16:56:16.4586003Z Get:74 http://azure.archive.ubuntu.com/ubuntu noble-updates/main amd64 libcdio19t64 amd64 2.1.0-4.1ubuntu1.2 [62.4 kB]
2026-10-09T16:56:16.5417213Z Get:75 http://azure.archive.ubuntu.com/ubuntu noble/main amd64 libcdio-cdda2t64 amd64 10.2+2.0.1-1.1build2 [16.5 kB]
2026-10-09T16:56:16.6247776Z Get:76 http://azure.archive.ubuntu.com/ubuntu noble/main amd64 libcdio-paranoia2t64 amd64 10.2+2.0.1-1.1build2 [16.6 kB]
2026-10-09T16:56:16.7068010Z Get:77 http://azure.archive.ubuntu.com/ubuntu noble/universe amd64 libdc1394-25 amd64 2.2.6-4build1 [90.1 kB]
2026-10-09T16:56:16.7901354Z Get:78 http://azure.archive.ubuntu.com/ubuntu noble/main amd64 libiec61883-0 amd64 1.2.0-6build1 [24.5 kB]
2026-10-09T16:56:16.8721920Z Get:79 http://azure.archive.ubuntu.com/ubuntu noble/main amd64 libjack-jackd2-0 amd64 1.9.21~dfsg-3ubuntu3 [289 kB]
2026-10-09T16:56:16.9615596Z Get:80 http://azure.archive.ubuntu.com/ubuntu noble/universe amd64 libopenal-data all 1:1.23.1-4build1 [161 kB]
2026-10-09T16:56:17.0467905Z Get:81 http://azure.archive.ubuntu.com/ubuntu noble/universe amd64 libsndio7.0 amd64 1.9.0-0.3build3 [29.6 kB]
2026-10-09T16:56:17.1290609Z Get:82 http://azure.archive.ubuntu.com/ubuntu noble/universe amd64 libopenal1 amd64 1:1.23.1-4build1 [540 kB]
2026-10-09T16:56:17.2244400Z Get:83 http://azure.archive.ubuntu.com/ubuntu noble/main amd64 libdecor-0-0 amd64 0.2.2-1build2 [16.5 kB]
2026-10-09T16:56:17.3084463Z Get:84 http://azure.archive.ubuntu.com/ubuntu noble-updates/main amd64 libsdl2-2.0-0 amd64 2.30.0+dfsg-1ubuntu3.1 [686 kB]
2026-10-09T16:56:17.4099840Z Get:85 http://azure.archive.ubuntu.com/ubuntu noble/main amd64 libxcb-shape0 amd64 1.15-1ubuntu2 [6100 B]
2026-10-09T16:56:17.4937008Z Get:86 http://azure.archive.ubuntu.com/ubuntu noble/main amd64 libxv1 amd64 2:1.0.11-1.1build1 [10.7 kB]
2026-10-09T16:56:17.5760982Z Get:87 http://azure.archive.ubuntu.com/ubuntu noble/universe amd64 libavdevice60 amd64 7:6.1.1-3ubuntu5 [82.3 kB]
2026-10-09T16:56:17.6595063Z Get:88 http://azure.archive.ubuntu.com/ubuntu noble/universe amd64 ffmpeg amd64 7:6.1.1-3ubuntu5 [1879 kB]
2026-10-09T16:56:17.7924632Z Get:2 http://azure.archive.ubuntu.com/ubuntu noble-updates/universe amd64 libva2 amd64 2.20.0-2ubuntu0.2 [66.4 kB]
2026-10-09T16:56:18.1068858Z Fetched 62.8 MB in 10s (6428 kB/s)
2026-10-09T16:56:18.1363250Z Selecting previously unselected package libva2:amd64.
2026-10-09T16:56:18.1597838Z (Reading database ... 
2026-10-09T16:56:18.1598274Z (Reading database ... 5%
2026-10-09T16:56:18.1598836Z (Reading database ... 10%
2026-10-09T16:56:18.1599203Z (Reading database ... 15%
2026-10-09T16:56:18.1599526Z (Reading database ... 20%
2026-10-09T16:56:18.1599855Z (Reading database ... 25%
2026-10-09T16:56:18.1600087Z (Reading database ... 30%
2026-10-09T16:56:18.1600310Z (Reading database ... 35%
2026-10-09T16:56:18.1600537Z (Reading database ... 40%
2026-10-09T16:56:18.1600751Z (Reading database ... 45%
2026-10-09T16:56:18.1600963Z (Reading database ... 50%
2026-10-09T16:56:18.1632399Z (Reading database ... 55%
2026-10-09T16:56:18.3065089Z (Reading database ... 60%
2026-10-09T16:56:18.5110380Z (Reading database ... 65%
2026-10-09T16:56:18.6981204Z (Reading database ... 70%
2026-10-09T16:56:18.8604080Z (Reading database ... 75%
2026-10-09T16:56:19.0596130Z (Reading database ... 80%
2026-10-09T16:56:19.3603431Z (Reading database ... 85%
2026-10-09T16:56:19.6895294Z (Reading database ... 90%
2026-10-09T16:56:19.8506715Z (Reading database ... 95%
2026-10-09T16:56:19.8507181Z (Reading database ... 100%
2026-10-09T16:56:19.8507691Z (Reading database ... 203191 files and directories currently installed.)
2026-10-09T16:56:19.8555152Z Preparing to unpack .../00-libva2_2.20.0-2ubuntu0.2_amd64.deb ...
2026-10-09T16:56:19.8640450Z Unpacking libva2:amd64 (2.20.0-2ubuntu0.2) ...
2026-10-09T16:56:19.8861794Z Selecting previously unselected package libva-drm2:amd64.
2026-10-09T16:56:19.8985722Z Preparing to unpack .../01-libva-drm2_2.20.0-2ubuntu0.2_amd64.deb ...
2026-10-09T16:56:19.8992523Z Unpacking libva-drm2:amd64 (2.20.0-2ubuntu0.2) ...
2026-10-09T16:56:19.9178616Z Selecting previously unselected package libva-x11-2:amd64.
2026-10-09T16:56:19.9299992Z Preparing to unpack .../02-libva-x11-2_2.20.0-2ubuntu0.2_amd64.deb ...
2026-10-09T16:56:19.9307516Z Unpacking libva-x11-2:amd64 (2.20.0-2ubuntu0.2) ...
2026-10-09T16:56:20.1895157Z Selecting previously unselected package libvdpau1:amd64.
2026-10-09T16:56:20.2032925Z Preparing to unpack .../03-libvdpau1_1.5-2build1_amd64.deb ...
2026-10-09T16:56:20.2039823Z Unpacking libvdpau1:amd64 (1.5-2build1) ...
2026-10-09T16:56:20.2285331Z Selecting previously unselected package libvpl2.
2026-10-09T16:56:20.2426252Z Preparing to unpack .../04-libvpl2_2023.3.0-1build1_amd64.deb ...
2026-10-09T16:56:20.2432748Z Unpacking libvpl2 (2023.3.0-1build1) ...
2026-10-09T16:56:20.6995048Z Selecting previously unselected package ocl-icd-libopencl1:amd64.
2026-10-09T16:56:20.7134416Z Preparing to unpack .../05-ocl-icd-libopencl1_2.3.2-1build1_amd64.deb ...
2026-10-09T16:56:20.7235433Z Unpacking ocl-icd-libopencl1:amd64 (2.3.2-1build1) ...
2026-10-09T16:56:20.7467543Z Selecting previously unselected package libavutil58:amd64.
2026-10-09T16:56:20.7594725Z Preparing to unpack .../06-libavutil58_7%3a6.1.1-3ubuntu5_amd64.deb ...
2026-10-09T16:56:20.7601072Z Unpacking libavutil58:amd64 (7:6.1.1-3ubuntu5) ...
2026-10-09T16:56:20.8696951Z Selecting previously unselected package libcodec2-1.2:amd64.
2026-10-09T16:56:20.8834508Z Preparing to unpack .../07-libcodec2-1.2_1.2.0-2build1_amd64.deb ...
2026-10-09T16:56:20.8842231Z Unpacking libcodec2-1.2:amd64 (1.2.0-2build1) ...
2026-10-09T16:56:21.0292389Z Selecting previously unselected package libdav1d7:amd64.
2026-10-09T16:56:21.0426834Z Preparing to unpack .../08-libdav1d7_1.4.1-1build1_amd64.deb ...
2026-10-09T16:56:21.0433079Z Unpacking libdav1d7:amd64 (1.4.1-1build1) ...
2026-10-09T16:56:21.0753396Z Selecting previously unselected package libgsm1:amd64.
2026-10-09T16:56:21.0886927Z Preparing to unpack .../09-libgsm1_1.0.22-1build1_amd64.deb ...
2026-10-09T16:56:21.0894826Z Unpacking libgsm1:amd64 (1.0.22-1build1) ...
2026-10-09T16:56:21.1097275Z Selecting previously unselected package libhwy1t64:amd64.
2026-10-09T16:56:21.1225121Z Preparing to unpack .../10-libhwy1t64_1.0.7-8.1build1_amd64.deb ...
2026-10-09T16:56:21.1231192Z Unpacking libhwy1t64:amd64 (1.0.7-8.1build1) ...
2026-10-09T16:56:21.1668075Z Selecting previously unselected package libjxl0.7:amd64.
2026-10-09T16:56:21.1801585Z Preparing to unpack .../11-libjxl0.7_0.7.0-10.2ubuntu6.1_amd64.deb ...
2026-10-09T16:56:21.1808079Z Unpacking libjxl0.7:amd64 (0.7.0-10.2ubuntu6.1) ...
2026-10-09T16:56:21.2273406Z Selecting previously unselected package libmp3lame0:amd64.
2026-10-09T16:56:21.2405301Z Preparing to unpack .../12-libmp3lame0_3.100-6build1_amd64.deb ...
2026-10-09T16:56:21.2411788Z Unpacking libmp3lame0:amd64 (3.100-6build1) ...
2026-10-09T16:56:21.2624770Z Selecting previously unselected package libopus0:amd64.
2026-10-09T16:56:21.2755288Z Preparing to unpack .../13-libopus0_1.4-1build1_amd64.deb ...
2026-10-09T16:56:21.2763272Z Unpacking libopus0:amd64 (1.4-1build1) ...
2026-10-09T16:56:21.2985738Z Selecting previously unselected package librav1e0:amd64.
2026-10-09T16:56:21.3116260Z Preparing to unpack .../14-librav1e0_0.7.1-2_amd64.deb ...
2026-10-09T16:56:21.3144275Z Unpacking librav1e0:amd64 (0.7.1-2) ...
2026-10-09T16:56:21.3583857Z Selecting previously unselected package librsvg2-2:amd64.
2026-10-09T16:56:21.3716334Z Preparing to unpack .../15-librsvg2-2_2.58.0+dfsg-1ubuntu0.1_amd64.deb ...
2026-10-09T16:56:21.3726113Z Unpacking librsvg2-2:amd64 (2.58.0+dfsg-1ubuntu0.1) ...
2026-10-09T16:56:21.4474413Z Selecting previously unselected package libshine3:amd64.
2026-10-09T16:56:21.4605490Z Preparing to unpack .../16-libshine3_3.1.1-2build1_amd64.deb ...
2026-10-09T16:56:21.4612708Z Unpacking libshine3:amd64 (3.1.1-2build1) ...
2026-10-09T16:56:21.4809926Z Selecting previously unselected package libspeex1:amd64.
2026-10-09T16:56:21.4937415Z Preparing to unpack .../17-libspeex1_1.2.1-2ubuntu2.24.04.1_amd64.deb ...
2026-10-09T16:56:21.4943788Z Unpacking libspeex1:amd64 (1.2.1-2ubuntu2.24.04.1) ...
2026-10-09T16:56:21.5137247Z Selecting previously unselected package libsvtav1enc1d1:amd64.
2026-10-09T16:56:21.5265407Z Preparing to unpack .../18-libsvtav1enc1d1_1.7.0+dfsg-2build1_amd64.deb ...
2026-10-09T16:56:21.5271782Z Unpacking libsvtav1enc1d1:amd64 (1.7.0+dfsg-2build1) ...
2026-10-09T16:56:21.6009935Z Selecting previously unselected package libsoxr0:amd64.
2026-10-09T16:56:21.6141549Z Preparing to unpack .../19-libsoxr0_0.1.3-4build3_amd64.deb ...
2026-10-09T16:56:21.6148213Z Unpacking libsoxr0:amd64 (0.1.3-4build3) ...
2026-10-09T16:56:21.6351676Z Selecting previously unselected package libswresample4:amd64.
2026-10-09T16:56:21.6483478Z Preparing to unpack .../20-libswresample4_7%3a6.1.1-3ubuntu5_amd64.deb ...
2026-10-09T16:56:21.6489752Z Unpacking libswresample4:amd64 (7:6.1.1-3ubuntu5) ...
2026-10-09T16:56:21.6710422Z Selecting previously unselected package libtheora0:amd64.
2026-10-09T16:56:21.6846369Z Preparing to unpack .../21-libtheora0_1.1.1+dfsg.1-16.1build3_amd64.deb ...
2026-10-09T16:56:21.6854944Z Unpacking libtheora0:amd64 (1.1.1+dfsg.1-16.1build3) ...
2026-10-09T16:56:21.7115354Z Selecting previously unselected package libtwolame0:amd64.
2026-10-09T16:56:21.7248420Z Preparing to unpack .../22-libtwolame0_0.4.0-2build3_amd64.deb ...
2026-10-09T16:56:21.7255106Z Unpacking libtwolame0:amd64 (0.4.0-2build3) ...
2026-10-09T16:56:21.7456262Z Selecting previously unselected package libvorbisenc2:amd64.
2026-10-09T16:56:21.7585335Z Preparing to unpack .../23-libvorbisenc2_1.3.7-1build3_amd64.deb ...
2026-10-09T16:56:21.7592553Z Unpacking libvorbisenc2:amd64 (1.3.7-1build3) ...
2026-10-09T16:56:21.7831357Z Selecting previously unselected package libvpx9:amd64.
2026-10-09T16:56:21.7961818Z Preparing to unpack .../24-libvpx9_1.14.0-1ubuntu2.3_amd64.deb ...
2026-10-09T16:56:21.7968067Z Unpacking libvpx9:amd64 (1.14.0-1ubuntu2.3) ...
2026-10-09T16:56:21.8425535Z Selecting previously unselected package libx264-164:amd64.
2026-10-09T16:56:21.8556041Z Preparing to unpack .../25-libx264-164_2%3a0.164.3108+git31e19f9-1_amd64.deb ...
2026-10-09T16:56:21.8563291Z Unpacking libx264-164:amd64 (2:0.164.3108+git31e19f9-1) ...
2026-10-09T16:56:21.8888591Z Selecting previously unselected package libx265-199:amd64.
2026-10-09T16:56:21.9020984Z Preparing to unpack .../26-libx265-199_3.5-2build1_amd64.deb ...
2026-10-09T16:56:21.9027033Z Unpacking libx265-199:amd64 (3.5-2build1) ...
2026-10-09T16:56:22.0347042Z Selecting previously unselected package libxvidcore4:amd64.
2026-10-09T16:56:22.0478675Z Preparing to unpack .../27-libxvidcore4_2%3a1.3.7-1build1_amd64.deb ...
2026-10-09T16:56:22.0485982Z Unpacking libxvidcore4:amd64 (2:1.3.7-1build1) ...
2026-10-09T16:56:22.0770108Z Selecting previously unselected package libzvbi-common.
2026-10-09T16:56:22.0905078Z Preparing to unpack .../28-libzvbi-common_0.2.42-2_all.deb ...
2026-10-09T16:56:22.0911676Z Unpacking libzvbi-common (0.2.42-2) ...
2026-10-09T16:56:22.1174211Z Selecting previously unselected package libzvbi0t64:amd64.
2026-10-09T16:56:22.1308976Z Preparing to unpack .../29-libzvbi0t64_0.2.42-2_amd64.deb ...
2026-10-09T16:56:22.1316316Z Unpacking libzvbi0t64:amd64 (0.2.42-2) ...
2026-10-09T16:56:22.1571967Z Selecting previously unselected package libavcodec60:amd64.
2026-10-09T16:56:22.1703031Z Preparing to unpack .../30-libavcodec60_7%3a6.1.1-3ubuntu5_amd64.deb ...
2026-10-09T16:56:22.1711979Z Unpacking libavcodec60:amd64 (7:6.1.1-3ubuntu5) ...
2026-10-09T16:56:22.3233127Z Selecting previously unselected package libraw1394-11:amd64.
2026-10-09T16:56:22.3365802Z Preparing to unpack .../31-libraw1394-11_2.1.2-2build3_amd64.deb ...
2026-10-09T16:56:22.3372071Z Unpacking libraw1394-11:amd64 (2.1.2-2build3) ...
2026-10-09T16:56:22.3564399Z Selecting previously unselected package libavc1394-0:amd64.
2026-10-09T16:56:22.3692284Z Preparing to unpack .../32-libavc1394-0_0.5.4-5build3_amd64.deb ...
2026-10-09T16:56:22.3700051Z Unpacking libavc1394-0:amd64 (0.5.4-5build3) ...
2026-10-09T16:56:22.3894527Z Selecting previously unselected package libunibreak5:amd64.
2026-10-09T16:56:22.4018553Z Preparing to unpack .../33-libunibreak5_5.1-2build1_amd64.deb ...
2026-10-09T16:56:22.4025002Z Unpacking libunibreak5:amd64 (5.1-2build1) ...
2026-10-09T16:56:22.4215925Z Selecting previously unselected package libass9:amd64.
2026-10-09T16:56:22.4338141Z Preparing to unpack .../34-libass9_1%3a0.17.1-2build1_amd64.deb ...
2026-10-09T16:56:22.4345447Z Unpacking libass9:amd64 (1:0.17.1-2build1) ...
2026-10-09T16:56:22.4537476Z Selecting previously unselected package libudfread0:amd64.
2026-10-09T16:56:22.4661947Z Preparing to unpack .../35-libudfread0_1.1.2-1build1_amd64.deb ...
2026-10-09T16:56:22.4667944Z Unpacking libudfread0:amd64 (1.1.2-1build1) ...
2026-10-09T16:56:22.4859562Z Selecting previously unselected package libbluray2:amd64.
2026-10-09T16:56:22.4981686Z Preparing to unpack .../36-libbluray2_1%3a1.3.4-1build1_amd64.deb ...
2026-10-09T16:56:22.4988395Z Unpacking libbluray2:amd64 (1:1.3.4-1build1) ...
2026-10-09T16:56:22.5200826Z Selecting previously unselected package libchromaprint1:amd64.
2026-10-09T16:56:22.5324471Z Preparing to unpack .../37-libchromaprint1_1.5.1-5_amd64.deb ...
2026-10-09T16:56:22.5331157Z Unpacking libchromaprint1:amd64 (1.5.1-5) ...
2026-10-09T16:56:22.5520498Z Selecting previously unselected package libgme0:amd64.
2026-10-09T16:56:22.5646464Z Preparing to unpack .../38-libgme0_0.6.3-7build1_amd64.deb ...
2026-10-09T16:56:22.5652565Z Unpacking libgme0:amd64 (0.6.3-7build1) ...
2026-10-09T16:56:22.5861254Z Selecting previously unselected package libmpg123-0t64:amd64.
2026-10-09T16:56:22.5986793Z Preparing to unpack .../39-libmpg123-0t64_1.32.5-1ubuntu1.1_amd64.deb ...
2026-10-09T16:56:22.5993215Z Unpacking libmpg123-0t64:amd64 (1.32.5-1ubuntu1.1) ...
2026-10-09T16:56:22.6285894Z Selecting previously unselected package libopenmpt0t64:amd64.
2026-10-09T16:56:22.6420662Z Preparing to unpack .../40-libopenmpt0t64_0.7.3-1.1build3_amd64.deb ...
2026-10-09T16:56:22.6429392Z Unpacking libopenmpt0t64:amd64 (0.7.3-1.1build3) ...
2026-10-09T16:56:22.6752910Z Selecting previously unselected package libcjson1:amd64.
2026-10-09T16:56:22.6883699Z Preparing to unpack .../41-libcjson1_1.7.17-1_amd64.deb ...
2026-10-09T16:56:22.6890473Z Unpacking libcjson1:amd64 (1.7.17-1) ...
2026-10-09T16:56:22.7127825Z Selecting previously unselected package libmbedcrypto7t64:amd64.
2026-10-09T16:56:22.7260850Z Preparing to unpack .../42-libmbedcrypto7t64_2.28.8-1_amd64.deb ...
2026-10-09T16:56:22.7268358Z Unpacking libmbedcrypto7t64:amd64 (2.28.8-1) ...
2026-10-09T16:56:22.7491729Z Selecting previously unselected package librist4:amd64.
2026-10-09T16:56:22.7621266Z Preparing to unpack .../43-librist4_0.2.10+dfsg-2_amd64.deb ...
2026-10-09T16:56:22.7628996Z Unpacking librist4:amd64 (0.2.10+dfsg-2) ...
2026-10-09T16:56:22.7837442Z Selecting previously unselected package libsrt1.5-gnutls:amd64.
2026-10-09T16:56:22.7970182Z Preparing to unpack .../44-libsrt1.5-gnutls_1.5.3-1build2_amd64.deb ...
2026-10-09T16:56:22.7977248Z Unpacking libsrt1.5-gnutls:amd64 (1.5.3-1build2) ...
2026-10-09T16:56:22.8257506Z Selecting previously unselected package libssh-gcrypt-4:amd64.
2026-10-09T16:56:22.8388785Z Preparing to unpack .../45-libssh-gcrypt-4_0.10.6-2ubuntu0.5_amd64.deb ...
2026-10-09T16:56:22.8394773Z Unpacking libssh-gcrypt-4:amd64 (0.10.6-2ubuntu0.5) ...
2026-10-09T16:56:22.8627244Z Selecting previously unselected package libavformat60:amd64.
2026-10-09T16:56:22.8759934Z Preparing to unpack .../46-libavformat60_7%3a6.1.1-3ubuntu5_amd64.deb ...
2026-10-09T16:56:22.8766317Z Unpacking libavformat60:amd64 (7:6.1.1-3ubuntu5) ...
2026-10-09T16:56:22.9189159Z Selecting previously unselected package libbs2b0:amd64.
2026-10-09T16:56:22.9323568Z Preparing to unpack .../47-libbs2b0_3.1.0+dfsg-7build1_amd64.deb ...
2026-10-09T16:56:22.9330421Z Unpacking libbs2b0:amd64 (3.1.0+dfsg-7build1) ...
2026-10-09T16:56:22.9585870Z Selecting previously unselected package libflite1:amd64.
2026-10-09T16:56:22.9719163Z Preparing to unpack .../48-libflite1_2.2-6build3_amd64.deb ...
2026-10-09T16:56:22.9726807Z Unpacking libflite1:amd64 (2.2-6build3) ...
2026-10-09T16:56:23.1232115Z Selecting previously unselected package libserd-0-0:amd64.
2026-10-09T16:56:23.1363613Z Preparing to unpack .../49-libserd-0-0_0.32.2-1_amd64.deb ...
2026-10-09T16:56:23.1370716Z Unpacking libserd-0-0:amd64 (0.32.2-1) ...
2026-10-09T16:56:23.1572134Z Selecting previously unselected package libzix-0-0:amd64.
2026-10-09T16:56:23.1707473Z Preparing to unpack .../50-libzix-0-0_0.4.2-2build1_amd64.deb ...
2026-10-09T16:56:23.1724226Z Unpacking libzix-0-0:amd64 (0.4.2-2build1) ...
2026-10-09T16:56:23.1927494Z Selecting previously unselected package libsord-0-0:amd64.
2026-10-09T16:56:23.2056998Z Preparing to unpack .../51-libsord-0-0_0.16.16-2build1_amd64.deb ...
2026-10-09T16:56:23.2063625Z Unpacking libsord-0-0:amd64 (0.16.16-2build1) ...
2026-10-09T16:56:23.2261232Z Selecting previously unselected package libsratom-0-0:amd64.
2026-10-09T16:56:23.2393576Z Preparing to unpack .../52-libsratom-0-0_0.6.16-1build1_amd64.deb ...
2026-10-09T16:56:23.2400157Z Unpacking libsratom-0-0:amd64 (0.6.16-1build1) ...
2026-10-09T16:56:23.2602206Z Selecting previously unselected package liblilv-0-0:amd64.
2026-10-09T16:56:23.2737112Z Preparing to unpack .../53-liblilv-0-0_0.24.22-1build1_amd64.deb ...
2026-10-09T16:56:23.2744227Z Unpacking liblilv-0-0:amd64 (0.24.22-1build1) ...
2026-10-09T16:56:23.2963401Z Selecting previously unselected package libmysofa1:amd64.
2026-10-09T16:56:23.3095869Z Preparing to unpack .../54-libmysofa1_1.3.2+dfsg-2ubuntu2_amd64.deb ...
2026-10-09T16:56:23.3101911Z Unpacking libmysofa1:amd64 (1.3.2+dfsg-2ubuntu2) ...
2026-10-09T16:56:23.3596077Z Selecting previously unselected package libplacebo338:amd64.
2026-10-09T16:56:23.3729114Z Preparing to unpack .../55-libplacebo338_6.338.2-2build1_amd64.deb ...
2026-10-09T16:56:23.3737093Z Unpacking libplacebo338:amd64 (6.338.2-2build1) ...
2026-10-09T16:56:23.4576251Z Selecting previously unselected package libblas3:amd64.
2026-10-09T16:56:23.4709407Z Preparing to unpack .../56-libblas3_3.12.0-3build1.1_amd64.deb ...
2026-10-09T16:56:23.4747772Z Unpacking libblas3:amd64 (3.12.0-3build1.1) ...
2026-10-09T16:56:23.4990320Z Selecting previously unselected package liblapack3:amd64.
2026-10-09T16:56:23.5120185Z Preparing to unpack .../57-liblapack3_3.12.0-3build1.1_amd64.deb ...
2026-10-09T16:56:23.5149145Z Unpacking liblapack3:amd64 (3.12.0-3build1.1) ...
2026-10-09T16:56:23.5912267Z Selecting previously unselected package libasyncns0:amd64.
2026-10-09T16:56:23.6044134Z Preparing to unpack .../58-libasyncns0_0.8-6build4_amd64.deb ...
2026-10-09T16:56:23.6050458Z Unpacking libasyncns0:amd64 (0.8-6build4) ...
2026-10-09T16:56:23.6241913Z Selecting previously unselected package libflac12t64:amd64.
2026-10-09T16:56:23.6371002Z Preparing to unpack .../59-libflac12t64_1.4.3+ds-2.1ubuntu2_amd64.deb ...
2026-10-09T16:56:23.6377664Z Unpacking libflac12t64:amd64 (1.4.3+ds-2.1ubuntu2) ...
2026-10-09T16:56:23.6605764Z Selecting previously unselected package libsndfile1:amd64.
2026-10-09T16:56:23.6738516Z Preparing to unpack .../60-libsndfile1_1.2.2-1ubuntu5.24.04.1_amd64.deb ...
2026-10-09T16:56:23.6746063Z Unpacking libsndfile1:amd64 (1.2.2-1ubuntu5.24.04.1) ...
2026-10-09T16:56:23.6986853Z Selecting previously unselected package libpulse0:amd64.
2026-10-09T16:56:23.7120080Z Preparing to unpack .../61-libpulse0_1%3a16.1+dfsg1-2ubuntu10.1_amd64.deb ...
2026-10-09T16:56:23.7187062Z Unpacking libpulse0:amd64 (1:16.1+dfsg1-2ubuntu10.1) ...
2026-10-09T16:56:23.7430942Z Selecting previously unselected package libsphinxbase3t64:amd64.
2026-10-09T16:56:23.7564356Z Preparing to unpack .../62-libsphinxbase3t64_0.8+5prealpha+1-17build2_amd64.deb ...
2026-10-09T16:56:23.7571748Z Unpacking libsphinxbase3t64:amd64 (0.8+5prealpha+1-17build2) ...
2026-10-09T16:56:23.7786738Z Selecting previously unselected package libpocketsphinx3:amd64.
2026-10-09T16:56:23.7914645Z Preparing to unpack .../63-libpocketsphinx3_0.8.0+real5prealpha+1-15ubuntu5_amd64.deb ...
2026-10-09T16:56:23.7921441Z Unpacking libpocketsphinx3:amd64 (0.8.0+real5prealpha+1-15ubuntu5) ...
2026-10-09T16:56:23.8126892Z Selecting previously unselected package libpostproc57:amd64.
2026-10-09T16:56:23.8255476Z Preparing to unpack .../64-libpostproc57_7%3a6.1.1-3ubuntu5_amd64.deb ...
2026-10-09T16:56:23.8262214Z Unpacking libpostproc57:amd64 (7:6.1.1-3ubuntu5) ...
2026-10-09T16:56:23.8466409Z Selecting previously unselected package libsamplerate0:amd64.
2026-10-09T16:56:23.8595646Z Preparing to unpack .../65-libsamplerate0_0.2.2-4build1_amd64.deb ...
2026-10-09T16:56:23.8602918Z Unpacking libsamplerate0:amd64 (0.2.2-4build1) ...
2026-10-09T16:56:23.8906340Z Selecting previously unselected package librubberband2:amd64.
2026-10-09T16:56:23.9039293Z Preparing to unpack .../66-librubberband2_3.3.0+dfsg-2build1_amd64.deb ...
2026-10-09T16:56:23.9046146Z Unpacking librubberband2:amd64 (3.3.0+dfsg-2build1) ...
2026-10-09T16:56:23.9267607Z Selecting previously unselected package libswscale7:amd64.
2026-10-09T16:56:23.9398407Z Preparing to unpack .../67-libswscale7_7%3a6.1.1-3ubuntu5_amd64.deb ...
2026-10-09T16:56:23.9405510Z Unpacking libswscale7:amd64 (7:6.1.1-3ubuntu5) ...
2026-10-09T16:56:23.9633832Z Selecting previously unselected package libvidstab1.1:amd64.
2026-10-09T16:56:23.9765898Z Preparing to unpack .../68-libvidstab1.1_1.1.0-2build1_amd64.deb ...
2026-10-09T16:56:23.9772498Z Unpacking libvidstab1.1:amd64 (1.1.0-2build1) ...
2026-10-09T16:56:23.9967213Z Selecting previously unselected package libzimg2:amd64.
2026-10-09T16:56:24.0095006Z Preparing to unpack .../69-libzimg2_3.0.5+ds1-1build1_amd64.deb ...
2026-10-09T16:56:24.0102069Z Unpacking libzimg2:amd64 (3.0.5+ds1-1build1) ...
2026-10-09T16:56:24.0345155Z Selecting previously unselected package libavfilter9:amd64.
2026-10-09T16:56:24.0474681Z Preparing to unpack .../70-libavfilter9_7%3a6.1.1-3ubuntu5_amd64.deb ...
2026-10-09T16:56:24.0481548Z Unpacking libavfilter9:amd64 (7:6.1.1-3ubuntu5) ...
2026-10-09T16:56:24.1757278Z Selecting previously unselected package libcaca0:amd64.
2026-10-09T16:56:24.1895781Z Preparing to unpack .../71-libcaca0_0.99.beta20-4ubuntu0.2_amd64.deb ...
2026-10-09T16:56:24.1903356Z Unpacking libcaca0:amd64 (0.99.beta20-4ubuntu0.2) ...
2026-10-09T16:56:24.2191298Z Selecting previously unselected package libcdio19t64:amd64.
2026-10-09T16:56:24.2327144Z Preparing to unpack .../72-libcdio19t64_2.1.0-4.1ubuntu1.2_amd64.deb ...
2026-10-09T16:56:24.2335684Z Unpacking libcdio19t64:amd64 (2.1.0-4.1ubuntu1.2) ...
2026-10-09T16:56:24.2551502Z Selecting previously unselected package libcdio-cdda2t64:amd64.
2026-10-09T16:56:24.2687254Z Preparing to unpack .../73-libcdio-cdda2t64_10.2+2.0.1-1.1build2_amd64.deb ...
2026-10-09T16:56:24.2698887Z Unpacking libcdio-cdda2t64:amd64 (10.2+2.0.1-1.1build2) ...
2026-10-09T16:56:24.2918527Z Selecting previously unselected package libcdio-paranoia2t64:amd64.
2026-10-09T16:56:24.3055256Z Preparing to unpack .../74-libcdio-paranoia2t64_10.2+2.0.1-1.1build2_amd64.deb ...
2026-10-09T16:56:24.3063456Z Unpacking libcdio-paranoia2t64:amd64 (10.2+2.0.1-1.1build2) ...
2026-10-09T16:56:24.3271773Z Selecting previously unselected package libdc1394-25:amd64.
2026-10-09T16:56:24.3405472Z Preparing to unpack .../75-libdc1394-25_2.2.6-4build1_amd64.deb ...
2026-10-09T16:56:24.3413700Z Unpacking libdc1394-25:amd64 (2.2.6-4build1) ...
2026-10-09T16:56:24.3637973Z Selecting previously unselected package libiec61883-0:amd64.
2026-10-09T16:56:24.3774829Z Preparing to unpack .../76-libiec61883-0_1.2.0-6build1_amd64.deb ...
2026-10-09T16:56:24.3782718Z Unpacking libiec61883-0:amd64 (1.2.0-6build1) ...
2026-10-09T16:56:24.4007679Z Selecting previously unselected package libjack-jackd2-0:amd64.
2026-10-09T16:56:24.4140571Z Preparing to unpack .../77-libjack-jackd2-0_1.9.21~dfsg-3ubuntu3_amd64.deb ...
2026-10-09T16:56:24.4352338Z Unpacking libjack-jackd2-0:amd64 (1.9.21~dfsg-3ubuntu3) ...
2026-10-09T16:56:24.4619857Z Selecting previously unselected package libopenal-data.
2026-10-09T16:56:24.4753587Z Preparing to unpack .../78-libopenal-data_1%3a1.23.1-4build1_all.deb ...
2026-10-09T16:56:24.4764584Z Unpacking libopenal-data (1:1.23.1-4build1) ...
2026-10-09T16:56:24.5002624Z Selecting previously unselected package libsndio7.0:amd64.
2026-10-09T16:56:24.5136688Z Preparing to unpack .../79-libsndio7.0_1.9.0-0.3build3_amd64.deb ...
2026-10-09T16:56:24.5143745Z Unpacking libsndio7.0:amd64 (1.9.0-0.3build3) ...
2026-10-09T16:56:24.5357524Z Selecting previously unselected package libopenal1:amd64.
2026-10-09T16:56:24.5498904Z Preparing to unpack .../80-libopenal1_1%3a1.23.1-4build1_amd64.deb ...
2026-10-09T16:56:24.5507412Z Unpacking libopenal1:amd64 (1:1.23.1-4build1) ...
2026-10-09T16:56:24.5830526Z Selecting previously unselected package libdecor-0-0:amd64.
2026-10-09T16:56:24.5961924Z Preparing to unpack .../81-libdecor-0-0_0.2.2-1build2_amd64.deb ...
2026-10-09T16:56:24.5968668Z Unpacking libdecor-0-0:amd64 (0.2.2-1build2) ...
2026-10-09T16:56:24.6289572Z Selecting previously unselected package libsdl2-2.0-0:amd64.
2026-10-09T16:56:24.6419255Z Preparing to unpack .../82-libsdl2-2.0-0_2.30.0+dfsg-1ubuntu3.1_amd64.deb ...
2026-10-09T16:56:24.6426034Z Unpacking libsdl2-2.0-0:amd64 (2.30.0+dfsg-1ubuntu3.1) ...
2026-10-09T16:56:24.7204138Z Selecting previously unselected package libxcb-shape0:amd64.
2026-10-09T16:56:24.7337549Z Preparing to unpack .../83-libxcb-shape0_1.15-1ubuntu2_amd64.deb ...
2026-10-09T16:56:24.7343957Z Unpacking libxcb-shape0:amd64 (1.15-1ubuntu2) ...
2026-10-09T16:56:24.7539793Z Selecting previously unselected package libxv1:amd64.
2026-10-09T16:56:24.7673817Z Preparing to unpack .../84-libxv1_2%3a1.0.11-1.1build1_amd64.deb ...
2026-10-09T16:56:24.7679744Z Unpacking libxv1:amd64 (2:1.0.11-1.1build1) ...
2026-10-09T16:56:24.7902604Z Selecting previously unselected package libavdevice60:amd64.
2026-10-09T16:56:24.8034945Z Preparing to unpack .../85-libavdevice60_7%3a6.1.1-3ubuntu5_amd64.deb ...
2026-10-09T16:56:24.8041496Z Unpacking libavdevice60:amd64 (7:6.1.1-3ubuntu5) ...
2026-10-09T16:56:24.8239556Z Selecting previously unselected package ffmpeg.
2026-10-09T16:56:24.8368800Z Preparing to unpack .../86-ffmpeg_7%3a6.1.1-3ubuntu5_amd64.deb ...
2026-10-09T16:56:24.8374803Z Unpacking ffmpeg (7:6.1.1-3ubuntu5) ...
2026-10-09T16:56:24.9032288Z Setting up libgme0:amd64 (0.6.3-7build1) ...
2026-10-09T16:56:24.9052333Z Setting up libchromaprint1:amd64 (1.5.1-5) ...
2026-10-09T16:56:24.9070108Z Setting up libssh-gcrypt-4:amd64 (0.10.6-2ubuntu0.5) ...
2026-10-09T16:56:24.9085421Z Setting up libhwy1t64:amd64 (1.0.7-8.1build1) ...
2026-10-09T16:56:24.9103803Z Setting up libudfread0:amd64 (1.1.2-1build1) ...
2026-10-09T16:56:24.9118696Z Setting up libraw1394-11:amd64 (2.1.2-2build3) ...
2026-10-09T16:56:24.9138067Z Setting up libspeex1:amd64 (1.2.1-2ubuntu2.24.04.1) ...
2026-10-09T16:56:24.9152733Z Setting up libshine3:amd64 (3.1.1-2build1) ...
2026-10-09T16:56:24.9167757Z Setting up libcaca0:amd64 (0.99.beta20-4ubuntu0.2) ...
2026-10-09T16:56:24.9183067Z Setting up libvpl2 (2023.3.0-1build1) ...
2026-10-09T16:56:24.9200899Z Setting up libx264-164:amd64 (2:0.164.3108+git31e19f9-1) ...
2026-10-09T16:56:24.9216612Z Setting up libtwolame0:amd64 (0.4.0-2build3) ...
2026-10-09T16:56:24.9233596Z Setting up libmbedcrypto7t64:amd64 (2.28.8-1) ...
2026-10-09T16:56:24.9249879Z Setting up libgsm1:amd64 (1.0.22-1build1) ...
2026-10-09T16:56:24.9264707Z Setting up libsoxr0:amd64 (0.1.3-4build3) ...
2026-10-09T16:56:24.9281276Z Setting up libzix-0-0:amd64 (0.4.2-2build1) ...
2026-10-09T16:56:24.9295969Z Setting up libcodec2-1.2:amd64 (1.2.0-2build1) ...
2026-10-09T16:56:24.9313958Z Setting up libmysofa1:amd64 (1.3.2+dfsg-2ubuntu2) ...
2026-10-09T16:56:24.9329198Z Setting up libxcb-shape0:amd64 (1.15-1ubuntu2) ...
2026-10-09T16:56:24.9344432Z Setting up libcdio19t64:amd64 (2.1.0-4.1ubuntu1.2) ...
2026-10-09T16:56:24.9363582Z Setting up libsvtav1enc1d1:amd64 (1.7.0+dfsg-2build1) ...
2026-10-09T16:56:24.9534931Z Setting up libmpg123-0t64:amd64 (1.32.5-1ubuntu1.1) ...
2026-10-09T16:56:24.9553361Z Setting up libcjson1:amd64 (1.7.17-1) ...
2026-10-09T16:56:24.9571164Z Setting up libxvidcore4:amd64 (2:1.3.7-1build1) ...
2026-10-09T16:56:24.9586935Z Setting up librav1e0:amd64 (0.7.1-2) ...
2026-10-09T16:56:24.9694173Z Setting up libcdio-cdda2t64:amd64 (10.2+2.0.1-1.1build2) ...
2026-10-09T16:56:24.9756771Z Setting up librist4:amd64 (0.2.10+dfsg-2) ...
2026-10-09T16:56:24.9774894Z Setting up librsvg2-2:amd64 (2.58.0+dfsg-1ubuntu0.1) ...
2026-10-09T16:56:24.9797169Z Setting up libblas3:amd64 (3.12.0-3build1.1) ...
2026-10-09T16:56:24.9861316Z update-alternatives: using /usr/lib/x86_64-linux-gnu/blas/libblas.so.3 to provide /usr/lib/x86_64-linux-gnu/libblas.so.3 (libblas.so.3-x86_64-linux-gnu) in auto mode
2026-10-09T16:56:24.9876098Z Setting up libplacebo338:amd64 (6.338.2-2build1) ...
2026-10-09T16:56:24.9894097Z Setting up libva2:amd64 (2.20.0-2ubuntu0.2) ...
2026-10-09T16:56:24.9909406Z Setting up libopus0:amd64 (1.4-1build1) ...
2026-10-09T16:56:24.9927576Z Setting up libcdio-paranoia2t64:amd64 (10.2+2.0.1-1.1build2) ...
2026-10-09T16:56:24.9942421Z Setting up libdc1394-25:amd64 (2.2.6-4build1) ...
2026-10-09T16:56:24.9957234Z Setting up libxv1:amd64 (2:1.0.11-1.1build1) ...
2026-10-09T16:56:24.9973631Z Setting up libunibreak5:amd64 (5.1-2build1) ...
2026-10-09T16:56:24.9989106Z Setting up libjxl0.7:amd64 (0.7.0-10.2ubuntu6.1) ...
2026-10-09T16:56:25.0004987Z Setting up libx265-199:amd64 (3.5-2build1) ...
2026-10-09T16:56:25.0020528Z Setting up libsndio7.0:amd64 (1.9.0-0.3build3) ...
2026-10-09T16:56:25.0035664Z Setting up libvidstab1.1:amd64 (1.1.0-2build1) ...
2026-10-09T16:56:25.0051887Z Setting up libvpx9:amd64 (1.14.0-1ubuntu2.3) ...
2026-10-09T16:56:25.0067106Z Setting up libsrt1.5-gnutls:amd64 (1.5.3-1build2) ...
2026-10-09T16:56:25.0083327Z Setting up libflite1:amd64 (2.2-6build3) ...
2026-10-09T16:56:25.0098304Z Setting up libdav1d7:amd64 (1.4.1-1build1) ...
2026-10-09T16:56:25.0113586Z Setting up libva-drm2:amd64 (2.20.0-2ubuntu0.2) ...
2026-10-09T16:56:25.0130593Z Setting up ocl-icd-libopencl1:amd64 (2.3.2-1build1) ...
2026-10-09T16:56:25.0145821Z Setting up libasyncns0:amd64 (0.8-6build4) ...
2026-10-09T16:56:25.0162332Z Setting up libvdpau1:amd64 (1.5-2build1) ...
2026-10-09T16:56:25.0186067Z Setting up libbs2b0:amd64 (3.1.0+dfsg-7build1) ...
2026-10-09T16:56:25.0203198Z Setting up libtheora0:amd64 (1.1.1+dfsg.1-16.1build3) ...
2026-10-09T16:56:25.0219710Z Setting up libdecor-0-0:amd64 (0.2.2-1build2) ...
2026-10-09T16:56:25.0234864Z Setting up libzimg2:amd64 (3.0.5+ds1-1build1) ...
2026-10-09T16:56:25.0253720Z Setting up libopenal-data (1:1.23.1-4build1) ...
2026-10-09T16:56:25.0274884Z Setting up libflac12t64:amd64 (1.4.3+ds-2.1ubuntu2) ...
2026-10-09T16:56:25.0291109Z Setting up libbluray2:amd64 (1:1.3.4-1build1) ...
2026-10-09T16:56:25.0307186Z Setting up libsamplerate0:amd64 (0.2.2-4build1) ...
2026-10-09T16:56:25.0321905Z Setting up libva-x11-2:amd64 (2.20.0-2ubuntu0.2) ...
2026-10-09T16:56:25.0340870Z Setting up libopenmpt0t64:amd64 (0.7.3-1.1build3) ...
2026-10-09T16:56:25.0357006Z Setting up libzvbi-common (0.2.42-2) ...
2026-10-09T16:56:25.0374153Z Setting up libmp3lame0:amd64 (3.100-6build1) ...
2026-10-09T16:56:25.0391006Z Setting up libvorbisenc2:amd64 (1.3.7-1build3) ...
2026-10-09T16:56:25.0408124Z Setting up libiec61883-0:amd64 (1.2.0-6build1) ...
2026-10-09T16:56:25.0424651Z Setting up libserd-0-0:amd64 (0.32.2-1) ...
2026-10-09T16:56:25.0439693Z Setting up libavc1394-0:amd64 (0.5.4-5build3) ...
2026-10-09T16:56:25.0458396Z Setting up liblapack3:amd64 (3.12.0-3build1.1) ...
2026-10-09T16:56:25.0521328Z update-alternatives: using /usr/lib/x86_64-linux-gnu/lapack/liblapack.so.3 to provide /usr/lib/x86_64-linux-gnu/liblapack.so.3 (liblapack.so.3-x86_64-linux-gnu) in auto mode
2026-10-09T16:56:25.0573136Z Setting up libzvbi0t64:amd64 (0.2.42-2) ...
2026-10-09T16:56:25.0590954Z Setting up libavutil58:amd64 (7:6.1.1-3ubuntu5) ...
2026-10-09T16:56:25.0607642Z Setting up libopenal1:amd64 (1:1.23.1-4build1) ...
2026-10-09T16:56:25.0625471Z Setting up libass9:amd64 (1:0.17.1-2build1) ...
2026-10-09T16:56:25.0662063Z Setting up libswresample4:amd64 (7:6.1.1-3ubuntu5) ...
2026-10-09T16:56:25.0766616Z Setting up libavcodec60:amd64 (7:6.1.1-3ubuntu5) ...
2026-10-09T16:56:25.0793287Z Setting up librubberband2:amd64 (3.3.0+dfsg-2build1) ...
2026-10-09T16:56:25.0816757Z Setting up libjack-jackd2-0:amd64 (1.9.21~dfsg-3ubuntu3) ...
2026-10-09T16:56:25.0838408Z Setting up libsord-0-0:amd64 (0.16.16-2build1) ...
2026-10-09T16:56:25.0856269Z Setting up libpostproc57:amd64 (7:6.1.1-3ubuntu5) ...
2026-10-09T16:56:25.0872742Z Setting up libsratom-0-0:amd64 (0.6.16-1build1) ...
2026-10-09T16:56:25.0891390Z Setting up libsndfile1:amd64 (1.2.2-1ubuntu5.24.04.1) ...
2026-10-09T16:56:25.0909259Z Setting up liblilv-0-0:amd64 (0.24.22-1build1) ...
2026-10-09T16:56:25.0927229Z Setting up libswscale7:amd64 (7:6.1.1-3ubuntu5) ...
2026-10-09T16:56:25.0944162Z Setting up libpulse0:amd64 (1:16.1+dfsg1-2ubuntu10.1) ...
2026-10-09T16:56:25.1016099Z Setting up libavformat60:amd64 (7:6.1.1-3ubuntu5) ...
2026-10-09T16:56:25.1038292Z Setting up libsphinxbase3t64:amd64 (0.8+5prealpha+1-17build2) ...
2026-10-09T16:56:25.1055017Z Setting up libsdl2-2.0-0:amd64 (2.30.0+dfsg-1ubuntu3.1) ...
2026-10-09T16:56:25.1635875Z Setting up libpocketsphinx3:amd64 (0.8.0+real5prealpha+1-15ubuntu5) ...
2026-10-09T16:56:25.1830830Z Setting up libavfilter9:amd64 (7:6.1.1-3ubuntu5) ...
2026-10-09T16:56:25.2270762Z Setting up libavdevice60:amd64 (7:6.1.1-3ubuntu5) ...
2026-10-09T16:56:25.2972945Z Setting up ffmpeg (7:6.1.1-3ubuntu5) ...
2026-10-09T16:56:25.3943980Z Processing triggers for man-db (2.12.0-4build2) ...
2026-10-09T16:56:25.4007204Z Not building database; man-db/auto-update is not 'true'.
2026-10-09T16:56:25.4178520Z Processing triggers for libc-bin (2.39-0ubuntu8.9) ...
2026-10-09T16:56:26.3943014Z 
2026-10-09T16:56:26.3943977Z Running kernel seems to be up-to-date.
2026-10-09T16:56:26.3944288Z 
2026-10-09T16:56:26.3944407Z No services need to be restarted.
2026-10-09T16:56:26.3944600Z 
2026-10-09T16:56:26.3944709Z No containers need to be restarted.
2026-10-09T16:56:26.3944873Z 
2026-10-09T16:56:26.3945000Z No user sessions are running outdated binaries.
2026-10-09T16:56:26.3945198Z 
2026-10-09T16:56:26.3945424Z No VM guests are running outdated hypervisor (qemu) binaries on this host.
2026-10-09T16:56:27.7902066Z ##[group]Run sudo apt-get update
2026-10-09T16:56:27.7902396Z [36;1msudo apt-get update[0m
2026-10-09T16:56:27.7902708Z [36;1msudo apt-get install -y postgresql-client-16[0m
2026-10-09T16:56:27.7903368Z [36;1mecho "/usr/lib/postgresql/16/bin" >> "$GITHUB_PATH"[0m
2026-10-09T16:56:27.7974084Z shell: /usr/bin/bash -e {0}
2026-10-09T16:56:27.7974344Z env:
2026-10-09T16:56:27.7974555Z   MOCK_PROVIDER: true
2026-10-09T16:56:27.7974793Z   MOCK_STREAM_DELAY_MS: 0
2026-10-09T16:56:27.7975026Z   ENABLE_CLOUD: false
2026-10-09T16:56:27.7975268Z   CREDENTIAL_VAULT_BACKEND: memory
2026-10-09T16:56:27.7975553Z   CREDENTIAL_VAULT_ALLOW_MEMORY_FALLBACK: true
2026-10-09T16:56:27.7975847Z   PYTHONDONTWRITEBYTECODE: 1
2026-10-09T16:56:27.7976084Z   HF_HUB_OFFLINE: 1
2026-10-09T16:56:27.7976305Z   TRANSFORMERS_OFFLINE: 1
2026-10-09T16:56:27.7976590Z   pythonLocation: /opt/hostedtoolcache/Python/3.12.9/x64
2026-10-09T16:56:27.7977049Z   PKG_CONFIG_PATH: /opt/hostedtoolcache/Python/3.12.9/x64/lib/pkgconfig
2026-10-09T16:56:27.7977427Z   Python_ROOT_DIR: /opt/hostedtoolcache/Python/3.12.9/x64
2026-10-09T16:56:27.7977773Z   Python2_ROOT_DIR: /opt/hostedtoolcache/Python/3.12.9/x64
2026-10-09T16:56:27.7978123Z   Python3_ROOT_DIR: /opt/hostedtoolcache/Python/3.12.9/x64
2026-10-09T16:56:27.7978466Z   LD_LIBRARY_PATH: /opt/hostedtoolcache/Python/3.12.9/x64/lib
2026-10-09T16:56:27.7978828Z   CI_COVERAGE_SHA: c386b0608ae92d18c351b5cb6e367380808a45cf
2026-10-09T16:56:27.7979199Z   CI_COVERAGE_TREE: 2ec6365e1f1f183f029c9f0a94d040d134e22b47
2026-10-09T16:56:27.7979612Z   CI_SANDBOX: /home/runner/work/_temp/novel-ci-backend-postgres-shard-1.aRA7Uq
2026-10-09T16:56:27.7980105Z   CI_PROJECT: /home/runner/work/_temp/novel-ci-backend-postgres-shard-1.aRA7Uq/project
2026-10-09T16:56:27.7980624Z   CI_RECEIPTS: /home/runner/work/_temp/novel-ci-backend-postgres-shard-1.aRA7Uq/receipts
2026-10-09T16:56:27.7981198Z   HOME: /home/runner/work/_temp/novel-ci-backend-postgres-shard-1.aRA7Uq/project/.runtime/ci-backend/home
2026-10-09T16:56:27.7981882Z   USERPROFILE: /home/runner/work/_temp/novel-ci-backend-postgres-shard-1.aRA7Uq/project/.runtime/ci-backend/home
2026-10-09T16:56:27.7982561Z   APPDATA: /home/runner/work/_temp/novel-ci-backend-postgres-shard-1.aRA7Uq/project/.runtime/ci-backend/appdata
2026-10-09T16:56:27.7983501Z   LOCALAPPDATA: /home/runner/work/_temp/novel-ci-backend-postgres-shard-1.aRA7Uq/project/.runtime/ci-backend/localappdata
2026-10-09T16:56:27.7984206Z   XDG_CONFIG_HOME: /home/runner/work/_temp/novel-ci-backend-postgres-shard-1.aRA7Uq/project/.runtime/ci-backend/config
2026-10-09T16:56:27.7984891Z   XDG_CACHE_HOME: /home/runner/work/_temp/novel-ci-backend-postgres-shard-1.aRA7Uq/project/.runtime/ci-backend/cache
2026-10-09T16:56:27.7985545Z   XDG_DATA_HOME: /home/runner/work/_temp/novel-ci-backend-postgres-shard-1.aRA7Uq/project/.runtime/ci-backend/data
2026-10-09T16:56:27.7986192Z   XDG_STATE_HOME: /home/runner/work/_temp/novel-ci-backend-postgres-shard-1.aRA7Uq/project/.runtime/ci-backend/state
2026-10-09T16:56:27.7986859Z   TMPDIR: /home/runner/work/_temp/novel-ci-backend-postgres-shard-1.aRA7Uq/project/.runtime/ci-backend/tmp
2026-10-09T16:56:27.7987476Z   TMP: /home/runner/work/_temp/novel-ci-backend-postgres-shard-1.aRA7Uq/project/.runtime/ci-backend/tmp
2026-10-09T16:56:27.7988316Z   TEMP: /home/runner/work/_temp/novel-ci-backend-postgres-shard-1.aRA7Uq/project/.runtime/ci-backend/tmp
2026-10-09T16:56:27.7988874Z   PROJECT_ROOT: /home/runner/work/_temp/novel-ci-backend-postgres-shard-1.aRA7Uq/project
2026-10-09T16:56:27.7989484Z   NOVEL_DATA_PATH: /home/runner/work/_temp/novel-ci-backend-postgres-shard-1.aRA7Uq/project/.runtime/ci-backend/data/novels
2026-10-09T16:56:27.7990181Z   BACKUP_PATH: /home/runner/work/_temp/novel-ci-backend-postgres-shard-1.aRA7Uq/project/.runtime/ci-backend/data/backups
2026-10-09T16:56:27.7990936Z   DATABASE_BACKUP_PATH: /home/runner/work/_temp/novel-ci-backend-postgres-shard-1.aRA7Uq/project/.runtime/ci-backend/data/database-backups
2026-10-09T16:56:27.7991882Z   KNOWLEDGE_SOURCE_PATH: /home/runner/work/_temp/novel-ci-backend-postgres-shard-1.aRA7Uq/project/.runtime/ci-backend/data/novels
2026-10-09T16:56:27.7992580Z   CI_V2_RUNTIME: /home/runner/work/_temp/novel-ci-backend-postgres-shard-1.aRA7Uq/project/.runtime/ci-backend
2026-10-09T16:56:27.7993281Z ##[endgroup]
2026-10-09T16:56:27.8814497Z Get:1 file:/etc/apt/apt-mirrors.txt Mirrorlist [144 B]
2026-10-09T16:56:27.9101924Z Hit:2 http://azure.archive.ubuntu.com/ubuntu noble InRelease
2026-10-09T16:56:27.9107607Z Hit:3 http://azure.archive.ubuntu.com/ubuntu noble-updates InRelease
2026-10-09T16:56:27.9117758Z Hit:4 http://azure.archive.ubuntu.com/ubuntu noble-backports InRelease
2026-10-09T16:56:27.9124892Z Hit:6 https://packages.microsoft.com/ubuntu/24.04/prod noble InRelease
2026-10-09T16:56:27.9130839Z Hit:5 http://azure.archive.ubuntu.com/ubuntu noble-security InRelease
2026-10-09T16:56:29.1385349Z Reading package lists...
2026-10-09T16:56:29.1694195Z Reading package lists...
2026-10-09T16:56:29.4080365Z Building dependency tree...
2026-10-09T16:56:29.4089690Z Reading state information...
2026-10-09T16:56:29.6506557Z postgresql-client-16 is already the newest version (16.15-1.pgdg24.04+2).
2026-10-09T16:56:29.6507318Z postgresql-client-16 set to manually installed.
2026-10-09T16:56:29.6507893Z 0 upgraded, 0 newly installed, 0 to remove and 23 not upgraded.
2026-10-09T16:56:29.6580623Z ##[group]Run python - <<'PY'
2026-10-09T16:56:29.6580933Z [36;1mpython - <<'PY'[0m
2026-10-09T16:56:29.6581156Z [36;1mimport os[0m
2026-10-09T16:56:29.6581376Z [36;1mfrom pathlib import Path[0m
2026-10-09T16:56:29.6581632Z [36;1mimport psycopg[0m
2026-10-09T16:56:29.6582004Z [36;1mwith psycopg.connect(os.environ['DATABASE_URL'], autocommit=True) as connection:[0m
2026-10-09T16:56:29.6582498Z [36;1m    assert connection.execute('SELECT 1').fetchone() == (1,)[0m
2026-10-09T16:56:29.6583187Z [36;1m    for migration in sorted(Path('database/migrations').glob('*.sql')):[0m
2026-10-09T16:56:29.6583663Z [36;1m        connection.execute(migration.read_text(encoding='utf-8'))[0m
2026-10-09T16:56:29.6584062Z [36;1m        print('Applied', migration.name)[0m
2026-10-09T16:56:29.6584359Z [36;1mPY[0m
2026-10-09T16:56:29.6655133Z shell: /usr/bin/bash -e {0}
2026-10-09T16:56:29.6655408Z env:
2026-10-09T16:56:29.6655603Z   MOCK_PROVIDER: true
2026-10-09T16:56:29.6655886Z   MOCK_STREAM_DELAY_MS: 0
2026-10-09T16:56:29.6656119Z   ENABLE_CLOUD: false
2026-10-09T16:56:29.6656347Z   CREDENTIAL_VAULT_BACKEND: memory
2026-10-09T16:56:29.6656623Z   CREDENTIAL_VAULT_ALLOW_MEMORY_FALLBACK: true
2026-10-09T16:56:29.6656920Z   PYTHONDONTWRITEBYTECODE: 1
2026-10-09T16:56:29.6657153Z   HF_HUB_OFFLINE: 1
2026-10-09T16:56:29.6657358Z   TRANSFORMERS_OFFLINE: 1
2026-10-09T16:56:29.6657634Z   pythonLocation: /opt/hostedtoolcache/Python/3.12.9/x64
2026-10-09T16:56:29.6658035Z   PKG_CONFIG_PATH: /opt/hostedtoolcache/Python/3.12.9/x64/lib/pkgconfig
2026-10-09T16:56:29.6658415Z   Python_ROOT_DIR: /opt/hostedtoolcache/Python/3.12.9/x64
2026-10-09T16:56:29.6658761Z   Python2_ROOT_DIR: /opt/hostedtoolcache/Python/3.12.9/x64
2026-10-09T16:56:29.6659099Z   Python3_ROOT_DIR: /opt/hostedtoolcache/Python/3.12.9/x64
2026-10-09T16:56:29.6659461Z   LD_LIBRARY_PATH: /opt/hostedtoolcache/Python/3.12.9/x64/lib
2026-10-09T16:56:29.6660042Z   CI_COVERAGE_SHA: c386b0608ae92d18c351b5cb6e367380808a45cf
2026-10-09T16:56:29.6660416Z   CI_COVERAGE_TREE: 2ec6365e1f1f183f029c9f0a94d040d134e22b47
2026-10-09T16:56:29.6660853Z   CI_SANDBOX: /home/runner/work/_temp/novel-ci-backend-postgres-shard-1.aRA7Uq
2026-10-09T16:56:29.6661395Z   CI_PROJECT: /home/runner/work/_temp/novel-ci-backend-postgres-shard-1.aRA7Uq/project
2026-10-09T16:56:29.6661930Z   CI_RECEIPTS: /home/runner/work/_temp/novel-ci-backend-postgres-shard-1.aRA7Uq/receipts
2026-10-09T16:56:29.6662526Z   HOME: /home/runner/work/_temp/novel-ci-backend-postgres-shard-1.aRA7Uq/project/.runtime/ci-backend/home
2026-10-09T16:56:29.6663373Z   USERPROFILE: /home/runner/work/_temp/novel-ci-backend-postgres-shard-1.aRA7Uq/project/.runtime/ci-backend/home
2026-10-09T16:56:29.6664065Z   APPDATA: /home/runner/work/_temp/novel-ci-backend-postgres-shard-1.aRA7Uq/project/.runtime/ci-backend/appdata
2026-10-09T16:56:29.6664785Z   LOCALAPPDATA: /home/runner/work/_temp/novel-ci-backend-postgres-shard-1.aRA7Uq/project/.runtime/ci-backend/localappdata
2026-10-09T16:56:29.6665544Z   XDG_CONFIG_HOME: /home/runner/work/_temp/novel-ci-backend-postgres-shard-1.aRA7Uq/project/.runtime/ci-backend/config
2026-10-09T16:56:29.6666263Z   XDG_CACHE_HOME: /home/runner/work/_temp/novel-ci-backend-postgres-shard-1.aRA7Uq/project/.runtime/ci-backend/cache
2026-10-09T16:56:29.6666956Z   XDG_DATA_HOME: /home/runner/work/_temp/novel-ci-backend-postgres-shard-1.aRA7Uq/project/.runtime/ci-backend/data
2026-10-09T16:56:29.6667643Z   XDG_STATE_HOME: /home/runner/work/_temp/novel-ci-backend-postgres-shard-1.aRA7Uq/project/.runtime/ci-backend/state
2026-10-09T16:56:29.6668318Z   TMPDIR: /home/runner/work/_temp/novel-ci-backend-postgres-shard-1.aRA7Uq/project/.runtime/ci-backend/tmp
2026-10-09T16:56:29.6668964Z   TMP: /home/runner/work/_temp/novel-ci-backend-postgres-shard-1.aRA7Uq/project/.runtime/ci-backend/tmp
2026-10-09T16:56:29.6669596Z   TEMP: /home/runner/work/_temp/novel-ci-backend-postgres-shard-1.aRA7Uq/project/.runtime/ci-backend/tmp
2026-10-09T16:56:29.6670367Z   PROJECT_ROOT: /home/runner/work/_temp/novel-ci-backend-postgres-shard-1.aRA7Uq/project
2026-10-09T16:56:29.6671020Z   NOVEL_DATA_PATH: /home/runner/work/_temp/novel-ci-backend-postgres-shard-1.aRA7Uq/project/.runtime/ci-backend/data/novels
2026-10-09T16:56:29.6671762Z   BACKUP_PATH: /home/runner/work/_temp/novel-ci-backend-postgres-shard-1.aRA7Uq/project/.runtime/ci-backend/data/backups
2026-10-09T16:56:29.6672555Z   DATABASE_BACKUP_PATH: /home/runner/work/_temp/novel-ci-backend-postgres-shard-1.aRA7Uq/project/.runtime/ci-backend/data/database-backups
2026-10-09T16:56:29.6673586Z   KNOWLEDGE_SOURCE_PATH: /home/runner/work/_temp/novel-ci-backend-postgres-shard-1.aRA7Uq/project/.runtime/ci-backend/data/novels
2026-10-09T16:56:29.6674317Z   CI_V2_RUNTIME: /home/runner/work/_temp/novel-ci-backend-postgres-shard-1.aRA7Uq/project/.runtime/ci-backend
2026-10-09T16:56:29.6675313Z   DATABASE_URL: ***127.0.0.1:5432/novel_ci
2026-10-09T16:56:29.6675601Z ##[endgroup]
2026-10-09T16:56:30.6641120Z Applied 001_initial.sql
2026-10-09T16:56:30.6641507Z Applied 002_runtime_jobs.sql
2026-10-09T16:56:30.6641783Z Applied 003_document_versions.sql
2026-10-09T16:56:30.6642086Z Applied 004_lore_foundation.sql
2026-10-09T16:56:30.6642353Z Applied 005_lore_memory.sql
2026-10-09T16:56:30.6642637Z Applied 006_context_intelligence.sql
2026-10-09T16:56:30.6643194Z Applied 007_continuity_foundations.sql
2026-10-09T16:56:30.6643502Z Applied 008_narrative_state.sql
2026-10-09T16:56:30.6643742Z Applied 009_narrative_findings.sql
2026-10-09T16:56:30.6644014Z Applied 010_narrative_progress.sql
2026-10-09T16:56:30.6644308Z Applied 011_narrative_change_proposals.sql
2026-10-09T16:56:30.6644627Z Applied 012_collaboration_scope_foundation.sql
2026-10-09T16:56:30.6644966Z Applied 013_branch_revision_optimistic_concurrency.sql
2026-10-09T16:56:30.6645291Z Applied 014_scope_authorization_foundation.sql
2026-10-09T16:56:30.6645580Z Applied 015_collaboration_runtime_foundation.sql
2026-10-09T16:56:30.6646220Z Applied 016_generation_snapshot_ownership.sql
2026-10-09T16:56:30.6646503Z Applied 017_chapter_archive_state.sql
2026-10-09T16:56:30.6646754Z Applied 018_context_privacy.sql
2026-10-09T16:56:30.6647029Z Applied 019_experimental_scope_documents.sql
2026-10-09T16:56:30.6647301Z Applied 020_stable_chapter_identity.sql
2026-10-09T16:56:30.6983537Z ##[group]Run python scripts/prepare_pdf_font.py --output "$CI_SANDBOX/fonts" > "$CI_RECEIPTS/font-manifest.json"
2026-10-09T16:56:30.6984302Z [36;1mpython scripts/prepare_pdf_font.py --output "$CI_SANDBOX/fonts" > "$CI_RECEIPTS/font-manifest.json"[0m
2026-10-09T16:56:30.6984893Z [36;1mecho "R2_TEST_FONT_FILE=$CI_SANDBOX/fonts/NotoSansSC-Regular.ttf" >> "$GITHUB_ENV"[0m
2026-10-09T16:56:30.7053279Z shell: /usr/bin/bash -e {0}
2026-10-09T16:56:30.7053555Z env:
2026-10-09T16:56:30.7053769Z   MOCK_PROVIDER: true
2026-10-09T16:56:30.7054011Z   MOCK_STREAM_DELAY_MS: 0
2026-10-09T16:56:30.7054249Z   ENABLE_CLOUD: false
2026-10-09T16:56:30.7054487Z   CREDENTIAL_VAULT_BACKEND: memory
2026-10-09T16:56:30.7054765Z   CREDENTIAL_VAULT_ALLOW_MEMORY_FALLBACK: true
2026-10-09T16:56:30.7055057Z   PYTHONDONTWRITEBYTECODE: 1
2026-10-09T16:56:30.7055292Z   HF_HUB_OFFLINE: 1
2026-10-09T16:56:30.7055515Z   TRANSFORMERS_OFFLINE: 1
2026-10-09T16:56:30.7055876Z   pythonLocation: /opt/hostedtoolcache/Python/3.12.9/x64
2026-10-09T16:56:30.7056292Z   PKG_CONFIG_PATH: /opt/hostedtoolcache/Python/3.12.9/x64/lib/pkgconfig
2026-10-09T16:56:30.7056676Z   Python_ROOT_DIR: /opt/hostedtoolcache/Python/3.12.9/x64
2026-10-09T16:56:30.7057014Z   Python2_ROOT_DIR: /opt/hostedtoolcache/Python/3.12.9/x64
2026-10-09T16:56:30.7057348Z   Python3_ROOT_DIR: /opt/hostedtoolcache/Python/3.12.9/x64
2026-10-09T16:56:30.7057688Z   LD_LIBRARY_PATH: /opt/hostedtoolcache/Python/3.12.9/x64/lib
2026-10-09T16:56:30.7058028Z   CI_COVERAGE_SHA: c386b0608ae92d18c351b5cb6e367380808a45cf
2026-10-09T16:56:30.7058364Z   CI_COVERAGE_TREE: 2ec6365e1f1f183f029c9f0a94d040d134e22b47
2026-10-09T16:56:30.7058786Z   CI_SANDBOX: /home/runner/work/_temp/novel-ci-backend-postgres-shard-1.aRA7Uq
2026-10-09T16:56:30.7059277Z   CI_PROJECT: /home/runner/work/_temp/novel-ci-backend-postgres-shard-1.aRA7Uq/project
2026-10-09T16:56:30.7059801Z   CI_RECEIPTS: /home/runner/work/_temp/novel-ci-backend-postgres-shard-1.aRA7Uq/receipts
2026-10-09T16:56:30.7060386Z   HOME: /home/runner/work/_temp/novel-ci-backend-postgres-shard-1.aRA7Uq/project/.runtime/ci-backend/home
2026-10-09T16:56:30.7061044Z   USERPROFILE: /home/runner/work/_temp/novel-ci-backend-postgres-shard-1.aRA7Uq/project/.runtime/ci-backend/home
2026-10-09T16:56:30.7061719Z   APPDATA: /home/runner/work/_temp/novel-ci-backend-postgres-shard-1.aRA7Uq/project/.runtime/ci-backend/appdata
2026-10-09T16:56:30.7062445Z   LOCALAPPDATA: /home/runner/work/_temp/novel-ci-backend-postgres-shard-1.aRA7Uq/project/.runtime/ci-backend/localappdata
2026-10-09T16:56:30.7063297Z   XDG_CONFIG_HOME: /home/runner/work/_temp/novel-ci-backend-postgres-shard-1.aRA7Uq/project/.runtime/ci-backend/config
2026-10-09T16:56:30.7064053Z   XDG_CACHE_HOME: /home/runner/work/_temp/novel-ci-backend-postgres-shard-1.aRA7Uq/project/.runtime/ci-backend/cache
2026-10-09T16:56:30.7064743Z   XDG_DATA_HOME: /home/runner/work/_temp/novel-ci-backend-postgres-shard-1.aRA7Uq/project/.runtime/ci-backend/data
2026-10-09T16:56:30.7065414Z   XDG_STATE_HOME: /home/runner/work/_temp/novel-ci-backend-postgres-shard-1.aRA7Uq/project/.runtime/ci-backend/state
2026-10-09T16:56:30.7066080Z   TMPDIR: /home/runner/work/_temp/novel-ci-backend-postgres-shard-1.aRA7Uq/project/.runtime/ci-backend/tmp
2026-10-09T16:56:30.7066713Z   TMP: /home/runner/work/_temp/novel-ci-backend-postgres-shard-1.aRA7Uq/project/.runtime/ci-backend/tmp
2026-10-09T16:56:30.7067353Z   TEMP: /home/runner/work/_temp/novel-ci-backend-postgres-shard-1.aRA7Uq/project/.runtime/ci-backend/tmp
2026-10-09T16:56:30.7067944Z   PROJECT_ROOT: /home/runner/work/_temp/novel-ci-backend-postgres-shard-1.aRA7Uq/project
2026-10-09T16:56:30.7068599Z   NOVEL_DATA_PATH: /home/runner/work/_temp/novel-ci-backend-postgres-shard-1.aRA7Uq/project/.runtime/ci-backend/data/novels
2026-10-09T16:56:30.7069558Z   BACKUP_PATH: /home/runner/work/_temp/novel-ci-backend-postgres-shard-1.aRA7Uq/project/.runtime/ci-backend/data/backups
2026-10-09T16:56:30.7070529Z   DATABASE_BACKUP_PATH: /home/runner/work/_temp/novel-ci-backend-postgres-shard-1.aRA7Uq/project/.runtime/ci-backend/data/database-backups
2026-10-09T16:56:30.7071372Z   KNOWLEDGE_SOURCE_PATH: /home/runner/work/_temp/novel-ci-backend-postgres-shard-1.aRA7Uq/project/.runtime/ci-backend/data/novels
2026-10-09T16:56:30.7072096Z   CI_V2_RUNTIME: /home/runner/work/_temp/novel-ci-backend-postgres-shard-1.aRA7Uq/project/.runtime/ci-backend
2026-10-09T16:56:30.7072555Z ##[endgroup]
2026-10-09T16:56:49.2360512Z ##[group]Run python -m pytest -p no:cacheprovider --basetemp="$CI_SANDBOX/coverage-selftest" -q \
2026-10-09T16:56:49.2361220Z [36;1mpython -m pytest -p no:cacheprovider --basetemp="$CI_SANDBOX/coverage-selftest" -q \[0m
2026-10-09T16:56:49.2361793Z [36;1m  .github/ci/test_suite_coverage.py .github/ci/test_coverage_reconcile.py \[0m
2026-10-09T16:56:49.2362335Z [36;1m  .github/ci/test_v2_manifest_extension.py .github/ci/test_v2_check_runner.py \[0m
2026-10-09T16:56:49.2363017Z [36;1m  .github/ci/test_v2_browser_job.py \[0m
2026-10-09T16:56:49.2363389Z [36;1m  --junitxml="$CI_RECEIPTS/coverage-harness.xml"[0m
2026-10-09T16:56:49.2435687Z shell: /usr/bin/bash -e {0}
2026-10-09T16:56:49.2435989Z env:
2026-10-09T16:56:49.2436209Z   MOCK_PROVIDER: true
2026-10-09T16:56:49.2436444Z   MOCK_STREAM_DELAY_MS: 0
2026-10-09T16:56:49.2436677Z   ENABLE_CLOUD: false
2026-10-09T16:56:49.2436912Z   CREDENTIAL_VAULT_BACKEND: memory
2026-10-09T16:56:49.2437292Z   CREDENTIAL_VAULT_ALLOW_MEMORY_FALLBACK: true
2026-10-09T16:56:49.2437599Z   PYTHONDONTWRITEBYTECODE: 1
2026-10-09T16:56:49.2437856Z   HF_HUB_OFFLINE: 1
2026-10-09T16:56:49.2438096Z   TRANSFORMERS_OFFLINE: 1
2026-10-09T16:56:49.2438421Z   pythonLocation: /opt/hostedtoolcache/Python/3.12.9/x64
2026-10-09T16:56:49.2438878Z   PKG_CONFIG_PATH: /opt/hostedtoolcache/Python/3.12.9/x64/lib/pkgconfig
2026-10-09T16:56:49.2439300Z   Python_ROOT_DIR: /opt/hostedtoolcache/Python/3.12.9/x64
2026-10-09T16:56:49.2439701Z   Python2_ROOT_DIR: /opt/hostedtoolcache/Python/3.12.9/x64
2026-10-09T16:56:49.2440084Z   Python3_ROOT_DIR: /opt/hostedtoolcache/Python/3.12.9/x64
2026-10-09T16:56:49.2440483Z   LD_LIBRARY_PATH: /opt/hostedtoolcache/Python/3.12.9/x64/lib
2026-10-09T16:56:49.2440885Z   CI_COVERAGE_SHA: c386b0608ae92d18c351b5cb6e367380808a45cf
2026-10-09T16:56:49.2441266Z   CI_COVERAGE_TREE: 2ec6365e1f1f183f029c9f0a94d040d134e22b47
2026-10-09T16:56:49.2441695Z   CI_SANDBOX: /home/runner/work/_temp/novel-ci-backend-postgres-shard-1.aRA7Uq
2026-10-09T16:56:49.2442217Z   CI_PROJECT: /home/runner/work/_temp/novel-ci-backend-postgres-shard-1.aRA7Uq/project
2026-10-09T16:56:49.2442962Z   CI_RECEIPTS: /home/runner/work/_temp/novel-ci-backend-postgres-shard-1.aRA7Uq/receipts
2026-10-09T16:56:49.2443599Z   HOME: /home/runner/work/_temp/novel-ci-backend-postgres-shard-1.aRA7Uq/project/.runtime/ci-backend/home
2026-10-09T16:56:49.2444291Z   USERPROFILE: /home/runner/work/_temp/novel-ci-backend-postgres-shard-1.aRA7Uq/project/.runtime/ci-backend/home
2026-10-09T16:56:49.2444994Z   APPDATA: /home/runner/work/_temp/novel-ci-backend-postgres-shard-1.aRA7Uq/project/.runtime/ci-backend/appdata
2026-10-09T16:56:49.2445758Z   LOCALAPPDATA: /home/runner/work/_temp/novel-ci-backend-postgres-shard-1.aRA7Uq/project/.runtime/ci-backend/localappdata
2026-10-09T16:56:49.2446505Z   XDG_CONFIG_HOME: /home/runner/work/_temp/novel-ci-backend-postgres-shard-1.aRA7Uq/project/.runtime/ci-backend/config
2026-10-09T16:56:49.2447294Z   XDG_CACHE_HOME: /home/runner/work/_temp/novel-ci-backend-postgres-shard-1.aRA7Uq/project/.runtime/ci-backend/cache
2026-10-09T16:56:49.2448017Z   XDG_DATA_HOME: /home/runner/work/_temp/novel-ci-backend-postgres-shard-1.aRA7Uq/project/.runtime/ci-backend/data
2026-10-09T16:56:49.2448730Z   XDG_STATE_HOME: /home/runner/work/_temp/novel-ci-backend-postgres-shard-1.aRA7Uq/project/.runtime/ci-backend/state
2026-10-09T16:56:49.2449708Z   TMPDIR: /home/runner/work/_temp/novel-ci-backend-postgres-shard-1.aRA7Uq/project/.runtime/ci-backend/tmp
2026-10-09T16:56:49.2450369Z   TMP: /home/runner/work/_temp/novel-ci-backend-postgres-shard-1.aRA7Uq/project/.runtime/ci-backend/tmp
2026-10-09T16:56:49.2451015Z   TEMP: /home/runner/work/_temp/novel-ci-backend-postgres-shard-1.aRA7Uq/project/.runtime/ci-backend/tmp
2026-10-09T16:56:49.2451621Z   PROJECT_ROOT: /home/runner/work/_temp/novel-ci-backend-postgres-shard-1.aRA7Uq/project
2026-10-09T16:56:49.2452284Z   NOVEL_DATA_PATH: /home/runner/work/_temp/novel-ci-backend-postgres-shard-1.aRA7Uq/project/.runtime/ci-backend/data/novels
2026-10-09T16:56:49.2453477Z   BACKUP_PATH: /home/runner/work/_temp/novel-ci-backend-postgres-shard-1.aRA7Uq/project/.runtime/ci-backend/data/backups
2026-10-09T16:56:49.2454307Z   DATABASE_BACKUP_PATH: /home/runner/work/_temp/novel-ci-backend-postgres-shard-1.aRA7Uq/project/.runtime/ci-backend/data/database-backups
2026-10-09T16:56:49.2455152Z   KNOWLEDGE_SOURCE_PATH: /home/runner/work/_temp/novel-ci-backend-postgres-shard-1.aRA7Uq/project/.runtime/ci-backend/data/novels
2026-10-09T16:56:49.2455898Z   CI_V2_RUNTIME: /home/runner/work/_temp/novel-ci-backend-postgres-shard-1.aRA7Uq/project/.runtime/ci-backend
2026-10-09T16:56:49.2456620Z   R2_TEST_FONT_FILE: /home/runner/work/_temp/novel-ci-backend-postgres-shard-1.aRA7Uq/fonts/NotoSansSC-Regular.ttf
2026-10-09T16:56:49.2457124Z ##[endgroup]
2026-10-09T16:57:00.9959054Z ........................................................................ [ 41%]
2026-10-09T16:57:01.2952082Z ........................................................................ [ 82%]
2026-10-09T16:57:03.6720343Z ..............................                                           [100%]
2026-10-09T16:57:03.6721510Z - generated xml file: /home/runner/work/_temp/novel-ci-backend-postgres-shard-1.aRA7Uq/receipts/coverage-harness.xml -
2026-10-09T16:57:03.6722274Z 174 passed in 13.46s
2026-10-09T16:57:03.7182476Z ##[group]Run set -o pipefail
2026-10-09T16:57:03.7183000Z [36;1mset -o pipefail[0m
2026-10-09T16:57:03.7183666Z [36;1mPYTHONPATH="$CI_PROJECT/.github/ci:$CI_PROJECT" python -m pytest -p postgres_gate -p suite_coverage -p no:cacheprovider --basetemp="$CI_V2_RUNTIME/pytest" -q -ra --tb=short \[0m
2026-10-09T16:57:03.7184467Z [36;1m  --ci-coverage-manifest=.github/ci/coverage_manifest_v2.json.gz \[0m
2026-10-09T16:57:03.7184915Z [36;1m  --ci-scope=backend --ci-shard-index=1 --ci-shard-count=2 \[0m
2026-10-09T16:57:03.7185475Z [36;1m  --ci-coverage-dir="$CI_RECEIPTS" --junitxml="$CI_RECEIPTS/backend.xml" 2>&1 | tee "$CI_RECEIPTS/backend.log"[0m
2026-10-09T16:57:03.7254059Z shell: /usr/bin/bash -e {0}
2026-10-09T16:57:03.7254311Z env:
2026-10-09T16:57:03.7254507Z   MOCK_PROVIDER: true
2026-10-09T16:57:03.7254727Z   MOCK_STREAM_DELAY_MS: 0
2026-10-09T16:57:03.7254947Z   ENABLE_CLOUD: false
2026-10-09T16:57:03.7255158Z   CREDENTIAL_VAULT_BACKEND: memory
2026-10-09T16:57:03.7255490Z   CREDENTIAL_VAULT_ALLOW_MEMORY_FALLBACK: true
2026-10-09T16:57:03.7255779Z   PYTHONDONTWRITEBYTECODE: 1
2026-10-09T16:57:03.7256006Z   HF_HUB_OFFLINE: 1
2026-10-09T16:57:03.7256205Z   TRANSFORMERS_OFFLINE: 1
2026-10-09T16:57:03.7256479Z   pythonLocation: /opt/hostedtoolcache/Python/3.12.9/x64
2026-10-09T16:57:03.7256865Z   PKG_CONFIG_PATH: /opt/hostedtoolcache/Python/3.12.9/x64/lib/pkgconfig
2026-10-09T16:57:03.7257249Z   Python_ROOT_DIR: /opt/hostedtoolcache/Python/3.12.9/x64
2026-10-09T16:57:03.7257589Z   Python2_ROOT_DIR: /opt/hostedtoolcache/Python/3.12.9/x64
2026-10-09T16:57:03.7257924Z   Python3_ROOT_DIR: /opt/hostedtoolcache/Python/3.12.9/x64
2026-10-09T16:57:03.7258283Z   LD_LIBRARY_PATH: /opt/hostedtoolcache/Python/3.12.9/x64/lib
2026-10-09T16:57:03.7258641Z   CI_COVERAGE_SHA: c386b0608ae92d18c351b5cb6e367380808a45cf
2026-10-09T16:57:03.7258979Z   CI_COVERAGE_TREE: 2ec6365e1f1f183f029c9f0a94d040d134e22b47
2026-10-09T16:57:03.7259397Z   CI_SANDBOX: /home/runner/work/_temp/novel-ci-backend-postgres-shard-1.aRA7Uq
2026-10-09T16:57:03.7260099Z   CI_PROJECT: /home/runner/work/_temp/novel-ci-backend-postgres-shard-1.aRA7Uq/project
2026-10-09T16:57:03.7260652Z   CI_RECEIPTS: /home/runner/work/_temp/novel-ci-backend-postgres-shard-1.aRA7Uq/receipts
2026-10-09T16:57:03.7261260Z   HOME: /home/runner/work/_temp/novel-ci-backend-postgres-shard-1.aRA7Uq/project/.runtime/ci-backend/home
2026-10-09T16:57:03.7261991Z   USERPROFILE: /home/runner/work/_temp/novel-ci-backend-postgres-shard-1.aRA7Uq/project/.runtime/ci-backend/home
2026-10-09T16:57:03.7262716Z   APPDATA: /home/runner/work/_temp/novel-ci-backend-postgres-shard-1.aRA7Uq/project/.runtime/ci-backend/appdata
2026-10-09T16:57:03.7263681Z   LOCALAPPDATA: /home/runner/work/_temp/novel-ci-backend-postgres-shard-1.aRA7Uq/project/.runtime/ci-backend/localappdata
2026-10-09T16:57:03.7264440Z   XDG_CONFIG_HOME: /home/runner/work/_temp/novel-ci-backend-postgres-shard-1.aRA7Uq/project/.runtime/ci-backend/config
2026-10-09T16:57:03.7265194Z   XDG_CACHE_HOME: /home/runner/work/_temp/novel-ci-backend-postgres-shard-1.aRA7Uq/project/.runtime/ci-backend/cache
2026-10-09T16:57:03.7265904Z   XDG_DATA_HOME: /home/runner/work/_temp/novel-ci-backend-postgres-shard-1.aRA7Uq/project/.runtime/ci-backend/data
2026-10-09T16:57:03.7266608Z   XDG_STATE_HOME: /home/runner/work/_temp/novel-ci-backend-postgres-shard-1.aRA7Uq/project/.runtime/ci-backend/state
2026-10-09T16:57:03.7267293Z   TMPDIR: /home/runner/work/_temp/novel-ci-backend-postgres-shard-1.aRA7Uq/project/.runtime/ci-backend/tmp
2026-10-09T16:57:03.7267937Z   TMP: /home/runner/work/_temp/novel-ci-backend-postgres-shard-1.aRA7Uq/project/.runtime/ci-backend/tmp
2026-10-09T16:57:03.7268590Z   TEMP: /home/runner/work/_temp/novel-ci-backend-postgres-shard-1.aRA7Uq/project/.runtime/ci-backend/tmp
2026-10-09T16:57:03.7269173Z   PROJECT_ROOT: /home/runner/work/_temp/novel-ci-backend-postgres-shard-1.aRA7Uq/project
2026-10-09T16:57:03.7270011Z   NOVEL_DATA_PATH: /home/runner/work/_temp/novel-ci-backend-postgres-shard-1.aRA7Uq/project/.runtime/ci-backend/data/novels
2026-10-09T16:57:03.7270767Z   BACKUP_PATH: /home/runner/work/_temp/novel-ci-backend-postgres-shard-1.aRA7Uq/project/.runtime/ci-backend/data/backups
2026-10-09T16:57:03.7271556Z   DATABASE_BACKUP_PATH: /home/runner/work/_temp/novel-ci-backend-postgres-shard-1.aRA7Uq/project/.runtime/ci-backend/data/database-backups
2026-10-09T16:57:03.7272367Z   KNOWLEDGE_SOURCE_PATH: /home/runner/work/_temp/novel-ci-backend-postgres-shard-1.aRA7Uq/project/.runtime/ci-backend/data/novels
2026-10-09T16:57:03.7273316Z   CI_V2_RUNTIME: /home/runner/work/_temp/novel-ci-backend-postgres-shard-1.aRA7Uq/project/.runtime/ci-backend
2026-10-09T16:57:03.7274027Z   R2_TEST_FONT_FILE: /home/runner/work/_temp/novel-ci-backend-postgres-shard-1.aRA7Uq/fonts/NotoSansSC-Regular.ttf
2026-10-09T16:57:03.7274520Z   STORAGE_BACKEND: postgres
2026-10-09T16:57:03.7275105Z   DATABASE_URL: ***127.0.0.1:5432/novel_ci
2026-10-09T16:57:03.7275588Z   TEST_POSTGRES_DATABASE_URL: ***127.0.0.1:5432/novel_ci
2026-10-09T16:57:03.7275892Z ##[endgroup]
2026-10-09T16:57:45.0162055Z .sss.ss...ss...ss.......ssssssss..sssssss.....sssss........ss..sss...... [  1%]
2026-10-09T16:57:53.4013906Z ssss.ss....sss..ss..sss...sss..ssss...sss..ss..s..s.ss..ss..s..sss.ss..s [  2%]
2026-10-09T16:58:01.5953100Z s.s....ss...sss...sss.ssss..sss....ssssssss.ss.s......ssss....s.ss.....s [  4%]
2026-10-09T16:58:06.2417770Z .s.s..s................................................................. [  5%]
2026-10-09T16:58:07.6595511Z ........s............................................................... [  6%]
2026-10-09T16:58:14.5072374Z .............................sssssssssssss......s.............s......... [  8%]
2026-10-09T16:58:18.7881508Z ........................................................................ [  9%]
2026-10-09T16:58:24.7375989Z ........................................................................ [ 11%]
2026-10-09T16:58:24.8788993Z ........................................................................ [ 12%]
2026-10-09T17:02:00.2984025Z s...sss............................sssss......s.s.s....s.s..sss....ss.s. [ 13%]
2026-10-09T17:03:25.4751722Z s........s.ss....s.sss...ss.s...ss.......s..........s................... [ 15%]
2026-10-09T17:03:27.6839401Z .....................................................ss.s..ss......s.... [ 16%]
2026-10-09T17:03:28.2676471Z ........................................................................ [ 18%]
2026-10-09T17:03:40.5928421Z ........................................................................ [ 19%]
2026-10-09T17:03:41.6376725Z ........................................................................ [ 20%]
2026-10-09T17:03:44.6642210Z ........................................................................ [ 22%]
2026-10-09T17:04:01.6831294Z .ss.ssssss....s..s..ss.sss...ss.s..sssss..s.sssss...s.s.sss.....s...ss.. [ 23%]
2026-10-09T17:04:25.9662961Z s.s.ss.ss.s.ssss.s.ssss.....sss..s.s..s..s....ss..s..s..ss..ss.s....s.ss [ 24%]
2026-10-09T17:06:01.8612157Z ss.....sss.ss.sss...ss.s.ss.sss.s..s.s.s.s.s.s.ss..s.s......ssss...s..s. [ 26%]
2026-10-09T17:06:15.6330731Z ss....s...ssss....ss..s...........s..ssss.s.s...ss.s.s.s.s.s..ssss..sss. [ 27%]
2026-10-09T17:07:39.1987815Z .....s......s.sss....s.s.s.s..s....s..s.ss.s.sss.s...........s....s..sss [ 29%]
2026-10-09T17:07:47.2967502Z ..s.s.ss..s..ss.s.ssss.................................................. [ 30%]
2026-10-09T17:07:57.0310394Z ........................................................................ [ 31%]
2026-10-09T17:07:59.6973262Z ........................................................................ [ 33%]
2026-10-09T17:08:07.3549147Z ........................................................................ [ 34%]
2026-10-09T17:08:17.1670202Z .......ssssss.s.s.s.s..sssss....................................ss.s.ss. [ 36%]
2026-10-09T17:08:40.2141772Z s.s.ss.s.s.ss...s.s.ss.s.s.s.s..sssssssss....s.s.s..s.s.ss.s.s.s.ss..... [ 37%]
2026-10-09T17:09:00.2120091Z ....................................ss..s.ss..s.s.ss......s..sssss....s. [ 38%]
2026-10-09T17:11:32.2382211Z .ss...s.sssss...s..s..s.s..s.s..s..ss.s..s..ss...ss.s..s...s.s.s...ss.s. [ 40%]
2026-10-09T17:11:54.5363918Z s..s.s.sssss...s....s..ssss....s.s....s.ss.sss..ss.s.s.ssss.s.ss.s..ss.. [ 41%]
2026-10-09T17:12:17.4666903Z .ss..ss..s.ssss.s..sss.....s..s.ss....ssssss.....s...s...ss..s..ss.ss..s [ 42%]
2026-10-09T17:12:36.3686627Z ..s.s.s....sss.....s..ss.ss...sss..s.s..................s..s.s.s..s.ss.s [ 44%]
2026-10-09T17:13:29.2254083Z s.s.sss.s..ss.s..s......s.s.s.s.s.....s..s.s.sss.s..s.ss.ssss..s..sss.ss [ 45%]
2026-10-09T17:14:15.0813985Z s..ss.ss.ss.s...s.ss.s.ss...s.s.ss.ss.s.s..s...s.s.s.s..ss..ss..s.sss.s. [ 47%]
2026-10-09T17:14:54.6023058Z s..s.ss.ss.s.sss.sss.ssss.....s.s..ss..............s.ss.ss.s...ssss...ss [ 48%]
2026-10-09T17:15:09.8030449Z ..sssss...s.ss....s....ss..s.ss.s.s.s....s.ss...ss.ss..ss.ss.s.s.....s.. [ 49%]
2026-10-09T17:16:07.6678462Z sssss...s...ss....sssss..ss.ss.s.s.ssssss......ssss.s.sssssss..s..s.ss.s [ 51%]
2026-10-09T17:16:55.7873202Z s...s.sssssss.....s..sssss..s.s.s....s..ss.s..s.s.s..ss.s..sssssssss.... [ 52%]
2026-10-09T17:17:07.8106181Z ...s.....s.s.ssss...ss.ssss..s.s.ss.ss..s.s..s..s..sssss.s.s...s.s.s.ss. [ 54%]
2026-10-09T17:17:37.3174234Z sss...s.s.ss.....s.ss.s..s.sss.sss.s.sss.sss.s......s....s.sss.....s.ss. [ 55%]
2026-10-09T17:17:50.2220885Z s.sssssss....ss.s..s.s....ssss.....sssss.....s.s.s.s....s.ssss..s.s..ss. [ 56%]
2026-10-09T17:18:20.8975035Z s..s.ssss.s.s.ss.....ssss.s.s..sssss...ss..s....s.s.s..ss.s.s.s..s..sss. [ 58%]
2026-10-09T17:18:39.9582253Z ..sss...ss.sss.s.s.ss...s.ss.s.s.s.ss.s.s.ssss......ss.s.sss...sss.s...s [ 59%]
2026-10-09T17:19:01.8617624Z .s.s.ssss.s.s.s.s.s.s..ss.s.....sss......sss...s.ss..s.ssss..s.s.ssssss. [ 61%]
2026-10-09T17:19:56.4254456Z .ss..s...s....s...sssssss.s..ssss....s.s.ss..sssss.sss..ss.............. [ 62%]
2026-10-09T17:20:17.2228266Z ...........s......s......................ssssssssssssssss............... [ 63%]
2026-10-09T17:20:46.9501931Z ..ss....ssssss..s..sss.s.s.ssssssss........sssssssssssssssssssssssssssss [ 65%]
2026-10-09T17:20:55.7570017Z ss....................................ssssssss...........ss..ssss..s.ss. [ 66%]
2026-10-09T17:21:02.6989422Z .......ssss...s.s.s.s..s.ssssss..sssss......s.ssssssssssssssssssssssssss [ 67%]
2026-10-09T17:21:54.9185766Z ssssssssssssssssss....................................ssssssssssssssssss [ 69%]
2026-10-09T17:22:32.6607863Z sssssssssssssssssssssss..................................sssssssssssssss [ 70%]
2026-10-09T17:23:33.2535034Z sss.....................ssssssss......ssssss....ssssss...ssss..........s [ 72%]
2026-10-09T17:26:42.1460805Z ..ssssssssssssssssssssssssssssssssss................................ssss [ 73%]
2026-10-09T17:27:14.7200123Z ssss.....ssssssssssssssssss...................ssss........ssssssssssssss [ 74%]
2026-10-09T17:28:04.5304503Z ssssssssss..........................ssssss.............................s [ 76%]
2026-10-09T17:28:44.9843259Z .....s.s..s..s..s.ss..sssss.sss...s.s.....ss.s.s.ss..ssss.s..sss..ss.s.. [ 77%]
2026-10-09T17:30:50.9316333Z s.sss.ss..ss..ss.....s..ssss.....ssss...sss...ssss.ssss.....s..s.ss.s... [ 79%]
2026-10-09T17:31:50.1449572Z .ssss......sssss....s..sssss.....sssssssss........ss..ss.s.s.s.s.ss.ss.. [ 80%]
2026-10-09T17:32:47.1261803Z sss..sssss....s.ss..ss..ssss...ss.s.......ssss..ss....sssssss....s.....s [ 81%]
2026-10-09T17:33:05.3056607Z s.s..s.s...s..sssss.s.ss...s.ss...ss.....sssss.s.s.s.s.s.s....ss.s..s..s [ 83%]
2026-10-09T17:34:25.1917047Z .sss..ss.ss.ssss.ss.ss..s..s.sss.....sss...s..s..ssss.sss..sssss..s.s... [ 84%]
2026-10-09T17:35:11.3168931Z ss.ss..sss.ssss...sss....s....ssssss.ss..s..s.s..s..sss...ssss..s.sss..s [ 85%]
2026-10-09T17:35:34.4969469Z .ss..s.s..s.ss....s..sss.s.ss.s..s.s.s.ss...s.s.s.ss..s................. [ 87%]
2026-10-09T17:35:40.6627603Z ..............ss............................ss....ss..s..ssss....s.ssss. [ 88%]
2026-10-09T17:36:34.3804337Z .s.s.s.........sss..ss.s...s.s...ssss.....s.ss.s...s.sss...ss..s.s...... [ 90%]
2026-10-09T17:36:34.4485952Z ........................................................................ [ 91%]
2026-10-09T17:36:45.3267315Z ........................s.s.s.s.sss.ss.s..s.sssssss..........s.s.s..s.ss [ 92%]
2026-10-09T17:37:45.2980702Z .s.s.sss.ss.s.sss.ssss...s.s.s..s.s.ssssssssssss........sss.ss.ss.ss.s.s [ 94%]
2026-10-09T17:38:33.2084848Z sssss................................................................... [ 95%]
2026-10-09T17:38:40.1906820Z ..............................ss..s..sssss....ssss......s.s.sss......... [ 97%]
2026-10-09T17:38:53.8444825Z ss....ss..sssss..ss.sssss.ssssss......s.ssssss..s..s.ssss.ssssss........ [ 98%]
2026-10-09T17:39:07.2629528Z ...............s...ssss...ssss.ss....ss..ss.s........................... [ 99%]
2026-10-09T17:39:08.2499034Z .....s.s.                                                                [100%]
2026-10-09T17:39:08.2499806Z =============================== warnings summary ===============================
2026-10-09T17:39:08.2500781Z ../../../../../../opt/hostedtoolcache/Python/3.12.9/x64/lib/python3.12/site-packages/fastapi/testclient.py:1
2026-10-09T17:39:08.2518018Z   /opt/hostedtoolcache/Python/3.12.9/x64/lib/python3.12/site-packages/fastapi/testclient.py:1: StarletteDeprecationWarning: Using `httpx` with `starlette.testclient` is deprecated; install `httpx2` instead.
2026-10-09T17:39:08.2519310Z     from starlette.testclient import TestClient as TestClient  # noqa
2026-10-09T17:39:08.2519601Z 
2026-10-09T17:39:08.2519961Z tests/test_r4_portable_batches.py::test_archive_symlink_duplicate_compression_bomb_size_member_limit_and_xml_html
2026-10-09T17:39:08.2520715Z   /opt/hostedtoolcache/Python/3.12.9/x64/lib/python3.12/zipfile/__init__.py:1612: UserWarning: Duplicate name: 'manifest.json'
2026-10-09T17:39:08.2521310Z     return self._open_to_write(zinfo, force_zip64=force_zip64)
2026-10-09T17:39:08.2521542Z 
2026-10-09T17:39:08.2521756Z -- Docs: https://docs.pytest.org/en/stable/how-to/capture-warnings.html
2026-10-09T17:39:08.2522359Z - generated xml file: /home/runner/work/_temp/novel-ci-backend-postgres-shard-1.aRA7Uq/receipts/backend.xml -
2026-10-09T17:39:08.2523359Z =========================== short test summary info ============================
2026-10-09T17:39:08.2523958Z SKIPPED [3] tests/test_a43_context_identity.py: File-backend implementation contract; covered by the default/File full suite
2026-10-09T17:39:08.2524724Z SKIPPED [2] tests/test_a43_context_identity.py:133: File-backend implementation contract; covered by the default/File full suite
2026-10-09T17:39:08.2525452Z SKIPPED [1] tests/test_a43_context_identity.py:165: File-backend implementation contract; covered by the default/File full suite
2026-10-09T17:39:08.2526185Z SKIPPED [1] tests/test_a43_context_identity.py:178: File-backend implementation contract; covered by the default/File full suite
2026-10-09T17:39:08.2526969Z SKIPPED [2] tests/test_a43_detached_generation_acceptance.py:19: File-backend implementation contract; covered by the default/File full suite
2026-10-09T17:39:08.2527774Z SKIPPED [4] tests/test_a43_drive_prefix_identity.py:16: File-backend implementation contract; covered by the default/File full suite
2026-10-09T17:39:08.2528539Z SKIPPED [1] tests/test_a43_drive_prefix_identity.py:38: File-backend implementation contract; covered by the default/File full suite
2026-10-09T17:39:08.2529283Z SKIPPED [1] tests/test_a43_drive_prefix_identity.py:51: File-backend implementation contract; covered by the default/File full suite
2026-10-09T17:39:08.2530021Z SKIPPED [2] tests/test_a43_duplicate_heading.py:44: File-backend implementation contract; covered by the default/File full suite
2026-10-09T17:39:08.2530745Z SKIPPED [7] tests/test_a43_duplicate_heading.py:64: File-backend implementation contract; covered by the default/File full suite
2026-10-09T17:39:08.2531455Z SKIPPED [5] tests/test_a43_file_identity.py: File-backend implementation contract; covered by the default/File full suite
2026-10-09T17:39:08.2532322Z SKIPPED [61] tests/test_a43_identity_references.py: File-backend implementation contract; covered by the default/File full suite
2026-10-09T17:39:08.2533327Z SKIPPED [1] tests/test_a43_identity_references.py:424: File-backend implementation contract; covered by the default/File full suite
2026-10-09T17:39:08.2534122Z SKIPPED [4] tests/test_a43_identity_references.py:467: File-backend implementation contract; covered by the default/File full suite
2026-10-09T17:39:08.2534869Z SKIPPED [3] tests/test_a43_identity_references.py:525: File-backend implementation contract; covered by the default/File full suite
2026-10-09T17:39:08.2535596Z SKIPPED [2] tests/test_a43_known_document_nodes.py:53: File-backend implementation contract; covered by the default/File full suite
2026-10-09T17:39:08.2536321Z SKIPPED [1] tests/test_a43_known_document_nodes.py:67: File-backend implementation contract; covered by the default/File full suite
2026-10-09T17:39:08.2537055Z SKIPPED [4] tests/test_a43_known_document_nodes.py:113: File-backend implementation contract; covered by the default/File full suite
2026-10-09T17:39:08.2537790Z SKIPPED [2] tests/test_a43_rich_document.py: File-backend implementation contract; covered by the default/File full suite
2026-10-09T17:39:08.2538486Z SKIPPED [2] tests/test_a43_rich_document.py:197: File-backend implementation contract; covered by the default/File full suite
2026-10-09T17:39:08.2539180Z SKIPPED [1] tests/test_a43_rich_document.py:261: File-backend implementation contract; covered by the default/File full suite
2026-10-09T17:39:08.2539869Z SKIPPED [1] tests/test_a43_rich_document.py:278: File-backend implementation contract; covered by the default/File full suite
2026-10-09T17:39:08.2540558Z SKIPPED [1] tests/test_a43_rich_document.py:326: File-backend implementation contract; covered by the default/File full suite
2026-10-09T17:39:08.2541278Z SKIPPED [1] tests/test_collaboration_scope_api.py:12: File-backend implementation contract; covered by the default/File full suite
2026-10-09T17:39:08.2542023Z SKIPPED [2] tests/test_file_project_lifecycle.py:67: File-backend implementation contract; covered by the default/File full suite
2026-10-09T17:39:08.2543184Z SKIPPED [4] tests/test_file_project_lifecycle.py:101: File-backend implementation contract; covered by the default/File full suite
2026-10-09T17:39:08.2543972Z SKIPPED [2] tests/test_file_project_lifecycle.py:169: File-backend implementation contract; covered by the default/File full suite
2026-10-09T17:39:08.2544702Z SKIPPED [2] tests/test_file_project_lifecycle.py: File-backend implementation contract; covered by the default/File full suite
2026-10-09T17:39:08.2545441Z SKIPPED [2] tests/test_file_project_lifecycle.py:288: File-backend implementation contract; covered by the default/File full suite
2026-10-09T17:39:08.2546190Z SKIPPED [1] tests/test_file_project_lifecycle.py:376: File-backend implementation contract; covered by the default/File full suite
2026-10-09T17:39:08.2546927Z SKIPPED [1] tests/test_full_recovery_core_chain.py:237: File-backend implementation contract; covered by the default/File full suite
2026-10-09T17:39:08.2547744Z SKIPPED [1] tests/test_generation_snapshot_runtime_v056.py:72: File-backend implementation contract; covered by the default/File full suite
2026-10-09T17:39:08.2548531Z SKIPPED [1] tests/test_local_interop_cross_process_host.py: File-backend implementation contract; covered by the default/File full suite
2026-10-09T17:39:08.2549345Z SKIPPED [2] tests/test_local_interop_desktop_api_projection_races.py:15: File-backend implementation contract; covered by the default/File full suite
2026-10-09T17:39:08.2550184Z SKIPPED [1] tests/test_local_interop_desktop_api_projection_races.py: File-backend implementation contract; covered by the default/File full suite
2026-10-09T17:39:08.2550990Z SKIPPED [4] tests/test_local_interop_desktop_runtime.py: File-backend implementation contract; covered by the default/File full suite
2026-10-09T17:39:08.2551754Z SKIPPED [4] tests/test_local_interop_desktop_runtime.py:60: File-backend implementation contract; covered by the default/File full suite
2026-10-09T17:39:08.2552918Z SKIPPED [1] tests/test_local_interop_desktop_runtime.py:261: File-backend implementation contract; covered by the default/File full suite
2026-10-09T17:39:08.2553731Z SKIPPED [1] tests/test_local_interop_host.py:173: File-backend implementation contract; covered by the default/File full suite
2026-10-09T17:39:08.2554434Z SKIPPED [3] tests/test_local_interop_host.py:203: File-backend implementation contract; covered by the default/File full suite
2026-10-09T17:39:08.2555136Z SKIPPED [10] tests/test_local_interop_host.py: File-backend implementation contract; covered by the default/File full suite
2026-10-09T17:39:08.2555840Z SKIPPED [2] tests/test_local_interop_host.py:395: File-backend implementation contract; covered by the default/File full suite
2026-10-09T17:39:08.2556549Z SKIPPED [3] tests/test_local_interop_host.py:528: File-backend implementation contract; covered by the default/File full suite
2026-10-09T17:39:08.2557263Z SKIPPED [1] tests/test_local_interop_host.py:611: File-backend implementation contract; covered by the default/File full suite
2026-10-09T17:39:08.2557988Z SKIPPED [1] tests/test_lore_context_contract.py:107: File-backend implementation contract; covered by the default/File full suite
2026-10-09T17:39:08.2558723Z SKIPPED [1] tests/test_memory_agent_contract.py:42: File-backend implementation contract; covered by the default/File full suite
2026-10-09T17:39:08.2559437Z SKIPPED [1] tests/test_narrative_context.py:41: File-backend implementation contract; covered by the default/File full suite
2026-10-09T17:39:08.2560140Z SKIPPED [1] tests/test_narrative_context.py:48: File-backend implementation contract; covered by the default/File full suite
2026-10-09T17:39:08.2560829Z SKIPPED [1] tests/test_narrative_context.py:80: File-backend implementation contract; covered by the default/File full suite
2026-10-09T17:39:08.2561537Z SKIPPED [1] tests/test_narrative_finding_api.py:9: File-backend implementation contract; covered by the default/File full suite
2026-10-09T17:39:08.2562425Z SKIPPED [1] tests/test_narrative_finding_api.py:79: File-backend implementation contract; covered by the default/File full suite
2026-10-09T17:39:08.2563263Z SKIPPED [1] tests/test_narrative_proposal_api.py:15: File-backend implementation contract; covered by the default/File full suite
2026-10-09T17:39:08.2564021Z SKIPPED [13] tests/test_post_interop_author_added_sources.py: File-backend implementation contract; covered by the default/File full suite
2026-10-09T17:39:08.2564821Z SKIPPED [2] tests/test_post_interop_author_added_sources.py:87: File-backend implementation contract; covered by the default/File full suite
2026-10-09T17:39:08.2565611Z SKIPPED [2] tests/test_post_interop_author_added_sources.py:106: File-backend implementation contract; covered by the default/File full suite
2026-10-09T17:39:08.2566396Z SKIPPED [3] tests/test_post_interop_creation_mounted.py: File-backend implementation contract; covered by the default/File full suite
2026-10-09T17:39:08.2567161Z SKIPPED [3] tests/test_post_interop_creation_tasks.py:9: File-backend implementation contract; covered by the default/File full suite
2026-10-09T17:39:08.2567921Z SKIPPED [2] tests/test_post_interop_creation_upgrade.py: File-backend implementation contract; covered by the default/File full suite
2026-10-09T17:39:08.2568728Z SKIPPED [2] tests/test_post_interop_embedding_feature_isolation.py: File-backend implementation contract; covered by the default/File full suite
2026-10-09T17:39:08.2569569Z SKIPPED [2] tests/test_post_interop_embedding_feature_isolation.py:76: File-backend implementation contract; covered by the default/File full suite
2026-10-09T17:39:08.2570369Z SKIPPED [2] tests/test_post_interop_extended_mounted.py: File-backend implementation contract; covered by the default/File full suite
2026-10-09T17:39:08.2571128Z SKIPPED [3] tests/test_post_interop_extended_mounted.py:51: File-backend implementation contract; covered by the default/File full suite
2026-10-09T17:39:08.2572027Z SKIPPED [1] tests/test_post_interop_interactive_history.py: File-backend implementation contract; covered by the default/File full suite
2026-10-09T17:39:08.2573001Z SKIPPED [6] tests/test_post_interop_media_continuation.py: File-backend implementation contract; covered by the default/File full suite
2026-10-09T17:39:08.2573796Z SKIPPED [2] tests/test_post_interop_media_visibility.py:49: File-backend implementation contract; covered by the default/File full suite
2026-10-09T17:39:08.2574561Z SKIPPED [2] tests/test_post_interop_media_visibility.py: File-backend implementation contract; covered by the default/File full suite
2026-10-09T17:39:08.2575326Z SKIPPED [1] tests/test_post_interop_media_visibility.py:125: File-backend implementation contract; covered by the default/File full suite
2026-10-09T17:39:08.2576093Z SKIPPED [2] tests/test_post_interop_media_visibility.py:158: File-backend implementation contract; covered by the default/File full suite
2026-10-09T17:39:08.2576862Z SKIPPED [3] tests/test_post_interop_revision_compare.py: File-backend implementation contract; covered by the default/File full suite
2026-10-09T17:39:08.2577622Z SKIPPED [4] tests/test_post_interop_revision_compare.py:40: File-backend implementation contract; covered by the default/File full suite
2026-10-09T17:39:08.2578392Z SKIPPED [3] tests/test_post_interop_revision_compare.py:50: File-backend implementation contract; covered by the default/File full suite
2026-10-09T17:39:08.2579150Z SKIPPED [11] tests/test_post_interop_revision_model.py: File-backend implementation contract; covered by the default/File full suite
2026-10-09T17:39:08.2579889Z SKIPPED [5] tests/test_post_interop_scene_mind.py: File-backend implementation contract; covered by the default/File full suite
2026-10-09T17:39:08.2580620Z SKIPPED [4] tests/test_post_interop_scene_mind.py:85: File-backend implementation contract; covered by the default/File full suite
2026-10-09T17:39:08.2581368Z SKIPPED [1] tests/test_post_interop_scene_mind.py:174: File-backend implementation contract; covered by the default/File full suite
2026-10-09T17:39:08.2582293Z SKIPPED [3] tests/test_post_interop_shared_universe.py: File-backend implementation contract; covered by the default/File full suite
2026-10-09T17:39:08.2583266Z SKIPPED [2] tests/test_post_interop_shared_universe.py:97: File-backend implementation contract; covered by the default/File full suite
2026-10-09T17:39:08.2584042Z SKIPPED [6] tests/test_post_interop_structured_search.py: File-backend implementation contract; covered by the default/File full suite
2026-10-09T17:39:08.2584798Z SKIPPED [5] tests/test_post_interop_style_judge.py: File-backend implementation contract; covered by the default/File full suite
2026-10-09T17:39:08.2585554Z SKIPPED [4] tests/test_post_interop_style_judge_mounted.py: File-backend implementation contract; covered by the default/File full suite
2026-10-09T17:39:08.2586303Z SKIPPED [6] tests/test_post_interop_style_model.py: File-backend implementation contract; covered by the default/File full suite
2026-10-09T17:39:08.2587052Z SKIPPED [4] tests/test_post_interop_style_model.py:112: File-backend implementation contract; covered by the default/File full suite
2026-10-09T17:39:08.2587814Z SKIPPED [1] tests/test_post_interop_style_model.py:227: File-backend implementation contract; covered by the default/File full suite
2026-10-09T17:39:08.2588559Z SKIPPED [4] tests/test_post_interop_task_reopen.py:16: File-backend implementation contract; covered by the default/File full suite
2026-10-09T17:39:08.2589326Z SKIPPED [3] tests/test_post_interop_translation_memory.py: File-backend implementation contract; covered by the default/File full suite
2026-10-09T17:39:08.2590091Z SKIPPED [3] tests/test_post_interop_wave3_broker.py: File-backend implementation contract; covered by the default/File full suite
2026-10-09T17:39:08.2590830Z SKIPPED [4] tests/test_post_interop_wave3_broker.py:36: File-backend implementation contract; covered by the default/File full suite
2026-10-09T17:39:08.2591742Z SKIPPED [1] tests/test_post_interop_wave3_embedding_adapter.py: File-backend implementation contract; covered by the default/File full suite
2026-10-09T17:39:08.2592546Z SKIPPED [6] tests/test_post_interop_wave3_research.py: File-backend implementation contract; covered by the default/File full suite
2026-10-09T17:39:08.2593448Z SKIPPED [4] tests/test_post_interop_wave5_templates_sdk_comics.py:62: File-backend implementation contract; covered by the default/File full suite
2026-10-09T17:39:08.2594281Z SKIPPED [3] tests/test_post_interop_wave5_templates_sdk_comics.py:77: File-backend implementation contract; covered by the default/File full suite
2026-10-09T17:39:08.2595102Z SKIPPED [5] tests/test_post_interop_wave5_templates_sdk_comics.py: File-backend implementation contract; covered by the default/File full suite
2026-10-09T17:39:08.2595923Z SKIPPED [3] tests/test_post_interop_wave5_templates_sdk_comics.py:217: File-backend implementation contract; covered by the default/File full suite
2026-10-09T17:39:08.2596722Z SKIPPED [11] tests/test_post_interop_workspace_ux.py: File-backend implementation contract; covered by the default/File full suite
2026-10-09T17:39:08.2597497Z SKIPPED [1] tests/test_project_authority_validation.py:75: File-backend implementation contract; covered by the default/File full suite
2026-10-09T17:39:08.2598272Z SKIPPED [6] tests/test_project_authority_validation.py: File-backend implementation contract; covered by the default/File full suite
2026-10-09T17:39:08.2599044Z SKIPPED [3] tests/test_project_authority_validation.py:123: File-backend implementation contract; covered by the default/File full suite
2026-10-09T17:39:08.2599820Z SKIPPED [1] tests/test_project_authority_validation.py:133: File-backend implementation contract; covered by the default/File full suite
2026-10-09T17:39:08.2600592Z SKIPPED [2] tests/test_project_authority_validation.py:155: File-backend implementation contract; covered by the default/File full suite
2026-10-09T17:39:08.2601367Z SKIPPED [4] tests/test_project_authority_validation.py:219: File-backend implementation contract; covered by the default/File full suite
2026-10-09T17:39:08.2602285Z SKIPPED [8] tests/test_r3_audiobook_preparation.py: File-backend implementation contract; covered by the default/File full suite
2026-10-09T17:39:08.2603119Z SKIPPED [3] tests/test_r3_embedding_contracts.py: File-backend implementation contract; covered by the default/File full suite
2026-10-09T17:39:08.2603856Z SKIPPED [4] tests/test_r3_embedding_contracts.py:98: File-backend implementation contract; covered by the default/File full suite
2026-10-09T17:39:08.2604575Z SKIPPED [8] tests/test_r3_media_workflows.py: File-backend implementation contract; covered by the default/File full suite
2026-10-09T17:39:08.2605281Z SKIPPED [9] tests/test_r3_mounted_contracts.py: File-backend implementation contract; covered by the default/File full suite
2026-10-09T17:39:08.2605969Z SKIPPED [4] tests/test_r3_planning.py: File-backend implementation contract; covered by the default/File full suite
2026-10-09T17:39:08.2606663Z SKIPPED [4] tests/test_r3_team_recipes.py:68: File-backend implementation contract; covered by the default/File full suite
2026-10-09T17:39:08.2607357Z SKIPPED [5] tests/test_r3_team_recipes.py:112: File-backend implementation contract; covered by the default/File full suite
2026-10-09T17:39:08.2608041Z SKIPPED [9] tests/test_r3_team_recipes.py: File-backend implementation contract; covered by the default/File full suite
2026-10-09T17:39:08.2608702Z SKIPPED [3] tests/test_r3_world.py: File-backend implementation contract; covered by the default/File full suite
2026-10-09T17:39:08.2609415Z SKIPPED [9] tests/test_r4_author_scope_variants_mounted.py: File-backend implementation contract; covered by the default/File full suite
2026-10-09T17:39:08.2610188Z SKIPPED [3] tests/test_r4_author_source_items_mounted.py: File-backend implementation contract; covered by the default/File full suite
2026-10-09T17:39:08.2610945Z SKIPPED [7] tests/test_r4_author_task_projection.py: File-backend implementation contract; covered by the default/File full suite
2026-10-09T17:39:08.2611818Z SKIPPED [5] tests/test_r4_author_task_projection.py:179: File-backend implementation contract; covered by the default/File full suite
2026-10-09T17:39:08.2612551Z SKIPPED [6] tests/test_r4_batch_admission.py: File-backend implementation contract; covered by the default/File full suite
2026-10-09T17:39:08.2613496Z SKIPPED [5] tests/test_r4_batch_admission_mounted.py: File-backend implementation contract; covered by the default/File full suite
2026-10-09T17:39:08.2614241Z SKIPPED [2] tests/test_r4_broker_cancel_dispatch.py: File-backend implementation contract; covered by the default/File full suite
2026-10-09T17:39:08.2614955Z SKIPPED [4] tests/test_r4_broker_mounted.py: File-backend implementation contract; covered by the default/File full suite
2026-10-09T17:39:08.2615670Z SKIPPED [8] tests/test_r4_change_impact.py: File-backend implementation contract; covered by the default/File full suite
2026-10-09T17:39:08.2616386Z SKIPPED [3] tests/test_r4_change_impact_mounted.py: File-backend implementation contract; covered by the default/File full suite
2026-10-09T17:39:08.2617124Z SKIPPED [3] tests/test_r4_character_author_api.py:81: File-backend implementation contract; covered by the default/File full suite
2026-10-09T17:39:08.2617861Z SKIPPED [1] tests/test_r4_character_author_api.py:93: File-backend implementation contract; covered by the default/File full suite
2026-10-09T17:39:08.2618600Z SKIPPED [3] tests/test_r4_character_author_context.py: File-backend implementation contract; covered by the default/File full suite
2026-10-09T17:39:08.2619352Z SKIPPED [4] tests/test_r4_character_author_context.py:70: File-backend implementation contract; covered by the default/File full suite
2026-10-09T17:39:08.2620102Z SKIPPED [1] tests/test_r4_character_author_context.py:97: File-backend implementation contract; covered by the default/File full suite
2026-10-09T17:39:08.2620856Z SKIPPED [2] tests/test_r4_character_author_dispatch.py: File-backend implementation contract; covered by the default/File full suite
2026-10-09T17:39:08.2621764Z SKIPPED [3] tests/test_r4_character_author_dispatch.py:110: File-backend implementation contract; covered by the default/File full suite
2026-10-09T17:39:08.2622890Z SKIPPED [8] tests/test_r4_director.py: File-backend implementation contract; covered by the default/File full suite
2026-10-09T17:39:08.2623850Z SKIPPED [9] tests/test_r4_director_exchange_mounted.py: File-backend implementation contract; covered by the default/File full suite
2026-10-09T17:39:08.2624904Z SKIPPED [2] tests/test_r4_director_exchange_mounted.py:72: File-backend implementation contract; covered by the default/File full suite
2026-10-09T17:39:08.2625960Z SKIPPED [10] tests/test_r4_first_use_mounted.py: File-backend implementation contract; covered by the default/File full suite
2026-10-09T17:39:08.2627071Z SKIPPED [2] tests/test_r4_first_use_mounted.py:144: File-backend implementation contract; covered by the default/File full suite
2026-10-09T17:39:08.2628131Z SKIPPED [6] tests/test_r4_generation_origin_guards.py:22: File-backend implementation contract; covered by the default/File full suite
2026-10-09T17:39:08.2629195Z SKIPPED [7] tests/test_r4_generation_origin_guards.py: File-backend implementation contract; covered by the default/File full suite
2026-10-09T17:39:08.2630464Z SKIPPED [2] tests/test_r4_generation_origin_regression.py:5: File-backend implementation contract; covered by the default/File full suite
2026-10-09T17:39:08.2631504Z SKIPPED [4] tests/test_r4_incremental_search.py: File-backend implementation contract; covered by the default/File full suite
2026-10-09T17:39:08.2632210Z SKIPPED [13] tests/test_r4_judge_model.py: File-backend implementation contract; covered by the default/File full suite
2026-10-09T17:39:08.2633127Z SKIPPED [1] tests/test_r4_media_evidence.py: File-backend implementation contract; covered by the default/File full suite
2026-10-09T17:39:08.2633825Z SKIPPED [8] tests/test_r4_model_broker.py: File-backend implementation contract; covered by the default/File full suite
2026-10-09T17:39:08.2634730Z SKIPPED [3] tests/test_r4_mounted_inspection.py: File-backend implementation contract; covered by the default/File full suite
2026-10-09T17:39:08.2635466Z SKIPPED [6] tests/test_r4_mounted_workspaces.py: File-backend implementation contract; covered by the default/File full suite
2026-10-09T17:39:08.2636196Z SKIPPED [1] tests/test_r4_performance_harness.py:68: File-backend implementation contract; covered by the default/File full suite
2026-10-09T17:39:08.2636917Z SKIPPED [16] tests/test_r4_portable_batches.py: File-backend implementation contract; covered by the default/File full suite
2026-10-09T17:39:08.2637651Z SKIPPED [13] tests/test_r4_portable_batches_mounted.py: File-backend implementation contract; covered by the default/File full suite
2026-10-09T17:39:08.2638409Z SKIPPED [3] tests/test_r4_portable_batches_mounted.py:77: File-backend implementation contract; covered by the default/File full suite
2026-10-09T17:39:08.2639168Z SKIPPED [9] tests/test_r4_portable_maintenance.py: File-backend implementation contract; covered by the default/File full suite
2026-10-09T17:39:08.2639916Z SKIPPED [2] tests/test_r4_portable_maintenance.py:124: File-backend implementation contract; covered by the default/File full suite
2026-10-09T17:39:08.2640651Z SKIPPED [11] tests/test_r4_production_lineage.py: File-backend implementation contract; covered by the default/File full suite
2026-10-09T17:39:08.2641371Z SKIPPED [7] tests/test_r4_production_mounted.py: File-backend implementation contract; covered by the default/File full suite
2026-10-09T17:39:08.2642085Z SKIPPED [13] tests/test_r4_reader_sessions.py: File-backend implementation contract; covered by the default/File full suite
2026-10-09T17:39:08.2642948Z SKIPPED [1] tests/test_r4_reader_sessions.py:200: File-backend implementation contract; covered by the default/File full suite
2026-10-09T17:39:08.2643689Z SKIPPED [1] tests/test_r4_reader_sessions_mounted.py: File-backend implementation contract; covered by the default/File full suite
2026-10-09T17:39:08.2644583Z SKIPPED [5] tests/test_r4_registered_local_media.py: File-backend implementation contract; covered by the default/File full suite
2026-10-09T17:39:08.2645301Z SKIPPED [5] tests/test_r4_research_library.py: File-backend implementation contract; covered by the default/File full suite
2026-10-09T17:39:08.2646001Z SKIPPED [1] tests/test_r4_research_library.py:92: File-backend implementation contract; covered by the default/File full suite
2026-10-09T17:39:08.2646725Z SKIPPED [4] tests/test_r4_research_library_mounted.py: File-backend implementation contract; covered by the default/File full suite
2026-10-09T17:39:08.2647477Z SKIPPED [2] tests/test_r4_research_library_mounted.py:68: File-backend implementation contract; covered by the default/File full suite
2026-10-09T17:39:08.2648280Z SKIPPED [5] tests/test_r4_research_library_mounted.py:83: File-backend implementation contract; covered by the default/File full suite
2026-10-09T17:39:08.2649042Z SKIPPED [11] tests/test_r4_revision_intelligence.py: File-backend implementation contract; covered by the default/File full suite
2026-10-09T17:39:08.2649788Z SKIPPED [1] tests/test_r4_revision_intelligence.py:96: File-backend implementation contract; covered by the default/File full suite
2026-10-09T17:39:08.2650550Z SKIPPED [1] tests/test_r4_revision_intelligence_mounted.py: File-backend implementation contract; covered by the default/File full suite
2026-10-09T17:39:08.2651319Z SKIPPED [2] tests/test_r4_selection_author_binding.py:99: File-backend implementation contract; covered by the default/File full suite
2026-10-09T17:39:08.2652098Z SKIPPED [2] tests/test_r4_selection_author_binding.py:112: File-backend implementation contract; covered by the default/File full suite
2026-10-09T17:39:08.2653128Z SKIPPED [2] tests/test_r4_selection_author_binding.py:126: File-backend implementation contract; covered by the default/File full suite
2026-10-09T17:39:08.2654035Z SKIPPED [2] tests/test_r4_selection_author_binding.py: File-backend implementation contract; covered by the default/File full suite
2026-10-09T17:39:08.2654775Z SKIPPED [5] tests/test_r4_story_graph.py: File-backend implementation contract; covered by the default/File full suite
2026-10-09T17:39:08.2655475Z SKIPPED [6] tests/test_r4_story_graph_mounted.py: File-backend implementation contract; covered by the default/File full suite
2026-10-09T17:39:08.2656199Z SKIPPED [2] tests/test_r4_story_simulator.py:118: File-backend implementation contract; covered by the default/File full suite
2026-10-09T17:39:08.2656910Z SKIPPED [5] tests/test_r4_story_simulator.py: File-backend implementation contract; covered by the default/File full suite
2026-10-09T17:39:08.2657612Z SKIPPED [4] tests/test_r4_story_simulator.py:151: File-backend implementation contract; covered by the default/File full suite
2026-10-09T17:39:08.2658333Z SKIPPED [18] tests/test_r4_story_simulator_model.py: File-backend implementation contract; covered by the default/File full suite
2026-10-09T17:39:08.2659090Z SKIPPED [6] tests/test_r4_story_simulator_model.py:108: File-backend implementation contract; covered by the default/File full suite
2026-10-09T17:39:08.2659838Z SKIPPED [5] tests/test_r4_story_simulator_model.py:166: File-backend implementation contract; covered by the default/File full suite
2026-10-09T17:39:08.2660581Z SKIPPED [2] tests/test_r4_story_simulator_model.py:184: File-backend implementation contract; covered by the default/File full suite
2026-10-09T17:39:08.2661336Z SKIPPED [2] tests/test_r4_story_simulator_model.py:238: File-backend implementation contract; covered by the default/File full suite
2026-10-09T17:39:08.2662092Z SKIPPED [6] tests/test_r4_story_simulator_model.py:316: File-backend implementation contract; covered by the default/File full suite
2026-10-09T17:39:08.2663040Z SKIPPED [2] tests/test_r4_story_simulator_mounted.py: File-backend implementation contract; covered by the default/File full suite
2026-10-09T17:39:08.2663799Z SKIPPED [8] tests/test_r4_style_judge.py: File-backend implementation contract; covered by the default/File full suite
2026-10-09T17:39:08.2664683Z SKIPPED [4] tests/test_r4_style_judge_mounted.py: File-backend implementation contract; covered by the default/File full suite
2026-10-09T17:39:08.2665449Z SKIPPED [9] tests/test_r4_style_judge_mounted.py:71: File-backend implementation contract; covered by the default/File full suite
2026-10-09T17:39:08.2666222Z SKIPPED [1] tests/test_r4_timeline_exchange.py: File-backend implementation contract; covered by the default/File full suite
2026-10-09T17:39:08.2666972Z SKIPPED [3] tests/test_r4_workspace_resume.py: File-backend implementation contract; covered by the default/File full suite
2026-10-09T17:39:08.2667720Z SKIPPED [3] tests/test_r4_workspace_resume.py:177: File-backend implementation contract; covered by the default/File full suite
2026-10-09T17:39:08.2668457Z SKIPPED [10] tests/test_r4_workspace_tools.py: File-backend implementation contract; covered by the default/File full suite
2026-10-09T17:39:08.2669194Z SKIPPED [5] tests/test_r4_writing_focus.py: File-backend implementation contract; covered by the default/File full suite
2026-10-09T17:39:08.2669888Z SKIPPED [8] tests/test_r5_comic_layouts.py: File-backend implementation contract; covered by the default/File full suite
2026-10-09T17:39:08.2670577Z SKIPPED [3] tests/test_r5_comic_layouts.py:105: File-backend implementation contract; covered by the default/File full suite
2026-10-09T17:39:08.2671278Z SKIPPED [1] tests/test_r5_comic_layouts.py:126: File-backend implementation contract; covered by the default/File full suite
2026-10-09T17:39:08.2671973Z SKIPPED [4] tests/test_r5_comic_mounted.py: File-backend implementation contract; covered by the default/File full suite
2026-10-09T17:39:08.2672679Z SKIPPED [3] tests/test_r5_comic_mounted.py:49: File-backend implementation contract; covered by the default/File full suite
2026-10-09T17:39:08.2673556Z SKIPPED [1] tests/test_r5_comic_mounted.py:68: File-backend implementation contract; covered by the default/File full suite
2026-10-09T17:39:08.2674427Z SKIPPED [3] tests/test_r5_declarative_job_bounds.py: File-backend implementation contract; covered by the default/File full suite
2026-10-09T17:39:08.2675172Z SKIPPED [16] tests/test_r5_declarative_model.py: File-backend implementation contract; covered by the default/File full suite
2026-10-09T17:39:08.2675901Z SKIPPED [1] tests/test_r5_declarative_mounted.py: File-backend implementation contract; covered by the default/File full suite
2026-10-09T17:39:08.2676638Z SKIPPED [9] tests/test_r5_declarative_templates.py: File-backend implementation contract; covered by the default/File full suite
2026-10-09T17:39:08.2677392Z SKIPPED [3] tests/test_r5_declarative_templates.py:91: File-backend implementation contract; covered by the default/File full suite
2026-10-09T17:39:08.2678155Z SKIPPED [7] tests/test_r5_declarative_templates.py:177: File-backend implementation contract; covered by the default/File full suite
2026-10-09T17:39:08.2678895Z SKIPPED [8] tests/test_r5_interactive_story.py: File-backend implementation contract; covered by the default/File full suite
2026-10-09T17:39:08.2679618Z SKIPPED [4] tests/test_r5_interactive_story.py:89: File-backend implementation contract; covered by the default/File full suite
2026-10-09T17:39:08.2680350Z SKIPPED [5] tests/test_r5_interactive_story.py:122: File-backend implementation contract; covered by the default/File full suite
2026-10-09T17:39:08.2681108Z SKIPPED [7] tests/test_r5_interactive_story_mounted.py: File-backend implementation contract; covered by the default/File full suite
2026-10-09T17:39:08.2681863Z SKIPPED [6] tests/test_r5_multilingual_editions.py: File-backend implementation contract; covered by the default/File full suite
2026-10-09T17:39:08.2682614Z SKIPPED [3] tests/test_r5_multilingual_editions.py:118: File-backend implementation contract; covered by the default/File full suite
2026-10-09T17:39:08.2683592Z SKIPPED [8] tests/test_r5_multilingual_editions_mounted.py: File-backend implementation contract; covered by the default/File full suite
2026-10-09T17:39:08.2684557Z SKIPPED [3] tests/test_r5_multilingual_editions_mounted.py:84: File-backend implementation contract; covered by the default/File full suite
2026-10-09T17:39:08.2685370Z SKIPPED [2] tests/test_r5_multilingual_editions_mounted.py:99: File-backend implementation contract; covered by the default/File full suite
2026-10-09T17:39:08.2686175Z SKIPPED [14] tests/test_r5_multilingual_translation.py: File-backend implementation contract; covered by the default/File full suite
2026-10-09T17:39:08.2686962Z SKIPPED [3] tests/test_r5_multilingual_translation.py:263: File-backend implementation contract; covered by the default/File full suite
2026-10-09T17:39:08.2687712Z SKIPPED [16] tests/test_r5_offline_sync.py: File-backend implementation contract; covered by the default/File full suite
2026-10-09T17:39:08.2688433Z SKIPPED [5] tests/test_r5_offline_sync_mounted.py: File-backend implementation contract; covered by the default/File full suite
2026-10-09T17:39:08.2689184Z SKIPPED [4] tests/test_r5_offline_sync_mounted.py:77: File-backend implementation contract; covered by the default/File full suite
2026-10-09T17:39:08.2689943Z SKIPPED [3] tests/test_r5_offline_sync_mounted.py:140: File-backend implementation contract; covered by the default/File full suite
2026-10-09T17:39:08.2690674Z SKIPPED [1] tests/test_r5_offline_sync_tcp.py:78: explicit real-loopback subprocess gate; not an in-process substitute
2026-10-09T17:39:08.2691385Z SKIPPED [7] tests/test_r5_pause_aware_audio.py: File-backend implementation contract; covered by the default/File full suite
2026-10-09T17:39:08.2692109Z SKIPPED [11] tests/test_r5_project_forks.py: File-backend implementation contract; covered by the default/File full suite
2026-10-09T17:39:08.2693018Z SKIPPED [1] tests/test_r5_project_forks.py:130: File-backend implementation contract; covered by the default/File full suite
2026-10-09T17:39:08.2693796Z SKIPPED [3] tests/test_r5_project_forks_mounted.py:74: File-backend implementation contract; covered by the default/File full suite
2026-10-09T17:39:08.2694723Z SKIPPED [3] tests/test_r5_project_forks_mounted.py: File-backend implementation contract; covered by the default/File full suite
2026-10-09T17:39:08.2695477Z SKIPPED [3] tests/test_r5_structured_forks.py: File-backend implementation contract; covered by the default/File full suite
2026-10-09T17:39:08.2696215Z SKIPPED [2] tests/test_r5_structured_forks.py:115: File-backend implementation contract; covered by the default/File full suite
2026-10-09T17:39:08.2696948Z SKIPPED [3] tests/test_r5_structured_forks.py:174: File-backend implementation contract; covered by the default/File full suite
2026-10-09T17:39:08.2697703Z SKIPPED [4] tests/test_r5_structured_forks_mounted.py: File-backend implementation contract; covered by the default/File full suite
2026-10-09T17:39:08.2698480Z SKIPPED [6] tests/test_r5_structured_forks_mounted.py:53: File-backend implementation contract; covered by the default/File full suite
2026-10-09T17:39:08.2699246Z SKIPPED [4] tests/test_r5_voice_subtitles.py: File-backend implementation contract; covered by the default/File full suite
2026-10-09T17:39:08.2699975Z SKIPPED [1] tests/test_r5_voice_subtitles.py:180: File-backend implementation contract; covered by the default/File full suite
2026-10-09T17:39:08.2700736Z SKIPPED [10] tests/test_r5_voice_subtitles_mounted.py: File-backend implementation contract; covered by the default/File full suite
2026-10-09T17:39:08.2701493Z SKIPPED [14] tests/test_r5_writer_room_mounted.py: File-backend implementation contract; covered by the default/File full suite
2026-10-09T17:39:08.2702155Z SKIPPED [1] tests/test_runtime_ownership_foundation_v070.py:141: Windows named mutex contract
2026-10-09T17:39:08.2702708Z SKIPPED [1] tests/test_runtime_ownership_foundation_v070.py:289: Windows Job Object contract
2026-10-09T17:39:08.2703529Z SKIPPED [16] tests/test_shared_generation_stream_authority.py:262: File-backend implementation contract; covered by the default/File full suite
2026-10-09T17:39:08.2704550Z SKIPPED [2] tests/test_shared_generation_stream_authority.py:292: File-backend implementation contract; covered by the default/File full suite
2026-10-09T17:39:08.2705394Z SKIPPED [8] tests/test_shared_generation_stream_authority.py: File-backend implementation contract; covered by the default/File full suite
2026-10-09T17:39:08.2706237Z SKIPPED [4] tests/test_shared_generation_stream_authority.py:362: File-backend implementation contract; covered by the default/File full suite
2026-10-09T17:39:08.2707085Z SKIPPED [8] tests/test_shared_generation_stream_authority.py:513: File-backend implementation contract; covered by the default/File full suite
2026-10-09T17:39:08.2707939Z SKIPPED [31] tests/test_shared_generation_terminal_protocol.py:82: File-backend implementation contract; covered by the default/File full suite
2026-10-09T17:39:08.2708799Z SKIPPED [8] tests/test_shared_generation_terminal_protocol.py:108: File-backend implementation contract; covered by the default/File full suite
2026-10-09T17:39:08.2709649Z SKIPPED [8] tests/test_shared_generation_terminal_protocol.py: File-backend implementation contract; covered by the default/File full suite
2026-10-09T17:39:08.2710501Z SKIPPED [4] tests/test_shared_generation_terminal_protocol.py:158: File-backend implementation contract; covered by the default/File full suite
2026-10-09T17:39:08.2711348Z SKIPPED [1] tests/test_shared_generation_terminal_protocol.py:175: File-backend implementation contract; covered by the default/File full suite
2026-10-09T17:39:08.2712193Z SKIPPED [2] tests/test_shared_generation_terminal_protocol.py:196: File-backend implementation contract; covered by the default/File full suite
2026-10-09T17:39:08.2713265Z SKIPPED [4] tests/test_shared_generation_terminal_protocol.py:221: File-backend implementation contract; covered by the default/File full suite
2026-10-09T17:39:08.2714147Z SKIPPED [6] tests/test_shared_generation_terminal_protocol.py:345: File-backend implementation contract; covered by the default/File full suite
2026-10-09T17:39:08.2715242Z SKIPPED [5] tests/test_shared_generation_terminal_protocol.py:357: File-backend implementation contract; covered by the default/File full suite
2026-10-09T17:39:08.2716130Z SKIPPED [44] tests/test_shared_project_route_authority.py:103: File-backend implementation contract; covered by the default/File full suite
2026-10-09T17:39:08.2716978Z SKIPPED [41] tests/test_shared_project_route_authority.py:120: File-backend implementation contract; covered by the default/File full suite
2026-10-09T17:39:08.2717816Z SKIPPED [18] tests/test_shared_project_route_authority.py:143: File-backend implementation contract; covered by the default/File full suite
2026-10-09T17:39:08.2718670Z SKIPPED [43] tests/test_shared_project_route_authority.py: File-backend implementation contract; covered by the default/File full suite
2026-10-09T17:39:08.2719484Z SKIPPED [34] tests/test_shared_project_route_authority.py:283: File-backend implementation contract; covered by the default/File full suite
2026-10-09T17:39:08.2720312Z SKIPPED [18] tests/test_shared_project_route_authority.py:352: File-backend implementation contract; covered by the default/File full suite
2026-10-09T17:39:08.2721129Z SKIPPED [24] tests/test_shared_project_route_authority.py:388: File-backend implementation contract; covered by the default/File full suite
2026-10-09T17:39:08.2721923Z SKIPPED [1] tests/test_structured_record_cas.py: File-backend implementation contract; covered by the default/File full suite
2026-10-09T17:39:08.2722715Z SKIPPED [8] tests/test_surface_adaptation_lifecycle.py: File-backend implementation contract; covered by the default/File full suite
2026-10-09T17:39:08.2723760Z SKIPPED [1] tests/test_surface_adaptation_projection.py: File-backend implementation contract; covered by the default/File full suite
2026-10-09T17:39:08.2724586Z SKIPPED [6] tests/test_surface_adapter_capacity.py:74: File-backend implementation contract; covered by the default/File full suite
2026-10-09T17:39:08.2725388Z SKIPPED [17] tests/test_surface_adapter_capacity.py: File-backend implementation contract; covered by the default/File full suite
2026-10-09T17:39:08.2726332Z SKIPPED [3] tests/test_surface_adapter_capacity.py:110: File-backend implementation contract; covered by the default/File full suite
2026-10-09T17:39:08.2727153Z SKIPPED [3] tests/test_surface_adapter_projection.py:53: File-backend implementation contract; covered by the default/File full suite
2026-10-09T17:39:08.2727969Z SKIPPED [2] tests/test_surface_adapter_projection.py:84: File-backend implementation contract; covered by the default/File full suite
2026-10-09T17:39:08.2728780Z SKIPPED [2] tests/test_surface_adapter_projection.py:101: File-backend implementation contract; covered by the default/File full suite
2026-10-09T17:39:08.2729579Z SKIPPED [2] tests/test_surface_adapter_projection.py:122: File-backend implementation contract; covered by the default/File full suite
2026-10-09T17:39:08.2730382Z SKIPPED [1] tests/test_surface_adapter_projection.py:138: File-backend implementation contract; covered by the default/File full suite
2026-10-09T17:39:08.2731183Z SKIPPED [4] tests/test_surface_adapter_projection.py:147: File-backend implementation contract; covered by the default/File full suite
2026-10-09T17:39:08.2731976Z SKIPPED [4] tests/test_surface_adapter_projection.py: File-backend implementation contract; covered by the default/File full suite
2026-10-09T17:39:08.2732770Z SKIPPED [2] tests/test_surface_adapter_projection.py:171: File-backend implementation contract; covered by the default/File full suite
2026-10-09T17:39:08.2733778Z SKIPPED [3] tests/test_surface_adapter_projection.py:185: File-backend implementation contract; covered by the default/File full suite
2026-10-09T17:39:08.2734581Z SKIPPED [2] tests/test_surface_adapter_projection.py:203: File-backend implementation contract; covered by the default/File full suite
2026-10-09T17:39:08.2735374Z SKIPPED [4] tests/test_surface_adapter_projection.py:236: File-backend implementation contract; covered by the default/File full suite
2026-10-09T17:39:08.2736306Z SKIPPED [1] tests/test_surface_adapter_projection.py:264: File-backend implementation contract; covered by the default/File full suite
2026-10-09T17:39:08.2737117Z SKIPPED [1] tests/test_surface_adapter_projection.py:273: File-backend implementation contract; covered by the default/File full suite
2026-10-09T17:39:08.2737924Z SKIPPED [2] tests/test_surface_adapter_projection.py:286: File-backend implementation contract; covered by the default/File full suite
2026-10-09T17:39:08.2738725Z SKIPPED [1] tests/test_surface_adapter_projection.py:302: File-backend implementation contract; covered by the default/File full suite
2026-10-09T17:39:08.2739516Z SKIPPED [4] tests/test_surface_adapter_projection.py:317: File-backend implementation contract; covered by the default/File full suite
2026-10-09T17:39:08.2740333Z SKIPPED [5] tests/test_surface_branch_generation_stream.py:47: File-backend implementation contract; covered by the default/File full suite
2026-10-09T17:39:08.2741166Z SKIPPED [2] tests/test_surface_branch_generation_stream.py: File-backend implementation contract; covered by the default/File full suite
2026-10-09T17:39:08.2741980Z SKIPPED [5] tests/test_surface_branch_generation_stream.py:94: File-backend implementation contract; covered by the default/File full suite
2026-10-09T17:39:08.2742900Z SKIPPED [8] tests/test_surface_branch_generation_stream.py:144: File-backend implementation contract; covered by the default/File full suite
2026-10-09T17:39:08.2743714Z SKIPPED [6] tests/test_surface_branch_manuscript.py: File-backend implementation contract; covered by the default/File full suite
2026-10-09T17:39:08.2744518Z SKIPPED [12] tests/test_surface_branch_manuscript_mounted.py: File-backend implementation contract; covered by the default/File full suite
2026-10-09T17:39:08.2745352Z SKIPPED [5] tests/test_surface_branch_manuscript_mounted.py:273: File-backend implementation contract; covered by the default/File full suite
2026-10-09T17:39:08.2746194Z SKIPPED [2] tests/test_surface_browser_authority_contracts.py: File-backend implementation contract; covered by the default/File full suite
2026-10-09T17:39:08.2747186Z SKIPPED [4] tests/test_surface_continuity_timeline_identity.py:45: File-backend implementation contract; covered by the default/File full suite
2026-10-09T17:39:08.2748076Z SKIPPED [3] tests/test_surface_continuity_timeline_identity.py: File-backend implementation contract; covered by the default/File full suite
2026-10-09T17:39:08.2748901Z SKIPPED [4] tests/test_surface_core_story_record_api.py:24: File-backend implementation contract; covered by the default/File full suite
2026-10-09T17:39:08.2749694Z SKIPPED [2] tests/test_surface_core_story_record_api.py:56: File-backend implementation contract; covered by the default/File full suite
2026-10-09T17:39:08.2750485Z SKIPPED [7] tests/test_surface_core_story_record_api.py:78: File-backend implementation contract; covered by the default/File full suite
2026-10-09T17:39:08.2751278Z SKIPPED [1] tests/test_surface_core_story_record_api.py:94: File-backend implementation contract; covered by the default/File full suite
2026-10-09T17:39:08.2752073Z SKIPPED [2] tests/test_surface_core_story_records.py:166: File-backend implementation contract; covered by the default/File full suite
2026-10-09T17:39:08.2752958Z SKIPPED [1] tests/test_surface_core_story_records.py:193: File-backend implementation contract; covered by the default/File full suite
2026-10-09T17:39:08.2753744Z SKIPPED [1] tests/test_surface_core_story_records.py:217: File-backend implementation contract; covered by the default/File full suite
2026-10-09T17:39:08.2754528Z SKIPPED [1] tests/test_surface_core_story_records.py: File-backend implementation contract; covered by the default/File full suite
2026-10-09T17:39:08.2755375Z SKIPPED [1] tests/test_surface_embedding_invalidation_receipts.py: File-backend implementation contract; covered by the default/File full suite
2026-10-09T17:39:08.2756332Z SKIPPED [2] tests/test_surface_finding_review.py:55: File-backend implementation contract; covered by the default/File full suite
2026-10-09T17:39:08.2757108Z SKIPPED [7] tests/test_surface_finding_review.py: File-backend implementation contract; covered by the default/File full suite
2026-10-09T17:39:08.2757869Z SKIPPED [1] tests/test_surface_finding_review.py:117: File-backend implementation contract; covered by the default/File full suite
2026-10-09T17:39:08.2758633Z SKIPPED [2] tests/test_surface_finding_review.py:229: File-backend implementation contract; covered by the default/File full suite
2026-10-09T17:39:08.2759390Z SKIPPED [2] tests/test_surface_finding_review.py:241: File-backend implementation contract; covered by the default/File full suite
2026-10-09T17:39:08.2760176Z SKIPPED [4] tests/test_surface_findings_canon_inbox.py:27: File-backend implementation contract; covered by the default/File full suite
2026-10-09T17:39:08.2760977Z SKIPPED [6] tests/test_surface_findings_canon_inbox.py: File-backend implementation contract; covered by the default/File full suite
2026-10-09T17:39:08.2761832Z SKIPPED [18] tests/test_surface_freeze_media_engine_adapters.py: File-backend implementation contract; covered by the default/File full suite
2026-10-09T17:39:08.2762694Z SKIPPED [2] tests/test_surface_freeze_media_engine_adapters.py:403: File-backend implementation contract; covered by the default/File full suite
2026-10-09T17:39:08.2763768Z SKIPPED [1] tests/test_surface_freeze_media_engine_adapters.py:472: File-backend implementation contract; covered by the default/File full suite
2026-10-09T17:39:08.2764602Z SKIPPED [1] tests/test_surface_hybrid_read_authority.py: File-backend implementation contract; covered by the default/File full suite
2026-10-09T17:39:08.2765415Z SKIPPED [3] tests/test_surface_hybrid_read_authority.py:102: File-backend implementation contract; covered by the default/File full suite
2026-10-09T17:39:08.2766238Z SKIPPED [3] tests/test_surface_interop_branch_authority.py:146: File-backend implementation contract; covered by the default/File full suite
2026-10-09T17:39:13.2873429Z SKIPPED [3] tests/test_surface_interop_branch_authority.py: File-backend implementation contract; covered by the default/File full suite
2026-10-09T17:39:13.2874696Z SKIPPED [3] tests/test_surface_interop_branch_authority.py:329: File-backend implementation contract; covered by the default/File full suite
2026-10-09T17:39:13.2875735Z SKIPPED [14] tests/test_surface_pending_canon_review.py: File-backend implementation contract; covered by the default/File full suite
2026-10-09T17:39:13.2876569Z SKIPPED [2] tests/test_surface_pending_canon_review.py:299: File-backend implementation contract; covered by the default/File full suite
2026-10-09T17:39:13.2877348Z SKIPPED [8] tests/test_surface_production_sync.py: File-backend implementation contract; covered by the default/File full suite
2026-10-09T17:39:13.2878134Z SKIPPED [8] tests/test_surface_realtime_collaboration.py: File-backend implementation contract; covered by the default/File full suite
2026-10-09T17:39:13.2878993Z SKIPPED [4] tests/test_surface_realtime_collaboration.py:176: File-backend implementation contract; covered by the default/File full suite
2026-10-09T17:39:13.2879784Z SKIPPED [7] tests/test_surface_search_visual_research.py: File-backend implementation contract; covered by the default/File full suite
2026-10-09T17:39:13.2880554Z SKIPPED [3] tests/test_surface_search_visual_research.py:127: File-backend implementation contract; covered by the default/File full suite
2026-10-09T17:39:13.2881342Z SKIPPED [3] tests/test_surface_search_visual_research.py:182: File-backend implementation contract; covered by the default/File full suite
2026-10-09T17:39:13.2882129Z SKIPPED [3] tests/test_surface_search_visual_research.py:242: File-backend implementation contract; covered by the default/File full suite
2026-10-09T17:39:13.2883145Z SKIPPED [4] tests/test_surface_story_record_api.py: File-backend implementation contract; covered by the default/File full suite
2026-10-09T17:39:13.2884161Z SKIPPED [1] tests/test_surface_story_record_versions.py:37: File-backend implementation contract; covered by the default/File full suite
2026-10-09T17:39:13.2884973Z SKIPPED [4] tests/test_surface_story_record_versions.py: File-backend implementation contract; covered by the default/File full suite
2026-10-09T17:39:13.2885763Z SKIPPED [2] tests/test_surface_story_record_versions.py:83: File-backend implementation contract; covered by the default/File full suite
2026-10-09T17:39:13.2886547Z SKIPPED [1] tests/test_surface_story_record_versions.py:147: File-backend implementation contract; covered by the default/File full suite
2026-10-09T17:39:13.2887315Z SKIPPED [1] tests/test_surface_story_record_versions.py:178: File-backend implementation contract; covered by the default/File full suite
2026-10-09T17:39:13.2888142Z SKIPPED [8] tests/test_surface_workspace_interaction.py: File-backend implementation contract; covered by the default/File full suite
2026-10-09T17:39:13.2888935Z SKIPPED [2] tests/test_surface_workspace_interaction.py:78: File-backend implementation contract; covered by the default/File full suite
2026-10-09T17:39:13.2889722Z SKIPPED [1] tests/test_v060_project_path_persistence.py:10: File-backend implementation contract; covered by the default/File full suite
2026-10-09T17:39:13.2890480Z SKIPPED [1] tests/test_v060_project_path_persistence.py:31: File-backend implementation contract; covered by the default/File full suite
2026-10-09T17:39:13.2891232Z SKIPPED [2] tests/test_v2_asset_relationships.py:55: File-backend implementation contract; covered by the default/File full suite
2026-10-09T17:39:13.2891960Z SKIPPED [2] tests/test_v2_asset_relationships.py:86: File-backend implementation contract; covered by the default/File full suite
2026-10-09T17:39:13.2892694Z SKIPPED [9] tests/test_v2_asset_relationships.py: File-backend implementation contract; covered by the default/File full suite
2026-10-09T17:39:13.2893605Z SKIPPED [4] tests/test_v2_asset_relationships.py:164: File-backend implementation contract; covered by the default/File full suite
2026-10-09T17:39:13.2894527Z SKIPPED [2] tests/test_v2_asset_relationships.py:217: File-backend implementation contract; covered by the default/File full suite
2026-10-09T17:39:13.2895255Z SKIPPED [2] tests/test_v2_asset_relationships.py:237: File-backend implementation contract; covered by the default/File full suite
2026-10-09T17:39:13.2895977Z SKIPPED [1] tests/test_v2_asset_relationships.py:334: File-backend implementation contract; covered by the default/File full suite
2026-10-09T17:39:13.2896712Z SKIPPED [1] tests/test_v2_creative_foundation.py:81: File-backend implementation contract; covered by the default/File full suite
2026-10-09T17:39:13.2897430Z SKIPPED [8] tests/test_v2_creative_foundation.py: File-backend implementation contract; covered by the default/File full suite
2026-10-09T17:39:13.2898154Z SKIPPED [3] tests/test_v2_creative_foundation.py:197: File-backend implementation contract; covered by the default/File full suite
2026-10-09T17:39:13.2898876Z SKIPPED [4] tests/test_v2_creative_graph_api.py: File-backend implementation contract; covered by the default/File full suite
2026-10-09T17:39:13.2899584Z SKIPPED [2] tests/test_v2_creative_graph_api.py:85: File-backend implementation contract; covered by the default/File full suite
2026-10-09T17:39:13.2900293Z SKIPPED [1] tests/test_v2_creative_graph_api.py:134: File-backend implementation contract; covered by the default/File full suite
2026-10-09T17:39:13.2901041Z SKIPPED [12] tests/test_v2_creative_graph_execution.py: File-backend implementation contract; covered by the default/File full suite
2026-10-09T17:39:13.2901800Z SKIPPED [6] tests/test_v2_creative_graph_execution.py:291: File-backend implementation contract; covered by the default/File full suite
2026-10-09T17:39:13.2902558Z SKIPPED [8] tests/test_v2_creative_graph_persistence.py: File-backend implementation contract; covered by the default/File full suite
2026-10-09T17:39:13.2903752Z SKIPPED [6] tests/test_v2_creative_project_lifecycle.py: File-backend implementation contract; covered by the default/File full suite
2026-10-09T17:39:13.2904530Z SKIPPED [3] tests/test_v2_creative_project_lifecycle.py:299: File-backend implementation contract; covered by the default/File full suite
2026-10-09T17:39:13.2905283Z SKIPPED [4] tests/test_v2_creative_workflows.py:65: File-backend implementation contract; covered by the default/File full suite
2026-10-09T17:39:13.2906016Z SKIPPED [19] tests/test_v2_creative_workflows.py: File-backend implementation contract; covered by the default/File full suite
2026-10-09T17:39:13.2906752Z SKIPPED [9] tests/test_v2_creative_workflows.py:284: File-backend implementation contract; covered by the default/File full suite
2026-10-09T17:39:13.2907472Z SKIPPED [5] tests/test_v2_creative_workflows.py:504: File-backend implementation contract; covered by the default/File full suite
2026-10-09T17:39:13.2908194Z SKIPPED [11] tests/test_v2_independent_workspace.py: File-backend implementation contract; covered by the default/File full suite
2026-10-09T17:39:13.2908943Z SKIPPED [1] tests/test_v2_independent_workspace.py:218: File-backend implementation contract; covered by the default/File full suite
2026-10-09T17:39:13.2909685Z SKIPPED [5] tests/test_v2_independent_workspace.py:398: File-backend implementation contract; covered by the default/File full suite
2026-10-09T17:39:13.2910428Z SKIPPED [4] tests/test_v2_independent_workspace.py:417: File-backend implementation contract; covered by the default/File full suite
2026-10-09T17:39:13.2911168Z SKIPPED [3] tests/test_v2_independent_workspace.py:497: File-backend implementation contract; covered by the default/File full suite
2026-10-09T17:39:13.2911908Z SKIPPED [2] tests/test_v2_independent_workspace.py:512: File-backend implementation contract; covered by the default/File full suite
2026-10-09T17:39:13.2912645Z SKIPPED [2] tests/test_v2_independent_workspace.py:552: File-backend implementation contract; covered by the default/File full suite
2026-10-09T17:39:13.2913589Z SKIPPED [5] tests/test_v2_independent_workspace.py:673: File-backend implementation contract; covered by the default/File full suite
2026-10-09T17:39:13.2914472Z SKIPPED [2] tests/test_v2_independent_workspace.py:755: File-backend implementation contract; covered by the default/File full suite
2026-10-09T17:39:13.2915219Z SKIPPED [4] tests/test_v2_independent_workspace.py:977: File-backend implementation contract; covered by the default/File full suite
2026-10-09T17:39:13.2915967Z SKIPPED [8] tests/test_v2_independent_workspace_api.py: File-backend implementation contract; covered by the default/File full suite
2026-10-09T17:39:13.2916721Z SKIPPED [4] tests/test_v2_independent_workspace_api.py:79: File-backend implementation contract; covered by the default/File full suite
2026-10-09T17:39:13.2917481Z SKIPPED [1] tests/test_v2_independent_workspace_api.py:165: File-backend implementation contract; covered by the default/File full suite
2026-10-09T17:39:13.2918245Z SKIPPED [6] tests/test_v2_independent_workspace_api.py:243: File-backend implementation contract; covered by the default/File full suite
2026-10-09T17:39:13.2918986Z SKIPPED [6] tests/test_v2_storage_admission.py: File-backend implementation contract; covered by the default/File full suite
2026-10-09T17:39:13.2919706Z SKIPPED [3] tests/test_v2_storage_admission.py:84: File-backend implementation contract; covered by the default/File full suite
2026-10-09T17:39:13.2920402Z SKIPPED [2] tests/test_v2_task_router.py:21: File-backend implementation contract; covered by the default/File full suite
2026-10-09T17:39:13.2921074Z SKIPPED [5] tests/test_v2_task_router.py: File-backend implementation contract; covered by the default/File full suite
2026-10-09T17:39:13.2921809Z SKIPPED [2] tests/test_writer_room_comment_authority_seam.py: File-backend implementation contract; covered by the default/File full suite
2026-10-09T17:39:13.2922441Z 3393 passed, 1800 skipped, 5187 deselected, 2 warnings in 2523.52s (0:42:03)
2026-10-09T17:39:18.1581857Z ##[group]Run python .github/ci/receipt.py "$CI_RECEIPTS"
2026-10-09T17:39:18.1582278Z [36;1mpython .github/ci/receipt.py "$CI_RECEIPTS"[0m
2026-10-09T17:39:18.1650526Z shell: /usr/bin/bash -e {0}
2026-10-09T17:39:18.1650800Z env:
2026-10-09T17:39:18.1650991Z   MOCK_PROVIDER: true
2026-10-09T17:39:18.1651209Z   MOCK_STREAM_DELAY_MS: 0
2026-10-09T17:39:18.1651424Z   ENABLE_CLOUD: false
2026-10-09T17:39:18.1651637Z   CREDENTIAL_VAULT_BACKEND: memory
2026-10-09T17:39:18.1651915Z   CREDENTIAL_VAULT_ALLOW_MEMORY_FALLBACK: true
2026-10-09T17:39:18.1652206Z   PYTHONDONTWRITEBYTECODE: 1
2026-10-09T17:39:18.1652439Z   HF_HUB_OFFLINE: 1
2026-10-09T17:39:18.1652636Z   TRANSFORMERS_OFFLINE: 1
2026-10-09T17:39:18.1653168Z   pythonLocation: /opt/hostedtoolcache/Python/3.12.9/x64
2026-10-09T17:39:18.1653744Z   PKG_CONFIG_PATH: /opt/hostedtoolcache/Python/3.12.9/x64/lib/pkgconfig
2026-10-09T17:39:18.1654302Z   Python_ROOT_DIR: /opt/hostedtoolcache/Python/3.12.9/x64
2026-10-09T17:39:18.1654814Z   Python2_ROOT_DIR: /opt/hostedtoolcache/Python/3.12.9/x64
2026-10-09T17:39:18.1655175Z   Python3_ROOT_DIR: /opt/hostedtoolcache/Python/3.12.9/x64
2026-10-09T17:39:18.1655533Z   LD_LIBRARY_PATH: /opt/hostedtoolcache/Python/3.12.9/x64/lib
2026-10-09T17:39:18.1655929Z   CI_COVERAGE_SHA: c386b0608ae92d18c351b5cb6e367380808a45cf
2026-10-09T17:39:18.1656282Z   CI_COVERAGE_TREE: 2ec6365e1f1f183f029c9f0a94d040d134e22b47
2026-10-09T17:39:18.1656702Z   CI_SANDBOX: /home/runner/work/_temp/novel-ci-backend-postgres-shard-1.aRA7Uq
2026-10-09T17:39:18.1657205Z   CI_PROJECT: /home/runner/work/_temp/novel-ci-backend-postgres-shard-1.aRA7Uq/project
2026-10-09T17:39:18.1657745Z   CI_RECEIPTS: /home/runner/work/_temp/novel-ci-backend-postgres-shard-1.aRA7Uq/receipts
2026-10-09T17:39:18.1658351Z   HOME: /home/runner/work/_temp/novel-ci-backend-postgres-shard-1.aRA7Uq/project/.runtime/ci-backend/home
2026-10-09T17:39:18.1659032Z   USERPROFILE: /home/runner/work/_temp/novel-ci-backend-postgres-shard-1.aRA7Uq/project/.runtime/ci-backend/home
2026-10-09T17:39:18.1659734Z   APPDATA: /home/runner/work/_temp/novel-ci-backend-postgres-shard-1.aRA7Uq/project/.runtime/ci-backend/appdata
2026-10-09T17:39:18.1660702Z   LOCALAPPDATA: /home/runner/work/_temp/novel-ci-backend-postgres-shard-1.aRA7Uq/project/.runtime/ci-backend/localappdata
2026-10-09T17:39:18.1661435Z   XDG_CONFIG_HOME: /home/runner/work/_temp/novel-ci-backend-postgres-shard-1.aRA7Uq/project/.runtime/ci-backend/config
2026-10-09T17:39:18.1662153Z   XDG_CACHE_HOME: /home/runner/work/_temp/novel-ci-backend-postgres-shard-1.aRA7Uq/project/.runtime/ci-backend/cache
2026-10-09T17:39:18.1663068Z   XDG_DATA_HOME: /home/runner/work/_temp/novel-ci-backend-postgres-shard-1.aRA7Uq/project/.runtime/ci-backend/data
2026-10-09T17:39:18.1663791Z   XDG_STATE_HOME: /home/runner/work/_temp/novel-ci-backend-postgres-shard-1.aRA7Uq/project/.runtime/ci-backend/state
2026-10-09T17:39:18.1664476Z   TMPDIR: /home/runner/work/_temp/novel-ci-backend-postgres-shard-1.aRA7Uq/project/.runtime/ci-backend/tmp
2026-10-09T17:39:18.1665130Z   TMP: /home/runner/work/_temp/novel-ci-backend-postgres-shard-1.aRA7Uq/project/.runtime/ci-backend/tmp
2026-10-09T17:39:18.1665773Z   TEMP: /home/runner/work/_temp/novel-ci-backend-postgres-shard-1.aRA7Uq/project/.runtime/ci-backend/tmp
2026-10-09T17:39:18.1666403Z   PROJECT_ROOT: /home/runner/work/_temp/novel-ci-backend-postgres-shard-1.aRA7Uq/project
2026-10-09T17:39:18.1667064Z   NOVEL_DATA_PATH: /home/runner/work/_temp/novel-ci-backend-postgres-shard-1.aRA7Uq/project/.runtime/ci-backend/data/novels
2026-10-09T17:39:18.1667805Z   BACKUP_PATH: /home/runner/work/_temp/novel-ci-backend-postgres-shard-1.aRA7Uq/project/.runtime/ci-backend/data/backups
2026-10-09T17:39:18.1668594Z   DATABASE_BACKUP_PATH: /home/runner/work/_temp/novel-ci-backend-postgres-shard-1.aRA7Uq/project/.runtime/ci-backend/data/database-backups
2026-10-09T17:39:18.1669407Z   KNOWLEDGE_SOURCE_PATH: /home/runner/work/_temp/novel-ci-backend-postgres-shard-1.aRA7Uq/project/.runtime/ci-backend/data/novels
2026-10-09T17:39:18.1670335Z   CI_V2_RUNTIME: /home/runner/work/_temp/novel-ci-backend-postgres-shard-1.aRA7Uq/project/.runtime/ci-backend
2026-10-09T17:39:18.1671022Z   R2_TEST_FONT_FILE: /home/runner/work/_temp/novel-ci-backend-postgres-shard-1.aRA7Uq/fonts/NotoSansSC-Regular.ttf
2026-10-09T17:39:18.1671490Z ##[endgroup]
2026-10-09T17:39:18.3181357Z {
2026-10-09T17:39:18.3183393Z   "revision": "checked_out_sha=c386b0608ae92d18c351b5cb6e367380808a45cf\nevent_sha=c386b0608ae92d18c351b5cb6e367380808a45cf\nrun_url=https://github.com/1785235376-blip/AI-Novel-Studio/actions/runs/37962531356\njob=backend-postgres-shard-1\nplatform=Linux; native Windows host/AppContainer/installer=NOT RUN\n",
2026-10-09T17:39:18.3185134Z   "test_reports": {
2026-10-09T17:39:18.3185421Z     "backend.xml": {
2026-10-09T17:39:18.3185698Z       "tests": 5193,
2026-10-09T17:39:18.3185967Z       "failures": 0,
2026-10-09T17:39:18.3186222Z       "errors": 0,
2026-10-09T17:39:18.3186481Z       "skipped": 1800
2026-10-09T17:39:18.3186751Z     },
2026-10-09T17:39:18.3187045Z     "coverage-harness.xml": {
2026-10-09T17:39:18.3187366Z       "tests": 174,
2026-10-09T17:39:18.3187619Z       "failures": 0,
2026-10-09T17:39:18.3187882Z       "errors": 0,
2026-10-09T17:39:18.3188132Z       "skipped": 0
2026-10-09T17:39:18.3188383Z     }
2026-10-09T17:39:18.3188604Z   },
2026-10-09T17:39:18.3188840Z   "report_status": "RECORDED",
2026-10-09T17:39:18.3189243Z   "native_windows_host_appcontainer_installer": "NOT RUN",
2026-10-09T17:39:18.3189700Z   "real_model_and_paid_provider_execution": "NOT RUN"
2026-10-09T17:39:18.3190066Z }
2026-10-09T17:39:18.3190198Z 
2026-10-09T17:39:18.3330703Z ##[group]Run actions/upload-artifact@v4.6.2
2026-10-09T17:39:18.3330978Z with:
2026-10-09T17:39:18.3331319Z   name: backend-postgres-shard-1-c386b0608ae92d18c351b5cb6e367380808a45cf-attempt-1
2026-10-09T17:39:18.3331847Z   path: /home/runner/work/_temp/novel-ci-backend-postgres-shard-1.aRA7Uq/receipts
2026-10-09T17:39:18.3332219Z   if-no-files-found: error
2026-10-09T17:39:18.3332438Z   retention-days: 14
2026-10-09T17:39:18.3332645Z   compression-level: 6
2026-10-09T17:39:18.3333237Z   overwrite: false
2026-10-09T17:39:18.3333446Z   include-hidden-files: false
2026-10-09T17:39:18.3333666Z env:
2026-10-09T17:39:18.3333845Z   MOCK_PROVIDER: true
2026-10-09T17:39:18.3334058Z   MOCK_STREAM_DELAY_MS: 0
2026-10-09T17:39:18.3334269Z   ENABLE_CLOUD: false
2026-10-09T17:39:18.3334479Z   CREDENTIAL_VAULT_BACKEND: memory
2026-10-09T17:39:18.3334743Z   CREDENTIAL_VAULT_ALLOW_MEMORY_FALLBACK: true
2026-10-09T17:39:18.3335024Z   PYTHONDONTWRITEBYTECODE: 1
2026-10-09T17:39:18.3335286Z   HF_HUB_OFFLINE: 1
2026-10-09T17:39:18.3335483Z   TRANSFORMERS_OFFLINE: 1
2026-10-09T17:39:18.3335745Z   pythonLocation: /opt/hostedtoolcache/Python/3.12.9/x64
2026-10-09T17:39:18.3336139Z   PKG_CONFIG_PATH: /opt/hostedtoolcache/Python/3.12.9/x64/lib/pkgconfig
2026-10-09T17:39:18.3336511Z   Python_ROOT_DIR: /opt/hostedtoolcache/Python/3.12.9/x64
2026-10-09T17:39:18.3336844Z   Python2_ROOT_DIR: /opt/hostedtoolcache/Python/3.12.9/x64
2026-10-09T17:39:18.3337171Z   Python3_ROOT_DIR: /opt/hostedtoolcache/Python/3.12.9/x64
2026-10-09T17:39:18.3337516Z   LD_LIBRARY_PATH: /opt/hostedtoolcache/Python/3.12.9/x64/lib
2026-10-09T17:39:18.3337858Z   CI_COVERAGE_SHA: c386b0608ae92d18c351b5cb6e367380808a45cf
2026-10-09T17:39:18.3338197Z   CI_COVERAGE_TREE: 2ec6365e1f1f183f029c9f0a94d040d134e22b47
2026-10-09T17:39:18.3338601Z   CI_SANDBOX: /home/runner/work/_temp/novel-ci-backend-postgres-shard-1.aRA7Uq
2026-10-09T17:39:18.3339087Z   CI_PROJECT: /home/runner/work/_temp/novel-ci-backend-postgres-shard-1.aRA7Uq/project
2026-10-09T17:39:18.3339600Z   CI_RECEIPTS: /home/runner/work/_temp/novel-ci-backend-postgres-shard-1.aRA7Uq/receipts
2026-10-09T17:39:18.3340183Z   HOME: /home/runner/work/_temp/novel-ci-backend-postgres-shard-1.aRA7Uq/project/.runtime/ci-backend/home
2026-10-09T17:39:18.3340879Z   USERPROFILE: /home/runner/work/_temp/novel-ci-backend-postgres-shard-1.aRA7Uq/project/.runtime/ci-backend/home
2026-10-09T17:39:18.3341562Z   APPDATA: /home/runner/work/_temp/novel-ci-backend-postgres-shard-1.aRA7Uq/project/.runtime/ci-backend/appdata
2026-10-09T17:39:18.3342271Z   LOCALAPPDATA: /home/runner/work/_temp/novel-ci-backend-postgres-shard-1.aRA7Uq/project/.runtime/ci-backend/localappdata
2026-10-09T17:39:18.3343155Z   XDG_CONFIG_HOME: /home/runner/work/_temp/novel-ci-backend-postgres-shard-1.aRA7Uq/project/.runtime/ci-backend/config
2026-10-09T17:39:18.3343845Z   XDG_CACHE_HOME: /home/runner/work/_temp/novel-ci-backend-postgres-shard-1.aRA7Uq/project/.runtime/ci-backend/cache
2026-10-09T17:39:18.3344520Z   XDG_DATA_HOME: /home/runner/work/_temp/novel-ci-backend-postgres-shard-1.aRA7Uq/project/.runtime/ci-backend/data
2026-10-09T17:39:18.3345185Z   XDG_STATE_HOME: /home/runner/work/_temp/novel-ci-backend-postgres-shard-1.aRA7Uq/project/.runtime/ci-backend/state
2026-10-09T17:39:18.3345842Z   TMPDIR: /home/runner/work/_temp/novel-ci-backend-postgres-shard-1.aRA7Uq/project/.runtime/ci-backend/tmp
2026-10-09T17:39:18.3346501Z   TMP: /home/runner/work/_temp/novel-ci-backend-postgres-shard-1.aRA7Uq/project/.runtime/ci-backend/tmp
2026-10-09T17:39:18.3347130Z   TEMP: /home/runner/work/_temp/novel-ci-backend-postgres-shard-1.aRA7Uq/project/.runtime/ci-backend/tmp
2026-10-09T17:39:18.3347699Z   PROJECT_ROOT: /home/runner/work/_temp/novel-ci-backend-postgres-shard-1.aRA7Uq/project
2026-10-09T17:39:18.3348332Z   NOVEL_DATA_PATH: /home/runner/work/_temp/novel-ci-backend-postgres-shard-1.aRA7Uq/project/.runtime/ci-backend/data/novels
2026-10-09T17:39:18.3349226Z   BACKUP_PATH: /home/runner/work/_temp/novel-ci-backend-postgres-shard-1.aRA7Uq/project/.runtime/ci-backend/data/backups
2026-10-09T17:39:18.3350020Z   DATABASE_BACKUP_PATH: /home/runner/work/_temp/novel-ci-backend-postgres-shard-1.aRA7Uq/project/.runtime/ci-backend/data/database-backups
2026-10-09T17:39:18.3350813Z   KNOWLEDGE_SOURCE_PATH: /home/runner/work/_temp/novel-ci-backend-postgres-shard-1.aRA7Uq/project/.runtime/ci-backend/data/novels
2026-10-09T17:39:18.3351526Z   CI_V2_RUNTIME: /home/runner/work/_temp/novel-ci-backend-postgres-shard-1.aRA7Uq/project/.runtime/ci-backend
2026-10-09T17:39:18.3352312Z   R2_TEST_FONT_FILE: /home/runner/work/_temp/novel-ci-backend-postgres-shard-1.aRA7Uq/fonts/NotoSansSC-Regular.ttf
2026-10-09T17:39:18.3352883Z ##[endgroup]
2026-10-09T17:39:18.4959308Z (node:244902) [DEP0040] DeprecationWarning: The `punycode` module is deprecated. Please use a userland alternative instead.
2026-10-09T17:39:18.4960443Z (Use `node --trace-deprecation ...` to show where the warning was created)
2026-10-09T17:39:18.5030863Z With the provided path, there will be 11 files uploaded
2026-10-09T17:39:18.5037323Z Artifact name is valid!
2026-10-09T17:39:18.5038078Z Root directory input is valid!
2026-10-09T17:39:18.6939591Z Beginning upload of artifact content to blob storage
2026-10-09T17:39:18.9574811Z (node:244902) [DEP0169] DeprecationWarning: `url.parse()` behavior is not standardized and prone to errors that have security implications. Use the WHATWG URL API instead. CVEs are not issued for `url.parse()` vulnerabilities.
2026-10-09T17:39:19.0129465Z Uploaded bytes 651182
2026-10-09T17:39:19.0292297Z Finished uploading artifact content to blob storage!
2026-10-09T17:39:19.0293258Z SHA256 digest of uploaded artifact zip is 08ac29900caf6181d9636286135243fecea5b4bca28760e37dff6bb58575da79
2026-10-09T17:39:19.0294884Z Finalizing artifact upload
2026-10-09T17:39:19.2553320Z Artifact backend-postgres-shard-1-c386b0608ae92d18c351b5cb6e367380808a45cf-attempt-1.zip successfully finalized. Artifact ID 11634033021
2026-10-09T17:39:19.2555017Z Artifact backend-postgres-shard-1-c386b0608ae92d18c351b5cb6e367380808a45cf-attempt-1 has been successfully uploaded! Final size is 651182 bytes. Artifact ID is 11634033021
2026-10-09T17:39:19.2560253Z Artifact download URL: https://github.com/1785235376-blip/AI-Novel-Studio/actions/runs/37962531356/artifacts/11634033021
2026-10-09T17:39:19.2764792Z Post job cleanup.
2026-10-09T17:39:19.3911015Z (node:244915) [DEP0040] DeprecationWarning: The `punycode` module is deprecated. Please use a userland alternative instead.
2026-10-09T17:39:19.3912092Z (Use `node --trace-deprecation ...` to show where the warning was created)
2026-10-09T17:39:19.4075336Z Post job cleanup.
2026-10-09T17:39:19.4967633Z [command]/usr/bin/git version
2026-10-09T17:39:19.5016274Z git version 2.55.0
2026-10-09T17:39:19.5058943Z Temporarily overriding HOME='/home/runner/work/_temp/60e0f499-6f0b-47e5-a95b-6c6c9227a60f' before making global git config changes
2026-10-09T17:39:19.5060396Z Adding repository directory to the temporary git global config as a safe directory
2026-10-09T17:39:19.5064998Z [command]/usr/bin/git config --global --add safe.directory /home/runner/work/AI-Novel-Studio/AI-Novel-Studio
2026-10-09T17:39:19.5113588Z [command]/usr/bin/git config --local --name-only --get-regexp core\.sshCommand
2026-10-09T17:39:19.5162385Z [command]/usr/bin/git submodule foreach --recursive sh -c "git config --local --name-only --get-regexp 'core\.sshCommand' && git config --local --unset-all 'core.sshCommand' || :"
2026-10-09T17:39:19.5488803Z [command]/usr/bin/git config --local --name-only --get-regexp http\.https\:\/\/github\.com\/\.extraheader
2026-10-09T17:39:19.5533816Z [command]/usr/bin/git submodule foreach --recursive sh -c "git config --local --name-only --get-regexp 'http\.https\:\/\/github\.com\/\.extraheader' && git config --local --unset-all 'http.https://github.com/.extraheader' || :"
2026-10-09T17:39:19.6012184Z Print service container logs: 3247e8bd4db64866a61ee87750d60736_postgres16alpine_c0d17b
2026-10-09T17:39:19.6016766Z ##[command]/usr/bin/docker logs --details 2220019998a473b36e2dc87025e0ee7416d92bf6167d95cacd6dd352a8ba4e7c
2026-10-09T17:39:19.6172058Z  The files belonging to this database system will be owned by user "postgres".
2026-10-09T17:39:19.6175645Z  sh: locale: not found
2026-10-09T17:39:19.6176149Z  2026-10-09 16:55:15.139 UTC [35] WARNING:  no usable system locales were found
2026-10-09T17:39:19.6176605Z  initdb: warning: enabling "trust" authentication for local connections
2026-10-09T17:39:19.6177275Z  initdb: hint: You can change this by editing pg_hba.conf or using the option -A, or --auth-local and --auth-host, the next time you run initdb.
2026-10-09T17:39:19.6178459Z  2026-10-09 16:55:16.255 UTC [1] LOG:  starting PostgreSQL 16.15 on x86_64-pc-linux-musl, compiled by gcc (Alpine 15.2.0) 15.2.0, 64-bit
2026-10-09T17:39:19.6179191Z  2026-10-09 16:55:16.255 UTC [1] LOG:  listening on IPv4 address "0.0.0.0", port 5432
2026-10-09T17:39:19.6179651Z  2026-10-09 16:55:16.255 UTC [1] LOG:  listening on IPv6 address "::", port 5432
2026-10-09T17:39:19.6180142Z  2026-10-09 16:55:16.256 UTC [1] LOG:  listening on Unix socket "/var/run/postgresql/.s.PGSQL.5432"
2026-10-09T17:39:19.6180669Z  2026-10-09 16:55:16.259 UTC [57] LOG:  database system was shut down at 2026-10-09 16:55:16 UTC
2026-10-09T17:39:19.6181128Z  2026-10-09 16:55:16.264 UTC [1] LOG:  database system is ready to accept connections
2026-10-09T17:39:19.6181533Z  2026-10-09 17:00:16.356 UTC [55] LOG:  checkpoint starting: time
2026-10-09T17:39:19.6182483Z  2026-10-09 17:01:08.847 UTC [55] LOG:  checkpoint complete: wrote 526 buffers (3.2%); 1 WAL file(s) added, 0 removed, 0 recycled; write=52.404 s, sync=0.003 s, total=52.491 s; sync files=400, longest=0.001 s, average=0.001 s; distance=3621 kB, estimate=3621 kB; lsn=0/1CD41C8, redo lsn=0/1CAF360
2026-10-09T17:39:19.6183719Z  2026-10-09 17:05:16.947 UTC [55] LOG:  checkpoint starting: time
2026-10-09T17:39:19.6184641Z  2026-10-09 17:05:45.025 UTC [55] LOG:  checkpoint complete: wrote 283 buffers (1.7%); 0 WAL file(s) added, 0 removed, 1 recycled; write=28.050 s, sync=0.003 s, total=28.079 s; sync files=332, longest=0.001 s, average=0.001 s; distance=7049 kB, estimate=7049 kB; lsn=0/239F890, redo lsn=0/2391790
2026-10-09T17:39:19.6185774Z  2026-10-09 17:08:02.337 UTC [58944] ERROR:  new row for relation "foreshadowing" violates check constraint "foreshadowing_privacy_policy_valid"
2026-10-09T17:39:19.6186663Z  2026-10-09 17:08:02.337 UTC [58944] DETAIL:  Failing row contains (0320f2b3-1235-41e8-9508-75f74c50d207, 96cdc7b5-f780-4c1d-8303-ef9116119d76, bad, null, null, OPEN, {}).
2026-10-09T17:39:19.6187461Z  2026-10-09 17:08:02.337 UTC [58944] STATEMENT:  INSERT INTO foreshadowing(novel_id,title,details) VALUES ($1,'bad','{}')
2026-10-09T17:39:19.6187997Z  2026-10-09 17:08:03.375 UTC [55] LOG:  checkpoint starting: immediate force wait
2026-10-09T17:39:19.6188957Z  2026-10-09 17:08:03.399 UTC [55] LOG:  checkpoint complete: wrote 224 buffers (1.4%); 0 WAL file(s) added, 0 removed, 1 recycled; write=0.004 s, sync=0.014 s, total=0.024 s; sync files=190, longest=0.011 s, average=0.001 s; distance=12803 kB, estimate=12803 kB; lsn=0/3012760, redo lsn=0/3012728
2026-10-09T17:39:19.6190999Z  2026-10-09 17:08:04.708 UTC [58953] FATAL:  terminating connection due to administrator command
2026-10-09T17:39:19.6191742Z  2026-10-09 17:08:04.708 UTC [58951] FATAL:  terminating connection due to administrator command
2026-10-09T17:39:19.6192427Z  2026-10-09 17:08:04.708 UTC [58950] FATAL:  terminating connection due to administrator command
2026-10-09T17:39:19.6193264Z  2026-10-09 17:08:04.809 UTC [55] LOG:  checkpoint starting: immediate force wait
2026-10-09T17:39:19.6195669Z  2026-10-09 17:08:04.812 UTC [55] LOG:  checkpoint complete: wrote 4 buffers (0.0%); 0 WAL file(s) added, 0 removed, 0 recycled; write=0.001 s, sync=0.001 s, total=0.003 s; sync files=4, longest=0.001 s, average=0.001 s; distance=5747 kB, estimate=12098 kB; lsn=0/35AF548, redo lsn=0/35AF510
2026-10-09T17:39:19.6197523Z  2026-10-09 17:08:07.036 UTC [55] LOG:  checkpoint starting: immediate force wait
2026-10-09T17:39:19.6198722Z  2026-10-09 17:08:07.137 UTC [55] LOG:  checkpoint complete: wrote 1045 buffers (6.4%); 0 WAL file(s) added, 0 removed, 1 recycled; write=0.075 s, sync=0.025 s, total=0.101 s; sync files=565, longest=0.015 s, average=0.001 s; distance=11555 kB, estimate=12043 kB; lsn=0/40F82A0, redo lsn=0/40F8268
2026-10-09T17:39:19.6199665Z  2026-10-09 17:08:07.171 UTC [55] LOG:  checkpoint starting: immediate force wait
2026-10-09T17:39:19.6200573Z  2026-10-09 17:08:07.175 UTC [55] LOG:  checkpoint complete: wrote 2 buffers (0.0%); 0 WAL file(s) added, 0 removed, 0 recycled; write=0.001 s, sync=0.001 s, total=0.004 s; sync files=2, longest=0.001 s, average=0.001 s; distance=1 kB, estimate=10839 kB; lsn=0/40F89C0, redo lsn=0/40F8988
2026-10-09T17:39:19.6201615Z  2026-10-09 17:13:07.275 UTC [55] LOG:  checkpoint starting: time
2026-10-09T17:39:19.6202524Z  2026-10-09 17:14:06.473 UTC [55] LOG:  checkpoint complete: wrote 575 buffers (3.5%); 0 WAL file(s) added, 0 removed, 0 recycled; write=59.196 s, sync=0.001 s, total=59.199 s; sync files=125, longest=0.001 s, average=0.001 s; distance=10791 kB, estimate=10834 kB; lsn=0/4DC05A0, redo lsn=0/4B826C8
2026-10-09T17:39:19.6203646Z  2026-10-09 17:18:07.525 UTC [55] LOG:  checkpoint starting: time
2026-10-09T17:39:19.6204540Z  2026-10-09 17:19:11.824 UTC [55] LOG:  checkpoint complete: wrote 207 buffers (1.3%); 0 WAL file(s) added, 0 removed, 1 recycled; write=64.291 s, sync=0.003 s, total=64.299 s; sync files=99, longest=0.001 s, average=0.001 s; distance=16281 kB, estimate=16281 kB; lsn=0/625DCE0, redo lsn=0/5B68B88
2026-10-09T17:39:19.6205441Z  2026-10-09 17:23:07.924 UTC [55] LOG:  checkpoint starting: time
2026-10-09T17:39:19.6206345Z  2026-10-09 17:24:04.822 UTC [55] LOG:  checkpoint complete: wrote 574 buffers (3.5%); 0 WAL file(s) added, 0 removed, 1 recycled; write=56.894 s, sync=0.003 s, total=56.899 s; sync files=110, longest=0.001 s, average=0.001 s; distance=12764 kB, estimate=15929 kB; lsn=0/69F4140, redo lsn=0/67DFC10
2026-10-09T17:39:19.6207259Z  2026-10-09 17:28:07.873 UTC [55] LOG:  checkpoint starting: time
2026-10-09T17:39:19.6208143Z  2026-10-09 17:29:18.215 UTC [55] LOG:  checkpoint complete: wrote 705 buffers (4.3%); 0 WAL file(s) added, 0 removed, 0 recycled; write=70.340 s, sync=0.001 s, total=70.343 s; sync files=91, longest=0.001 s, average=0.001 s; distance=6063 kB, estimate=14942 kB; lsn=0/70102C0, redo lsn=0/6DCBB50
2026-10-09T17:39:19.6209024Z  2026-10-09 17:33:07.315 UTC [55] LOG:  checkpoint starting: time
2026-10-09T17:39:19.6209909Z  2026-10-09 17:33:53.106 UTC [55] LOG:  checkpoint complete: wrote 435 buffers (2.7%); 0 WAL file(s) added, 0 removed, 1 recycled; write=45.788 s, sync=0.002 s, total=45.791 s; sync files=133, longest=0.001 s, average=0.001 s; distance=4828 kB, estimate=13931 kB; lsn=0/73B8BC0, redo lsn=0/7282D40
2026-10-09T17:39:19.6210980Z  2026-10-09 17:35:33.006 UTC [199115] ERROR:  duplicate key value violates unique constraint "authorization_audit_events_pkey"
2026-10-09T17:39:19.6211657Z  2026-10-09 17:35:33.006 UTC [199115] DETAIL:  Key (id)=(duplicate-edd8aed6-bef4-4120-82dd-5216867ffa10) already exists.
2026-10-09T17:39:19.6212338Z  2026-10-09 17:35:33.006 UTC [199115] STATEMENT:  INSERT INTO authorization_audit_events(id,payload) VALUES ($1,CAST($2 AS jsonb))
2026-10-09T17:39:19.6213062Z  2026-10-09 17:38:07.206 UTC [55] LOG:  checkpoint starting: time
2026-10-09T17:39:19.6213956Z  2026-10-09 17:39:18.857 UTC [55] LOG:  checkpoint complete: wrote 391 buffers (2.4%); 0 WAL file(s) added, 0 removed, 0 recycled; write=71.640 s, sync=0.010 s, total=71.652 s; sync files=114, longest=0.009 s, average=0.001 s; distance=8556 kB, estimate=13393 kB; lsn=0/7BDE5C8, redo lsn=0/7ADDFB0
2026-10-09T17:39:19.6214875Z  This user must also own the server process.
2026-10-09T17:39:19.6215346Z  
2026-10-09T17:39:19.6215773Z  The database cluster will be initialized with locale "en_US.utf8".
2026-10-09T17:39:19.6216203Z  The default database encoding has accordingly been set to "UTF8".
2026-10-09T17:39:19.6216604Z  The default text search configuration will be set to "english".
2026-10-09T17:39:19.6216912Z  
2026-10-09T17:39:19.6217108Z  Data page checksums are disabled.
2026-10-09T17:39:19.6217355Z  
2026-10-09T17:39:19.6217635Z  fixing permissions on existing directory /var/lib/postgresql/data ... ok
2026-10-09T17:39:19.6218004Z  creating subdirectories ... ok
2026-10-09T17:39:19.6218314Z  selecting dynamic shared memory implementation ... posix
2026-10-09T17:39:19.6218642Z  selecting default max_connections ... 100
2026-10-09T17:39:19.6219050Z  selecting default shared_buffers ... 128MB
2026-10-09T17:39:19.6219327Z  selecting default time zone ... UTC
2026-10-09T17:39:19.6219593Z  creating configuration files ... ok
2026-10-09T17:39:19.6219864Z  running bootstrap script ... ok
2026-10-09T17:39:19.6220159Z  performing post-bootstrap initialization ... ok
2026-10-09T17:39:19.6220461Z  syncing data to disk ... ok
2026-10-09T17:39:19.6220686Z  
2026-10-09T17:39:19.6220857Z  
2026-10-09T17:39:19.6221089Z  Success. You can now start the database server using:
2026-10-09T17:39:19.6221371Z  
2026-10-09T17:39:19.6221604Z      pg_ctl -D /var/lib/postgresql/data -l logfile start
2026-10-09T17:39:19.6221893Z  
2026-10-09T17:39:19.6222407Z  waiting for server to start....2026-10-09 16:55:15.973 UTC [41] LOG:  starting PostgreSQL 16.15 on x86_64-pc-linux-musl, compiled by gcc (Alpine 15.2.0) 15.2.0, 64-bit
2026-10-09T17:39:19.6223338Z  2026-10-09 16:55:15.974 UTC [41] LOG:  listening on Unix socket "/var/run/postgresql/.s.PGSQL.5432"
2026-10-09T17:39:19.6223854Z  2026-10-09 16:55:15.977 UTC [44] LOG:  database system was shut down at 2026-10-09 16:55:15 UTC
2026-10-09T17:39:19.6224326Z  2026-10-09 16:55:15.981 UTC [41] LOG:  database system is ready to accept connections
2026-10-09T17:39:19.6224671Z   done
2026-10-09T17:39:19.6224869Z  server started
2026-10-09T17:39:19.6225082Z  CREATE DATABASE
2026-10-09T17:39:19.6225278Z  
2026-10-09T17:39:19.6225449Z  
2026-10-09T17:39:19.6225753Z  /usr/local/bin/docker-entrypoint.sh: ignoring /docker-entrypoint-initdb.d/*
2026-10-09T17:39:19.6226125Z  
2026-10-09T17:39:19.6226462Z  waiting for server to shut down....2026-10-09 16:55:16.130 UTC [41] LOG:  received fast shutdown request
2026-10-09T17:39:19.6226964Z  2026-10-09 16:55:16.130 UTC [41] LOG:  aborting any active transactions
2026-10-09T17:39:19.6227510Z  2026-10-09 16:55:16.133 UTC [41] LOG:  background worker "logical replication launcher" (PID 47) exited with exit code 1
2026-10-09T17:39:19.6227994Z  2026-10-09 16:55:16.134 UTC [42] LOG:  shutting down
2026-10-09T17:39:19.6228363Z  2026-10-09 16:55:16.134 UTC [42] LOG:  checkpoint starting: shutdown immediate
2026-10-09T17:39:19.6229332Z  2026-10-09 16:55:16.222 UTC [42] LOG:  checkpoint complete: wrote 926 buffers (5.7%); 0 WAL file(s) added, 0 removed, 0 recycled; write=0.071 s, sync=0.016 s, total=0.089 s; sync files=301, longest=0.015 s, average=0.001 s; distance=4283 kB, estimate=4283 kB; lsn=0/1925D60, redo lsn=0/1925D60
2026-10-09T17:39:19.6230252Z  2026-10-09 16:55:16.229 UTC [41] LOG:  database system is shut down
2026-10-09T17:39:19.6230562Z   done
2026-10-09T17:39:19.6230746Z  server stopped
2026-10-09T17:39:19.6230939Z  
2026-10-09T17:39:19.6231176Z  PostgreSQL init process complete; ready for start up.
2026-10-09T17:39:19.6231467Z  
2026-10-09T17:39:19.6237133Z Stop and remove container: 3247e8bd4db64866a61ee87750d60736_postgres16alpine_c0d17b
2026-10-09T17:39:19.6242266Z ##[command]/usr/bin/docker rm --force 2220019998a473b36e2dc87025e0ee7416d92bf6167d95cacd6dd352a8ba4e7c
2026-10-09T17:39:19.9957393Z 2220019998a473b36e2dc87025e0ee7416d92bf6167d95cacd6dd352a8ba4e7c
2026-10-09T17:39:19.9984857Z Remove container network: github_network_804c3a42be874f27b79a32393246f9c6
2026-10-09T17:39:19.9988802Z ##[command]/usr/bin/docker network rm github_network_804c3a42be874f27b79a32393246f9c6
2026-10-09T17:39:20.0990409Z github_network_804c3a42be874f27b79a32393246f9c6
2026-10-09T17:39:20.1077221Z Cleaning up orphan processes
2026-10-09T17:39:20.1395692Z ##[warning]Node.js 20 is deprecated. The following actions target Node.js 20 but are being forced to run on Node.js 24: actions/checkout@v4.2.2, actions/setup-python@v5.6.0, actions/upload-artifact@v4.6.2. For more information see: https://github.blog/changelog/2025-09-19-deprecation-of-node-20-on-github-actions-runners/
