2026-10-09T16:55:07.6375742Z Current runner version: '2.337.0'
2026-10-09T16:55:07.6406904Z ##[group]Runner Image Provisioner
2026-10-09T16:55:07.6408192Z Hosted Compute Agent
2026-10-09T16:55:07.6408901Z Version: 20261002.596
2026-10-09T16:55:07.6409678Z Commit: c3d12f3313a95f25162a1503be624f3b0617f8c0
2026-10-09T16:55:07.6410414Z Build Date: 2026-10-02T22:28:27Z
2026-10-09T16:55:07.6411188Z Worker ID: {b7812f80-a418-4192-b50f-d3e6b8fb2d81}
2026-10-09T16:55:07.6411996Z Region: centralus
2026-10-09T16:55:07.6412606Z Cloud: Azure
2026-10-09T16:55:07.6413211Z ##[endgroup]
2026-10-09T16:55:07.6414744Z ##[group]Operating System
2026-10-09T16:55:07.6415497Z Ubuntu
2026-10-09T16:55:07.6416041Z 24.04.5
2026-10-09T16:55:07.6416567Z LTS
2026-10-09T16:55:07.6417264Z ##[endgroup]
2026-10-09T16:55:07.6418160Z ##[group]Runner Image
2026-10-09T16:55:07.6418861Z Image: ubuntu-24.04
2026-10-09T16:55:07.6419464Z Version: 20261004.327.1
2026-10-09T16:55:07.6420797Z Included Software: https://github.com/actions/runner-images/blob/ubuntu24/20261004.327/images/ubuntu/Ubuntu2404-Readme.md
2026-10-09T16:55:07.6422414Z Image Release: https://github.com/actions/runner-images/releases/tag/ubuntu24%2F20261004.327
2026-10-09T16:55:07.6423456Z ##[endgroup]
2026-10-09T16:55:07.6424559Z ##[group]GITHUB_TOKEN Permissions
2026-10-09T16:55:07.6426550Z Contents: read
2026-10-09T16:55:07.6427216Z Metadata: read
2026-10-09T16:55:07.6428113Z ##[endgroup]
2026-10-09T16:55:07.6430422Z Secret source: Actions
2026-10-09T16:55:07.6431422Z Cache mode: write
2026-10-09T16:55:07.6432272Z Prepare workflow directory
2026-10-09T16:55:07.7146779Z The service 'postgres' will not be started because the container definition has an empty image.
2026-10-09T16:55:07.7190418Z Prepare all required actions
2026-10-09T16:55:07.7260592Z Getting action download info
2026-10-09T16:55:07.9799472Z Download action repository 'actions/checkout@v4.2.2' (SHA:11bd71901bbe5b1630ceea73d27597364c9af683)
2026-10-09T16:55:08.0943285Z Download action repository 'actions/setup-python@v5.6.0' (SHA:a26af69be951a213d495a4c3e4e4022e16d87065)
2026-10-09T16:55:08.1774590Z Download action repository 'actions/upload-artifact@v4.6.2' (SHA:ea165f8d65b6e75b540449e92b4886f43607fa02)
2026-10-09T16:55:08.3870164Z Complete job name: Backend execution / file / shard 0
2026-10-09T16:55:08.4605999Z ##[group]Run actions/checkout@v4.2.2
2026-10-09T16:55:08.4606923Z with:
2026-10-09T16:55:08.4607391Z   persist-credentials: false
2026-10-09T16:55:08.4608219Z   repository: 1785235376-blip/AI-Novel-Studio
2026-10-09T16:55:08.4612354Z   token: ***
2026-10-09T16:55:08.4612803Z   ssh-strict: true
2026-10-09T16:55:08.4613251Z   ssh-user: git
2026-10-09T16:55:08.4613680Z   clean: true
2026-10-09T16:55:08.4614138Z   sparse-checkout-cone-mode: true
2026-10-09T16:55:08.4614671Z   fetch-depth: 1
2026-10-09T16:55:08.4615105Z   fetch-tags: false
2026-10-09T16:55:08.4615565Z   show-progress: true
2026-10-09T16:55:08.4616038Z   lfs: false
2026-10-09T16:55:08.4616503Z   submodules: false
2026-10-09T16:55:08.4616961Z   set-safe-directory: true
2026-10-09T16:55:08.4617915Z env:
2026-10-09T16:55:08.4618360Z   MOCK_PROVIDER: true
2026-10-09T16:55:08.4618851Z   MOCK_STREAM_DELAY_MS: 0
2026-10-09T16:55:08.4619353Z   ENABLE_CLOUD: false
2026-10-09T16:55:08.4619833Z   CREDENTIAL_VAULT_BACKEND: memory
2026-10-09T16:55:08.4620466Z   CREDENTIAL_VAULT_ALLOW_MEMORY_FALLBACK: true
2026-10-09T16:55:08.4621127Z   PYTHONDONTWRITEBYTECODE: 1
2026-10-09T16:55:08.4621644Z   HF_HUB_OFFLINE: 1
2026-10-09T16:55:08.4622100Z   TRANSFORMERS_OFFLINE: 1
2026-10-09T16:55:08.4622572Z ##[endgroup]
2026-10-09T16:55:08.5610446Z Syncing repository: 1785235376-blip/AI-Novel-Studio
2026-10-09T16:55:08.5613052Z ##[group]Getting Git version info
2026-10-09T16:55:08.5614318Z Working directory is '/home/runner/work/AI-Novel-Studio/AI-Novel-Studio'
2026-10-09T16:55:08.5616087Z [command]/usr/bin/git version
2026-10-09T16:55:08.5686157Z git version 2.55.0
2026-10-09T16:55:08.5709327Z ##[endgroup]
2026-10-09T16:55:08.5728201Z Temporarily overriding HOME='/home/runner/work/_temp/d02e9256-ce60-4285-8483-ab391f1fca81' before making global git config changes
2026-10-09T16:55:08.5731142Z Adding repository directory to the temporary git global config as a safe directory
2026-10-09T16:55:08.5736268Z [command]/usr/bin/git config --global --add safe.directory /home/runner/work/AI-Novel-Studio/AI-Novel-Studio
2026-10-09T16:55:08.5793878Z Deleting the contents of '/home/runner/work/AI-Novel-Studio/AI-Novel-Studio'
2026-10-09T16:55:08.5797792Z ##[group]Initializing the repository
2026-10-09T16:55:08.5803335Z [command]/usr/bin/git init /home/runner/work/AI-Novel-Studio/AI-Novel-Studio
2026-10-09T16:55:08.5929188Z hint: Using 'master' as the name for the initial branch. This default branch name
2026-10-09T16:55:08.5930960Z hint: will change to "main" in Git 3.0. To configure the initial branch name
2026-10-09T16:55:08.5932570Z hint: to use in all of your new repositories, which will suppress this warning,
2026-10-09T16:55:08.5933901Z hint: call:
2026-10-09T16:55:08.5934599Z hint:
2026-10-09T16:55:08.5935442Z hint: 	git config --global init.defaultBranch <name>
2026-10-09T16:55:08.5936547Z hint:
2026-10-09T16:55:08.5937719Z hint: Names commonly chosen instead of 'master' are 'main', 'trunk' and
2026-10-09T16:55:08.5939328Z hint: 'development'. The just-created branch can be renamed via this command:
2026-10-09T16:55:08.5940590Z hint:
2026-10-09T16:55:08.5941300Z hint: 	git branch -m <name>
2026-10-09T16:55:08.5942099Z hint:
2026-10-09T16:55:08.5943168Z hint: Disable this message with "git config set advice.defaultBranchName false"
2026-10-09T16:55:08.5945009Z Initialized empty Git repository in /home/runner/work/AI-Novel-Studio/AI-Novel-Studio/.git/
2026-10-09T16:55:08.5948391Z [command]/usr/bin/git remote add origin https://github.com/1785235376-blip/AI-Novel-Studio
2026-10-09T16:55:08.6000500Z ##[endgroup]
2026-10-09T16:55:08.6002059Z ##[group]Disabling automatic garbage collection
2026-10-09T16:55:08.6005214Z [command]/usr/bin/git config --local gc.auto 0
2026-10-09T16:55:08.6039912Z ##[endgroup]
2026-10-09T16:55:08.6041632Z ##[group]Setting up auth
2026-10-09T16:55:08.6047368Z [command]/usr/bin/git config --local --name-only --get-regexp core\.sshCommand
2026-10-09T16:55:08.6083094Z [command]/usr/bin/git submodule foreach --recursive sh -c "git config --local --name-only --get-regexp 'core\.sshCommand' && git config --local --unset-all 'core.sshCommand' || :"
2026-10-09T16:55:08.6507022Z [command]/usr/bin/git config --local --name-only --get-regexp http\.https\:\/\/github\.com\/\.extraheader
2026-10-09T16:55:08.6553697Z [command]/usr/bin/git submodule foreach --recursive sh -c "git config --local --name-only --get-regexp 'http\.https\:\/\/github\.com\/\.extraheader' && git config --local --unset-all 'http.https://github.com/.extraheader' || :"
2026-10-09T16:55:08.6786534Z [command]/usr/bin/git config --local http.https://github.com/.extraheader AUTHORIZATION: basic ***
2026-10-09T16:55:08.6833917Z ##[endgroup]
2026-10-09T16:55:08.6844022Z ##[group]Fetching the repository
2026-10-09T16:55:08.6846842Z [command]/usr/bin/git -c protocol.version=2 fetch --no-tags --prune --no-recurse-submodules --depth=1 origin +c386b0608ae92d18c351b5cb6e367380808a45cf:refs/remotes/origin/feature/v2-narrative-platform
2026-10-09T16:55:13.1445598Z From https://github.com/1785235376-blip/AI-Novel-Studio
2026-10-09T16:55:13.1448192Z  * [new ref]         c386b0608ae92d18c351b5cb6e367380808a45cf -> origin/feature/v2-narrative-platform
2026-10-09T16:55:13.1452069Z ##[endgroup]
2026-10-09T16:55:13.1453524Z ##[group]Determining the checkout info
2026-10-09T16:55:13.1455250Z ##[endgroup]
2026-10-09T16:55:13.1469104Z [command]/usr/bin/git sparse-checkout disable
2026-10-09T16:55:13.1518947Z [command]/usr/bin/git config --local --unset-all extensions.worktreeConfig
2026-10-09T16:55:13.1555326Z ##[group]Checking out the ref
2026-10-09T16:55:13.1561480Z [command]/usr/bin/git checkout --progress --force -B feature/v2-narrative-platform refs/remotes/origin/feature/v2-narrative-platform
2026-10-09T16:55:13.8581057Z Switched to a new branch 'feature/v2-narrative-platform'
2026-10-09T16:55:13.8585030Z branch 'feature/v2-narrative-platform' set up to track 'origin/feature/v2-narrative-platform'.
2026-10-09T16:55:13.8649188Z ##[endgroup]
2026-10-09T16:55:13.8706307Z [command]/usr/bin/git log -1 --format=%H
2026-10-09T16:55:13.8741919Z c386b0608ae92d18c351b5cb6e367380808a45cf
2026-10-09T16:55:13.8750949Z ##[group]Removing auth
2026-10-09T16:55:13.8754667Z [command]/usr/bin/git config --local --name-only --get-regexp core\.sshCommand
2026-10-09T16:55:13.8788748Z [command]/usr/bin/git submodule foreach --recursive sh -c "git config --local --name-only --get-regexp 'core\.sshCommand' && git config --local --unset-all 'core.sshCommand' || :"
2026-10-09T16:55:13.9019353Z [command]/usr/bin/git config --local --name-only --get-regexp http\.https\:\/\/github\.com\/\.extraheader
2026-10-09T16:55:13.9055923Z http.https://github.com/.extraheader
2026-10-09T16:55:13.9063712Z [command]/usr/bin/git config --local --unset-all http.https://github.com/.extraheader
2026-10-09T16:55:13.9099935Z [command]/usr/bin/git submodule foreach --recursive sh -c "git config --local --name-only --get-regexp 'http\.https\:\/\/github\.com\/\.extraheader' && git config --local --unset-all 'http.https://github.com/.extraheader' || :"
2026-10-09T16:55:13.9321551Z ##[endgroup]
2026-10-09T16:55:13.9624795Z ##[group]Run actions/setup-python@v5.6.0
2026-10-09T16:55:13.9625193Z with:
2026-10-09T16:55:13.9625453Z   python-version: 3.12.9
2026-10-09T16:55:13.9625747Z   check-latest: false
2026-10-09T16:55:13.9628948Z   token: ***
2026-10-09T16:55:13.9629233Z   update-environment: true
2026-10-09T16:55:13.9629537Z   allow-prereleases: false
2026-10-09T16:55:13.9629856Z   freethreaded: false
2026-10-09T16:55:13.9630142Z env:
2026-10-09T16:55:13.9630379Z   MOCK_PROVIDER: true
2026-10-09T16:55:13.9630655Z   MOCK_STREAM_DELAY_MS: 0
2026-10-09T16:55:13.9630932Z   ENABLE_CLOUD: false
2026-10-09T16:55:13.9631204Z   CREDENTIAL_VAULT_BACKEND: memory
2026-10-09T16:55:13.9631539Z   CREDENTIAL_VAULT_ALLOW_MEMORY_FALLBACK: true
2026-10-09T16:55:13.9631914Z   PYTHONDONTWRITEBYTECODE: 1
2026-10-09T16:55:13.9632205Z   HF_HUB_OFFLINE: 1
2026-10-09T16:55:13.9632465Z   TRANSFORMERS_OFFLINE: 1
2026-10-09T16:55:13.9632741Z ##[endgroup]
2026-10-09T16:55:14.0930979Z ##[group]Installed versions
2026-10-09T16:55:14.0952334Z Version 3.12.9 was not found in the local cache
2026-10-09T16:55:14.1079250Z (node:2305) [DEP0040] DeprecationWarning: The `punycode` module is deprecated. Please use a userland alternative instead.
2026-10-09T16:55:14.1080251Z (Use `node --trace-deprecation ...` to show where the warning was created)
2026-10-09T16:55:15.1176639Z Version 3.12.9 is available for downloading
2026-10-09T16:55:15.1179129Z Download from "https://github.com/actions/python-versions/releases/download/3.12.9-13149478207/python-3.12.9-linux-24.04-x64.tar.gz"
2026-10-09T16:55:15.8930985Z Extract downloaded archive
2026-10-09T16:55:15.9091209Z [command]/usr/bin/tar xz --warning=no-unknown-keyword --overwrite -C /home/runner/work/_temp/f2cef132-57a0-4d7d-9881-be8ecdb5555a -f /home/runner/work/_temp/83655d9f-6909-4c1f-9d53-ea0e9f7d8cf7
2026-10-09T16:55:17.9506421Z Execute installation script
2026-10-09T16:55:17.9601359Z Check if Python hostedtoolcache folder exist...
2026-10-09T16:55:17.9607390Z Create Python 3.12.9 folder
2026-10-09T16:55:17.9618846Z Copy Python binaries to hostedtoolcache folder
2026-10-09T16:55:18.5572116Z Create additional symlinks (Required for the UsePythonVersion Azure Pipelines task and the setup-python GitHub Action)
2026-10-09T16:55:18.5618114Z Upgrading pip...
2026-10-09T16:55:20.8730709Z Looking in links: /tmp/tmpt9gpnp7z
2026-10-09T16:55:20.8734594Z Requirement already satisfied: pip in /opt/hostedtoolcache/Python/3.12.9/x64/lib/python3.12/site-packages (24.3.1)
2026-10-09T16:55:22.3909584Z Collecting pip
2026-10-09T16:55:22.4651489Z Downloading pip-26.2.1-py3-none-any.whl.metadata (4.6 kB)
2026-10-09T16:55:22.4840358Z Downloading pip-26.2.1-py3-none-any.whl (1.8 MB)
2026-10-09T16:55:22.5871642Z ━━━━━━━━━━━━━━━━━━━━━━━━━━━━━━━━━━━━━━━━ 1.8/1.8 MB 24.8 MB/s eta 0:00:00
2026-10-09T16:55:22.5886030Z 
2026-10-09T16:55:22.6094014Z Installing collected packages: pip
2026-10-09T16:55:22.6096197Z Attempting uninstall: pip
2026-10-09T16:55:22.6118429Z Found existing installation: pip 24.3.1
2026-10-09T16:55:22.6480824Z Uninstalling pip-24.3.1:
2026-10-09T16:55:22.6537756Z Successfully uninstalled pip-24.3.1
2026-10-09T16:55:23.5762769Z Successfully installed pip-26.2.1
2026-10-09T16:55:23.6365690Z Create complete file
2026-10-09T16:55:23.6414206Z Successfully set up CPython (3.12.9)
2026-10-09T16:55:23.6415925Z ##[endgroup]
2026-10-09T16:55:23.6687777Z ##[group]Run bash .github/ci/prepare.sh backend-file-shard-0
2026-10-09T16:55:23.6688333Z [36;1mbash .github/ci/prepare.sh backend-file-shard-0[0m
2026-10-09T16:55:23.8983579Z shell: /usr/bin/bash -e {0}
2026-10-09T16:55:23.8984114Z env:
2026-10-09T16:55:23.8984627Z   MOCK_PROVIDER: true
2026-10-09T16:55:23.8985080Z   MOCK_STREAM_DELAY_MS: 0
2026-10-09T16:55:23.8985499Z   ENABLE_CLOUD: false
2026-10-09T16:55:23.8985949Z   CREDENTIAL_VAULT_BACKEND: memory
2026-10-09T16:55:23.8986459Z   CREDENTIAL_VAULT_ALLOW_MEMORY_FALLBACK: true
2026-10-09T16:55:23.8987025Z   PYTHONDONTWRITEBYTECODE: 1
2026-10-09T16:55:23.8987800Z   HF_HUB_OFFLINE: 1
2026-10-09T16:55:23.8988207Z   TRANSFORMERS_OFFLINE: 1
2026-10-09T16:55:23.8988735Z   pythonLocation: /opt/hostedtoolcache/Python/3.12.9/x64
2026-10-09T16:55:23.8989529Z   PKG_CONFIG_PATH: /opt/hostedtoolcache/Python/3.12.9/x64/lib/pkgconfig
2026-10-09T16:55:23.8990317Z   Python_ROOT_DIR: /opt/hostedtoolcache/Python/3.12.9/x64
2026-10-09T16:55:23.8991081Z   Python2_ROOT_DIR: /opt/hostedtoolcache/Python/3.12.9/x64
2026-10-09T16:55:23.8991776Z   Python3_ROOT_DIR: /opt/hostedtoolcache/Python/3.12.9/x64
2026-10-09T16:55:23.8992495Z   LD_LIBRARY_PATH: /opt/hostedtoolcache/Python/3.12.9/x64/lib
2026-10-09T16:55:23.8993089Z ##[endgroup]
2026-10-09T16:55:24.7455269Z ##[group]Run runtime="$CI_PROJECT/.runtime/ci-backend"
2026-10-09T16:55:24.7455709Z [36;1mruntime="$CI_PROJECT/.runtime/ci-backend"[0m
2026-10-09T16:55:24.7456213Z [36;1mmkdir -p "$runtime"/{home,config,cache,data,state,tmp,appdata,localappdata}[0m
2026-10-09T16:55:24.7456653Z [36;1m{[0m
2026-10-09T16:55:24.7456867Z [36;1m  echo "CI_V2_RUNTIME=$runtime"[0m
2026-10-09T16:55:24.7457150Z [36;1m  echo "HOME=$runtime/home"[0m
2026-10-09T16:55:24.7457739Z [36;1m  echo "USERPROFILE=$runtime/home"[0m
2026-10-09T16:55:24.7458197Z [36;1m  echo "APPDATA=$runtime/appdata"[0m
2026-10-09T16:55:24.7458532Z [36;1m  echo "LOCALAPPDATA=$runtime/localappdata"[0m
2026-10-09T16:55:24.7458870Z [36;1m  echo "XDG_CONFIG_HOME=$runtime/config"[0m
2026-10-09T16:55:24.7459196Z [36;1m  echo "XDG_CACHE_HOME=$runtime/cache"[0m
2026-10-09T16:55:24.7459511Z [36;1m  echo "XDG_DATA_HOME=$runtime/data"[0m
2026-10-09T16:55:24.7459816Z [36;1m  echo "XDG_STATE_HOME=$runtime/state"[0m
2026-10-09T16:55:24.7460148Z [36;1m  echo "TMPDIR=$runtime/tmp"[0m
2026-10-09T16:55:24.7460424Z [36;1m  echo "TMP=$runtime/tmp"[0m
2026-10-09T16:55:24.7460692Z [36;1m  echo "TEMP=$runtime/tmp"[0m
2026-10-09T16:55:24.7460994Z [36;1m  echo "NOVEL_DATA_PATH=$runtime/data/novels"[0m
2026-10-09T16:55:24.7461334Z [36;1m  echo "BACKUP_PATH=$runtime/data/backups"[0m
2026-10-09T16:55:24.7461724Z [36;1m  echo "DATABASE_BACKUP_PATH=$runtime/data/database-backups"[0m
2026-10-09T16:55:24.7462144Z [36;1m  echo "KNOWLEDGE_SOURCE_PATH=$runtime/data/novels"[0m
2026-10-09T16:55:24.7462478Z [36;1m} >> "$GITHUB_ENV"[0m
2026-10-09T16:55:24.7536571Z shell: /usr/bin/bash -e {0}
2026-10-09T16:55:24.7536826Z env:
2026-10-09T16:55:24.7537025Z   MOCK_PROVIDER: true
2026-10-09T16:55:24.7537248Z   MOCK_STREAM_DELAY_MS: 0
2026-10-09T16:55:24.7537754Z   ENABLE_CLOUD: false
2026-10-09T16:55:24.7537994Z   CREDENTIAL_VAULT_BACKEND: memory
2026-10-09T16:55:24.7538280Z   CREDENTIAL_VAULT_ALLOW_MEMORY_FALLBACK: true
2026-10-09T16:55:24.7538596Z   PYTHONDONTWRITEBYTECODE: 1
2026-10-09T16:55:24.7538967Z   HF_HUB_OFFLINE: 1
2026-10-09T16:55:24.7539179Z   TRANSFORMERS_OFFLINE: 1
2026-10-09T16:55:24.7539827Z   pythonLocation: /opt/hostedtoolcache/Python/3.12.9/x64
2026-10-09T16:55:24.7540597Z   PKG_CONFIG_PATH: /opt/hostedtoolcache/Python/3.12.9/x64/lib/pkgconfig
2026-10-09T16:55:24.7541382Z   Python_ROOT_DIR: /opt/hostedtoolcache/Python/3.12.9/x64
2026-10-09T16:55:24.7541990Z   Python2_ROOT_DIR: /opt/hostedtoolcache/Python/3.12.9/x64
2026-10-09T16:55:24.7542665Z   Python3_ROOT_DIR: /opt/hostedtoolcache/Python/3.12.9/x64
2026-10-09T16:55:24.7543208Z   LD_LIBRARY_PATH: /opt/hostedtoolcache/Python/3.12.9/x64/lib
2026-10-09T16:55:24.7543748Z   CI_COVERAGE_SHA: c386b0608ae92d18c351b5cb6e367380808a45cf
2026-10-09T16:55:24.7544123Z   CI_COVERAGE_TREE: 2ec6365e1f1f183f029c9f0a94d040d134e22b47
2026-10-09T16:55:24.7544566Z   CI_SANDBOX: /home/runner/work/_temp/novel-ci-backend-file-shard-0.GIpkxL
2026-10-09T16:55:24.7545267Z   CI_PROJECT: /home/runner/work/_temp/novel-ci-backend-file-shard-0.GIpkxL/project
2026-10-09T16:55:24.7545830Z   CI_RECEIPTS: /home/runner/work/_temp/novel-ci-backend-file-shard-0.GIpkxL/receipts
2026-10-09T16:55:24.7546367Z   HOME: /home/runner/work/_temp/novel-ci-backend-file-shard-0.GIpkxL/home
2026-10-09T16:55:24.7547262Z   USERPROFILE: /home/runner/work/_temp/novel-ci-backend-file-shard-0.GIpkxL/home
2026-10-09T16:55:24.7548399Z   APPDATA: /home/runner/work/_temp/novel-ci-backend-file-shard-0.GIpkxL/appdata
2026-10-09T16:55:24.7548978Z   LOCALAPPDATA: /home/runner/work/_temp/novel-ci-backend-file-shard-0.GIpkxL/localappdata
2026-10-09T16:55:24.7549574Z   XDG_CONFIG_HOME: /home/runner/work/_temp/novel-ci-backend-file-shard-0.GIpkxL/config
2026-10-09T16:55:24.7550433Z   XDG_CACHE_HOME: /home/runner/work/_temp/novel-ci-backend-file-shard-0.GIpkxL/cache
2026-10-09T16:55:24.7551051Z   XDG_DATA_HOME: /home/runner/work/_temp/novel-ci-backend-file-shard-0.GIpkxL/data
2026-10-09T16:55:24.7552119Z   XDG_STATE_HOME: /home/runner/work/_temp/novel-ci-backend-file-shard-0.GIpkxL/state
2026-10-09T16:55:24.7552694Z   TMPDIR: /home/runner/work/_temp/novel-ci-backend-file-shard-0.GIpkxL/tmp
2026-10-09T16:55:24.7553201Z   TMP: /home/runner/work/_temp/novel-ci-backend-file-shard-0.GIpkxL/tmp
2026-10-09T16:55:24.7553690Z   TEMP: /home/runner/work/_temp/novel-ci-backend-file-shard-0.GIpkxL/tmp
2026-10-09T16:55:24.7554214Z   PROJECT_ROOT: /home/runner/work/_temp/novel-ci-backend-file-shard-0.GIpkxL/project
2026-10-09T16:55:24.7554792Z   NOVEL_DATA_PATH: /home/runner/work/_temp/novel-ci-backend-file-shard-0.GIpkxL/data/novels
2026-10-09T16:55:24.7555383Z   BACKUP_PATH: /home/runner/work/_temp/novel-ci-backend-file-shard-0.GIpkxL/data/backups
2026-10-09T16:55:24.7556037Z   DATABASE_BACKUP_PATH: /home/runner/work/_temp/novel-ci-backend-file-shard-0.GIpkxL/data/database-backups
2026-10-09T16:55:24.7556731Z   KNOWLEDGE_SOURCE_PATH: /home/runner/work/_temp/novel-ci-backend-file-shard-0.GIpkxL/data/novels
2026-10-09T16:55:24.7557190Z ##[endgroup]
2026-10-09T16:55:24.8071143Z ##[group]Run python -m pip install -c .github/ci/python-constraints.txt -e '.[dev,fontbuild,otio,comic]'
2026-10-09T16:55:24.8072079Z [36;1mpython -m pip install -c .github/ci/python-constraints.txt -e '.[dev,fontbuild,otio,comic]'[0m
2026-10-09T16:55:24.8072609Z [36;1mpython -m pip check[0m
2026-10-09T16:55:24.8073014Z [36;1mpython -m pip freeze --exclude-editable > "$CI_RECEIPTS/python-packages.txt"[0m
2026-10-09T16:55:24.8141483Z shell: /usr/bin/bash -e {0}
2026-10-09T16:55:24.8141738Z env:
2026-10-09T16:55:24.8141960Z   MOCK_PROVIDER: true
2026-10-09T16:55:24.8142240Z   MOCK_STREAM_DELAY_MS: 0
2026-10-09T16:55:24.8142469Z   ENABLE_CLOUD: false
2026-10-09T16:55:24.8142698Z   CREDENTIAL_VAULT_BACKEND: memory
2026-10-09T16:55:24.8142998Z   CREDENTIAL_VAULT_ALLOW_MEMORY_FALLBACK: true
2026-10-09T16:55:24.8143316Z   PYTHONDONTWRITEBYTECODE: 1
2026-10-09T16:55:24.8143562Z   HF_HUB_OFFLINE: 1
2026-10-09T16:55:24.8143775Z   TRANSFORMERS_OFFLINE: 1
2026-10-09T16:55:24.8144107Z   pythonLocation: /opt/hostedtoolcache/Python/3.12.9/x64
2026-10-09T16:55:24.8144544Z   PKG_CONFIG_PATH: /opt/hostedtoolcache/Python/3.12.9/x64/lib/pkgconfig
2026-10-09T16:55:24.8145165Z   Python_ROOT_DIR: /opt/hostedtoolcache/Python/3.12.9/x64
2026-10-09T16:55:24.8145550Z   Python2_ROOT_DIR: /opt/hostedtoolcache/Python/3.12.9/x64
2026-10-09T16:55:24.8145923Z   Python3_ROOT_DIR: /opt/hostedtoolcache/Python/3.12.9/x64
2026-10-09T16:55:24.8146304Z   LD_LIBRARY_PATH: /opt/hostedtoolcache/Python/3.12.9/x64/lib
2026-10-09T16:55:24.8146690Z   CI_COVERAGE_SHA: c386b0608ae92d18c351b5cb6e367380808a45cf
2026-10-09T16:55:24.8147071Z   CI_COVERAGE_TREE: 2ec6365e1f1f183f029c9f0a94d040d134e22b47
2026-10-09T16:55:24.8147790Z   CI_SANDBOX: /home/runner/work/_temp/novel-ci-backend-file-shard-0.GIpkxL
2026-10-09T16:55:24.8148343Z   CI_PROJECT: /home/runner/work/_temp/novel-ci-backend-file-shard-0.GIpkxL/project
2026-10-09T16:55:24.8148897Z   CI_RECEIPTS: /home/runner/work/_temp/novel-ci-backend-file-shard-0.GIpkxL/receipts
2026-10-09T16:55:24.8149528Z   HOME: /home/runner/work/_temp/novel-ci-backend-file-shard-0.GIpkxL/project/.runtime/ci-backend/home
2026-10-09T16:55:24.8150240Z   USERPROFILE: /home/runner/work/_temp/novel-ci-backend-file-shard-0.GIpkxL/project/.runtime/ci-backend/home
2026-10-09T16:55:24.8150984Z   APPDATA: /home/runner/work/_temp/novel-ci-backend-file-shard-0.GIpkxL/project/.runtime/ci-backend/appdata
2026-10-09T16:55:24.8151745Z   LOCALAPPDATA: /home/runner/work/_temp/novel-ci-backend-file-shard-0.GIpkxL/project/.runtime/ci-backend/localappdata
2026-10-09T16:55:24.8152526Z   XDG_CONFIG_HOME: /home/runner/work/_temp/novel-ci-backend-file-shard-0.GIpkxL/project/.runtime/ci-backend/config
2026-10-09T16:55:24.8153270Z   XDG_CACHE_HOME: /home/runner/work/_temp/novel-ci-backend-file-shard-0.GIpkxL/project/.runtime/ci-backend/cache
2026-10-09T16:55:24.8154009Z   XDG_DATA_HOME: /home/runner/work/_temp/novel-ci-backend-file-shard-0.GIpkxL/project/.runtime/ci-backend/data
2026-10-09T16:55:24.8154737Z   XDG_STATE_HOME: /home/runner/work/_temp/novel-ci-backend-file-shard-0.GIpkxL/project/.runtime/ci-backend/state
2026-10-09T16:55:24.8155453Z   TMPDIR: /home/runner/work/_temp/novel-ci-backend-file-shard-0.GIpkxL/project/.runtime/ci-backend/tmp
2026-10-09T16:55:24.8156130Z   TMP: /home/runner/work/_temp/novel-ci-backend-file-shard-0.GIpkxL/project/.runtime/ci-backend/tmp
2026-10-09T16:55:24.8156825Z   TEMP: /home/runner/work/_temp/novel-ci-backend-file-shard-0.GIpkxL/project/.runtime/ci-backend/tmp
2026-10-09T16:55:24.8157711Z   PROJECT_ROOT: /home/runner/work/_temp/novel-ci-backend-file-shard-0.GIpkxL/project
2026-10-09T16:55:24.8158416Z   NOVEL_DATA_PATH: /home/runner/work/_temp/novel-ci-backend-file-shard-0.GIpkxL/project/.runtime/ci-backend/data/novels
2026-10-09T16:55:24.8159206Z   BACKUP_PATH: /home/runner/work/_temp/novel-ci-backend-file-shard-0.GIpkxL/project/.runtime/ci-backend/data/backups
2026-10-09T16:55:24.8160237Z   DATABASE_BACKUP_PATH: /home/runner/work/_temp/novel-ci-backend-file-shard-0.GIpkxL/project/.runtime/ci-backend/data/database-backups
2026-10-09T16:55:24.8161154Z   KNOWLEDGE_SOURCE_PATH: /home/runner/work/_temp/novel-ci-backend-file-shard-0.GIpkxL/project/.runtime/ci-backend/data/novels
2026-10-09T16:55:24.8161933Z   CI_V2_RUNTIME: /home/runner/work/_temp/novel-ci-backend-file-shard-0.GIpkxL/project/.runtime/ci-backend
2026-10-09T16:55:24.8162414Z ##[endgroup]
2026-10-09T16:55:25.7896899Z Obtaining file:///home/runner/work/_temp/novel-ci-backend-file-shard-0.GIpkxL/project
2026-10-09T16:55:25.7914751Z   Installing build dependencies: started
2026-10-09T16:55:27.0882511Z   Installing build dependencies: finished with status 'done'
2026-10-09T16:55:27.0888180Z   Checking if build backend supports build_editable: started
2026-10-09T16:55:27.7725461Z   Checking if build backend supports build_editable: finished with status 'done'
2026-10-09T16:55:27.7734642Z   Getting requirements to build editable: started
2026-10-09T16:55:28.6744759Z   Getting requirements to build editable: finished with status 'done'
2026-10-09T16:55:28.6755179Z   Preparing editable metadata (pyproject.toml): started
2026-10-09T16:55:29.5843688Z   Preparing editable metadata (pyproject.toml): finished with status 'done'
2026-10-09T16:55:29.7181077Z Collecting fastapi<1,>=0.115 (from ai-novel-studio==0.7.0)
2026-10-09T16:55:29.7945543Z   Downloading fastapi-0.142.2-py3-none-any.whl.metadata (27 kB)
2026-10-09T16:55:29.8418777Z Collecting uvicorn<1,>=0.30 (from ai-novel-studio==0.7.0)
2026-10-09T16:55:29.8551896Z   Downloading uvicorn-0.54.0-py3-none-any.whl.metadata (6.6 kB)
2026-10-09T16:55:29.8815695Z Collecting psycopg<4,>=3.2 (from psycopg[binary]<4,>=3.2->ai-novel-studio==0.7.0)
2026-10-09T16:55:29.8950252Z   Downloading psycopg-3.3.6-py3-none-any.whl.metadata (4.4 kB)
2026-10-09T16:55:30.2691286Z Collecting sqlalchemy<3,>=2.0 (from ai-novel-studio==0.7.0)
2026-10-09T16:55:30.2825941Z   Downloading sqlalchemy-2.1.3-cp312-cp312-manylinux2014_x86_64.manylinux_2_17_x86_64.manylinux_2_28_x86_64.whl.metadata (9.7 kB)
2026-10-09T16:55:30.3156393Z Collecting httpx<1,>=0.27 (from ai-novel-studio==0.7.0)
2026-10-09T16:55:30.3289556Z   Downloading httpx-0.28.1-py3-none-any.whl.metadata (7.1 kB)
2026-10-09T16:55:30.3536226Z Collecting pydantic-settings<3,>=2.6 (from ai-novel-studio==0.7.0)
2026-10-09T16:55:30.3666424Z   Downloading pydantic_settings-2.15.0-py3-none-any.whl.metadata (3.9 kB)
2026-10-09T16:55:30.4885883Z Collecting reportlab<5,>=4.0 (from ai-novel-studio==0.7.0)
2026-10-09T16:55:30.5020441Z   Downloading reportlab-4.5.1-py3-none-any.whl.metadata (1.7 kB)
2026-10-09T16:55:30.5315511Z Collecting pypdf==6.19.0 (from ai-novel-studio==0.7.0)
2026-10-09T16:55:30.5448065Z   Downloading pypdf-6.19.0-py3-none-any.whl.metadata (7.5 kB)
2026-10-09T16:55:30.5766299Z Collecting jsonschema<5,>=4.18 (from ai-novel-studio==0.7.0)
2026-10-09T16:55:30.5899739Z   Downloading jsonschema-4.26.0-py3-none-any.whl.metadata (7.6 kB)
2026-10-09T16:55:30.6273229Z Collecting pytest<9,>=8 (from ai-novel-studio==0.7.0)
2026-10-09T16:55:30.6414233Z   Downloading pytest-8.4.2-py3-none-any.whl.metadata (7.7 kB)
2026-10-09T16:55:30.8053352Z Collecting fonttools==4.59.1 (from ai-novel-studio==0.7.0)
2026-10-09T16:55:30.8204189Z   Downloading fonttools-4.59.1-cp312-cp312-manylinux1_x86_64.manylinux2014_x86_64.manylinux_2_17_x86_64.manylinux_2_5_x86_64.whl.metadata (108 kB)
2026-10-09T16:55:30.8750528Z Collecting opentimelineio==0.18.1 (from ai-novel-studio==0.7.0)
2026-10-09T16:55:30.8887134Z   Downloading opentimelineio-0.18.1-cp312-cp312-manylinux2014_x86_64.manylinux_2_17_x86_64.whl.metadata (2.6 kB)
2026-10-09T16:55:31.0965422Z Collecting Pillow==12.3.0 (from ai-novel-studio==0.7.0)
2026-10-09T16:55:31.1100587Z   Downloading pillow-12.3.0-cp312-cp312-manylinux_2_27_x86_64.manylinux_2_28_x86_64.whl.metadata (9.1 kB)
2026-10-09T16:55:31.1463034Z Collecting starlette>=0.46.0 (from fastapi<1,>=0.115->ai-novel-studio==0.7.0)
2026-10-09T16:55:31.1594383Z   Downloading starlette-1.7.0-py3-none-any.whl.metadata (6.6 kB)
2026-10-09T16:55:31.2729975Z Collecting pydantic>=2.9.0 (from fastapi<1,>=0.115->ai-novel-studio==0.7.0)
2026-10-09T16:55:31.2864853Z   Downloading pydantic-2.13.5-py3-none-any.whl.metadata (110 kB)
2026-10-09T16:55:31.3164519Z Collecting typing-extensions>=4.8.0 (from fastapi<1,>=0.115->ai-novel-studio==0.7.0)
2026-10-09T16:55:31.3298491Z   Downloading typing_extensions-4.16.0-py3-none-any.whl.metadata (3.3 kB)
2026-10-09T16:55:31.3497163Z Collecting typing-inspection>=0.4.2 (from fastapi<1,>=0.115->ai-novel-studio==0.7.0)
2026-10-09T16:55:31.3631140Z   Downloading typing_inspection-0.4.4-py3-none-any.whl.metadata (2.6 kB)
2026-10-09T16:55:31.3828141Z Collecting annotated-doc>=0.0.2 (from fastapi<1,>=0.115->ai-novel-studio==0.7.0)
2026-10-09T16:55:31.3958575Z   Downloading annotated_doc-0.0.5-py3-none-any.whl.metadata (6.5 kB)
2026-10-09T16:55:31.4222586Z Collecting opentelemetry-api>=1.44.0 (from fastapi<1,>=0.115->ai-novel-studio==0.7.0)
2026-10-09T16:55:31.4355642Z   Downloading opentelemetry_api-1.45.0-py3-none-any.whl.metadata (1.4 kB)
2026-10-09T16:55:31.4614130Z Collecting anyio (from httpx<1,>=0.27->ai-novel-studio==0.7.0)
2026-10-09T16:55:31.4746573Z   Downloading anyio-4.15.1-py3-none-any.whl.metadata (4.7 kB)
2026-10-09T16:55:31.4991809Z Collecting certifi (from httpx<1,>=0.27->ai-novel-studio==0.7.0)
2026-10-09T16:55:31.5124465Z   Downloading certifi-2026.7.22-py3-none-any.whl.metadata (2.5 kB)
2026-10-09T16:55:31.5355855Z Collecting httpcore==1.* (from httpx<1,>=0.27->ai-novel-studio==0.7.0)
2026-10-09T16:55:31.5487171Z   Downloading httpcore-1.0.9-py3-none-any.whl.metadata (21 kB)
2026-10-09T16:55:31.5715716Z Collecting idna (from httpx<1,>=0.27->ai-novel-studio==0.7.0)
2026-10-09T16:55:31.5846279Z   Downloading idna-3.20-py3-none-any.whl.metadata (7.2 kB)
2026-10-09T16:55:31.6077205Z Collecting h11>=0.16 (from httpcore==1.*->httpx<1,>=0.27->ai-novel-studio==0.7.0)
2026-10-09T16:55:31.6188221Z   Downloading h11-0.16.0-py3-none-any.whl.metadata (8.3 kB)
2026-10-09T16:55:31.6410135Z Collecting attrs>=22.2.0 (from jsonschema<5,>=4.18->ai-novel-studio==0.7.0)
2026-10-09T16:55:31.6541115Z   Downloading attrs-26.1.0-py3-none-any.whl.metadata (8.8 kB)
2026-10-09T16:55:31.6749372Z Collecting jsonschema-specifications>=2023.03.6 (from jsonschema<5,>=4.18->ai-novel-studio==0.7.0)
2026-10-09T16:55:31.6882096Z   Downloading jsonschema_specifications-2025.9.1-py3-none-any.whl.metadata (2.9 kB)
2026-10-09T16:55:31.7228277Z Collecting referencing>=0.28.4 (from jsonschema<5,>=4.18->ai-novel-studio==0.7.0)
2026-10-09T16:55:31.7360569Z   Downloading referencing-0.37.0-py3-none-any.whl.metadata (2.8 kB)
2026-10-09T16:55:32.0163711Z Collecting rpds-py>=0.25.0 (from jsonschema<5,>=4.18->ai-novel-studio==0.7.0)
2026-10-09T16:55:32.0297959Z   Downloading rpds_py-2026.9.1-cp312-cp312-manylinux_2_17_x86_64.manylinux2014_x86_64.whl.metadata (4.1 kB)
2026-10-09T16:55:32.2165670Z Collecting psycopg-binary==3.3.6 (from psycopg[binary]<4,>=3.2->ai-novel-studio==0.7.0)
2026-10-09T16:55:32.2300502Z   Downloading psycopg_binary-3.3.6-cp312-cp312-manylinux2014_x86_64.manylinux_2_17_x86_64.whl.metadata (2.7 kB)
2026-10-09T16:55:32.2552717Z Collecting python-dotenv>=0.21.0 (from pydantic-settings<3,>=2.6->ai-novel-studio==0.7.0)
2026-10-09T16:55:32.2683174Z   Downloading python_dotenv-1.2.4-py3-none-any.whl.metadata (29 kB)
2026-10-09T16:55:32.2901533Z Collecting iniconfig>=1 (from pytest<9,>=8->ai-novel-studio==0.7.0)
2026-10-09T16:55:32.3032092Z   Downloading iniconfig-2.3.0-py3-none-any.whl.metadata (2.5 kB)
2026-10-09T16:55:32.3258978Z Collecting packaging>=20 (from pytest<9,>=8->ai-novel-studio==0.7.0)
2026-10-09T16:55:32.3390207Z   Downloading packaging-26.3-py3-none-any.whl.metadata (3.5 kB)
2026-10-09T16:55:32.3596070Z Collecting pluggy<2,>=1.5 (from pytest<9,>=8->ai-novel-studio==0.7.0)
2026-10-09T16:55:32.3725908Z   Downloading pluggy-1.6.0-py3-none-any.whl.metadata (4.8 kB)
2026-10-09T16:55:32.4005588Z Collecting pygments>=2.7.2 (from pytest<9,>=8->ai-novel-studio==0.7.0)
2026-10-09T16:55:32.4136746Z   Downloading pygments-2.21.0-py3-none-any.whl.metadata (2.5 kB)
2026-10-09T16:55:32.5458206Z Collecting charset-normalizer (from reportlab<5,>=4.0->ai-novel-studio==0.7.0)
2026-10-09T16:55:32.5594921Z   Downloading charset_normalizer-3.5.2-cp312-cp312-manylinux2014_x86_64.manylinux_2_17_x86_64.manylinux_2_28_x86_64.whl.metadata (46 kB)
2026-10-09T16:55:32.5883466Z Collecting click>=7.0 (from uvicorn<1,>=0.30->ai-novel-studio==0.7.0)
2026-10-09T16:55:32.6015279Z   Downloading click-8.5.0-py3-none-any.whl.metadata (2.6 kB)
2026-10-09T16:55:32.6268144Z Collecting annotated-types>=0.6.0 (from pydantic>=2.9.0->fastapi<1,>=0.115->ai-novel-studio==0.7.0)
2026-10-09T16:55:32.6397959Z   Downloading annotated_types-0.8.0-py3-none-any.whl.metadata (15 kB)
2026-10-09T16:55:33.3396018Z Collecting pydantic-core==2.46.5 (from pydantic>=2.9.0->fastapi<1,>=0.115->ai-novel-studio==0.7.0)
2026-10-09T16:55:33.3531469Z   Downloading pydantic_core-2.46.5-cp312-cp312-manylinux_2_17_x86_64.manylinux2014_x86_64.whl.metadata (6.6 kB)
2026-10-09T16:55:33.3833194Z Downloading fonttools-4.59.1-cp312-cp312-manylinux1_x86_64.manylinux2014_x86_64.manylinux_2_17_x86_64.manylinux_2_5_x86_64.whl (4.9 MB)
2026-10-09T16:55:33.4720498Z    ━━━━━━━━━━━━━━━━━━━━━━━━━━━━━━━━━━━━━━━━ 4.9/4.9 MB 63.3 MB/s  0:00:00
2026-10-09T16:55:33.4871300Z Downloading opentimelineio-0.18.1-cp312-cp312-manylinux2014_x86_64.manylinux_2_17_x86_64.whl (842 kB)
2026-10-09T16:55:33.4928896Z    ━━━━━━━━━━━━━━━━━━━━━━━━━━━━━━━━━━━━━━━━ 842.8/842.8 kB 168.1 MB/s  0:00:00
2026-10-09T16:55:33.5060369Z Downloading pillow-12.3.0-cp312-cp312-manylinux_2_27_x86_64.manylinux_2_28_x86_64.whl (6.9 MB)
2026-10-09T16:55:33.5405352Z    ━━━━━━━━━━━━━━━━━━━━━━━━━━━━━━━━━━━━━━━━ 6.9/6.9 MB 209.6 MB/s  0:00:00
2026-10-09T16:55:33.5540710Z Downloading pypdf-6.19.0-py3-none-any.whl (395 kB)
2026-10-09T16:55:33.5737570Z Downloading fastapi-0.142.2-py3-none-any.whl (144 kB)
2026-10-09T16:55:33.5889126Z Downloading httpx-0.28.1-py3-none-any.whl (73 kB)
2026-10-09T16:55:33.6038427Z Downloading httpcore-1.0.9-py3-none-any.whl (78 kB)
2026-10-09T16:55:33.6196525Z Downloading jsonschema-4.26.0-py3-none-any.whl (90 kB)
2026-10-09T16:55:33.6347687Z Downloading psycopg-3.3.6-py3-none-any.whl (215 kB)
2026-10-09T16:55:33.6513533Z Downloading psycopg_binary-3.3.6-cp312-cp312-manylinux2014_x86_64.manylinux_2_17_x86_64.whl (5.2 MB)
2026-10-09T16:55:33.6685175Z    ━━━━━━━━━━━━━━━━━━━━━━━━━━━━━━━━━━━━━━━━ 5.2/5.2 MB 338.6 MB/s  0:00:00
2026-10-09T16:55:33.6817915Z Downloading pydantic_settings-2.15.0-py3-none-any.whl (69 kB)
2026-10-09T16:55:33.6970481Z Downloading pytest-8.4.2-py3-none-any.whl (365 kB)
2026-10-09T16:55:33.7128026Z Downloading pluggy-1.6.0-py3-none-any.whl (20 kB)
2026-10-09T16:55:33.7286741Z Downloading reportlab-4.5.1-py3-none-any.whl (2.0 MB)
2026-10-09T16:55:33.7363963Z    ━━━━━━━━━━━━━━━━━━━━━━━━━━━━━━━━━━━━━━━━ 2.0/2.0 MB 304.4 MB/s  0:00:00
2026-10-09T16:55:33.7499779Z Downloading sqlalchemy-2.1.3-cp312-cp312-manylinux2014_x86_64.manylinux_2_17_x86_64.manylinux_2_28_x86_64.whl (4.7 MB)
2026-10-09T16:55:33.7648574Z    ━━━━━━━━━━━━━━━━━━━━━━━━━━━━━━━━━━━━━━━━ 4.7/4.7 MB 347.8 MB/s  0:00:00
2026-10-09T16:55:33.7780072Z Downloading uvicorn-0.54.0-py3-none-any.whl (87 kB)
2026-10-09T16:55:33.7930257Z Downloading annotated_doc-0.0.5-py3-none-any.whl (5.3 kB)
2026-10-09T16:55:33.8078737Z Downloading attrs-26.1.0-py3-none-any.whl (67 kB)
2026-10-09T16:55:33.8273371Z Downloading click-8.5.0-py3-none-any.whl (125 kB)
2026-10-09T16:55:33.8429785Z Downloading h11-0.16.0-py3-none-any.whl (37 kB)
2026-10-09T16:55:33.8580024Z Downloading iniconfig-2.3.0-py3-none-any.whl (7.5 kB)
2026-10-09T16:55:33.8729210Z Downloading jsonschema_specifications-2025.9.1-py3-none-any.whl (18 kB)
2026-10-09T16:55:33.8880085Z Downloading opentelemetry_api-1.45.0-py3-none-any.whl (60 kB)
2026-10-09T16:55:33.9029829Z Downloading packaging-26.3-py3-none-any.whl (129 kB)
2026-10-09T16:55:33.9183161Z Downloading pydantic-2.13.5-py3-none-any.whl (472 kB)
2026-10-09T16:55:33.9344227Z Downloading pydantic_core-2.46.5-cp312-cp312-manylinux_2_17_x86_64.manylinux2014_x86_64.whl (2.1 MB)
2026-10-09T16:55:33.9425986Z    ━━━━━━━━━━━━━━━━━━━━━━━━━━━━━━━━━━━━━━━━ 2.1/2.1 MB 305.0 MB/s  0:00:00
2026-10-09T16:55:33.9557042Z Downloading annotated_types-0.8.0-py3-none-any.whl (13 kB)
2026-10-09T16:55:33.9712024Z Downloading pygments-2.21.0-py3-none-any.whl (1.3 MB)
2026-10-09T16:55:33.9774909Z    ━━━━━━━━━━━━━━━━━━━━━━━━━━━━━━━━━━━━━━━━ 1.3/1.3 MB 245.3 MB/s  0:00:00
2026-10-09T16:55:33.9908543Z Downloading python_dotenv-1.2.4-py3-none-any.whl (23 kB)
2026-10-09T16:55:34.0056568Z Downloading referencing-0.37.0-py3-none-any.whl (26 kB)
2026-10-09T16:55:34.0207101Z Downloading rpds_py-2026.9.1-cp312-cp312-manylinux_2_17_x86_64.manylinux2014_x86_64.whl (371 kB)
2026-10-09T16:55:34.0364257Z Downloading starlette-1.7.0-py3-none-any.whl (78 kB)
2026-10-09T16:55:34.0517090Z Downloading anyio-4.15.1-py3-none-any.whl (132 kB)
2026-10-09T16:55:34.0670188Z Downloading idna-3.20-py3-none-any.whl (69 kB)
2026-10-09T16:55:34.0821468Z Downloading typing_extensions-4.16.0-py3-none-any.whl (45 kB)
2026-10-09T16:55:34.0970496Z Downloading typing_inspection-0.4.4-py3-none-any.whl (14 kB)
2026-10-09T16:55:34.1121525Z Downloading certifi-2026.7.22-py3-none-any.whl (136 kB)
2026-10-09T16:55:34.1282869Z Downloading charset_normalizer-3.5.2-cp312-cp312-manylinux2014_x86_64.manylinux_2_17_x86_64.manylinux_2_28_x86_64.whl (257 kB)
2026-10-09T16:55:34.2580790Z Building wheels for collected packages: ai-novel-studio
2026-10-09T16:55:34.2589349Z   Building editable for ai-novel-studio (pyproject.toml): started
2026-10-09T16:55:35.2574519Z   Building editable for ai-novel-studio (pyproject.toml): finished with status 'done'
2026-10-09T16:55:35.2581657Z   Created wheel for ai-novel-studio: filename=ai_novel_studio-0.7.0-0.editable-py3-none-any.whl size=3190 sha256=4637695df3ef384c94305817f2175adab5ef0253912f30c0814312cf1db82226
2026-10-09T16:55:35.2585235Z   Stored in directory: /home/runner/work/_temp/novel-ci-backend-file-shard-0.GIpkxL/project/.runtime/ci-backend/tmp/pip-ephem-wheel-cache-zxgf5hja/wheels/e3/e7/d3/368bdc0d90e977b2dbb55a528a78639ac70b9397ffeab66d00
2026-10-09T16:55:35.2614012Z Successfully built ai-novel-studio
2026-10-09T16:55:35.3663423Z Installing collected packages: typing-extensions, rpds-py, python-dotenv, pypdf, pygments, psycopg-binary, pluggy, Pillow, packaging, opentimelineio, iniconfig, idna, h11, fonttools, click, charset-normalizer, certifi, attrs, annotated-types, annotated-doc, uvicorn, typing-inspection, sqlalchemy, reportlab, referencing, pytest, pydantic-core, psycopg, opentelemetry-api, httpcore, anyio, starlette, pydantic, jsonschema-specifications, httpx, pydantic-settings, jsonschema, fastapi, ai-novel-studio
2026-10-09T16:55:41.5591028Z 
2026-10-09T16:55:41.5629399Z Successfully installed Pillow-12.3.0 ai-novel-studio-0.7.0 annotated-doc-0.0.5 annotated-types-0.8.0 anyio-4.15.1 attrs-26.1.0 certifi-2026.7.22 charset-normalizer-3.5.2 click-8.5.0 fastapi-0.142.2 fonttools-4.59.1 h11-0.16.0 httpcore-1.0.9 httpx-0.28.1 idna-3.20 iniconfig-2.3.0 jsonschema-4.26.0 jsonschema-specifications-2025.9.1 opentelemetry-api-1.45.0 opentimelineio-0.18.1 packaging-26.3 pluggy-1.6.0 psycopg-3.3.6 psycopg-binary-3.3.6 pydantic-2.13.5 pydantic-core-2.46.5 pydantic-settings-2.15.0 pygments-2.21.0 pypdf-6.19.0 pytest-8.4.2 python-dotenv-1.2.4 referencing-0.37.0 reportlab-4.5.1 rpds-py-2026.9.1 sqlalchemy-2.1.3 starlette-1.7.0 typing-extensions-4.16.0 typing-inspection-0.4.4 uvicorn-0.54.0
2026-10-09T16:55:42.3678645Z No broken requirements found.
2026-10-09T16:55:43.3445829Z ##[group]Run sudo apt-get update
2026-10-09T16:55:43.3446191Z [36;1msudo apt-get update[0m
2026-10-09T16:55:43.3446537Z [36;1msudo apt-get install -y --no-install-recommends ffmpeg[0m
2026-10-09T16:55:43.3446977Z [36;1mffmpeg -version > "$CI_RECEIPTS/ffmpeg-version.txt"[0m
2026-10-09T16:55:43.3447395Z [36;1mffprobe -version > "$CI_RECEIPTS/ffprobe-version.txt"[0m
2026-10-09T16:55:43.3448281Z [36;1mpython -c "import shutil; assert shutil.which('ffmpeg') and shutil.which('ffprobe')"[0m
2026-10-09T16:55:43.3512065Z shell: /usr/bin/bash -e {0}
2026-10-09T16:55:43.3512324Z env:
2026-10-09T16:55:43.3512526Z   MOCK_PROVIDER: true
2026-10-09T16:55:43.3512754Z   MOCK_STREAM_DELAY_MS: 0
2026-10-09T16:55:43.3512981Z   ENABLE_CLOUD: false
2026-10-09T16:55:43.3513229Z   CREDENTIAL_VAULT_BACKEND: memory
2026-10-09T16:55:43.3513516Z   CREDENTIAL_VAULT_ALLOW_MEMORY_FALLBACK: true
2026-10-09T16:55:43.3513823Z   PYTHONDONTWRITEBYTECODE: 1
2026-10-09T16:55:43.3514069Z   HF_HUB_OFFLINE: 1
2026-10-09T16:55:43.3514305Z   TRANSFORMERS_OFFLINE: 1
2026-10-09T16:55:43.3514599Z   pythonLocation: /opt/hostedtoolcache/Python/3.12.9/x64
2026-10-09T16:55:43.3515027Z   PKG_CONFIG_PATH: /opt/hostedtoolcache/Python/3.12.9/x64/lib/pkgconfig
2026-10-09T16:55:43.3515450Z   Python_ROOT_DIR: /opt/hostedtoolcache/Python/3.12.9/x64
2026-10-09T16:55:43.3515834Z   Python2_ROOT_DIR: /opt/hostedtoolcache/Python/3.12.9/x64
2026-10-09T16:55:43.3516208Z   Python3_ROOT_DIR: /opt/hostedtoolcache/Python/3.12.9/x64
2026-10-09T16:55:43.3516581Z   LD_LIBRARY_PATH: /opt/hostedtoolcache/Python/3.12.9/x64/lib
2026-10-09T16:55:43.3516968Z   CI_COVERAGE_SHA: c386b0608ae92d18c351b5cb6e367380808a45cf
2026-10-09T16:55:43.3517337Z   CI_COVERAGE_TREE: 2ec6365e1f1f183f029c9f0a94d040d134e22b47
2026-10-09T16:55:43.3518151Z   CI_SANDBOX: /home/runner/work/_temp/novel-ci-backend-file-shard-0.GIpkxL
2026-10-09T16:55:43.3518887Z   CI_PROJECT: /home/runner/work/_temp/novel-ci-backend-file-shard-0.GIpkxL/project
2026-10-09T16:55:43.3519469Z   CI_RECEIPTS: /home/runner/work/_temp/novel-ci-backend-file-shard-0.GIpkxL/receipts
2026-10-09T16:55:43.3520101Z   HOME: /home/runner/work/_temp/novel-ci-backend-file-shard-0.GIpkxL/project/.runtime/ci-backend/home
2026-10-09T16:55:43.3520824Z   USERPROFILE: /home/runner/work/_temp/novel-ci-backend-file-shard-0.GIpkxL/project/.runtime/ci-backend/home
2026-10-09T16:55:43.3521569Z   APPDATA: /home/runner/work/_temp/novel-ci-backend-file-shard-0.GIpkxL/project/.runtime/ci-backend/appdata
2026-10-09T16:55:43.3522374Z   LOCALAPPDATA: /home/runner/work/_temp/novel-ci-backend-file-shard-0.GIpkxL/project/.runtime/ci-backend/localappdata
2026-10-09T16:55:43.3523172Z   XDG_CONFIG_HOME: /home/runner/work/_temp/novel-ci-backend-file-shard-0.GIpkxL/project/.runtime/ci-backend/config
2026-10-09T16:55:43.3523940Z   XDG_CACHE_HOME: /home/runner/work/_temp/novel-ci-backend-file-shard-0.GIpkxL/project/.runtime/ci-backend/cache
2026-10-09T16:55:43.3524683Z   XDG_DATA_HOME: /home/runner/work/_temp/novel-ci-backend-file-shard-0.GIpkxL/project/.runtime/ci-backend/data
2026-10-09T16:55:43.3525414Z   XDG_STATE_HOME: /home/runner/work/_temp/novel-ci-backend-file-shard-0.GIpkxL/project/.runtime/ci-backend/state
2026-10-09T16:55:43.3526140Z   TMPDIR: /home/runner/work/_temp/novel-ci-backend-file-shard-0.GIpkxL/project/.runtime/ci-backend/tmp
2026-10-09T16:55:43.3526820Z   TMP: /home/runner/work/_temp/novel-ci-backend-file-shard-0.GIpkxL/project/.runtime/ci-backend/tmp
2026-10-09T16:55:43.3527775Z   TEMP: /home/runner/work/_temp/novel-ci-backend-file-shard-0.GIpkxL/project/.runtime/ci-backend/tmp
2026-10-09T16:55:43.3528444Z   PROJECT_ROOT: /home/runner/work/_temp/novel-ci-backend-file-shard-0.GIpkxL/project
2026-10-09T16:55:43.3529130Z   NOVEL_DATA_PATH: /home/runner/work/_temp/novel-ci-backend-file-shard-0.GIpkxL/project/.runtime/ci-backend/data/novels
2026-10-09T16:55:43.3529936Z   BACKUP_PATH: /home/runner/work/_temp/novel-ci-backend-file-shard-0.GIpkxL/project/.runtime/ci-backend/data/backups
2026-10-09T16:55:43.3530963Z   DATABASE_BACKUP_PATH: /home/runner/work/_temp/novel-ci-backend-file-shard-0.GIpkxL/project/.runtime/ci-backend/data/database-backups
2026-10-09T16:55:43.3531915Z   KNOWLEDGE_SOURCE_PATH: /home/runner/work/_temp/novel-ci-backend-file-shard-0.GIpkxL/project/.runtime/ci-backend/data/novels
2026-10-09T16:55:43.3532724Z   CI_V2_RUNTIME: /home/runner/work/_temp/novel-ci-backend-file-shard-0.GIpkxL/project/.runtime/ci-backend
2026-10-09T16:55:43.3533212Z ##[endgroup]
2026-10-09T16:55:43.4338624Z Get:1 file:/etc/apt/apt-mirrors.txt Mirrorlist [144 B]
2026-10-09T16:55:43.4679304Z Hit:2 http://azure.archive.ubuntu.com/ubuntu noble InRelease
2026-10-09T16:55:43.4680372Z Get:6 https://packages.microsoft.com/ubuntu/24.04/prod noble InRelease [3600 B]
2026-10-09T16:55:43.4693548Z Get:3 http://azure.archive.ubuntu.com/ubuntu noble-updates InRelease [126 kB]
2026-10-09T16:55:43.4771653Z Get:4 http://azure.archive.ubuntu.com/ubuntu noble-backports InRelease [126 kB]
2026-10-09T16:55:43.4797310Z Get:5 http://azure.archive.ubuntu.com/ubuntu noble-security InRelease [126 kB]
2026-10-09T16:55:43.6088167Z Get:7 https://packages.microsoft.com/ubuntu/24.04/prod noble/main all Packages [640 B]
2026-10-09T16:55:43.6227718Z Get:8 https://packages.microsoft.com/ubuntu/24.04/prod noble/main arm64 Packages [475 kB]
2026-10-09T16:55:43.6343431Z Get:9 https://packages.microsoft.com/ubuntu/24.04/prod noble/main armhf Packages [12.3 kB]
2026-10-09T16:55:43.6381460Z Get:10 https://packages.microsoft.com/ubuntu/24.04/prod noble/main amd64 Packages [531 kB]
2026-10-09T16:55:43.6549186Z Get:11 http://azure.archive.ubuntu.com/ubuntu noble-updates/main amd64 Packages [1375 kB]
2026-10-09T16:55:43.6644409Z Get:12 http://azure.archive.ubuntu.com/ubuntu noble-updates/main Translation-en [306 kB]
2026-10-09T16:55:43.6675981Z Get:13 http://azure.archive.ubuntu.com/ubuntu noble-updates/universe amd64 Packages [1702 kB]
2026-10-09T16:55:43.6767200Z Get:14 http://azure.archive.ubuntu.com/ubuntu noble-updates/universe Translation-en [342 kB]
2026-10-09T16:55:43.6820446Z Get:15 http://azure.archive.ubuntu.com/ubuntu noble-updates/restricted amd64 Packages [1761 kB]
2026-10-09T16:55:43.6925147Z Get:16 http://azure.archive.ubuntu.com/ubuntu noble-updates/restricted Translation-en [401 kB]
2026-10-09T16:55:43.6939339Z Get:17 http://azure.archive.ubuntu.com/ubuntu noble-updates/multiverse amd64 Packages [55.0 kB]
2026-10-09T16:55:43.6955510Z Get:18 http://azure.archive.ubuntu.com/ubuntu noble-updates/multiverse Translation-en [14.3 kB]
2026-10-09T16:55:43.7632575Z Get:19 http://azure.archive.ubuntu.com/ubuntu noble-security/main amd64 Packages [1121 kB]
2026-10-09T16:55:43.7710066Z Get:20 http://azure.archive.ubuntu.com/ubuntu noble-security/main Translation-en [228 kB]
2026-10-09T16:55:43.8164595Z Get:21 http://azure.archive.ubuntu.com/ubuntu noble-security/universe amd64 Packages [1220 kB]
2026-10-09T16:55:43.8221355Z Get:22 http://azure.archive.ubuntu.com/ubuntu noble-security/universe Translation-en [245 kB]
2026-10-09T16:55:43.8236938Z Get:23 http://azure.archive.ubuntu.com/ubuntu noble-security/restricted amd64 Packages [1669 kB]
2026-10-09T16:55:43.8311627Z Get:24 http://azure.archive.ubuntu.com/ubuntu noble-security/restricted Translation-en [383 kB]
2026-10-09T16:55:43.8335560Z Get:25 http://azure.archive.ubuntu.com/ubuntu noble-security/multiverse amd64 Packages [49.8 kB]
2026-10-09T16:55:43.8344345Z Get:26 http://azure.archive.ubuntu.com/ubuntu noble-security/multiverse Translation-en [12.4 kB]
2026-10-09T16:55:46.6403426Z Fetched 12.3 MB in 1s (9600 kB/s)
2026-10-09T16:55:47.4726672Z Reading package lists...
2026-10-09T16:55:47.5039673Z Reading package lists...
2026-10-09T16:55:47.6742625Z Building dependency tree...
2026-10-09T16:55:47.6750364Z Reading state information...
2026-10-09T16:55:47.8103357Z The following additional packages will be installed:
2026-10-09T16:55:47.8104274Z   libass9 libasyncns0 libavc1394-0 libavcodec60 libavdevice60 libavfilter9
2026-10-09T16:55:47.8105133Z   libavformat60 libavutil58 libblas3 libbluray2 libbs2b0 libcaca0
2026-10-09T16:55:47.8106509Z   libcdio-cdda2t64 libcdio-paranoia2t64 libcdio19t64 libchromaprint1 libcjson1
2026-10-09T16:55:47.8107776Z   libcodec2-1.2 libdav1d7 libdc1394-25 libdecor-0-0 libflac12t64 libflite1
2026-10-09T16:55:47.8108622Z   libgme0 libgsm1 libhwy1t64 libiec61883-0 libjack-jackd2-0 libjxl0.7
2026-10-09T16:55:47.8109480Z   liblapack3 liblilv-0-0 libmbedcrypto7t64 libmp3lame0 libmpg123-0t64
2026-10-09T16:55:47.8110340Z   libmysofa1 libopenal-data libopenal1 libopenmpt0t64 libopus0 libplacebo338
2026-10-09T16:55:47.8111245Z   libpocketsphinx3 libpostproc57 libpulse0 librav1e0 libraw1394-11 librist4
2026-10-09T16:55:47.8112228Z   librsvg2-2 librubberband2 libsamplerate0 libsdl2-2.0-0 libserd-0-0 libshine3
2026-10-09T16:55:47.8113148Z   libsndfile1 libsndio7.0 libsord-0-0 libsoxr0 libspeex1 libsphinxbase3t64
2026-10-09T16:55:47.8114041Z   libsratom-0-0 libsrt1.5-gnutls libssh-gcrypt-4 libsvtav1enc1d1
2026-10-09T16:55:47.8114874Z   libswresample4 libswscale7 libtheora0 libtwolame0 libudfread0 libunibreak5
2026-10-09T16:55:47.8115785Z   libva-drm2 libva-x11-2 libva2 libvdpau1 libvidstab1.1 libvorbisenc2 libvpl2
2026-10-09T16:55:47.8116623Z   libvpx9 libx264-164 libx265-199 libxcb-shape0 libxv1 libxvidcore4 libzimg2
2026-10-09T16:55:47.8117195Z   libzix-0-0 libzvbi-common libzvbi0t64 ocl-icd-libopencl1
2026-10-09T16:55:47.8117862Z Suggested packages:
2026-10-09T16:55:47.8118227Z   ffmpeg-doc libcuda1 libnvcuvid1 libnvidia-encode1 libbluray-bdj jackd2
2026-10-09T16:55:47.8118753Z   libportaudio2 opus-tools pulseaudio libraw1394-doc librsvg2-bin serdi sndiod
2026-10-09T16:55:47.8119172Z   sordi speex opencl-icd
2026-10-09T16:55:47.8119419Z Recommended packages:
2026-10-09T16:55:47.8119743Z   libaacs0 default-libdecor-0-plugin-1 | libdecor-0-plugin-1
2026-10-09T16:55:47.8120193Z   pocketsphinx-en-us librsvg2-common va-driver-all | va-driver
2026-10-09T16:55:47.8121068Z   vdpau-driver-all | vdpau-driver
2026-10-09T16:55:47.8507222Z The following NEW packages will be installed:
2026-10-09T16:55:47.8509891Z   ffmpeg libass9 libasyncns0 libavc1394-0 libavcodec60 libavdevice60
2026-10-09T16:55:47.8510570Z   libavfilter9 libavformat60 libavutil58 libblas3 libbluray2 libbs2b0 libcaca0
2026-10-09T16:55:47.8511529Z   libcdio-cdda2t64 libcdio-paranoia2t64 libcdio19t64 libchromaprint1 libcjson1
2026-10-09T16:55:47.8512325Z   libcodec2-1.2 libdav1d7 libdc1394-25 libdecor-0-0 libflac12t64 libflite1
2026-10-09T16:55:47.8512809Z   libgme0 libgsm1 libhwy1t64 libiec61883-0 libjack-jackd2-0 libjxl0.7
2026-10-09T16:55:47.8513275Z   liblapack3 liblilv-0-0 libmbedcrypto7t64 libmp3lame0 libmpg123-0t64
2026-10-09T16:55:47.8514082Z   libmysofa1 libopenal-data libopenal1 libopenmpt0t64 libopus0 libplacebo338
2026-10-09T16:55:47.8514850Z   libpocketsphinx3 libpostproc57 libpulse0 librav1e0 libraw1394-11 librist4
2026-10-09T16:55:47.8515389Z   librsvg2-2 librubberband2 libsamplerate0 libsdl2-2.0-0 libserd-0-0 libshine3
2026-10-09T16:55:47.8515921Z   libsndfile1 libsndio7.0 libsord-0-0 libsoxr0 libspeex1 libsphinxbase3t64
2026-10-09T16:55:47.8516402Z   libsratom-0-0 libsrt1.5-gnutls libssh-gcrypt-4 libsvtav1enc1d1
2026-10-09T16:55:47.8516887Z   libswresample4 libswscale7 libtheora0 libtwolame0 libudfread0 libunibreak5
2026-10-09T16:55:47.8517641Z   libva-drm2 libva-x11-2 libva2 libvdpau1 libvidstab1.1 libvorbisenc2 libvpl2
2026-10-09T16:55:47.8518208Z   libvpx9 libx264-164 libx265-199 libxcb-shape0 libxv1 libxvidcore4 libzimg2
2026-10-09T16:55:47.8518670Z   libzix-0-0 libzvbi-common libzvbi0t64 ocl-icd-libopencl1
2026-10-09T16:55:47.8705639Z 0 upgraded, 87 newly installed, 0 to remove and 23 not upgraded.
2026-10-09T16:55:47.8706294Z Need to get 62.8 MB of archives.
2026-10-09T16:55:47.8706737Z After this operation, 173 MB of additional disk space will be used.
2026-10-09T16:55:47.8707179Z Get:1 file:/etc/apt/apt-mirrors.txt Mirrorlist [144 B]
2026-10-09T16:55:47.9208141Z Get:2 http://azure.archive.ubuntu.com/ubuntu noble-updates/universe amd64 libva2 amd64 2.20.0-2ubuntu0.2 [66.4 kB]
2026-10-09T16:55:47.9584639Z Get:3 http://azure.archive.ubuntu.com/ubuntu noble-updates/universe amd64 libva-drm2 amd64 2.20.0-2ubuntu0.2 [7124 B]
2026-10-09T16:55:47.9922525Z Get:4 http://azure.archive.ubuntu.com/ubuntu noble-updates/universe amd64 libva-x11-2 amd64 2.20.0-2ubuntu0.2 [12.0 kB]
2026-10-09T16:55:48.0261700Z Get:5 http://azure.archive.ubuntu.com/ubuntu noble/main amd64 libvdpau1 amd64 1.5-2build1 [27.8 kB]
2026-10-09T16:55:48.0602256Z Get:6 http://azure.archive.ubuntu.com/ubuntu noble/universe amd64 libvpl2 amd64 2023.3.0-1build1 [99.8 kB]
2026-10-09T16:55:48.0948883Z Get:7 http://azure.archive.ubuntu.com/ubuntu noble/universe amd64 ocl-icd-libopencl1 amd64 2.3.2-1build1 [38.5 kB]
2026-10-09T16:55:48.1291546Z Get:8 http://azure.archive.ubuntu.com/ubuntu noble/universe amd64 libavutil58 amd64 7:6.1.1-3ubuntu5 [401 kB]
2026-10-09T16:55:48.1656848Z Get:9 http://azure.archive.ubuntu.com/ubuntu noble/universe amd64 libcodec2-1.2 amd64 1.2.0-2build1 [8998 kB]
2026-10-09T16:55:48.3046513Z Get:10 http://azure.archive.ubuntu.com/ubuntu noble/universe amd64 libdav1d7 amd64 1.4.1-1build1 [604 kB]
2026-10-09T16:55:48.3425007Z Get:11 http://azure.archive.ubuntu.com/ubuntu noble/universe amd64 libgsm1 amd64 1.0.22-1build1 [27.8 kB]
2026-10-09T16:55:48.3766391Z Get:12 http://azure.archive.ubuntu.com/ubuntu noble/universe amd64 libhwy1t64 amd64 1.0.7-8.1build1 [584 kB]
2026-10-09T16:55:48.4141852Z Get:13 http://azure.archive.ubuntu.com/ubuntu noble-updates/universe amd64 libjxl0.7 amd64 0.7.0-10.2ubuntu6.1 [1001 kB]
2026-10-09T16:55:48.4542469Z Get:14 http://azure.archive.ubuntu.com/ubuntu noble/main amd64 libmp3lame0 amd64 3.100-6build1 [142 kB]
2026-10-09T16:55:48.4891312Z Get:15 http://azure.archive.ubuntu.com/ubuntu noble/main amd64 libopus0 amd64 1.4-1build1 [208 kB]
2026-10-09T16:55:48.5244405Z Get:16 http://azure.archive.ubuntu.com/ubuntu noble/universe amd64 librav1e0 amd64 0.7.1-2 [1022 kB]
2026-10-09T16:55:48.5648573Z Get:17 http://azure.archive.ubuntu.com/ubuntu noble-updates/main amd64 librsvg2-2 amd64 2.58.0+dfsg-1ubuntu0.1 [2141 kB]
2026-10-09T16:55:48.6130923Z Get:18 http://azure.archive.ubuntu.com/ubuntu noble/universe amd64 libshine3 amd64 3.1.1-2build1 [23.2 kB]
2026-10-09T16:55:48.6473811Z Get:19 http://azure.archive.ubuntu.com/ubuntu noble-updates/main amd64 libspeex1 amd64 1.2.1-2ubuntu2.24.04.1 [59.6 kB]
2026-10-09T16:55:48.7247944Z Get:20 http://azure.archive.ubuntu.com/ubuntu noble/universe amd64 libsvtav1enc1d1 amd64 1.7.0+dfsg-2build1 [2425 kB]
2026-10-09T16:55:48.7697965Z Get:21 http://azure.archive.ubuntu.com/ubuntu noble/universe amd64 libsoxr0 amd64 0.1.3-4build3 [80.0 kB]
2026-10-09T16:55:48.8052510Z Get:22 http://azure.archive.ubuntu.com/ubuntu noble/universe amd64 libswresample4 amd64 7:6.1.1-3ubuntu5 [63.8 kB]
2026-10-09T16:55:48.8395356Z Get:23 http://azure.archive.ubuntu.com/ubuntu noble/main amd64 libtheora0 amd64 1.1.1+dfsg.1-16.1build3 [211 kB]
2026-10-09T16:55:48.8748396Z Get:24 http://azure.archive.ubuntu.com/ubuntu noble/main amd64 libtwolame0 amd64 0.4.0-2build3 [52.3 kB]
2026-10-09T16:55:48.9108567Z Get:25 http://azure.archive.ubuntu.com/ubuntu noble/main amd64 libvorbisenc2 amd64 1.3.7-1build3 [80.8 kB]
2026-10-09T16:55:48.9486620Z Get:26 http://azure.archive.ubuntu.com/ubuntu noble-updates/main amd64 libvpx9 amd64 1.14.0-1ubuntu2.3 [1143 kB]
2026-10-09T16:55:48.9893853Z Get:27 http://azure.archive.ubuntu.com/ubuntu noble/universe amd64 libx264-164 amd64 2:0.164.3108+git31e19f9-1 [604 kB]
2026-10-09T16:55:49.0269724Z Get:28 http://azure.archive.ubuntu.com/ubuntu noble/universe amd64 libx265-199 amd64 3.5-2build1 [1226 kB]
2026-10-09T16:55:49.0683382Z Get:29 http://azure.archive.ubuntu.com/ubuntu noble/universe amd64 libxvidcore4 amd64 2:1.3.7-1build1 [219 kB]
2026-10-09T16:55:49.0976204Z Get:30 http://azure.archive.ubuntu.com/ubuntu noble/universe amd64 libzvbi-common all 0.2.42-2 [42.4 kB]
2026-10-09T16:55:49.1261276Z Get:31 http://azure.archive.ubuntu.com/ubuntu noble/universe amd64 libzvbi0t64 amd64 0.2.42-2 [261 kB]
2026-10-09T16:55:49.1563628Z Get:32 http://azure.archive.ubuntu.com/ubuntu noble/universe amd64 libavcodec60 amd64 7:6.1.1-3ubuntu5 [5851 kB]
2026-10-09T16:55:49.2431530Z Get:33 http://azure.archive.ubuntu.com/ubuntu noble/main amd64 libraw1394-11 amd64 2.1.2-2build3 [26.2 kB]
2026-10-09T16:55:49.2710577Z Get:34 http://azure.archive.ubuntu.com/ubuntu noble/main amd64 libavc1394-0 amd64 0.5.4-5build3 [15.4 kB]
2026-10-09T16:55:49.3009155Z Get:35 http://azure.archive.ubuntu.com/ubuntu noble/universe amd64 libunibreak5 amd64 5.1-2build1 [25.0 kB]
2026-10-09T16:55:49.3291545Z Get:36 http://azure.archive.ubuntu.com/ubuntu noble/universe amd64 libass9 amd64 1:0.17.1-2build1 [104 kB]
2026-10-09T16:55:49.3576623Z Get:37 http://azure.archive.ubuntu.com/ubuntu noble/universe amd64 libudfread0 amd64 1.1.2-1build1 [19.0 kB]
2026-10-09T16:55:49.3859501Z Get:38 http://azure.archive.ubuntu.com/ubuntu noble/universe amd64 libbluray2 amd64 1:1.3.4-1build1 [159 kB]
2026-10-09T16:55:49.4645152Z Get:39 http://azure.archive.ubuntu.com/ubuntu noble/universe amd64 libchromaprint1 amd64 1.5.1-5 [30.5 kB]
2026-10-09T16:55:49.4987263Z Get:40 http://azure.archive.ubuntu.com/ubuntu noble/universe amd64 libgme0 amd64 0.6.3-7build1 [134 kB]
2026-10-09T16:55:49.5337365Z Get:41 http://azure.archive.ubuntu.com/ubuntu noble-updates/main amd64 libmpg123-0t64 amd64 1.32.5-1ubuntu1.1 [169 kB]
2026-10-09T16:55:49.5709187Z Get:42 http://azure.archive.ubuntu.com/ubuntu noble/universe amd64 libopenmpt0t64 amd64 0.7.3-1.1build3 [647 kB]
2026-10-09T16:55:49.6020788Z Get:43 http://azure.archive.ubuntu.com/ubuntu noble/universe amd64 libcjson1 amd64 1.7.17-1 [24.8 kB]
2026-10-09T16:55:49.6299437Z Get:44 http://azure.archive.ubuntu.com/ubuntu noble/universe amd64 libmbedcrypto7t64 amd64 2.28.8-1 [209 kB]
2026-10-09T16:55:49.6619299Z Get:45 http://azure.archive.ubuntu.com/ubuntu noble/universe amd64 librist4 amd64 0.2.10+dfsg-2 [74.9 kB]
2026-10-09T16:55:49.6948712Z Get:46 http://azure.archive.ubuntu.com/ubuntu noble/universe amd64 libsrt1.5-gnutls amd64 1.5.3-1build2 [316 kB]
2026-10-09T16:55:49.7273576Z Get:47 http://azure.archive.ubuntu.com/ubuntu noble-updates/main amd64 libssh-gcrypt-4 amd64 0.10.6-2ubuntu0.5 [226 kB]
2026-10-09T16:55:49.7591437Z Get:48 http://azure.archive.ubuntu.com/ubuntu noble/universe amd64 libavformat60 amd64 7:6.1.1-3ubuntu5 [1153 kB]
2026-10-09T16:55:49.7960502Z Get:49 http://azure.archive.ubuntu.com/ubuntu noble/universe amd64 libbs2b0 amd64 3.1.0+dfsg-7build1 [10.6 kB]
2026-10-09T16:55:49.8268756Z Get:50 http://azure.archive.ubuntu.com/ubuntu noble/universe amd64 libflite1 amd64 2.2-6build3 [13.6 MB]
2026-10-09T16:55:49.9956874Z Get:51 http://azure.archive.ubuntu.com/ubuntu noble/universe amd64 libserd-0-0 amd64 0.32.2-1 [43.6 kB]
2026-10-09T16:55:50.0240880Z Get:52 http://azure.archive.ubuntu.com/ubuntu noble/universe amd64 libzix-0-0 amd64 0.4.2-2build1 [23.6 kB]
2026-10-09T16:55:50.0522861Z Get:53 http://azure.archive.ubuntu.com/ubuntu noble/universe amd64 libsord-0-0 amd64 0.16.16-2build1 [15.8 kB]
2026-10-09T16:55:50.0801984Z Get:54 http://azure.archive.ubuntu.com/ubuntu noble/universe amd64 libsratom-0-0 amd64 0.6.16-1build1 [17.3 kB]
2026-10-09T16:55:50.1081343Z Get:55 http://azure.archive.ubuntu.com/ubuntu noble/universe amd64 liblilv-0-0 amd64 0.24.22-1build1 [41.0 kB]
2026-10-09T16:55:50.1361523Z Get:56 http://azure.archive.ubuntu.com/ubuntu noble/universe amd64 libmysofa1 amd64 1.3.2+dfsg-2ubuntu2 [1158 kB]
2026-10-09T16:55:50.1706578Z Get:57 http://azure.archive.ubuntu.com/ubuntu noble/universe amd64 libplacebo338 amd64 6.338.2-2build1 [2654 kB]
2026-10-09T16:55:50.2692220Z Get:58 http://azure.archive.ubuntu.com/ubuntu noble-updates/main amd64 libblas3 amd64 3.12.0-3build1.1 [238 kB]
2026-10-09T16:55:50.3166882Z Get:59 http://azure.archive.ubuntu.com/ubuntu noble-updates/main amd64 liblapack3 amd64 3.12.0-3build1.1 [2646 kB]
2026-10-09T16:55:50.4533407Z Get:60 http://azure.archive.ubuntu.com/ubuntu noble/main amd64 libasyncns0 amd64 0.8-6build4 [11.3 kB]
2026-10-09T16:55:50.4877832Z Get:61 http://azure.archive.ubuntu.com/ubuntu noble/main amd64 libflac12t64 amd64 1.4.3+ds-2.1ubuntu2 [197 kB]
2026-10-09T16:55:50.5234958Z Get:62 http://azure.archive.ubuntu.com/ubuntu noble-updates/main amd64 libsndfile1 amd64 1.2.2-1ubuntu5.24.04.1 [209 kB]
2026-10-09T16:55:50.5591602Z Get:63 http://azure.archive.ubuntu.com/ubuntu noble-updates/main amd64 libpulse0 amd64 1:16.1+dfsg1-2ubuntu10.1 [292 kB]
2026-10-09T16:55:50.5973442Z Get:64 http://azure.archive.ubuntu.com/ubuntu noble/universe amd64 libsphinxbase3t64 amd64 0.8+5prealpha+1-17build2 [126 kB]
2026-10-09T16:55:50.6329198Z Get:65 http://azure.archive.ubuntu.com/ubuntu noble/universe amd64 libpocketsphinx3 amd64 0.8.0+real5prealpha+1-15ubuntu5 [133 kB]
2026-10-09T16:55:50.6681071Z Get:66 http://azure.archive.ubuntu.com/ubuntu noble/universe amd64 libpostproc57 amd64 7:6.1.1-3ubuntu5 [49.9 kB]
2026-10-09T16:55:50.6991131Z Get:67 http://azure.archive.ubuntu.com/ubuntu noble/main amd64 libsamplerate0 amd64 0.2.2-4build1 [1344 kB]
2026-10-09T16:55:50.7340241Z Get:68 http://azure.archive.ubuntu.com/ubuntu noble/universe amd64 librubberband2 amd64 3.3.0+dfsg-2build1 [130 kB]
2026-10-09T16:55:50.7642133Z Get:69 http://azure.archive.ubuntu.com/ubuntu noble/universe amd64 libswscale7 amd64 7:6.1.1-3ubuntu5 [193 kB]
2026-10-09T16:55:50.7930487Z Get:70 http://azure.archive.ubuntu.com/ubuntu noble/universe amd64 libvidstab1.1 amd64 1.1.0-2build1 [38.5 kB]
2026-10-09T16:55:50.8212422Z Get:71 http://azure.archive.ubuntu.com/ubuntu noble/universe amd64 libzimg2 amd64 3.0.5+ds1-1build1 [254 kB]
2026-10-09T16:55:50.8504631Z Get:72 http://azure.archive.ubuntu.com/ubuntu noble/universe amd64 libavfilter9 amd64 7:6.1.1-3ubuntu5 [4235 kB]
2026-10-09T16:55:50.9143320Z Get:73 http://azure.archive.ubuntu.com/ubuntu noble-updates/main amd64 libcaca0 amd64 0.99.beta20-4ubuntu0.2 [209 kB]
2026-10-09T16:55:50.9430963Z Get:74 http://azure.archive.ubuntu.com/ubuntu noble-updates/main amd64 libcdio19t64 amd64 2.1.0-4.1ubuntu1.2 [62.4 kB]
2026-10-09T16:55:50.9714560Z Get:75 http://azure.archive.ubuntu.com/ubuntu noble/main amd64 libcdio-cdda2t64 amd64 10.2+2.0.1-1.1build2 [16.5 kB]
2026-10-09T16:55:51.0420756Z Get:76 http://azure.archive.ubuntu.com/ubuntu noble/main amd64 libcdio-paranoia2t64 amd64 10.2+2.0.1-1.1build2 [16.6 kB]
2026-10-09T16:55:51.0700512Z Get:77 http://azure.archive.ubuntu.com/ubuntu noble/universe amd64 libdc1394-25 amd64 2.2.6-4build1 [90.1 kB]
2026-10-09T16:55:51.1049337Z Get:78 http://azure.archive.ubuntu.com/ubuntu noble/main amd64 libiec61883-0 amd64 1.2.0-6build1 [24.5 kB]
2026-10-09T16:55:51.1330026Z Get:79 http://azure.archive.ubuntu.com/ubuntu noble/main amd64 libjack-jackd2-0 amd64 1.9.21~dfsg-3ubuntu3 [289 kB]
2026-10-09T16:55:51.1628746Z Get:80 http://azure.archive.ubuntu.com/ubuntu noble/universe amd64 libopenal-data all 1:1.23.1-4build1 [161 kB]
2026-10-09T16:55:51.1916981Z Get:81 http://azure.archive.ubuntu.com/ubuntu noble/universe amd64 libsndio7.0 amd64 1.9.0-0.3build3 [29.6 kB]
2026-10-09T16:55:51.2197931Z Get:82 http://azure.archive.ubuntu.com/ubuntu noble/universe amd64 libopenal1 amd64 1:1.23.1-4build1 [540 kB]
2026-10-09T16:55:51.2533155Z Get:83 http://azure.archive.ubuntu.com/ubuntu noble/main amd64 libdecor-0-0 amd64 0.2.2-1build2 [16.5 kB]
2026-10-09T16:55:51.2814967Z Get:84 http://azure.archive.ubuntu.com/ubuntu noble-updates/main amd64 libsdl2-2.0-0 amd64 2.30.0+dfsg-1ubuntu3.1 [686 kB]
2026-10-09T16:55:51.3130720Z Get:85 http://azure.archive.ubuntu.com/ubuntu noble/main amd64 libxcb-shape0 amd64 1.15-1ubuntu2 [6100 B]
2026-10-09T16:55:51.3409695Z Get:86 http://azure.archive.ubuntu.com/ubuntu noble/main amd64 libxv1 amd64 2:1.0.11-1.1build1 [10.7 kB]
2026-10-09T16:55:51.3692238Z Get:87 http://azure.archive.ubuntu.com/ubuntu noble/universe amd64 libavdevice60 amd64 7:6.1.1-3ubuntu5 [82.3 kB]
2026-10-09T16:55:51.3980845Z Get:88 http://azure.archive.ubuntu.com/ubuntu noble/universe amd64 ffmpeg amd64 7:6.1.1-3ubuntu5 [1879 kB]
2026-10-09T16:55:51.7086714Z Fetched 62.8 MB in 4s (17.7 MB/s)
2026-10-09T16:55:51.7341777Z Selecting previously unselected package libva2:amd64.
2026-10-09T16:55:51.7654158Z (Reading database ... 
2026-10-09T16:55:51.7654580Z (Reading database ... 5%
2026-10-09T16:55:51.7655165Z (Reading database ... 10%
2026-10-09T16:55:51.7655509Z (Reading database ... 15%
2026-10-09T16:55:51.7655834Z (Reading database ... 20%
2026-10-09T16:55:51.7656109Z (Reading database ... 25%
2026-10-09T16:55:51.7656368Z (Reading database ... 30%
2026-10-09T16:55:51.7656619Z (Reading database ... 35%
2026-10-09T16:55:51.7656865Z (Reading database ... 40%
2026-10-09T16:55:51.7657162Z (Reading database ... 45%
2026-10-09T16:55:51.7657792Z (Reading database ... 50%
2026-10-09T16:55:51.7699578Z (Reading database ... 55%
2026-10-09T16:55:51.9046170Z (Reading database ... 60%
2026-10-09T16:55:52.1098023Z (Reading database ... 65%
2026-10-09T16:55:52.2958254Z (Reading database ... 70%
2026-10-09T16:55:52.4606543Z (Reading database ... 75%
2026-10-09T16:55:52.6043667Z (Reading database ... 80%
2026-10-09T16:55:52.7793046Z (Reading database ... 85%
2026-10-09T16:55:52.8969136Z (Reading database ... 90%
2026-10-09T16:55:53.0491614Z (Reading database ... 95%
2026-10-09T16:55:53.0492128Z (Reading database ... 100%
2026-10-09T16:55:53.0492790Z (Reading database ... 203191 files and directories currently installed.)
2026-10-09T16:55:53.0534256Z Preparing to unpack .../00-libva2_2.20.0-2ubuntu0.2_amd64.deb ...
2026-10-09T16:55:53.0570985Z Unpacking libva2:amd64 (2.20.0-2ubuntu0.2) ...
2026-10-09T16:55:53.0789708Z Selecting previously unselected package libva-drm2:amd64.
2026-10-09T16:55:53.0910760Z Preparing to unpack .../01-libva-drm2_2.20.0-2ubuntu0.2_amd64.deb ...
2026-10-09T16:55:53.0917664Z Unpacking libva-drm2:amd64 (2.20.0-2ubuntu0.2) ...
2026-10-09T16:55:53.1116696Z Selecting previously unselected package libva-x11-2:amd64.
2026-10-09T16:55:53.1238776Z Preparing to unpack .../02-libva-x11-2_2.20.0-2ubuntu0.2_amd64.deb ...
2026-10-09T16:55:53.1271153Z Unpacking libva-x11-2:amd64 (2.20.0-2ubuntu0.2) ...
2026-10-09T16:55:53.1462152Z Selecting previously unselected package libvdpau1:amd64.
2026-10-09T16:55:53.1584275Z Preparing to unpack .../03-libvdpau1_1.5-2build1_amd64.deb ...
2026-10-09T16:55:53.1591406Z Unpacking libvdpau1:amd64 (1.5-2build1) ...
2026-10-09T16:55:53.1787963Z Selecting previously unselected package libvpl2.
2026-10-09T16:55:53.1910317Z Preparing to unpack .../04-libvpl2_2023.3.0-1build1_amd64.deb ...
2026-10-09T16:55:53.1918448Z Unpacking libvpl2 (2023.3.0-1build1) ...
2026-10-09T16:55:53.2135592Z Selecting previously unselected package ocl-icd-libopencl1:amd64.
2026-10-09T16:55:53.2258447Z Preparing to unpack .../05-ocl-icd-libopencl1_2.3.2-1build1_amd64.deb ...
2026-10-09T16:55:53.2265490Z Unpacking ocl-icd-libopencl1:amd64 (2.3.2-1build1) ...
2026-10-09T16:55:53.2520376Z Selecting previously unselected package libavutil58:amd64.
2026-10-09T16:55:53.2641873Z Preparing to unpack .../06-libavutil58_7%3a6.1.1-3ubuntu5_amd64.deb ...
2026-10-09T16:55:53.2649610Z Unpacking libavutil58:amd64 (7:6.1.1-3ubuntu5) ...
2026-10-09T16:55:53.2949699Z Selecting previously unselected package libcodec2-1.2:amd64.
2026-10-09T16:55:53.3074128Z Preparing to unpack .../07-libcodec2-1.2_1.2.0-2build1_amd64.deb ...
2026-10-09T16:55:53.3081140Z Unpacking libcodec2-1.2:amd64 (1.2.0-2build1) ...
2026-10-09T16:55:53.3959027Z Selecting previously unselected package libdav1d7:amd64.
2026-10-09T16:55:53.4086775Z Preparing to unpack .../08-libdav1d7_1.4.1-1build1_amd64.deb ...
2026-10-09T16:55:53.4093809Z Unpacking libdav1d7:amd64 (1.4.1-1build1) ...
2026-10-09T16:55:53.4347227Z Selecting previously unselected package libgsm1:amd64.
2026-10-09T16:55:53.4477280Z Preparing to unpack .../09-libgsm1_1.0.22-1build1_amd64.deb ...
2026-10-09T16:55:53.4483889Z Unpacking libgsm1:amd64 (1.0.22-1build1) ...
2026-10-09T16:55:53.4701792Z Selecting previously unselected package libhwy1t64:amd64.
2026-10-09T16:55:53.4834175Z Preparing to unpack .../10-libhwy1t64_1.0.7-8.1build1_amd64.deb ...
2026-10-09T16:55:53.4842305Z Unpacking libhwy1t64:amd64 (1.0.7-8.1build1) ...
2026-10-09T16:55:53.5166004Z Selecting previously unselected package libjxl0.7:amd64.
2026-10-09T16:55:53.5290182Z Preparing to unpack .../11-libjxl0.7_0.7.0-10.2ubuntu6.1_amd64.deb ...
2026-10-09T16:55:53.5297889Z Unpacking libjxl0.7:amd64 (0.7.0-10.2ubuntu6.1) ...
2026-10-09T16:55:53.5623185Z Selecting previously unselected package libmp3lame0:amd64.
2026-10-09T16:55:53.5749815Z Preparing to unpack .../12-libmp3lame0_3.100-6build1_amd64.deb ...
2026-10-09T16:55:53.5757758Z Unpacking libmp3lame0:amd64 (3.100-6build1) ...
2026-10-09T16:55:53.5967907Z Selecting previously unselected package libopus0:amd64.
2026-10-09T16:55:53.6090898Z Preparing to unpack .../13-libopus0_1.4-1build1_amd64.deb ...
2026-10-09T16:55:53.6097923Z Unpacking libopus0:amd64 (1.4-1build1) ...
2026-10-09T16:55:53.6307117Z Selecting previously unselected package librav1e0:amd64.
2026-10-09T16:55:53.6429704Z Preparing to unpack .../14-librav1e0_0.7.1-2_amd64.deb ...
2026-10-09T16:55:53.6436687Z Unpacking librav1e0:amd64 (0.7.1-2) ...
2026-10-09T16:55:53.6742000Z Selecting previously unselected package librsvg2-2:amd64.
2026-10-09T16:55:53.6868836Z Preparing to unpack .../15-librsvg2-2_2.58.0+dfsg-1ubuntu0.1_amd64.deb ...
2026-10-09T16:55:53.6877134Z Unpacking librsvg2-2:amd64 (2.58.0+dfsg-1ubuntu0.1) ...
2026-10-09T16:55:53.7359922Z Selecting previously unselected package libshine3:amd64.
2026-10-09T16:55:53.7486286Z Preparing to unpack .../16-libshine3_3.1.1-2build1_amd64.deb ...
2026-10-09T16:55:53.7493101Z Unpacking libshine3:amd64 (3.1.1-2build1) ...
2026-10-09T16:55:53.7686384Z Selecting previously unselected package libspeex1:amd64.
2026-10-09T16:55:53.7812836Z Preparing to unpack .../17-libspeex1_1.2.1-2ubuntu2.24.04.1_amd64.deb ...
2026-10-09T16:55:53.7819741Z Unpacking libspeex1:amd64 (1.2.1-2ubuntu2.24.04.1) ...
2026-10-09T16:55:53.8019107Z Selecting previously unselected package libsvtav1enc1d1:amd64.
2026-10-09T16:55:53.8142580Z Preparing to unpack .../18-libsvtav1enc1d1_1.7.0+dfsg-2build1_amd64.deb ...
2026-10-09T16:55:53.8150173Z Unpacking libsvtav1enc1d1:amd64 (1.7.0+dfsg-2build1) ...
2026-10-09T16:55:53.8602972Z Selecting previously unselected package libsoxr0:amd64.
2026-10-09T16:55:53.8730503Z Preparing to unpack .../19-libsoxr0_0.1.3-4build3_amd64.deb ...
2026-10-09T16:55:53.8737122Z Unpacking libsoxr0:amd64 (0.1.3-4build3) ...
2026-10-09T16:55:53.8938086Z Selecting previously unselected package libswresample4:amd64.
2026-10-09T16:55:53.9061684Z Preparing to unpack .../20-libswresample4_7%3a6.1.1-3ubuntu5_amd64.deb ...
2026-10-09T16:55:53.9069747Z Unpacking libswresample4:amd64 (7:6.1.1-3ubuntu5) ...
2026-10-09T16:55:53.9277284Z Selecting previously unselected package libtheora0:amd64.
2026-10-09T16:55:53.9399873Z Preparing to unpack .../21-libtheora0_1.1.1+dfsg.1-16.1build3_amd64.deb ...
2026-10-09T16:55:53.9407908Z Unpacking libtheora0:amd64 (1.1.1+dfsg.1-16.1build3) ...
2026-10-09T16:55:53.9636738Z Selecting previously unselected package libtwolame0:amd64.
2026-10-09T16:55:53.9761393Z Preparing to unpack .../22-libtwolame0_0.4.0-2build3_amd64.deb ...
2026-10-09T16:55:53.9769482Z Unpacking libtwolame0:amd64 (0.4.0-2build3) ...
2026-10-09T16:55:53.9975673Z Selecting previously unselected package libvorbisenc2:amd64.
2026-10-09T16:55:54.0100232Z Preparing to unpack .../23-libvorbisenc2_1.3.7-1build3_amd64.deb ...
2026-10-09T16:55:54.0107941Z Unpacking libvorbisenc2:amd64 (1.3.7-1build3) ...
2026-10-09T16:55:54.0319607Z Selecting previously unselected package libvpx9:amd64.
2026-10-09T16:55:54.0440837Z Preparing to unpack .../24-libvpx9_1.14.0-1ubuntu2.3_amd64.deb ...
2026-10-09T16:55:54.0448840Z Unpacking libvpx9:amd64 (1.14.0-1ubuntu2.3) ...
2026-10-09T16:55:54.0771250Z Selecting previously unselected package libx264-164:amd64.
2026-10-09T16:55:54.0896912Z Preparing to unpack .../25-libx264-164_2%3a0.164.3108+git31e19f9-1_amd64.deb ...
2026-10-09T16:55:54.0903731Z Unpacking libx264-164:amd64 (2:0.164.3108+git31e19f9-1) ...
2026-10-09T16:55:54.1181669Z Selecting previously unselected package libx265-199:amd64.
2026-10-09T16:55:54.1304556Z Preparing to unpack .../26-libx265-199_3.5-2build1_amd64.deb ...
2026-10-09T16:55:54.1313757Z Unpacking libx265-199:amd64 (3.5-2build1) ...
2026-10-09T16:55:54.1948481Z Selecting previously unselected package libxvidcore4:amd64.
2026-10-09T16:55:54.2072477Z Preparing to unpack .../27-libxvidcore4_2%3a1.3.7-1build1_amd64.deb ...
2026-10-09T16:55:54.2080575Z Unpacking libxvidcore4:amd64 (2:1.3.7-1build1) ...
2026-10-09T16:55:54.2291680Z Selecting previously unselected package libzvbi-common.
2026-10-09T16:55:54.2415525Z Preparing to unpack .../28-libzvbi-common_0.2.42-2_all.deb ...
2026-10-09T16:55:54.2422621Z Unpacking libzvbi-common (0.2.42-2) ...
2026-10-09T16:55:54.2711758Z Selecting previously unselected package libzvbi0t64:amd64.
2026-10-09T16:55:54.2840857Z Preparing to unpack .../29-libzvbi0t64_0.2.42-2_amd64.deb ...
2026-10-09T16:55:54.2848264Z Unpacking libzvbi0t64:amd64 (0.2.42-2) ...
2026-10-09T16:55:54.3087273Z Selecting previously unselected package libavcodec60:amd64.
2026-10-09T16:55:54.3211237Z Preparing to unpack .../30-libavcodec60_7%3a6.1.1-3ubuntu5_amd64.deb ...
2026-10-09T16:55:54.3219546Z Unpacking libavcodec60:amd64 (7:6.1.1-3ubuntu5) ...
2026-10-09T16:55:54.4004284Z Selecting previously unselected package libraw1394-11:amd64.
2026-10-09T16:55:54.4132409Z Preparing to unpack .../31-libraw1394-11_2.1.2-2build3_amd64.deb ...
2026-10-09T16:55:54.4144704Z Unpacking libraw1394-11:amd64 (2.1.2-2build3) ...
2026-10-09T16:55:54.4340202Z Selecting previously unselected package libavc1394-0:amd64.
2026-10-09T16:55:54.4469461Z Preparing to unpack .../32-libavc1394-0_0.5.4-5build3_amd64.deb ...
2026-10-09T16:55:54.4478055Z Unpacking libavc1394-0:amd64 (0.5.4-5build3) ...
2026-10-09T16:55:54.4673253Z Selecting previously unselected package libunibreak5:amd64.
2026-10-09T16:55:54.4797628Z Preparing to unpack .../33-libunibreak5_5.1-2build1_amd64.deb ...
2026-10-09T16:55:54.4805340Z Unpacking libunibreak5:amd64 (5.1-2build1) ...
2026-10-09T16:55:54.5008377Z Selecting previously unselected package libass9:amd64.
2026-10-09T16:55:54.5133152Z Preparing to unpack .../34-libass9_1%3a0.17.1-2build1_amd64.deb ...
2026-10-09T16:55:54.5140801Z Unpacking libass9:amd64 (1:0.17.1-2build1) ...
2026-10-09T16:55:54.5349821Z Selecting previously unselected package libudfread0:amd64.
2026-10-09T16:55:54.5476794Z Preparing to unpack .../35-libudfread0_1.1.2-1build1_amd64.deb ...
2026-10-09T16:55:54.5485694Z Unpacking libudfread0:amd64 (1.1.2-1build1) ...
2026-10-09T16:55:54.5698754Z Selecting previously unselected package libbluray2:amd64.
2026-10-09T16:55:54.5823148Z Preparing to unpack .../36-libbluray2_1%3a1.3.4-1build1_amd64.deb ...
2026-10-09T16:55:54.5830276Z Unpacking libbluray2:amd64 (1:1.3.4-1build1) ...
2026-10-09T16:55:54.6042530Z Selecting previously unselected package libchromaprint1:amd64.
2026-10-09T16:55:54.6169704Z Preparing to unpack .../37-libchromaprint1_1.5.1-5_amd64.deb ...
2026-10-09T16:55:54.6176931Z Unpacking libchromaprint1:amd64 (1.5.1-5) ...
2026-10-09T16:55:54.6374048Z Selecting previously unselected package libgme0:amd64.
2026-10-09T16:55:54.6496180Z Preparing to unpack .../38-libgme0_0.6.3-7build1_amd64.deb ...
2026-10-09T16:55:54.6506217Z Unpacking libgme0:amd64 (0.6.3-7build1) ...
2026-10-09T16:55:54.6717328Z Selecting previously unselected package libmpg123-0t64:amd64.
2026-10-09T16:55:54.6843702Z Preparing to unpack .../39-libmpg123-0t64_1.32.5-1ubuntu1.1_amd64.deb ...
2026-10-09T16:55:54.6851099Z Unpacking libmpg123-0t64:amd64 (1.32.5-1ubuntu1.1) ...
2026-10-09T16:55:54.7063152Z Selecting previously unselected package libopenmpt0t64:amd64.
2026-10-09T16:55:54.7185764Z Preparing to unpack .../40-libopenmpt0t64_0.7.3-1.1build3_amd64.deb ...
2026-10-09T16:55:54.7193063Z Unpacking libopenmpt0t64:amd64 (0.7.3-1.1build3) ...
2026-10-09T16:55:54.7452888Z Selecting previously unselected package libcjson1:amd64.
2026-10-09T16:55:54.7575551Z Preparing to unpack .../41-libcjson1_1.7.17-1_amd64.deb ...
2026-10-09T16:55:54.7582390Z Unpacking libcjson1:amd64 (1.7.17-1) ...
2026-10-09T16:55:54.7799875Z Selecting previously unselected package libmbedcrypto7t64:amd64.
2026-10-09T16:55:54.7924649Z Preparing to unpack .../42-libmbedcrypto7t64_2.28.8-1_amd64.deb ...
2026-10-09T16:55:54.7932735Z Unpacking libmbedcrypto7t64:amd64 (2.28.8-1) ...
2026-10-09T16:55:54.8145939Z Selecting previously unselected package librist4:amd64.
2026-10-09T16:55:54.8268341Z Preparing to unpack .../43-librist4_0.2.10+dfsg-2_amd64.deb ...
2026-10-09T16:55:54.8274837Z Unpacking librist4:amd64 (0.2.10+dfsg-2) ...
2026-10-09T16:55:54.8467798Z Selecting previously unselected package libsrt1.5-gnutls:amd64.
2026-10-09T16:55:54.8588976Z Preparing to unpack .../44-libsrt1.5-gnutls_1.5.3-1build2_amd64.deb ...
2026-10-09T16:55:54.8595942Z Unpacking libsrt1.5-gnutls:amd64 (1.5.3-1build2) ...
2026-10-09T16:55:54.8820218Z Selecting previously unselected package libssh-gcrypt-4:amd64.
2026-10-09T16:55:54.8945041Z Preparing to unpack .../45-libssh-gcrypt-4_0.10.6-2ubuntu0.5_amd64.deb ...
2026-10-09T16:55:54.8953378Z Unpacking libssh-gcrypt-4:amd64 (0.10.6-2ubuntu0.5) ...
2026-10-09T16:55:54.9168360Z Selecting previously unselected package libavformat60:amd64.
2026-10-09T16:55:54.9288948Z Preparing to unpack .../46-libavformat60_7%3a6.1.1-3ubuntu5_amd64.deb ...
2026-10-09T16:55:54.9295100Z Unpacking libavformat60:amd64 (7:6.1.1-3ubuntu5) ...
2026-10-09T16:55:54.9609080Z Selecting previously unselected package libbs2b0:amd64.
2026-10-09T16:55:54.9731498Z Preparing to unpack .../47-libbs2b0_3.1.0+dfsg-7build1_amd64.deb ...
2026-10-09T16:55:54.9739908Z Unpacking libbs2b0:amd64 (3.1.0+dfsg-7build1) ...
2026-10-09T16:55:54.9950216Z Selecting previously unselected package libflite1:amd64.
2026-10-09T16:55:55.0072682Z Preparing to unpack .../48-libflite1_2.2-6build3_amd64.deb ...
2026-10-09T16:55:55.0079654Z Unpacking libflite1:amd64 (2.2-6build3) ...
2026-10-09T16:55:55.1116090Z Selecting previously unselected package libserd-0-0:amd64.
2026-10-09T16:55:55.1241596Z Preparing to unpack .../49-libserd-0-0_0.32.2-1_amd64.deb ...
2026-10-09T16:55:55.1248928Z Unpacking libserd-0-0:amd64 (0.32.2-1) ...
2026-10-09T16:55:55.1440744Z Selecting previously unselected package libzix-0-0:amd64.
2026-10-09T16:55:55.1565814Z Preparing to unpack .../50-libzix-0-0_0.4.2-2build1_amd64.deb ...
2026-10-09T16:55:55.1573373Z Unpacking libzix-0-0:amd64 (0.4.2-2build1) ...
2026-10-09T16:55:55.1767656Z Selecting previously unselected package libsord-0-0:amd64.
2026-10-09T16:55:55.1891810Z Preparing to unpack .../51-libsord-0-0_0.16.16-2build1_amd64.deb ...
2026-10-09T16:55:55.1899052Z Unpacking libsord-0-0:amd64 (0.16.16-2build1) ...
2026-10-09T16:55:55.2102183Z Selecting previously unselected package libsratom-0-0:amd64.
2026-10-09T16:55:55.2228440Z Preparing to unpack .../52-libsratom-0-0_0.6.16-1build1_amd64.deb ...
2026-10-09T16:55:55.2237114Z Unpacking libsratom-0-0:amd64 (0.6.16-1build1) ...
2026-10-09T16:55:55.2430995Z Selecting previously unselected package liblilv-0-0:amd64.
2026-10-09T16:55:55.2554064Z Preparing to unpack .../53-liblilv-0-0_0.24.22-1build1_amd64.deb ...
2026-10-09T16:55:55.2561250Z Unpacking liblilv-0-0:amd64 (0.24.22-1build1) ...
2026-10-09T16:55:55.2755577Z Selecting previously unselected package libmysofa1:amd64.
2026-10-09T16:55:55.2878005Z Preparing to unpack .../54-libmysofa1_1.3.2+dfsg-2ubuntu2_amd64.deb ...
2026-10-09T16:55:55.2885630Z Unpacking libmysofa1:amd64 (1.3.2+dfsg-2ubuntu2) ...
2026-10-09T16:55:55.3135003Z Selecting previously unselected package libplacebo338:amd64.
2026-10-09T16:55:55.3257542Z Preparing to unpack .../55-libplacebo338_6.338.2-2build1_amd64.deb ...
2026-10-09T16:55:55.3264404Z Unpacking libplacebo338:amd64 (6.338.2-2build1) ...
2026-10-09T16:55:55.3880640Z Selecting previously unselected package libblas3:amd64.
2026-10-09T16:55:55.4004187Z Preparing to unpack .../56-libblas3_3.12.0-3build1.1_amd64.deb ...
2026-10-09T16:55:55.4032150Z Unpacking libblas3:amd64 (3.12.0-3build1.1) ...
2026-10-09T16:55:55.4427886Z Selecting previously unselected package liblapack3:amd64.
2026-10-09T16:55:55.4560759Z Preparing to unpack .../57-liblapack3_3.12.0-3build1.1_amd64.deb ...
2026-10-09T16:55:55.4588166Z Unpacking liblapack3:amd64 (3.12.0-3build1.1) ...
2026-10-09T16:55:55.5055015Z Selecting previously unselected package libasyncns0:amd64.
2026-10-09T16:55:55.5181821Z Preparing to unpack .../58-libasyncns0_0.8-6build4_amd64.deb ...
2026-10-09T16:55:55.5189870Z Unpacking libasyncns0:amd64 (0.8-6build4) ...
2026-10-09T16:55:55.5383801Z Selecting previously unselected package libflac12t64:amd64.
2026-10-09T16:55:55.5509400Z Preparing to unpack .../59-libflac12t64_1.4.3+ds-2.1ubuntu2_amd64.deb ...
2026-10-09T16:55:55.5521505Z Unpacking libflac12t64:amd64 (1.4.3+ds-2.1ubuntu2) ...
2026-10-09T16:55:55.5735557Z Selecting previously unselected package libsndfile1:amd64.
2026-10-09T16:55:55.5861553Z Preparing to unpack .../60-libsndfile1_1.2.2-1ubuntu5.24.04.1_amd64.deb ...
2026-10-09T16:55:55.5869436Z Unpacking libsndfile1:amd64 (1.2.2-1ubuntu5.24.04.1) ...
2026-10-09T16:55:55.6098896Z Selecting previously unselected package libpulse0:amd64.
2026-10-09T16:55:55.6222693Z Preparing to unpack .../61-libpulse0_1%3a16.1+dfsg1-2ubuntu10.1_amd64.deb ...
2026-10-09T16:55:55.6288411Z Unpacking libpulse0:amd64 (1:16.1+dfsg1-2ubuntu10.1) ...
2026-10-09T16:55:55.6532142Z Selecting previously unselected package libsphinxbase3t64:amd64.
2026-10-09T16:55:55.6659920Z Preparing to unpack .../62-libsphinxbase3t64_0.8+5prealpha+1-17build2_amd64.deb ...
2026-10-09T16:55:55.6668483Z Unpacking libsphinxbase3t64:amd64 (0.8+5prealpha+1-17build2) ...
2026-10-09T16:55:55.6882733Z Selecting previously unselected package libpocketsphinx3:amd64.
2026-10-09T16:55:55.7007744Z Preparing to unpack .../63-libpocketsphinx3_0.8.0+real5prealpha+1-15ubuntu5_amd64.deb ...
2026-10-09T16:55:55.7014933Z Unpacking libpocketsphinx3:amd64 (0.8.0+real5prealpha+1-15ubuntu5) ...
2026-10-09T16:55:55.7228335Z Selecting previously unselected package libpostproc57:amd64.
2026-10-09T16:55:55.7352052Z Preparing to unpack .../64-libpostproc57_7%3a6.1.1-3ubuntu5_amd64.deb ...
2026-10-09T16:55:55.7362671Z Unpacking libpostproc57:amd64 (7:6.1.1-3ubuntu5) ...
2026-10-09T16:55:55.7571929Z Selecting previously unselected package libsamplerate0:amd64.
2026-10-09T16:55:55.7694671Z Preparing to unpack .../65-libsamplerate0_0.2.2-4build1_amd64.deb ...
2026-10-09T16:55:55.7702113Z Unpacking libsamplerate0:amd64 (0.2.2-4build1) ...
2026-10-09T16:55:55.7947680Z Selecting previously unselected package librubberband2:amd64.
2026-10-09T16:55:55.8071408Z Preparing to unpack .../66-librubberband2_3.3.0+dfsg-2build1_amd64.deb ...
2026-10-09T16:55:55.8080525Z Unpacking librubberband2:amd64 (3.3.0+dfsg-2build1) ...
2026-10-09T16:55:55.8289586Z Selecting previously unselected package libswscale7:amd64.
2026-10-09T16:55:55.8413087Z Preparing to unpack .../67-libswscale7_7%3a6.1.1-3ubuntu5_amd64.deb ...
2026-10-09T16:55:55.8431527Z Unpacking libswscale7:amd64 (7:6.1.1-3ubuntu5) ...
2026-10-09T16:55:55.8705347Z Selecting previously unselected package libvidstab1.1:amd64.
2026-10-09T16:55:55.8835258Z Preparing to unpack .../68-libvidstab1.1_1.1.0-2build1_amd64.deb ...
2026-10-09T16:55:55.9528475Z Unpacking libvidstab1.1:amd64 (1.1.0-2build1) ...
2026-10-09T16:55:56.2070098Z Selecting previously unselected package libzimg2:amd64.
2026-10-09T16:55:56.2204526Z Preparing to unpack .../69-libzimg2_3.0.5+ds1-1build1_amd64.deb ...
2026-10-09T16:55:56.2987160Z Unpacking libzimg2:amd64 (3.0.5+ds1-1build1) ...
2026-10-09T16:55:56.3720690Z Selecting previously unselected package libavfilter9:amd64.
2026-10-09T16:55:56.3845888Z Preparing to unpack .../70-libavfilter9_7%3a6.1.1-3ubuntu5_amd64.deb ...
2026-10-09T16:55:56.3853581Z Unpacking libavfilter9:amd64 (7:6.1.1-3ubuntu5) ...
2026-10-09T16:55:56.4542148Z Selecting previously unselected package libcaca0:amd64.
2026-10-09T16:55:56.4669566Z Preparing to unpack .../71-libcaca0_0.99.beta20-4ubuntu0.2_amd64.deb ...
2026-10-09T16:55:56.4678818Z Unpacking libcaca0:amd64 (0.99.beta20-4ubuntu0.2) ...
2026-10-09T16:55:56.4916567Z Selecting previously unselected package libcdio19t64:amd64.
2026-10-09T16:55:56.5041262Z Preparing to unpack .../72-libcdio19t64_2.1.0-4.1ubuntu1.2_amd64.deb ...
2026-10-09T16:55:56.5049614Z Unpacking libcdio19t64:amd64 (2.1.0-4.1ubuntu1.2) ...
2026-10-09T16:55:56.5257254Z Selecting previously unselected package libcdio-cdda2t64:amd64.
2026-10-09T16:55:56.5383466Z Preparing to unpack .../73-libcdio-cdda2t64_10.2+2.0.1-1.1build2_amd64.deb ...
2026-10-09T16:55:56.5391287Z Unpacking libcdio-cdda2t64:amd64 (10.2+2.0.1-1.1build2) ...
2026-10-09T16:55:56.5640838Z Selecting previously unselected package libcdio-paranoia2t64:amd64.
2026-10-09T16:55:56.5763915Z Preparing to unpack .../74-libcdio-paranoia2t64_10.2+2.0.1-1.1build2_amd64.deb ...
2026-10-09T16:55:56.5772364Z Unpacking libcdio-paranoia2t64:amd64 (10.2+2.0.1-1.1build2) ...
2026-10-09T16:55:56.6040574Z Selecting previously unselected package libdc1394-25:amd64.
2026-10-09T16:55:56.6165724Z Preparing to unpack .../75-libdc1394-25_2.2.6-4build1_amd64.deb ...
2026-10-09T16:55:56.6173105Z Unpacking libdc1394-25:amd64 (2.2.6-4build1) ...
2026-10-09T16:55:56.6376030Z Selecting previously unselected package libiec61883-0:amd64.
2026-10-09T16:55:56.6499480Z Preparing to unpack .../76-libiec61883-0_1.2.0-6build1_amd64.deb ...
2026-10-09T16:55:56.6507720Z Unpacking libiec61883-0:amd64 (1.2.0-6build1) ...
2026-10-09T16:55:56.6746233Z Selecting previously unselected package libjack-jackd2-0:amd64.
2026-10-09T16:55:56.6870039Z Preparing to unpack .../77-libjack-jackd2-0_1.9.21~dfsg-3ubuntu3_amd64.deb ...
2026-10-09T16:55:56.6878098Z Unpacking libjack-jackd2-0:amd64 (1.9.21~dfsg-3ubuntu3) ...
2026-10-09T16:55:56.7152075Z Selecting previously unselected package libopenal-data.
2026-10-09T16:55:56.7275947Z Preparing to unpack .../78-libopenal-data_1%3a1.23.1-4build1_all.deb ...
2026-10-09T16:55:56.7282885Z Unpacking libopenal-data (1:1.23.1-4build1) ...
2026-10-09T16:55:56.7503437Z Selecting previously unselected package libsndio7.0:amd64.
2026-10-09T16:55:56.7627266Z Preparing to unpack .../79-libsndio7.0_1.9.0-0.3build3_amd64.deb ...
2026-10-09T16:55:56.7635024Z Unpacking libsndio7.0:amd64 (1.9.0-0.3build3) ...
2026-10-09T16:55:56.7844803Z Selecting previously unselected package libopenal1:amd64.
2026-10-09T16:55:56.7971222Z Preparing to unpack .../80-libopenal1_1%3a1.23.1-4build1_amd64.deb ...
2026-10-09T16:55:56.7980841Z Unpacking libopenal1:amd64 (1:1.23.1-4build1) ...
2026-10-09T16:55:56.8227251Z Selecting previously unselected package libdecor-0-0:amd64.
2026-10-09T16:55:56.8352789Z Preparing to unpack .../81-libdecor-0-0_0.2.2-1build2_amd64.deb ...
2026-10-09T16:55:56.8361220Z Unpacking libdecor-0-0:amd64 (0.2.2-1build2) ...
2026-10-09T16:55:56.8568823Z Selecting previously unselected package libsdl2-2.0-0:amd64.
2026-10-09T16:55:56.8693922Z Preparing to unpack .../82-libsdl2-2.0-0_2.30.0+dfsg-1ubuntu3.1_amd64.deb ...
2026-10-09T16:55:56.8701757Z Unpacking libsdl2-2.0-0:amd64 (2.30.0+dfsg-1ubuntu3.1) ...
2026-10-09T16:55:56.9229169Z Selecting previously unselected package libxcb-shape0:amd64.
2026-10-09T16:55:56.9352374Z Preparing to unpack .../83-libxcb-shape0_1.15-1ubuntu2_amd64.deb ...
2026-10-09T16:55:56.9359632Z Unpacking libxcb-shape0:amd64 (1.15-1ubuntu2) ...
2026-10-09T16:55:56.9552467Z Selecting previously unselected package libxv1:amd64.
2026-10-09T16:55:56.9675653Z Preparing to unpack .../84-libxv1_2%3a1.0.11-1.1build1_amd64.deb ...
2026-10-09T16:55:56.9684090Z Unpacking libxv1:amd64 (2:1.0.11-1.1build1) ...
2026-10-09T16:55:56.9885473Z Selecting previously unselected package libavdevice60:amd64.
2026-10-09T16:55:57.0008442Z Preparing to unpack .../85-libavdevice60_7%3a6.1.1-3ubuntu5_amd64.deb ...
2026-10-09T16:55:57.0016261Z Unpacking libavdevice60:amd64 (7:6.1.1-3ubuntu5) ...
2026-10-09T16:55:57.0216341Z Selecting previously unselected package ffmpeg.
2026-10-09T16:55:57.0339234Z Preparing to unpack .../86-ffmpeg_7%3a6.1.1-3ubuntu5_amd64.deb ...
2026-10-09T16:55:57.0346027Z Unpacking ffmpeg (7:6.1.1-3ubuntu5) ...
2026-10-09T16:55:57.0951151Z Setting up libgme0:amd64 (0.6.3-7build1) ...
2026-10-09T16:55:57.0977357Z Setting up libchromaprint1:amd64 (1.5.1-5) ...
2026-10-09T16:55:57.1013389Z Setting up libssh-gcrypt-4:amd64 (0.10.6-2ubuntu0.5) ...
2026-10-09T16:55:57.1032567Z Setting up libhwy1t64:amd64 (1.0.7-8.1build1) ...
2026-10-09T16:55:57.1051684Z Setting up libudfread0:amd64 (1.1.2-1build1) ...
2026-10-09T16:55:57.1067931Z Setting up libraw1394-11:amd64 (2.1.2-2build3) ...
2026-10-09T16:55:57.1086411Z Setting up libspeex1:amd64 (1.2.1-2ubuntu2.24.04.1) ...
2026-10-09T16:55:57.1103502Z Setting up libshine3:amd64 (3.1.1-2build1) ...
2026-10-09T16:55:57.1122742Z Setting up libcaca0:amd64 (0.99.beta20-4ubuntu0.2) ...
2026-10-09T16:55:57.1143805Z Setting up libvpl2 (2023.3.0-1build1) ...
2026-10-09T16:55:57.1162618Z Setting up libx264-164:amd64 (2:0.164.3108+git31e19f9-1) ...
2026-10-09T16:55:57.1182439Z Setting up libtwolame0:amd64 (0.4.0-2build3) ...
2026-10-09T16:55:57.1201153Z Setting up libmbedcrypto7t64:amd64 (2.28.8-1) ...
2026-10-09T16:55:57.1223399Z Setting up libgsm1:amd64 (1.0.22-1build1) ...
2026-10-09T16:55:57.1241066Z Setting up libsoxr0:amd64 (0.1.3-4build3) ...
2026-10-09T16:55:57.1260362Z Setting up libzix-0-0:amd64 (0.4.2-2build1) ...
2026-10-09T16:55:57.1282080Z Setting up libcodec2-1.2:amd64 (1.2.0-2build1) ...
2026-10-09T16:55:57.1303209Z Setting up libmysofa1:amd64 (1.3.2+dfsg-2ubuntu2) ...
2026-10-09T16:55:57.1332522Z Setting up libxcb-shape0:amd64 (1.15-1ubuntu2) ...
2026-10-09T16:55:57.1356396Z Setting up libcdio19t64:amd64 (2.1.0-4.1ubuntu1.2) ...
2026-10-09T16:55:57.1376802Z Setting up libsvtav1enc1d1:amd64 (1.7.0+dfsg-2build1) ...
2026-10-09T16:55:57.1399363Z Setting up libmpg123-0t64:amd64 (1.32.5-1ubuntu1.1) ...
2026-10-09T16:55:57.1419155Z Setting up libcjson1:amd64 (1.7.17-1) ...
2026-10-09T16:55:57.1440460Z Setting up libxvidcore4:amd64 (2:1.3.7-1build1) ...
2026-10-09T16:55:57.1463712Z Setting up librav1e0:amd64 (0.7.1-2) ...
2026-10-09T16:55:57.1483640Z Setting up libcdio-cdda2t64:amd64 (10.2+2.0.1-1.1build2) ...
2026-10-09T16:55:57.1505347Z Setting up librist4:amd64 (0.2.10+dfsg-2) ...
2026-10-09T16:55:57.1523932Z Setting up librsvg2-2:amd64 (2.58.0+dfsg-1ubuntu0.1) ...
2026-10-09T16:55:57.1545766Z Setting up libblas3:amd64 (3.12.0-3build1.1) ...
2026-10-09T16:55:57.1606653Z update-alternatives: using /usr/lib/x86_64-linux-gnu/blas/libblas.so.3 to provide /usr/lib/x86_64-linux-gnu/libblas.so.3 (libblas.so.3-x86_64-linux-gnu) in auto mode
2026-10-09T16:55:57.1624219Z Setting up libplacebo338:amd64 (6.338.2-2build1) ...
2026-10-09T16:55:57.1645595Z Setting up libva2:amd64 (2.20.0-2ubuntu0.2) ...
2026-10-09T16:55:57.1664957Z Setting up libopus0:amd64 (1.4-1build1) ...
2026-10-09T16:55:57.1684679Z Setting up libcdio-paranoia2t64:amd64 (10.2+2.0.1-1.1build2) ...
2026-10-09T16:55:57.1703518Z Setting up libdc1394-25:amd64 (2.2.6-4build1) ...
2026-10-09T16:55:57.1722187Z Setting up libxv1:amd64 (2:1.0.11-1.1build1) ...
2026-10-09T16:55:57.1740516Z Setting up libunibreak5:amd64 (5.1-2build1) ...
2026-10-09T16:55:57.1757415Z Setting up libjxl0.7:amd64 (0.7.0-10.2ubuntu6.1) ...
2026-10-09T16:55:57.1778945Z Setting up libx265-199:amd64 (3.5-2build1) ...
2026-10-09T16:55:57.1796982Z Setting up libsndio7.0:amd64 (1.9.0-0.3build3) ...
2026-10-09T16:55:57.1814390Z Setting up libvidstab1.1:amd64 (1.1.0-2build1) ...
2026-10-09T16:55:57.1835689Z Setting up libvpx9:amd64 (1.14.0-1ubuntu2.3) ...
2026-10-09T16:55:57.1853399Z Setting up libsrt1.5-gnutls:amd64 (1.5.3-1build2) ...
2026-10-09T16:55:57.1872624Z Setting up libflite1:amd64 (2.2-6build3) ...
2026-10-09T16:55:57.1890324Z Setting up libdav1d7:amd64 (1.4.1-1build1) ...
2026-10-09T16:55:57.1908166Z Setting up libva-drm2:amd64 (2.20.0-2ubuntu0.2) ...
2026-10-09T16:55:57.1930578Z Setting up ocl-icd-libopencl1:amd64 (2.3.2-1build1) ...
2026-10-09T16:55:57.1948877Z Setting up libasyncns0:amd64 (0.8-6build4) ...
2026-10-09T16:55:57.1968141Z Setting up libvdpau1:amd64 (1.5-2build1) ...
2026-10-09T16:55:57.1996910Z Setting up libbs2b0:amd64 (3.1.0+dfsg-7build1) ...
2026-10-09T16:55:57.2016456Z Setting up libtheora0:amd64 (1.1.1+dfsg.1-16.1build3) ...
2026-10-09T16:55:57.2034049Z Setting up libdecor-0-0:amd64 (0.2.2-1build2) ...
2026-10-09T16:55:57.2053298Z Setting up libzimg2:amd64 (3.0.5+ds1-1build1) ...
2026-10-09T16:55:57.2073572Z Setting up libopenal-data (1:1.23.1-4build1) ...
2026-10-09T16:55:57.2161119Z Setting up libflac12t64:amd64 (1.4.3+ds-2.1ubuntu2) ...
2026-10-09T16:55:57.2179443Z Setting up libbluray2:amd64 (1:1.3.4-1build1) ...
2026-10-09T16:55:57.2197726Z Setting up libsamplerate0:amd64 (0.2.2-4build1) ...
2026-10-09T16:55:57.2218217Z Setting up libva-x11-2:amd64 (2.20.0-2ubuntu0.2) ...
2026-10-09T16:55:57.2239491Z Setting up libopenmpt0t64:amd64 (0.7.3-1.1build3) ...
2026-10-09T16:55:57.2260218Z Setting up libzvbi-common (0.2.42-2) ...
2026-10-09T16:55:57.2280358Z Setting up libmp3lame0:amd64 (3.100-6build1) ...
2026-10-09T16:55:57.2299168Z Setting up libvorbisenc2:amd64 (1.3.7-1build3) ...
2026-10-09T16:55:57.2319532Z Setting up libiec61883-0:amd64 (1.2.0-6build1) ...
2026-10-09T16:55:57.2338767Z Setting up libserd-0-0:amd64 (0.32.2-1) ...
2026-10-09T16:55:57.2361495Z Setting up libavc1394-0:amd64 (0.5.4-5build3) ...
2026-10-09T16:55:57.2379799Z Setting up liblapack3:amd64 (3.12.0-3build1.1) ...
2026-10-09T16:55:57.2443203Z update-alternatives: using /usr/lib/x86_64-linux-gnu/lapack/liblapack.so.3 to provide /usr/lib/x86_64-linux-gnu/liblapack.so.3 (liblapack.so.3-x86_64-linux-gnu) in auto mode
2026-10-09T16:55:57.2461628Z Setting up libzvbi0t64:amd64 (0.2.42-2) ...
2026-10-09T16:55:57.2481092Z Setting up libavutil58:amd64 (7:6.1.1-3ubuntu5) ...
2026-10-09T16:55:57.2501252Z Setting up libopenal1:amd64 (1:1.23.1-4build1) ...
2026-10-09T16:55:57.2522446Z Setting up libass9:amd64 (1:0.17.1-2build1) ...
2026-10-09T16:55:57.2539867Z Setting up libswresample4:amd64 (7:6.1.1-3ubuntu5) ...
2026-10-09T16:55:57.2562532Z Setting up libavcodec60:amd64 (7:6.1.1-3ubuntu5) ...
2026-10-09T16:55:57.2580838Z Setting up librubberband2:amd64 (3.3.0+dfsg-2build1) ...
2026-10-09T16:55:57.2599237Z Setting up libjack-jackd2-0:amd64 (1.9.21~dfsg-3ubuntu3) ...
2026-10-09T16:55:57.2634932Z Setting up libsord-0-0:amd64 (0.16.16-2build1) ...
2026-10-09T16:55:57.2665453Z Setting up libpostproc57:amd64 (7:6.1.1-3ubuntu5) ...
2026-10-09T16:55:57.2694888Z Setting up libsratom-0-0:amd64 (0.6.16-1build1) ...
2026-10-09T16:55:57.2720991Z Setting up libsndfile1:amd64 (1.2.2-1ubuntu5.24.04.1) ...
2026-10-09T16:55:57.2744143Z Setting up liblilv-0-0:amd64 (0.24.22-1build1) ...
2026-10-09T16:55:57.2768321Z Setting up libswscale7:amd64 (7:6.1.1-3ubuntu5) ...
2026-10-09T16:55:57.2787077Z Setting up libpulse0:amd64 (1:16.1+dfsg1-2ubuntu10.1) ...
2026-10-09T16:55:57.2861475Z Setting up libavformat60:amd64 (7:6.1.1-3ubuntu5) ...
2026-10-09T16:55:57.2882658Z Setting up libsphinxbase3t64:amd64 (0.8+5prealpha+1-17build2) ...
2026-10-09T16:55:57.2904904Z Setting up libsdl2-2.0-0:amd64 (2.30.0+dfsg-1ubuntu3.1) ...
2026-10-09T16:55:57.3173621Z Setting up libpocketsphinx3:amd64 (0.8.0+real5prealpha+1-15ubuntu5) ...
2026-10-09T16:55:57.3232621Z Setting up libavfilter9:amd64 (7:6.1.1-3ubuntu5) ...
2026-10-09T16:55:57.3249449Z Setting up libavdevice60:amd64 (7:6.1.1-3ubuntu5) ...
2026-10-09T16:55:57.3268149Z Setting up ffmpeg (7:6.1.1-3ubuntu5) ...
2026-10-09T16:55:57.3291310Z Processing triggers for man-db (2.12.0-4build2) ...
2026-10-09T16:55:57.3314361Z Not building database; man-db/auto-update is not 'true'.
2026-10-09T16:55:57.3325495Z Processing triggers for libc-bin (2.39-0ubuntu8.9) ...
2026-10-09T16:55:58.0211380Z 
2026-10-09T16:55:58.0212022Z Running kernel seems to be up-to-date.
2026-10-09T16:55:58.0212509Z 
2026-10-09T16:55:58.0212753Z No services need to be restarted.
2026-10-09T16:55:58.0213992Z 
2026-10-09T16:55:58.0214326Z No containers need to be restarted.
2026-10-09T16:55:58.0214774Z 
2026-10-09T16:55:58.0214960Z No user sessions are running outdated binaries.
2026-10-09T16:55:58.0215245Z 
2026-10-09T16:55:58.0215506Z No VM guests are running outdated hypervisor (qemu) binaries on this host.
2026-10-09T16:55:59.2648421Z ##[group]Run python scripts/prepare_pdf_font.py --output "$CI_SANDBOX/fonts" > "$CI_RECEIPTS/font-manifest.json"
2026-10-09T16:55:59.2649264Z [36;1mpython scripts/prepare_pdf_font.py --output "$CI_SANDBOX/fonts" > "$CI_RECEIPTS/font-manifest.json"[0m
2026-10-09T16:55:59.2649922Z [36;1mecho "R2_TEST_FONT_FILE=$CI_SANDBOX/fonts/NotoSansSC-Regular.ttf" >> "$GITHUB_ENV"[0m
2026-10-09T16:55:59.2714675Z shell: /usr/bin/bash -e {0}
2026-10-09T16:55:59.2714928Z env:
2026-10-09T16:55:59.2715125Z   MOCK_PROVIDER: true
2026-10-09T16:55:59.2715357Z   MOCK_STREAM_DELAY_MS: 0
2026-10-09T16:55:59.2715587Z   ENABLE_CLOUD: false
2026-10-09T16:55:59.2715813Z   CREDENTIAL_VAULT_BACKEND: memory
2026-10-09T16:55:59.2716099Z   CREDENTIAL_VAULT_ALLOW_MEMORY_FALLBACK: true
2026-10-09T16:55:59.2716409Z   PYTHONDONTWRITEBYTECODE: 1
2026-10-09T16:55:59.2716652Z   HF_HUB_OFFLINE: 1
2026-10-09T16:55:59.2716857Z   TRANSFORMERS_OFFLINE: 1
2026-10-09T16:55:59.2717181Z   pythonLocation: /opt/hostedtoolcache/Python/3.12.9/x64
2026-10-09T16:55:59.2717910Z   PKG_CONFIG_PATH: /opt/hostedtoolcache/Python/3.12.9/x64/lib/pkgconfig
2026-10-09T16:55:59.2718349Z   Python_ROOT_DIR: /opt/hostedtoolcache/Python/3.12.9/x64
2026-10-09T16:55:59.2718726Z   Python2_ROOT_DIR: /opt/hostedtoolcache/Python/3.12.9/x64
2026-10-09T16:55:59.2719108Z   Python3_ROOT_DIR: /opt/hostedtoolcache/Python/3.12.9/x64
2026-10-09T16:55:59.2719516Z   LD_LIBRARY_PATH: /opt/hostedtoolcache/Python/3.12.9/x64/lib
2026-10-09T16:55:59.2719905Z   CI_COVERAGE_SHA: c386b0608ae92d18c351b5cb6e367380808a45cf
2026-10-09T16:55:59.2720284Z   CI_COVERAGE_TREE: 2ec6365e1f1f183f029c9f0a94d040d134e22b47
2026-10-09T16:55:59.2720726Z   CI_SANDBOX: /home/runner/work/_temp/novel-ci-backend-file-shard-0.GIpkxL
2026-10-09T16:55:59.2721258Z   CI_PROJECT: /home/runner/work/_temp/novel-ci-backend-file-shard-0.GIpkxL/project
2026-10-09T16:55:59.2721806Z   CI_RECEIPTS: /home/runner/work/_temp/novel-ci-backend-file-shard-0.GIpkxL/receipts
2026-10-09T16:55:59.2722431Z   HOME: /home/runner/work/_temp/novel-ci-backend-file-shard-0.GIpkxL/project/.runtime/ci-backend/home
2026-10-09T16:55:59.2723149Z   USERPROFILE: /home/runner/work/_temp/novel-ci-backend-file-shard-0.GIpkxL/project/.runtime/ci-backend/home
2026-10-09T16:55:59.2724057Z   APPDATA: /home/runner/work/_temp/novel-ci-backend-file-shard-0.GIpkxL/project/.runtime/ci-backend/appdata
2026-10-09T16:55:59.2724822Z   LOCALAPPDATA: /home/runner/work/_temp/novel-ci-backend-file-shard-0.GIpkxL/project/.runtime/ci-backend/localappdata
2026-10-09T16:55:59.2725603Z   XDG_CONFIG_HOME: /home/runner/work/_temp/novel-ci-backend-file-shard-0.GIpkxL/project/.runtime/ci-backend/config
2026-10-09T16:55:59.2726351Z   XDG_CACHE_HOME: /home/runner/work/_temp/novel-ci-backend-file-shard-0.GIpkxL/project/.runtime/ci-backend/cache
2026-10-09T16:55:59.2727079Z   XDG_DATA_HOME: /home/runner/work/_temp/novel-ci-backend-file-shard-0.GIpkxL/project/.runtime/ci-backend/data
2026-10-09T16:55:59.2727955Z   XDG_STATE_HOME: /home/runner/work/_temp/novel-ci-backend-file-shard-0.GIpkxL/project/.runtime/ci-backend/state
2026-10-09T16:55:59.2728674Z   TMPDIR: /home/runner/work/_temp/novel-ci-backend-file-shard-0.GIpkxL/project/.runtime/ci-backend/tmp
2026-10-09T16:55:59.2729351Z   TMP: /home/runner/work/_temp/novel-ci-backend-file-shard-0.GIpkxL/project/.runtime/ci-backend/tmp
2026-10-09T16:55:59.2730013Z   TEMP: /home/runner/work/_temp/novel-ci-backend-file-shard-0.GIpkxL/project/.runtime/ci-backend/tmp
2026-10-09T16:55:59.2730625Z   PROJECT_ROOT: /home/runner/work/_temp/novel-ci-backend-file-shard-0.GIpkxL/project
2026-10-09T16:55:59.2731335Z   NOVEL_DATA_PATH: /home/runner/work/_temp/novel-ci-backend-file-shard-0.GIpkxL/project/.runtime/ci-backend/data/novels
2026-10-09T16:55:59.2732116Z   BACKUP_PATH: /home/runner/work/_temp/novel-ci-backend-file-shard-0.GIpkxL/project/.runtime/ci-backend/data/backups
2026-10-09T16:55:59.2732959Z   DATABASE_BACKUP_PATH: /home/runner/work/_temp/novel-ci-backend-file-shard-0.GIpkxL/project/.runtime/ci-backend/data/database-backups
2026-10-09T16:55:59.2733999Z   KNOWLEDGE_SOURCE_PATH: /home/runner/work/_temp/novel-ci-backend-file-shard-0.GIpkxL/project/.runtime/ci-backend/data/novels
2026-10-09T16:55:59.2734820Z   CI_V2_RUNTIME: /home/runner/work/_temp/novel-ci-backend-file-shard-0.GIpkxL/project/.runtime/ci-backend
2026-10-09T16:55:59.2735323Z ##[endgroup]
2026-10-09T16:56:19.9882539Z ##[group]Run python -m pytest -p no:cacheprovider --basetemp="$CI_SANDBOX/coverage-selftest" -q \
2026-10-09T16:56:19.9883251Z [36;1mpython -m pytest -p no:cacheprovider --basetemp="$CI_SANDBOX/coverage-selftest" -q \[0m
2026-10-09T16:56:19.9883837Z [36;1m  .github/ci/test_suite_coverage.py .github/ci/test_coverage_reconcile.py \[0m
2026-10-09T16:56:19.9884393Z [36;1m  .github/ci/test_v2_manifest_extension.py .github/ci/test_v2_check_runner.py \[0m
2026-10-09T16:56:19.9884857Z [36;1m  .github/ci/test_v2_browser_job.py \[0m
2026-10-09T16:56:19.9885225Z [36;1m  --junitxml="$CI_RECEIPTS/coverage-harness.xml"[0m
2026-10-09T16:56:19.9948799Z shell: /usr/bin/bash -e {0}
2026-10-09T16:56:19.9949048Z env:
2026-10-09T16:56:19.9949243Z   MOCK_PROVIDER: true
2026-10-09T16:56:19.9949473Z   MOCK_STREAM_DELAY_MS: 0
2026-10-09T16:56:19.9949727Z   ENABLE_CLOUD: false
2026-10-09T16:56:19.9949954Z   CREDENTIAL_VAULT_BACKEND: memory
2026-10-09T16:56:19.9950276Z   CREDENTIAL_VAULT_ALLOW_MEMORY_FALLBACK: true
2026-10-09T16:56:19.9950582Z   PYTHONDONTWRITEBYTECODE: 1
2026-10-09T16:56:19.9950834Z   HF_HUB_OFFLINE: 1
2026-10-09T16:56:19.9951047Z   TRANSFORMERS_OFFLINE: 1
2026-10-09T16:56:19.9951340Z   pythonLocation: /opt/hostedtoolcache/Python/3.12.9/x64
2026-10-09T16:56:19.9951777Z   PKG_CONFIG_PATH: /opt/hostedtoolcache/Python/3.12.9/x64/lib/pkgconfig
2026-10-09T16:56:19.9952194Z   Python_ROOT_DIR: /opt/hostedtoolcache/Python/3.12.9/x64
2026-10-09T16:56:19.9952569Z   Python2_ROOT_DIR: /opt/hostedtoolcache/Python/3.12.9/x64
2026-10-09T16:56:19.9952948Z   Python3_ROOT_DIR: /opt/hostedtoolcache/Python/3.12.9/x64
2026-10-09T16:56:19.9953355Z   LD_LIBRARY_PATH: /opt/hostedtoolcache/Python/3.12.9/x64/lib
2026-10-09T16:56:19.9953739Z   CI_COVERAGE_SHA: c386b0608ae92d18c351b5cb6e367380808a45cf
2026-10-09T16:56:19.9954110Z   CI_COVERAGE_TREE: 2ec6365e1f1f183f029c9f0a94d040d134e22b47
2026-10-09T16:56:19.9954728Z   CI_SANDBOX: /home/runner/work/_temp/novel-ci-backend-file-shard-0.GIpkxL
2026-10-09T16:56:19.9955269Z   CI_PROJECT: /home/runner/work/_temp/novel-ci-backend-file-shard-0.GIpkxL/project
2026-10-09T16:56:19.9955823Z   CI_RECEIPTS: /home/runner/work/_temp/novel-ci-backend-file-shard-0.GIpkxL/receipts
2026-10-09T16:56:19.9956449Z   HOME: /home/runner/work/_temp/novel-ci-backend-file-shard-0.GIpkxL/project/.runtime/ci-backend/home
2026-10-09T16:56:19.9957166Z   USERPROFILE: /home/runner/work/_temp/novel-ci-backend-file-shard-0.GIpkxL/project/.runtime/ci-backend/home
2026-10-09T16:56:19.9958154Z   APPDATA: /home/runner/work/_temp/novel-ci-backend-file-shard-0.GIpkxL/project/.runtime/ci-backend/appdata
2026-10-09T16:56:19.9958941Z   LOCALAPPDATA: /home/runner/work/_temp/novel-ci-backend-file-shard-0.GIpkxL/project/.runtime/ci-backend/localappdata
2026-10-09T16:56:19.9959725Z   XDG_CONFIG_HOME: /home/runner/work/_temp/novel-ci-backend-file-shard-0.GIpkxL/project/.runtime/ci-backend/config
2026-10-09T16:56:19.9960485Z   XDG_CACHE_HOME: /home/runner/work/_temp/novel-ci-backend-file-shard-0.GIpkxL/project/.runtime/ci-backend/cache
2026-10-09T16:56:19.9961220Z   XDG_DATA_HOME: /home/runner/work/_temp/novel-ci-backend-file-shard-0.GIpkxL/project/.runtime/ci-backend/data
2026-10-09T16:56:19.9961953Z   XDG_STATE_HOME: /home/runner/work/_temp/novel-ci-backend-file-shard-0.GIpkxL/project/.runtime/ci-backend/state
2026-10-09T16:56:19.9962663Z   TMPDIR: /home/runner/work/_temp/novel-ci-backend-file-shard-0.GIpkxL/project/.runtime/ci-backend/tmp
2026-10-09T16:56:19.9963337Z   TMP: /home/runner/work/_temp/novel-ci-backend-file-shard-0.GIpkxL/project/.runtime/ci-backend/tmp
2026-10-09T16:56:19.9964002Z   TEMP: /home/runner/work/_temp/novel-ci-backend-file-shard-0.GIpkxL/project/.runtime/ci-backend/tmp
2026-10-09T16:56:19.9964620Z   PROJECT_ROOT: /home/runner/work/_temp/novel-ci-backend-file-shard-0.GIpkxL/project
2026-10-09T16:56:19.9965312Z   NOVEL_DATA_PATH: /home/runner/work/_temp/novel-ci-backend-file-shard-0.GIpkxL/project/.runtime/ci-backend/data/novels
2026-10-09T16:56:19.9966312Z   BACKUP_PATH: /home/runner/work/_temp/novel-ci-backend-file-shard-0.GIpkxL/project/.runtime/ci-backend/data/backups
2026-10-09T16:56:19.9967199Z   DATABASE_BACKUP_PATH: /home/runner/work/_temp/novel-ci-backend-file-shard-0.GIpkxL/project/.runtime/ci-backend/data/database-backups
2026-10-09T16:56:19.9968408Z   KNOWLEDGE_SOURCE_PATH: /home/runner/work/_temp/novel-ci-backend-file-shard-0.GIpkxL/project/.runtime/ci-backend/data/novels
2026-10-09T16:56:19.9969192Z   CI_V2_RUNTIME: /home/runner/work/_temp/novel-ci-backend-file-shard-0.GIpkxL/project/.runtime/ci-backend
2026-10-09T16:56:19.9969913Z   R2_TEST_FONT_FILE: /home/runner/work/_temp/novel-ci-backend-file-shard-0.GIpkxL/fonts/NotoSansSC-Regular.ttf
2026-10-09T16:56:19.9970416Z ##[endgroup]
2026-10-09T16:56:31.0753718Z ........................................................................ [ 41%]
2026-10-09T16:56:31.4211818Z ........................................................................ [ 82%]
2026-10-09T16:56:33.6204671Z ..............................                                           [100%]
2026-10-09T16:56:33.6205741Z - generated xml file: /home/runner/work/_temp/novel-ci-backend-file-shard-0.GIpkxL/receipts/coverage-harness.xml -
2026-10-09T16:56:33.6206646Z 174 passed in 12.71s
2026-10-09T16:56:33.6564324Z ##[group]Run set -o pipefail
2026-10-09T16:56:33.6564675Z [36;1mset -o pipefail[0m
2026-10-09T16:56:33.6565395Z [36;1mPYTHONPATH="$CI_PROJECT/.github/ci:$CI_PROJECT" python -m pytest -p postgres_gate -p suite_coverage -p no:cacheprovider --basetemp="$CI_V2_RUNTIME/pytest" -q -ra --tb=short \[0m
2026-10-09T16:56:33.6566263Z [36;1m  --ci-coverage-manifest=.github/ci/coverage_manifest_v2.json.gz \[0m
2026-10-09T16:56:33.6566756Z [36;1m  --ci-scope=backend --ci-shard-index=0 --ci-shard-count=1 \[0m
2026-10-09T16:56:33.6567370Z [36;1m  --ci-coverage-dir="$CI_RECEIPTS" --junitxml="$CI_RECEIPTS/backend.xml" 2>&1 | tee "$CI_RECEIPTS/backend.log"[0m
2026-10-09T16:56:33.6630502Z shell: /usr/bin/bash -e {0}
2026-10-09T16:56:33.6630761Z env:
2026-10-09T16:56:33.6630959Z   MOCK_PROVIDER: true
2026-10-09T16:56:33.6631188Z   MOCK_STREAM_DELAY_MS: 0
2026-10-09T16:56:33.6631418Z   ENABLE_CLOUD: false
2026-10-09T16:56:33.6631646Z   CREDENTIAL_VAULT_BACKEND: memory
2026-10-09T16:56:33.6631973Z   CREDENTIAL_VAULT_ALLOW_MEMORY_FALLBACK: true
2026-10-09T16:56:33.6632280Z   PYTHONDONTWRITEBYTECODE: 1
2026-10-09T16:56:33.6632516Z   HF_HUB_OFFLINE: 1
2026-10-09T16:56:33.6632725Z   TRANSFORMERS_OFFLINE: 1
2026-10-09T16:56:33.6633018Z   pythonLocation: /opt/hostedtoolcache/Python/3.12.9/x64
2026-10-09T16:56:33.6633443Z   PKG_CONFIG_PATH: /opt/hostedtoolcache/Python/3.12.9/x64/lib/pkgconfig
2026-10-09T16:56:33.6633868Z   Python_ROOT_DIR: /opt/hostedtoolcache/Python/3.12.9/x64
2026-10-09T16:56:33.6634244Z   Python2_ROOT_DIR: /opt/hostedtoolcache/Python/3.12.9/x64
2026-10-09T16:56:33.6634616Z   Python3_ROOT_DIR: /opt/hostedtoolcache/Python/3.12.9/x64
2026-10-09T16:56:33.6635002Z   LD_LIBRARY_PATH: /opt/hostedtoolcache/Python/3.12.9/x64/lib
2026-10-09T16:56:33.6635381Z   CI_COVERAGE_SHA: c386b0608ae92d18c351b5cb6e367380808a45cf
2026-10-09T16:56:33.6635751Z   CI_COVERAGE_TREE: 2ec6365e1f1f183f029c9f0a94d040d134e22b47
2026-10-09T16:56:33.6636192Z   CI_SANDBOX: /home/runner/work/_temp/novel-ci-backend-file-shard-0.GIpkxL
2026-10-09T16:56:33.6636719Z   CI_PROJECT: /home/runner/work/_temp/novel-ci-backend-file-shard-0.GIpkxL/project
2026-10-09T16:56:33.6637273Z   CI_RECEIPTS: /home/runner/work/_temp/novel-ci-backend-file-shard-0.GIpkxL/receipts
2026-10-09T16:56:33.6638249Z   HOME: /home/runner/work/_temp/novel-ci-backend-file-shard-0.GIpkxL/project/.runtime/ci-backend/home
2026-10-09T16:56:33.6638989Z   USERPROFILE: /home/runner/work/_temp/novel-ci-backend-file-shard-0.GIpkxL/project/.runtime/ci-backend/home
2026-10-09T16:56:33.6639735Z   APPDATA: /home/runner/work/_temp/novel-ci-backend-file-shard-0.GIpkxL/project/.runtime/ci-backend/appdata
2026-10-09T16:56:33.6640506Z   LOCALAPPDATA: /home/runner/work/_temp/novel-ci-backend-file-shard-0.GIpkxL/project/.runtime/ci-backend/localappdata
2026-10-09T16:56:33.6641284Z   XDG_CONFIG_HOME: /home/runner/work/_temp/novel-ci-backend-file-shard-0.GIpkxL/project/.runtime/ci-backend/config
2026-10-09T16:56:33.6642046Z   XDG_CACHE_HOME: /home/runner/work/_temp/novel-ci-backend-file-shard-0.GIpkxL/project/.runtime/ci-backend/cache
2026-10-09T16:56:33.6642778Z   XDG_DATA_HOME: /home/runner/work/_temp/novel-ci-backend-file-shard-0.GIpkxL/project/.runtime/ci-backend/data
2026-10-09T16:56:33.6643505Z   XDG_STATE_HOME: /home/runner/work/_temp/novel-ci-backend-file-shard-0.GIpkxL/project/.runtime/ci-backend/state
2026-10-09T16:56:33.6644212Z   TMPDIR: /home/runner/work/_temp/novel-ci-backend-file-shard-0.GIpkxL/project/.runtime/ci-backend/tmp
2026-10-09T16:56:33.6644887Z   TMP: /home/runner/work/_temp/novel-ci-backend-file-shard-0.GIpkxL/project/.runtime/ci-backend/tmp
2026-10-09T16:56:33.6645565Z   TEMP: /home/runner/work/_temp/novel-ci-backend-file-shard-0.GIpkxL/project/.runtime/ci-backend/tmp
2026-10-09T16:56:33.6646185Z   PROJECT_ROOT: /home/runner/work/_temp/novel-ci-backend-file-shard-0.GIpkxL/project
2026-10-09T16:56:33.6646858Z   NOVEL_DATA_PATH: /home/runner/work/_temp/novel-ci-backend-file-shard-0.GIpkxL/project/.runtime/ci-backend/data/novels
2026-10-09T16:56:33.6648253Z   BACKUP_PATH: /home/runner/work/_temp/novel-ci-backend-file-shard-0.GIpkxL/project/.runtime/ci-backend/data/backups
2026-10-09T16:56:33.6649173Z   DATABASE_BACKUP_PATH: /home/runner/work/_temp/novel-ci-backend-file-shard-0.GIpkxL/project/.runtime/ci-backend/data/database-backups
2026-10-09T16:56:33.6650058Z   KNOWLEDGE_SOURCE_PATH: /home/runner/work/_temp/novel-ci-backend-file-shard-0.GIpkxL/project/.runtime/ci-backend/data/novels
2026-10-09T16:56:33.6650841Z   CI_V2_RUNTIME: /home/runner/work/_temp/novel-ci-backend-file-shard-0.GIpkxL/project/.runtime/ci-backend
2026-10-09T16:56:33.6651575Z   R2_TEST_FONT_FILE: /home/runner/work/_temp/novel-ci-backend-file-shard-0.GIpkxL/fonts/NotoSansSC-Regular.ttf
2026-10-09T16:56:33.6652217Z   STORAGE_BACKEND: file
2026-10-09T16:56:33.6652441Z   DATABASE_URL: 
2026-10-09T16:56:33.6652656Z   TEST_POSTGRES_DATABASE_URL: 
2026-10-09T16:56:33.6652895Z ##[endgroup]
2026-10-09T16:57:04.2804452Z ..ss..ss..ss....ssss..ss.....ssss...........................ssssss...... [  0%]
2026-10-09T16:57:10.6190971Z ......ssssssssssss..........................sss....ssss....ssss....ssss. [  1%]
2026-10-09T16:57:14.2822674Z ...ssss....ssss....ssss....ssss....ssss....ssss....ssss....ssss....ssss. [  2%]
2026-10-09T16:57:18.9533105Z ...ssss....ssss....ssss....ssss....ssss....ssss....ssss....ssss....ssss. [  2%]
2026-10-09T16:57:21.3041391Z ...ssss....ssss....ssss....ssss....ssss....ssss.................sss...ss [  3%]
2026-10-09T16:57:32.1696580Z s...............ssssss........s.s.......ssssss....ss..s.s...sss.s....... [  4%]
2026-10-09T16:57:36.5573271Z ........................................................................ [  4%]
2026-10-09T16:57:37.6020778Z ....................................s................................... [  5%]
2026-10-09T16:57:38.5407098Z ..............s.s.......ss.............................................. [  6%]
2026-10-09T16:57:38.7138491Z ...........................s............................................ [  6%]
2026-10-09T16:57:51.6287090Z ........................................................................ [  7%]
2026-10-09T16:57:59.2051612Z ..................................................ss.................... [  8%]
2026-10-09T16:58:04.9951966Z ................s....................................................... [  9%]
2026-10-09T16:58:05.5189169Z ........................................................................ [  9%]
2026-10-09T16:58:11.4461428Z ........................................................................ [ 10%]
2026-10-09T16:58:14.5084140Z ........................................................................ [ 11%]
2026-10-09T16:58:15.3482896Z ........................................................................ [ 11%]
2026-10-09T16:58:15.9829071Z ........................................................................ [ 12%]
2026-10-09T16:58:19.2529311Z ..........................s........ss.s................................. [ 13%]
2026-10-09T16:58:24.0022321Z .............................s.........sssssssss.s..s.s.s.s.s...sss..s.s [ 13%]
2026-10-09T16:58:30.2764624Z .s.s...sss......ssssss.s.s.s.s.........s.s..s....ssss.s.s.s.s.s....ssss. [ 14%]
2026-10-09T16:58:41.0032438Z s.s.s......ssssss.s.s.s...................ss......ssss.................. [ 15%]
2026-10-09T16:58:51.8631221Z ........................................................................ [ 15%]
2026-10-09T16:58:53.5663208Z ........................................................................ [ 16%]
2026-10-09T16:58:53.9436690Z ........................................................................ [ 17%]
2026-10-09T16:58:54.9011159Z ........................................................................ [ 18%]
2026-10-09T16:58:59.1990575Z ........................................................................ [ 18%]
2026-10-09T16:59:07.9311838Z ........................................................................ [ 19%]
2026-10-09T16:59:09.8677548Z ........................................................................ [ 20%]
2026-10-09T16:59:10.1084573Z ........................................................................ [ 20%]
2026-10-09T16:59:21.1430954Z ........................................................................ [ 21%]
2026-10-09T16:59:23.9821082Z ........................................................................ [ 22%]
2026-10-09T16:59:29.4236432Z ..ss..ss....ssss......ssssss..ss..ss..ss..ss..ss..ss..ss..ss..ss..ss..ss [ 22%]
2026-10-09T16:59:33.0911975Z ..ss..ss..ss....ssss.s.s.s.s.s..ss....ssss.s..ss..ss..ss......ssssss..ss [ 23%]
2026-10-09T16:59:44.1558362Z ..ss..ss.s.s.s..s.s.s.s.s.s..s..s.s.s...ss.s..ss.s.s..ss...sss.s.......s [ 24%]
2026-10-09T16:59:56.0070570Z ssssss....ssss.s.s.s.s.s.s..ss..ss........ss..ss..ss..ss..ss..ss..ss..ss [ 24%]
2026-10-09T17:00:06.2044564Z ..s.s.s.s.s.......sssssss.s.s.s.s.s.s..ss.s.s.s....ssss.s.s.s.s..ss..ss. [ 25%]
2026-10-09T17:00:15.6905840Z .ss..ss..ss.s.s.s.s.s.s.s.s.s.s..ss..ss..ss..ss...ss.........ss......sss [ 26%]
2026-10-09T17:00:26.6766133Z sss..ss..ss..ss..ss..ss..ss....ssss..ss..ss.........ssssssss..ss.s.s.s.s [ 27%]
2026-10-09T17:00:33.2263495Z .s..................s.s.s.s.....sssss.s.s.s........s.s.s.s.s.s.s.s.s.s.s [ 27%]
2026-10-09T17:00:35.7275862Z .s....ssss..........ssssssssss.s.s.......s..s.s......ssssss.s.s.s..ss..s [ 28%]
2026-10-09T17:00:41.5224102Z s..ss..ss..ss..ss..ss..ss..ss..ss..ss....ssss...............s....ssss..s [ 29%]
2026-10-09T17:00:43.3641575Z s..ss....ssss....ssss..ss....ssss..ss..ss..ss..ss....ssss............... [ 29%]
2026-10-09T17:00:43.5404686Z ........................................................................ [ 30%]
2026-10-09T17:00:44.9124689Z ........s............................................................... [ 31%]
2026-10-09T17:00:48.9283291Z ............................ssssssss.................................... [ 31%]
2026-10-09T17:00:50.5062082Z ...........................ss........................................... [ 32%]
2026-10-09T17:00:52.1408144Z ........................................................................ [ 33%]
2026-10-09T17:00:55.1692791Z ........................................................................ [ 33%]
2026-10-09T17:00:55.4575435Z ................................sss..................................... [ 34%]
2026-10-09T17:00:57.8611086Z .........................s.s.s.s.s..s.s.s.s.s.s.s.s.s.s....ssss.s.s.s.s. [ 35%]
2026-10-09T17:01:02.0574125Z .s.s.....s.s.s.s.s.s.s.s.s.s.s.s.s.s.s...sss.s.s.s.s.s..........s.s.s.s. [ 36%]
2026-10-09T17:01:07.4609925Z s.s.s.s.s..s..ss..ss..ss..ss..ss..ss..ss..ss..ss.s.s.s.s.s.s.s.s.s.s.... [ 36%]
2026-10-09T17:01:09.0482496Z ..ssss.s.........sssssssss.s.s.s.s.s.s.s.s.s.s.s.s.s.s.s.s.s.s.s.s.s.s.s [ 37%]
2026-10-09T17:01:11.1902115Z .....................................................................ss. [ 38%]
2026-10-09T17:01:15.0935460Z .ss..ss..ss..ss..ss..ss..ss...............ss..ss..ss..ss..ss..ss..ss..ss [ 38%]
2026-10-09T17:01:56.3544821Z ..ss..ss..........ssssssss.s.s.s.s.s.s.s.s.s.s.s.s.s.s.s.s.s..ss..ss..ss [ 39%]
2026-10-09T17:02:41.1328970Z ..ss..ss..ss.......ss..ss..ss..ss.....s.s.s.s.s.s.s.s.s.s.s.s.s.s.s.s..s [ 40%]
2026-10-09T17:02:43.8561878Z s..ss.s.s.....sssss.....sssss.s.s.s.........sssssssss.s...sss.s.s.s.s.s. [ 40%]
2026-10-09T17:02:48.1951609Z s....ssss..s.s.s.s.s.s.s.s.s.s..ss..ss..ss......ssssss..ss..ss..ss..ss.. [ 41%]
2026-10-09T17:02:56.2006672Z ss..ss..ss..ss..ss....ssss..ss..ss..ss..ss..ss..ss................ssssss [ 42%]
2026-10-09T17:03:03.7064975Z ssssssssss..ss..ss..ss..ss..ss..ss..ss..ss....ssss..ss.s.s.s.s.s.s.s.s.s [ 43%]
2026-10-09T17:03:18.0016003Z .s...ss..ss..ss.........ss..ss..ss..ss..ss..ss..ss..ss..ss..ss..ss..ss.. [ 43%]
2026-10-09T17:03:22.2844885Z ......................s.s.s.s.s.s.s.s.s.s.s.s.s.s.s.s.s.s.s.s.s.s..ss..s [ 44%]
2026-10-09T17:03:34.2224149Z s..ss..ss..ss..ss..ss..ss...........s.s.s.s.s.s.s............s.s.s.s.s.s [ 45%]
2026-10-09T17:03:49.2930690Z .s.s.s.s.s.s.s.s.s.s.s.s.s..ss..ss..ss..ss......ssssss..ss..ss..ss..ss.. [ 45%]
2026-10-09T17:04:05.8077284Z ss.s.s.s.s..ss.s.s.s.s..ss.s.s.s.s.s.s.s.s.s.s.s.s.s.s.s.s.s.s.s.s.s.s.s [ 46%]
2026-10-09T17:04:17.9503235Z .s..ss..ss..ss..ss..ss..ss.s.s.s.s.s.s.s.s.s.s.s.s..s.s.s.s.s.s...s.s.s. [ 47%]
2026-10-09T17:04:37.1049213Z s.s.s.s.s.s.s.s..ss.....................................s.s.s..ss.s.s.s. [ 47%]
2026-10-09T17:04:40.4598809Z s.s.s.s.s.s.s..ss..ss..ss....ssss......ssssss.s.s....ssss.s......s.s.s.s [ 48%]
2026-10-09T17:04:45.9208464Z .s.s.s.s.s.s.s.s.s.s.s.s.s.s.s..ss..ss..ss.s....ssss....ssss....ssss.s.s [ 49%]
2026-10-09T17:04:49.8756463Z .s.s.s.s.s.s.s.s.s.s.s.s.s.s.s.s.s.s..ss..ss..ss..ss..ss.s.s.s.s........ [ 49%]
2026-10-09T17:05:38.1725415Z ssssssss.s....ssss.s.s.s.s.s.s..ss..ss..................ssssssssssssssss [ 50%]
2026-10-09T17:06:55.8012232Z ss..ss..ss..ss......ssssss....ssss..ss..ss..ss....ssss..ss..ss......ssss [ 51%]
2026-10-09T17:07:14.6671333Z ss..ss..ss..ss..ss..ss..ss..ss..ss..s.s.....sssss.s.s.s.s.s.s.s.s.s.s.s. [ 52%]
2026-10-09T17:07:17.2257708Z s.s..ss..ss..ss............ssssssssssss.....s.s....s.....s.s.s.s.s.s.s.s [ 52%]
2026-10-09T17:07:18.8570622Z ....ssss..ss.s.s.s.s.s.s.s.s.s.s.s.s.s.s.s.s.s.s.s.s.s.s.s.s.s.s.s.s.s.s [ 53%]
2026-10-09T17:07:25.7494870Z .s.s.s.s...sss.s....ssss.s.s.s.s.s.s.s.s..ss........ssssssss..ss....ssss [ 54%]
2026-10-09T17:07:49.9374166Z ..ss..........ss..ss...ss..ss..ss..ss..ss..ss..ss..ss..ss..ss..ss..ss..s [ 54%]
2026-10-09T17:07:54.3054211Z s..ss..ss..ss..ss..ss.s.s........ssssssss.s.s.s.s..........ssssssssss.s. [ 55%]
2026-10-09T17:07:57.3652382Z s.s.s.s.s...s.s.s.s.......................ssssss.s.s......ssssss.s.s.s.. [ 56%]
2026-10-09T17:08:03.3955145Z s.s.s..s.s.s.s.s.s..ss..ss..ss..ss..ss..ss..ss.s.s.s.s....ssss.s.s.s.s.s [ 56%]
2026-10-09T17:08:17.2395049Z .s.........ss..ss..ss..ss....ssss....ssss..ss..ss..ss..ss..ss..ss..ss..s [ 57%]
2026-10-09T17:08:38.7454088Z s..ss..ss..ss..ss..ss..ss..ss....ssss..ss..ss..ss..ss.s.s.s.s.s.s.s.s.s. [ 58%]
2026-10-09T17:08:43.3785707Z s.s.s.s.s.s.s.s.s.s.s.s.s.s.s.s.s.s..ss..ss..ss........ssssssss..ss..ss. [ 58%]
2026-10-09T17:08:50.2463816Z .ss......ssssssss.s.s.s.s..s.s..s.s.s.s.s.s.s..ss.s.s.s.s.s.s.s....s.s.s [ 59%]
2026-10-09T17:08:57.6823289Z .s.s.s.s.s..ss..ss..ss........ssssssss..ss..ss.s.s.s.s...sss.s.s.s.....s [ 60%]
2026-10-09T17:09:02.6548043Z ssss.s..ss..ss........ssssssss..ss.s.s.s.s.s.s.s.....sssss.s.s.s.s.s.s.. [ 61%]
2026-10-09T17:09:12.6818108Z ss..ss..ss..ss..ss..ss..ss..ss..ss..ss..ss..ss..ss..ss..ss..ss..ss..ss.. [ 61%]
2026-10-09T17:09:16.3712009Z ss..ss......ss.......................................s..s.......sss..... [ 62%]
2026-10-09T17:09:26.2210807Z ......................................sss..............................s [ 63%]
2026-10-09T17:09:32.8738378Z sssssssssssssssssssssssssssss......ssssss..ss..ss..ss....ssss..ss..ss..s [ 63%]
2026-10-09T17:09:38.8191930Z s..ss..ss..ss............ssssssssssss................................... [ 64%]
2026-10-09T17:09:40.1780472Z ...............................sssssssssssssssssssssssssssssssssssssssss [ 65%]
2026-10-09T17:09:41.8263219Z sssssssssssssssssssssssss..................ssssssssssssssssss..ss....... [ 65%]
2026-10-09T17:09:44.1039686Z .ssssssss....ssss............ssssssssssss......ssssss..ss..ss..ss..ss..s [ 66%]
2026-10-09T17:09:49.1000184Z s..........ssssssssss........ssssssss..ss............................... [ 67%]
2026-10-09T17:09:54.4227128Z .........................................sssssssssssssssssssssssssssssss [ 67%]
2026-10-09T17:09:56.9606222Z sssssssssssssssssssssssssssssssssssssssss............................... [ 68%]
2026-10-09T17:10:00.0178839Z .........................................sssssssssssssssssssssssssssssss [ 69%]
2026-10-09T17:10:02.7655298Z sssssssssssssssssssssssssssssssssssssssss............................... [ 70%]
2026-10-09T17:10:05.5192045Z .....ssssssssssssssssssssssssssssssssssss............ssssssssssss....... [ 70%]
2026-10-09T17:10:08.6736160Z .....ssssssssssss............ssssssssssss............ssssssssssss..ss... [ 71%]
2026-10-09T17:10:19.3520638Z ......................................................................ss [ 72%]
2026-10-09T17:10:19.5828976Z ssssssssssssssssssssssssssssssssssssssssssssssssssssssssssssssssssssss.. [ 72%]
2026-10-09T17:10:22.7858594Z ..........ssssssssssss....................................ssssssssssssss [ 73%]
2026-10-09T17:10:26.4458930Z ssssssssssssssssssssss............ssssssssssss.......................... [ 74%]
2026-10-09T17:10:29.0430816Z ......................ssssssssssssssssssssssssssssssssssssssssssssssss.. [ 74%]
2026-10-09T17:12:32.0727372Z ..........ssssssssssss..............................................sss. [ 75%]
2026-10-09T17:12:36.7478587Z s.s.........s.s.s.s.s.s.s.s.s.s.s.s.s.s.s.s.s.s.s.s.s......ssssss......s [ 76%]
2026-10-09T17:12:47.0878608Z sssss..ss..ss......ssssss......ssssss..ss..ss..ss..ss..ss..ss...ss..ss.. [ 76%]
2026-10-09T17:12:53.1843378Z ss..ss..ss..ss..ss..ss....ssss....ssss....ssss........ssssssss....ssss.. [ 77%]
2026-10-09T17:13:01.5819738Z ........ssssssssss..ss....ssss....ssss....ssss..ss........ssssssss....ss [ 78%]
2026-10-09T17:13:10.3259951Z ss....ssss....ssss....ssss........ssssssss..............ssssssssss..ss.. [ 79%]
2026-10-09T17:13:13.8648894Z ......ssssssss..ss..........ssssssssss..ss..ss..s.s.s.s.s.s.s.s.s.s.s.ss [ 79%]
2026-10-09T17:13:18.6483164Z ..ss..ss..ss..ss..ss..ss...ss..ss........ssssssss..ss..ss..ss..ss......s [ 80%]
2026-10-09T17:13:21.7232999Z sssss..ss..ss..ss..ssssssssssssss......ssssss......ssssss............sss [ 81%]
2026-10-09T17:13:23.7716067Z sssssssss......ssssss...sss...sss...sss.s.s...sss.s...sss.s...sss.s..ss. [ 81%]
2026-10-09T17:13:27.3372889Z s.s....ssss..ss..ss....ssss..ss..ss..ss..ss..ss....ssss......ssssss..ss. [ 82%]
2026-10-09T17:13:32.1638281Z ...ssss..ss..ss..ss..ss..ss..ss..ss.......ss.s.s.s.s.s.s.s..ss.s.s.s.s.s [ 83%]
2026-10-09T17:13:36.9893851Z ...ss..ss.s.s....ssss.s..ss..ss..ss.s.s..ss..ss....ssss..s.s.....sssss.s [ 83%]
2026-10-09T17:13:40.2175325Z .s..s.s.s.s.s....ssss..ss..ss..ss..ss..ss..ss..ss..ss..ss..ss..ss..ss..s [ 84%]
2026-10-09T17:13:44.5469709Z s..ss....ssss.s.s.s.s.s.s.s..ss.s.s.s.s..ss.s..ss..ss..ss..ss..ss..ss... [ 85%]
2026-10-09T17:13:48.8562980Z .....ssssssss..ss..ss..ss..ss..ss..ss..ss..ss........ssssssss..ss....sss [ 86%]
2026-10-09T17:13:52.9786341Z s..ss..ss....ssss..ss..ss..ss..ss...ss..ss..ss..ss..ss..ss..ss.s..ss.s.s [ 86%]
2026-10-09T17:13:54.6398387Z .s..ss..ss.s.s.s......ssssss.s.s.s.s..ss..ss..ss.................s...... [ 87%]
2026-10-09T17:13:55.8959813Z ..............ssssss.................................................... [ 88%]
2026-10-09T17:14:03.4481758Z .................sssssss...sss..ss.s.s..........ssssssssss..ss.s..ss...s [ 88%]
2026-10-09T17:14:11.3124571Z ss.s.s.s.........sssssssss.s.s.s.s..ss..ss..ss..ss...sss.s.s.s.s.s.s.s.. [ 89%]
2026-10-09T17:14:16.6734974Z .....sssssss.s.s.s.s.s.s...sss.s...ss..ss....ssss..ss..ss....ssss..ss..s [ 90%]
2026-10-09T17:14:16.9634561Z s..ss................................................................... [ 90%]
2026-10-09T17:14:17.0474360Z ........................................................................ [ 91%]
2026-10-09T17:14:17.1348220Z ........................................................................ [ 92%]
2026-10-09T17:14:21.0653630Z ...s.s.s.s.s.s.s.s.s.s.s.s.s.s.s.s.s.s.s.s.............sssssssssssss.s.s [ 92%]
2026-10-09T17:14:24.0224946Z .s.s.s.s.s.s.s.s.s.s.s.s.s.s.s.s.s.........sss.....sssss.s.s.s.s.s.s.s.s [ 93%]
2026-10-09T17:15:20.8076654Z ##[error]The operation was canceled.
2026-10-09T17:15:20.8128133Z ##[group]Run python .github/ci/receipt.py "$CI_RECEIPTS"
2026-10-09T17:15:20.8128589Z [36;1mpython .github/ci/receipt.py "$CI_RECEIPTS"[0m
2026-10-09T17:15:20.8192589Z shell: /usr/bin/bash -e {0}
2026-10-09T17:15:20.8192848Z env:
2026-10-09T17:15:20.8193050Z   MOCK_PROVIDER: true
2026-10-09T17:15:20.8193299Z   MOCK_STREAM_DELAY_MS: 0
2026-10-09T17:15:20.8193528Z   ENABLE_CLOUD: false
2026-10-09T17:15:20.8193757Z   CREDENTIAL_VAULT_BACKEND: memory
2026-10-09T17:15:20.8194044Z   CREDENTIAL_VAULT_ALLOW_MEMORY_FALLBACK: true
2026-10-09T17:15:20.8194355Z   PYTHONDONTWRITEBYTECODE: 1
2026-10-09T17:15:20.8194600Z   HF_HUB_OFFLINE: 1
2026-10-09T17:15:20.8194809Z   TRANSFORMERS_OFFLINE: 1
2026-10-09T17:15:20.8195099Z   pythonLocation: /opt/hostedtoolcache/Python/3.12.9/x64
2026-10-09T17:15:20.8195533Z   PKG_CONFIG_PATH: /opt/hostedtoolcache/Python/3.12.9/x64/lib/pkgconfig
2026-10-09T17:15:20.8195965Z   Python_ROOT_DIR: /opt/hostedtoolcache/Python/3.12.9/x64
2026-10-09T17:15:20.8196374Z   Python2_ROOT_DIR: /opt/hostedtoolcache/Python/3.12.9/x64
2026-10-09T17:15:20.8196770Z   Python3_ROOT_DIR: /opt/hostedtoolcache/Python/3.12.9/x64
2026-10-09T17:15:20.8197172Z   LD_LIBRARY_PATH: /opt/hostedtoolcache/Python/3.12.9/x64/lib
2026-10-09T17:15:20.8197949Z   CI_COVERAGE_SHA: c386b0608ae92d18c351b5cb6e367380808a45cf
2026-10-09T17:15:20.8198692Z   CI_COVERAGE_TREE: 2ec6365e1f1f183f029c9f0a94d040d134e22b47
2026-10-09T17:15:20.8199145Z   CI_SANDBOX: /home/runner/work/_temp/novel-ci-backend-file-shard-0.GIpkxL
2026-10-09T17:15:20.8199686Z   CI_PROJECT: /home/runner/work/_temp/novel-ci-backend-file-shard-0.GIpkxL/project
2026-10-09T17:15:20.8200262Z   CI_RECEIPTS: /home/runner/work/_temp/novel-ci-backend-file-shard-0.GIpkxL/receipts
2026-10-09T17:15:20.8200906Z   HOME: /home/runner/work/_temp/novel-ci-backend-file-shard-0.GIpkxL/project/.runtime/ci-backend/home
2026-10-09T17:15:20.8201614Z   USERPROFILE: /home/runner/work/_temp/novel-ci-backend-file-shard-0.GIpkxL/project/.runtime/ci-backend/home
2026-10-09T17:15:20.8202347Z   APPDATA: /home/runner/work/_temp/novel-ci-backend-file-shard-0.GIpkxL/project/.runtime/ci-backend/appdata
2026-10-09T17:15:20.8203108Z   LOCALAPPDATA: /home/runner/work/_temp/novel-ci-backend-file-shard-0.GIpkxL/project/.runtime/ci-backend/localappdata
2026-10-09T17:15:20.8203928Z   XDG_CONFIG_HOME: /home/runner/work/_temp/novel-ci-backend-file-shard-0.GIpkxL/project/.runtime/ci-backend/config
2026-10-09T17:15:20.8204676Z   XDG_CACHE_HOME: /home/runner/work/_temp/novel-ci-backend-file-shard-0.GIpkxL/project/.runtime/ci-backend/cache
2026-10-09T17:15:20.8205405Z   XDG_DATA_HOME: /home/runner/work/_temp/novel-ci-backend-file-shard-0.GIpkxL/project/.runtime/ci-backend/data
2026-10-09T17:15:20.8206128Z   XDG_STATE_HOME: /home/runner/work/_temp/novel-ci-backend-file-shard-0.GIpkxL/project/.runtime/ci-backend/state
2026-10-09T17:15:20.8206849Z   TMPDIR: /home/runner/work/_temp/novel-ci-backend-file-shard-0.GIpkxL/project/.runtime/ci-backend/tmp
2026-10-09T17:15:20.8207738Z   TMP: /home/runner/work/_temp/novel-ci-backend-file-shard-0.GIpkxL/project/.runtime/ci-backend/tmp
2026-10-09T17:15:20.8208410Z   TEMP: /home/runner/work/_temp/novel-ci-backend-file-shard-0.GIpkxL/project/.runtime/ci-backend/tmp
2026-10-09T17:15:20.8209026Z   PROJECT_ROOT: /home/runner/work/_temp/novel-ci-backend-file-shard-0.GIpkxL/project
2026-10-09T17:15:20.8209714Z   NOVEL_DATA_PATH: /home/runner/work/_temp/novel-ci-backend-file-shard-0.GIpkxL/project/.runtime/ci-backend/data/novels
2026-10-09T17:15:20.8210503Z   BACKUP_PATH: /home/runner/work/_temp/novel-ci-backend-file-shard-0.GIpkxL/project/.runtime/ci-backend/data/backups
2026-10-09T17:15:20.8211340Z   DATABASE_BACKUP_PATH: /home/runner/work/_temp/novel-ci-backend-file-shard-0.GIpkxL/project/.runtime/ci-backend/data/database-backups
2026-10-09T17:15:20.8212217Z   KNOWLEDGE_SOURCE_PATH: /home/runner/work/_temp/novel-ci-backend-file-shard-0.GIpkxL/project/.runtime/ci-backend/data/novels
2026-10-09T17:15:20.8213172Z   CI_V2_RUNTIME: /home/runner/work/_temp/novel-ci-backend-file-shard-0.GIpkxL/project/.runtime/ci-backend
2026-10-09T17:15:20.8213896Z   R2_TEST_FONT_FILE: /home/runner/work/_temp/novel-ci-backend-file-shard-0.GIpkxL/fonts/NotoSansSC-Regular.ttf
2026-10-09T17:15:20.8214395Z ##[endgroup]
2026-10-09T17:15:20.8757698Z {
2026-10-09T17:15:20.8759985Z   "revision": "checked_out_sha=c386b0608ae92d18c351b5cb6e367380808a45cf\nevent_sha=c386b0608ae92d18c351b5cb6e367380808a45cf\nrun_url=https://github.com/1785235376-blip/AI-Novel-Studio/actions/runs/37962531356\njob=backend-file-shard-0\nplatform=Linux; native Windows host/AppContainer/installer=NOT RUN\n",
2026-10-09T17:15:20.8762318Z   "test_reports": {
2026-10-09T17:15:20.8762741Z     "coverage-harness.xml": {
2026-10-09T17:15:20.8778570Z       "tests": 174,
2026-10-09T17:15:20.8778985Z       "failures": 0,
2026-10-09T17:15:20.8789549Z       "errors": 0,
2026-10-09T17:15:20.8796245Z       "skipped": 0
2026-10-09T17:15:20.8796603Z     }
2026-10-09T17:15:20.8796892Z   },
2026-10-09T17:15:20.8797228Z   "report_status": "RECORDED",
2026-10-09T17:15:20.8798017Z   "native_windows_host_appcontainer_installer": "NOT RUN",
2026-10-09T17:15:20.8798679Z   "real_model_and_paid_provider_execution": "NOT RUN"
2026-10-09T17:15:20.8799193Z }
2026-10-09T17:15:20.8799360Z 
2026-10-09T17:15:20.8918244Z ##[group]Run actions/upload-artifact@v4.6.2
2026-10-09T17:15:20.8918745Z with:
2026-10-09T17:15:20.8919119Z   name: backend-file-shard-0-c386b0608ae92d18c351b5cb6e367380808a45cf-attempt-1
2026-10-09T17:15:20.8919682Z   path: /home/runner/work/_temp/novel-ci-backend-file-shard-0.GIpkxL/receipts
2026-10-09T17:15:20.8920090Z   if-no-files-found: error
2026-10-09T17:15:20.8920325Z   retention-days: 14
2026-10-09T17:15:20.8920540Z   compression-level: 6
2026-10-09T17:15:20.8920755Z   overwrite: false
2026-10-09T17:15:20.8920969Z   include-hidden-files: false
2026-10-09T17:15:20.8921207Z env:
2026-10-09T17:15:20.8921405Z   MOCK_PROVIDER: true
2026-10-09T17:15:20.8921621Z   MOCK_STREAM_DELAY_MS: 0
2026-10-09T17:15:20.8921842Z   ENABLE_CLOUD: false
2026-10-09T17:15:20.8922062Z   CREDENTIAL_VAULT_BACKEND: memory
2026-10-09T17:15:20.8922343Z   CREDENTIAL_VAULT_ALLOW_MEMORY_FALLBACK: true
2026-10-09T17:15:20.8922644Z   PYTHONDONTWRITEBYTECODE: 1
2026-10-09T17:15:20.8922910Z   HF_HUB_OFFLINE: 1
2026-10-09T17:15:20.8923129Z   TRANSFORMERS_OFFLINE: 1
2026-10-09T17:15:20.8923418Z   pythonLocation: /opt/hostedtoolcache/Python/3.12.9/x64
2026-10-09T17:15:20.8923834Z   PKG_CONFIG_PATH: /opt/hostedtoolcache/Python/3.12.9/x64/lib/pkgconfig
2026-10-09T17:15:20.8924254Z   Python_ROOT_DIR: /opt/hostedtoolcache/Python/3.12.9/x64
2026-10-09T17:15:20.8924639Z   Python2_ROOT_DIR: /opt/hostedtoolcache/Python/3.12.9/x64
2026-10-09T17:15:20.8925010Z   Python3_ROOT_DIR: /opt/hostedtoolcache/Python/3.12.9/x64
2026-10-09T17:15:20.8925387Z   LD_LIBRARY_PATH: /opt/hostedtoolcache/Python/3.12.9/x64/lib
2026-10-09T17:15:20.8925765Z   CI_COVERAGE_SHA: c386b0608ae92d18c351b5cb6e367380808a45cf
2026-10-09T17:15:20.8926137Z   CI_COVERAGE_TREE: 2ec6365e1f1f183f029c9f0a94d040d134e22b47
2026-10-09T17:15:20.8926584Z   CI_SANDBOX: /home/runner/work/_temp/novel-ci-backend-file-shard-0.GIpkxL
2026-10-09T17:15:20.8927120Z   CI_PROJECT: /home/runner/work/_temp/novel-ci-backend-file-shard-0.GIpkxL/project
2026-10-09T17:15:20.8927975Z   CI_RECEIPTS: /home/runner/work/_temp/novel-ci-backend-file-shard-0.GIpkxL/receipts
2026-10-09T17:15:20.8928636Z   HOME: /home/runner/work/_temp/novel-ci-backend-file-shard-0.GIpkxL/project/.runtime/ci-backend/home
2026-10-09T17:15:20.8929394Z   USERPROFILE: /home/runner/work/_temp/novel-ci-backend-file-shard-0.GIpkxL/project/.runtime/ci-backend/home
2026-10-09T17:15:20.8930137Z   APPDATA: /home/runner/work/_temp/novel-ci-backend-file-shard-0.GIpkxL/project/.runtime/ci-backend/appdata
2026-10-09T17:15:20.8930923Z   LOCALAPPDATA: /home/runner/work/_temp/novel-ci-backend-file-shard-0.GIpkxL/project/.runtime/ci-backend/localappdata
2026-10-09T17:15:20.8931703Z   XDG_CONFIG_HOME: /home/runner/work/_temp/novel-ci-backend-file-shard-0.GIpkxL/project/.runtime/ci-backend/config
2026-10-09T17:15:20.8932454Z   XDG_CACHE_HOME: /home/runner/work/_temp/novel-ci-backend-file-shard-0.GIpkxL/project/.runtime/ci-backend/cache
2026-10-09T17:15:20.8933186Z   XDG_DATA_HOME: /home/runner/work/_temp/novel-ci-backend-file-shard-0.GIpkxL/project/.runtime/ci-backend/data
2026-10-09T17:15:20.8933917Z   XDG_STATE_HOME: /home/runner/work/_temp/novel-ci-backend-file-shard-0.GIpkxL/project/.runtime/ci-backend/state
2026-10-09T17:15:20.8934639Z   TMPDIR: /home/runner/work/_temp/novel-ci-backend-file-shard-0.GIpkxL/project/.runtime/ci-backend/tmp
2026-10-09T17:15:20.8935316Z   TMP: /home/runner/work/_temp/novel-ci-backend-file-shard-0.GIpkxL/project/.runtime/ci-backend/tmp
2026-10-09T17:15:20.8935980Z   TEMP: /home/runner/work/_temp/novel-ci-backend-file-shard-0.GIpkxL/project/.runtime/ci-backend/tmp
2026-10-09T17:15:20.8936596Z   PROJECT_ROOT: /home/runner/work/_temp/novel-ci-backend-file-shard-0.GIpkxL/project
2026-10-09T17:15:20.8937279Z   NOVEL_DATA_PATH: /home/runner/work/_temp/novel-ci-backend-file-shard-0.GIpkxL/project/.runtime/ci-backend/data/novels
2026-10-09T17:15:20.8938821Z   BACKUP_PATH: /home/runner/work/_temp/novel-ci-backend-file-shard-0.GIpkxL/project/.runtime/ci-backend/data/backups
2026-10-09T17:15:20.8940765Z   DATABASE_BACKUP_PATH: /home/runner/work/_temp/novel-ci-backend-file-shard-0.GIpkxL/project/.runtime/ci-backend/data/database-backups
2026-10-09T17:15:20.8942297Z   KNOWLEDGE_SOURCE_PATH: /home/runner/work/_temp/novel-ci-backend-file-shard-0.GIpkxL/project/.runtime/ci-backend/data/novels
2026-10-09T17:15:20.8943094Z   CI_V2_RUNTIME: /home/runner/work/_temp/novel-ci-backend-file-shard-0.GIpkxL/project/.runtime/ci-backend
2026-10-09T17:15:20.8943825Z   R2_TEST_FONT_FILE: /home/runner/work/_temp/novel-ci-backend-file-shard-0.GIpkxL/fonts/NotoSansSC-Regular.ttf
2026-10-09T17:15:20.8944325Z ##[endgroup]
2026-10-09T17:15:21.1028715Z (node:46459) [DEP0040] DeprecationWarning: The `punycode` module is deprecated. Please use a userland alternative instead.
2026-10-09T17:15:21.1039034Z (Use `node --trace-deprecation ...` to show where the warning was created)
2026-10-09T17:15:21.1115969Z With the provided path, there will be 10 files uploaded
2026-10-09T17:15:21.1122101Z Artifact name is valid!
2026-10-09T17:15:21.1122978Z Root directory input is valid!
2026-10-09T17:15:21.3797793Z Beginning upload of artifact content to blob storage
2026-10-09T17:15:21.6709416Z (node:46459) [DEP0169] DeprecationWarning: `url.parse()` behavior is not standardized and prone to errors that have security implications. Use the WHATWG URL API instead. CVEs are not issued for `url.parse()` vulnerabilities.
2026-10-09T17:15:22.1177012Z Uploaded bytes 512511
2026-10-09T17:15:22.1183673Z Finished uploading artifact content to blob storage!
2026-10-09T17:15:22.1184943Z SHA256 digest of uploaded artifact zip is 9163be691d2a7102eae9d21fbbe5d213b9fa94a4e0b5801477eb308a901e4cfe
2026-10-09T17:15:22.1186436Z Finalizing artifact upload
2026-10-09T17:15:22.2645956Z Artifact backend-file-shard-0-c386b0608ae92d18c351b5cb6e367380808a45cf-attempt-1.zip successfully finalized. Artifact ID 11632169585
2026-10-09T17:15:22.2648293Z Artifact backend-file-shard-0-c386b0608ae92d18c351b5cb6e367380808a45cf-attempt-1 has been successfully uploaded! Final size is 512511 bytes. Artifact ID is 11632169585
2026-10-09T17:15:22.2649983Z Artifact download URL: https://github.com/1785235376-blip/AI-Novel-Studio/actions/runs/37962531356/artifacts/11632169585
2026-10-09T17:15:22.2879965Z Post job cleanup.
2026-10-09T17:15:22.4032173Z [command]/usr/bin/git version
2026-10-09T17:15:22.4051563Z git version 2.55.0
2026-10-09T17:15:22.4100628Z Temporarily overriding HOME='/home/runner/work/_temp/c8319656-2f2e-4523-ae24-2a856cf9912f' before making global git config changes
2026-10-09T17:15:22.4102547Z Adding repository directory to the temporary git global config as a safe directory
2026-10-09T17:15:22.4110148Z [command]/usr/bin/git config --global --add safe.directory /home/runner/work/AI-Novel-Studio/AI-Novel-Studio
2026-10-09T17:15:22.4157761Z [command]/usr/bin/git config --local --name-only --get-regexp core\.sshCommand
2026-10-09T17:15:22.4215169Z [command]/usr/bin/git submodule foreach --recursive sh -c "git config --local --name-only --get-regexp 'core\.sshCommand' && git config --local --unset-all 'core.sshCommand' || :"
2026-10-09T17:15:22.4594359Z [command]/usr/bin/git config --local --name-only --get-regexp http\.https\:\/\/github\.com\/\.extraheader
2026-10-09T17:15:22.4641611Z [command]/usr/bin/git submodule foreach --recursive sh -c "git config --local --name-only --get-regexp 'http\.https\:\/\/github\.com\/\.extraheader' && git config --local --unset-all 'http.https://github.com/.extraheader' || :"
2026-10-09T17:15:22.5253825Z Cleaning up orphan processes
2026-10-09T17:15:22.5718656Z Terminate orphan process: pid (3746) (python)
2026-10-09T17:15:22.5768387Z Terminate orphan process: pid (3747) (tee)
2026-10-09T17:15:22.5819011Z Terminate orphan process: pid (6812) (python)
2026-10-09T17:15:22.5888476Z ##[warning]Node.js 20 is deprecated. The following actions target Node.js 20 but are being forced to run on Node.js 24: actions/checkout@v4.2.2, actions/setup-python@v5.6.0, actions/upload-artifact@v4.6.2. For more information see: https://github.blog/changelog/2025-09-19-deprecation-of-node-20-on-github-actions-runners/
