2026-10-09T13:24:34.1047132Z Current runner version: '2.337.0'
2026-10-09T13:24:34.1067407Z ##[group]Runner Image Provisioner
2026-10-09T13:24:34.1068111Z Hosted Compute Agent
2026-10-09T13:24:34.1068591Z Version: 20261002.596
2026-10-09T13:24:34.1069145Z Commit: c3d12f3313a95f25162a1503be624f3b0617f8c0
2026-10-09T13:24:34.1069761Z Build Date: 2026-10-02T22:28:27Z
2026-10-09T13:24:34.1070574Z Worker ID: {c5df8633-a07d-4b6d-b950-4173acb89472}
2026-10-09T13:24:34.1071213Z Region: westus3
2026-10-09T13:24:34.1071699Z Cloud: Azure
2026-10-09T13:24:34.1072181Z ##[endgroup]
2026-10-09T13:24:34.1073374Z ##[group]Operating System
2026-10-09T13:24:34.1073866Z Ubuntu
2026-10-09T13:24:34.1074387Z 24.04.5
2026-10-09T13:24:34.1074815Z LTS
2026-10-09T13:24:34.1075263Z ##[endgroup]
2026-10-09T13:24:34.1075880Z ##[group]Runner Image
2026-10-09T13:24:34.1076376Z Image: ubuntu-24.04
2026-10-09T13:24:34.1076922Z Version: 20261004.327.1
2026-10-09T13:24:34.1077921Z Included Software: https://github.com/actions/runner-images/blob/ubuntu24/20261004.327/images/ubuntu/Ubuntu2404-Readme.md
2026-10-09T13:24:34.1079192Z Image Release: https://github.com/actions/runner-images/releases/tag/ubuntu24%2F20261004.327
2026-10-09T13:24:34.1079975Z ##[endgroup]
2026-10-09T13:24:34.1080909Z ##[group]GITHUB_TOKEN Permissions
2026-10-09T13:24:34.1082631Z Contents: read
2026-10-09T13:24:34.1083217Z Metadata: read
2026-10-09T13:24:34.1083669Z ##[endgroup]
2026-10-09T13:24:34.1085375Z Secret source: Actions
2026-10-09T13:24:34.1086470Z Cache mode: write
2026-10-09T13:24:34.1087157Z Prepare workflow directory
2026-10-09T13:24:34.1434166Z Prepare all required actions
2026-10-09T13:24:34.1472690Z Getting action download info
2026-10-09T13:24:34.4370871Z Download action repository 'actions/checkout@v4.2.2' (SHA:11bd71901bbe5b1630ceea73d27597364c9af683)
2026-10-09T13:24:34.5183627Z Download action repository 'actions/setup-node@v4.4.0' (SHA:49933ea5288caeca8642d1e84afbd3f7d6820020)
2026-10-09T13:24:34.7004424Z Download action repository 'actions/setup-python@v5.6.0' (SHA:a26af69be951a213d495a4c3e4e4022e16d87065)
2026-10-09T13:24:34.8025604Z Download action repository 'actions/upload-artifact@v4.6.2' (SHA:ea165f8d65b6e75b540449e92b4886f43607fa02)
2026-10-09T13:24:35.0643730Z Complete job name: V2 / Creative live workflows and geometry
2026-10-09T13:24:35.1283615Z ##[group]Run actions/checkout@v4.2.2
2026-10-09T13:24:35.1284357Z with:
2026-10-09T13:24:35.1284750Z   persist-credentials: false
2026-10-09T13:24:35.1285251Z   repository: 1785235376-blip/AI-Novel-Studio
2026-10-09T13:24:35.1288991Z   token: ***
2026-10-09T13:24:35.1289378Z   ssh-strict: true
2026-10-09T13:24:35.1289767Z   ssh-user: git
2026-10-09T13:24:35.1290138Z   clean: true
2026-10-09T13:24:35.1290536Z   sparse-checkout-cone-mode: true
2026-10-09T13:24:35.1290993Z   fetch-depth: 1
2026-10-09T13:24:35.1291370Z   fetch-tags: false
2026-10-09T13:24:35.1291755Z   show-progress: true
2026-10-09T13:24:35.1292140Z   lfs: false
2026-10-09T13:24:35.1292511Z   submodules: false
2026-10-09T13:24:35.1292934Z   set-safe-directory: true
2026-10-09T13:24:35.1293543Z env:
2026-10-09T13:24:35.1293900Z   MOCK_PROVIDER: true
2026-10-09T13:24:35.1294304Z   MOCK_STREAM_DELAY_MS: 0
2026-10-09T13:24:35.1294714Z   ENABLE_CLOUD: false
2026-10-09T13:24:35.1295121Z   CREDENTIAL_VAULT_BACKEND: memory
2026-10-09T13:24:35.1295645Z   CREDENTIAL_VAULT_ALLOW_MEMORY_FALLBACK: true
2026-10-09T13:24:35.1296267Z   PYTHONDONTWRITEBYTECODE: 1
2026-10-09T13:24:35.1296699Z   HF_HUB_OFFLINE: 1
2026-10-09T13:24:35.1297083Z   TRANSFORMERS_OFFLINE: 1
2026-10-09T13:24:35.1297493Z ##[endgroup]
2026-10-09T13:24:35.2150634Z Syncing repository: 1785235376-blip/AI-Novel-Studio
2026-10-09T13:24:35.2152798Z ##[group]Getting Git version info
2026-10-09T13:24:35.2153825Z Working directory is '/home/runner/work/AI-Novel-Studio/AI-Novel-Studio'
2026-10-09T13:24:35.2155289Z [command]/usr/bin/git version
2026-10-09T13:24:35.2195809Z git version 2.55.0
2026-10-09T13:24:35.2217619Z ##[endgroup]
2026-10-09T13:24:35.2222946Z Temporarily overriding HOME='/home/runner/work/_temp/d358be4f-ab46-4cd1-a1f5-073559351ca6' before making global git config changes
2026-10-09T13:24:35.2231195Z Adding repository directory to the temporary git global config as a safe directory
2026-10-09T13:24:35.2233183Z [command]/usr/bin/git config --global --add safe.directory /home/runner/work/AI-Novel-Studio/AI-Novel-Studio
2026-10-09T13:24:35.2274154Z Deleting the contents of '/home/runner/work/AI-Novel-Studio/AI-Novel-Studio'
2026-10-09T13:24:35.2281714Z ##[group]Initializing the repository
2026-10-09T13:24:35.2288151Z [command]/usr/bin/git init /home/runner/work/AI-Novel-Studio/AI-Novel-Studio
2026-10-09T13:24:35.2352076Z hint: Using 'master' as the name for the initial branch. This default branch name
2026-10-09T13:24:35.2353015Z hint: will change to "main" in Git 3.0. To configure the initial branch name
2026-10-09T13:24:35.2353814Z hint: to use in all of your new repositories, which will suppress this warning,
2026-10-09T13:24:35.2354492Z hint: call:
2026-10-09T13:24:35.2354842Z hint:
2026-10-09T13:24:35.2355304Z hint: 	git config --global init.defaultBranch <name>
2026-10-09T13:24:35.2356036Z hint:
2026-10-09T13:24:35.2356538Z hint: Names commonly chosen instead of 'master' are 'main', 'trunk' and
2026-10-09T13:24:35.2357333Z hint: 'development'. The just-created branch can be renamed via this command:
2026-10-09T13:24:35.2357955Z hint:
2026-10-09T13:24:35.2358309Z hint: 	git branch -m <name>
2026-10-09T13:24:35.2358721Z hint:
2026-10-09T13:24:35.2359243Z hint: Disable this message with "git config set advice.defaultBranchName false"
2026-10-09T13:24:35.2363929Z Initialized empty Git repository in /home/runner/work/AI-Novel-Studio/AI-Novel-Studio/.git/
2026-10-09T13:24:35.2372752Z [command]/usr/bin/git remote add origin https://github.com/1785235376-blip/AI-Novel-Studio
2026-10-09T13:24:35.2411137Z ##[endgroup]
2026-10-09T13:24:35.2411808Z ##[group]Disabling automatic garbage collection
2026-10-09T13:24:35.2414933Z [command]/usr/bin/git config --local gc.auto 0
2026-10-09T13:24:35.2441565Z ##[endgroup]
2026-10-09T13:24:35.2442604Z ##[group]Setting up auth
2026-10-09T13:24:35.2446427Z [command]/usr/bin/git config --local --name-only --get-regexp core\.sshCommand
2026-10-09T13:24:35.2472683Z [command]/usr/bin/git submodule foreach --recursive sh -c "git config --local --name-only --get-regexp 'core\.sshCommand' && git config --local --unset-all 'core.sshCommand' || :"
2026-10-09T13:24:35.2755024Z [command]/usr/bin/git config --local --name-only --get-regexp http\.https\:\/\/github\.com\/\.extraheader
2026-10-09T13:24:35.2789448Z [command]/usr/bin/git submodule foreach --recursive sh -c "git config --local --name-only --get-regexp 'http\.https\:\/\/github\.com\/\.extraheader' && git config --local --unset-all 'http.https://github.com/.extraheader' || :"
2026-10-09T13:24:35.2991996Z [command]/usr/bin/git config --local http.https://github.com/.extraheader AUTHORIZATION: basic ***
2026-10-09T13:24:35.3028662Z ##[endgroup]
2026-10-09T13:24:35.3029427Z ##[group]Fetching the repository
2026-10-09T13:24:35.3036406Z [command]/usr/bin/git -c protocol.version=2 fetch --no-tags --prune --no-recurse-submodules --depth=1 origin +57986cb13d452731baf82bbc242bfc79f9cfd145:refs/remotes/origin/feature/v2-narrative-platform
2026-10-09T13:24:39.4940452Z From https://github.com/1785235376-blip/AI-Novel-Studio
2026-10-09T13:24:39.4941378Z  * [new ref]         57986cb13d452731baf82bbc242bfc79f9cfd145 -> origin/feature/v2-narrative-platform
2026-10-09T13:24:39.4956853Z ##[endgroup]
2026-10-09T13:24:39.4957455Z ##[group]Determining the checkout info
2026-10-09T13:24:39.4958098Z ##[endgroup]
2026-10-09T13:24:39.4958685Z [command]/usr/bin/git sparse-checkout disable
2026-10-09T13:24:39.4996394Z [command]/usr/bin/git config --local --unset-all extensions.worktreeConfig
2026-10-09T13:24:39.5022619Z ##[group]Checking out the ref
2026-10-09T13:24:39.5026776Z [command]/usr/bin/git checkout --progress --force -B feature/v2-narrative-platform refs/remotes/origin/feature/v2-narrative-platform
2026-10-09T13:24:40.0190762Z Switched to a new branch 'feature/v2-narrative-platform'
2026-10-09T13:24:40.0251392Z branch 'feature/v2-narrative-platform' set up to track 'origin/feature/v2-narrative-platform'.
2026-10-09T13:24:40.0252914Z ##[endgroup]
2026-10-09T13:24:40.0271899Z [command]/usr/bin/git log -1 --format=%H
2026-10-09T13:24:40.0296177Z 57986cb13d452731baf82bbc242bfc79f9cfd145
2026-10-09T13:24:40.0303420Z ##[group]Removing auth
2026-10-09T13:24:40.0306750Z [command]/usr/bin/git config --local --name-only --get-regexp core\.sshCommand
2026-10-09T13:24:40.0333420Z [command]/usr/bin/git submodule foreach --recursive sh -c "git config --local --name-only --get-regexp 'core\.sshCommand' && git config --local --unset-all 'core.sshCommand' || :"
2026-10-09T13:24:40.0522624Z [command]/usr/bin/git config --local --name-only --get-regexp http\.https\:\/\/github\.com\/\.extraheader
2026-10-09T13:24:40.0550903Z http.https://github.com/.extraheader
2026-10-09T13:24:40.0556762Z [command]/usr/bin/git config --local --unset-all http.https://github.com/.extraheader
2026-10-09T13:24:40.0585250Z [command]/usr/bin/git submodule foreach --recursive sh -c "git config --local --name-only --get-regexp 'http\.https\:\/\/github\.com\/\.extraheader' && git config --local --unset-all 'http.https://github.com/.extraheader' || :"
2026-10-09T13:24:40.0770501Z ##[endgroup]
2026-10-09T13:24:40.0974214Z ##[group]Run actions/setup-node@v4.4.0
2026-10-09T13:24:40.0974475Z with:
2026-10-09T13:24:40.0974646Z   node-version: 22.14.0
2026-10-09T13:24:40.0974847Z   always-auth: false
2026-10-09T13:24:40.0975032Z   check-latest: false
2026-10-09T13:24:40.0977392Z   token: ***
2026-10-09T13:24:40.0977562Z env:
2026-10-09T13:24:40.0977750Z   MOCK_PROVIDER: true
2026-10-09T13:24:40.0977980Z   MOCK_STREAM_DELAY_MS: 0
2026-10-09T13:24:40.0978173Z   ENABLE_CLOUD: false
2026-10-09T13:24:40.0978354Z   CREDENTIAL_VAULT_BACKEND: memory
2026-10-09T13:24:40.0978584Z   CREDENTIAL_VAULT_ALLOW_MEMORY_FALLBACK: true
2026-10-09T13:24:40.0978831Z   PYTHONDONTWRITEBYTECODE: 1
2026-10-09T13:24:40.0979030Z   HF_HUB_OFFLINE: 1
2026-10-09T13:24:40.0979223Z   TRANSFORMERS_OFFLINE: 1
2026-10-09T13:24:40.0979409Z ##[endgroup]
2026-10-09T13:24:40.2048161Z Attempting to download 22.14.0...
2026-10-09T13:24:40.2129468Z (node:2112) [DEP0040] DeprecationWarning: The `punycode` module is deprecated. Please use a userland alternative instead.
2026-10-09T13:24:40.2130106Z (Use `node --trace-deprecation ...` to show where the warning was created)
2026-10-09T13:24:41.2519635Z Acquiring 22.14.0 - x64 from https://github.com/actions/node-versions/releases/download/22.14.0-13265982013/node-22.14.0-linux-x64.tar.gz
2026-10-09T13:24:41.7707121Z Extracting ...
2026-10-09T13:24:41.7799828Z [command]/usr/bin/tar xz --strip 1 --warning=no-unknown-keyword --overwrite -C /home/runner/work/_temp/f38a5236-88e4-408c-96b9-4992889c1d64 -f /home/runner/work/_temp/e812d9e2-71f7-41fe-909a-4a6bd9817ef6
2026-10-09T13:24:42.7537868Z Adding to the cache ...
2026-10-09T13:24:44.7408306Z ##[group]Environment details
2026-10-09T13:24:44.9194015Z node: v22.14.0
2026-10-09T13:24:44.9194353Z npm: 10.9.2
2026-10-09T13:24:44.9194587Z yarn: 1.22.22
2026-10-09T13:24:44.9195144Z ##[endgroup]
2026-10-09T13:24:44.9362117Z ##[group]Run actions/setup-python@v5.6.0
2026-10-09T13:24:44.9362366Z with:
2026-10-09T13:24:44.9362537Z   python-version: 3.12.9
2026-10-09T13:24:44.9362741Z   check-latest: false
2026-10-09T13:24:44.9364951Z   token: ***
2026-10-09T13:24:44.9365124Z   update-environment: true
2026-10-09T13:24:44.9365321Z   allow-prereleases: false
2026-10-09T13:24:44.9365513Z   freethreaded: false
2026-10-09T13:24:44.9365891Z env:
2026-10-09T13:24:44.9366092Z   MOCK_PROVIDER: true
2026-10-09T13:24:44.9366273Z   MOCK_STREAM_DELAY_MS: 0
2026-10-09T13:24:44.9366452Z   ENABLE_CLOUD: false
2026-10-09T13:24:44.9366633Z   CREDENTIAL_VAULT_BACKEND: memory
2026-10-09T13:24:44.9366867Z   CREDENTIAL_VAULT_ALLOW_MEMORY_FALLBACK: true
2026-10-09T13:24:44.9367114Z   PYTHONDONTWRITEBYTECODE: 1
2026-10-09T13:24:44.9367315Z   HF_HUB_OFFLINE: 1
2026-10-09T13:24:44.9367492Z   TRANSFORMERS_OFFLINE: 1
2026-10-09T13:24:44.9367828Z ##[endgroup]
2026-10-09T13:24:45.0397734Z ##[group]Installed versions
2026-10-09T13:24:45.0554296Z Version 3.12.9 was not found in the local cache
2026-10-09T13:24:45.0633785Z (node:2146) [DEP0040] DeprecationWarning: The `punycode` module is deprecated. Please use a userland alternative instead.
2026-10-09T13:24:45.0634538Z (Use `node --trace-deprecation ...` to show where the warning was created)
2026-10-09T13:24:46.2111643Z Version 3.12.9 is available for downloading
2026-10-09T13:24:46.2113519Z Download from "https://github.com/actions/python-versions/releases/download/3.12.9-13149478207/python-3.12.9-linux-24.04-x64.tar.gz"
2026-10-09T13:24:46.8843685Z Extract downloaded archive
2026-10-09T13:24:46.8937809Z [command]/usr/bin/tar xz --warning=no-unknown-keyword --overwrite -C /home/runner/work/_temp/f4d010e5-6175-4289-b0dd-25241b2f22d5 -f /home/runner/work/_temp/a5253416-587c-4e5f-9b1f-fb59cb44d00c
2026-10-09T13:24:48.6243068Z Execute installation script
2026-10-09T13:24:48.6321073Z Check if Python hostedtoolcache folder exist...
2026-10-09T13:24:48.6321564Z Create Python 3.12.9 folder
2026-10-09T13:24:48.6336098Z Copy Python binaries to hostedtoolcache folder
2026-10-09T13:24:49.1153187Z Create additional symlinks (Required for the UsePythonVersion Azure Pipelines task and the setup-python GitHub Action)
2026-10-09T13:24:49.1188598Z Upgrading pip...
2026-10-09T13:24:51.0172326Z Looking in links: /tmp/tmp_nr81bn9
2026-10-09T13:24:51.0173930Z Requirement already satisfied: pip in /opt/hostedtoolcache/Python/3.12.9/x64/lib/python3.12/site-packages (24.3.1)
2026-10-09T13:24:52.2540161Z Collecting pip
2026-10-09T13:24:52.2990865Z Downloading pip-26.2.1-py3-none-any.whl.metadata (4.6 kB)
2026-10-09T13:24:52.3123658Z Downloading pip-26.2.1-py3-none-any.whl (1.8 MB)
2026-10-09T13:24:52.3887403Z ━━━━━━━━━━━━━━━━━━━━━━━━━━━━━━━━━━━━━━━━ 1.8/1.8 MB 31.5 MB/s eta 0:00:00
2026-10-09T13:24:52.3887748Z 
2026-10-09T13:24:52.4053896Z Installing collected packages: pip
2026-10-09T13:24:52.4054811Z Attempting uninstall: pip
2026-10-09T13:24:52.4071161Z Found existing installation: pip 24.3.1
2026-10-09T13:24:52.4324274Z Uninstalling pip-24.3.1:
2026-10-09T13:24:52.4366986Z Successfully uninstalled pip-24.3.1
2026-10-09T13:24:53.1370262Z Successfully installed pip-26.2.1
2026-10-09T13:24:53.1779597Z Create complete file
2026-10-09T13:24:53.1811409Z Successfully set up CPython (3.12.9)
2026-10-09T13:24:53.1811904Z ##[endgroup]
2026-10-09T13:24:53.1940741Z ##[group]Run bash .github/ci/prepare.sh v2-creative-browser
2026-10-09T13:24:53.1941149Z [36;1mbash .github/ci/prepare.sh v2-creative-browser[0m
2026-10-09T13:24:53.2160470Z shell: /usr/bin/bash -e {0}
2026-10-09T13:24:53.2160680Z env:
2026-10-09T13:24:53.2160846Z   MOCK_PROVIDER: true
2026-10-09T13:24:53.2161031Z   MOCK_STREAM_DELAY_MS: 0
2026-10-09T13:24:53.2161214Z   ENABLE_CLOUD: false
2026-10-09T13:24:53.2161399Z   CREDENTIAL_VAULT_BACKEND: memory
2026-10-09T13:24:53.2161634Z   CREDENTIAL_VAULT_ALLOW_MEMORY_FALLBACK: true
2026-10-09T13:24:53.2161878Z   PYTHONDONTWRITEBYTECODE: 1
2026-10-09T13:24:53.2162093Z   HF_HUB_OFFLINE: 1
2026-10-09T13:24:53.2162261Z   TRANSFORMERS_OFFLINE: 1
2026-10-09T13:24:53.2162498Z   pythonLocation: /opt/hostedtoolcache/Python/3.12.9/x64
2026-10-09T13:24:53.2162834Z   PKG_CONFIG_PATH: /opt/hostedtoolcache/Python/3.12.9/x64/lib/pkgconfig
2026-10-09T13:24:53.2163159Z   Python_ROOT_DIR: /opt/hostedtoolcache/Python/3.12.9/x64
2026-10-09T13:24:53.2163497Z   Python2_ROOT_DIR: /opt/hostedtoolcache/Python/3.12.9/x64
2026-10-09T13:24:53.2163789Z   Python3_ROOT_DIR: /opt/hostedtoolcache/Python/3.12.9/x64
2026-10-09T13:24:53.2164071Z   LD_LIBRARY_PATH: /opt/hostedtoolcache/Python/3.12.9/x64/lib
2026-10-09T13:24:53.2164320Z ##[endgroup]
2026-10-09T13:24:53.9068583Z ##[group]Run npm install --global pnpm@10.6.5
2026-10-09T13:24:53.9068924Z [36;1mnpm install --global pnpm@10.6.5[0m
2026-10-09T13:24:53.9069170Z [36;1mpnpm install --frozen-lockfile[0m
2026-10-09T13:24:53.9069554Z [36;1m{ node --version; pnpm --version; sha256sum pnpm-lock.yaml; } > "$CI_RECEIPTS/frontend-tools.txt"[0m
2026-10-09T13:24:53.9070147Z [36;1mpnpm exec playwright install --with-deps chromium[0m
2026-10-09T13:24:53.9126740Z shell: /usr/bin/bash -e {0}
2026-10-09T13:24:53.9126949Z env:
2026-10-09T13:24:53.9127114Z   MOCK_PROVIDER: true
2026-10-09T13:24:53.9127296Z   MOCK_STREAM_DELAY_MS: 0
2026-10-09T13:24:53.9127480Z   ENABLE_CLOUD: false
2026-10-09T13:24:53.9127667Z   CREDENTIAL_VAULT_BACKEND: memory
2026-10-09T13:24:53.9127896Z   CREDENTIAL_VAULT_ALLOW_MEMORY_FALLBACK: true
2026-10-09T13:24:53.9128136Z   PYTHONDONTWRITEBYTECODE: 1
2026-10-09T13:24:53.9128329Z   HF_HUB_OFFLINE: 1
2026-10-09T13:24:53.9128501Z   TRANSFORMERS_OFFLINE: 1
2026-10-09T13:24:53.9128777Z   pythonLocation: /opt/hostedtoolcache/Python/3.12.9/x64
2026-10-09T13:24:53.9129107Z   PKG_CONFIG_PATH: /opt/hostedtoolcache/Python/3.12.9/x64/lib/pkgconfig
2026-10-09T13:24:53.9129425Z   Python_ROOT_DIR: /opt/hostedtoolcache/Python/3.12.9/x64
2026-10-09T13:24:53.9129722Z   Python2_ROOT_DIR: /opt/hostedtoolcache/Python/3.12.9/x64
2026-10-09T13:24:53.9130022Z   Python3_ROOT_DIR: /opt/hostedtoolcache/Python/3.12.9/x64
2026-10-09T13:24:53.9130316Z   LD_LIBRARY_PATH: /opt/hostedtoolcache/Python/3.12.9/x64/lib
2026-10-09T13:24:53.9130612Z   CI_COVERAGE_SHA: 57986cb13d452731baf82bbc242bfc79f9cfd145
2026-10-09T13:24:53.9130904Z   CI_COVERAGE_TREE: 7b06f7eb213893ec41e4ded14810b82b070b7dc7
2026-10-09T13:24:53.9131309Z   CI_SANDBOX: /home/runner/work/_temp/novel-ci-v2-creative-browser.1BUXZk
2026-10-09T13:24:53.9131703Z   CI_PROJECT: /home/runner/work/_temp/novel-ci-v2-creative-browser.1BUXZk/project
2026-10-09T13:24:53.9132109Z   CI_RECEIPTS: /home/runner/work/_temp/novel-ci-v2-creative-browser.1BUXZk/receipts
2026-10-09T13:24:53.9132503Z   HOME: /home/runner/work/_temp/novel-ci-v2-creative-browser.1BUXZk/home
2026-10-09T13:24:53.9132887Z   USERPROFILE: /home/runner/work/_temp/novel-ci-v2-creative-browser.1BUXZk/home
2026-10-09T13:24:53.9133286Z   APPDATA: /home/runner/work/_temp/novel-ci-v2-creative-browser.1BUXZk/appdata
2026-10-09T13:24:53.9133709Z   LOCALAPPDATA: /home/runner/work/_temp/novel-ci-v2-creative-browser.1BUXZk/localappdata
2026-10-09T13:24:53.9134165Z   XDG_CONFIG_HOME: /home/runner/work/_temp/novel-ci-v2-creative-browser.1BUXZk/config
2026-10-09T13:24:53.9134590Z   XDG_CACHE_HOME: /home/runner/work/_temp/novel-ci-v2-creative-browser.1BUXZk/cache
2026-10-09T13:24:53.9135012Z   XDG_DATA_HOME: /home/runner/work/_temp/novel-ci-v2-creative-browser.1BUXZk/data
2026-10-09T13:24:53.9152082Z   XDG_STATE_HOME: /home/runner/work/_temp/novel-ci-v2-creative-browser.1BUXZk/state
2026-10-09T13:24:53.9152706Z   TMPDIR: /home/runner/work/_temp/novel-ci-v2-creative-browser.1BUXZk/tmp
2026-10-09T13:24:53.9153092Z   TMP: /home/runner/work/_temp/novel-ci-v2-creative-browser.1BUXZk/tmp
2026-10-09T13:24:53.9153442Z   TEMP: /home/runner/work/_temp/novel-ci-v2-creative-browser.1BUXZk/tmp
2026-10-09T13:24:53.9153837Z   PROJECT_ROOT: /home/runner/work/_temp/novel-ci-v2-creative-browser.1BUXZk/project
2026-10-09T13:24:53.9154291Z   NOVEL_DATA_PATH: /home/runner/work/_temp/novel-ci-v2-creative-browser.1BUXZk/data/novels
2026-10-09T13:24:53.9154751Z   BACKUP_PATH: /home/runner/work/_temp/novel-ci-v2-creative-browser.1BUXZk/data/backups
2026-10-09T13:24:53.9155235Z   DATABASE_BACKUP_PATH: /home/runner/work/_temp/novel-ci-v2-creative-browser.1BUXZk/data/database-backups
2026-10-09T13:24:53.9155911Z   KNOWLEDGE_SOURCE_PATH: /home/runner/work/_temp/novel-ci-v2-creative-browser.1BUXZk/data/novels
2026-10-09T13:24:53.9156272Z ##[endgroup]
2026-10-09T13:24:54.9396330Z 
2026-10-09T13:24:54.9397000Z added 1 package in 869ms
2026-10-09T13:24:54.9397192Z 
2026-10-09T13:24:54.9397340Z 1 package is looking for funding
2026-10-09T13:24:54.9397814Z   run `npm fund` for details
2026-10-09T13:24:55.3001175Z Lockfile is up to date, resolution step is skipped
2026-10-09T13:24:55.3299973Z Progress: resolved 1, reused 0, downloaded 0, added 0
2026-10-09T13:24:55.3634981Z Packages: +249
2026-10-09T13:24:55.3636134Z ++++++++++++++++++++++++++++++++++++++++++++++++++++++++++++++++++++++++++++++++
2026-10-09T13:24:56.3314232Z Progress: resolved 249, reused 0, downloaded 173, added 139
2026-10-09T13:24:56.8202423Z Progress: resolved 249, reused 0, downloaded 249, added 249, done
2026-10-09T13:24:56.9168976Z .../esbuild@0.21.5/node_modules/esbuild postinstall$ node install.js
2026-10-09T13:24:56.9173849Z .../esbuild@0.25.12/node_modules/esbuild postinstall$ node install.js
2026-10-09T13:24:57.0577330Z .../esbuild@0.21.5/node_modules/esbuild postinstall: Done
2026-10-09T13:24:57.1362791Z .../esbuild@0.25.12/node_modules/esbuild postinstall: Done
2026-10-09T13:24:57.2814846Z 
2026-10-09T13:24:57.2815465Z dependencies:
2026-10-09T13:24:57.2816148Z + @tanstack/react-query 5.101.4
2026-10-09T13:24:57.2816662Z + @tiptap/extension-placeholder 2.27.2
2026-10-09T13:24:57.2817114Z + @tiptap/react 2.27.2
2026-10-09T13:24:57.2817491Z + @tiptap/starter-kit 2.27.2
2026-10-09T13:24:57.2817898Z + lucide-react 0.468.0
2026-10-09T13:24:57.2818235Z + react 18.3.1
2026-10-09T13:24:57.2818559Z + react-dom 18.3.1
2026-10-09T13:24:57.2818881Z + zustand 5.0.14
2026-10-09T13:24:57.2819061Z 
2026-10-09T13:24:57.2819190Z devDependencies:
2026-10-09T13:24:57.2819535Z + @playwright/test 1.62.1
2026-10-09T13:24:57.2820247Z + @testing-library/react 16.3.2
2026-10-09T13:24:57.2820598Z + @types/node 22.13.10
2026-10-09T13:24:57.2820955Z + @types/react 18.3.31
2026-10-09T13:24:57.2821257Z + @types/react-dom 18.3.7
2026-10-09T13:24:57.2821599Z + @vitejs/plugin-react 4.7.0
2026-10-09T13:24:57.2821930Z + fountain-js 1.2.4
2026-10-09T13:24:57.2822199Z + jsdom 25.0.1
2026-10-09T13:24:57.2822473Z + typescript 5.9.3
2026-10-09T13:24:57.2822734Z + vite 6.4.3
2026-10-09T13:24:57.2822973Z + vitest 2.1.9
2026-10-09T13:24:57.2823137Z 
2026-10-09T13:24:57.2990068Z Done in 2.3s using pnpm v10.6.5
2026-10-09T13:24:58.1078921Z Installing dependencies...
2026-10-09T13:24:58.1130816Z Switching to root user to install dependencies...
2026-10-09T13:24:58.2587053Z Get:1 file:/etc/apt/apt-mirrors.txt Mirrorlist [144 B]
2026-10-09T13:24:58.2766000Z Get:6 https://packages.microsoft.com/ubuntu/24.04/prod noble InRelease [3600 B]
2026-10-09T13:24:58.2901091Z Hit:2 http://azure.archive.ubuntu.com/ubuntu noble InRelease
2026-10-09T13:24:58.2928128Z Get:3 http://azure.archive.ubuntu.com/ubuntu noble-updates InRelease [126 kB]
2026-10-09T13:24:58.2976574Z Get:4 http://azure.archive.ubuntu.com/ubuntu noble-backports InRelease [126 kB]
2026-10-09T13:24:58.2989863Z Get:5 http://azure.archive.ubuntu.com/ubuntu noble-security InRelease [126 kB]
2026-10-09T13:24:58.3827072Z Get:7 https://packages.microsoft.com/ubuntu/24.04/prod noble/main all Packages [640 B]
2026-10-09T13:24:58.3967905Z Get:8 https://packages.microsoft.com/ubuntu/24.04/prod noble/main arm64 Packages [475 kB]
2026-10-09T13:24:58.4077596Z Get:9 https://packages.microsoft.com/ubuntu/24.04/prod noble/main amd64 Packages [531 kB]
2026-10-09T13:24:58.4110002Z Get:10 https://packages.microsoft.com/ubuntu/24.04/prod noble/main armhf Packages [12.3 kB]
2026-10-09T13:24:58.4807272Z Get:11 http://azure.archive.ubuntu.com/ubuntu noble-updates/main amd64 Packages [1375 kB]
2026-10-09T13:24:58.4881600Z Get:12 http://azure.archive.ubuntu.com/ubuntu noble-updates/main Translation-en [306 kB]
2026-10-09T13:24:58.4926838Z Get:13 http://azure.archive.ubuntu.com/ubuntu noble-updates/universe amd64 Packages [1702 kB]
2026-10-09T13:24:58.5011973Z Get:14 http://azure.archive.ubuntu.com/ubuntu noble-updates/universe Translation-en [342 kB]
2026-10-09T13:24:58.5026658Z Get:15 http://azure.archive.ubuntu.com/ubuntu noble-updates/restricted amd64 Packages [1761 kB]
2026-10-09T13:24:58.5087124Z Get:16 http://azure.archive.ubuntu.com/ubuntu noble-updates/restricted Translation-en [401 kB]
2026-10-09T13:24:58.5158225Z Get:17 http://azure.archive.ubuntu.com/ubuntu noble-updates/multiverse amd64 Packages [55.0 kB]
2026-10-09T13:24:58.5328763Z Get:18 http://azure.archive.ubuntu.com/ubuntu noble-updates/multiverse Translation-en [14.3 kB]
2026-10-09T13:24:58.5870216Z Get:19 http://azure.archive.ubuntu.com/ubuntu noble-security/main amd64 Packages [1121 kB]
2026-10-09T13:24:58.5927118Z Get:20 http://azure.archive.ubuntu.com/ubuntu noble-security/main Translation-en [228 kB]
2026-10-09T13:24:58.6430076Z Get:21 http://azure.archive.ubuntu.com/ubuntu noble-security/universe amd64 Packages [1220 kB]
2026-10-09T13:24:58.6486716Z Get:22 http://azure.archive.ubuntu.com/ubuntu noble-security/universe Translation-en [245 kB]
2026-10-09T13:24:58.6504194Z Get:23 http://azure.archive.ubuntu.com/ubuntu noble-security/restricted amd64 Packages [1669 kB]
2026-10-09T13:24:58.6582352Z Get:24 http://azure.archive.ubuntu.com/ubuntu noble-security/restricted Translation-en [383 kB]
2026-10-09T13:24:58.6607480Z Get:25 http://azure.archive.ubuntu.com/ubuntu noble-security/multiverse amd64 Packages [49.8 kB]
2026-10-09T13:24:58.6619525Z Get:26 http://azure.archive.ubuntu.com/ubuntu noble-security/multiverse Translation-en [12.4 kB]
2026-10-09T13:25:05.6207282Z Fetched 12.3 MB in 1s (10.8 MB/s)
2026-10-09T13:25:06.2744134Z Reading package lists...
2026-10-09T13:25:06.2947177Z Reading package lists...
2026-10-09T13:25:06.4519511Z Building dependency tree...
2026-10-09T13:25:06.4526096Z Reading state information...
2026-10-09T13:25:06.5762029Z libasound2t64 is already the newest version (1.2.11-1ubuntu0.3).
2026-10-09T13:25:06.5762646Z libasound2t64 set to manually installed.
2026-10-09T13:25:06.5763214Z libatk-bridge2.0-0t64 is already the newest version (2.52.0-1build1).
2026-10-09T13:25:06.5763785Z libatk-bridge2.0-0t64 set to manually installed.
2026-10-09T13:25:06.5764328Z libatk1.0-0t64 is already the newest version (2.52.0-1build1).
2026-10-09T13:25:06.5764819Z libatk1.0-0t64 set to manually installed.
2026-10-09T13:25:06.5765397Z libatspi2.0-0t64 is already the newest version (2.52.0-1build1).
2026-10-09T13:25:06.5766210Z libatspi2.0-0t64 set to manually installed.
2026-10-09T13:25:06.5766708Z libcairo2 is already the newest version (1.18.0-3build1).
2026-10-09T13:25:06.5767167Z libcairo2 set to manually installed.
2026-10-09T13:25:06.5767687Z libcups2t64 is already the newest version (2.4.7-1.2ubuntu7.14).
2026-10-09T13:25:06.5768179Z libcups2t64 set to manually installed.
2026-10-09T13:25:06.5768695Z libdbus-1-3 is already the newest version (1.14.10-4ubuntu4.1).
2026-10-09T13:25:06.5769183Z libdbus-1-3 set to manually installed.
2026-10-09T13:25:06.5769700Z libdrm2 is already the newest version (2.4.125-1ubuntu0.1~24.04.2).
2026-10-09T13:25:06.5770191Z libdrm2 set to manually installed.
2026-10-09T13:25:06.5770680Z libgbm1 is already the newest version (25.2.8-0ubuntu0.24.04.4).
2026-10-09T13:25:06.5771169Z libgbm1 set to manually installed.
2026-10-09T13:25:06.5771690Z libglib2.0-0t64 is already the newest version (2.80.0-6ubuntu3.9).
2026-10-09T13:25:06.5772207Z libglib2.0-0t64 set to manually installed.
2026-10-09T13:25:06.5772556Z libnspr4 is already the newest version (2:4.35-1.1build1).
2026-10-09T13:25:06.5772872Z libnspr4 set to manually installed.
2026-10-09T13:25:06.5773185Z libnss3 is already the newest version (2:3.98-1ubuntu0.2).
2026-10-09T13:25:06.5773483Z libnss3 set to manually installed.
2026-10-09T13:25:06.5773806Z libpango-1.0-0 is already the newest version (1.52.1+ds-1build1).
2026-10-09T13:25:06.5774134Z libpango-1.0-0 set to manually installed.
2026-10-09T13:25:06.5774441Z libx11-6 is already the newest version (2:1.8.7-1build1).
2026-10-09T13:25:06.5774727Z libx11-6 set to manually installed.
2026-10-09T13:25:06.5775007Z libxcb1 is already the newest version (1.15-1ubuntu2).
2026-10-09T13:25:06.5775276Z libxcb1 set to manually installed.
2026-10-09T13:25:06.5775588Z libxcomposite1 is already the newest version (1:0.4.5-1build3).
2026-10-09T13:25:06.5776027Z libxcomposite1 set to manually installed.
2026-10-09T13:25:06.5776675Z libxdamage1 is already the newest version (1:1.1.6-1build1).
2026-10-09T13:25:06.5776988Z libxdamage1 set to manually installed.
2026-10-09T13:25:06.5777294Z libxext6 is already the newest version (2:1.3.4-1build2).
2026-10-09T13:25:06.5777579Z libxext6 set to manually installed.
2026-10-09T13:25:06.5778001Z libxfixes3 is already the newest version (1:6.0.0-2build1).
2026-10-09T13:25:06.5778302Z libxfixes3 set to manually installed.
2026-10-09T13:25:06.5778606Z libxkbcommon0 is already the newest version (1.6.0-1build1).
2026-10-09T13:25:06.5778905Z libxkbcommon0 set to manually installed.
2026-10-09T13:25:06.5779208Z libxrandr2 is already the newest version (2:1.5.2-2build1).
2026-10-09T13:25:06.5779494Z libxrandr2 set to manually installed.
2026-10-09T13:25:06.5779799Z xvfb is already the newest version (2:21.1.12-1ubuntu1.8).
2026-10-09T13:25:06.5780212Z fonts-noto-color-emoji is already the newest version (2.047-0ubuntu0.24.04.1).
2026-10-09T13:25:06.5780642Z libfontconfig1 is already the newest version (2.15.0-1.1ubuntu2).
2026-10-09T13:25:06.5780967Z libfontconfig1 set to manually installed.
2026-10-09T13:25:06.5781283Z fonts-liberation is already the newest version (1:2.1.5-3).
2026-10-09T13:25:06.5781586Z fonts-liberation set to manually installed.
2026-10-09T13:25:06.5781902Z The following additional packages will be installed:
2026-10-09T13:25:06.5782189Z   xfonts-encodings xfonts-utils
2026-10-09T13:25:06.5782413Z Recommended packages:
2026-10-09T13:25:06.5782631Z   fonts-ipafont-mincho fonts-tlwg-loma
2026-10-09T13:25:06.6078187Z The following NEW packages will be installed:
2026-10-09T13:25:06.6078864Z   fonts-freefont-ttf fonts-ipafont-gothic fonts-tlwg-loma-otf fonts-unifont
2026-10-09T13:25:06.6082194Z   fonts-wqy-zenhei xfonts-cyrillic xfonts-encodings xfonts-scalable
2026-10-09T13:25:06.6082664Z   xfonts-utils
2026-10-09T13:25:06.6085140Z The following packages will be upgraded:
2026-10-09T13:25:06.6088633Z   libfreetype6
2026-10-09T13:25:06.6225799Z 1 upgraded, 9 newly installed, 0 to remove and 22 not upgraded.
2026-10-09T13:25:06.6226343Z Need to get 21.5 MB of archives.
2026-10-09T13:25:06.6226699Z After this operation, 79.5 MB of additional disk space will be used.
2026-10-09T13:25:06.6227096Z Get:1 file:/etc/apt/apt-mirrors.txt Mirrorlist [144 B]
2026-10-09T13:25:06.7058179Z Get:2 http://azure.archive.ubuntu.com/ubuntu noble/universe amd64 fonts-ipafont-gothic all 00303-21ubuntu1 [3513 kB]
2026-10-09T13:25:06.8416641Z Get:3 http://azure.archive.ubuntu.com/ubuntu noble/main amd64 fonts-freefont-ttf all 20211204+svn4273-2 [5641 kB]
2026-10-09T13:25:07.0213558Z Get:4 http://azure.archive.ubuntu.com/ubuntu noble/universe amd64 fonts-tlwg-loma-otf all 1:0.7.3-1 [107 kB]
2026-10-09T13:25:07.0869627Z Get:5 http://azure.archive.ubuntu.com/ubuntu noble/universe amd64 fonts-unifont all 1:15.1.01-1build1 [2993 kB]
2026-10-09T13:25:07.2121849Z Get:6 http://azure.archive.ubuntu.com/ubuntu noble/universe amd64 fonts-wqy-zenhei all 0.9.45-8 [7472 kB]
2026-10-09T13:25:07.4298734Z Get:7 http://azure.archive.ubuntu.com/ubuntu noble-updates/main amd64 libfreetype6 amd64 2.13.2+dfsg-1ubuntu0.2 [403 kB]
2026-10-09T13:25:07.5022404Z Get:8 http://azure.archive.ubuntu.com/ubuntu noble/main amd64 xfonts-encodings all 1:1.0.5-0ubuntu2 [578 kB]
2026-10-09T13:25:07.5778349Z Get:9 http://azure.archive.ubuntu.com/ubuntu noble/main amd64 xfonts-utils amd64 1:7.7+6build3 [94.4 kB]
2026-10-09T13:25:07.6438644Z Get:10 http://azure.archive.ubuntu.com/ubuntu noble/universe amd64 xfonts-cyrillic all 1:1.0.5+nmu1 [384 kB]
2026-10-09T13:25:07.7157425Z Get:11 http://azure.archive.ubuntu.com/ubuntu noble/main amd64 xfonts-scalable all 1:1.0.3-1.3 [304 kB]
2026-10-09T13:25:07.9359042Z Fetched 21.5 MB in 1s (19.4 MB/s)
2026-10-09T13:25:07.9724799Z Selecting previously unselected package fonts-ipafont-gothic.
2026-10-09T13:25:07.9944580Z (Reading database ... 
2026-10-09T13:25:07.9944841Z (Reading database ... 5%
2026-10-09T13:25:07.9945327Z (Reading database ... 10%
2026-10-09T13:25:07.9945662Z (Reading database ... 15%
2026-10-09T13:25:07.9946308Z (Reading database ... 20%
2026-10-09T13:25:07.9946509Z (Reading database ... 25%
2026-10-09T13:25:07.9946700Z (Reading database ... 30%
2026-10-09T13:25:07.9946896Z (Reading database ... 35%
2026-10-09T13:25:07.9947083Z (Reading database ... 40%
2026-10-09T13:25:07.9947270Z (Reading database ... 45%
2026-10-09T13:25:07.9947601Z (Reading database ... 50%
2026-10-09T13:25:08.0235997Z (Reading database ... 55%
2026-10-09T13:25:08.3311869Z (Reading database ... 60%
2026-10-09T13:25:08.5755486Z (Reading database ... 65%
2026-10-09T13:25:08.7992033Z (Reading database ... 70%
2026-10-09T13:25:09.1263921Z (Reading database ... 75%
2026-10-09T13:25:09.4381367Z (Reading database ... 80%
2026-10-09T13:25:09.9779098Z (Reading database ... 85%
2026-10-09T13:25:10.5269375Z (Reading database ... 90%
2026-10-09T13:25:11.0531580Z (Reading database ... 95%
2026-10-09T13:25:11.0531957Z (Reading database ... 100%
2026-10-09T13:25:11.0532345Z (Reading database ... 203191 files and directories currently installed.)
2026-10-09T13:25:11.0572351Z Preparing to unpack .../0-fonts-ipafont-gothic_00303-21ubuntu1_all.deb ...
2026-10-09T13:25:11.0686010Z Unpacking fonts-ipafont-gothic (00303-21ubuntu1) ...
2026-10-09T13:25:11.2928995Z Selecting previously unselected package fonts-freefont-ttf.
2026-10-09T13:25:11.3037700Z Preparing to unpack .../1-fonts-freefont-ttf_20211204+svn4273-2_all.deb ...
2026-10-09T13:25:11.3043153Z Unpacking fonts-freefont-ttf (20211204+svn4273-2) ...
2026-10-09T13:25:11.4131964Z Selecting previously unselected package fonts-tlwg-loma-otf.
2026-10-09T13:25:11.4241268Z Preparing to unpack .../2-fonts-tlwg-loma-otf_1%3a0.7.3-1_all.deb ...
2026-10-09T13:25:11.4246166Z Unpacking fonts-tlwg-loma-otf (1:0.7.3-1) ...
2026-10-09T13:25:11.4407994Z Selecting previously unselected package fonts-unifont.
2026-10-09T13:25:11.4517619Z Preparing to unpack .../3-fonts-unifont_1%3a15.1.01-1build1_all.deb ...
2026-10-09T13:25:11.4522916Z Unpacking fonts-unifont (1:15.1.01-1build1) ...
2026-10-09T13:25:11.6616517Z Selecting previously unselected package fonts-wqy-zenhei.
2026-10-09T13:25:11.6727499Z Preparing to unpack .../4-fonts-wqy-zenhei_0.9.45-8_all.deb ...
2026-10-09T13:25:11.6810220Z Unpacking fonts-wqy-zenhei (0.9.45-8) ...
2026-10-09T13:25:12.1629762Z Preparing to unpack .../5-libfreetype6_2.13.2+dfsg-1ubuntu0.2_amd64.deb ...
2026-10-09T13:25:12.1654104Z Unpacking libfreetype6:amd64 (2.13.2+dfsg-1ubuntu0.2) over (2.13.2+dfsg-1ubuntu0.1) ...
2026-10-09T13:25:12.1870386Z Selecting previously unselected package xfonts-encodings.
2026-10-09T13:25:12.1981926Z Preparing to unpack .../6-xfonts-encodings_1%3a1.0.5-0ubuntu2_all.deb ...
2026-10-09T13:25:12.1987478Z Unpacking xfonts-encodings (1:1.0.5-0ubuntu2) ...
2026-10-09T13:25:12.2250209Z Selecting previously unselected package xfonts-utils.
2026-10-09T13:25:12.2359734Z Preparing to unpack .../7-xfonts-utils_1%3a7.7+6build3_amd64.deb ...
2026-10-09T13:25:12.2365089Z Unpacking xfonts-utils (1:7.7+6build3) ...
2026-10-09T13:25:12.2722010Z Selecting previously unselected package xfonts-cyrillic.
2026-10-09T13:25:12.2830936Z Preparing to unpack .../8-xfonts-cyrillic_1%3a1.0.5+nmu1_all.deb ...
2026-10-09T13:25:12.2835822Z Unpacking xfonts-cyrillic (1:1.0.5+nmu1) ...
2026-10-09T13:25:12.3097122Z Selecting previously unselected package xfonts-scalable.
2026-10-09T13:25:12.3201690Z Preparing to unpack .../9-xfonts-scalable_1%3a1.0.3-1.3_all.deb ...
2026-10-09T13:25:12.3207011Z Unpacking xfonts-scalable (1:1.0.3-1.3) ...
2026-10-09T13:25:12.3837534Z Setting up fonts-wqy-zenhei (0.9.45-8) ...
2026-10-09T13:25:12.6052446Z Setting up fonts-freefont-ttf (20211204+svn4273-2) ...
2026-10-09T13:25:12.6065254Z Setting up fonts-tlwg-loma-otf (1:0.7.3-1) ...
2026-10-09T13:25:12.6078540Z Setting up libfreetype6:amd64 (2.13.2+dfsg-1ubuntu0.2) ...
2026-10-09T13:25:12.6091485Z Setting up xfonts-encodings (1:1.0.5-0ubuntu2) ...
2026-10-09T13:25:12.6104031Z Setting up fonts-ipafont-gothic (00303-21ubuntu1) ...
2026-10-09T13:25:12.6161180Z update-alternatives: using /usr/share/fonts/opentype/ipafont-gothic/ipag.ttf to provide /usr/share/fonts/truetype/fonts-japanese-gothic.ttf (fonts-japanese-gothic.ttf) in auto mode
2026-10-09T13:25:12.6171779Z Setting up fonts-unifont (1:15.1.01-1build1) ...
2026-10-09T13:25:12.6183925Z Setting up xfonts-utils (1:7.7+6build3) ...
2026-10-09T13:25:12.6216180Z Setting up xfonts-cyrillic (1:1.0.5+nmu1) ...
2026-10-09T13:25:12.6474999Z Setting up xfonts-scalable (1:1.0.3-1.3) ...
2026-10-09T13:25:12.6697720Z Processing triggers for libc-bin (2.39-0ubuntu8.9) ...
2026-10-09T13:25:14.0230731Z Processing triggers for man-db (2.12.0-4build2) ...
2026-10-09T13:25:14.0248348Z Not building database; man-db/auto-update is not 'true'.
2026-10-09T13:25:14.0257431Z Processing triggers for fontconfig (2.15.0-1.1ubuntu2) ...
2026-10-09T13:25:15.1305803Z 
2026-10-09T13:25:15.1306267Z Running kernel seems to be up-to-date.
2026-10-09T13:25:15.1306559Z 
2026-10-09T13:25:15.1306712Z Restarting services...
2026-10-09T13:25:15.1370583Z  systemctl restart php8.3-fpm.service
2026-10-09T13:25:15.2285880Z 
2026-10-09T13:25:15.2287153Z No containers need to be restarted.
2026-10-09T13:25:15.2287547Z 
2026-10-09T13:25:15.2287785Z No user sessions are running outdated binaries.
2026-10-09T13:25:15.2288119Z 
2026-10-09T13:25:15.2288634Z No VM guests are running outdated hypervisor (qemu) binaries on this host.
2026-10-09T13:25:15.9772952Z Downloading Chrome for Testing 151.0.7922.34 (playwright chromium v1234) from https://cdn.playwright.dev/builds/cft/151.0.7922.34/linux64/chrome-linux64.zip
2026-10-09T13:25:16.9524233Z |                                                                                |   0% of 184.3 MiB
2026-10-09T13:25:17.1264648Z |■■■■■■■■                                                                        |  10% of 184.3 MiB
2026-10-09T13:25:17.2012612Z |■■■■■■■■■■■■■■■■                                                                |  20% of 184.3 MiB
2026-10-09T13:25:17.2608978Z |■■■■■■■■■■■■■■■■■■■■■■■■                                                        |  30% of 184.3 MiB
2026-10-09T13:25:17.3207106Z |■■■■■■■■■■■■■■■■■■■■■■■■■■■■■■■■                                                |  40% of 184.3 MiB
2026-10-09T13:25:17.3856462Z |■■■■■■■■■■■■■■■■■■■■■■■■■■■■■■■■■■■■■■■■                                        |  50% of 184.3 MiB
2026-10-09T13:25:17.4483953Z |■■■■■■■■■■■■■■■■■■■■■■■■■■■■■■■■■■■■■■■■■■■■■■■■                                |  60% of 184.3 MiB
2026-10-09T13:25:17.5018534Z |■■■■■■■■■■■■■■■■■■■■■■■■■■■■■■■■■■■■■■■■■■■■■■■■■■■■■■■■                        |  70% of 184.3 MiB
2026-10-09T13:25:17.5527143Z |■■■■■■■■■■■■■■■■■■■■■■■■■■■■■■■■■■■■■■■■■■■■■■■■■■■■■■■■■■■■■■■■                |  80% of 184.3 MiB
2026-10-09T13:25:17.6143437Z |■■■■■■■■■■■■■■■■■■■■■■■■■■■■■■■■■■■■■■■■■■■■■■■■■■■■■■■■■■■■■■■■■■■■■■■■        |  90% of 184.3 MiB
2026-10-09T13:25:17.6862992Z |■■■■■■■■■■■■■■■■■■■■■■■■■■■■■■■■■■■■■■■■■■■■■■■■■■■■■■■■■■■■■■■■■■■■■■■■■■■■■■■■| 100% of 184.3 MiB
2026-10-09T13:25:19.7201141Z Chrome for Testing 151.0.7922.34 (playwright chromium v1234) downloaded to /home/runner/work/_temp/novel-ci-v2-creative-browser.1BUXZk/cache/ms-playwright/chromium-1234
2026-10-09T13:25:19.7202948Z Downloading FFmpeg (playwright ffmpeg v1011) from https://cdn.playwright.dev/dbazure/download/playwright/builds/ffmpeg/1011/ffmpeg-linux.zip
2026-10-09T13:25:20.6240779Z |                                                                                |   0% of 2.3 MiB
2026-10-09T13:25:20.6272604Z |■■■■■■■■                                                                        |  10% of 2.3 MiB
2026-10-09T13:25:20.6291194Z |■■■■■■■■■■■■■■■■                                                                |  20% of 2.3 MiB
2026-10-09T13:25:20.6307161Z |■■■■■■■■■■■■■■■■■■■■■■■■                                                        |  30% of 2.3 MiB
2026-10-09T13:25:20.6325264Z |■■■■■■■■■■■■■■■■■■■■■■■■■■■■■■■■                                                |  40% of 2.3 MiB
2026-10-09T13:25:20.6335414Z |■■■■■■■■■■■■■■■■■■■■■■■■■■■■■■■■■■■■■■■■                                        |  50% of 2.3 MiB
2026-10-09T13:25:20.6349117Z |■■■■■■■■■■■■■■■■■■■■■■■■■■■■■■■■■■■■■■■■■■■■■■■■                                |  60% of 2.3 MiB
2026-10-09T13:25:20.6359660Z |■■■■■■■■■■■■■■■■■■■■■■■■■■■■■■■■■■■■■■■■■■■■■■■■■■■■■■■■                        |  70% of 2.3 MiB
2026-10-09T13:25:20.6368570Z |■■■■■■■■■■■■■■■■■■■■■■■■■■■■■■■■■■■■■■■■■■■■■■■■■■■■■■■■■■■■■■■■                |  80% of 2.3 MiB
2026-10-09T13:25:20.6378800Z |■■■■■■■■■■■■■■■■■■■■■■■■■■■■■■■■■■■■■■■■■■■■■■■■■■■■■■■■■■■■■■■■■■■■■■■■        |  90% of 2.3 MiB
2026-10-09T13:25:20.6386363Z |■■■■■■■■■■■■■■■■■■■■■■■■■■■■■■■■■■■■■■■■■■■■■■■■■■■■■■■■■■■■■■■■■■■■■■■■■■■■■■■■| 100% of 2.3 MiB
2026-10-09T13:25:20.6809724Z FFmpeg (playwright ffmpeg v1011) downloaded to /home/runner/work/_temp/novel-ci-v2-creative-browser.1BUXZk/cache/ms-playwright/ffmpeg-1011
2026-10-09T13:25:20.6812008Z Downloading Chrome Headless Shell 151.0.7922.34 (playwright chromium-headless-shell v1234) from https://cdn.playwright.dev/builds/cft/151.0.7922.34/linux64/chrome-headless-shell-linux64.zip
2026-10-09T13:25:21.6331568Z |                                                                                |   0% of 114.7 MiB
2026-10-09T13:25:21.7782991Z |■■■■■■■■                                                                        |  10% of 114.7 MiB
2026-10-09T13:25:21.8232998Z |■■■■■■■■■■■■■■■■                                                                |  20% of 114.7 MiB
2026-10-09T13:25:21.8674960Z |■■■■■■■■■■■■■■■■■■■■■■■■                                                        |  30% of 114.7 MiB
2026-10-09T13:25:21.9042603Z |■■■■■■■■■■■■■■■■■■■■■■■■■■■■■■■■                                                |  40% of 114.7 MiB
2026-10-09T13:25:21.9362578Z |■■■■■■■■■■■■■■■■■■■■■■■■■■■■■■■■■■■■■■■■                                        |  50% of 114.7 MiB
2026-10-09T13:25:21.9701402Z |■■■■■■■■■■■■■■■■■■■■■■■■■■■■■■■■■■■■■■■■■■■■■■■■                                |  60% of 114.7 MiB
2026-10-09T13:25:22.0290316Z |■■■■■■■■■■■■■■■■■■■■■■■■■■■■■■■■■■■■■■■■■■■■■■■■■■■■■■■■                        |  70% of 114.7 MiB
2026-10-09T13:25:22.0737994Z |■■■■■■■■■■■■■■■■■■■■■■■■■■■■■■■■■■■■■■■■■■■■■■■■■■■■■■■■■■■■■■■■                |  80% of 114.7 MiB
2026-10-09T13:25:22.1184834Z |■■■■■■■■■■■■■■■■■■■■■■■■■■■■■■■■■■■■■■■■■■■■■■■■■■■■■■■■■■■■■■■■■■■■■■■■        |  90% of 114.7 MiB
2026-10-09T13:25:22.1628071Z |■■■■■■■■■■■■■■■■■■■■■■■■■■■■■■■■■■■■■■■■■■■■■■■■■■■■■■■■■■■■■■■■■■■■■■■■■■■■■■■■| 100% of 114.7 MiB
2026-10-09T13:25:23.6228262Z Chrome Headless Shell 151.0.7922.34 (playwright chromium-headless-shell v1234) downloaded to /home/runner/work/_temp/novel-ci-v2-creative-browser.1BUXZk/cache/ms-playwright/chromium_headless_shell-1234
2026-10-09T13:25:23.6415578Z ##[group]Run python -m pip install -c .github/ci/python-constraints.txt -e '.[dev,fontbuild,otio,comic]'
2026-10-09T13:25:23.6416561Z [36;1mpython -m pip install -c .github/ci/python-constraints.txt -e '.[dev,fontbuild,otio,comic]'[0m
2026-10-09T13:25:23.6416959Z [36;1mpython -m pip check[0m
2026-10-09T13:25:23.6417363Z [36;1mpython -m pip freeze --exclude-editable > "$CI_RECEIPTS/python-packages.txt"[0m
2026-10-09T13:25:23.6417805Z [36;1m# Independent media imports use real decoders; do not replace this[0m
2026-10-09T13:25:23.6418208Z [36;1m# acceptance prerequisite with a fixture MIME label or silent skip.[0m
2026-10-09T13:25:23.6418515Z [36;1msudo apt-get update[0m
2026-10-09T13:25:23.6418798Z [36;1msudo apt-get install -y --no-install-recommends ffmpeg[0m
2026-10-09T13:25:23.6419126Z [36;1mffmpeg -version > "$CI_RECEIPTS/v2-ffmpeg-version.txt"[0m
2026-10-09T13:25:23.6419453Z [36;1mffprobe -version > "$CI_RECEIPTS/v2-ffprobe-version.txt"[0m
2026-10-09T13:25:23.6419885Z [36;1mpython -c "import shutil; assert shutil.which('ffmpeg') and shutil.which('ffprobe')"[0m
2026-10-09T13:25:23.6479202Z shell: /usr/bin/bash -e {0}
2026-10-09T13:25:23.6479412Z env:
2026-10-09T13:25:23.6479585Z   MOCK_PROVIDER: true
2026-10-09T13:25:23.6479777Z   MOCK_STREAM_DELAY_MS: 0
2026-10-09T13:25:23.6479962Z   ENABLE_CLOUD: false
2026-10-09T13:25:23.6480152Z   CREDENTIAL_VAULT_BACKEND: memory
2026-10-09T13:25:23.6480393Z   CREDENTIAL_VAULT_ALLOW_MEMORY_FALLBACK: true
2026-10-09T13:25:23.6480642Z   PYTHONDONTWRITEBYTECODE: 1
2026-10-09T13:25:23.6480838Z   HF_HUB_OFFLINE: 1
2026-10-09T13:25:23.6481010Z   TRANSFORMERS_OFFLINE: 1
2026-10-09T13:25:23.6481247Z   pythonLocation: /opt/hostedtoolcache/Python/3.12.9/x64
2026-10-09T13:25:23.6481580Z   PKG_CONFIG_PATH: /opt/hostedtoolcache/Python/3.12.9/x64/lib/pkgconfig
2026-10-09T13:25:23.6481897Z   Python_ROOT_DIR: /opt/hostedtoolcache/Python/3.12.9/x64
2026-10-09T13:25:23.6482187Z   Python2_ROOT_DIR: /opt/hostedtoolcache/Python/3.12.9/x64
2026-10-09T13:25:23.6482477Z   Python3_ROOT_DIR: /opt/hostedtoolcache/Python/3.12.9/x64
2026-10-09T13:25:23.6482778Z   LD_LIBRARY_PATH: /opt/hostedtoolcache/Python/3.12.9/x64/lib
2026-10-09T13:25:23.6483085Z   CI_COVERAGE_SHA: 57986cb13d452731baf82bbc242bfc79f9cfd145
2026-10-09T13:25:23.6483376Z   CI_COVERAGE_TREE: 7b06f7eb213893ec41e4ded14810b82b070b7dc7
2026-10-09T13:25:23.6483707Z   CI_SANDBOX: /home/runner/work/_temp/novel-ci-v2-creative-browser.1BUXZk
2026-10-09T13:25:23.6484098Z   CI_PROJECT: /home/runner/work/_temp/novel-ci-v2-creative-browser.1BUXZk/project
2026-10-09T13:25:23.6484511Z   CI_RECEIPTS: /home/runner/work/_temp/novel-ci-v2-creative-browser.1BUXZk/receipts
2026-10-09T13:25:23.6484906Z   HOME: /home/runner/work/_temp/novel-ci-v2-creative-browser.1BUXZk/home
2026-10-09T13:25:23.6485293Z   USERPROFILE: /home/runner/work/_temp/novel-ci-v2-creative-browser.1BUXZk/home
2026-10-09T13:25:23.6485866Z   APPDATA: /home/runner/work/_temp/novel-ci-v2-creative-browser.1BUXZk/appdata
2026-10-09T13:25:23.6486313Z   LOCALAPPDATA: /home/runner/work/_temp/novel-ci-v2-creative-browser.1BUXZk/localappdata
2026-10-09T13:25:23.6486789Z   XDG_CONFIG_HOME: /home/runner/work/_temp/novel-ci-v2-creative-browser.1BUXZk/config
2026-10-09T13:25:23.6487217Z   XDG_CACHE_HOME: /home/runner/work/_temp/novel-ci-v2-creative-browser.1BUXZk/cache
2026-10-09T13:25:23.6487625Z   XDG_DATA_HOME: /home/runner/work/_temp/novel-ci-v2-creative-browser.1BUXZk/data
2026-10-09T13:25:23.6488033Z   XDG_STATE_HOME: /home/runner/work/_temp/novel-ci-v2-creative-browser.1BUXZk/state
2026-10-09T13:25:23.6488434Z   TMPDIR: /home/runner/work/_temp/novel-ci-v2-creative-browser.1BUXZk/tmp
2026-10-09T13:25:23.6488794Z   TMP: /home/runner/work/_temp/novel-ci-v2-creative-browser.1BUXZk/tmp
2026-10-09T13:25:23.6489338Z   TEMP: /home/runner/work/_temp/novel-ci-v2-creative-browser.1BUXZk/tmp
2026-10-09T13:25:23.6489723Z   PROJECT_ROOT: /home/runner/work/_temp/novel-ci-v2-creative-browser.1BUXZk/project
2026-10-09T13:25:23.6490290Z   NOVEL_DATA_PATH: /home/runner/work/_temp/novel-ci-v2-creative-browser.1BUXZk/data/novels
2026-10-09T13:25:23.6490750Z   BACKUP_PATH: /home/runner/work/_temp/novel-ci-v2-creative-browser.1BUXZk/data/backups
2026-10-09T13:25:23.6491265Z   DATABASE_BACKUP_PATH: /home/runner/work/_temp/novel-ci-v2-creative-browser.1BUXZk/data/database-backups
2026-10-09T13:25:23.6491772Z   KNOWLEDGE_SOURCE_PATH: /home/runner/work/_temp/novel-ci-v2-creative-browser.1BUXZk/data/novels
2026-10-09T13:25:23.6492125Z ##[endgroup]
2026-10-09T13:25:24.3856681Z Obtaining file:///home/runner/work/_temp/novel-ci-v2-creative-browser.1BUXZk/project
2026-10-09T13:25:24.3870286Z   Installing build dependencies: started
2026-10-09T13:25:25.6471867Z   Installing build dependencies: finished with status 'done'
2026-10-09T13:25:25.6476404Z   Checking if build backend supports build_editable: started
2026-10-09T13:25:26.2212417Z   Checking if build backend supports build_editable: finished with status 'done'
2026-10-09T13:25:26.2218388Z   Getting requirements to build editable: started
2026-10-09T13:25:26.9670342Z   Getting requirements to build editable: finished with status 'done'
2026-10-09T13:25:26.9677362Z   Preparing editable metadata (pyproject.toml): started
2026-10-09T13:25:27.6943954Z   Preparing editable metadata (pyproject.toml): finished with status 'done'
2026-10-09T13:25:27.7857095Z Collecting fastapi<1,>=0.115 (from ai-novel-studio==0.7.0)
2026-10-09T13:25:27.8217882Z   Downloading fastapi-0.142.2-py3-none-any.whl.metadata (27 kB)
2026-10-09T13:25:27.8454963Z Collecting uvicorn<1,>=0.30 (from ai-novel-studio==0.7.0)
2026-10-09T13:25:27.8484616Z   Downloading uvicorn-0.54.0-py3-none-any.whl.metadata (6.6 kB)
2026-10-09T13:25:27.8605888Z Collecting psycopg<4,>=3.2 (from psycopg[binary]<4,>=3.2->ai-novel-studio==0.7.0)
2026-10-09T13:25:27.8634716Z   Downloading psycopg-3.3.6-py3-none-any.whl.metadata (4.4 kB)
2026-10-09T13:25:28.0747416Z Collecting sqlalchemy<3,>=2.0 (from ai-novel-studio==0.7.0)
2026-10-09T13:25:28.0785123Z   Downloading sqlalchemy-2.1.3-cp312-cp312-manylinux2014_x86_64.manylinux_2_17_x86_64.manylinux_2_28_x86_64.whl.metadata (9.7 kB)
2026-10-09T13:25:28.0945929Z Collecting httpx<1,>=0.27 (from ai-novel-studio==0.7.0)
2026-10-09T13:25:28.0974495Z   Downloading httpx-0.28.1-py3-none-any.whl.metadata (7.1 kB)
2026-10-09T13:25:28.1084696Z Collecting pydantic-settings<3,>=2.6 (from ai-novel-studio==0.7.0)
2026-10-09T13:25:28.1113394Z   Downloading pydantic_settings-2.15.0-py3-none-any.whl.metadata (3.9 kB)
2026-10-09T13:25:28.1796540Z Collecting reportlab<5,>=4.0 (from ai-novel-studio==0.7.0)
2026-10-09T13:25:28.1827059Z   Downloading reportlab-4.5.1-py3-none-any.whl.metadata (1.7 kB)
2026-10-09T13:25:28.1975168Z Collecting pypdf==6.19.0 (from ai-novel-studio==0.7.0)
2026-10-09T13:25:28.2003478Z   Downloading pypdf-6.19.0-py3-none-any.whl.metadata (7.5 kB)
2026-10-09T13:25:28.2159309Z Collecting jsonschema<5,>=4.18 (from ai-novel-studio==0.7.0)
2026-10-09T13:25:28.2188022Z   Downloading jsonschema-4.26.0-py3-none-any.whl.metadata (7.6 kB)
2026-10-09T13:25:28.2383636Z Collecting pytest<9,>=8 (from ai-novel-studio==0.7.0)
2026-10-09T13:25:28.2414206Z   Downloading pytest-8.4.2-py3-none-any.whl.metadata (7.7 kB)
2026-10-09T13:25:28.3370378Z Collecting fonttools==4.59.1 (from ai-novel-studio==0.7.0)
2026-10-09T13:25:28.3411531Z   Downloading fonttools-4.59.1-cp312-cp312-manylinux1_x86_64.manylinux2014_x86_64.manylinux_2_17_x86_64.manylinux_2_5_x86_64.whl.metadata (108 kB)
2026-10-09T13:25:28.3654178Z Collecting opentimelineio==0.18.1 (from ai-novel-studio==0.7.0)
2026-10-09T13:25:28.3695860Z   Downloading opentimelineio-0.18.1-cp312-cp312-manylinux2014_x86_64.manylinux_2_17_x86_64.whl.metadata (2.6 kB)
2026-10-09T13:25:28.5122875Z Collecting Pillow==12.3.0 (from ai-novel-studio==0.7.0)
2026-10-09T13:25:28.5154082Z   Downloading pillow-12.3.0-cp312-cp312-manylinux_2_27_x86_64.manylinux_2_28_x86_64.whl.metadata (9.1 kB)
2026-10-09T13:25:28.5342595Z Collecting starlette>=0.46.0 (from fastapi<1,>=0.115->ai-novel-studio==0.7.0)
2026-10-09T13:25:28.5371522Z   Downloading starlette-1.7.0-py3-none-any.whl.metadata (6.6 kB)
2026-10-09T13:25:28.6043924Z Collecting pydantic>=2.9.0 (from fastapi<1,>=0.115->ai-novel-studio==0.7.0)
2026-10-09T13:25:28.6074870Z   Downloading pydantic-2.13.5-py3-none-any.whl.metadata (110 kB)
2026-10-09T13:25:28.6370262Z Collecting typing-extensions>=4.8.0 (from fastapi<1,>=0.115->ai-novel-studio==0.7.0)
2026-10-09T13:25:28.6401006Z   Downloading typing_extensions-4.16.0-py3-none-any.whl.metadata (3.3 kB)
2026-10-09T13:25:28.6480961Z Collecting typing-inspection>=0.4.2 (from fastapi<1,>=0.115->ai-novel-studio==0.7.0)
2026-10-09T13:25:28.6510166Z   Downloading typing_inspection-0.4.4-py3-none-any.whl.metadata (2.6 kB)
2026-10-09T13:25:28.6588229Z Collecting annotated-doc>=0.0.2 (from fastapi<1,>=0.115->ai-novel-studio==0.7.0)
2026-10-09T13:25:28.6617615Z   Downloading annotated_doc-0.0.5-py3-none-any.whl.metadata (6.5 kB)
2026-10-09T13:25:28.6743400Z Collecting opentelemetry-api>=1.44.0 (from fastapi<1,>=0.115->ai-novel-studio==0.7.0)
2026-10-09T13:25:28.6771984Z   Downloading opentelemetry_api-1.45.0-py3-none-any.whl.metadata (1.4 kB)
2026-10-09T13:25:28.6896769Z Collecting anyio (from httpx<1,>=0.27->ai-novel-studio==0.7.0)
2026-10-09T13:25:28.6927646Z   Downloading anyio-4.15.1-py3-none-any.whl.metadata (4.7 kB)
2026-10-09T13:25:28.7044179Z Collecting certifi (from httpx<1,>=0.27->ai-novel-studio==0.7.0)
2026-10-09T13:25:28.7074095Z   Downloading certifi-2026.7.22-py3-none-any.whl.metadata (2.5 kB)
2026-10-09T13:25:28.7184898Z Collecting httpcore==1.* (from httpx<1,>=0.27->ai-novel-studio==0.7.0)
2026-10-09T13:25:28.7217284Z   Downloading httpcore-1.0.9-py3-none-any.whl.metadata (21 kB)
2026-10-09T13:25:28.7327962Z Collecting idna (from httpx<1,>=0.27->ai-novel-studio==0.7.0)
2026-10-09T13:25:28.7358269Z   Downloading idna-3.20-py3-none-any.whl.metadata (7.2 kB)
2026-10-09T13:25:28.7452403Z Collecting h11>=0.16 (from httpcore==1.*->httpx<1,>=0.27->ai-novel-studio==0.7.0)
2026-10-09T13:25:28.7481218Z   Downloading h11-0.16.0-py3-none-any.whl.metadata (8.3 kB)
2026-10-09T13:25:28.7585345Z Collecting attrs>=22.2.0 (from jsonschema<5,>=4.18->ai-novel-studio==0.7.0)
2026-10-09T13:25:28.7616386Z   Downloading attrs-26.1.0-py3-none-any.whl.metadata (8.8 kB)
2026-10-09T13:25:28.7710268Z Collecting jsonschema-specifications>=2023.03.6 (from jsonschema<5,>=4.18->ai-novel-studio==0.7.0)
2026-10-09T13:25:28.7748656Z   Downloading jsonschema_specifications-2025.9.1-py3-none-any.whl.metadata (2.9 kB)
2026-10-09T13:25:28.7894106Z Collecting referencing>=0.28.4 (from jsonschema<5,>=4.18->ai-novel-studio==0.7.0)
2026-10-09T13:25:28.7922813Z   Downloading referencing-0.37.0-py3-none-any.whl.metadata (2.8 kB)
2026-10-09T13:25:28.9691937Z Collecting rpds-py>=0.25.0 (from jsonschema<5,>=4.18->ai-novel-studio==0.7.0)
2026-10-09T13:25:28.9724789Z   Downloading rpds_py-2026.9.1-cp312-cp312-manylinux_2_17_x86_64.manylinux2014_x86_64.whl.metadata (4.1 kB)
2026-10-09T13:25:29.1001334Z Collecting psycopg-binary==3.3.6 (from psycopg[binary]<4,>=3.2->ai-novel-studio==0.7.0)
2026-10-09T13:25:29.1033319Z   Downloading psycopg_binary-3.3.6-cp312-cp312-manylinux2014_x86_64.manylinux_2_17_x86_64.whl.metadata (2.7 kB)
2026-10-09T13:25:29.1160839Z Collecting python-dotenv>=0.21.0 (from pydantic-settings<3,>=2.6->ai-novel-studio==0.7.0)
2026-10-09T13:25:29.1190083Z   Downloading python_dotenv-1.2.4-py3-none-any.whl.metadata (29 kB)
2026-10-09T13:25:29.1290733Z Collecting iniconfig>=1 (from pytest<9,>=8->ai-novel-studio==0.7.0)
2026-10-09T13:25:29.1321521Z   Downloading iniconfig-2.3.0-py3-none-any.whl.metadata (2.5 kB)
2026-10-09T13:25:29.1428728Z Collecting packaging>=20 (from pytest<9,>=8->ai-novel-studio==0.7.0)
2026-10-09T13:25:29.1466748Z   Downloading packaging-26.3-py3-none-any.whl.metadata (3.5 kB)
2026-10-09T13:25:29.1558671Z Collecting pluggy<2,>=1.5 (from pytest<9,>=8->ai-novel-studio==0.7.0)
2026-10-09T13:25:29.1586709Z   Downloading pluggy-1.6.0-py3-none-any.whl.metadata (4.8 kB)
2026-10-09T13:25:29.1709264Z Collecting pygments>=2.7.2 (from pytest<9,>=8->ai-novel-studio==0.7.0)
2026-10-09T13:25:29.1737989Z   Downloading pygments-2.21.0-py3-none-any.whl.metadata (2.5 kB)
2026-10-09T13:25:29.2579549Z Collecting charset-normalizer (from reportlab<5,>=4.0->ai-novel-studio==0.7.0)
2026-10-09T13:25:29.2614307Z   Downloading charset_normalizer-3.5.2-cp312-cp312-manylinux2014_x86_64.manylinux_2_17_x86_64.manylinux_2_28_x86_64.whl.metadata (46 kB)
2026-10-09T13:25:29.2758564Z Collecting click>=7.0 (from uvicorn<1,>=0.30->ai-novel-studio==0.7.0)
2026-10-09T13:25:29.2787153Z   Downloading click-8.5.0-py3-none-any.whl.metadata (2.6 kB)
2026-10-09T13:25:29.2910377Z Collecting annotated-types>=0.6.0 (from pydantic>=2.9.0->fastapi<1,>=0.115->ai-novel-studio==0.7.0)
2026-10-09T13:25:29.2943351Z   Downloading annotated_types-0.8.0-py3-none-any.whl.metadata (15 kB)
2026-10-09T13:25:29.8017007Z Collecting pydantic-core==2.46.5 (from pydantic>=2.9.0->fastapi<1,>=0.115->ai-novel-studio==0.7.0)
2026-10-09T13:25:29.8049338Z   Downloading pydantic_core-2.46.5-cp312-cp312-manylinux_2_17_x86_64.manylinux2014_x86_64.whl.metadata (6.6 kB)
2026-10-09T13:25:29.8219559Z Downloading fonttools-4.59.1-cp312-cp312-manylinux1_x86_64.manylinux2014_x86_64.manylinux_2_17_x86_64.manylinux_2_5_x86_64.whl (4.9 MB)
2026-10-09T13:25:29.8624273Z    ━━━━━━━━━━━━━━━━━━━━━━━━━━━━━━━━━━━━━━━━ 4.9/4.9 MB 126.4 MB/s  0:00:00
2026-10-09T13:25:29.8656166Z Downloading opentimelineio-0.18.1-cp312-cp312-manylinux2014_x86_64.manylinux_2_17_x86_64.whl (842 kB)
2026-10-09T13:25:29.8755908Z    ━━━━━━━━━━━━━━━━━━━━━━━━━━━━━━━━━━━━━━━━ 842.8/842.8 kB 110.5 MB/s  0:00:00
2026-10-09T13:25:29.8789872Z Downloading pillow-12.3.0-cp312-cp312-manylinux_2_27_x86_64.manylinux_2_28_x86_64.whl (6.9 MB)
2026-10-09T13:25:29.9305188Z    ━━━━━━━━━━━━━━━━━━━━━━━━━━━━━━━━━━━━━━━━ 6.9/6.9 MB 134.8 MB/s  0:00:00
2026-10-09T13:25:29.9336468Z Downloading pypdf-6.19.0-py3-none-any.whl (395 kB)
2026-10-09T13:25:29.9398163Z Downloading fastapi-0.142.2-py3-none-any.whl (144 kB)
2026-10-09T13:25:29.9444283Z Downloading httpx-0.28.1-py3-none-any.whl (73 kB)
2026-10-09T13:25:29.9538094Z Downloading httpcore-1.0.9-py3-none-any.whl (78 kB)
2026-10-09T13:25:29.9584114Z Downloading jsonschema-4.26.0-py3-none-any.whl (90 kB)
2026-10-09T13:25:29.9629841Z Downloading psycopg-3.3.6-py3-none-any.whl (215 kB)
2026-10-09T13:25:29.9685039Z Downloading psycopg_binary-3.3.6-cp312-cp312-manylinux2014_x86_64.manylinux_2_17_x86_64.whl (5.2 MB)
2026-10-09T13:25:30.0027997Z    ━━━━━━━━━━━━━━━━━━━━━━━━━━━━━━━━━━━━━━━━ 5.2/5.2 MB 154.0 MB/s  0:00:00
2026-10-09T13:25:30.0061112Z Downloading pydantic_settings-2.15.0-py3-none-any.whl (69 kB)
2026-10-09T13:25:30.0108590Z Downloading pytest-8.4.2-py3-none-any.whl (365 kB)
2026-10-09T13:25:30.0160754Z Downloading pluggy-1.6.0-py3-none-any.whl (20 kB)
2026-10-09T13:25:30.0204107Z Downloading reportlab-4.5.1-py3-none-any.whl (2.0 MB)
2026-10-09T13:25:30.0355299Z    ━━━━━━━━━━━━━━━━━━━━━━━━━━━━━━━━━━━━━━━━ 2.0/2.0 MB 126.6 MB/s  0:00:00
2026-10-09T13:25:30.0388054Z Downloading sqlalchemy-2.1.3-cp312-cp312-manylinux2014_x86_64.manylinux_2_17_x86_64.manylinux_2_28_x86_64.whl (4.7 MB)
2026-10-09T13:25:30.0740869Z    ━━━━━━━━━━━━━━━━━━━━━━━━━━━━━━━━━━━━━━━━ 4.7/4.7 MB 132.4 MB/s  0:00:00
2026-10-09T13:25:30.0773801Z Downloading uvicorn-0.54.0-py3-none-any.whl (87 kB)
2026-10-09T13:25:30.0820335Z Downloading annotated_doc-0.0.5-py3-none-any.whl (5.3 kB)
2026-10-09T13:25:30.0862366Z Downloading attrs-26.1.0-py3-none-any.whl (67 kB)
2026-10-09T13:25:30.0909356Z Downloading click-8.5.0-py3-none-any.whl (125 kB)
2026-10-09T13:25:30.0953778Z Downloading h11-0.16.0-py3-none-any.whl (37 kB)
2026-10-09T13:25:30.1000312Z Downloading iniconfig-2.3.0-py3-none-any.whl (7.5 kB)
2026-10-09T13:25:30.1044388Z Downloading jsonschema_specifications-2025.9.1-py3-none-any.whl (18 kB)
2026-10-09T13:25:30.1092642Z Downloading opentelemetry_api-1.45.0-py3-none-any.whl (60 kB)
2026-10-09T13:25:30.1158523Z Downloading packaging-26.3-py3-none-any.whl (129 kB)
2026-10-09T13:25:30.1204403Z Downloading pydantic-2.13.5-py3-none-any.whl (472 kB)
2026-10-09T13:25:30.1274939Z Downloading pydantic_core-2.46.5-cp312-cp312-manylinux_2_17_x86_64.manylinux2014_x86_64.whl (2.1 MB)
2026-10-09T13:25:30.1436048Z    ━━━━━━━━━━━━━━━━━━━━━━━━━━━━━━━━━━━━━━━━ 2.1/2.1 MB 125.5 MB/s  0:00:00
2026-10-09T13:25:30.1469257Z Downloading annotated_types-0.8.0-py3-none-any.whl (13 kB)
2026-10-09T13:25:30.1533680Z Downloading pygments-2.21.0-py3-none-any.whl (1.3 MB)
2026-10-09T13:25:30.1616166Z    ━━━━━━━━━━━━━━━━━━━━━━━━━━━━━━━━━━━━━━━━ 1.3/1.3 MB 147.3 MB/s  0:00:00
2026-10-09T13:25:30.1648699Z Downloading python_dotenv-1.2.4-py3-none-any.whl (23 kB)
2026-10-09T13:25:30.1692266Z Downloading referencing-0.37.0-py3-none-any.whl (26 kB)
2026-10-09T13:25:30.1739934Z Downloading rpds_py-2026.9.1-cp312-cp312-manylinux_2_17_x86_64.manylinux2014_x86_64.whl (371 kB)
2026-10-09T13:25:30.1817300Z Downloading starlette-1.7.0-py3-none-any.whl (78 kB)
2026-10-09T13:25:30.1863259Z Downloading anyio-4.15.1-py3-none-any.whl (132 kB)
2026-10-09T13:25:30.1907278Z Downloading idna-3.20-py3-none-any.whl (69 kB)
2026-10-09T13:25:30.1949364Z Downloading typing_extensions-4.16.0-py3-none-any.whl (45 kB)
2026-10-09T13:25:30.1994981Z Downloading typing_inspection-0.4.4-py3-none-any.whl (14 kB)
2026-10-09T13:25:30.2043723Z Downloading certifi-2026.7.22-py3-none-any.whl (136 kB)
2026-10-09T13:25:30.2095574Z Downloading charset_normalizer-3.5.2-cp312-cp312-manylinux2014_x86_64.manylinux_2_17_x86_64.manylinux_2_28_x86_64.whl (257 kB)
2026-10-09T13:25:30.3104704Z Building wheels for collected packages: ai-novel-studio
2026-10-09T13:25:30.3111119Z   Building editable for ai-novel-studio (pyproject.toml): started
2026-10-09T13:25:31.0943766Z   Building editable for ai-novel-studio (pyproject.toml): finished with status 'done'
2026-10-09T13:25:31.0947776Z   Created wheel for ai-novel-studio: filename=ai_novel_studio-0.7.0-0.editable-py3-none-any.whl size=3192 sha256=bf9e39b3f6a3a6f4a9ce9e97254a744ebaf883052605648e3671996b337ad094
2026-10-09T13:25:31.0949287Z   Stored in directory: /home/runner/work/_temp/novel-ci-v2-creative-browser.1BUXZk/tmp/pip-ephem-wheel-cache-j2rki8pa/wheels/92/a8/d0/d4dac66907f21648436562afa6ec2ba6fe0356ba715aecb14b
2026-10-09T13:25:31.0962136Z Successfully built ai-novel-studio
2026-10-09T13:25:31.1750475Z Installing collected packages: typing-extensions, rpds-py, python-dotenv, pypdf, pygments, psycopg-binary, pluggy, Pillow, packaging, opentimelineio, iniconfig, idna, h11, fonttools, click, charset-normalizer, certifi, attrs, annotated-types, annotated-doc, uvicorn, typing-inspection, sqlalchemy, reportlab, referencing, pytest, pydantic-core, psycopg, opentelemetry-api, httpcore, anyio, starlette, pydantic, jsonschema-specifications, httpx, pydantic-settings, jsonschema, fastapi, ai-novel-studio
2026-10-09T13:25:37.0029109Z 
2026-10-09T13:25:37.0057225Z Successfully installed Pillow-12.3.0 ai-novel-studio-0.7.0 annotated-doc-0.0.5 annotated-types-0.8.0 anyio-4.15.1 attrs-26.1.0 certifi-2026.7.22 charset-normalizer-3.5.2 click-8.5.0 fastapi-0.142.2 fonttools-4.59.1 h11-0.16.0 httpcore-1.0.9 httpx-0.28.1 idna-3.20 iniconfig-2.3.0 jsonschema-4.26.0 jsonschema-specifications-2025.9.1 opentelemetry-api-1.45.0 opentimelineio-0.18.1 packaging-26.3 pluggy-1.6.0 psycopg-3.3.6 psycopg-binary-3.3.6 pydantic-2.13.5 pydantic-core-2.46.5 pydantic-settings-2.15.0 pygments-2.21.0 pypdf-6.19.0 pytest-8.4.2 python-dotenv-1.2.4 referencing-0.37.0 reportlab-4.5.1 rpds-py-2026.9.1 sqlalchemy-2.1.3 starlette-1.7.0 typing-extensions-4.16.0 typing-inspection-0.4.4 uvicorn-0.54.0
2026-10-09T13:25:37.6671868Z No broken requirements found.
2026-10-09T13:25:38.4669218Z Get:1 file:/etc/apt/apt-mirrors.txt Mirrorlist [144 B]
2026-10-09T13:25:38.4897898Z Hit:2 http://azure.archive.ubuntu.com/ubuntu noble InRelease
2026-10-09T13:25:38.4904336Z Hit:6 https://packages.microsoft.com/ubuntu/24.04/prod noble InRelease
2026-10-09T13:25:38.4907976Z Hit:3 http://azure.archive.ubuntu.com/ubuntu noble-updates InRelease
2026-10-09T13:25:38.4925794Z Hit:4 http://azure.archive.ubuntu.com/ubuntu noble-backports InRelease
2026-10-09T13:25:38.4933576Z Hit:5 http://azure.archive.ubuntu.com/ubuntu noble-security InRelease
2026-10-09T13:25:39.5951696Z Reading package lists...
2026-10-09T13:25:39.6201659Z Reading package lists...
2026-10-09T13:25:39.7708065Z Building dependency tree...
2026-10-09T13:25:39.7713868Z Reading state information...
2026-10-09T13:25:39.8955233Z The following additional packages will be installed:
2026-10-09T13:25:39.8956168Z   libass9 libasyncns0 libavc1394-0 libavcodec60 libavdevice60 libavfilter9
2026-10-09T13:25:39.8956840Z   libavformat60 libavutil58 libblas3 libbluray2 libbs2b0 libcaca0
2026-10-09T13:25:39.8957563Z   libcdio-cdda2t64 libcdio-paranoia2t64 libcdio19t64 libchromaprint1 libcjson1
2026-10-09T13:25:39.8958291Z   libcodec2-1.2 libdav1d7 libdc1394-25 libdecor-0-0 libflac12t64 libflite1
2026-10-09T13:25:39.8958988Z   libgme0 libgsm1 libhwy1t64 libiec61883-0 libjack-jackd2-0 libjxl0.7
2026-10-09T13:25:39.8959653Z   liblapack3 liblilv-0-0 libmbedcrypto7t64 libmp3lame0 libmpg123-0t64
2026-10-09T13:25:39.8960363Z   libmysofa1 libopenal-data libopenal1 libopenmpt0t64 libopus0 libplacebo338
2026-10-09T13:25:39.8961110Z   libpocketsphinx3 libpostproc57 libpulse0 librav1e0 libraw1394-11 librist4
2026-10-09T13:25:39.8961876Z   librsvg2-2 librubberband2 libsamplerate0 libsdl2-2.0-0 libserd-0-0 libshine3
2026-10-09T13:25:39.8962711Z   libsndfile1 libsndio7.0 libsord-0-0 libsoxr0 libspeex1 libsphinxbase3t64
2026-10-09T13:25:39.8963365Z   libsratom-0-0 libsrt1.5-gnutls libssh-gcrypt-4 libsvtav1enc1d1
2026-10-09T13:25:39.8964067Z   libswresample4 libswscale7 libtheora0 libtwolame0 libudfread0 libunibreak5
2026-10-09T13:25:39.8964806Z   libva-drm2 libva-x11-2 libva2 libvdpau1 libvidstab1.1 libvorbisenc2 libvpl2
2026-10-09T13:25:39.8965452Z   libvpx9 libx264-164 libx265-199 libxcb-shape0 libxv1 libxvidcore4 libzimg2
2026-10-09T13:25:39.8966122Z   libzix-0-0 libzvbi-common libzvbi0t64 ocl-icd-libopencl1
2026-10-09T13:25:39.8966536Z Suggested packages:
2026-10-09T13:25:39.8967006Z   ffmpeg-doc libcuda1 libnvcuvid1 libnvidia-encode1 libbluray-bdj jackd2
2026-10-09T13:25:39.8967686Z   libportaudio2 opus-tools pulseaudio libraw1394-doc librsvg2-bin serdi sndiod
2026-10-09T13:25:39.8968174Z   sordi speex opencl-icd
2026-10-09T13:25:39.8968488Z Recommended packages:
2026-10-09T13:25:39.8968935Z   libaacs0 default-libdecor-0-plugin-1 | libdecor-0-plugin-1
2026-10-09T13:25:39.8969511Z   pocketsphinx-en-us librsvg2-common va-driver-all | va-driver
2026-10-09T13:25:39.8969973Z   vdpau-driver-all | vdpau-driver
2026-10-09T13:25:39.9353775Z The following NEW packages will be installed:
2026-10-09T13:25:39.9354488Z   ffmpeg libass9 libasyncns0 libavc1394-0 libavcodec60 libavdevice60
2026-10-09T13:25:39.9355351Z   libavfilter9 libavformat60 libavutil58 libblas3 libbluray2 libbs2b0 libcaca0
2026-10-09T13:25:39.9356768Z   libcdio-cdda2t64 libcdio-paranoia2t64 libcdio19t64 libchromaprint1 libcjson1
2026-10-09T13:25:39.9357575Z   libcodec2-1.2 libdav1d7 libdc1394-25 libdecor-0-0 libflac12t64 libflite1
2026-10-09T13:25:39.9358297Z   libgme0 libgsm1 libhwy1t64 libiec61883-0 libjack-jackd2-0 libjxl0.7
2026-10-09T13:25:39.9359015Z   liblapack3 liblilv-0-0 libmbedcrypto7t64 libmp3lame0 libmpg123-0t64
2026-10-09T13:25:39.9359797Z   libmysofa1 libopenal-data libopenal1 libopenmpt0t64 libopus0 libplacebo338
2026-10-09T13:25:39.9360633Z   libpocketsphinx3 libpostproc57 libpulse0 librav1e0 libraw1394-11 librist4
2026-10-09T13:25:39.9361426Z   librsvg2-2 librubberband2 libsamplerate0 libsdl2-2.0-0 libserd-0-0 libshine3
2026-10-09T13:25:39.9362226Z   libsndfile1 libsndio7.0 libsord-0-0 libsoxr0 libspeex1 libsphinxbase3t64
2026-10-09T13:25:39.9362954Z   libsratom-0-0 libsrt1.5-gnutls libssh-gcrypt-4 libsvtav1enc1d1
2026-10-09T13:25:39.9363710Z   libswresample4 libswscale7 libtheora0 libtwolame0 libudfread0 libunibreak5
2026-10-09T13:25:39.9364574Z   libva-drm2 libva-x11-2 libva2 libvdpau1 libvidstab1.1 libvorbisenc2 libvpl2
2026-10-09T13:25:39.9365353Z   libvpx9 libx264-164 libx265-199 libxcb-shape0 libxv1 libxvidcore4 libzimg2
2026-10-09T13:25:39.9366162Z   libzix-0-0 libzvbi-common libzvbi0t64 ocl-icd-libopencl1
2026-10-09T13:25:39.9526306Z 0 upgraded, 87 newly installed, 0 to remove and 22 not upgraded.
2026-10-09T13:25:39.9526683Z Need to get 62.8 MB of archives.
2026-10-09T13:25:39.9527116Z After this operation, 173 MB of additional disk space will be used.
2026-10-09T13:25:39.9527725Z Get:1 file:/etc/apt/apt-mirrors.txt Mirrorlist [144 B]
2026-10-09T13:25:40.0320743Z Get:2 http://azure.archive.ubuntu.com/ubuntu noble-updates/universe amd64 libva2 amd64 2.20.0-2ubuntu0.2 [66.4 kB]
2026-10-09T13:25:40.0979858Z Get:3 http://azure.archive.ubuntu.com/ubuntu noble-updates/universe amd64 libva-drm2 amd64 2.20.0-2ubuntu0.2 [7124 B]
2026-10-09T13:25:40.1623774Z Get:4 http://azure.archive.ubuntu.com/ubuntu noble-updates/universe amd64 libva-x11-2 amd64 2.20.0-2ubuntu0.2 [12.0 kB]
2026-10-09T13:25:40.2267804Z Get:5 http://azure.archive.ubuntu.com/ubuntu noble/main amd64 libvdpau1 amd64 1.5-2build1 [27.8 kB]
2026-10-09T13:25:40.2912972Z Get:6 http://azure.archive.ubuntu.com/ubuntu noble/universe amd64 libvpl2 amd64 2023.3.0-1build1 [99.8 kB]
2026-10-09T13:25:40.3571396Z Get:7 http://azure.archive.ubuntu.com/ubuntu noble/universe amd64 ocl-icd-libopencl1 amd64 2.3.2-1build1 [38.5 kB]
2026-10-09T13:25:40.4219215Z Get:8 http://azure.archive.ubuntu.com/ubuntu noble/universe amd64 libavutil58 amd64 7:6.1.1-3ubuntu5 [401 kB]
2026-10-09T13:25:40.4939738Z Get:9 http://azure.archive.ubuntu.com/ubuntu noble/universe amd64 libcodec2-1.2 amd64 1.2.0-2build1 [8998 kB]
2026-10-09T13:25:40.7422684Z Get:10 http://azure.archive.ubuntu.com/ubuntu noble/universe amd64 libdav1d7 amd64 1.4.1-1build1 [604 kB]
2026-10-09T13:25:40.8183096Z Get:11 http://azure.archive.ubuntu.com/ubuntu noble/universe amd64 libgsm1 amd64 1.0.22-1build1 [27.8 kB]
2026-10-09T13:25:40.8829553Z Get:12 http://azure.archive.ubuntu.com/ubuntu noble/universe amd64 libhwy1t64 amd64 1.0.7-8.1build1 [584 kB]
2026-10-09T13:25:40.9590419Z Get:13 http://azure.archive.ubuntu.com/ubuntu noble-updates/universe amd64 libjxl0.7 amd64 0.7.0-10.2ubuntu6.1 [1001 kB]
2026-10-09T13:25:41.0430219Z Get:14 http://azure.archive.ubuntu.com/ubuntu noble/main amd64 libmp3lame0 amd64 3.100-6build1 [142 kB]
2026-10-09T13:25:41.1099711Z Get:15 http://azure.archive.ubuntu.com/ubuntu noble/main amd64 libopus0 amd64 1.4-1build1 [208 kB]
2026-10-09T13:25:41.1877369Z Get:16 http://azure.archive.ubuntu.com/ubuntu noble/universe amd64 librav1e0 amd64 0.7.1-2 [1022 kB]
2026-10-09T13:25:41.3592796Z Get:17 http://azure.archive.ubuntu.com/ubuntu noble-updates/main amd64 librsvg2-2 amd64 2.58.0+dfsg-1ubuntu0.1 [2141 kB]
2026-10-09T13:25:41.4704208Z Get:18 http://azure.archive.ubuntu.com/ubuntu noble/universe amd64 libshine3 amd64 3.1.1-2build1 [23.2 kB]
2026-10-09T13:25:41.5358823Z Get:19 http://azure.archive.ubuntu.com/ubuntu noble-updates/main amd64 libspeex1 amd64 1.2.1-2ubuntu2.24.04.1 [59.6 kB]
2026-10-09T13:25:41.6037534Z Get:20 http://azure.archive.ubuntu.com/ubuntu noble/universe amd64 libsvtav1enc1d1 amd64 1.7.0+dfsg-2build1 [2425 kB]
2026-10-09T13:25:41.7172019Z Get:21 http://azure.archive.ubuntu.com/ubuntu noble/universe amd64 libsoxr0 amd64 0.1.3-4build3 [80.0 kB]
2026-10-09T13:25:41.7822402Z Get:22 http://azure.archive.ubuntu.com/ubuntu noble/universe amd64 libswresample4 amd64 7:6.1.1-3ubuntu5 [63.8 kB]
2026-10-09T13:25:41.8474230Z Get:23 http://azure.archive.ubuntu.com/ubuntu noble/main amd64 libtheora0 amd64 1.1.1+dfsg.1-16.1build3 [211 kB]
2026-10-09T13:25:41.9153460Z Get:24 http://azure.archive.ubuntu.com/ubuntu noble/main amd64 libtwolame0 amd64 0.4.0-2build3 [52.3 kB]
2026-10-09T13:25:41.9802328Z Get:25 http://azure.archive.ubuntu.com/ubuntu noble/main amd64 libvorbisenc2 amd64 1.3.7-1build3 [80.8 kB]
2026-10-09T13:25:42.0453586Z Get:26 http://azure.archive.ubuntu.com/ubuntu noble-updates/main amd64 libvpx9 amd64 1.14.0-1ubuntu2.3 [1143 kB]
2026-10-09T13:25:42.1947280Z Get:27 http://azure.archive.ubuntu.com/ubuntu noble/universe amd64 libx264-164 amd64 2:0.164.3108+git31e19f9-1 [604 kB]
2026-10-09T13:25:42.6342803Z Get:28 http://azure.archive.ubuntu.com/ubuntu noble/universe amd64 libx265-199 amd64 3.5-2build1 [1226 kB]
2026-10-09T13:25:42.8178621Z Get:29 http://azure.archive.ubuntu.com/ubuntu noble/universe amd64 libxvidcore4 amd64 2:1.3.7-1build1 [219 kB]
2026-10-09T13:25:42.8896672Z Get:30 http://azure.archive.ubuntu.com/ubuntu noble/universe amd64 libzvbi-common all 0.2.42-2 [42.4 kB]
2026-10-09T13:25:42.9586470Z Get:31 http://azure.archive.ubuntu.com/ubuntu noble/universe amd64 libzvbi0t64 amd64 0.2.42-2 [261 kB]
2026-10-09T13:25:43.0307583Z Get:32 http://azure.archive.ubuntu.com/ubuntu noble/universe amd64 libavcodec60 amd64 7:6.1.1-3ubuntu5 [5851 kB]
2026-10-09T13:25:43.2502083Z Get:33 http://azure.archive.ubuntu.com/ubuntu noble/main amd64 libraw1394-11 amd64 2.1.2-2build3 [26.2 kB]
2026-10-09T13:25:43.3143028Z Get:34 http://azure.archive.ubuntu.com/ubuntu noble/main amd64 libavc1394-0 amd64 0.5.4-5build3 [15.4 kB]
2026-10-09T13:25:43.3783550Z Get:35 http://azure.archive.ubuntu.com/ubuntu noble/universe amd64 libunibreak5 amd64 5.1-2build1 [25.0 kB]
2026-10-09T13:25:43.4426462Z Get:36 http://azure.archive.ubuntu.com/ubuntu noble/universe amd64 libass9 amd64 1:0.17.1-2build1 [104 kB]
2026-10-09T13:25:43.5073028Z Get:37 http://azure.archive.ubuntu.com/ubuntu noble/universe amd64 libudfread0 amd64 1.1.2-1build1 [19.0 kB]
2026-10-09T13:25:43.5740960Z Get:38 http://azure.archive.ubuntu.com/ubuntu noble/universe amd64 libbluray2 amd64 1:1.3.4-1build1 [159 kB]
2026-10-09T13:25:43.6393521Z Get:39 http://azure.archive.ubuntu.com/ubuntu noble/universe amd64 libchromaprint1 amd64 1.5.1-5 [30.5 kB]
2026-10-09T13:25:43.7035232Z Get:40 http://azure.archive.ubuntu.com/ubuntu noble/universe amd64 libgme0 amd64 0.6.3-7build1 [134 kB]
2026-10-09T13:25:43.7686023Z Get:41 http://azure.archive.ubuntu.com/ubuntu noble-updates/main amd64 libmpg123-0t64 amd64 1.32.5-1ubuntu1.1 [169 kB]
2026-10-09T13:25:43.8338682Z Get:42 http://azure.archive.ubuntu.com/ubuntu noble/universe amd64 libopenmpt0t64 amd64 0.7.3-1.1build3 [647 kB]
2026-10-09T13:25:43.9021103Z Get:43 http://azure.archive.ubuntu.com/ubuntu noble/universe amd64 libcjson1 amd64 1.7.17-1 [24.8 kB]
2026-10-09T13:25:43.9664922Z Get:44 http://azure.archive.ubuntu.com/ubuntu noble/universe amd64 libmbedcrypto7t64 amd64 2.28.8-1 [209 kB]
2026-10-09T13:25:44.0316886Z Get:45 http://azure.archive.ubuntu.com/ubuntu noble/universe amd64 librist4 amd64 0.2.10+dfsg-2 [74.9 kB]
2026-10-09T13:25:44.0964689Z Get:46 http://azure.archive.ubuntu.com/ubuntu noble/universe amd64 libsrt1.5-gnutls amd64 1.5.3-1build2 [316 kB]
2026-10-09T13:25:44.1660326Z Get:47 http://azure.archive.ubuntu.com/ubuntu noble-updates/main amd64 libssh-gcrypt-4 amd64 0.10.6-2ubuntu0.5 [226 kB]
2026-10-09T13:25:44.2311001Z Get:48 http://azure.archive.ubuntu.com/ubuntu noble/universe amd64 libavformat60 amd64 7:6.1.1-3ubuntu5 [1153 kB]
2026-10-09T13:25:44.3030760Z Get:49 http://azure.archive.ubuntu.com/ubuntu noble/universe amd64 libbs2b0 amd64 3.1.0+dfsg-7build1 [10.6 kB]
2026-10-09T13:25:44.3672044Z Get:50 http://azure.archive.ubuntu.com/ubuntu noble/universe amd64 libflite1 amd64 2.2-6build3 [13.6 MB]
2026-10-09T13:25:44.6954369Z Get:51 http://azure.archive.ubuntu.com/ubuntu noble/universe amd64 libserd-0-0 amd64 0.32.2-1 [43.6 kB]
2026-10-09T13:25:44.7598281Z Get:52 http://azure.archive.ubuntu.com/ubuntu noble/universe amd64 libzix-0-0 amd64 0.4.2-2build1 [23.6 kB]
2026-10-09T13:25:44.8241574Z Get:53 http://azure.archive.ubuntu.com/ubuntu noble/universe amd64 libsord-0-0 amd64 0.16.16-2build1 [15.8 kB]
2026-10-09T13:25:44.8882133Z Get:54 http://azure.archive.ubuntu.com/ubuntu noble/universe amd64 libsratom-0-0 amd64 0.6.16-1build1 [17.3 kB]
2026-10-09T13:25:44.9530106Z Get:55 http://azure.archive.ubuntu.com/ubuntu noble/universe amd64 liblilv-0-0 amd64 0.24.22-1build1 [41.0 kB]
2026-10-09T13:25:45.0245276Z Get:56 http://azure.archive.ubuntu.com/ubuntu noble/universe amd64 libmysofa1 amd64 1.3.2+dfsg-2ubuntu2 [1158 kB]
2026-10-09T13:25:45.1043191Z Get:57 http://azure.archive.ubuntu.com/ubuntu noble/universe amd64 libplacebo338 amd64 6.338.2-2build1 [2654 kB]
2026-10-09T13:25:45.2391244Z Get:58 http://azure.archive.ubuntu.com/ubuntu noble-updates/main amd64 libblas3 amd64 3.12.0-3build1.1 [238 kB]
2026-10-09T13:25:45.3068865Z Get:59 http://azure.archive.ubuntu.com/ubuntu noble-updates/main amd64 liblapack3 amd64 3.12.0-3build1.1 [2646 kB]
2026-10-09T13:25:45.4240873Z Get:60 http://azure.archive.ubuntu.com/ubuntu noble/main amd64 libasyncns0 amd64 0.8-6build4 [11.3 kB]
2026-10-09T13:25:45.4886296Z Get:61 http://azure.archive.ubuntu.com/ubuntu noble/main amd64 libflac12t64 amd64 1.4.3+ds-2.1ubuntu2 [197 kB]
2026-10-09T13:25:45.5556909Z Get:62 http://azure.archive.ubuntu.com/ubuntu noble-updates/main amd64 libsndfile1 amd64 1.2.2-1ubuntu5.24.04.1 [209 kB]
2026-10-09T13:25:45.6238668Z Get:63 http://azure.archive.ubuntu.com/ubuntu noble-updates/main amd64 libpulse0 amd64 1:16.1+dfsg1-2ubuntu10.1 [292 kB]
2026-10-09T13:25:45.6933601Z Get:64 http://azure.archive.ubuntu.com/ubuntu noble/universe amd64 libsphinxbase3t64 amd64 0.8+5prealpha+1-17build2 [126 kB]
2026-10-09T13:25:45.7595394Z Get:65 http://azure.archive.ubuntu.com/ubuntu noble/universe amd64 libpocketsphinx3 amd64 0.8.0+real5prealpha+1-15ubuntu5 [133 kB]
2026-10-09T13:25:45.8258227Z Get:66 http://azure.archive.ubuntu.com/ubuntu noble/universe amd64 libpostproc57 amd64 7:6.1.1-3ubuntu5 [49.9 kB]
2026-10-09T13:25:45.8904362Z Get:67 http://azure.archive.ubuntu.com/ubuntu noble/main amd64 libsamplerate0 amd64 0.2.2-4build1 [1344 kB]
2026-10-09T13:25:45.9816282Z Get:68 http://azure.archive.ubuntu.com/ubuntu noble/universe amd64 librubberband2 amd64 3.3.0+dfsg-2build1 [130 kB]
2026-10-09T13:25:46.0478804Z Get:69 http://azure.archive.ubuntu.com/ubuntu noble/universe amd64 libswscale7 amd64 7:6.1.1-3ubuntu5 [193 kB]
2026-10-09T13:25:46.1174198Z Get:70 http://azure.archive.ubuntu.com/ubuntu noble/universe amd64 libvidstab1.1 amd64 1.1.0-2build1 [38.5 kB]
2026-10-09T13:25:46.1816690Z Get:71 http://azure.archive.ubuntu.com/ubuntu noble/universe amd64 libzimg2 amd64 3.0.5+ds1-1build1 [254 kB]
2026-10-09T13:25:46.2507410Z Get:72 http://azure.archive.ubuntu.com/ubuntu noble/universe amd64 libavfilter9 amd64 7:6.1.1-3ubuntu5 [4235 kB]
2026-10-09T13:25:46.4027806Z Get:73 http://azure.archive.ubuntu.com/ubuntu noble-updates/main amd64 libcaca0 amd64 0.99.beta20-4ubuntu0.2 [209 kB]
2026-10-09T13:25:46.4700819Z Get:74 http://azure.archive.ubuntu.com/ubuntu noble-updates/main amd64 libcdio19t64 amd64 2.1.0-4.1ubuntu1.2 [62.4 kB]
2026-10-09T13:25:46.5349205Z Get:75 http://azure.archive.ubuntu.com/ubuntu noble/main amd64 libcdio-cdda2t64 amd64 10.2+2.0.1-1.1build2 [16.5 kB]
2026-10-09T13:25:46.5996211Z Get:76 http://azure.archive.ubuntu.com/ubuntu noble/main amd64 libcdio-paranoia2t64 amd64 10.2+2.0.1-1.1build2 [16.6 kB]
2026-10-09T13:25:46.6652433Z Get:77 http://azure.archive.ubuntu.com/ubuntu noble/universe amd64 libdc1394-25 amd64 2.2.6-4build1 [90.1 kB]
2026-10-09T13:25:46.7436322Z Get:78 http://azure.archive.ubuntu.com/ubuntu noble/main amd64 libiec61883-0 amd64 1.2.0-6build1 [24.5 kB]
2026-10-09T13:25:46.8238170Z Get:79 http://azure.archive.ubuntu.com/ubuntu noble/main amd64 libjack-jackd2-0 amd64 1.9.21~dfsg-3ubuntu3 [289 kB]
2026-10-09T13:25:46.8930500Z Get:80 http://azure.archive.ubuntu.com/ubuntu noble/universe amd64 libopenal-data all 1:1.23.1-4build1 [161 kB]
2026-10-09T13:25:46.9602752Z Get:81 http://azure.archive.ubuntu.com/ubuntu noble/universe amd64 libsndio7.0 amd64 1.9.0-0.3build3 [29.6 kB]
2026-10-09T13:25:47.0247102Z Get:82 http://azure.archive.ubuntu.com/ubuntu noble/universe amd64 libopenal1 amd64 1:1.23.1-4build1 [540 kB]
2026-10-09T13:25:47.0992283Z Get:83 http://azure.archive.ubuntu.com/ubuntu noble/main amd64 libdecor-0-0 amd64 0.2.2-1build2 [16.5 kB]
2026-10-09T13:25:47.1634867Z Get:84 http://azure.archive.ubuntu.com/ubuntu noble-updates/main amd64 libsdl2-2.0-0 amd64 2.30.0+dfsg-1ubuntu3.1 [686 kB]
2026-10-09T13:25:47.2413517Z Get:85 http://azure.archive.ubuntu.com/ubuntu noble/main amd64 libxcb-shape0 amd64 1.15-1ubuntu2 [6100 B]
2026-10-09T13:25:47.3054776Z Get:86 http://azure.archive.ubuntu.com/ubuntu noble/main amd64 libxv1 amd64 2:1.0.11-1.1build1 [10.7 kB]
2026-10-09T13:25:47.3711859Z Get:87 http://azure.archive.ubuntu.com/ubuntu noble/universe amd64 libavdevice60 amd64 7:6.1.1-3ubuntu5 [82.3 kB]
2026-10-09T13:25:47.4833707Z Get:88 http://azure.archive.ubuntu.com/ubuntu noble/universe amd64 ffmpeg amd64 7:6.1.1-3ubuntu5 [1879 kB]
2026-10-09T13:25:47.7711922Z Fetched 62.8 MB in 8s (8293 kB/s)
2026-10-09T13:25:47.7902739Z Selecting previously unselected package libva2:amd64.
2026-10-09T13:25:47.7955004Z (Reading database ... 
2026-10-09T13:25:47.7955327Z (Reading database ... 5%
2026-10-09T13:25:47.7955656Z (Reading database ... 10%
2026-10-09T13:25:47.7956079Z (Reading database ... 15%
2026-10-09T13:25:47.7956372Z (Reading database ... 20%
2026-10-09T13:25:47.7956725Z (Reading database ... 25%
2026-10-09T13:25:47.7957148Z (Reading database ... 30%
2026-10-09T13:25:47.7957888Z (Reading database ... 35%
2026-10-09T13:25:47.7958188Z (Reading database ... 40%
2026-10-09T13:25:47.7958495Z (Reading database ... 45%
2026-10-09T13:25:47.7958791Z (Reading database ... 50%
2026-10-09T13:25:47.7974841Z (Reading database ... 55%
2026-10-09T13:25:47.8064874Z (Reading database ... 60%
2026-10-09T13:25:47.8089644Z (Reading database ... 65%
2026-10-09T13:25:47.8107785Z (Reading database ... 70%
2026-10-09T13:25:47.8139410Z (Reading database ... 75%
2026-10-09T13:25:47.8161251Z (Reading database ... 80%
2026-10-09T13:25:47.8280221Z (Reading database ... 85%
2026-10-09T13:25:47.8343558Z (Reading database ... 90%
2026-10-09T13:25:47.8526288Z (Reading database ... 95%
2026-10-09T13:25:47.8526635Z (Reading database ... 100%
2026-10-09T13:25:47.8527155Z (Reading database ... 203458 files and directories currently installed.)
2026-10-09T13:25:47.8562012Z Preparing to unpack .../00-libva2_2.20.0-2ubuntu0.2_amd64.deb ...
2026-10-09T13:25:47.8575386Z Unpacking libva2:amd64 (2.20.0-2ubuntu0.2) ...
2026-10-09T13:25:47.8754415Z Selecting previously unselected package libva-drm2:amd64.
2026-10-09T13:25:47.8855914Z Preparing to unpack .../01-libva-drm2_2.20.0-2ubuntu0.2_amd64.deb ...
2026-10-09T13:25:47.8860903Z Unpacking libva-drm2:amd64 (2.20.0-2ubuntu0.2) ...
2026-10-09T13:25:47.9024818Z Selecting previously unselected package libva-x11-2:amd64.
2026-10-09T13:25:47.9126974Z Preparing to unpack .../02-libva-x11-2_2.20.0-2ubuntu0.2_amd64.deb ...
2026-10-09T13:25:47.9133032Z Unpacking libva-x11-2:amd64 (2.20.0-2ubuntu0.2) ...
2026-10-09T13:25:47.9303053Z Selecting previously unselected package libvdpau1:amd64.
2026-10-09T13:25:47.9406456Z Preparing to unpack .../03-libvdpau1_1.5-2build1_amd64.deb ...
2026-10-09T13:25:47.9413219Z Unpacking libvdpau1:amd64 (1.5-2build1) ...
2026-10-09T13:25:47.9583766Z Selecting previously unselected package libvpl2.
2026-10-09T13:25:47.9686978Z Preparing to unpack .../04-libvpl2_2023.3.0-1build1_amd64.deb ...
2026-10-09T13:25:47.9693253Z Unpacking libvpl2 (2023.3.0-1build1) ...
2026-10-09T13:25:47.9869337Z Selecting previously unselected package ocl-icd-libopencl1:amd64.
2026-10-09T13:25:47.9973027Z Preparing to unpack .../05-ocl-icd-libopencl1_2.3.2-1build1_amd64.deb ...
2026-10-09T13:25:47.9979773Z Unpacking ocl-icd-libopencl1:amd64 (2.3.2-1build1) ...
2026-10-09T13:25:48.0171584Z Selecting previously unselected package libavutil58:amd64.
2026-10-09T13:25:48.0275046Z Preparing to unpack .../06-libavutil58_7%3a6.1.1-3ubuntu5_amd64.deb ...
2026-10-09T13:25:48.0281483Z Unpacking libavutil58:amd64 (7:6.1.1-3ubuntu5) ...
2026-10-09T13:25:48.0534192Z Selecting previously unselected package libcodec2-1.2:amd64.
2026-10-09T13:25:48.0639500Z Preparing to unpack .../07-libcodec2-1.2_1.2.0-2build1_amd64.deb ...
2026-10-09T13:25:48.0646131Z Unpacking libcodec2-1.2:amd64 (1.2.0-2build1) ...
2026-10-09T13:25:48.1979311Z Selecting previously unselected package libdav1d7:amd64.
2026-10-09T13:25:48.2088699Z Preparing to unpack .../08-libdav1d7_1.4.1-1build1_amd64.deb ...
2026-10-09T13:25:48.2095153Z Unpacking libdav1d7:amd64 (1.4.1-1build1) ...
2026-10-09T13:25:48.2370396Z Selecting previously unselected package libgsm1:amd64.
2026-10-09T13:25:48.2476758Z Preparing to unpack .../09-libgsm1_1.0.22-1build1_amd64.deb ...
2026-10-09T13:25:48.2482600Z Unpacking libgsm1:amd64 (1.0.22-1build1) ...
2026-10-09T13:25:48.2648808Z Selecting previously unselected package libhwy1t64:amd64.
2026-10-09T13:25:48.2758005Z Preparing to unpack .../10-libhwy1t64_1.0.7-8.1build1_amd64.deb ...
2026-10-09T13:25:48.2765796Z Unpacking libhwy1t64:amd64 (1.0.7-8.1build1) ...
2026-10-09T13:25:48.3157325Z Selecting previously unselected package libjxl0.7:amd64.
2026-10-09T13:25:48.3269820Z Preparing to unpack .../11-libjxl0.7_0.7.0-10.2ubuntu6.1_amd64.deb ...
2026-10-09T13:25:48.3276465Z Unpacking libjxl0.7:amd64 (0.7.0-10.2ubuntu6.1) ...
2026-10-09T13:25:48.3696414Z Selecting previously unselected package libmp3lame0:amd64.
2026-10-09T13:25:48.3807566Z Preparing to unpack .../12-libmp3lame0_3.100-6build1_amd64.deb ...
2026-10-09T13:25:48.3814467Z Unpacking libmp3lame0:amd64 (3.100-6build1) ...
2026-10-09T13:25:48.3994423Z Selecting previously unselected package libopus0:amd64.
2026-10-09T13:25:48.4100479Z Preparing to unpack .../13-libopus0_1.4-1build1_amd64.deb ...
2026-10-09T13:25:48.4106864Z Unpacking libopus0:amd64 (1.4-1build1) ...
2026-10-09T13:25:48.4283166Z Selecting previously unselected package librav1e0:amd64.
2026-10-09T13:25:48.4386311Z Preparing to unpack .../14-librav1e0_0.7.1-2_amd64.deb ...
2026-10-09T13:25:48.4393375Z Unpacking librav1e0:amd64 (0.7.1-2) ...
2026-10-09T13:25:48.4777271Z Selecting previously unselected package librsvg2-2:amd64.
2026-10-09T13:25:48.4882978Z Preparing to unpack .../15-librsvg2-2_2.58.0+dfsg-1ubuntu0.1_amd64.deb ...
2026-10-09T13:25:48.4889413Z Unpacking librsvg2-2:amd64 (2.58.0+dfsg-1ubuntu0.1) ...
2026-10-09T13:25:48.5520230Z Selecting previously unselected package libshine3:amd64.
2026-10-09T13:25:48.5630485Z Preparing to unpack .../16-libshine3_3.1.1-2build1_amd64.deb ...
2026-10-09T13:25:48.5636924Z Unpacking libshine3:amd64 (3.1.1-2build1) ...
2026-10-09T13:25:48.5799033Z Selecting previously unselected package libspeex1:amd64.
2026-10-09T13:25:48.5902427Z Preparing to unpack .../17-libspeex1_1.2.1-2ubuntu2.24.04.1_amd64.deb ...
2026-10-09T13:25:48.5908236Z Unpacking libspeex1:amd64 (1.2.1-2ubuntu2.24.04.1) ...
2026-10-09T13:25:48.6072970Z Selecting previously unselected package libsvtav1enc1d1:amd64.
2026-10-09T13:25:48.6171348Z Preparing to unpack .../18-libsvtav1enc1d1_1.7.0+dfsg-2build1_amd64.deb ...
2026-10-09T13:25:48.6177378Z Unpacking libsvtav1enc1d1:amd64 (1.7.0+dfsg-2build1) ...
2026-10-09T13:25:48.6899265Z Selecting previously unselected package libsoxr0:amd64.
2026-10-09T13:25:48.7007521Z Preparing to unpack .../19-libsoxr0_0.1.3-4build3_amd64.deb ...
2026-10-09T13:25:48.7014220Z Unpacking libsoxr0:amd64 (0.1.3-4build3) ...
2026-10-09T13:25:48.7183242Z Selecting previously unselected package libswresample4:amd64.
2026-10-09T13:25:48.7287652Z Preparing to unpack .../20-libswresample4_7%3a6.1.1-3ubuntu5_amd64.deb ...
2026-10-09T13:25:48.7292957Z Unpacking libswresample4:amd64 (7:6.1.1-3ubuntu5) ...
2026-10-09T13:25:48.7462250Z Selecting previously unselected package libtheora0:amd64.
2026-10-09T13:25:48.7565256Z Preparing to unpack .../21-libtheora0_1.1.1+dfsg.1-16.1build3_amd64.deb ...
2026-10-09T13:25:48.7570753Z Unpacking libtheora0:amd64 (1.1.1+dfsg.1-16.1build3) ...
2026-10-09T13:25:48.7754091Z Selecting previously unselected package libtwolame0:amd64.
2026-10-09T13:25:48.7861780Z Preparing to unpack .../22-libtwolame0_0.4.0-2build3_amd64.deb ...
2026-10-09T13:25:48.7867610Z Unpacking libtwolame0:amd64 (0.4.0-2build3) ...
2026-10-09T13:25:48.8034318Z Selecting previously unselected package libvorbisenc2:amd64.
2026-10-09T13:25:48.8138032Z Preparing to unpack .../23-libvorbisenc2_1.3.7-1build3_amd64.deb ...
2026-10-09T13:25:48.8143307Z Unpacking libvorbisenc2:amd64 (1.3.7-1build3) ...
2026-10-09T13:25:48.8329648Z Selecting previously unselected package libvpx9:amd64.
2026-10-09T13:25:48.8433501Z Preparing to unpack .../24-libvpx9_1.14.0-1ubuntu2.3_amd64.deb ...
2026-10-09T13:25:48.8439417Z Unpacking libvpx9:amd64 (1.14.0-1ubuntu2.3) ...
2026-10-09T13:25:48.8832807Z Selecting previously unselected package libx264-164:amd64.
2026-10-09T13:25:48.8937900Z Preparing to unpack .../25-libx264-164_2%3a0.164.3108+git31e19f9-1_amd64.deb ...
2026-10-09T13:25:48.8944631Z Unpacking libx264-164:amd64 (2:0.164.3108+git31e19f9-1) ...
2026-10-09T13:25:48.9239093Z Selecting previously unselected package libx265-199:amd64.
2026-10-09T13:25:48.9341127Z Preparing to unpack .../26-libx265-199_3.5-2build1_amd64.deb ...
2026-10-09T13:25:48.9347447Z Unpacking libx265-199:amd64 (3.5-2build1) ...
2026-10-09T13:25:49.0536162Z Selecting previously unselected package libxvidcore4:amd64.
2026-10-09T13:25:49.0646640Z Preparing to unpack .../27-libxvidcore4_2%3a1.3.7-1build1_amd64.deb ...
2026-10-09T13:25:49.0652673Z Unpacking libxvidcore4:amd64 (2:1.3.7-1build1) ...
2026-10-09T13:25:49.0843804Z Selecting previously unselected package libzvbi-common.
2026-10-09T13:25:49.0950752Z Preparing to unpack .../28-libzvbi-common_0.2.42-2_all.deb ...
2026-10-09T13:25:49.0956418Z Unpacking libzvbi-common (0.2.42-2) ...
2026-10-09T13:25:49.1463556Z Selecting previously unselected package libzvbi0t64:amd64.
2026-10-09T13:25:49.1567628Z Preparing to unpack .../29-libzvbi0t64_0.2.42-2_amd64.deb ...
2026-10-09T13:25:49.1573823Z Unpacking libzvbi0t64:amd64 (0.2.42-2) ...
2026-10-09T13:25:49.1778106Z Selecting previously unselected package libavcodec60:amd64.
2026-10-09T13:25:49.1882932Z Preparing to unpack .../30-libavcodec60_7%3a6.1.1-3ubuntu5_amd64.deb ...
2026-10-09T13:25:49.1888612Z Unpacking libavcodec60:amd64 (7:6.1.1-3ubuntu5) ...
2026-10-09T13:25:49.3257983Z Selecting previously unselected package libraw1394-11:amd64.
2026-10-09T13:25:49.3367479Z Preparing to unpack .../31-libraw1394-11_2.1.2-2build3_amd64.deb ...
2026-10-09T13:25:49.3373169Z Unpacking libraw1394-11:amd64 (2.1.2-2build3) ...
2026-10-09T13:25:49.7487480Z Selecting previously unselected package libavc1394-0:amd64.
2026-10-09T13:25:49.7607664Z Preparing to unpack .../32-libavc1394-0_0.5.4-5build3_amd64.deb ...
2026-10-09T13:25:49.8482921Z Unpacking libavc1394-0:amd64 (0.5.4-5build3) ...
2026-10-09T13:25:50.5909535Z Selecting previously unselected package libunibreak5:amd64.
2026-10-09T13:25:50.6024053Z Preparing to unpack .../33-libunibreak5_5.1-2build1_amd64.deb ...
2026-10-09T13:25:50.8188191Z Unpacking libunibreak5:amd64 (5.1-2build1) ...
2026-10-09T13:25:51.3885586Z Selecting previously unselected package libass9:amd64.
2026-10-09T13:25:51.3998700Z Preparing to unpack .../34-libass9_1%3a0.17.1-2build1_amd64.deb ...
2026-10-09T13:25:51.4005020Z Unpacking libass9:amd64 (1:0.17.1-2build1) ...
2026-10-09T13:25:51.4183347Z Selecting previously unselected package libudfread0:amd64.
2026-10-09T13:25:51.4287558Z Preparing to unpack .../35-libudfread0_1.1.2-1build1_amd64.deb ...
2026-10-09T13:25:51.4293739Z Unpacking libudfread0:amd64 (1.1.2-1build1) ...
2026-10-09T13:25:51.4459268Z Selecting previously unselected package libbluray2:amd64.
2026-10-09T13:25:51.4559436Z Preparing to unpack .../36-libbluray2_1%3a1.3.4-1build1_amd64.deb ...
2026-10-09T13:25:51.4566581Z Unpacking libbluray2:amd64 (1:1.3.4-1build1) ...
2026-10-09T13:25:51.4749988Z Selecting previously unselected package libchromaprint1:amd64.
2026-10-09T13:25:51.4851623Z Preparing to unpack .../37-libchromaprint1_1.5.1-5_amd64.deb ...
2026-10-09T13:25:51.4858307Z Unpacking libchromaprint1:amd64 (1.5.1-5) ...
2026-10-09T13:25:51.5022936Z Selecting previously unselected package libgme0:amd64.
2026-10-09T13:25:51.5124248Z Preparing to unpack .../38-libgme0_0.6.3-7build1_amd64.deb ...
2026-10-09T13:25:51.5129737Z Unpacking libgme0:amd64 (0.6.3-7build1) ...
2026-10-09T13:25:51.5304102Z Selecting previously unselected package libmpg123-0t64:amd64.
2026-10-09T13:25:51.5406807Z Preparing to unpack .../39-libmpg123-0t64_1.32.5-1ubuntu1.1_amd64.deb ...
2026-10-09T13:25:51.5412606Z Unpacking libmpg123-0t64:amd64 (1.32.5-1ubuntu1.1) ...
2026-10-09T13:25:51.5588455Z Selecting previously unselected package libopenmpt0t64:amd64.
2026-10-09T13:25:51.5689488Z Preparing to unpack .../40-libopenmpt0t64_0.7.3-1.1build3_amd64.deb ...
2026-10-09T13:25:51.5694964Z Unpacking libopenmpt0t64:amd64 (0.7.3-1.1build3) ...
2026-10-09T13:25:51.5968160Z Selecting previously unselected package libcjson1:amd64.
2026-10-09T13:25:51.6070981Z Preparing to unpack .../41-libcjson1_1.7.17-1_amd64.deb ...
2026-10-09T13:25:51.6076927Z Unpacking libcjson1:amd64 (1.7.17-1) ...
2026-10-09T13:25:51.6244659Z Selecting previously unselected package libmbedcrypto7t64:amd64.
2026-10-09T13:25:51.6345026Z Preparing to unpack .../42-libmbedcrypto7t64_2.28.8-1_amd64.deb ...
2026-10-09T13:25:51.6351813Z Unpacking libmbedcrypto7t64:amd64 (2.28.8-1) ...
2026-10-09T13:25:51.6539497Z Selecting previously unselected package librist4:amd64.
2026-10-09T13:25:51.6639862Z Preparing to unpack .../43-librist4_0.2.10+dfsg-2_amd64.deb ...
2026-10-09T13:25:51.6648204Z Unpacking librist4:amd64 (0.2.10+dfsg-2) ...
2026-10-09T13:25:51.6816488Z Selecting previously unselected package libsrt1.5-gnutls:amd64.
2026-10-09T13:25:51.6916894Z Preparing to unpack .../44-libsrt1.5-gnutls_1.5.3-1build2_amd64.deb ...
2026-10-09T13:25:51.6924704Z Unpacking libsrt1.5-gnutls:amd64 (1.5.3-1build2) ...
2026-10-09T13:25:51.7139056Z Selecting previously unselected package libssh-gcrypt-4:amd64.
2026-10-09T13:25:51.7241099Z Preparing to unpack .../45-libssh-gcrypt-4_0.10.6-2ubuntu0.5_amd64.deb ...
2026-10-09T13:25:51.7247177Z Unpacking libssh-gcrypt-4:amd64 (0.10.6-2ubuntu0.5) ...
2026-10-09T13:25:51.7437343Z Selecting previously unselected package libavformat60:amd64.
2026-10-09T13:25:51.7540802Z Preparing to unpack .../46-libavformat60_7%3a6.1.1-3ubuntu5_amd64.deb ...
2026-10-09T13:25:51.7548410Z Unpacking libavformat60:amd64 (7:6.1.1-3ubuntu5) ...
2026-10-09T13:25:51.7938213Z Selecting previously unselected package libbs2b0:amd64.
2026-10-09T13:25:51.8044176Z Preparing to unpack .../47-libbs2b0_3.1.0+dfsg-7build1_amd64.deb ...
2026-10-09T13:25:51.8053171Z Unpacking libbs2b0:amd64 (3.1.0+dfsg-7build1) ...
2026-10-09T13:25:51.8307736Z Selecting previously unselected package libflite1:amd64.
2026-10-09T13:25:51.8411403Z Preparing to unpack .../48-libflite1_2.2-6build3_amd64.deb ...
2026-10-09T13:25:51.8420179Z Unpacking libflite1:amd64 (2.2-6build3) ...
2026-10-09T13:25:51.9904967Z Selecting previously unselected package libserd-0-0:amd64.
2026-10-09T13:25:52.0014893Z Preparing to unpack .../49-libserd-0-0_0.32.2-1_amd64.deb ...
2026-10-09T13:25:52.0023208Z Unpacking libserd-0-0:amd64 (0.32.2-1) ...
2026-10-09T13:25:52.0191027Z Selecting previously unselected package libzix-0-0:amd64.
2026-10-09T13:25:52.0295623Z Preparing to unpack .../50-libzix-0-0_0.4.2-2build1_amd64.deb ...
2026-10-09T13:25:52.0304052Z Unpacking libzix-0-0:amd64 (0.4.2-2build1) ...
2026-10-09T13:25:52.0472943Z Selecting previously unselected package libsord-0-0:amd64.
2026-10-09T13:25:52.0577356Z Preparing to unpack .../51-libsord-0-0_0.16.16-2build1_amd64.deb ...
2026-10-09T13:25:52.0583294Z Unpacking libsord-0-0:amd64 (0.16.16-2build1) ...
2026-10-09T13:25:52.0753613Z Selecting previously unselected package libsratom-0-0:amd64.
2026-10-09T13:25:52.0855597Z Preparing to unpack .../52-libsratom-0-0_0.6.16-1build1_amd64.deb ...
2026-10-09T13:25:52.0862997Z Unpacking libsratom-0-0:amd64 (0.6.16-1build1) ...
2026-10-09T13:25:52.1034995Z Selecting previously unselected package liblilv-0-0:amd64.
2026-10-09T13:25:52.1135525Z Preparing to unpack .../53-liblilv-0-0_0.24.22-1build1_amd64.deb ...
2026-10-09T13:25:52.1141687Z Unpacking liblilv-0-0:amd64 (0.24.22-1build1) ...
2026-10-09T13:25:52.1313640Z Selecting previously unselected package libmysofa1:amd64.
2026-10-09T13:25:52.1413300Z Preparing to unpack .../54-libmysofa1_1.3.2+dfsg-2ubuntu2_amd64.deb ...
2026-10-09T13:25:52.1421448Z Unpacking libmysofa1:amd64 (1.3.2+dfsg-2ubuntu2) ...
2026-10-09T13:25:52.1680663Z Selecting previously unselected package libplacebo338:amd64.
2026-10-09T13:25:52.1783467Z Preparing to unpack .../55-libplacebo338_6.338.2-2build1_amd64.deb ...
2026-10-09T13:25:52.1789156Z Unpacking libplacebo338:amd64 (6.338.2-2build1) ...
2026-10-09T13:25:52.2574243Z Selecting previously unselected package libblas3:amd64.
2026-10-09T13:25:52.2683274Z Preparing to unpack .../56-libblas3_3.12.0-3build1.1_amd64.deb ...
2026-10-09T13:25:52.2709695Z Unpacking libblas3:amd64 (3.12.0-3build1.1) ...
2026-10-09T13:25:52.2916323Z Selecting previously unselected package liblapack3:amd64.
2026-10-09T13:25:52.3021387Z Preparing to unpack .../57-liblapack3_3.12.0-3build1.1_amd64.deb ...
2026-10-09T13:25:52.3046278Z Unpacking liblapack3:amd64 (3.12.0-3build1.1) ...
2026-10-09T13:25:52.3703457Z Selecting previously unselected package libasyncns0:amd64.
2026-10-09T13:25:52.3812222Z Preparing to unpack .../58-libasyncns0_0.8-6build4_amd64.deb ...
2026-10-09T13:25:52.3818531Z Unpacking libasyncns0:amd64 (0.8-6build4) ...
2026-10-09T13:25:52.3985504Z Selecting previously unselected package libflac12t64:amd64.
2026-10-09T13:25:52.4089305Z Preparing to unpack .../59-libflac12t64_1.4.3+ds-2.1ubuntu2_amd64.deb ...
2026-10-09T13:25:52.4097127Z Unpacking libflac12t64:amd64 (1.4.3+ds-2.1ubuntu2) ...
2026-10-09T13:25:52.4322450Z Selecting previously unselected package libsndfile1:amd64.
2026-10-09T13:25:52.4426583Z Preparing to unpack .../60-libsndfile1_1.2.2-1ubuntu5.24.04.1_amd64.deb ...
2026-10-09T13:25:52.4434934Z Unpacking libsndfile1:amd64 (1.2.2-1ubuntu5.24.04.1) ...
2026-10-09T13:25:52.4648406Z Selecting previously unselected package libpulse0:amd64.
2026-10-09T13:25:52.4752547Z Preparing to unpack .../61-libpulse0_1%3a16.1+dfsg1-2ubuntu10.1_amd64.deb ...
2026-10-09T13:25:52.4805288Z Unpacking libpulse0:amd64 (1:16.1+dfsg1-2ubuntu10.1) ...
2026-10-09T13:25:52.5020108Z Selecting previously unselected package libsphinxbase3t64:amd64.
2026-10-09T13:25:52.5124659Z Preparing to unpack .../62-libsphinxbase3t64_0.8+5prealpha+1-17build2_amd64.deb ...
2026-10-09T13:25:52.5132931Z Unpacking libsphinxbase3t64:amd64 (0.8+5prealpha+1-17build2) ...
2026-10-09T13:25:52.5314267Z Selecting previously unselected package libpocketsphinx3:amd64.
2026-10-09T13:25:52.5414810Z Preparing to unpack .../63-libpocketsphinx3_0.8.0+real5prealpha+1-15ubuntu5_amd64.deb ...
2026-10-09T13:25:52.5421515Z Unpacking libpocketsphinx3:amd64 (0.8.0+real5prealpha+1-15ubuntu5) ...
2026-10-09T13:25:52.5602366Z Selecting previously unselected package libpostproc57:amd64.
2026-10-09T13:25:52.5703083Z Preparing to unpack .../64-libpostproc57_7%3a6.1.1-3ubuntu5_amd64.deb ...
2026-10-09T13:25:52.5709670Z Unpacking libpostproc57:amd64 (7:6.1.1-3ubuntu5) ...
2026-10-09T13:25:52.5920646Z Selecting previously unselected package libsamplerate0:amd64.
2026-10-09T13:25:52.6022951Z Preparing to unpack .../65-libsamplerate0_0.2.2-4build1_amd64.deb ...
2026-10-09T13:25:52.6037418Z Unpacking libsamplerate0:amd64 (0.2.2-4build1) ...
2026-10-09T13:25:52.6295126Z Selecting previously unselected package librubberband2:amd64.
2026-10-09T13:25:52.6399182Z Preparing to unpack .../66-librubberband2_3.3.0+dfsg-2build1_amd64.deb ...
2026-10-09T13:25:52.6406318Z Unpacking librubberband2:amd64 (3.3.0+dfsg-2build1) ...
2026-10-09T13:25:52.6596770Z Selecting previously unselected package libswscale7:amd64.
2026-10-09T13:25:52.6697690Z Preparing to unpack .../67-libswscale7_7%3a6.1.1-3ubuntu5_amd64.deb ...
2026-10-09T13:25:52.6703950Z Unpacking libswscale7:amd64 (7:6.1.1-3ubuntu5) ...
2026-10-09T13:25:52.6914233Z Selecting previously unselected package libvidstab1.1:amd64.
2026-10-09T13:25:52.7016278Z Preparing to unpack .../68-libvidstab1.1_1.1.0-2build1_amd64.deb ...
2026-10-09T13:25:52.7021265Z Unpacking libvidstab1.1:amd64 (1.1.0-2build1) ...
2026-10-09T13:25:52.7188011Z Selecting previously unselected package libzimg2:amd64.
2026-10-09T13:25:52.7287738Z Preparing to unpack .../69-libzimg2_3.0.5+ds1-1build1_amd64.deb ...
2026-10-09T13:25:52.7297808Z Unpacking libzimg2:amd64 (3.0.5+ds1-1build1) ...
2026-10-09T13:25:52.7518294Z Selecting previously unselected package libavfilter9:amd64.
2026-10-09T13:25:52.7621320Z Preparing to unpack .../70-libavfilter9_7%3a6.1.1-3ubuntu5_amd64.deb ...
2026-10-09T13:25:52.7627464Z Unpacking libavfilter9:amd64 (7:6.1.1-3ubuntu5) ...
2026-10-09T13:25:52.8777219Z Selecting previously unselected package libcaca0:amd64.
2026-10-09T13:25:52.8890760Z Preparing to unpack .../71-libcaca0_0.99.beta20-4ubuntu0.2_amd64.deb ...
2026-10-09T13:25:52.8899628Z Unpacking libcaca0:amd64 (0.99.beta20-4ubuntu0.2) ...
2026-10-09T13:25:52.9121836Z Selecting previously unselected package libcdio19t64:amd64.
2026-10-09T13:25:52.9228413Z Preparing to unpack .../72-libcdio19t64_2.1.0-4.1ubuntu1.2_amd64.deb ...
2026-10-09T13:25:52.9240626Z Unpacking libcdio19t64:amd64 (2.1.0-4.1ubuntu1.2) ...
2026-10-09T13:25:52.9488172Z Selecting previously unselected package libcdio-cdda2t64:amd64.
2026-10-09T13:25:52.9592041Z Preparing to unpack .../73-libcdio-cdda2t64_10.2+2.0.1-1.1build2_amd64.deb ...
2026-10-09T13:25:52.9597668Z Unpacking libcdio-cdda2t64:amd64 (10.2+2.0.1-1.1build2) ...
2026-10-09T13:25:52.9758908Z Selecting previously unselected package libcdio-paranoia2t64:amd64.
2026-10-09T13:25:52.9856487Z Preparing to unpack .../74-libcdio-paranoia2t64_10.2+2.0.1-1.1build2_amd64.deb ...
2026-10-09T13:25:52.9865219Z Unpacking libcdio-paranoia2t64:amd64 (10.2+2.0.1-1.1build2) ...
2026-10-09T13:25:53.0036151Z Selecting previously unselected package libdc1394-25:amd64.
2026-10-09T13:25:53.0134567Z Preparing to unpack .../75-libdc1394-25_2.2.6-4build1_amd64.deb ...
2026-10-09T13:25:53.0140797Z Unpacking libdc1394-25:amd64 (2.2.6-4build1) ...
2026-10-09T13:25:53.0328478Z Selecting previously unselected package libiec61883-0:amd64.
2026-10-09T13:25:53.0433197Z Preparing to unpack .../76-libiec61883-0_1.2.0-6build1_amd64.deb ...
2026-10-09T13:25:53.0440553Z Unpacking libiec61883-0:amd64 (1.2.0-6build1) ...
2026-10-09T13:25:53.0607936Z Selecting previously unselected package libjack-jackd2-0:amd64.
2026-10-09T13:25:53.0709708Z Preparing to unpack .../77-libjack-jackd2-0_1.9.21~dfsg-3ubuntu3_amd64.deb ...
2026-10-09T13:25:53.0715897Z Unpacking libjack-jackd2-0:amd64 (1.9.21~dfsg-3ubuntu3) ...
2026-10-09T13:25:53.0948557Z Selecting previously unselected package libopenal-data.
2026-10-09T13:25:53.1051658Z Preparing to unpack .../78-libopenal-data_1%3a1.23.1-4build1_all.deb ...
2026-10-09T13:25:53.1060864Z Unpacking libopenal-data (1:1.23.1-4build1) ...
2026-10-09T13:25:53.1251654Z Selecting previously unselected package libsndio7.0:amd64.
2026-10-09T13:25:53.1352760Z Preparing to unpack .../79-libsndio7.0_1.9.0-0.3build3_amd64.deb ...
2026-10-09T13:25:53.1361582Z Unpacking libsndio7.0:amd64 (1.9.0-0.3build3) ...
2026-10-09T13:25:53.1663136Z Selecting previously unselected package libopenal1:amd64.
2026-10-09T13:25:53.1764038Z Preparing to unpack .../80-libopenal1_1%3a1.23.1-4build1_amd64.deb ...
2026-10-09T13:25:53.1770079Z Unpacking libopenal1:amd64 (1:1.23.1-4build1) ...
2026-10-09T13:25:53.2013567Z Selecting previously unselected package libdecor-0-0:amd64.
2026-10-09T13:25:53.2115351Z Preparing to unpack .../81-libdecor-0-0_0.2.2-1build2_amd64.deb ...
2026-10-09T13:25:53.2121010Z Unpacking libdecor-0-0:amd64 (0.2.2-1build2) ...
2026-10-09T13:25:53.2291348Z Selecting previously unselected package libsdl2-2.0-0:amd64.
2026-10-09T13:25:53.2392111Z Preparing to unpack .../82-libsdl2-2.0-0_2.30.0+dfsg-1ubuntu3.1_amd64.deb ...
2026-10-09T13:25:53.2397975Z Unpacking libsdl2-2.0-0:amd64 (2.30.0+dfsg-1ubuntu3.1) ...
2026-10-09T13:25:53.3313439Z Selecting previously unselected package libxcb-shape0:amd64.
2026-10-09T13:25:53.3422425Z Preparing to unpack .../83-libxcb-shape0_1.15-1ubuntu2_amd64.deb ...
2026-10-09T13:25:53.3427765Z Unpacking libxcb-shape0:amd64 (1.15-1ubuntu2) ...
2026-10-09T13:25:53.3590433Z Selecting previously unselected package libxv1:amd64.
2026-10-09T13:25:53.3689606Z Preparing to unpack .../84-libxv1_2%3a1.0.11-1.1build1_amd64.deb ...
2026-10-09T13:25:53.3695546Z Unpacking libxv1:amd64 (2:1.0.11-1.1build1) ...
2026-10-09T13:25:53.3856655Z Selecting previously unselected package libavdevice60:amd64.
2026-10-09T13:25:53.3956111Z Preparing to unpack .../85-libavdevice60_7%3a6.1.1-3ubuntu5_amd64.deb ...
2026-10-09T13:25:53.3964804Z Unpacking libavdevice60:amd64 (7:6.1.1-3ubuntu5) ...
2026-10-09T13:25:53.4130182Z Selecting previously unselected package ffmpeg.
2026-10-09T13:25:53.4230356Z Preparing to unpack .../86-ffmpeg_7%3a6.1.1-3ubuntu5_amd64.deb ...
2026-10-09T13:25:53.4236038Z Unpacking ffmpeg (7:6.1.1-3ubuntu5) ...
2026-10-09T13:25:53.4779772Z Setting up libgme0:amd64 (0.6.3-7build1) ...
2026-10-09T13:25:53.4796295Z Setting up libchromaprint1:amd64 (1.5.1-5) ...
2026-10-09T13:25:53.4822463Z Setting up libssh-gcrypt-4:amd64 (0.10.6-2ubuntu0.5) ...
2026-10-09T13:25:53.4835203Z Setting up libhwy1t64:amd64 (1.0.7-8.1build1) ...
2026-10-09T13:25:53.4847752Z Setting up libudfread0:amd64 (1.1.2-1build1) ...
2026-10-09T13:25:53.4862228Z Setting up libraw1394-11:amd64 (2.1.2-2build3) ...
2026-10-09T13:25:53.4876509Z Setting up libspeex1:amd64 (1.2.1-2ubuntu2.24.04.1) ...
2026-10-09T13:25:53.4888717Z Setting up libshine3:amd64 (3.1.1-2build1) ...
2026-10-09T13:25:53.4901393Z Setting up libcaca0:amd64 (0.99.beta20-4ubuntu0.2) ...
2026-10-09T13:25:53.4916789Z Setting up libvpl2 (2023.3.0-1build1) ...
2026-10-09T13:25:53.4931100Z Setting up libx264-164:amd64 (2:0.164.3108+git31e19f9-1) ...
2026-10-09T13:25:53.4946010Z Setting up libtwolame0:amd64 (0.4.0-2build3) ...
2026-10-09T13:25:53.4958996Z Setting up libmbedcrypto7t64:amd64 (2.28.8-1) ...
2026-10-09T13:25:53.4972073Z Setting up libgsm1:amd64 (1.0.22-1build1) ...
2026-10-09T13:25:53.4986005Z Setting up libsoxr0:amd64 (0.1.3-4build3) ...
2026-10-09T13:25:53.5000075Z Setting up libzix-0-0:amd64 (0.4.2-2build1) ...
2026-10-09T13:25:53.5013752Z Setting up libcodec2-1.2:amd64 (1.2.0-2build1) ...
2026-10-09T13:25:53.5026267Z Setting up libmysofa1:amd64 (1.3.2+dfsg-2ubuntu2) ...
2026-10-09T13:25:53.5038869Z Setting up libxcb-shape0:amd64 (1.15-1ubuntu2) ...
2026-10-09T13:25:53.5053130Z Setting up libcdio19t64:amd64 (2.1.0-4.1ubuntu1.2) ...
2026-10-09T13:25:53.5066553Z Setting up libsvtav1enc1d1:amd64 (1.7.0+dfsg-2build1) ...
2026-10-09T13:25:53.5080811Z Setting up libmpg123-0t64:amd64 (1.32.5-1ubuntu1.1) ...
2026-10-09T13:25:53.5092553Z Setting up libcjson1:amd64 (1.7.17-1) ...
2026-10-09T13:25:53.5106786Z Setting up libxvidcore4:amd64 (2:1.3.7-1build1) ...
2026-10-09T13:25:53.5121497Z Setting up librav1e0:amd64 (0.7.1-2) ...
2026-10-09T13:25:53.5134129Z Setting up libcdio-cdda2t64:amd64 (10.2+2.0.1-1.1build2) ...
2026-10-09T13:25:53.5147836Z Setting up librist4:amd64 (0.2.10+dfsg-2) ...
2026-10-09T13:25:53.5160579Z Setting up librsvg2-2:amd64 (2.58.0+dfsg-1ubuntu0.1) ...
2026-10-09T13:25:53.5173945Z Setting up libblas3:amd64 (3.12.0-3build1.1) ...
2026-10-09T13:25:53.5227623Z update-alternatives: using /usr/lib/x86_64-linux-gnu/blas/libblas.so.3 to provide /usr/lib/x86_64-linux-gnu/libblas.so.3 (libblas.so.3-x86_64-linux-gnu) in auto mode
2026-10-09T13:25:53.5239290Z Setting up libplacebo338:amd64 (6.338.2-2build1) ...
2026-10-09T13:25:53.5252426Z Setting up libva2:amd64 (2.20.0-2ubuntu0.2) ...
2026-10-09T13:25:53.5266769Z Setting up libopus0:amd64 (1.4-1build1) ...
2026-10-09T13:25:53.5280792Z Setting up libcdio-paranoia2t64:amd64 (10.2+2.0.1-1.1build2) ...
2026-10-09T13:25:53.5293761Z Setting up libdc1394-25:amd64 (2.2.6-4build1) ...
2026-10-09T13:25:53.5307675Z Setting up libxv1:amd64 (2:1.0.11-1.1build1) ...
2026-10-09T13:25:53.5320616Z Setting up libunibreak5:amd64 (5.1-2build1) ...
2026-10-09T13:25:53.5335006Z Setting up libjxl0.7:amd64 (0.7.0-10.2ubuntu6.1) ...
2026-10-09T13:25:53.5347971Z Setting up libx265-199:amd64 (3.5-2build1) ...
2026-10-09T13:25:53.5362072Z Setting up libsndio7.0:amd64 (1.9.0-0.3build3) ...
2026-10-09T13:25:53.5377488Z Setting up libvidstab1.1:amd64 (1.1.0-2build1) ...
2026-10-09T13:25:53.5390888Z Setting up libvpx9:amd64 (1.14.0-1ubuntu2.3) ...
2026-10-09T13:25:53.5404841Z Setting up libsrt1.5-gnutls:amd64 (1.5.3-1build2) ...
2026-10-09T13:25:53.5418845Z Setting up libflite1:amd64 (2.2-6build3) ...
2026-10-09T13:25:53.5432561Z Setting up libdav1d7:amd64 (1.4.1-1build1) ...
2026-10-09T13:25:53.5448702Z Setting up libva-drm2:amd64 (2.20.0-2ubuntu0.2) ...
2026-10-09T13:25:53.5462814Z Setting up ocl-icd-libopencl1:amd64 (2.3.2-1build1) ...
2026-10-09T13:25:53.5478975Z Setting up libasyncns0:amd64 (0.8-6build4) ...
2026-10-09T13:25:53.5493584Z Setting up libvdpau1:amd64 (1.5-2build1) ...
2026-10-09T13:25:53.5514190Z Setting up libbs2b0:amd64 (3.1.0+dfsg-7build1) ...
2026-10-09T13:25:53.5528326Z Setting up libtheora0:amd64 (1.1.1+dfsg.1-16.1build3) ...
2026-10-09T13:25:53.5541447Z Setting up libdecor-0-0:amd64 (0.2.2-1build2) ...
2026-10-09T13:25:53.5556520Z Setting up libzimg2:amd64 (3.0.5+ds1-1build1) ...
2026-10-09T13:25:53.5570302Z Setting up libopenal-data (1:1.23.1-4build1) ...
2026-10-09T13:25:53.5590664Z Setting up libflac12t64:amd64 (1.4.3+ds-2.1ubuntu2) ...
2026-10-09T13:25:53.5604627Z Setting up libbluray2:amd64 (1:1.3.4-1build1) ...
2026-10-09T13:25:53.5618169Z Setting up libsamplerate0:amd64 (0.2.2-4build1) ...
2026-10-09T13:25:53.5634151Z Setting up libva-x11-2:amd64 (2.20.0-2ubuntu0.2) ...
2026-10-09T13:25:53.5648193Z Setting up libopenmpt0t64:amd64 (0.7.3-1.1build3) ...
2026-10-09T13:25:53.5661456Z Setting up libzvbi-common (0.2.42-2) ...
2026-10-09T13:25:53.5675926Z Setting up libmp3lame0:amd64 (3.100-6build1) ...
2026-10-09T13:25:53.5689742Z Setting up libvorbisenc2:amd64 (1.3.7-1build3) ...
2026-10-09T13:25:53.5704519Z Setting up libiec61883-0:amd64 (1.2.0-6build1) ...
2026-10-09T13:25:53.5717733Z Setting up libserd-0-0:amd64 (0.32.2-1) ...
2026-10-09T13:25:53.5732277Z Setting up libavc1394-0:amd64 (0.5.4-5build3) ...
2026-10-09T13:25:53.5750819Z Setting up liblapack3:amd64 (3.12.0-3build1.1) ...
2026-10-09T13:25:53.5803205Z update-alternatives: using /usr/lib/x86_64-linux-gnu/lapack/liblapack.so.3 to provide /usr/lib/x86_64-linux-gnu/liblapack.so.3 (liblapack.so.3-x86_64-linux-gnu) in auto mode
2026-10-09T13:25:53.5844837Z Setting up libzvbi0t64:amd64 (0.2.42-2) ...
2026-10-09T13:25:53.5858941Z Setting up libavutil58:amd64 (7:6.1.1-3ubuntu5) ...
2026-10-09T13:25:53.5873818Z Setting up libopenal1:amd64 (1:1.23.1-4build1) ...
2026-10-09T13:25:53.5889982Z Setting up libass9:amd64 (1:0.17.1-2build1) ...
2026-10-09T13:25:53.5904396Z Setting up libswresample4:amd64 (7:6.1.1-3ubuntu5) ...
2026-10-09T13:25:53.5917939Z Setting up libavcodec60:amd64 (7:6.1.1-3ubuntu5) ...
2026-10-09T13:25:53.5933198Z Setting up librubberband2:amd64 (3.3.0+dfsg-2build1) ...
2026-10-09T13:25:53.5946685Z Setting up libjack-jackd2-0:amd64 (1.9.21~dfsg-3ubuntu3) ...
2026-10-09T13:25:53.5961366Z Setting up libsord-0-0:amd64 (0.16.16-2build1) ...
2026-10-09T13:25:53.5974826Z Setting up libpostproc57:amd64 (7:6.1.1-3ubuntu5) ...
2026-10-09T13:25:53.5992686Z Setting up libsratom-0-0:amd64 (0.6.16-1build1) ...
2026-10-09T13:25:53.6008462Z Setting up libsndfile1:amd64 (1.2.2-1ubuntu5.24.04.1) ...
2026-10-09T13:25:53.6022929Z Setting up liblilv-0-0:amd64 (0.24.22-1build1) ...
2026-10-09T13:25:53.6036316Z Setting up libswscale7:amd64 (7:6.1.1-3ubuntu5) ...
2026-10-09T13:25:53.6053357Z Setting up libpulse0:amd64 (1:16.1+dfsg1-2ubuntu10.1) ...
2026-10-09T13:25:53.6113118Z Setting up libavformat60:amd64 (7:6.1.1-3ubuntu5) ...
2026-10-09T13:25:53.6130193Z Setting up libsphinxbase3t64:amd64 (0.8+5prealpha+1-17build2) ...
2026-10-09T13:25:53.6144259Z Setting up libsdl2-2.0-0:amd64 (2.30.0+dfsg-1ubuntu3.1) ...
2026-10-09T13:25:53.6559632Z Setting up libpocketsphinx3:amd64 (0.8.0+real5prealpha+1-15ubuntu5) ...
2026-10-09T13:25:53.6574074Z Setting up libavfilter9:amd64 (7:6.1.1-3ubuntu5) ...
2026-10-09T13:25:53.6598673Z Setting up libavdevice60:amd64 (7:6.1.1-3ubuntu5) ...
2026-10-09T13:25:53.6612518Z Setting up ffmpeg (7:6.1.1-3ubuntu5) ...
2026-10-09T13:25:53.6629717Z Processing triggers for man-db (2.12.0-4build2) ...
2026-10-09T13:25:53.6643433Z Not building database; man-db/auto-update is not 'true'.
2026-10-09T13:25:53.6653087Z Processing triggers for libc-bin (2.39-0ubuntu8.9) ...
2026-10-09T13:25:54.1102460Z 
2026-10-09T13:25:54.1103127Z Running kernel seems to be up-to-date.
2026-10-09T13:25:54.1103418Z 
2026-10-09T13:25:54.1103672Z No services need to be restarted.
2026-10-09T13:25:54.1103877Z 
2026-10-09T13:25:54.1103995Z No containers need to be restarted.
2026-10-09T13:25:54.1104137Z 
2026-10-09T13:25:54.1104585Z No user sessions are running outdated binaries.
2026-10-09T13:25:54.1104838Z 
2026-10-09T13:25:54.1105188Z No VM guests are running outdated hypervisor (qemu) binaries on this host.
2026-10-09T13:25:55.1220100Z ##[group]Run set -o pipefail
2026-10-09T13:25:55.1220356Z [36;1mset -o pipefail[0m
2026-10-09T13:25:55.1220912Z [36;1mV2_PYTHON=python CI_RECEIPTS="$CI_RECEIPTS/v2-creative-live" pnpm exec playwright test --config playwright.v2-live.config.ts 2>&1 | tee "$CI_RECEIPTS/v2-creative-live.log"[0m
2026-10-09T13:25:55.1277609Z shell: /usr/bin/bash -e {0}
2026-10-09T13:25:55.1277811Z env:
2026-10-09T13:25:55.1277974Z   MOCK_PROVIDER: true
2026-10-09T13:25:55.1278157Z   MOCK_STREAM_DELAY_MS: 0
2026-10-09T13:25:55.1278352Z   ENABLE_CLOUD: false
2026-10-09T13:25:55.1278535Z   CREDENTIAL_VAULT_BACKEND: memory
2026-10-09T13:25:55.1278768Z   CREDENTIAL_VAULT_ALLOW_MEMORY_FALLBACK: true
2026-10-09T13:25:55.1279008Z   PYTHONDONTWRITEBYTECODE: 1
2026-10-09T13:25:55.1279205Z   HF_HUB_OFFLINE: 1
2026-10-09T13:25:55.1279378Z   TRANSFORMERS_OFFLINE: 1
2026-10-09T13:25:55.1279614Z   pythonLocation: /opt/hostedtoolcache/Python/3.12.9/x64
2026-10-09T13:25:55.1279960Z   PKG_CONFIG_PATH: /opt/hostedtoolcache/Python/3.12.9/x64/lib/pkgconfig
2026-10-09T13:25:55.1280279Z   Python_ROOT_DIR: /opt/hostedtoolcache/Python/3.12.9/x64
2026-10-09T13:25:55.1280587Z   Python2_ROOT_DIR: /opt/hostedtoolcache/Python/3.12.9/x64
2026-10-09T13:25:55.1280876Z   Python3_ROOT_DIR: /opt/hostedtoolcache/Python/3.12.9/x64
2026-10-09T13:25:55.1281167Z   LD_LIBRARY_PATH: /opt/hostedtoolcache/Python/3.12.9/x64/lib
2026-10-09T13:25:55.1281473Z   CI_COVERAGE_SHA: 57986cb13d452731baf82bbc242bfc79f9cfd145
2026-10-09T13:25:55.1281780Z   CI_COVERAGE_TREE: 7b06f7eb213893ec41e4ded14810b82b070b7dc7
2026-10-09T13:25:55.1282120Z   CI_SANDBOX: /home/runner/work/_temp/novel-ci-v2-creative-browser.1BUXZk
2026-10-09T13:25:55.1282513Z   CI_PROJECT: /home/runner/work/_temp/novel-ci-v2-creative-browser.1BUXZk/project
2026-10-09T13:25:55.1282933Z   CI_RECEIPTS: /home/runner/work/_temp/novel-ci-v2-creative-browser.1BUXZk/receipts
2026-10-09T13:25:55.1283329Z   HOME: /home/runner/work/_temp/novel-ci-v2-creative-browser.1BUXZk/home
2026-10-09T13:25:55.1283855Z   USERPROFILE: /home/runner/work/_temp/novel-ci-v2-creative-browser.1BUXZk/home
2026-10-09T13:25:55.1284480Z   APPDATA: /home/runner/work/_temp/novel-ci-v2-creative-browser.1BUXZk/appdata
2026-10-09T13:25:55.1285010Z   LOCALAPPDATA: /home/runner/work/_temp/novel-ci-v2-creative-browser.1BUXZk/localappdata
2026-10-09T13:25:55.1285544Z   XDG_CONFIG_HOME: /home/runner/work/_temp/novel-ci-v2-creative-browser.1BUXZk/config
2026-10-09T13:25:55.1295144Z   XDG_CACHE_HOME: /home/runner/work/_temp/novel-ci-v2-creative-browser.1BUXZk/cache
2026-10-09T13:25:55.1296039Z   XDG_DATA_HOME: /home/runner/work/_temp/novel-ci-v2-creative-browser.1BUXZk/data
2026-10-09T13:25:55.1296468Z   XDG_STATE_HOME: /home/runner/work/_temp/novel-ci-v2-creative-browser.1BUXZk/state
2026-10-09T13:25:55.1296856Z   TMPDIR: /home/runner/work/_temp/novel-ci-v2-creative-browser.1BUXZk/tmp
2026-10-09T13:25:55.1297216Z   TMP: /home/runner/work/_temp/novel-ci-v2-creative-browser.1BUXZk/tmp
2026-10-09T13:25:55.1297561Z   TEMP: /home/runner/work/_temp/novel-ci-v2-creative-browser.1BUXZk/tmp
2026-10-09T13:25:55.1297937Z   PROJECT_ROOT: /home/runner/work/_temp/novel-ci-v2-creative-browser.1BUXZk/project
2026-10-09T13:25:55.1298369Z   NOVEL_DATA_PATH: /home/runner/work/_temp/novel-ci-v2-creative-browser.1BUXZk/data/novels
2026-10-09T13:25:55.1298813Z   BACKUP_PATH: /home/runner/work/_temp/novel-ci-v2-creative-browser.1BUXZk/data/backups
2026-10-09T13:25:55.1299291Z   DATABASE_BACKUP_PATH: /home/runner/work/_temp/novel-ci-v2-creative-browser.1BUXZk/data/database-backups
2026-10-09T13:25:55.1299796Z   KNOWLEDGE_SOURCE_PATH: /home/runner/work/_temp/novel-ci-v2-creative-browser.1BUXZk/data/novels
2026-10-09T13:25:55.1300130Z ##[endgroup]
2026-10-09T13:26:13.3474606Z 
2026-10-09T13:26:13.3475329Z Running 12 tests using 1 worker
2026-10-09T13:26:13.3475658Z 
2026-10-09T13:29:15.0411773Z   ✘   1 [v2-live-chromium] › tests/e2e/v2-asset-relationships-live.spec.ts:14:1 › real File optional asset relationships persist, protect targets and remove explicitly with no chapter prerequisite (3.0m)
2026-10-09T13:29:15.5845172Z   ✘   2 [v2-live-chromium] › tests/e2e/v2-creative-live.spec.ts:111:1 › real File V2 authoring: reviewed direction, ordered storyboard, production history and restore preserve the manuscript (51ms)
2026-10-09T13:29:16.1351290Z   ✘   3 [v2-live-chromium] › tests/e2e/v2-creative-live.spec.ts:206:1 › real File V2 cancel and navigation retain dirty drafts without duplicating accepted or cancelled proposals (52ms)
2026-10-09T13:29:16.6742778Z   ✘   4 [v2-live-chromium] › tests/e2e/v2-creative-live.spec.ts:236:1 › real File V2 scope and stale-write fencing keeps the browser draft and rejects foreign sources (49ms)
2026-10-09T13:29:17.2071261Z   ✘   5 [v2-live-chromium] › tests/e2e/v2-creative-live.spec.ts:282:1 › real HTTP File V2 lifecycle persists reviewed direction, order, history and restored content with unchanged manuscript (48ms)
2026-10-09T13:29:17.7490725Z   ✘   6 [v2-live-chromium] › tests/e2e/v2-creative-live.spec.ts:346:1 › real HTTP File V2 scope, cancel and stale source fences remain authoritative (52ms)
2026-10-09T13:29:18.5468748Z   ✘   7 [v2-live-chromium] › tests/e2e/v2-independent-studio-live.spec.ts:80:1 › real File independent studio imports, persists, reopens and exports an image with no chapters or model mutation (223ms)
2026-10-09T13:29:19.3590673Z   ✘   8 [v2-live-chromium] › tests/e2e/v2-independent-studio-live.spec.ts:199:1 › real File independent VIDEO imports, decodes, reopens and exports original bytes without chapters or director (244ms)
2026-10-09T13:29:23.5412280Z   ✓   9 [v1-chromium] › tests/e2e/v2-creative-live.spec.ts:267:1 › V1 default-off backend and browser never expose the V2 workbench or accept creative writes (3.7s)
2026-10-09T13:29:23.6201808Z   ✓  10 [v1-chromium] › tests/e2e/v2-creative-live.spec.ts:379:1 › real HTTP default-off gate advertises disabled capabilities and rejects creative reads and writes (68ms)
2026-10-09T13:29:24.5604992Z   ✓  11 [v1-chromium] › tests/e2e/v2-independent-studio-live.spec.ts:273:1 › default-off independent studio entry is absent and neutral project writes are rejected (916ms)
2026-10-09T13:29:28.7463486Z   ✓  12 [v1-acceptance-chromium] › tests/e2e/v2-independent-studio-live.spec.ts:277:1 › acceptance-mode independent studio stays absent despite an enabled narrative feature setting (3.6s)
2026-10-09T13:29:28.7976347Z 
2026-10-09T13:29:28.7996976Z 
2026-10-09T13:29:28.8002149Z   1) [v2-live-chromium] › tests/e2e/v2-asset-relationships-live.spec.ts:14:1 › real File optional asset relationships persist, protect targets and remove explicitly with no chapter prerequisite 
2026-10-09T13:29:28.8003376Z 
2026-10-09T13:29:28.8003552Z     Test timeout of 180000ms exceeded.
2026-10-09T13:29:28.8003789Z 
2026-10-09T13:29:28.8004185Z     Error: apiRequestContext.delete: Target page, context or browser has been closed
2026-10-09T13:29:28.8008280Z 
2026-10-09T13:29:28.8008534Z       69 |   } finally {
2026-10-09T13:29:28.8008995Z       70 |     await page.close();
2026-10-09T13:29:28.8010096Z     > 71 |     if (owned) { const response = await request.delete(`/api/novels/${encodeURIComponent(owned)}`); expect(response.status(), await response.text()).toBe(204); }
2026-10-09T13:29:28.8011118Z          |                                                       ^
2026-10-09T13:29:28.8011850Z       72 |     expect(await (await request.get('/api/novels')).json()).toEqual([]);
2026-10-09T13:29:28.8012468Z       73 |   }
2026-10-09T13:29:28.8012824Z       74 | });
2026-10-09T13:29:28.8013761Z         at /home/runner/work/_temp/novel-ci-v2-creative-browser.1BUXZk/project/frontend/tests/e2e/v2-asset-relationships-live.spec.ts:71:55
2026-10-09T13:29:28.8014590Z 
2026-10-09T13:29:28.8015299Z     attachment #1: screenshot (image/png) ──────────────────────────────────────────────────────────
2026-10-09T13:29:28.8016962Z     ../../receipts/v2-creative-live/test-results/v2-asset-relationships-liv-c9282-ith-no-chapter-prerequisite-v2-live-chromium/test-failed-1.png
2026-10-09T13:29:28.8018538Z     ────────────────────────────────────────────────────────────────────────────────────────────────
2026-10-09T13:29:28.8019039Z 
2026-10-09T13:29:28.8020050Z     Error Context: ../../receipts/v2-creative-live/test-results/v2-asset-relationships-liv-c9282-ith-no-chapter-prerequisite-v2-live-chromium/error-context.md
2026-10-09T13:29:28.8021110Z 
2026-10-09T13:29:28.8021784Z     attachment #3: trace (application/zip) ─────────────────────────────────────────────────────────
2026-10-09T13:29:28.8023073Z     ../../receipts/v2-creative-live/test-results/v2-asset-relationships-liv-c9282-ith-no-chapter-prerequisite-v2-live-chromium/trace.zip
2026-10-09T13:29:28.8024060Z     Usage:
2026-10-09T13:29:28.8024320Z 
2026-10-09T13:29:28.8025355Z         pnpm exec playwright show-trace ../../receipts/v2-creative-live/test-results/v2-asset-relationships-liv-c9282-ith-no-chapter-prerequisite-v2-live-chromium/trace.zip
2026-10-09T13:29:28.8026517Z 
2026-10-09T13:29:28.8027125Z     ────────────────────────────────────────────────────────────────────────────────────────────────
2026-10-09T13:29:28.8027613Z 
2026-10-09T13:29:28.8028794Z   2) [v2-live-chromium] › tests/e2e/v2-creative-live.spec.ts:111:1 › real File V2 authoring: reviewed direction, ordered storyboard, production history and restore preserve the manuscript 
2026-10-09T13:29:28.8029756Z 
2026-10-09T13:29:28.8030386Z     Error: V2 live tests require an empty isolated server; unexpected novels are unowned and must not be deleted.
2026-10-09T13:29:28.8031046Z 
2026-10-09T13:29:28.8031385Z     expect(received).toEqual(expected) // deep equality
2026-10-09T13:29:28.8031804Z 
2026-10-09T13:29:28.8032046Z     - Expected  -  1
2026-10-09T13:29:28.8032474Z     + Received  + 11
2026-10-09T13:29:28.8032755Z 
2026-10-09T13:29:28.8032975Z     - Array []
2026-10-09T13:29:28.8033332Z     + Array [
2026-10-09T13:29:28.8033697Z     +   Object {
2026-10-09T13:29:28.8034073Z     +     "chapter_count": 0,
2026-10-09T13:29:28.8034500Z     +     "genre": "",
2026-10-09T13:29:28.8034891Z     +     "id": "162effd4",
2026-10-09T13:29:28.8035334Z     +     "status": "Writing",
2026-10-09T13:29:28.8035976Z     +     "title": "可选关联合成验收",
2026-10-09T13:29:28.8036478Z     +     "updated_at": "2026-10-09T13:26:18.177656+00:00",
2026-10-09T13:29:28.8036983Z     +     "word_count": 0,
2026-10-09T13:29:28.8037418Z     +   },
2026-10-09T13:29:28.8037763Z     + ]
2026-10-09T13:29:28.8038023Z 
2026-10-09T13:29:28.8038251Z       34 | }
2026-10-09T13:29:28.8038722Z       35 | test.beforeEach(async ({ request }) => {
2026-10-09T13:29:28.8040197Z     > 36 |   expect(await read(request, '/api/novels'), 'V2 live tests require an empty isolated server; unexpected novels are unowned and must not be deleted.').toEqual([]);
2026-10-09T13:29:28.8041488Z          |                                                                                                                                                        ^
2026-10-09T13:29:28.8042234Z       37 |   ownedNovels.set(request, new Set());
2026-10-09T13:29:28.8042776Z       38 | });
2026-10-09T13:29:28.8043533Z       39 | test.afterEach(async ({ request }, info) => {
2026-10-09T13:29:28.8044576Z         at /home/runner/work/_temp/novel-ci-v2-creative-browser.1BUXZk/project/frontend/tests/e2e/v2-creative-live.spec.ts:36:152
2026-10-09T13:29:28.8045326Z 
2026-10-09T13:29:28.8046536Z     Error Context: ../../receipts/v2-creative-live/test-results/v2-creative-live-real-File-81609-ore-preserve-the-manuscript-v2-live-chromium/error-context.md
2026-10-09T13:29:28.8047623Z 
2026-10-09T13:29:28.8048435Z     attachment #2: trace (application/zip) ─────────────────────────────────────────────────────────
2026-10-09T13:29:28.8049742Z     ../../receipts/v2-creative-live/test-results/v2-creative-live-real-File-81609-ore-preserve-the-manuscript-v2-live-chromium/trace.zip
2026-10-09T13:29:28.8050675Z     Usage:
2026-10-09T13:29:28.8050930Z 
2026-10-09T13:29:28.8052122Z         pnpm exec playwright show-trace ../../receipts/v2-creative-live/test-results/v2-creative-live-real-File-81609-ore-preserve-the-manuscript-v2-live-chromium/trace.zip
2026-10-09T13:29:28.8053145Z 
2026-10-09T13:29:28.8053720Z     ────────────────────────────────────────────────────────────────────────────────────────────────
2026-10-09T13:29:28.8054190Z 
2026-10-09T13:29:28.8055262Z   3) [v2-live-chromium] › tests/e2e/v2-creative-live.spec.ts:206:1 › real File V2 cancel and navigation retain dirty drafts without duplicating accepted or cancelled proposals 
2026-10-09T13:29:28.8058790Z 
2026-10-09T13:29:28.8059422Z     Error: V2 live tests require an empty isolated server; unexpected novels are unowned and must not be deleted.
2026-10-09T13:29:28.8060103Z 
2026-10-09T13:29:28.8060448Z     expect(received).toEqual(expected) // deep equality
2026-10-09T13:29:28.8060862Z 
2026-10-09T13:29:28.8061095Z     - Expected  -  1
2026-10-09T13:29:28.8061490Z     + Received  + 11
2026-10-09T13:29:28.8061814Z 
2026-10-09T13:29:28.8062038Z     - Array []
2026-10-09T13:29:28.8062394Z     + Array [
2026-10-09T13:29:28.8062745Z     +   Object {
2026-10-09T13:29:28.8063137Z     +     "chapter_count": 0,
2026-10-09T13:29:28.8063561Z     +     "genre": "",
2026-10-09T13:29:28.8063988Z     +     "id": "162effd4",
2026-10-09T13:29:28.8064419Z     +     "status": "Writing",
2026-10-09T13:29:28.8064927Z     +     "title": "可选关联合成验收",
2026-10-09T13:29:28.8065426Z     +     "updated_at": "2026-10-09T13:26:18.177656+00:00",
2026-10-09T13:29:28.8068176Z     +     "word_count": 0,
2026-10-09T13:29:28.8068859Z     +   },
2026-10-09T13:29:28.8069234Z     + ]
2026-10-09T13:29:28.8069725Z 
2026-10-09T13:29:28.8069970Z       34 | }
2026-10-09T13:29:28.8070451Z       35 | test.beforeEach(async ({ request }) => {
2026-10-09T13:29:28.8071645Z     > 36 |   expect(await read(request, '/api/novels'), 'V2 live tests require an empty isolated server; unexpected novels are unowned and must not be deleted.').toEqual([]);
2026-10-09T13:29:28.8072964Z          |                                                                                                                                                        ^
2026-10-09T13:29:28.8073722Z       37 |   ownedNovels.set(request, new Set());
2026-10-09T13:29:28.8074233Z       38 | });
2026-10-09T13:29:28.8074930Z       39 | test.afterEach(async ({ request }, info) => {
2026-10-09T13:29:28.8076126Z         at /home/runner/work/_temp/novel-ci-v2-creative-browser.1BUXZk/project/frontend/tests/e2e/v2-creative-live.spec.ts:36:152
2026-10-09T13:29:28.8077027Z 
2026-10-09T13:29:28.8077982Z     Error Context: ../../receipts/v2-creative-live/test-results/v2-creative-live-real-File-946d5-pted-or-cancelled-proposals-v2-live-chromium/error-context.md
2026-10-09T13:29:28.8079009Z 
2026-10-09T13:29:28.8079766Z     attachment #2: trace (application/zip) ─────────────────────────────────────────────────────────
2026-10-09T13:29:28.8081157Z     ../../receipts/v2-creative-live/test-results/v2-creative-live-real-File-946d5-pted-or-cancelled-proposals-v2-live-chromium/trace.zip
2026-10-09T13:29:28.8082393Z     Usage:
2026-10-09T13:29:28.8082695Z 
2026-10-09T13:29:28.8083933Z         pnpm exec playwright show-trace ../../receipts/v2-creative-live/test-results/v2-creative-live-real-File-946d5-pted-or-cancelled-proposals-v2-live-chromium/trace.zip
2026-10-09T13:29:28.8084964Z 
2026-10-09T13:29:28.8085602Z     ────────────────────────────────────────────────────────────────────────────────────────────────
2026-10-09T13:29:28.8086240Z 
2026-10-09T13:29:28.8087319Z   4) [v2-live-chromium] › tests/e2e/v2-creative-live.spec.ts:236:1 › real File V2 scope and stale-write fencing keeps the browser draft and rejects foreign sources 
2026-10-09T13:29:28.8088212Z 
2026-10-09T13:29:28.8088843Z     Error: V2 live tests require an empty isolated server; unexpected novels are unowned and must not be deleted.
2026-10-09T13:29:28.8089663Z 
2026-10-09T13:29:28.8090017Z     expect(received).toEqual(expected) // deep equality
2026-10-09T13:29:28.8090437Z 
2026-10-09T13:29:28.8090694Z     - Expected  -  1
2026-10-09T13:29:28.8091105Z     + Received  + 11
2026-10-09T13:29:28.8091392Z 
2026-10-09T13:29:28.8091652Z     - Array []
2026-10-09T13:29:28.8092033Z     + Array [
2026-10-09T13:29:28.8092405Z     +   Object {
2026-10-09T13:29:28.8092815Z     +     "chapter_count": 0,
2026-10-09T13:29:28.8093258Z     +     "genre": "",
2026-10-09T13:29:28.8093664Z     +     "id": "162effd4",
2026-10-09T13:29:28.8094114Z     +     "status": "Writing",
2026-10-09T13:29:28.8094759Z     +     "title": "可选关联合成验收",
2026-10-09T13:29:28.8095274Z     +     "updated_at": "2026-10-09T13:26:18.177656+00:00",
2026-10-09T13:29:28.8095919Z     +     "word_count": 0,
2026-10-09T13:29:28.8096324Z     +   },
2026-10-09T13:29:28.8096683Z     + ]
2026-10-09T13:29:28.8096955Z 
2026-10-09T13:29:28.8097232Z       34 | }
2026-10-09T13:29:28.8097729Z       35 | test.beforeEach(async ({ request }) => {
2026-10-09T13:29:28.8098972Z     > 36 |   expect(await read(request, '/api/novels'), 'V2 live tests require an empty isolated server; unexpected novels are unowned and must not be deleted.').toEqual([]);
2026-10-09T13:29:28.8100434Z          |                                                                                                                                                        ^
2026-10-09T13:29:28.8101199Z       37 |   ownedNovels.set(request, new Set());
2026-10-09T13:29:28.8101710Z       38 | });
2026-10-09T13:29:28.8102204Z       39 | test.afterEach(async ({ request }, info) => {
2026-10-09T13:29:28.8103241Z         at /home/runner/work/_temp/novel-ci-v2-creative-browser.1BUXZk/project/frontend/tests/e2e/v2-creative-live.spec.ts:36:152
2026-10-09T13:29:28.8104194Z 
2026-10-09T13:29:28.8105195Z     Error Context: ../../receipts/v2-creative-live/test-results/v2-creative-live-real-File-55744-and-rejects-foreign-sources-v2-live-chromium/error-context.md
2026-10-09T13:29:28.8106355Z 
2026-10-09T13:29:28.8107058Z     attachment #2: trace (application/zip) ─────────────────────────────────────────────────────────
2026-10-09T13:29:28.8108403Z     ../../receipts/v2-creative-live/test-results/v2-creative-live-real-File-55744-and-rejects-foreign-sources-v2-live-chromium/trace.zip
2026-10-09T13:29:28.8109411Z     Usage:
2026-10-09T13:29:28.8109708Z 
2026-10-09T13:29:28.8110751Z         pnpm exec playwright show-trace ../../receipts/v2-creative-live/test-results/v2-creative-live-real-File-55744-and-rejects-foreign-sources-v2-live-chromium/trace.zip
2026-10-09T13:29:28.8111813Z 
2026-10-09T13:29:28.8112423Z     ────────────────────────────────────────────────────────────────────────────────────────────────
2026-10-09T13:29:28.8112962Z 
2026-10-09T13:29:28.8114121Z   5) [v2-live-chromium] › tests/e2e/v2-creative-live.spec.ts:282:1 › real HTTP File V2 lifecycle persists reviewed direction, order, history and restored content with unchanged manuscript 
2026-10-09T13:29:28.8115114Z 
2026-10-09T13:29:28.8115647Z     Error: V2 live tests require an empty isolated server; unexpected novels are unowned and must not be deleted.
2026-10-09T13:29:28.8116415Z 
2026-10-09T13:29:28.8116721Z     expect(received).toEqual(expected) // deep equality
2026-10-09T13:29:28.8117237Z 
2026-10-09T13:29:28.8117458Z     - Expected  -  1
2026-10-09T13:29:28.8117818Z     + Received  + 11
2026-10-09T13:29:28.8118077Z 
2026-10-09T13:29:28.8118310Z     - Array []
2026-10-09T13:29:28.8118645Z     + Array [
2026-10-09T13:29:28.8118971Z     +   Object {
2026-10-09T13:29:28.8119324Z     +     "chapter_count": 0,
2026-10-09T13:29:28.8119711Z     +     "genre": "",
2026-10-09T13:29:28.8120100Z     +     "id": "162effd4",
2026-10-09T13:29:28.8120517Z     +     "status": "Writing",
2026-10-09T13:29:28.8121059Z     +     "title": "可选关联合成验收",
2026-10-09T13:29:28.8121547Z     +     "updated_at": "2026-10-09T13:26:18.177656+00:00",
2026-10-09T13:29:28.8122046Z     +     "word_count": 0,
2026-10-09T13:29:28.8122484Z     +   },
2026-10-09T13:29:28.8122833Z     + ]
2026-10-09T13:29:28.8123135Z 
2026-10-09T13:29:28.8123320Z       34 | }
2026-10-09T13:29:28.8123883Z       35 | test.beforeEach(async ({ request }) => {
2026-10-09T13:29:28.8124970Z     > 36 |   expect(await read(request, '/api/novels'), 'V2 live tests require an empty isolated server; unexpected novels are unowned and must not be deleted.').toEqual([]);
2026-10-09T13:29:28.8126813Z          |                                                                                                                                                        ^
2026-10-09T13:29:28.8127453Z       37 |   ownedNovels.set(request, new Set());
2026-10-09T13:29:28.8127827Z       38 | });
2026-10-09T13:29:28.8128184Z       39 | test.afterEach(async ({ request }, info) => {
2026-10-09T13:29:28.8129124Z         at /home/runner/work/_temp/novel-ci-v2-creative-browser.1BUXZk/project/frontend/tests/e2e/v2-creative-live.spec.ts:36:152
2026-10-09T13:29:28.8129780Z 
2026-10-09T13:29:28.8130779Z     Error Context: ../../receipts/v2-creative-live/test-results/v2-creative-live-real-HTTP-48c57-t-with-unchanged-manuscript-v2-live-chromium/error-context.md
2026-10-09T13:29:28.8131674Z 
2026-10-09T13:29:28.8132306Z     attachment #2: trace (application/zip) ─────────────────────────────────────────────────────────
2026-10-09T13:29:28.8133518Z     ../../receipts/v2-creative-live/test-results/v2-creative-live-real-HTTP-48c57-t-with-unchanged-manuscript-v2-live-chromium/trace.zip
2026-10-09T13:29:28.8134379Z     Usage:
2026-10-09T13:29:28.8134521Z 
2026-10-09T13:29:28.8135421Z         pnpm exec playwright show-trace ../../receipts/v2-creative-live/test-results/v2-creative-live-real-HTTP-48c57-t-with-unchanged-manuscript-v2-live-chromium/trace.zip
2026-10-09T13:29:28.8136463Z 
2026-10-09T13:29:28.8137200Z     ────────────────────────────────────────────────────────────────────────────────────────────────
2026-10-09T13:29:28.8137567Z 
2026-10-09T13:29:28.8138396Z   6) [v2-live-chromium] › tests/e2e/v2-creative-live.spec.ts:346:1 › real HTTP File V2 scope, cancel and stale source fences remain authoritative 
2026-10-09T13:29:28.8139095Z 
2026-10-09T13:29:28.8139596Z     Error: V2 live tests require an empty isolated server; unexpected novels are unowned and must not be deleted.
2026-10-09T13:29:28.8140128Z 
2026-10-09T13:29:28.8140355Z     expect(received).toEqual(expected) // deep equality
2026-10-09T13:29:28.8140659Z 
2026-10-09T13:29:28.8140785Z     - Expected  -  1
2026-10-09T13:29:28.8141066Z     + Received  + 11
2026-10-09T13:29:28.8141224Z 
2026-10-09T13:29:28.8141326Z     - Array []
2026-10-09T13:29:28.8141567Z     + Array [
2026-10-09T13:29:28.8141803Z     +   Object {
2026-10-09T13:29:28.8142056Z     +     "chapter_count": 0,
2026-10-09T13:29:28.8142354Z     +     "genre": "",
2026-10-09T13:29:28.8142635Z     +     "id": "162effd4",
2026-10-09T13:29:28.8142953Z     +     "status": "Writing",
2026-10-09T13:29:28.8143402Z     +     "title": "可选关联合成验收",
2026-10-09T13:29:28.8143775Z     +     "updated_at": "2026-10-09T13:26:18.177656+00:00",
2026-10-09T13:29:28.8144135Z     +     "word_count": 0,
2026-10-09T13:29:28.8144402Z     +   },
2026-10-09T13:29:28.8144617Z     + ]
2026-10-09T13:29:28.8144739Z 
2026-10-09T13:29:28.8144839Z       34 | }
2026-10-09T13:29:28.8145361Z       35 | test.beforeEach(async ({ request }) => {
2026-10-09T13:29:28.8147166Z     > 36 |   expect(await read(request, '/api/novels'), 'V2 live tests require an empty isolated server; unexpected novels are unowned and must not be deleted.').toEqual([]);
2026-10-09T13:29:28.8148395Z          |                                                                                                                                                        ^
2026-10-09T13:29:28.8148922Z       37 |   ownedNovels.set(request, new Set());
2026-10-09T13:29:28.8149289Z       38 | });
2026-10-09T13:29:28.8149592Z       39 | test.afterEach(async ({ request }, info) => {
2026-10-09T13:29:28.8150490Z         at /home/runner/work/_temp/novel-ci-v2-creative-browser.1BUXZk/project/frontend/tests/e2e/v2-creative-live.spec.ts:36:152
2026-10-09T13:29:28.8151142Z 
2026-10-09T13:29:28.8152020Z     Error Context: ../../receipts/v2-creative-live/test-results/v2-creative-live-real-HTTP-350ed-fences-remain-authoritative-v2-live-chromium/error-context.md
2026-10-09T13:29:28.8152932Z 
2026-10-09T13:29:28.8153534Z     attachment #2: trace (application/zip) ─────────────────────────────────────────────────────────
2026-10-09T13:29:28.8154682Z     ../../receipts/v2-creative-live/test-results/v2-creative-live-real-HTTP-350ed-fences-remain-authoritative-v2-live-chromium/trace.zip
2026-10-09T13:29:28.8155567Z     Usage:
2026-10-09T13:29:28.8155870Z 
2026-10-09T13:29:28.8156759Z         pnpm exec playwright show-trace ../../receipts/v2-creative-live/test-results/v2-creative-live-real-HTTP-350ed-fences-remain-authoritative-v2-live-chromium/trace.zip
2026-10-09T13:29:28.8157638Z 
2026-10-09T13:29:28.8157964Z     ────────────────────────────────────────────────────────────────────────────────────────────────
2026-10-09T13:29:28.8158190Z 
2026-10-09T13:29:28.8158843Z   7) [v2-live-chromium] › tests/e2e/v2-independent-studio-live.spec.ts:80:1 › real File independent studio imports, persists, reopens and exports an image with no chapters or model mutation 
2026-10-09T13:29:28.8159386Z 
2026-10-09T13:29:28.8159706Z     Error: Independent studio acceptance requires an empty isolated server; unowned inventory must never be removed.
2026-10-09T13:29:28.8160044Z 
2026-10-09T13:29:28.8160186Z     expect(received).toEqual(expected) // deep equality
2026-10-09T13:29:28.8160364Z 
2026-10-09T13:29:28.8160444Z     - Expected  -  1
2026-10-09T13:29:28.8160622Z     + Received  + 11
2026-10-09T13:29:28.8160716Z 
2026-10-09T13:29:28.8160786Z     - Array []
2026-10-09T13:29:28.8160976Z     + Array [
2026-10-09T13:29:28.8161140Z     +   Object {
2026-10-09T13:29:28.8161309Z     +     "chapter_count": 0,
2026-10-09T13:29:28.8161504Z     +     "genre": "",
2026-10-09T13:29:28.8161679Z     +     "id": "162effd4",
2026-10-09T13:29:28.8161878Z     +     "status": "Writing",
2026-10-09T13:29:28.8162126Z     +     "title": "可选关联合成验收",
2026-10-09T13:29:28.8162385Z     +     "updated_at": "2026-10-09T13:26:18.177656+00:00",
2026-10-09T13:29:28.8162657Z     +     "word_count": 0,
2026-10-09T13:29:28.8162972Z     +   },
2026-10-09T13:29:28.8163126Z     + ]
2026-10-09T13:29:28.8163228Z 
2026-10-09T13:29:28.8163346Z       62 |   ownedIDs.set(request, new Set());
2026-10-09T13:29:28.8163651Z       63 |   ownedPages.set(request, page);
2026-10-09T13:29:28.8164333Z     > 64 |   expect(await read(request, '/api/novels'), 'Independent studio acceptance requires an empty isolated server; unowned inventory must never be removed.').toEqual([]);
2026-10-09T13:29:28.8165065Z          |                                                                                                                                                           ^
2026-10-09T13:29:28.8165416Z       65 | });
2026-10-09T13:29:28.8165652Z       66 | test.afterEach(async ({ request }, info) => {
2026-10-09T13:29:28.8166977Z       67 |   const page = ownedPages.get(request);
2026-10-09T13:29:28.8167627Z         at /home/runner/work/_temp/novel-ci-v2-creative-browser.1BUXZk/project/frontend/tests/e2e/v2-independent-studio-live.spec.ts:64:155
2026-10-09T13:29:28.8168082Z 
2026-10-09T13:29:28.8168339Z     Error: Only owned fixtures were deleted; unexpected inventory is preserved and reported.
2026-10-09T13:29:28.8168634Z 
2026-10-09T13:29:28.8168778Z     expect(received).toEqual(expected) // deep equality
2026-10-09T13:29:28.8168975Z 
2026-10-09T13:29:28.8169053Z     - Expected  -  1
2026-10-09T13:29:28.8169229Z     + Received  + 11
2026-10-09T13:29:28.8169347Z 
2026-10-09T13:29:28.8169419Z     - Array []
2026-10-09T13:29:28.8169575Z     + Array [
2026-10-09T13:29:28.8169749Z     +   Object {
2026-10-09T13:29:28.8169918Z     +     "chapter_count": 0,
2026-10-09T13:29:28.8170132Z     +     "genre": "",
2026-10-09T13:29:28.8170306Z     +     "id": "162effd4",
2026-10-09T13:29:28.8170507Z     +     "status": "Writing",
2026-10-09T13:29:28.8170779Z     +     "title": "可选关联合成验收",
2026-10-09T13:29:28.8171014Z     +     "updated_at": "2026-10-09T13:26:18.177656+00:00",
2026-10-09T13:29:28.8171268Z     +     "word_count": 0,
2026-10-09T13:29:28.8171443Z     +   },
2026-10-09T13:29:28.8171596Z     + ]
2026-10-09T13:29:28.8171698Z 
2026-10-09T13:29:28.8171825Z       75 |     expect(await response.text()).toBe('');
2026-10-09T13:29:28.8172072Z       76 |   }
2026-10-09T13:29:28.8172592Z     > 77 |   expect(await read(request, '/api/novels'), 'Only owned fixtures were deleted; unexpected inventory is preserved and reported.').toEqual([]);
2026-10-09T13:29:28.8173236Z          |                                                                                                                                   ^
2026-10-09T13:29:28.8173800Z       78 | });
2026-10-09T13:29:28.8174038Z       79 |
2026-10-09T13:29:28.8174933Z       80 | test('real File independent studio imports, persists, reopens and exports an image with no chapters or model mutation', async ({ page, request }, info) => {
2026-10-09T13:29:28.8176104Z         at /home/runner/work/_temp/novel-ci-v2-creative-browser.1BUXZk/project/frontend/tests/e2e/v2-independent-studio-live.spec.ts:77:131
2026-10-09T13:29:28.8176580Z 
2026-10-09T13:29:28.8176953Z     attachment #1: screenshot (image/png) ──────────────────────────────────────────────────────────
2026-10-09T13:29:28.8177727Z     ../../receipts/v2-creative-live/test-results/v2-independent-studio-live-8fbb1--chapters-or-model-mutation-v2-live-chromium/test-failed-1.png
2026-10-09T13:29:28.8178511Z     ────────────────────────────────────────────────────────────────────────────────────────────────
2026-10-09T13:29:28.8178734Z 
2026-10-09T13:29:28.8179112Z     attachment #2: independent-studio-failure-before-cleanup (image/png) ───────────────────────────
2026-10-09T13:29:28.8180273Z     ../../receipts/v2-creative-live/test-results/v2-independent-studio-live-8fbb1--chapters-or-model-mutation-v2-live-chromium/attachments/independent-studio-failure-before-cleanup-a9abd5e06974f28f5c4ef4c100ef9af2753b1b01.png
2026-10-09T13:29:28.8181402Z     ────────────────────────────────────────────────────────────────────────────────────────────────
2026-10-09T13:29:28.8181623Z 
2026-10-09T13:29:28.8182331Z     Error Context: ../../receipts/v2-creative-live/test-results/v2-independent-studio-live-8fbb1--chapters-or-model-mutation-v2-live-chromium/error-context.md
2026-10-09T13:29:28.8182882Z 
2026-10-09T13:29:28.8183213Z     attachment #4: trace (application/zip) ─────────────────────────────────────────────────────────
2026-10-09T13:29:28.8183954Z     ../../receipts/v2-creative-live/test-results/v2-independent-studio-live-8fbb1--chapters-or-model-mutation-v2-live-chromium/trace.zip
2026-10-09T13:29:28.8184515Z     Usage:
2026-10-09T13:29:28.8184612Z 
2026-10-09T13:29:28.8185172Z         pnpm exec playwright show-trace ../../receipts/v2-creative-live/test-results/v2-independent-studio-live-8fbb1--chapters-or-model-mutation-v2-live-chromium/trace.zip
2026-10-09T13:29:28.8185886Z 
2026-10-09T13:29:28.8186180Z     ────────────────────────────────────────────────────────────────────────────────────────────────
2026-10-09T13:29:28.8186416Z 
2026-10-09T13:29:28.8187101Z   8) [v2-live-chromium] › tests/e2e/v2-independent-studio-live.spec.ts:199:1 › real File independent VIDEO imports, decodes, reopens and exports original bytes without chapters or director 
2026-10-09T13:29:28.8187653Z 
2026-10-09T13:29:28.8188013Z     Error: Independent studio acceptance requires an empty isolated server; unowned inventory must never be removed.
2026-10-09T13:29:28.8188362Z 
2026-10-09T13:29:28.8188523Z     expect(received).toEqual(expected) // deep equality
2026-10-09T13:29:28.8188717Z 
2026-10-09T13:29:28.8188801Z     - Expected  -  1
2026-10-09T13:29:28.8189125Z     + Received  + 11
2026-10-09T13:29:28.8189227Z 
2026-10-09T13:29:28.8189308Z     - Array []
2026-10-09T13:29:28.8189467Z     + Array [
2026-10-09T13:29:28.8189632Z     +   Object {
2026-10-09T13:29:28.8189815Z     +     "chapter_count": 0,
2026-10-09T13:29:28.8190017Z     +     "genre": "",
2026-10-09T13:29:28.8190193Z     +     "id": "162effd4",
2026-10-09T13:29:28.8190408Z     +     "status": "Writing",
2026-10-09T13:29:28.8190665Z     +     "title": "可选关联合成验收",
2026-10-09T13:29:28.8190949Z     +     "updated_at": "2026-10-09T13:26:18.177656+00:00",
2026-10-09T13:29:28.8191220Z     +     "word_count": 0,
2026-10-09T13:29:28.8191408Z     +   },
2026-10-09T13:29:28.8191570Z     + ]
2026-10-09T13:29:28.8191659Z 
2026-10-09T13:29:28.8191786Z       62 |   ownedIDs.set(request, new Set());
2026-10-09T13:29:28.8192062Z       63 |   ownedPages.set(request, page);
2026-10-09T13:29:28.8192701Z     > 64 |   expect(await read(request, '/api/novels'), 'Independent studio acceptance requires an empty isolated server; unowned inventory must never be removed.').toEqual([]);
2026-10-09T13:29:28.8193427Z          |                                                                                                                                                           ^
2026-10-09T13:29:28.8193755Z       65 | });
2026-10-09T13:29:28.8193986Z       66 | test.afterEach(async ({ request }, info) => {
2026-10-09T13:29:28.8194301Z       67 |   const page = ownedPages.get(request);
2026-10-09T13:29:28.8195021Z         at /home/runner/work/_temp/novel-ci-v2-creative-browser.1BUXZk/project/frontend/tests/e2e/v2-independent-studio-live.spec.ts:64:155
2026-10-09T13:29:28.8195456Z 
2026-10-09T13:29:28.8195841Z     Error: Only owned fixtures were deleted; unexpected inventory is preserved and reported.
2026-10-09T13:29:28.8196151Z 
2026-10-09T13:29:28.8196300Z     expect(received).toEqual(expected) // deep equality
2026-10-09T13:29:28.8196481Z 
2026-10-09T13:29:28.8196560Z     - Expected  -  1
2026-10-09T13:29:28.8196752Z     + Received  + 11
2026-10-09T13:29:28.8196853Z 
2026-10-09T13:29:28.8196931Z     - Array []
2026-10-09T13:29:28.8197094Z     + Array [
2026-10-09T13:29:28.8197262Z     +   Object {
2026-10-09T13:29:28.8197443Z     +     "chapter_count": 0,
2026-10-09T13:29:28.8197644Z     +     "genre": "",
2026-10-09T13:29:28.8197825Z     +     "id": "162effd4",
2026-10-09T13:29:28.8198024Z     +     "status": "Writing",
2026-10-09T13:29:28.8198305Z     +     "title": "可选关联合成验收",
2026-10-09T13:29:28.8198571Z     +     "updated_at": "2026-10-09T13:26:18.177656+00:00",
2026-10-09T13:29:28.8198826Z     +     "word_count": 0,
2026-10-09T13:29:28.8199022Z     +   },
2026-10-09T13:29:28.8199185Z     + ]
2026-10-09T13:29:28.8199274Z 
2026-10-09T13:29:28.8199410Z       75 |     expect(await response.text()).toBe('');
2026-10-09T13:29:28.8199668Z       76 |   }
2026-10-09T13:29:28.8200180Z     > 77 |   expect(await read(request, '/api/novels'), 'Only owned fixtures were deleted; unexpected inventory is preserved and reported.').toEqual([]);
2026-10-09T13:29:28.8200836Z          |                                                                                                                                   ^
2026-10-09T13:29:28.8201155Z       78 | });
2026-10-09T13:29:28.8201304Z       79 |
2026-10-09T13:29:28.8201871Z       80 | test('real File independent studio imports, persists, reopens and exports an image with no chapters or model mutation', async ({ page, request }, info) => {
2026-10-09T13:29:28.8202757Z         at /home/runner/work/_temp/novel-ci-v2-creative-browser.1BUXZk/project/frontend/tests/e2e/v2-independent-studio-live.spec.ts:77:131
2026-10-09T13:29:28.8203193Z 
2026-10-09T13:29:28.8203549Z     attachment #1: screenshot (image/png) ──────────────────────────────────────────────────────────
2026-10-09T13:29:28.8204337Z     ../../receipts/v2-creative-live/test-results/v2-independent-studio-live-33a70-ithout-chapters-or-director-v2-live-chromium/test-failed-1.png
2026-10-09T13:29:28.8205134Z     ────────────────────────────────────────────────────────────────────────────────────────────────
2026-10-09T13:29:28.8205474Z 
2026-10-09T13:29:28.8205994Z     attachment #2: independent-studio-failure-before-cleanup (image/png) ───────────────────────────
2026-10-09T13:29:28.8207140Z     ../../receipts/v2-creative-live/test-results/v2-independent-studio-live-33a70-ithout-chapters-or-director-v2-live-chromium/attachments/independent-studio-failure-before-cleanup-6feb11da00f18db835d9999944efd9d14f423fa4.png
2026-10-09T13:29:28.8208241Z     ────────────────────────────────────────────────────────────────────────────────────────────────
2026-10-09T13:29:28.8208470Z 
2026-10-09T13:29:28.8208958Z     Error Context: ../../receipts/v2-creative-live/test-results/v2-independent-studio-live-33a70-ithout-chapters-or-director-v2-live-chromium/error-context.md
2026-10-09T13:29:28.8209451Z 
2026-10-09T13:29:28.8209751Z     attachment #4: trace (application/zip) ─────────────────────────────────────────────────────────
2026-10-09T13:29:28.8210571Z     ../../receipts/v2-creative-live/test-results/v2-independent-studio-live-33a70-ithout-chapters-or-director-v2-live-chromium/trace.zip
2026-10-09T13:29:28.8211086Z     Usage:
2026-10-09T13:29:28.8211223Z 
2026-10-09T13:29:28.8212123Z         pnpm exec playwright show-trace ../../receipts/v2-creative-live/test-results/v2-independent-studio-live-33a70-ithout-chapters-or-director-v2-live-chromium/trace.zip
2026-10-09T13:29:28.8213086Z 
2026-10-09T13:29:28.8213822Z     ────────────────────────────────────────────────────────────────────────────────────────────────
2026-10-09T13:29:28.8214213Z 
2026-10-09T13:29:28.8214323Z   8 failed
2026-10-09T13:29:28.8215257Z     [v2-live-chromium] › tests/e2e/v2-asset-relationships-live.spec.ts:14:1 › real File optional asset relationships persist, protect targets and remove explicitly with no chapter prerequisite 
2026-10-09T13:29:28.8216803Z     [v2-live-chromium] › tests/e2e/v2-creative-live.spec.ts:111:1 › real File V2 authoring: reviewed direction, ordered storyboard, production history and restore preserve the manuscript 
2026-10-09T13:29:28.8217860Z     [v2-live-chromium] › tests/e2e/v2-creative-live.spec.ts:206:1 › real File V2 cancel and navigation retain dirty drafts without duplicating accepted or cancelled proposals 
2026-10-09T13:29:28.8218803Z     [v2-live-chromium] › tests/e2e/v2-creative-live.spec.ts:236:1 › real File V2 scope and stale-write fencing keeps the browser draft and rejects foreign sources 
2026-10-09T13:29:28.8219804Z     [v2-live-chromium] › tests/e2e/v2-creative-live.spec.ts:282:1 › real HTTP File V2 lifecycle persists reviewed direction, order, history and restored content with unchanged manuscript 
2026-10-09T13:29:28.8220717Z     [v2-live-chromium] › tests/e2e/v2-creative-live.spec.ts:346:1 › real HTTP File V2 scope, cancel and stale source fences remain authoritative 
2026-10-09T13:29:28.8221680Z     [v2-live-chromium] › tests/e2e/v2-independent-studio-live.spec.ts:80:1 › real File independent studio imports, persists, reopens and exports an image with no chapters or model mutation 
2026-10-09T13:29:28.8222935Z     [v2-live-chromium] › tests/e2e/v2-independent-studio-live.spec.ts:199:1 › real File independent VIDEO imports, decodes, reopens and exports original bytes without chapters or director 
2026-10-09T13:29:28.8223504Z   4 passed (3.5m)
2026-10-09T13:29:28.8351257Z ##[error]Process completed with exit code 1.
2026-10-09T13:29:28.8398314Z ##[group]Run set -o pipefail
2026-10-09T13:29:28.8398564Z [36;1mset -o pipefail[0m
2026-10-09T13:29:28.8399099Z [36;1mpnpm exec playwright test --config playwright.creative.config.ts --update-snapshots=none --reporter=list,junit 2>&1 | tee "$CI_RECEIPTS/v2-creative-workbench.log"[0m
2026-10-09T13:29:28.8455479Z shell: /usr/bin/bash -e {0}
2026-10-09T13:29:28.8455845Z env:
2026-10-09T13:29:28.8456002Z   MOCK_PROVIDER: true
2026-10-09T13:29:28.8456176Z   MOCK_STREAM_DELAY_MS: 0
2026-10-09T13:29:28.8456354Z   ENABLE_CLOUD: false
2026-10-09T13:29:28.8456533Z   CREDENTIAL_VAULT_BACKEND: memory
2026-10-09T13:29:28.8456775Z   CREDENTIAL_VAULT_ALLOW_MEMORY_FALLBACK: true
2026-10-09T13:29:28.8457015Z   PYTHONDONTWRITEBYTECODE: 1
2026-10-09T13:29:28.8457204Z   HF_HUB_OFFLINE: 1
2026-10-09T13:29:28.8457366Z   TRANSFORMERS_OFFLINE: 1
2026-10-09T13:29:28.8457597Z   pythonLocation: /opt/hostedtoolcache/Python/3.12.9/x64
2026-10-09T13:29:28.8457936Z   PKG_CONFIG_PATH: /opt/hostedtoolcache/Python/3.12.9/x64/lib/pkgconfig
2026-10-09T13:29:28.8458254Z   Python_ROOT_DIR: /opt/hostedtoolcache/Python/3.12.9/x64
2026-10-09T13:29:28.8458539Z   Python2_ROOT_DIR: /opt/hostedtoolcache/Python/3.12.9/x64
2026-10-09T13:29:28.8458817Z   Python3_ROOT_DIR: /opt/hostedtoolcache/Python/3.12.9/x64
2026-10-09T13:29:28.8459097Z   LD_LIBRARY_PATH: /opt/hostedtoolcache/Python/3.12.9/x64/lib
2026-10-09T13:29:28.8459389Z   CI_COVERAGE_SHA: 57986cb13d452731baf82bbc242bfc79f9cfd145
2026-10-09T13:29:28.8459671Z   CI_COVERAGE_TREE: 7b06f7eb213893ec41e4ded14810b82b070b7dc7
2026-10-09T13:29:28.8459997Z   CI_SANDBOX: /home/runner/work/_temp/novel-ci-v2-creative-browser.1BUXZk
2026-10-09T13:29:28.8460386Z   CI_PROJECT: /home/runner/work/_temp/novel-ci-v2-creative-browser.1BUXZk/project
2026-10-09T13:29:28.8460797Z   CI_RECEIPTS: /home/runner/work/_temp/novel-ci-v2-creative-browser.1BUXZk/receipts
2026-10-09T13:29:28.8461201Z   HOME: /home/runner/work/_temp/novel-ci-v2-creative-browser.1BUXZk/home
2026-10-09T13:29:28.8461591Z   USERPROFILE: /home/runner/work/_temp/novel-ci-v2-creative-browser.1BUXZk/home
2026-10-09T13:29:28.8461982Z   APPDATA: /home/runner/work/_temp/novel-ci-v2-creative-browser.1BUXZk/appdata
2026-10-09T13:29:28.8462401Z   LOCALAPPDATA: /home/runner/work/_temp/novel-ci-v2-creative-browser.1BUXZk/localappdata
2026-10-09T13:29:28.8462834Z   XDG_CONFIG_HOME: /home/runner/work/_temp/novel-ci-v2-creative-browser.1BUXZk/config
2026-10-09T13:29:28.8463243Z   XDG_CACHE_HOME: /home/runner/work/_temp/novel-ci-v2-creative-browser.1BUXZk/cache
2026-10-09T13:29:28.8463645Z   XDG_DATA_HOME: /home/runner/work/_temp/novel-ci-v2-creative-browser.1BUXZk/data
2026-10-09T13:29:28.8464045Z   XDG_STATE_HOME: /home/runner/work/_temp/novel-ci-v2-creative-browser.1BUXZk/state
2026-10-09T13:29:28.8464425Z   TMPDIR: /home/runner/work/_temp/novel-ci-v2-creative-browser.1BUXZk/tmp
2026-10-09T13:29:28.8464785Z   TMP: /home/runner/work/_temp/novel-ci-v2-creative-browser.1BUXZk/tmp
2026-10-09T13:29:28.8465134Z   TEMP: /home/runner/work/_temp/novel-ci-v2-creative-browser.1BUXZk/tmp
2026-10-09T13:29:28.8465509Z   PROJECT_ROOT: /home/runner/work/_temp/novel-ci-v2-creative-browser.1BUXZk/project
2026-10-09T13:29:28.8466127Z   NOVEL_DATA_PATH: /home/runner/work/_temp/novel-ci-v2-creative-browser.1BUXZk/data/novels
2026-10-09T13:29:28.8466560Z   BACKUP_PATH: /home/runner/work/_temp/novel-ci-v2-creative-browser.1BUXZk/data/backups
2026-10-09T13:29:28.8467047Z   DATABASE_BACKUP_PATH: /home/runner/work/_temp/novel-ci-v2-creative-browser.1BUXZk/data/database-backups
2026-10-09T13:29:28.8467548Z   KNOWLEDGE_SOURCE_PATH: /home/runner/work/_temp/novel-ci-v2-creative-browser.1BUXZk/data/novels
2026-10-09T13:29:28.8468263Z   PLAYWRIGHT_JUNIT_OUTPUT_FILE: /home/runner/work/_temp/novel-ci-v2-creative-browser.1BUXZk/receipts/v2-creative-workbench.xml
2026-10-09T13:29:28.8468686Z ##[endgroup]
2026-10-09T13:29:30.1766463Z 
2026-10-09T13:29:30.1767076Z Running 8 tests using 1 worker
2026-10-09T13:29:30.1767385Z 
2026-10-09T13:29:33.1317859Z   ✓  1 [chromium] › tests/visual/creative-workbench.spec.ts:49:1 › V2 remains off with no creative API requests (2.3s)
2026-10-09T13:29:34.6334216Z   ✓  2 [chromium] › tests/visual/creative-workbench.spec.ts:51:1 › keyboard stages and cancelled exit preserve unsaved creative content (1.5s)
2026-10-09T13:29:36.0298809Z   ✓  3 [chromium] › tests/visual/creative-workbench.spec.ts:53:117 › V2 shared-shell geometry 1366x768 (1.4s)
2026-10-09T13:29:37.4082996Z   ✓  4 [chromium] › tests/visual/creative-workbench.spec.ts:53:117 › V2 shared-shell geometry 1440x900 (1.4s)
2026-10-09T13:29:38.8733497Z   ✓  5 [chromium] › tests/visual/creative-workbench.spec.ts:53:117 › V2 shared-shell geometry 1920x1080 (1.5s)
2026-10-09T13:29:40.3353937Z   ✓  6 [chromium] › tests/visual/creative-workbench.spec.ts:55:117 › V2 timeline header shields scrolled reorder controls 1366x768 (1.5s)
2026-10-09T13:29:41.8714756Z   ✓  7 [chromium] › tests/visual/creative-workbench.spec.ts:55:117 › V2 timeline header shields scrolled reorder controls 1440x900 (1.5s)
2026-10-09T13:29:43.3684654Z   ✓  8 [chromium] › tests/visual/creative-workbench.spec.ts:55:117 › V2 timeline header shields scrolled reorder controls 1920x1080 (1.5s)
2026-10-09T13:29:43.4431734Z 
2026-10-09T13:29:43.4432320Z   8 passed (13.8s)
2026-10-09T13:29:43.4646311Z ##[group]Run if [ -f "$CI_RECEIPTS/v2-creative-live/junit.xml" ]; then
2026-10-09T13:29:43.4646731Z [36;1mif [ -f "$CI_RECEIPTS/v2-creative-live/junit.xml" ]; then[0m
2026-10-09T13:29:43.4647134Z [36;1m  cp "$CI_RECEIPTS/v2-creative-live/junit.xml" "$CI_RECEIPTS/v2-creative-live.xml"[0m
2026-10-09T13:29:43.4647460Z [36;1mfi[0m
2026-10-09T13:29:43.4647677Z [36;1mpython3 .github/ci/receipt.py "$CI_RECEIPTS"[0m
2026-10-09T13:29:43.4705896Z shell: /usr/bin/bash -e {0}
2026-10-09T13:29:43.4706104Z env:
2026-10-09T13:29:43.4706267Z   MOCK_PROVIDER: true
2026-10-09T13:29:43.4706447Z   MOCK_STREAM_DELAY_MS: 0
2026-10-09T13:29:43.4706632Z   ENABLE_CLOUD: false
2026-10-09T13:29:43.4706813Z   CREDENTIAL_VAULT_BACKEND: memory
2026-10-09T13:29:43.4707046Z   CREDENTIAL_VAULT_ALLOW_MEMORY_FALLBACK: true
2026-10-09T13:29:43.4707286Z   PYTHONDONTWRITEBYTECODE: 1
2026-10-09T13:29:43.4707478Z   HF_HUB_OFFLINE: 1
2026-10-09T13:29:43.4707646Z   TRANSFORMERS_OFFLINE: 1
2026-10-09T13:29:43.4707926Z   pythonLocation: /opt/hostedtoolcache/Python/3.12.9/x64
2026-10-09T13:29:43.4708264Z   PKG_CONFIG_PATH: /opt/hostedtoolcache/Python/3.12.9/x64/lib/pkgconfig
2026-10-09T13:29:43.4708582Z   Python_ROOT_DIR: /opt/hostedtoolcache/Python/3.12.9/x64
2026-10-09T13:29:43.4708868Z   Python2_ROOT_DIR: /opt/hostedtoolcache/Python/3.12.9/x64
2026-10-09T13:29:43.4709149Z   Python3_ROOT_DIR: /opt/hostedtoolcache/Python/3.12.9/x64
2026-10-09T13:29:43.4709442Z   LD_LIBRARY_PATH: /opt/hostedtoolcache/Python/3.12.9/x64/lib
2026-10-09T13:29:43.4709741Z   CI_COVERAGE_SHA: 57986cb13d452731baf82bbc242bfc79f9cfd145
2026-10-09T13:29:43.4710026Z   CI_COVERAGE_TREE: 7b06f7eb213893ec41e4ded14810b82b070b7dc7
2026-10-09T13:29:43.4710362Z   CI_SANDBOX: /home/runner/work/_temp/novel-ci-v2-creative-browser.1BUXZk
2026-10-09T13:29:43.4710757Z   CI_PROJECT: /home/runner/work/_temp/novel-ci-v2-creative-browser.1BUXZk/project
2026-10-09T13:29:43.4711161Z   CI_RECEIPTS: /home/runner/work/_temp/novel-ci-v2-creative-browser.1BUXZk/receipts
2026-10-09T13:29:43.4711550Z   HOME: /home/runner/work/_temp/novel-ci-v2-creative-browser.1BUXZk/home
2026-10-09T13:29:43.4711929Z   USERPROFILE: /home/runner/work/_temp/novel-ci-v2-creative-browser.1BUXZk/home
2026-10-09T13:29:43.4712328Z   APPDATA: /home/runner/work/_temp/novel-ci-v2-creative-browser.1BUXZk/appdata
2026-10-09T13:29:43.4712741Z   LOCALAPPDATA: /home/runner/work/_temp/novel-ci-v2-creative-browser.1BUXZk/localappdata
2026-10-09T13:29:43.4713373Z   XDG_CONFIG_HOME: /home/runner/work/_temp/novel-ci-v2-creative-browser.1BUXZk/config
2026-10-09T13:29:43.4713803Z   XDG_CACHE_HOME: /home/runner/work/_temp/novel-ci-v2-creative-browser.1BUXZk/cache
2026-10-09T13:29:43.4714204Z   XDG_DATA_HOME: /home/runner/work/_temp/novel-ci-v2-creative-browser.1BUXZk/data
2026-10-09T13:29:43.4714599Z   XDG_STATE_HOME: /home/runner/work/_temp/novel-ci-v2-creative-browser.1BUXZk/state
2026-10-09T13:29:43.4714984Z   TMPDIR: /home/runner/work/_temp/novel-ci-v2-creative-browser.1BUXZk/tmp
2026-10-09T13:29:43.4715348Z   TMP: /home/runner/work/_temp/novel-ci-v2-creative-browser.1BUXZk/tmp
2026-10-09T13:29:43.4715850Z   TEMP: /home/runner/work/_temp/novel-ci-v2-creative-browser.1BUXZk/tmp
2026-10-09T13:29:43.4716275Z   PROJECT_ROOT: /home/runner/work/_temp/novel-ci-v2-creative-browser.1BUXZk/project
2026-10-09T13:29:43.4716707Z   NOVEL_DATA_PATH: /home/runner/work/_temp/novel-ci-v2-creative-browser.1BUXZk/data/novels
2026-10-09T13:29:43.4717145Z   BACKUP_PATH: /home/runner/work/_temp/novel-ci-v2-creative-browser.1BUXZk/data/backups
2026-10-09T13:29:43.4717630Z   DATABASE_BACKUP_PATH: /home/runner/work/_temp/novel-ci-v2-creative-browser.1BUXZk/data/database-backups
2026-10-09T13:29:43.4718126Z   KNOWLEDGE_SOURCE_PATH: /home/runner/work/_temp/novel-ci-v2-creative-browser.1BUXZk/data/novels
2026-10-09T13:29:43.4718474Z ##[endgroup]
2026-10-09T13:29:43.5988535Z {
2026-10-09T13:29:43.5990629Z   "revision": "checked_out_sha=57986cb13d452731baf82bbc242bfc79f9cfd145\nevent_sha=57986cb13d452731baf82bbc242bfc79f9cfd145\nrun_url=https://github.com/1785235376-blip/AI-Novel-Studio/actions/runs/37936615942\njob=v2-creative-browser\nplatform=Linux; native Windows host/AppContainer/installer=NOT RUN\n",
2026-10-09T13:29:43.5991923Z   "test_reports": {
2026-10-09T13:29:43.5992119Z     "v2-creative-live.xml": {
2026-10-09T13:29:43.5992322Z       "tests": 12,
2026-10-09T13:29:43.5992490Z       "failures": 7,
2026-10-09T13:29:43.5992670Z       "errors": 1,
2026-10-09T13:29:43.5992831Z       "skipped": 0
2026-10-09T13:29:43.5992995Z     },
2026-10-09T13:29:43.5993186Z     "v2-creative-workbench.xml": {
2026-10-09T13:29:43.5993398Z       "tests": 8,
2026-10-09T13:29:43.5993564Z       "failures": 0,
2026-10-09T13:29:43.5993730Z       "errors": 0,
2026-10-09T13:29:43.5993889Z       "skipped": 0
2026-10-09T13:29:43.5994050Z     }
2026-10-09T13:29:43.5994193Z   },
2026-10-09T13:29:43.5994370Z   "report_status": "RECORDED",
2026-10-09T13:29:43.5994645Z   "native_windows_host_appcontainer_installer": "NOT RUN",
2026-10-09T13:29:43.5994971Z   "real_model_and_paid_provider_execution": "NOT RUN"
2026-10-09T13:29:43.5995205Z }
2026-10-09T13:29:43.5995291Z 
2026-10-09T13:29:43.6090386Z ##[group]Run actions/upload-artifact@v4.6.2
2026-10-09T13:29:43.6090627Z with:
2026-10-09T13:29:43.6090909Z   name: v2-creative-browser-57986cb13d452731baf82bbc242bfc79f9cfd145-attempt-1
2026-10-09T13:29:43.6091642Z   path: /home/runner/work/_temp/novel-ci-v2-creative-browser.1BUXZk/receipts
/home/runner/work/_temp/novel-ci-v2-creative-browser.1BUXZk/project/frontend/test-results/creative-workbench

2026-10-09T13:29:43.6092251Z   if-no-files-found: error
2026-10-09T13:29:43.6092443Z   retention-days: 14
2026-10-09T13:29:43.6092618Z   compression-level: 6
2026-10-09T13:29:43.6092794Z   overwrite: false
2026-10-09T13:29:43.6092968Z   include-hidden-files: false
2026-10-09T13:29:43.6093154Z env:
2026-10-09T13:29:43.6093307Z   MOCK_PROVIDER: true
2026-10-09T13:29:43.6093481Z   MOCK_STREAM_DELAY_MS: 0
2026-10-09T13:29:43.6093659Z   ENABLE_CLOUD: false
2026-10-09T13:29:43.6093833Z   CREDENTIAL_VAULT_BACKEND: memory
2026-10-09T13:29:43.6094087Z   CREDENTIAL_VAULT_ALLOW_MEMORY_FALLBACK: true
2026-10-09T13:29:43.6094326Z   PYTHONDONTWRITEBYTECODE: 1
2026-10-09T13:29:43.6094515Z   HF_HUB_OFFLINE: 1
2026-10-09T13:29:43.6094680Z   TRANSFORMERS_OFFLINE: 1
2026-10-09T13:29:43.6094906Z   pythonLocation: /opt/hostedtoolcache/Python/3.12.9/x64
2026-10-09T13:29:43.6095230Z   PKG_CONFIG_PATH: /opt/hostedtoolcache/Python/3.12.9/x64/lib/pkgconfig
2026-10-09T13:29:43.6095822Z   Python_ROOT_DIR: /opt/hostedtoolcache/Python/3.12.9/x64
2026-10-09T13:29:43.6096120Z   Python2_ROOT_DIR: /opt/hostedtoolcache/Python/3.12.9/x64
2026-10-09T13:29:43.6096411Z   Python3_ROOT_DIR: /opt/hostedtoolcache/Python/3.12.9/x64
2026-10-09T13:29:43.6096708Z   LD_LIBRARY_PATH: /opt/hostedtoolcache/Python/3.12.9/x64/lib
2026-10-09T13:29:43.6097010Z   CI_COVERAGE_SHA: 57986cb13d452731baf82bbc242bfc79f9cfd145
2026-10-09T13:29:43.6097304Z   CI_COVERAGE_TREE: 7b06f7eb213893ec41e4ded14810b82b070b7dc7
2026-10-09T13:29:43.6097639Z   CI_SANDBOX: /home/runner/work/_temp/novel-ci-v2-creative-browser.1BUXZk
2026-10-09T13:29:43.6098033Z   CI_PROJECT: /home/runner/work/_temp/novel-ci-v2-creative-browser.1BUXZk/project
2026-10-09T13:29:43.6098451Z   CI_RECEIPTS: /home/runner/work/_temp/novel-ci-v2-creative-browser.1BUXZk/receipts
2026-10-09T13:29:43.6098839Z   HOME: /home/runner/work/_temp/novel-ci-v2-creative-browser.1BUXZk/home
2026-10-09T13:29:43.6099225Z   USERPROFILE: /home/runner/work/_temp/novel-ci-v2-creative-browser.1BUXZk/home
2026-10-09T13:29:43.6099624Z   APPDATA: /home/runner/work/_temp/novel-ci-v2-creative-browser.1BUXZk/appdata
2026-10-09T13:29:43.6100044Z   LOCALAPPDATA: /home/runner/work/_temp/novel-ci-v2-creative-browser.1BUXZk/localappdata
2026-10-09T13:29:43.6100485Z   XDG_CONFIG_HOME: /home/runner/work/_temp/novel-ci-v2-creative-browser.1BUXZk/config
2026-10-09T13:29:43.6100899Z   XDG_CACHE_HOME: /home/runner/work/_temp/novel-ci-v2-creative-browser.1BUXZk/cache
2026-10-09T13:29:43.6101305Z   XDG_DATA_HOME: /home/runner/work/_temp/novel-ci-v2-creative-browser.1BUXZk/data
2026-10-09T13:29:43.6101705Z   XDG_STATE_HOME: /home/runner/work/_temp/novel-ci-v2-creative-browser.1BUXZk/state
2026-10-09T13:29:43.6102090Z   TMPDIR: /home/runner/work/_temp/novel-ci-v2-creative-browser.1BUXZk/tmp
2026-10-09T13:29:43.6102445Z   TMP: /home/runner/work/_temp/novel-ci-v2-creative-browser.1BUXZk/tmp
2026-10-09T13:29:43.6102796Z   TEMP: /home/runner/work/_temp/novel-ci-v2-creative-browser.1BUXZk/tmp
2026-10-09T13:29:43.6103180Z   PROJECT_ROOT: /home/runner/work/_temp/novel-ci-v2-creative-browser.1BUXZk/project
2026-10-09T13:29:43.6103612Z   NOVEL_DATA_PATH: /home/runner/work/_temp/novel-ci-v2-creative-browser.1BUXZk/data/novels
2026-10-09T13:29:43.6104074Z   BACKUP_PATH: /home/runner/work/_temp/novel-ci-v2-creative-browser.1BUXZk/data/backups
2026-10-09T13:29:43.6104553Z   DATABASE_BACKUP_PATH: /home/runner/work/_temp/novel-ci-v2-creative-browser.1BUXZk/data/database-backups
2026-10-09T13:29:43.6105057Z   KNOWLEDGE_SOURCE_PATH: /home/runner/work/_temp/novel-ci-v2-creative-browser.1BUXZk/data/novels
2026-10-09T13:29:43.6105395Z ##[endgroup]
2026-10-09T13:29:43.7427816Z (node:5102) [DEP0040] DeprecationWarning: The `punycode` module is deprecated. Please use a userland alternative instead.
2026-10-09T13:29:43.7428482Z (Use `node --trace-deprecation ...` to show where the warning was created)
2026-10-09T13:29:43.7689254Z Multiple search paths detected. Calculating the least common ancestor of all paths
2026-10-09T13:29:43.7690960Z The least common ancestor is /home/runner/work/_temp/novel-ci-v2-creative-browser.1BUXZk. This will be the root directory of the artifact
2026-10-09T13:29:43.7691862Z With the provided path, there will be 53 files uploaded
2026-10-09T13:29:43.7692518Z Artifact name is valid!
2026-10-09T13:29:43.7692883Z Root directory input is valid!
2026-10-09T13:29:44.1081080Z Beginning upload of artifact content to blob storage
2026-10-09T13:29:44.2427470Z (node:5102) [DEP0169] DeprecationWarning: `url.parse()` behavior is not standardized and prone to errors that have security implications. Use the WHATWG URL API instead. CVEs are not issued for `url.parse()` vulnerabilities.
2026-10-09T13:29:44.8965559Z Uploaded bytes 3379313
2026-10-09T13:29:44.9605907Z Finished uploading artifact content to blob storage!
2026-10-09T13:29:44.9606823Z SHA256 digest of uploaded artifact zip is a3986c18094c40758af42bdd3c1bb7846eb3b1a12b438b73d9121296d577872f
2026-10-09T13:29:44.9607883Z Finalizing artifact upload
2026-10-09T13:29:45.2392004Z Artifact v2-creative-browser-57986cb13d452731baf82bbc242bfc79f9cfd145-attempt-1.zip successfully finalized. Artifact ID 11618169199
2026-10-09T13:29:45.2393748Z Artifact v2-creative-browser-57986cb13d452731baf82bbc242bfc79f9cfd145-attempt-1 has been successfully uploaded! Final size is 3379313 bytes. Artifact ID is 11618169199
2026-10-09T13:29:45.2397451Z Artifact download URL: https://github.com/1785235376-blip/AI-Novel-Studio/actions/runs/37936615942/artifacts/11618169199
2026-10-09T13:29:45.2574275Z Post job cleanup.
2026-10-09T13:29:45.3236934Z [command]/usr/bin/git version
2026-10-09T13:29:45.3272808Z git version 2.55.0
2026-10-09T13:29:45.3300913Z Temporarily overriding HOME='/home/runner/work/_temp/d8a6c0a2-f992-488f-a689-28b89a584707' before making global git config changes
2026-10-09T13:29:45.3302126Z Adding repository directory to the temporary git global config as a safe directory
2026-10-09T13:29:45.3306855Z [command]/usr/bin/git config --global --add safe.directory /home/runner/work/AI-Novel-Studio/AI-Novel-Studio
2026-10-09T13:29:45.3336301Z [command]/usr/bin/git config --local --name-only --get-regexp core\.sshCommand
2026-10-09T13:29:45.3365116Z [command]/usr/bin/git submodule foreach --recursive sh -c "git config --local --name-only --get-regexp 'core\.sshCommand' && git config --local --unset-all 'core.sshCommand' || :"
2026-10-09T13:29:45.3582716Z [command]/usr/bin/git config --local --name-only --get-regexp http\.https\:\/\/github\.com\/\.extraheader
2026-10-09T13:29:45.3613046Z [command]/usr/bin/git submodule foreach --recursive sh -c "git config --local --name-only --get-regexp 'http\.https\:\/\/github\.com\/\.extraheader' && git config --local --unset-all 'http.https://github.com/.extraheader' || :"
2026-10-09T13:29:45.3990818Z Cleaning up orphan processes
2026-10-09T13:29:45.4270992Z ##[warning]Node.js 20 is deprecated. The following actions target Node.js 20 but are being forced to run on Node.js 24: actions/checkout@v4.2.2, actions/setup-node@v4.4.0, actions/setup-python@v5.6.0, actions/upload-artifact@v4.6.2. For more information see: https://github.blog/changelog/2025-09-19-deprecation-of-node-20-on-github-actions-runners/
