2026-10-09T13:24:33.7259726Z Current runner version: '2.337.0'
2026-10-09T13:24:33.7297436Z ##[group]Runner Image Provisioner
2026-10-09T13:24:33.7298951Z Hosted Compute Agent
2026-10-09T13:24:33.7299931Z Version: 20261002.596
2026-10-09T13:24:33.7301090Z Commit: c3d12f3313a95f25162a1503be624f3b0617f8c0
2026-10-09T13:24:33.7302240Z Build Date: 2026-10-02T22:28:27Z
2026-10-09T13:24:33.7303493Z Worker ID: {dde00744-e48d-40d2-80ab-374b05dcc019}
2026-10-09T13:24:33.7304842Z Region: eastus
2026-10-09T13:24:33.7305767Z Cloud: Azure
2026-10-09T13:24:33.7306764Z ##[endgroup]
2026-10-09T13:24:33.7309039Z ##[group]Operating System
2026-10-09T13:24:33.7310247Z Ubuntu
2026-10-09T13:24:33.7311194Z 24.04.5
2026-10-09T13:24:33.7312182Z LTS
2026-10-09T13:24:33.7313296Z ##[endgroup]
2026-10-09T13:24:33.7314226Z ##[group]Runner Image
2026-10-09T13:24:33.7315385Z Image: ubuntu-24.04
2026-10-09T13:24:33.7316507Z Version: 20261004.327.1
2026-10-09T13:24:33.7318652Z Included Software: https://github.com/actions/runner-images/blob/ubuntu24/20261004.327/images/ubuntu/Ubuntu2404-Readme.md
2026-10-09T13:24:33.7321245Z Image Release: https://github.com/actions/runner-images/releases/tag/ubuntu24%2F20261004.327
2026-10-09T13:24:33.7323166Z ##[endgroup]
2026-10-09T13:24:33.7325078Z ##[group]GITHUB_TOKEN Permissions
2026-10-09T13:24:33.7328512Z Contents: read
2026-10-09T13:24:33.7329460Z Metadata: read
2026-10-09T13:24:33.7330551Z ##[endgroup]
2026-10-09T13:24:33.7334559Z Secret source: Actions
2026-10-09T13:24:33.7336192Z Cache mode: write
2026-10-09T13:24:33.7337863Z Prepare workflow directory
2026-10-09T13:24:33.8209296Z Prepare all required actions
2026-10-09T13:24:33.8271903Z Getting action download info
2026-10-09T13:24:34.0066631Z Download action repository 'actions/checkout@v4.2.2' (SHA:11bd71901bbe5b1630ceea73d27597364c9af683)
2026-10-09T13:24:34.3620652Z Download action repository 'actions/setup-python@v5.6.0' (SHA:a26af69be951a213d495a4c3e4e4022e16d87065)
2026-10-09T13:24:35.0071788Z Download action repository 'actions/upload-artifact@v4.6.2' (SHA:ea165f8d65b6e75b540449e92b4886f43607fa02)
2026-10-09T13:24:35.7061438Z Complete job name: Backend execution / postgres / shard 0
2026-10-09T13:24:35.7685512Z ##[group]Checking docker version
2026-10-09T13:24:35.7700388Z ##[command]/usr/bin/docker version --format '{{.Server.APIVersion}}'
2026-10-09T13:24:36.8179842Z '1.48'
2026-10-09T13:24:36.8197258Z Docker daemon API version: '1.48'
2026-10-09T13:24:36.8197746Z ##[command]/usr/bin/docker version --format '{{.Client.APIVersion}}'
2026-10-09T13:24:36.8377036Z '1.48'
2026-10-09T13:24:36.8391699Z Docker client API version: '1.48'
2026-10-09T13:24:36.8397656Z ##[endgroup]
2026-10-09T13:24:36.8399908Z ##[group]Clean up resources from previous jobs
2026-10-09T13:24:36.8405944Z ##[command]/usr/bin/docker ps --all --quiet --no-trunc --filter "label=800de3"
2026-10-09T13:24:36.8557917Z ##[command]/usr/bin/docker network prune --force --filter "label=800de3"
2026-10-09T13:24:36.8695404Z ##[endgroup]
2026-10-09T13:24:36.8695713Z ##[group]Create local container network
2026-10-09T13:24:36.8705567Z ##[command]/usr/bin/docker network create --label 800de3 github_network_b769e5f2d77f4757af66fa9749de5e14
2026-10-09T13:24:36.9460316Z 4e2a48ec7176a571f6431a8b1ed2aed03f0f23de380bdcacac187fa703028e4c
2026-10-09T13:24:36.9482000Z ##[endgroup]
2026-10-09T13:24:36.9507964Z ##[group]Starting postgres service container
2026-10-09T13:24:36.9529905Z ##[command]/usr/bin/docker pull postgres:16-alpine
2026-10-09T13:24:37.2519508Z 16-alpine: Pulling from library/postgres
2026-10-09T13:24:37.3362373Z e2de96513ba9: Already exists
2026-10-09T13:24:37.3707800Z 1b7f9cd581ee: Pulling fs layer
2026-10-09T13:24:37.3708618Z 210b280f9556: Pulling fs layer
2026-10-09T13:24:37.3709226Z 81717818649a: Pulling fs layer
2026-10-09T13:24:37.3710571Z 3ae6141cfd99: Pulling fs layer
2026-10-09T13:24:37.3711129Z 25b77f59fd95: Pulling fs layer
2026-10-09T13:24:37.3711516Z 6c25da34e03f: Pulling fs layer
2026-10-09T13:24:37.3711872Z a88782f92806: Pulling fs layer
2026-10-09T13:24:37.3712246Z d8d21be4bf02: Pulling fs layer
2026-10-09T13:24:37.3713191Z 6117bd39f23f: Pulling fs layer
2026-10-09T13:24:37.3713553Z 509688edf37b: Pulling fs layer
2026-10-09T13:24:37.3713924Z 3ae6141cfd99: Waiting
2026-10-09T13:24:37.3714146Z 25b77f59fd95: Waiting
2026-10-09T13:24:37.3714385Z 6c25da34e03f: Waiting
2026-10-09T13:24:37.3714635Z a88782f92806: Waiting
2026-10-09T13:24:37.3714870Z d8d21be4bf02: Waiting
2026-10-09T13:24:37.3715099Z 6117bd39f23f: Waiting
2026-10-09T13:24:37.3715301Z 509688edf37b: Waiting
2026-10-09T13:24:37.3958627Z 1b7f9cd581ee: Verifying Checksum
2026-10-09T13:24:37.3959144Z 1b7f9cd581ee: Download complete
2026-10-09T13:24:37.3966597Z 81717818649a: Verifying Checksum
2026-10-09T13:24:37.3967310Z 81717818649a: Download complete
2026-10-09T13:24:37.4055454Z 210b280f9556: Verifying Checksum
2026-10-09T13:24:37.4055996Z 210b280f9556: Download complete
2026-10-09T13:24:37.4248747Z 3ae6141cfd99: Verifying Checksum
2026-10-09T13:24:37.4250482Z 3ae6141cfd99: Download complete
2026-10-09T13:24:37.4355706Z 6c25da34e03f: Verifying Checksum
2026-10-09T13:24:37.4356282Z 6c25da34e03f: Download complete
2026-10-09T13:24:37.4518960Z a88782f92806: Verifying Checksum
2026-10-09T13:24:37.4519920Z a88782f92806: Download complete
2026-10-09T13:24:37.4706450Z d8d21be4bf02: Download complete
2026-10-09T13:24:37.4821712Z 6117bd39f23f: Verifying Checksum
2026-10-09T13:24:37.4822405Z 6117bd39f23f: Download complete
2026-10-09T13:24:37.4998705Z 509688edf37b: Download complete
2026-10-09T13:24:37.7744920Z 25b77f59fd95: Verifying Checksum
2026-10-09T13:24:37.7745349Z 25b77f59fd95: Download complete
2026-10-09T13:24:44.3868911Z 1b7f9cd581ee: Pull complete
2026-10-09T13:24:44.4273674Z 210b280f9556: Pull complete
2026-10-09T13:24:44.4405242Z 81717818649a: Pull complete
2026-10-09T13:24:44.4507102Z 3ae6141cfd99: Pull complete
2026-10-09T13:24:47.9784722Z 25b77f59fd95: Pull complete
2026-10-09T13:24:47.9900275Z 6c25da34e03f: Pull complete
2026-10-09T13:24:48.0036722Z a88782f92806: Pull complete
2026-10-09T13:24:48.0125568Z d8d21be4bf02: Pull complete
2026-10-09T13:24:48.0206743Z 6117bd39f23f: Pull complete
2026-10-09T13:24:48.0287196Z 509688edf37b: Pull complete
2026-10-09T13:24:48.0322506Z Digest: sha256:721873c34ceb9f8d8fc265984940dc982404c105f19ad51be9fdc5970a6080ea
2026-10-09T13:24:48.0333972Z Status: Downloaded newer image for postgres:16-alpine
2026-10-09T13:24:48.0342036Z docker.io/library/postgres:16-alpine
2026-10-09T13:24:48.0408148Z ##[command]/usr/bin/docker create --name 42d998660d1549ed9cefd5f9885ee548_postgres16alpine_749014 --label 800de3 --network github_network_b769e5f2d77f4757af66fa9749de5e14 --network-alias postgres -p 5432:5432 --health-cmd "pg_isready -U ci -d novel_ci" --health-interval 5s --health-timeout 5s --health-retries 12 -e "POSTGRES_USER=ci" -e "POSTGRES_PASSWORD=ci-ephemeral-only" -e "POSTGRES_DB=novel_ci" -e GITHUB_ACTIONS=true -e CI=true postgres:16-alpine
2026-10-09T13:24:48.0701492Z 33e7c9f9e7b750be05aa1249b7f3fe87ae1e5e61624eaa671aefa2c9ae33a257
2026-10-09T13:24:48.0715892Z ##[command]/usr/bin/docker start 33e7c9f9e7b750be05aa1249b7f3fe87ae1e5e61624eaa671aefa2c9ae33a257
2026-10-09T13:24:48.2720861Z 33e7c9f9e7b750be05aa1249b7f3fe87ae1e5e61624eaa671aefa2c9ae33a257
2026-10-09T13:24:48.2744896Z ##[command]/usr/bin/docker ps --all --filter id=33e7c9f9e7b750be05aa1249b7f3fe87ae1e5e61624eaa671aefa2c9ae33a257 --filter status=running --no-trunc --format "{{.ID}} {{.Status}}"
2026-10-09T13:24:48.2900213Z 33e7c9f9e7b750be05aa1249b7f3fe87ae1e5e61624eaa671aefa2c9ae33a257 Up Less than a second (health: starting)
2026-10-09T13:24:48.2925814Z ##[command]/usr/bin/docker port 33e7c9f9e7b750be05aa1249b7f3fe87ae1e5e61624eaa671aefa2c9ae33a257
2026-10-09T13:24:48.3080944Z 5432/tcp -> 0.0.0.0:5432
2026-10-09T13:24:48.3081739Z 5432/tcp -> [::]:5432
2026-10-09T13:24:48.3135322Z ##[endgroup]
2026-10-09T13:24:48.3147703Z ##[group]Waiting for all services to be ready
2026-10-09T13:24:48.3163747Z ##[command]/usr/bin/docker inspect --format="{{if .Config.Healthcheck}}{{print .State.Health.Status}}{{end}}" 33e7c9f9e7b750be05aa1249b7f3fe87ae1e5e61624eaa671aefa2c9ae33a257
2026-10-09T13:24:48.3322166Z starting
2026-10-09T13:24:48.3348090Z postgres service is starting, waiting 2 seconds before checking again.
2026-10-09T13:24:50.3340919Z ##[command]/usr/bin/docker inspect --format="{{if .Config.Healthcheck}}{{print .State.Health.Status}}{{end}}" 33e7c9f9e7b750be05aa1249b7f3fe87ae1e5e61624eaa671aefa2c9ae33a257
2026-10-09T13:24:50.3476039Z starting
2026-10-09T13:24:50.3490047Z postgres service is starting, waiting 3 seconds before checking again.
2026-10-09T13:24:54.1212017Z ##[command]/usr/bin/docker inspect --format="{{if .Config.Healthcheck}}{{print .State.Health.Status}}{{end}}" 33e7c9f9e7b750be05aa1249b7f3fe87ae1e5e61624eaa671aefa2c9ae33a257
2026-10-09T13:24:54.1335476Z healthy
2026-10-09T13:24:54.1349216Z postgres service is healthy.
2026-10-09T13:24:54.1349656Z ##[endgroup]
2026-10-09T13:24:54.1640770Z ##[group]Run actions/checkout@v4.2.2
2026-10-09T13:24:54.1641212Z with:
2026-10-09T13:24:54.1641416Z   persist-credentials: false
2026-10-09T13:24:54.1641658Z   repository: 1785235376-blip/AI-Novel-Studio
2026-10-09T13:24:54.1643994Z   token: ***
2026-10-09T13:24:54.1644186Z   ssh-strict: true
2026-10-09T13:24:54.1644371Z   ssh-user: git
2026-10-09T13:24:54.1644551Z   clean: true
2026-10-09T13:24:54.1644739Z   sparse-checkout-cone-mode: true
2026-10-09T13:24:54.1644960Z   fetch-depth: 1
2026-10-09T13:24:54.1645132Z   fetch-tags: false
2026-10-09T13:24:54.1645320Z   show-progress: true
2026-10-09T13:24:54.1645505Z   lfs: false
2026-10-09T13:24:54.1645673Z   submodules: false
2026-10-09T13:24:54.1645861Z   set-safe-directory: true
2026-10-09T13:24:54.1646211Z env:
2026-10-09T13:24:54.1646375Z   MOCK_PROVIDER: true
2026-10-09T13:24:54.1646559Z   MOCK_STREAM_DELAY_MS: 0
2026-10-09T13:24:54.1646771Z   ENABLE_CLOUD: false
2026-10-09T13:24:54.1646973Z   CREDENTIAL_VAULT_BACKEND: memory
2026-10-09T13:24:54.1647267Z   CREDENTIAL_VAULT_ALLOW_MEMORY_FALLBACK: true
2026-10-09T13:24:54.1647521Z   PYTHONDONTWRITEBYTECODE: 1
2026-10-09T13:24:54.1647724Z   HF_HUB_OFFLINE: 1
2026-10-09T13:24:54.1647910Z   TRANSFORMERS_OFFLINE: 1
2026-10-09T13:24:54.1648109Z ##[endgroup]
2026-10-09T13:24:54.2598085Z Syncing repository: 1785235376-blip/AI-Novel-Studio
2026-10-09T13:24:54.2600025Z ##[group]Getting Git version info
2026-10-09T13:24:54.2600655Z Working directory is '/home/runner/work/AI-Novel-Studio/AI-Novel-Studio'
2026-10-09T13:24:54.2601586Z [command]/usr/bin/git version
2026-10-09T13:24:54.2617075Z git version 2.55.0
2026-10-09T13:24:54.2638414Z ##[endgroup]
2026-10-09T13:24:54.2653381Z Temporarily overriding HOME='/home/runner/work/_temp/5aecebe3-2b75-40a3-8b5e-1c6402116343' before making global git config changes
2026-10-09T13:24:54.2654574Z Adding repository directory to the temporary git global config as a safe directory
2026-10-09T13:24:54.2659896Z [command]/usr/bin/git config --global --add safe.directory /home/runner/work/AI-Novel-Studio/AI-Novel-Studio
2026-10-09T13:24:54.2718580Z Deleting the contents of '/home/runner/work/AI-Novel-Studio/AI-Novel-Studio'
2026-10-09T13:24:54.2723300Z ##[group]Initializing the repository
2026-10-09T13:24:54.2734670Z [command]/usr/bin/git init /home/runner/work/AI-Novel-Studio/AI-Novel-Studio
2026-10-09T13:24:54.2817048Z hint: Using 'master' as the name for the initial branch. This default branch name
2026-10-09T13:24:54.2817738Z hint: will change to "main" in Git 3.0. To configure the initial branch name
2026-10-09T13:24:54.2818201Z hint: to use in all of your new repositories, which will suppress this warning,
2026-10-09T13:24:54.2818547Z hint: call:
2026-10-09T13:24:54.2818750Z hint:
2026-10-09T13:24:54.2819018Z hint: 	git config --global init.defaultBranch <name>
2026-10-09T13:24:54.2819305Z hint:
2026-10-09T13:24:54.2819582Z hint: Names commonly chosen instead of 'master' are 'main', 'trunk' and
2026-10-09T13:24:54.2820045Z hint: 'development'. The just-created branch can be renamed via this command:
2026-10-09T13:24:54.2820378Z hint:
2026-10-09T13:24:54.2820569Z hint: 	git branch -m <name>
2026-10-09T13:24:54.2820780Z hint:
2026-10-09T13:24:54.2821080Z hint: Disable this message with "git config set advice.defaultBranchName false"
2026-10-09T13:24:54.2826373Z Initialized empty Git repository in /home/runner/work/AI-Novel-Studio/AI-Novel-Studio/.git/
2026-10-09T13:24:54.2835783Z [command]/usr/bin/git remote add origin https://github.com/1785235376-blip/AI-Novel-Studio
2026-10-09T13:24:54.2881570Z ##[endgroup]
2026-10-09T13:24:54.2882272Z ##[group]Disabling automatic garbage collection
2026-10-09T13:24:54.2894819Z [command]/usr/bin/git config --local gc.auto 0
2026-10-09T13:24:54.2926553Z ##[endgroup]
2026-10-09T13:24:54.2927164Z ##[group]Setting up auth
2026-10-09T13:24:54.2933566Z [command]/usr/bin/git config --local --name-only --get-regexp core\.sshCommand
2026-10-09T13:24:54.2968907Z [command]/usr/bin/git submodule foreach --recursive sh -c "git config --local --name-only --get-regexp 'core\.sshCommand' && git config --local --unset-all 'core.sshCommand' || :"
2026-10-09T13:24:54.3307346Z [command]/usr/bin/git config --local --name-only --get-regexp http\.https\:\/\/github\.com\/\.extraheader
2026-10-09T13:24:54.3347235Z [command]/usr/bin/git submodule foreach --recursive sh -c "git config --local --name-only --get-regexp 'http\.https\:\/\/github\.com\/\.extraheader' && git config --local --unset-all 'http.https://github.com/.extraheader' || :"
2026-10-09T13:24:54.3563955Z [command]/usr/bin/git config --local http.https://github.com/.extraheader AUTHORIZATION: basic ***
2026-10-09T13:24:54.3604440Z ##[endgroup]
2026-10-09T13:24:54.3605003Z ##[group]Fetching the repository
2026-10-09T13:24:54.3613240Z [command]/usr/bin/git -c protocol.version=2 fetch --no-tags --prune --no-recurse-submodules --depth=1 origin +57986cb13d452731baf82bbc242bfc79f9cfd145:refs/remotes/origin/feature/v2-narrative-platform
2026-10-09T13:24:55.8076987Z From https://github.com/1785235376-blip/AI-Novel-Studio
2026-10-09T13:24:55.8077612Z  * [new ref]         57986cb13d452731baf82bbc242bfc79f9cfd145 -> origin/feature/v2-narrative-platform
2026-10-09T13:24:55.8082277Z ##[endgroup]
2026-10-09T13:24:55.8082984Z ##[group]Determining the checkout info
2026-10-09T13:24:55.8090331Z ##[endgroup]
2026-10-09T13:24:55.8090936Z [command]/usr/bin/git sparse-checkout disable
2026-10-09T13:24:55.8140940Z [command]/usr/bin/git config --local --unset-all extensions.worktreeConfig
2026-10-09T13:24:55.8171340Z ##[group]Checking out the ref
2026-10-09T13:24:55.8175959Z [command]/usr/bin/git checkout --progress --force -B feature/v2-narrative-platform refs/remotes/origin/feature/v2-narrative-platform
2026-10-09T13:24:56.4246190Z Switched to a new branch 'feature/v2-narrative-platform'
2026-10-09T13:24:56.4250968Z branch 'feature/v2-narrative-platform' set up to track 'origin/feature/v2-narrative-platform'.
2026-10-09T13:24:56.4290827Z ##[endgroup]
2026-10-09T13:24:56.4362652Z [command]/usr/bin/git log -1 --format=%H
2026-10-09T13:24:56.4396702Z 57986cb13d452731baf82bbc242bfc79f9cfd145
2026-10-09T13:24:56.4408175Z ##[group]Removing auth
2026-10-09T13:24:56.4412987Z [command]/usr/bin/git config --local --name-only --get-regexp core\.sshCommand
2026-10-09T13:24:56.4453312Z [command]/usr/bin/git submodule foreach --recursive sh -c "git config --local --name-only --get-regexp 'core\.sshCommand' && git config --local --unset-all 'core.sshCommand' || :"
2026-10-09T13:24:56.4722071Z [command]/usr/bin/git config --local --name-only --get-regexp http\.https\:\/\/github\.com\/\.extraheader
2026-10-09T13:24:56.4754219Z http.https://github.com/.extraheader
2026-10-09T13:24:56.4764083Z [command]/usr/bin/git config --local --unset-all http.https://github.com/.extraheader
2026-10-09T13:24:56.4803022Z [command]/usr/bin/git submodule foreach --recursive sh -c "git config --local --name-only --get-regexp 'http\.https\:\/\/github\.com\/\.extraheader' && git config --local --unset-all 'http.https://github.com/.extraheader' || :"
2026-10-09T13:24:56.5049730Z ##[endgroup]
2026-10-09T13:24:56.5294792Z ##[group]Run actions/setup-python@v5.6.0
2026-10-09T13:24:56.5295115Z with:
2026-10-09T13:24:56.5295358Z   python-version: 3.12.9
2026-10-09T13:24:56.5295811Z   check-latest: false
2026-10-09T13:24:56.5298397Z   token: ***
2026-10-09T13:24:56.5298646Z   update-environment: true
2026-10-09T13:24:56.5298934Z   allow-prereleases: false
2026-10-09T13:24:56.5299200Z   freethreaded: false
2026-10-09T13:24:56.5299439Z env:
2026-10-09T13:24:56.5299663Z   MOCK_PROVIDER: true
2026-10-09T13:24:56.5299931Z   MOCK_STREAM_DELAY_MS: 0
2026-10-09T13:24:56.5300189Z   ENABLE_CLOUD: false
2026-10-09T13:24:56.5300441Z   CREDENTIAL_VAULT_BACKEND: memory
2026-10-09T13:24:56.5300773Z   CREDENTIAL_VAULT_ALLOW_MEMORY_FALLBACK: true
2026-10-09T13:24:56.5301113Z   PYTHONDONTWRITEBYTECODE: 1
2026-10-09T13:24:56.5301387Z   HF_HUB_OFFLINE: 1
2026-10-09T13:24:56.5301624Z   TRANSFORMERS_OFFLINE: 1
2026-10-09T13:24:56.5301882Z ##[endgroup]
2026-10-09T13:24:56.6604060Z ##[group]Installed versions
2026-10-09T13:24:56.6632233Z Version 3.12.9 was not found in the local cache
2026-10-09T13:24:56.6731799Z (node:2496) [DEP0040] DeprecationWarning: The `punycode` module is deprecated. Please use a userland alternative instead.
2026-10-09T13:24:56.6732558Z (Use `node --trace-deprecation ...` to show where the warning was created)
2026-10-09T13:24:57.2522576Z Version 3.12.9 is available for downloading
2026-10-09T13:24:57.2524914Z Download from "https://github.com/actions/python-versions/releases/download/3.12.9-13149478207/python-3.12.9-linux-24.04-x64.tar.gz"
2026-10-09T13:24:58.0463269Z Extract downloaded archive
2026-10-09T13:24:58.0595124Z [command]/usr/bin/tar xz --warning=no-unknown-keyword --overwrite -C /home/runner/work/_temp/18031a7f-970e-4995-aaad-81705bc4301e -f /home/runner/work/_temp/6c4367c6-1d64-400c-8b26-4105d83a115d
2026-10-09T13:25:00.1146761Z Execute installation script
2026-10-09T13:25:00.1256684Z Check if Python hostedtoolcache folder exist...
2026-10-09T13:25:00.1257231Z Create Python 3.12.9 folder
2026-10-09T13:25:00.1273629Z Copy Python binaries to hostedtoolcache folder
2026-10-09T13:25:00.6198722Z Create additional symlinks (Required for the UsePythonVersion Azure Pipelines task and the setup-python GitHub Action)
2026-10-09T13:25:00.6241559Z Upgrading pip...
2026-10-09T13:25:02.8079819Z Looking in links: /tmp/tmpady65b5j
2026-10-09T13:25:02.8082504Z Requirement already satisfied: pip in /opt/hostedtoolcache/Python/3.12.9/x64/lib/python3.12/site-packages (24.3.1)
2026-10-09T13:25:04.5361304Z Collecting pip
2026-10-09T13:25:04.5736344Z Downloading pip-26.2.1-py3-none-any.whl.metadata (4.6 kB)
2026-10-09T13:25:04.6323957Z Downloading pip-26.2.1-py3-none-any.whl (1.8 MB)
2026-10-09T13:25:04.8598420Z ━━━━━━━━━━━━━━━━━━━━━━━━━━━━━━━━━━━━━━━━ 1.8/1.8 MB 7.4 MB/s eta 0:00:00
2026-10-09T13:25:04.8598847Z 
2026-10-09T13:25:04.8791047Z Installing collected packages: pip
2026-10-09T13:25:04.8791908Z Attempting uninstall: pip
2026-10-09T13:25:04.8810779Z Found existing installation: pip 24.3.1
2026-10-09T13:25:04.9104570Z Uninstalling pip-24.3.1:
2026-10-09T13:25:04.9152042Z Successfully uninstalled pip-24.3.1
2026-10-09T13:25:05.8700516Z Successfully installed pip-26.2.1
2026-10-09T13:25:05.9328597Z Create complete file
2026-10-09T13:25:05.9369031Z Successfully set up CPython (3.12.9)
2026-10-09T13:25:05.9370252Z ##[endgroup]
2026-10-09T13:25:05.9578172Z ##[group]Run bash .github/ci/prepare.sh backend-postgres-shard-0
2026-10-09T13:25:05.9578718Z [36;1mbash .github/ci/prepare.sh backend-postgres-shard-0[0m
2026-10-09T13:25:05.9763411Z shell: /usr/bin/bash -e {0}
2026-10-09T13:25:05.9763674Z env:
2026-10-09T13:25:05.9763878Z   MOCK_PROVIDER: true
2026-10-09T13:25:05.9764102Z   MOCK_STREAM_DELAY_MS: 0
2026-10-09T13:25:05.9764336Z   ENABLE_CLOUD: false
2026-10-09T13:25:05.9764573Z   CREDENTIAL_VAULT_BACKEND: memory
2026-10-09T13:25:05.9764872Z   CREDENTIAL_VAULT_ALLOW_MEMORY_FALLBACK: true
2026-10-09T13:25:05.9765181Z   PYTHONDONTWRITEBYTECODE: 1
2026-10-09T13:25:05.9765453Z   HF_HUB_OFFLINE: 1
2026-10-09T13:25:05.9765675Z   TRANSFORMERS_OFFLINE: 1
2026-10-09T13:25:05.9765980Z   pythonLocation: /opt/hostedtoolcache/Python/3.12.9/x64
2026-10-09T13:25:05.9766409Z   PKG_CONFIG_PATH: /opt/hostedtoolcache/Python/3.12.9/x64/lib/pkgconfig
2026-10-09T13:25:05.9767095Z   Python_ROOT_DIR: /opt/hostedtoolcache/Python/3.12.9/x64
2026-10-09T13:25:05.9767535Z   Python2_ROOT_DIR: /opt/hostedtoolcache/Python/3.12.9/x64
2026-10-09T13:25:05.9767908Z   Python3_ROOT_DIR: /opt/hostedtoolcache/Python/3.12.9/x64
2026-10-09T13:25:05.9768278Z   LD_LIBRARY_PATH: /opt/hostedtoolcache/Python/3.12.9/x64/lib
2026-10-09T13:25:05.9768600Z ##[endgroup]
2026-10-09T13:25:06.6928982Z ##[group]Run runtime="$CI_PROJECT/.runtime/ci-backend"
2026-10-09T13:25:06.6929469Z [36;1mruntime="$CI_PROJECT/.runtime/ci-backend"[0m
2026-10-09T13:25:06.6929944Z [36;1mmkdir -p "$runtime"/{home,config,cache,data,state,tmp,appdata,localappdata}[0m
2026-10-09T13:25:06.6930369Z [36;1m{[0m
2026-10-09T13:25:06.6930605Z [36;1m  echo "CI_V2_RUNTIME=$runtime"[0m
2026-10-09T13:25:06.6930904Z [36;1m  echo "HOME=$runtime/home"[0m
2026-10-09T13:25:06.6931206Z [36;1m  echo "USERPROFILE=$runtime/home"[0m
2026-10-09T13:25:06.6931521Z [36;1m  echo "APPDATA=$runtime/appdata"[0m
2026-10-09T13:25:06.6931876Z [36;1m  echo "LOCALAPPDATA=$runtime/localappdata"[0m
2026-10-09T13:25:06.6932202Z [36;1m  echo "XDG_CONFIG_HOME=$runtime/config"[0m
2026-10-09T13:25:06.6932517Z [36;1m  echo "XDG_CACHE_HOME=$runtime/cache"[0m
2026-10-09T13:25:06.6933064Z [36;1m  echo "XDG_DATA_HOME=$runtime/data"[0m
2026-10-09T13:25:06.6933425Z [36;1m  echo "XDG_STATE_HOME=$runtime/state"[0m
2026-10-09T13:25:06.6933770Z [36;1m  echo "TMPDIR=$runtime/tmp"[0m
2026-10-09T13:25:06.6934060Z [36;1m  echo "TMP=$runtime/tmp"[0m
2026-10-09T13:25:06.6934342Z [36;1m  echo "TEMP=$runtime/tmp"[0m
2026-10-09T13:25:06.6934653Z [36;1m  echo "NOVEL_DATA_PATH=$runtime/data/novels"[0m
2026-10-09T13:25:06.6935000Z [36;1m  echo "BACKUP_PATH=$runtime/data/backups"[0m
2026-10-09T13:25:06.6935387Z [36;1m  echo "DATABASE_BACKUP_PATH=$runtime/data/database-backups"[0m
2026-10-09T13:25:06.6935810Z [36;1m  echo "KNOWLEDGE_SOURCE_PATH=$runtime/data/novels"[0m
2026-10-09T13:25:06.6936164Z [36;1m} >> "$GITHUB_ENV"[0m
2026-10-09T13:25:06.7009361Z shell: /usr/bin/bash -e {0}
2026-10-09T13:25:06.7009622Z env:
2026-10-09T13:25:06.7009820Z   MOCK_PROVIDER: true
2026-10-09T13:25:06.7010056Z   MOCK_STREAM_DELAY_MS: 0
2026-10-09T13:25:06.7010296Z   ENABLE_CLOUD: false
2026-10-09T13:25:06.7010541Z   CREDENTIAL_VAULT_BACKEND: memory
2026-10-09T13:25:06.7010848Z   CREDENTIAL_VAULT_ALLOW_MEMORY_FALLBACK: true
2026-10-09T13:25:06.7011178Z   PYTHONDONTWRITEBYTECODE: 1
2026-10-09T13:25:06.7011435Z   HF_HUB_OFFLINE: 1
2026-10-09T13:25:06.7011676Z   TRANSFORMERS_OFFLINE: 1
2026-10-09T13:25:06.7011985Z   pythonLocation: /opt/hostedtoolcache/Python/3.12.9/x64
2026-10-09T13:25:06.7012404Z   PKG_CONFIG_PATH: /opt/hostedtoolcache/Python/3.12.9/x64/lib/pkgconfig
2026-10-09T13:25:06.7013034Z   Python_ROOT_DIR: /opt/hostedtoolcache/Python/3.12.9/x64
2026-10-09T13:25:06.7013443Z   Python2_ROOT_DIR: /opt/hostedtoolcache/Python/3.12.9/x64
2026-10-09T13:25:06.7013817Z   Python3_ROOT_DIR: /opt/hostedtoolcache/Python/3.12.9/x64
2026-10-09T13:25:06.7014204Z   LD_LIBRARY_PATH: /opt/hostedtoolcache/Python/3.12.9/x64/lib
2026-10-09T13:25:06.7014587Z   CI_COVERAGE_SHA: 57986cb13d452731baf82bbc242bfc79f9cfd145
2026-10-09T13:25:06.7014971Z   CI_COVERAGE_TREE: 7b06f7eb213893ec41e4ded14810b82b070b7dc7
2026-10-09T13:25:06.7015416Z   CI_SANDBOX: /home/runner/work/_temp/novel-ci-backend-postgres-shard-0.y7L1CM
2026-10-09T13:25:06.7015971Z   CI_PROJECT: /home/runner/work/_temp/novel-ci-backend-postgres-shard-0.y7L1CM/project
2026-10-09T13:25:06.7016526Z   CI_RECEIPTS: /home/runner/work/_temp/novel-ci-backend-postgres-shard-0.y7L1CM/receipts
2026-10-09T13:25:06.7017053Z   HOME: /home/runner/work/_temp/novel-ci-backend-postgres-shard-0.y7L1CM/home
2026-10-09T13:25:06.7017571Z   USERPROFILE: /home/runner/work/_temp/novel-ci-backend-postgres-shard-0.y7L1CM/home
2026-10-09T13:25:06.7018100Z   APPDATA: /home/runner/work/_temp/novel-ci-backend-postgres-shard-0.y7L1CM/appdata
2026-10-09T13:25:06.7018679Z   LOCALAPPDATA: /home/runner/work/_temp/novel-ci-backend-postgres-shard-0.y7L1CM/localappdata
2026-10-09T13:25:06.7019473Z   XDG_CONFIG_HOME: /home/runner/work/_temp/novel-ci-backend-postgres-shard-0.y7L1CM/config
2026-10-09T13:25:06.7020034Z   XDG_CACHE_HOME: /home/runner/work/_temp/novel-ci-backend-postgres-shard-0.y7L1CM/cache
2026-10-09T13:25:06.7020570Z   XDG_DATA_HOME: /home/runner/work/_temp/novel-ci-backend-postgres-shard-0.y7L1CM/data
2026-10-09T13:25:06.7021281Z   XDG_STATE_HOME: /home/runner/work/_temp/novel-ci-backend-postgres-shard-0.y7L1CM/state
2026-10-09T13:25:06.7021825Z   TMPDIR: /home/runner/work/_temp/novel-ci-backend-postgres-shard-0.y7L1CM/tmp
2026-10-09T13:25:06.7022338Z   TMP: /home/runner/work/_temp/novel-ci-backend-postgres-shard-0.y7L1CM/tmp
2026-10-09T13:25:06.7023017Z   TEMP: /home/runner/work/_temp/novel-ci-backend-postgres-shard-0.y7L1CM/tmp
2026-10-09T13:25:06.7023542Z   PROJECT_ROOT: /home/runner/work/_temp/novel-ci-backend-postgres-shard-0.y7L1CM/project
2026-10-09T13:25:06.7024120Z   NOVEL_DATA_PATH: /home/runner/work/_temp/novel-ci-backend-postgres-shard-0.y7L1CM/data/novels
2026-10-09T13:25:06.7024714Z   BACKUP_PATH: /home/runner/work/_temp/novel-ci-backend-postgres-shard-0.y7L1CM/data/backups
2026-10-09T13:25:06.7025356Z   DATABASE_BACKUP_PATH: /home/runner/work/_temp/novel-ci-backend-postgres-shard-0.y7L1CM/data/database-backups
2026-10-09T13:25:06.7026065Z   KNOWLEDGE_SOURCE_PATH: /home/runner/work/_temp/novel-ci-backend-postgres-shard-0.y7L1CM/data/novels
2026-10-09T13:25:06.7026540Z ##[endgroup]
2026-10-09T13:25:06.7172481Z ##[group]Run python -m pip install -c .github/ci/python-constraints.txt -e '.[dev,fontbuild,otio,comic]'
2026-10-09T13:25:06.7173434Z [36;1mpython -m pip install -c .github/ci/python-constraints.txt -e '.[dev,fontbuild,otio,comic]'[0m
2026-10-09T13:25:06.7173919Z [36;1mpython -m pip check[0m
2026-10-09T13:25:06.7174311Z [36;1mpython -m pip freeze --exclude-editable > "$CI_RECEIPTS/python-packages.txt"[0m
2026-10-09T13:25:06.7240723Z shell: /usr/bin/bash -e {0}
2026-10-09T13:25:06.7241001Z env:
2026-10-09T13:25:06.7241213Z   MOCK_PROVIDER: true
2026-10-09T13:25:06.7241458Z   MOCK_STREAM_DELAY_MS: 0
2026-10-09T13:25:06.7241700Z   ENABLE_CLOUD: false
2026-10-09T13:25:06.7242327Z   CREDENTIAL_VAULT_BACKEND: memory
2026-10-09T13:25:06.7242636Z   CREDENTIAL_VAULT_ALLOW_MEMORY_FALLBACK: true
2026-10-09T13:25:06.7243487Z   PYTHONDONTWRITEBYTECODE: 1
2026-10-09T13:25:06.7243736Z   HF_HUB_OFFLINE: 1
2026-10-09T13:25:06.7243955Z   TRANSFORMERS_OFFLINE: 1
2026-10-09T13:25:06.7244296Z   pythonLocation: /opt/hostedtoolcache/Python/3.12.9/x64
2026-10-09T13:25:06.7244727Z   PKG_CONFIG_PATH: /opt/hostedtoolcache/Python/3.12.9/x64/lib/pkgconfig
2026-10-09T13:25:06.7245347Z   Python_ROOT_DIR: /opt/hostedtoolcache/Python/3.12.9/x64
2026-10-09T13:25:06.7245930Z   Python2_ROOT_DIR: /opt/hostedtoolcache/Python/3.12.9/x64
2026-10-09T13:25:06.7246492Z   Python3_ROOT_DIR: /opt/hostedtoolcache/Python/3.12.9/x64
2026-10-09T13:25:06.7246875Z   LD_LIBRARY_PATH: /opt/hostedtoolcache/Python/3.12.9/x64/lib
2026-10-09T13:25:06.7247277Z   CI_COVERAGE_SHA: 57986cb13d452731baf82bbc242bfc79f9cfd145
2026-10-09T13:25:06.7247651Z   CI_COVERAGE_TREE: 7b06f7eb213893ec41e4ded14810b82b070b7dc7
2026-10-09T13:25:06.7248105Z   CI_SANDBOX: /home/runner/work/_temp/novel-ci-backend-postgres-shard-0.y7L1CM
2026-10-09T13:25:06.7248646Z   CI_PROJECT: /home/runner/work/_temp/novel-ci-backend-postgres-shard-0.y7L1CM/project
2026-10-09T13:25:06.7249221Z   CI_RECEIPTS: /home/runner/work/_temp/novel-ci-backend-postgres-shard-0.y7L1CM/receipts
2026-10-09T13:25:06.7249857Z   HOME: /home/runner/work/_temp/novel-ci-backend-postgres-shard-0.y7L1CM/project/.runtime/ci-backend/home
2026-10-09T13:25:06.7250581Z   USERPROFILE: /home/runner/work/_temp/novel-ci-backend-postgres-shard-0.y7L1CM/project/.runtime/ci-backend/home
2026-10-09T13:25:06.7251369Z   APPDATA: /home/runner/work/_temp/novel-ci-backend-postgres-shard-0.y7L1CM/project/.runtime/ci-backend/appdata
2026-10-09T13:25:06.7252150Z   LOCALAPPDATA: /home/runner/work/_temp/novel-ci-backend-postgres-shard-0.y7L1CM/project/.runtime/ci-backend/localappdata
2026-10-09T13:25:06.7253338Z   XDG_CONFIG_HOME: /home/runner/work/_temp/novel-ci-backend-postgres-shard-0.y7L1CM/project/.runtime/ci-backend/config
2026-10-09T13:25:06.7254097Z   XDG_CACHE_HOME: /home/runner/work/_temp/novel-ci-backend-postgres-shard-0.y7L1CM/project/.runtime/ci-backend/cache
2026-10-09T13:25:06.7254826Z   XDG_DATA_HOME: /home/runner/work/_temp/novel-ci-backend-postgres-shard-0.y7L1CM/project/.runtime/ci-backend/data
2026-10-09T13:25:06.7255573Z   XDG_STATE_HOME: /home/runner/work/_temp/novel-ci-backend-postgres-shard-0.y7L1CM/project/.runtime/ci-backend/state
2026-10-09T13:25:06.7256284Z   TMPDIR: /home/runner/work/_temp/novel-ci-backend-postgres-shard-0.y7L1CM/project/.runtime/ci-backend/tmp
2026-10-09T13:25:06.7256968Z   TMP: /home/runner/work/_temp/novel-ci-backend-postgres-shard-0.y7L1CM/project/.runtime/ci-backend/tmp
2026-10-09T13:25:06.7257643Z   TEMP: /home/runner/work/_temp/novel-ci-backend-postgres-shard-0.y7L1CM/project/.runtime/ci-backend/tmp
2026-10-09T13:25:06.7258277Z   PROJECT_ROOT: /home/runner/work/_temp/novel-ci-backend-postgres-shard-0.y7L1CM/project
2026-10-09T13:25:06.7258974Z   NOVEL_DATA_PATH: /home/runner/work/_temp/novel-ci-backend-postgres-shard-0.y7L1CM/project/.runtime/ci-backend/data/novels
2026-10-09T13:25:06.7259787Z   BACKUP_PATH: /home/runner/work/_temp/novel-ci-backend-postgres-shard-0.y7L1CM/project/.runtime/ci-backend/data/backups
2026-10-09T13:25:06.7260824Z   DATABASE_BACKUP_PATH: /home/runner/work/_temp/novel-ci-backend-postgres-shard-0.y7L1CM/project/.runtime/ci-backend/data/database-backups
2026-10-09T13:25:06.7261734Z   KNOWLEDGE_SOURCE_PATH: /home/runner/work/_temp/novel-ci-backend-postgres-shard-0.y7L1CM/project/.runtime/ci-backend/data/novels
2026-10-09T13:25:06.7262520Z   CI_V2_RUNTIME: /home/runner/work/_temp/novel-ci-backend-postgres-shard-0.y7L1CM/project/.runtime/ci-backend
2026-10-09T13:25:06.7263241Z ##[endgroup]
2026-10-09T13:25:07.6725557Z Obtaining file:///home/runner/work/_temp/novel-ci-backend-postgres-shard-0.y7L1CM/project
2026-10-09T13:25:07.6741427Z   Installing build dependencies: started
2026-10-09T13:25:08.8429418Z   Installing build dependencies: finished with status 'done'
2026-10-09T13:25:08.8434940Z   Checking if build backend supports build_editable: started
2026-10-09T13:25:09.5349264Z   Checking if build backend supports build_editable: finished with status 'done'
2026-10-09T13:25:09.5356810Z   Getting requirements to build editable: started
2026-10-09T13:25:10.4356213Z   Getting requirements to build editable: finished with status 'done'
2026-10-09T13:25:10.4365395Z   Preparing editable metadata (pyproject.toml): started
2026-10-09T13:25:11.3302508Z   Preparing editable metadata (pyproject.toml): finished with status 'done'
2026-10-09T13:25:11.4396496Z Collecting fastapi<1,>=0.115 (from ai-novel-studio==0.7.0)
2026-10-09T13:25:11.4845963Z   Downloading fastapi-0.142.2-py3-none-any.whl.metadata (27 kB)
2026-10-09T13:25:11.5131973Z Collecting uvicorn<1,>=0.30 (from ai-novel-studio==0.7.0)
2026-10-09T13:25:11.5166731Z   Downloading uvicorn-0.54.0-py3-none-any.whl.metadata (6.6 kB)
2026-10-09T13:25:11.5349917Z Collecting psycopg<4,>=3.2 (from psycopg[binary]<4,>=3.2->ai-novel-studio==0.7.0)
2026-10-09T13:25:11.5388620Z   Downloading psycopg-3.3.6-py3-none-any.whl.metadata (4.4 kB)
2026-10-09T13:25:11.8094872Z Collecting sqlalchemy<3,>=2.0 (from ai-novel-studio==0.7.0)
2026-10-09T13:25:11.8140538Z   Downloading sqlalchemy-2.1.3-cp312-cp312-manylinux2014_x86_64.manylinux_2_17_x86_64.manylinux_2_28_x86_64.whl.metadata (9.7 kB)
2026-10-09T13:25:11.8476937Z Collecting httpx<1,>=0.27 (from ai-novel-studio==0.7.0)
2026-10-09T13:25:11.8552717Z   Downloading httpx-0.28.1-py3-none-any.whl.metadata (7.1 kB)
2026-10-09T13:25:11.8689322Z Collecting pydantic-settings<3,>=2.6 (from ai-novel-studio==0.7.0)
2026-10-09T13:25:11.8734543Z   Downloading pydantic_settings-2.15.0-py3-none-any.whl.metadata (3.9 kB)
2026-10-09T13:25:11.9637121Z Collecting reportlab<5,>=4.0 (from ai-novel-studio==0.7.0)
2026-10-09T13:25:11.9678542Z   Downloading reportlab-4.5.1-py3-none-any.whl.metadata (1.7 kB)
2026-10-09T13:25:11.9862628Z Collecting pypdf==6.19.0 (from ai-novel-studio==0.7.0)
2026-10-09T13:25:11.9906320Z   Downloading pypdf-6.19.0-py3-none-any.whl.metadata (7.5 kB)
2026-10-09T13:25:12.0102496Z Collecting jsonschema<5,>=4.18 (from ai-novel-studio==0.7.0)
2026-10-09T13:25:12.0138391Z   Downloading jsonschema-4.26.0-py3-none-any.whl.metadata (7.6 kB)
2026-10-09T13:25:12.0379281Z Collecting pytest<9,>=8 (from ai-novel-studio==0.7.0)
2026-10-09T13:25:12.0413621Z   Downloading pytest-8.4.2-py3-none-any.whl.metadata (7.7 kB)
2026-10-09T13:25:12.1984165Z Collecting fonttools==4.59.1 (from ai-novel-studio==0.7.0)
2026-10-09T13:25:12.2033984Z   Downloading fonttools-4.59.1-cp312-cp312-manylinux1_x86_64.manylinux2014_x86_64.manylinux_2_17_x86_64.manylinux_2_5_x86_64.whl.metadata (108 kB)
2026-10-09T13:25:12.2363853Z Collecting opentimelineio==0.18.1 (from ai-novel-studio==0.7.0)
2026-10-09T13:25:12.2403328Z   Downloading opentimelineio-0.18.1-cp312-cp312-manylinux2014_x86_64.manylinux_2_17_x86_64.whl.metadata (2.6 kB)
2026-10-09T13:25:12.4064772Z Collecting Pillow==12.3.0 (from ai-novel-studio==0.7.0)
2026-10-09T13:25:12.4106459Z   Downloading pillow-12.3.0-cp312-cp312-manylinux_2_27_x86_64.manylinux_2_28_x86_64.whl.metadata (9.1 kB)
2026-10-09T13:25:12.4350159Z Collecting starlette>=0.46.0 (from fastapi<1,>=0.115->ai-novel-studio==0.7.0)
2026-10-09T13:25:12.4395382Z   Downloading starlette-1.7.0-py3-none-any.whl.metadata (6.6 kB)
2026-10-09T13:25:12.5258686Z Collecting pydantic>=2.9.0 (from fastapi<1,>=0.115->ai-novel-studio==0.7.0)
2026-10-09T13:25:12.5295333Z   Downloading pydantic-2.13.5-py3-none-any.whl.metadata (110 kB)
2026-10-09T13:25:12.5567134Z Collecting typing-extensions>=4.8.0 (from fastapi<1,>=0.115->ai-novel-studio==0.7.0)
2026-10-09T13:25:12.5604215Z   Downloading typing_extensions-4.16.0-py3-none-any.whl.metadata (3.3 kB)
2026-10-09T13:25:12.6006939Z Collecting typing-inspection>=0.4.2 (from fastapi<1,>=0.115->ai-novel-studio==0.7.0)
2026-10-09T13:25:12.6043934Z   Downloading typing_inspection-0.4.4-py3-none-any.whl.metadata (2.6 kB)
2026-10-09T13:25:12.6157829Z Collecting annotated-doc>=0.0.2 (from fastapi<1,>=0.115->ai-novel-studio==0.7.0)
2026-10-09T13:25:12.6199535Z   Downloading annotated_doc-0.0.5-py3-none-any.whl.metadata (6.5 kB)
2026-10-09T13:25:12.6384787Z Collecting opentelemetry-api>=1.44.0 (from fastapi<1,>=0.115->ai-novel-studio==0.7.0)
2026-10-09T13:25:12.6425201Z   Downloading opentelemetry_api-1.45.0-py3-none-any.whl.metadata (1.4 kB)
2026-10-09T13:25:12.7161397Z Collecting anyio (from httpx<1,>=0.27->ai-novel-studio==0.7.0)
2026-10-09T13:25:12.7206277Z   Downloading anyio-4.15.1-py3-none-any.whl.metadata (4.7 kB)
2026-10-09T13:25:12.7358456Z Collecting certifi (from httpx<1,>=0.27->ai-novel-studio==0.7.0)
2026-10-09T13:25:12.7398928Z   Downloading certifi-2026.7.22-py3-none-any.whl.metadata (2.5 kB)
2026-10-09T13:25:12.7548509Z Collecting httpcore==1.* (from httpx<1,>=0.27->ai-novel-studio==0.7.0)
2026-10-09T13:25:12.7584365Z   Downloading httpcore-1.0.9-py3-none-any.whl.metadata (21 kB)
2026-10-09T13:25:12.8205462Z Collecting idna (from httpx<1,>=0.27->ai-novel-studio==0.7.0)
2026-10-09T13:25:12.8238713Z   Downloading idna-3.20-py3-none-any.whl.metadata (7.2 kB)
2026-10-09T13:25:12.8351857Z Collecting h11>=0.16 (from httpcore==1.*->httpx<1,>=0.27->ai-novel-studio==0.7.0)
2026-10-09T13:25:12.8468515Z   Downloading h11-0.16.0-py3-none-any.whl.metadata (8.3 kB)
2026-10-09T13:25:12.8621016Z Collecting attrs>=22.2.0 (from jsonschema<5,>=4.18->ai-novel-studio==0.7.0)
2026-10-09T13:25:12.8652931Z   Downloading attrs-26.1.0-py3-none-any.whl.metadata (8.8 kB)
2026-10-09T13:25:12.8759566Z Collecting jsonschema-specifications>=2023.03.6 (from jsonschema<5,>=4.18->ai-novel-studio==0.7.0)
2026-10-09T13:25:12.8791834Z   Downloading jsonschema_specifications-2025.9.1-py3-none-any.whl.metadata (2.9 kB)
2026-10-09T13:25:12.8957995Z Collecting referencing>=0.28.4 (from jsonschema<5,>=4.18->ai-novel-studio==0.7.0)
2026-10-09T13:25:12.8990855Z   Downloading referencing-0.37.0-py3-none-any.whl.metadata (2.8 kB)
2026-10-09T13:25:13.1318062Z Collecting rpds-py>=0.25.0 (from jsonschema<5,>=4.18->ai-novel-studio==0.7.0)
2026-10-09T13:25:13.1357319Z   Downloading rpds_py-2026.9.1-cp312-cp312-manylinux_2_17_x86_64.manylinux2014_x86_64.whl.metadata (4.1 kB)
2026-10-09T13:25:13.3260088Z Collecting psycopg-binary==3.3.6 (from psycopg[binary]<4,>=3.2->ai-novel-studio==0.7.0)
2026-10-09T13:25:13.3300357Z   Downloading psycopg_binary-3.3.6-cp312-cp312-manylinux2014_x86_64.manylinux_2_17_x86_64.whl.metadata (2.7 kB)
2026-10-09T13:25:13.3476306Z Collecting python-dotenv>=0.21.0 (from pydantic-settings<3,>=2.6->ai-novel-studio==0.7.0)
2026-10-09T13:25:13.3511421Z   Downloading python_dotenv-1.2.4-py3-none-any.whl.metadata (29 kB)
2026-10-09T13:25:13.3630316Z Collecting iniconfig>=1 (from pytest<9,>=8->ai-novel-studio==0.7.0)
2026-10-09T13:25:13.3673594Z   Downloading iniconfig-2.3.0-py3-none-any.whl.metadata (2.5 kB)
2026-10-09T13:25:13.3800391Z Collecting packaging>=20 (from pytest<9,>=8->ai-novel-studio==0.7.0)
2026-10-09T13:25:13.3840865Z   Downloading packaging-26.3-py3-none-any.whl.metadata (3.5 kB)
2026-10-09T13:25:13.3946958Z Collecting pluggy<2,>=1.5 (from pytest<9,>=8->ai-novel-studio==0.7.0)
2026-10-09T13:25:13.3982959Z   Downloading pluggy-1.6.0-py3-none-any.whl.metadata (4.8 kB)
2026-10-09T13:25:13.4318691Z Collecting pygments>=2.7.2 (from pytest<9,>=8->ai-novel-studio==0.7.0)
2026-10-09T13:25:13.4349045Z   Downloading pygments-2.21.0-py3-none-any.whl.metadata (2.5 kB)
2026-10-09T13:25:13.5717257Z Collecting charset-normalizer (from reportlab<5,>=4.0->ai-novel-studio==0.7.0)
2026-10-09T13:25:13.5758556Z   Downloading charset_normalizer-3.5.2-cp312-cp312-manylinux2014_x86_64.manylinux_2_17_x86_64.manylinux_2_28_x86_64.whl.metadata (46 kB)
2026-10-09T13:25:13.5962662Z Collecting click>=7.0 (from uvicorn<1,>=0.30->ai-novel-studio==0.7.0)
2026-10-09T13:25:13.5998638Z   Downloading click-8.5.0-py3-none-any.whl.metadata (2.6 kB)
2026-10-09T13:25:13.6168816Z Collecting annotated-types>=0.6.0 (from pydantic>=2.9.0->fastapi<1,>=0.115->ai-novel-studio==0.7.0)
2026-10-09T13:25:13.6203714Z   Downloading annotated_types-0.8.0-py3-none-any.whl.metadata (15 kB)
2026-10-09T13:25:14.2665854Z Collecting pydantic-core==2.46.5 (from pydantic>=2.9.0->fastapi<1,>=0.115->ai-novel-studio==0.7.0)
2026-10-09T13:25:14.2708244Z   Downloading pydantic_core-2.46.5-cp312-cp312-manylinux_2_17_x86_64.manylinux2014_x86_64.whl.metadata (6.6 kB)
2026-10-09T13:25:14.2924096Z Downloading fonttools-4.59.1-cp312-cp312-manylinux1_x86_64.manylinux2014_x86_64.manylinux_2_17_x86_64.manylinux_2_5_x86_64.whl (4.9 MB)
2026-10-09T13:25:14.3779350Z    ━━━━━━━━━━━━━━━━━━━━━━━━━━━━━━━━━━━━━━━━ 4.9/4.9 MB 59.7 MB/s  0:00:00
2026-10-09T13:25:14.3837595Z Downloading opentimelineio-0.18.1-cp312-cp312-manylinux2014_x86_64.manylinux_2_17_x86_64.whl (842 kB)
2026-10-09T13:25:14.4745571Z    ━━━━━━━━━━━━━━━━━━━━━━━━━━━━━━━━━━━━━━━━ 842.8/842.8 kB 6.6 MB/s  0:00:00
2026-10-09T13:25:14.4782104Z Downloading pillow-12.3.0-cp312-cp312-manylinux_2_27_x86_64.manylinux_2_28_x86_64.whl (6.9 MB)
2026-10-09T13:25:14.5396284Z    ━━━━━━━━━━━━━━━━━━━━━━━━━━━━━━━━━━━━━━━━ 6.9/6.9 MB 113.1 MB/s  0:00:00
2026-10-09T13:25:14.5438286Z Downloading pypdf-6.19.0-py3-none-any.whl (395 kB)
2026-10-09T13:25:14.5505690Z Downloading fastapi-0.142.2-py3-none-any.whl (144 kB)
2026-10-09T13:25:14.5747001Z Downloading httpx-0.28.1-py3-none-any.whl (73 kB)
2026-10-09T13:25:14.5794565Z Downloading httpcore-1.0.9-py3-none-any.whl (78 kB)
2026-10-09T13:25:14.5841442Z Downloading jsonschema-4.26.0-py3-none-any.whl (90 kB)
2026-10-09T13:25:14.5890202Z Downloading psycopg-3.3.6-py3-none-any.whl (215 kB)
2026-10-09T13:25:14.5940805Z Downloading psycopg_binary-3.3.6-cp312-cp312-manylinux2014_x86_64.manylinux_2_17_x86_64.whl (5.2 MB)
2026-10-09T13:25:14.6335139Z    ━━━━━━━━━━━━━━━━━━━━━━━━━━━━━━━━━━━━━━━━ 5.2/5.2 MB 134.9 MB/s  0:00:00
2026-10-09T13:25:14.6378996Z Downloading pydantic_settings-2.15.0-py3-none-any.whl (69 kB)
2026-10-09T13:25:14.6436927Z Downloading pytest-8.4.2-py3-none-any.whl (365 kB)
2026-10-09T13:25:14.6500876Z Downloading pluggy-1.6.0-py3-none-any.whl (20 kB)
2026-10-09T13:25:14.6547664Z Downloading reportlab-4.5.1-py3-none-any.whl (2.0 MB)
2026-10-09T13:25:14.6706181Z    ━━━━━━━━━━━━━━━━━━━━━━━━━━━━━━━━━━━━━━━━ 2.0/2.0 MB 124.0 MB/s  0:00:00
2026-10-09T13:25:14.6738219Z Downloading sqlalchemy-2.1.3-cp312-cp312-manylinux2014_x86_64.manylinux_2_17_x86_64.manylinux_2_28_x86_64.whl (4.7 MB)
2026-10-09T13:25:14.7071013Z    ━━━━━━━━━━━━━━━━━━━━━━━━━━━━━━━━━━━━━━━━ 4.7/4.7 MB 142.7 MB/s  0:00:00
2026-10-09T13:25:14.7105755Z Downloading uvicorn-0.54.0-py3-none-any.whl (87 kB)
2026-10-09T13:25:14.7156036Z Downloading annotated_doc-0.0.5-py3-none-any.whl (5.3 kB)
2026-10-09T13:25:14.7207310Z Downloading attrs-26.1.0-py3-none-any.whl (67 kB)
2026-10-09T13:25:14.7265638Z Downloading click-8.5.0-py3-none-any.whl (125 kB)
2026-10-09T13:25:14.7340544Z Downloading h11-0.16.0-py3-none-any.whl (37 kB)
2026-10-09T13:25:14.7518561Z Downloading iniconfig-2.3.0-py3-none-any.whl (7.5 kB)
2026-10-09T13:25:14.7569886Z Downloading jsonschema_specifications-2025.9.1-py3-none-any.whl (18 kB)
2026-10-09T13:25:14.7621314Z Downloading opentelemetry_api-1.45.0-py3-none-any.whl (60 kB)
2026-10-09T13:25:14.7692714Z Downloading packaging-26.3-py3-none-any.whl (129 kB)
2026-10-09T13:25:14.7912117Z Downloading pydantic-2.13.5-py3-none-any.whl (472 kB)
2026-10-09T13:25:14.7986039Z Downloading pydantic_core-2.46.5-cp312-cp312-manylinux_2_17_x86_64.manylinux2014_x86_64.whl (2.1 MB)
2026-10-09T13:25:14.8125674Z    ━━━━━━━━━━━━━━━━━━━━━━━━━━━━━━━━━━━━━━━━ 2.1/2.1 MB 151.8 MB/s  0:00:00
2026-10-09T13:25:14.8158715Z Downloading annotated_types-0.8.0-py3-none-any.whl (13 kB)
2026-10-09T13:25:14.8205932Z Downloading pygments-2.21.0-py3-none-any.whl (1.3 MB)
2026-10-09T13:25:14.8302208Z    ━━━━━━━━━━━━━━━━━━━━━━━━━━━━━━━━━━━━━━━━ 1.3/1.3 MB 129.6 MB/s  0:00:00
2026-10-09T13:25:14.8334866Z Downloading python_dotenv-1.2.4-py3-none-any.whl (23 kB)
2026-10-09T13:25:14.8387145Z Downloading referencing-0.37.0-py3-none-any.whl (26 kB)
2026-10-09T13:25:14.8435568Z Downloading rpds_py-2026.9.1-cp312-cp312-manylinux_2_17_x86_64.manylinux2014_x86_64.whl (371 kB)
2026-10-09T13:25:14.8503204Z Downloading starlette-1.7.0-py3-none-any.whl (78 kB)
2026-10-09T13:25:14.8550718Z Downloading anyio-4.15.1-py3-none-any.whl (132 kB)
2026-10-09T13:25:14.8601076Z Downloading idna-3.20-py3-none-any.whl (69 kB)
2026-10-09T13:25:14.8653696Z Downloading typing_extensions-4.16.0-py3-none-any.whl (45 kB)
2026-10-09T13:25:14.8707704Z Downloading typing_inspection-0.4.4-py3-none-any.whl (14 kB)
2026-10-09T13:25:14.9138057Z Downloading certifi-2026.7.22-py3-none-any.whl (136 kB)
2026-10-09T13:25:14.9192126Z Downloading charset_normalizer-3.5.2-cp312-cp312-manylinux2014_x86_64.manylinux_2_17_x86_64.manylinux_2_28_x86_64.whl (257 kB)
2026-10-09T13:25:15.0392631Z Building wheels for collected packages: ai-novel-studio
2026-10-09T13:25:15.0401629Z   Building editable for ai-novel-studio (pyproject.toml): started
2026-10-09T13:25:16.0181823Z   Building editable for ai-novel-studio (pyproject.toml): finished with status 'done'
2026-10-09T13:25:16.0187285Z   Created wheel for ai-novel-studio: filename=ai_novel_studio-0.7.0-0.editable-py3-none-any.whl size=3197 sha256=8abfc98049a8f3c0635f9a2a19d8202bfaa5bea885bc8058ab4fde4c0f478578
2026-10-09T13:25:16.0189091Z   Stored in directory: /home/runner/work/_temp/novel-ci-backend-postgres-shard-0.y7L1CM/project/.runtime/ci-backend/tmp/pip-ephem-wheel-cache-egm674e5/wheels/9b/4a/05/a8542c020be9e8472e759c16ae149ccf0cf496c2779bcf9a94
2026-10-09T13:25:16.0204186Z Successfully built ai-novel-studio
2026-10-09T13:25:16.1120020Z Installing collected packages: typing-extensions, rpds-py, python-dotenv, pypdf, pygments, psycopg-binary, pluggy, Pillow, packaging, opentimelineio, iniconfig, idna, h11, fonttools, click, charset-normalizer, certifi, attrs, annotated-types, annotated-doc, uvicorn, typing-inspection, sqlalchemy, reportlab, referencing, pytest, pydantic-core, psycopg, opentelemetry-api, httpcore, anyio, starlette, pydantic, jsonschema-specifications, httpx, pydantic-settings, jsonschema, fastapi, ai-novel-studio
2026-10-09T13:25:22.5470742Z 
2026-10-09T13:25:22.5507749Z Successfully installed Pillow-12.3.0 ai-novel-studio-0.7.0 annotated-doc-0.0.5 annotated-types-0.8.0 anyio-4.15.1 attrs-26.1.0 certifi-2026.7.22 charset-normalizer-3.5.2 click-8.5.0 fastapi-0.142.2 fonttools-4.59.1 h11-0.16.0 httpcore-1.0.9 httpx-0.28.1 idna-3.20 iniconfig-2.3.0 jsonschema-4.26.0 jsonschema-specifications-2025.9.1 opentelemetry-api-1.45.0 opentimelineio-0.18.1 packaging-26.3 pluggy-1.6.0 psycopg-3.3.6 psycopg-binary-3.3.6 pydantic-2.13.5 pydantic-core-2.46.5 pydantic-settings-2.15.0 pygments-2.21.0 pypdf-6.19.0 pytest-8.4.2 python-dotenv-1.2.4 referencing-0.37.0 reportlab-4.5.1 rpds-py-2026.9.1 sqlalchemy-2.1.3 starlette-1.7.0 typing-extensions-4.16.0 typing-inspection-0.4.4 uvicorn-0.54.0
2026-10-09T13:25:23.3683399Z No broken requirements found.
2026-10-09T13:25:24.6887974Z ##[group]Run sudo apt-get update
2026-10-09T13:25:24.6888310Z [36;1msudo apt-get update[0m
2026-10-09T13:25:24.6888626Z [36;1msudo apt-get install -y --no-install-recommends ffmpeg[0m
2026-10-09T13:25:24.6889012Z [36;1mffmpeg -version > "$CI_RECEIPTS/ffmpeg-version.txt"[0m
2026-10-09T13:25:24.6889394Z [36;1mffprobe -version > "$CI_RECEIPTS/ffprobe-version.txt"[0m
2026-10-09T13:25:24.6889841Z [36;1mpython -c "import shutil; assert shutil.which('ffmpeg') and shutil.which('ffprobe')"[0m
2026-10-09T13:25:24.6958866Z shell: /usr/bin/bash -e {0}
2026-10-09T13:25:24.6959139Z env:
2026-10-09T13:25:24.6959358Z   MOCK_PROVIDER: true
2026-10-09T13:25:24.6959601Z   MOCK_STREAM_DELAY_MS: 0
2026-10-09T13:25:24.6959848Z   ENABLE_CLOUD: false
2026-10-09T13:25:24.6960084Z   CREDENTIAL_VAULT_BACKEND: memory
2026-10-09T13:25:24.6960378Z   CREDENTIAL_VAULT_ALLOW_MEMORY_FALLBACK: true
2026-10-09T13:25:24.6960706Z   PYTHONDONTWRITEBYTECODE: 1
2026-10-09T13:25:24.6960961Z   HF_HUB_OFFLINE: 1
2026-10-09T13:25:24.6961238Z   TRANSFORMERS_OFFLINE: 1
2026-10-09T13:25:24.6961556Z   pythonLocation: /opt/hostedtoolcache/Python/3.12.9/x64
2026-10-09T13:25:24.6961964Z   PKG_CONFIG_PATH: /opt/hostedtoolcache/Python/3.12.9/x64/lib/pkgconfig
2026-10-09T13:25:24.6962380Z   Python_ROOT_DIR: /opt/hostedtoolcache/Python/3.12.9/x64
2026-10-09T13:25:24.6962845Z   Python2_ROOT_DIR: /opt/hostedtoolcache/Python/3.12.9/x64
2026-10-09T13:25:24.6963236Z   Python3_ROOT_DIR: /opt/hostedtoolcache/Python/3.12.9/x64
2026-10-09T13:25:24.6963608Z   LD_LIBRARY_PATH: /opt/hostedtoolcache/Python/3.12.9/x64/lib
2026-10-09T13:25:24.6963980Z   CI_COVERAGE_SHA: 57986cb13d452731baf82bbc242bfc79f9cfd145
2026-10-09T13:25:24.6964348Z   CI_COVERAGE_TREE: 7b06f7eb213893ec41e4ded14810b82b070b7dc7
2026-10-09T13:25:24.6964799Z   CI_SANDBOX: /home/runner/work/_temp/novel-ci-backend-postgres-shard-0.y7L1CM
2026-10-09T13:25:24.6965317Z   CI_PROJECT: /home/runner/work/_temp/novel-ci-backend-postgres-shard-0.y7L1CM/project
2026-10-09T13:25:24.6965879Z   CI_RECEIPTS: /home/runner/work/_temp/novel-ci-backend-postgres-shard-0.y7L1CM/receipts
2026-10-09T13:25:24.6966533Z   HOME: /home/runner/work/_temp/novel-ci-backend-postgres-shard-0.y7L1CM/project/.runtime/ci-backend/home
2026-10-09T13:25:24.6967241Z   USERPROFILE: /home/runner/work/_temp/novel-ci-backend-postgres-shard-0.y7L1CM/project/.runtime/ci-backend/home
2026-10-09T13:25:24.6967975Z   APPDATA: /home/runner/work/_temp/novel-ci-backend-postgres-shard-0.y7L1CM/project/.runtime/ci-backend/appdata
2026-10-09T13:25:24.6968703Z   LOCALAPPDATA: /home/runner/work/_temp/novel-ci-backend-postgres-shard-0.y7L1CM/project/.runtime/ci-backend/localappdata
2026-10-09T13:25:24.6969458Z   XDG_CONFIG_HOME: /home/runner/work/_temp/novel-ci-backend-postgres-shard-0.y7L1CM/project/.runtime/ci-backend/config
2026-10-09T13:25:24.6970172Z   XDG_CACHE_HOME: /home/runner/work/_temp/novel-ci-backend-postgres-shard-0.y7L1CM/project/.runtime/ci-backend/cache
2026-10-09T13:25:24.6970864Z   XDG_DATA_HOME: /home/runner/work/_temp/novel-ci-backend-postgres-shard-0.y7L1CM/project/.runtime/ci-backend/data
2026-10-09T13:25:24.6971888Z   XDG_STATE_HOME: /home/runner/work/_temp/novel-ci-backend-postgres-shard-0.y7L1CM/project/.runtime/ci-backend/state
2026-10-09T13:25:24.6972566Z   TMPDIR: /home/runner/work/_temp/novel-ci-backend-postgres-shard-0.y7L1CM/project/.runtime/ci-backend/tmp
2026-10-09T13:25:24.6973351Z   TMP: /home/runner/work/_temp/novel-ci-backend-postgres-shard-0.y7L1CM/project/.runtime/ci-backend/tmp
2026-10-09T13:25:24.6973984Z   TEMP: /home/runner/work/_temp/novel-ci-backend-postgres-shard-0.y7L1CM/project/.runtime/ci-backend/tmp
2026-10-09T13:25:24.6974569Z   PROJECT_ROOT: /home/runner/work/_temp/novel-ci-backend-postgres-shard-0.y7L1CM/project
2026-10-09T13:25:24.6975216Z   NOVEL_DATA_PATH: /home/runner/work/_temp/novel-ci-backend-postgres-shard-0.y7L1CM/project/.runtime/ci-backend/data/novels
2026-10-09T13:25:24.6976118Z   BACKUP_PATH: /home/runner/work/_temp/novel-ci-backend-postgres-shard-0.y7L1CM/project/.runtime/ci-backend/data/backups
2026-10-09T13:25:24.6976944Z   DATABASE_BACKUP_PATH: /home/runner/work/_temp/novel-ci-backend-postgres-shard-0.y7L1CM/project/.runtime/ci-backend/data/database-backups
2026-10-09T13:25:24.6977784Z   KNOWLEDGE_SOURCE_PATH: /home/runner/work/_temp/novel-ci-backend-postgres-shard-0.y7L1CM/project/.runtime/ci-backend/data/novels
2026-10-09T13:25:24.6978514Z   CI_V2_RUNTIME: /home/runner/work/_temp/novel-ci-backend-postgres-shard-0.y7L1CM/project/.runtime/ci-backend
2026-10-09T13:25:24.6978982Z ##[endgroup]
2026-10-09T13:25:24.7753802Z Get:1 file:/etc/apt/apt-mirrors.txt Mirrorlist [144 B]
2026-10-09T13:25:24.8069028Z Hit:2 http://azure.archive.ubuntu.com/ubuntu noble InRelease
2026-10-09T13:25:24.8106629Z Get:3 http://azure.archive.ubuntu.com/ubuntu noble-updates InRelease [126 kB]
2026-10-09T13:25:24.8126582Z Get:4 http://azure.archive.ubuntu.com/ubuntu noble-backports InRelease [126 kB]
2026-10-09T13:25:24.8156233Z Get:5 http://azure.archive.ubuntu.com/ubuntu noble-security InRelease [126 kB]
2026-10-09T13:25:24.8450100Z Get:6 https://packages.microsoft.com/ubuntu/24.04/prod noble InRelease [3600 B]
2026-10-09T13:25:24.9524868Z Get:7 http://azure.archive.ubuntu.com/ubuntu noble-updates/main amd64 Packages [1375 kB]
2026-10-09T13:25:24.9683831Z Get:8 http://azure.archive.ubuntu.com/ubuntu noble-updates/main Translation-en [306 kB]
2026-10-09T13:25:24.9734672Z Get:9 http://azure.archive.ubuntu.com/ubuntu noble-updates/universe amd64 Packages [1702 kB]
2026-10-09T13:25:24.9810658Z Get:10 http://azure.archive.ubuntu.com/ubuntu noble-updates/universe Translation-en [342 kB]
2026-10-09T13:25:24.9837000Z Get:11 http://azure.archive.ubuntu.com/ubuntu noble-updates/restricted amd64 Packages [1761 kB]
2026-10-09T13:25:24.9942443Z Get:12 http://azure.archive.ubuntu.com/ubuntu noble-updates/restricted Translation-en [401 kB]
2026-10-09T13:25:24.9971520Z Get:13 http://azure.archive.ubuntu.com/ubuntu noble-updates/multiverse amd64 Packages [55.0 kB]
2026-10-09T13:25:24.9985262Z Get:14 http://azure.archive.ubuntu.com/ubuntu noble-updates/multiverse Translation-en [14.3 kB]
2026-10-09T13:25:25.0860157Z Get:15 http://azure.archive.ubuntu.com/ubuntu noble-security/main amd64 Packages [1121 kB]
2026-10-09T13:25:25.0947533Z Get:16 http://azure.archive.ubuntu.com/ubuntu noble-security/main Translation-en [228 kB]
2026-10-09T13:25:25.1385341Z Get:23 https://packages.microsoft.com/ubuntu/24.04/prod noble/main arm64 Packages [475 kB]
2026-10-09T13:25:25.1393971Z Get:17 http://azure.archive.ubuntu.com/ubuntu noble-security/universe amd64 Packages [1220 kB]
2026-10-09T13:25:25.1455912Z Get:18 http://azure.archive.ubuntu.com/ubuntu noble-security/universe Translation-en [245 kB]
2026-10-09T13:25:25.1485937Z Get:19 http://azure.archive.ubuntu.com/ubuntu noble-security/restricted amd64 Packages [1669 kB]
2026-10-09T13:25:25.1538230Z Get:24 https://packages.microsoft.com/ubuntu/24.04/prod noble/main all Packages [640 B]
2026-10-09T13:25:25.1562261Z Get:20 http://azure.archive.ubuntu.com/ubuntu noble-security/restricted Translation-en [383 kB]
2026-10-09T13:25:25.1566914Z Get:25 https://packages.microsoft.com/ubuntu/24.04/prod noble/main amd64 Packages [531 kB]
2026-10-09T13:25:25.1590303Z Get:21 http://azure.archive.ubuntu.com/ubuntu noble-security/multiverse amd64 Packages [49.8 kB]
2026-10-09T13:25:25.1594681Z Get:22 http://azure.archive.ubuntu.com/ubuntu noble-security/multiverse Translation-en [12.4 kB]
2026-10-09T13:25:25.1617488Z Get:26 https://packages.microsoft.com/ubuntu/24.04/prod noble/main armhf Packages [12.3 kB]
2026-10-09T13:25:33.0743150Z Fetched 12.3 MB in 1s (9717 kB/s)
2026-10-09T13:25:33.9558803Z Reading package lists...
2026-10-09T13:25:33.9898904Z Reading package lists...
2026-10-09T13:25:34.2148153Z Building dependency tree...
2026-10-09T13:25:34.2155438Z Reading state information...
2026-10-09T13:25:34.3919624Z The following additional packages will be installed:
2026-10-09T13:25:34.3920424Z   libass9 libasyncns0 libavc1394-0 libavcodec60 libavdevice60 libavfilter9
2026-10-09T13:25:34.3921642Z   libavformat60 libavutil58 libblas3 libbluray2 libbs2b0 libcaca0
2026-10-09T13:25:34.3922165Z   libcdio-cdda2t64 libcdio-paranoia2t64 libcdio19t64 libchromaprint1 libcjson1
2026-10-09T13:25:34.3922668Z   libcodec2-1.2 libdav1d7 libdc1394-25 libdecor-0-0 libflac12t64 libflite1
2026-10-09T13:25:34.3923604Z   libgme0 libgsm1 libhwy1t64 libiec61883-0 libjack-jackd2-0 libjxl0.7
2026-10-09T13:25:34.3924351Z   liblapack3 liblilv-0-0 libmbedcrypto7t64 libmp3lame0 libmpg123-0t64
2026-10-09T13:25:34.3924901Z   libmysofa1 libopenal-data libopenal1 libopenmpt0t64 libopus0 libplacebo338
2026-10-09T13:25:34.3925452Z   libpocketsphinx3 libpostproc57 libpulse0 librav1e0 libraw1394-11 librist4
2026-10-09T13:25:34.3936671Z   librsvg2-2 librubberband2 libsamplerate0 libsdl2-2.0-0 libserd-0-0 libshine3
2026-10-09T13:25:34.3937521Z   libsndfile1 libsndio7.0 libsord-0-0 libsoxr0 libspeex1 libsphinxbase3t64
2026-10-09T13:25:34.3938202Z   libsratom-0-0 libsrt1.5-gnutls libssh-gcrypt-4 libsvtav1enc1d1
2026-10-09T13:25:34.3938697Z   libswresample4 libswscale7 libtheora0 libtwolame0 libudfread0 libunibreak5
2026-10-09T13:25:34.3939221Z   libva-drm2 libva-x11-2 libva2 libvdpau1 libvidstab1.1 libvorbisenc2 libvpl2
2026-10-09T13:25:34.3939712Z   libvpx9 libx264-164 libx265-199 libxcb-shape0 libxv1 libxvidcore4 libzimg2
2026-10-09T13:25:34.3940150Z   libzix-0-0 libzvbi-common libzvbi0t64 ocl-icd-libopencl1
2026-10-09T13:25:34.3940478Z Suggested packages:
2026-10-09T13:25:34.3940814Z   ffmpeg-doc libcuda1 libnvcuvid1 libnvidia-encode1 libbluray-bdj jackd2
2026-10-09T13:25:34.3941312Z   libportaudio2 opus-tools pulseaudio libraw1394-doc librsvg2-bin serdi sndiod
2026-10-09T13:25:34.3941707Z   sordi speex opencl-icd
2026-10-09T13:25:34.3941940Z Recommended packages:
2026-10-09T13:25:34.3942245Z   libaacs0 default-libdecor-0-plugin-1 | libdecor-0-plugin-1
2026-10-09T13:25:34.3942655Z   pocketsphinx-en-us librsvg2-common va-driver-all | va-driver
2026-10-09T13:25:34.3943287Z   vdpau-driver-all | vdpau-driver
2026-10-09T13:25:34.4533821Z The following NEW packages will be installed:
2026-10-09T13:25:34.4534529Z   ffmpeg libass9 libasyncns0 libavc1394-0 libavcodec60 libavdevice60
2026-10-09T13:25:34.4535072Z   libavfilter9 libavformat60 libavutil58 libblas3 libbluray2 libbs2b0 libcaca0
2026-10-09T13:25:34.4535643Z   libcdio-cdda2t64 libcdio-paranoia2t64 libcdio19t64 libchromaprint1 libcjson1
2026-10-09T13:25:34.4536173Z   libcodec2-1.2 libdav1d7 libdc1394-25 libdecor-0-0 libflac12t64 libflite1
2026-10-09T13:25:34.4536662Z   libgme0 libgsm1 libhwy1t64 libiec61883-0 libjack-jackd2-0 libjxl0.7
2026-10-09T13:25:34.4537147Z   liblapack3 liblilv-0-0 libmbedcrypto7t64 libmp3lame0 libmpg123-0t64
2026-10-09T13:25:34.4537642Z   libmysofa1 libopenal-data libopenal1 libopenmpt0t64 libopus0 libplacebo338
2026-10-09T13:25:34.4538150Z   libpocketsphinx3 libpostproc57 libpulse0 librav1e0 libraw1394-11 librist4
2026-10-09T13:25:34.4538863Z   librsvg2-2 librubberband2 libsamplerate0 libsdl2-2.0-0 libserd-0-0 libshine3
2026-10-09T13:25:34.4539336Z   libsndfile1 libsndio7.0 libsord-0-0 libsoxr0 libspeex1 libsphinxbase3t64
2026-10-09T13:25:34.4540283Z   libsratom-0-0 libsrt1.5-gnutls libssh-gcrypt-4 libsvtav1enc1d1
2026-10-09T13:25:34.4540940Z   libswresample4 libswscale7 libtheora0 libtwolame0 libudfread0 libunibreak5
2026-10-09T13:25:34.4541452Z   libva-drm2 libva-x11-2 libva2 libvdpau1 libvidstab1.1 libvorbisenc2 libvpl2
2026-10-09T13:25:34.4541952Z   libvpx9 libx264-164 libx265-199 libxcb-shape0 libxv1 libxvidcore4 libzimg2
2026-10-09T13:25:34.4542573Z   libzix-0-0 libzvbi-common libzvbi0t64 ocl-icd-libopencl1
2026-10-09T13:25:34.4758599Z 0 upgraded, 87 newly installed, 0 to remove and 23 not upgraded.
2026-10-09T13:25:34.4759220Z Need to get 62.8 MB of archives.
2026-10-09T13:25:34.4759752Z After this operation, 173 MB of additional disk space will be used.
2026-10-09T13:25:34.4760376Z Get:1 file:/etc/apt/apt-mirrors.txt Mirrorlist [144 B]
2026-10-09T13:25:34.5978905Z Get:2 http://azure.archive.ubuntu.com/ubuntu noble-updates/universe amd64 libva2 amd64 2.20.0-2ubuntu0.2 [66.4 kB]
2026-10-09T13:25:34.8087673Z Get:3 http://azure.archive.ubuntu.com/ubuntu noble-updates/universe amd64 libva-drm2 amd64 2.20.0-2ubuntu0.2 [7124 B]
2026-10-09T13:25:35.0000701Z Get:4 http://azure.archive.ubuntu.com/ubuntu noble-updates/universe amd64 libva-x11-2 amd64 2.20.0-2ubuntu0.2 [12.0 kB]
2026-10-09T13:25:35.1032648Z Get:5 http://azure.archive.ubuntu.com/ubuntu noble/main amd64 libvdpau1 amd64 1.5-2build1 [27.8 kB]
2026-10-09T13:25:35.2064810Z Get:6 http://azure.archive.ubuntu.com/ubuntu noble/universe amd64 libvpl2 amd64 2023.3.0-1build1 [99.8 kB]
2026-10-09T13:25:35.3115305Z Get:7 http://azure.archive.ubuntu.com/ubuntu noble/universe amd64 ocl-icd-libopencl1 amd64 2.3.2-1build1 [38.5 kB]
2026-10-09T13:25:35.4117002Z Get:8 http://azure.archive.ubuntu.com/ubuntu noble/universe amd64 libavutil58 amd64 7:6.1.1-3ubuntu5 [401 kB]
2026-10-09T13:25:35.5231197Z Get:9 http://azure.archive.ubuntu.com/ubuntu noble/universe amd64 libcodec2-1.2 amd64 1.2.0-2build1 [8998 kB]
2026-10-09T13:25:35.9055909Z Get:10 http://azure.archive.ubuntu.com/ubuntu noble/universe amd64 libdav1d7 amd64 1.4.1-1build1 [604 kB]
2026-10-09T13:25:36.0258333Z Get:11 http://azure.archive.ubuntu.com/ubuntu noble/universe amd64 libgsm1 amd64 1.0.22-1build1 [27.8 kB]
2026-10-09T13:25:36.1259740Z Get:12 http://azure.archive.ubuntu.com/ubuntu noble/universe amd64 libhwy1t64 amd64 1.0.7-8.1build1 [584 kB]
2026-10-09T13:25:36.2436772Z Get:13 http://azure.archive.ubuntu.com/ubuntu noble-updates/universe amd64 libjxl0.7 amd64 0.7.0-10.2ubuntu6.1 [1001 kB]
2026-10-09T13:25:36.3738506Z Get:14 http://azure.archive.ubuntu.com/ubuntu noble/main amd64 libmp3lame0 amd64 3.100-6build1 [142 kB]
2026-10-09T13:25:36.4774194Z Get:15 http://azure.archive.ubuntu.com/ubuntu noble/main amd64 libopus0 amd64 1.4-1build1 [208 kB]
2026-10-09T13:25:36.5829159Z Get:16 http://azure.archive.ubuntu.com/ubuntu noble/universe amd64 librav1e0 amd64 0.7.1-2 [1022 kB]
2026-10-09T13:25:36.7139349Z Get:17 http://azure.archive.ubuntu.com/ubuntu noble-updates/main amd64 librsvg2-2 amd64 2.58.0+dfsg-1ubuntu0.1 [2141 kB]
2026-10-09T13:25:36.8807330Z Get:18 http://azure.archive.ubuntu.com/ubuntu noble/universe amd64 libshine3 amd64 3.1.1-2build1 [23.2 kB]
2026-10-09T13:25:36.9809516Z Get:19 http://azure.archive.ubuntu.com/ubuntu noble-updates/main amd64 libspeex1 amd64 1.2.1-2ubuntu2.24.04.1 [59.6 kB]
2026-10-09T13:25:37.0818503Z Get:20 http://azure.archive.ubuntu.com/ubuntu noble/universe amd64 libsvtav1enc1d1 amd64 1.7.0+dfsg-2build1 [2425 kB]
2026-10-09T13:25:37.2565443Z Get:21 http://azure.archive.ubuntu.com/ubuntu noble/universe amd64 libsoxr0 amd64 0.1.3-4build3 [80.0 kB]
2026-10-09T13:25:37.3582372Z Get:22 http://azure.archive.ubuntu.com/ubuntu noble/universe amd64 libswresample4 amd64 7:6.1.1-3ubuntu5 [63.8 kB]
2026-10-09T13:25:37.4593253Z Get:23 http://azure.archive.ubuntu.com/ubuntu noble/main amd64 libtheora0 amd64 1.1.1+dfsg.1-16.1build3 [211 kB]
2026-10-09T13:25:37.5649893Z Get:24 http://azure.archive.ubuntu.com/ubuntu noble/main amd64 libtwolame0 amd64 0.4.0-2build3 [52.3 kB]
2026-10-09T13:25:37.6999405Z Get:25 http://azure.archive.ubuntu.com/ubuntu noble/main amd64 libvorbisenc2 amd64 1.3.7-1build3 [80.8 kB]
2026-10-09T13:25:37.8026501Z Get:26 http://azure.archive.ubuntu.com/ubuntu noble-updates/main amd64 libvpx9 amd64 1.14.0-1ubuntu2.3 [1143 kB]
2026-10-09T13:25:37.9366661Z Get:27 http://azure.archive.ubuntu.com/ubuntu noble/universe amd64 libx264-164 amd64 2:0.164.3108+git31e19f9-1 [604 kB]
2026-10-09T13:25:38.0551225Z Get:28 http://azure.archive.ubuntu.com/ubuntu noble/universe amd64 libx265-199 amd64 3.5-2build1 [1226 kB]
2026-10-09T13:25:38.1926474Z Get:29 http://azure.archive.ubuntu.com/ubuntu noble/universe amd64 libxvidcore4 amd64 2:1.3.7-1build1 [219 kB]
2026-10-09T13:25:38.2984182Z Get:30 http://azure.archive.ubuntu.com/ubuntu noble/universe amd64 libzvbi-common all 0.2.42-2 [42.4 kB]
2026-10-09T13:25:38.3991801Z Get:31 http://azure.archive.ubuntu.com/ubuntu noble/universe amd64 libzvbi0t64 amd64 0.2.42-2 [261 kB]
2026-10-09T13:25:38.5080771Z Get:32 http://azure.archive.ubuntu.com/ubuntu noble/universe amd64 libavcodec60 amd64 7:6.1.1-3ubuntu5 [5851 kB]
2026-10-09T13:25:38.7910345Z Get:33 http://azure.archive.ubuntu.com/ubuntu noble/main amd64 libraw1394-11 amd64 2.1.2-2build3 [26.2 kB]
2026-10-09T13:25:38.8910667Z Get:34 http://azure.archive.ubuntu.com/ubuntu noble/main amd64 libavc1394-0 amd64 0.5.4-5build3 [15.4 kB]
2026-10-09T13:25:38.9909090Z Get:35 http://azure.archive.ubuntu.com/ubuntu noble/universe amd64 libunibreak5 amd64 5.1-2build1 [25.0 kB]
2026-10-09T13:25:39.0911484Z Get:36 http://azure.archive.ubuntu.com/ubuntu noble/universe amd64 libass9 amd64 1:0.17.1-2build1 [104 kB]
2026-10-09T13:25:39.1939232Z Get:37 http://azure.archive.ubuntu.com/ubuntu noble/universe amd64 libudfread0 amd64 1.1.2-1build1 [19.0 kB]
2026-10-09T13:25:39.2939524Z Get:38 http://azure.archive.ubuntu.com/ubuntu noble/universe amd64 libbluray2 amd64 1:1.3.4-1build1 [159 kB]
2026-10-09T13:25:39.3983102Z Get:39 http://azure.archive.ubuntu.com/ubuntu noble/universe amd64 libchromaprint1 amd64 1.5.1-5 [30.5 kB]
2026-10-09T13:25:39.4986735Z Get:40 http://azure.archive.ubuntu.com/ubuntu noble/universe amd64 libgme0 amd64 0.6.3-7build1 [134 kB]
2026-10-09T13:25:39.6021605Z Get:41 http://azure.archive.ubuntu.com/ubuntu noble-updates/main amd64 libmpg123-0t64 amd64 1.32.5-1ubuntu1.1 [169 kB]
2026-10-09T13:25:39.7066969Z Get:42 http://azure.archive.ubuntu.com/ubuntu noble/universe amd64 libopenmpt0t64 amd64 0.7.3-1.1build3 [647 kB]
2026-10-09T13:25:39.8262523Z Get:43 http://azure.archive.ubuntu.com/ubuntu noble/universe amd64 libcjson1 amd64 1.7.17-1 [24.8 kB]
2026-10-09T13:25:39.9284166Z Get:44 http://azure.archive.ubuntu.com/ubuntu noble/universe amd64 libmbedcrypto7t64 amd64 2.28.8-1 [209 kB]
2026-10-09T13:25:40.0316389Z Get:45 http://azure.archive.ubuntu.com/ubuntu noble/universe amd64 librist4 amd64 0.2.10+dfsg-2 [74.9 kB]
2026-10-09T13:25:40.1351609Z Get:46 http://azure.archive.ubuntu.com/ubuntu noble/universe amd64 libsrt1.5-gnutls amd64 1.5.3-1build2 [316 kB]
2026-10-09T13:25:40.3348026Z Get:47 http://azure.archive.ubuntu.com/ubuntu noble-updates/main amd64 libssh-gcrypt-4 amd64 0.10.6-2ubuntu0.5 [226 kB]
2026-10-09T13:25:40.5047382Z Get:48 http://azure.archive.ubuntu.com/ubuntu noble/universe amd64 libavformat60 amd64 7:6.1.1-3ubuntu5 [1153 kB]
2026-10-09T13:25:40.6467103Z Get:49 http://azure.archive.ubuntu.com/ubuntu noble/universe amd64 libbs2b0 amd64 3.1.0+dfsg-7build1 [10.6 kB]
2026-10-09T13:25:40.7599918Z Get:50 http://azure.archive.ubuntu.com/ubuntu noble/universe amd64 libflite1 amd64 2.2-6build3 [13.6 MB]
2026-10-09T13:25:41.4237337Z Get:51 http://azure.archive.ubuntu.com/ubuntu noble/universe amd64 libserd-0-0 amd64 0.32.2-1 [43.6 kB]
2026-10-09T13:25:41.5403663Z Get:52 http://azure.archive.ubuntu.com/ubuntu noble/universe amd64 libzix-0-0 amd64 0.4.2-2build1 [23.6 kB]
2026-10-09T13:25:41.7061302Z Get:53 http://azure.archive.ubuntu.com/ubuntu noble/universe amd64 libsord-0-0 amd64 0.16.16-2build1 [15.8 kB]
2026-10-09T13:25:41.8744837Z Get:54 http://azure.archive.ubuntu.com/ubuntu noble/universe amd64 libsratom-0-0 amd64 0.6.16-1build1 [17.3 kB]
2026-10-09T13:25:41.9871201Z Get:55 http://azure.archive.ubuntu.com/ubuntu noble/universe amd64 liblilv-0-0 amd64 0.24.22-1build1 [41.0 kB]
2026-10-09T13:25:42.2479459Z Get:56 http://azure.archive.ubuntu.com/ubuntu noble/universe amd64 libmysofa1 amd64 1.3.2+dfsg-2ubuntu2 [1158 kB]
2026-10-09T13:25:43.0166262Z Get:57 http://azure.archive.ubuntu.com/ubuntu noble/universe amd64 libplacebo338 amd64 6.338.2-2build1 [2654 kB]
2026-10-09T13:25:43.2997521Z Get:58 http://azure.archive.ubuntu.com/ubuntu noble-updates/main amd64 libblas3 amd64 3.12.0-3build1.1 [238 kB]
2026-10-09T13:25:43.4047031Z Get:59 http://azure.archive.ubuntu.com/ubuntu noble-updates/main amd64 liblapack3 amd64 3.12.0-3build1.1 [2646 kB]
2026-10-09T13:25:43.5743916Z Get:60 http://azure.archive.ubuntu.com/ubuntu noble/main amd64 libasyncns0 amd64 0.8-6build4 [11.3 kB]
2026-10-09T13:25:43.6746609Z Get:61 http://azure.archive.ubuntu.com/ubuntu noble/main amd64 libflac12t64 amd64 1.4.3+ds-2.1ubuntu2 [197 kB]
2026-10-09T13:25:43.7777848Z Get:62 http://azure.archive.ubuntu.com/ubuntu noble-updates/main amd64 libsndfile1 amd64 1.2.2-1ubuntu5.24.04.1 [209 kB]
2026-10-09T13:25:43.8812365Z Get:63 http://azure.archive.ubuntu.com/ubuntu noble-updates/main amd64 libpulse0 amd64 1:16.1+dfsg1-2ubuntu10.1 [292 kB]
2026-10-09T13:25:43.9862693Z Get:64 http://azure.archive.ubuntu.com/ubuntu noble/universe amd64 libsphinxbase3t64 amd64 0.8+5prealpha+1-17build2 [126 kB]
2026-10-09T13:25:44.0873887Z Get:65 http://azure.archive.ubuntu.com/ubuntu noble/universe amd64 libpocketsphinx3 amd64 0.8.0+real5prealpha+1-15ubuntu5 [133 kB]
2026-10-09T13:25:44.1897944Z Get:66 http://azure.archive.ubuntu.com/ubuntu noble/universe amd64 libpostproc57 amd64 7:6.1.1-3ubuntu5 [49.9 kB]
2026-10-09T13:25:44.2901661Z Get:67 http://azure.archive.ubuntu.com/ubuntu noble/main amd64 libsamplerate0 amd64 0.2.2-4build1 [1344 kB]
2026-10-09T13:25:44.4192081Z Get:68 http://azure.archive.ubuntu.com/ubuntu noble/universe amd64 librubberband2 amd64 3.3.0+dfsg-2build1 [130 kB]
2026-10-09T13:25:44.5213990Z Get:69 http://azure.archive.ubuntu.com/ubuntu noble/universe amd64 libswscale7 amd64 7:6.1.1-3ubuntu5 [193 kB]
2026-10-09T13:25:44.6246873Z Get:70 http://azure.archive.ubuntu.com/ubuntu noble/universe amd64 libvidstab1.1 amd64 1.1.0-2build1 [38.5 kB]
2026-10-09T13:25:44.7247952Z Get:71 http://azure.archive.ubuntu.com/ubuntu noble/universe amd64 libzimg2 amd64 3.0.5+ds1-1build1 [254 kB]
2026-10-09T13:25:44.8291684Z Get:72 http://azure.archive.ubuntu.com/ubuntu noble/universe amd64 libavfilter9 amd64 7:6.1.1-3ubuntu5 [4235 kB]
2026-10-09T13:25:45.0523281Z Get:73 http://azure.archive.ubuntu.com/ubuntu noble-updates/main amd64 libcaca0 amd64 0.99.beta20-4ubuntu0.2 [209 kB]
2026-10-09T13:25:45.1538075Z Get:74 http://azure.archive.ubuntu.com/ubuntu noble-updates/main amd64 libcdio19t64 amd64 2.1.0-4.1ubuntu1.2 [62.4 kB]
2026-10-09T13:25:45.2540989Z Get:75 http://azure.archive.ubuntu.com/ubuntu noble/main amd64 libcdio-cdda2t64 amd64 10.2+2.0.1-1.1build2 [16.5 kB]
2026-10-09T13:25:45.3551351Z Get:76 http://azure.archive.ubuntu.com/ubuntu noble/main amd64 libcdio-paranoia2t64 amd64 10.2+2.0.1-1.1build2 [16.6 kB]
2026-10-09T13:25:45.4549632Z Get:77 http://azure.archive.ubuntu.com/ubuntu noble/universe amd64 libdc1394-25 amd64 2.2.6-4build1 [90.1 kB]
2026-10-09T13:25:45.5556425Z Get:78 http://azure.archive.ubuntu.com/ubuntu noble/main amd64 libiec61883-0 amd64 1.2.0-6build1 [24.5 kB]
2026-10-09T13:25:45.6556508Z Get:79 http://azure.archive.ubuntu.com/ubuntu noble/main amd64 libjack-jackd2-0 amd64 1.9.21~dfsg-3ubuntu3 [289 kB]
2026-10-09T13:25:45.7577950Z Get:80 http://azure.archive.ubuntu.com/ubuntu noble/universe amd64 libopenal-data all 1:1.23.1-4build1 [161 kB]
2026-10-09T13:25:45.8587466Z Get:81 http://azure.archive.ubuntu.com/ubuntu noble/universe amd64 libsndio7.0 amd64 1.9.0-0.3build3 [29.6 kB]
2026-10-09T13:25:45.9589742Z Get:82 http://azure.archive.ubuntu.com/ubuntu noble/universe amd64 libopenal1 amd64 1:1.23.1-4build1 [540 kB]
2026-10-09T13:25:46.0638924Z Get:83 http://azure.archive.ubuntu.com/ubuntu noble/main amd64 libdecor-0-0 amd64 0.2.2-1build2 [16.5 kB]
2026-10-09T13:25:46.1638607Z Get:84 http://azure.archive.ubuntu.com/ubuntu noble-updates/main amd64 libsdl2-2.0-0 amd64 2.30.0+dfsg-1ubuntu3.1 [686 kB]
2026-10-09T13:25:46.2702064Z Get:85 http://azure.archive.ubuntu.com/ubuntu noble/main amd64 libxcb-shape0 amd64 1.15-1ubuntu2 [6100 B]
2026-10-09T13:25:46.3701112Z Get:86 http://azure.archive.ubuntu.com/ubuntu noble/main amd64 libxv1 amd64 2:1.0.11-1.1build1 [10.7 kB]
2026-10-09T13:25:46.4699764Z Get:87 http://azure.archive.ubuntu.com/ubuntu noble/universe amd64 libavdevice60 amd64 7:6.1.1-3ubuntu5 [82.3 kB]
2026-10-09T13:25:46.5705218Z Get:88 http://azure.archive.ubuntu.com/ubuntu noble/universe amd64 ffmpeg amd64 7:6.1.1-3ubuntu5 [1879 kB]
2026-10-09T13:25:46.9224031Z Fetched 62.8 MB in 12s (5182 kB/s)
2026-10-09T13:25:46.9624831Z Selecting previously unselected package libva2:amd64.
2026-10-09T13:25:46.9861009Z (Reading database ... 
2026-10-09T13:25:46.9861780Z (Reading database ... 5%
2026-10-09T13:25:46.9862086Z (Reading database ... 10%
2026-10-09T13:25:46.9862379Z (Reading database ... 15%
2026-10-09T13:25:46.9862643Z (Reading database ... 20%
2026-10-09T13:25:46.9863601Z (Reading database ... 25%
2026-10-09T13:25:46.9863959Z (Reading database ... 30%
2026-10-09T13:25:46.9864183Z (Reading database ... 35%
2026-10-09T13:25:46.9864406Z (Reading database ... 40%
2026-10-09T13:25:46.9864629Z (Reading database ... 45%
2026-10-09T13:25:46.9864849Z (Reading database ... 50%
2026-10-09T13:25:46.9894820Z (Reading database ... 55%
2026-10-09T13:25:47.1016899Z (Reading database ... 60%
2026-10-09T13:25:47.2902314Z (Reading database ... 65%
2026-10-09T13:25:47.4786724Z (Reading database ... 70%
2026-10-09T13:25:47.6430200Z (Reading database ... 75%
2026-10-09T13:25:47.7805356Z (Reading database ... 80%
2026-10-09T13:25:47.9463137Z (Reading database ... 85%
2026-10-09T13:25:48.0855788Z (Reading database ... 90%
2026-10-09T13:25:48.2505266Z (Reading database ... 95%
2026-10-09T13:25:48.2505858Z (Reading database ... 100%
2026-10-09T13:25:48.2561105Z (Reading database ... 203191 files and directories currently installed.)
2026-10-09T13:25:48.2561854Z Preparing to unpack .../00-libva2_2.20.0-2ubuntu0.2_amd64.deb ...
2026-10-09T13:25:48.2658599Z Unpacking libva2:amd64 (2.20.0-2ubuntu0.2) ...
2026-10-09T13:25:48.2870880Z Selecting previously unselected package libva-drm2:amd64.
2026-10-09T13:25:48.3006403Z Preparing to unpack .../01-libva-drm2_2.20.0-2ubuntu0.2_amd64.deb ...
2026-10-09T13:25:48.3013634Z Unpacking libva-drm2:amd64 (2.20.0-2ubuntu0.2) ...
2026-10-09T13:25:48.3208941Z Selecting previously unselected package libva-x11-2:amd64.
2026-10-09T13:25:48.3340876Z Preparing to unpack .../02-libva-x11-2_2.20.0-2ubuntu0.2_amd64.deb ...
2026-10-09T13:25:48.3348310Z Unpacking libva-x11-2:amd64 (2.20.0-2ubuntu0.2) ...
2026-10-09T13:25:48.3562196Z Selecting previously unselected package libvdpau1:amd64.
2026-10-09T13:25:48.3690473Z Preparing to unpack .../03-libvdpau1_1.5-2build1_amd64.deb ...
2026-10-09T13:25:48.3697088Z Unpacking libvdpau1:amd64 (1.5-2build1) ...
2026-10-09T13:25:48.3890641Z Selecting previously unselected package libvpl2.
2026-10-09T13:25:48.4013314Z Preparing to unpack .../04-libvpl2_2023.3.0-1build1_amd64.deb ...
2026-10-09T13:25:48.4019545Z Unpacking libvpl2 (2023.3.0-1build1) ...
2026-10-09T13:25:48.4416114Z Selecting previously unselected package ocl-icd-libopencl1:amd64.
2026-10-09T13:25:48.4550578Z Preparing to unpack .../05-ocl-icd-libopencl1_2.3.2-1build1_amd64.deb ...
2026-10-09T13:25:48.4557282Z Unpacking ocl-icd-libopencl1:amd64 (2.3.2-1build1) ...
2026-10-09T13:25:48.4803412Z Selecting previously unselected package libavutil58:amd64.
2026-10-09T13:25:48.4937903Z Preparing to unpack .../06-libavutil58_7%3a6.1.1-3ubuntu5_amd64.deb ...
2026-10-09T13:25:48.4945909Z Unpacking libavutil58:amd64 (7:6.1.1-3ubuntu5) ...
2026-10-09T13:25:48.5222695Z Selecting previously unselected package libcodec2-1.2:amd64.
2026-10-09T13:25:48.5358639Z Preparing to unpack .../07-libcodec2-1.2_1.2.0-2build1_amd64.deb ...
2026-10-09T13:25:48.5366083Z Unpacking libcodec2-1.2:amd64 (1.2.0-2build1) ...
2026-10-09T13:25:48.7040758Z Selecting previously unselected package libdav1d7:amd64.
2026-10-09T13:25:48.7180377Z Preparing to unpack .../08-libdav1d7_1.4.1-1build1_amd64.deb ...
2026-10-09T13:25:48.7188416Z Unpacking libdav1d7:amd64 (1.4.1-1build1) ...
2026-10-09T13:25:48.7559634Z Selecting previously unselected package libgsm1:amd64.
2026-10-09T13:25:48.7697351Z Preparing to unpack .../09-libgsm1_1.0.22-1build1_amd64.deb ...
2026-10-09T13:25:48.7705019Z Unpacking libgsm1:amd64 (1.0.22-1build1) ...
2026-10-09T13:25:48.7929826Z Selecting previously unselected package libhwy1t64:amd64.
2026-10-09T13:25:48.8057965Z Preparing to unpack .../10-libhwy1t64_1.0.7-8.1build1_amd64.deb ...
2026-10-09T13:25:48.8064413Z Unpacking libhwy1t64:amd64 (1.0.7-8.1build1) ...
2026-10-09T13:25:48.8495790Z Selecting previously unselected package libjxl0.7:amd64.
2026-10-09T13:25:48.8634362Z Preparing to unpack .../11-libjxl0.7_0.7.0-10.2ubuntu6.1_amd64.deb ...
2026-10-09T13:25:48.8640712Z Unpacking libjxl0.7:amd64 (0.7.0-10.2ubuntu6.1) ...
2026-10-09T13:25:48.9332158Z Selecting previously unselected package libmp3lame0:amd64.
2026-10-09T13:25:48.9474033Z Preparing to unpack .../12-libmp3lame0_3.100-6build1_amd64.deb ...
2026-10-09T13:25:48.9480781Z Unpacking libmp3lame0:amd64 (3.100-6build1) ...
2026-10-09T13:25:48.9712678Z Selecting previously unselected package libopus0:amd64.
2026-10-09T13:25:48.9854824Z Preparing to unpack .../13-libopus0_1.4-1build1_amd64.deb ...
2026-10-09T13:25:48.9861288Z Unpacking libopus0:amd64 (1.4-1build1) ...
2026-10-09T13:25:49.0092922Z Selecting previously unselected package librav1e0:amd64.
2026-10-09T13:25:49.0227253Z Preparing to unpack .../14-librav1e0_0.7.1-2_amd64.deb ...
2026-10-09T13:25:49.0234373Z Unpacking librav1e0:amd64 (0.7.1-2) ...
2026-10-09T13:25:49.0697729Z Selecting previously unselected package librsvg2-2:amd64.
2026-10-09T13:25:49.0838229Z Preparing to unpack .../15-librsvg2-2_2.58.0+dfsg-1ubuntu0.1_amd64.deb ...
2026-10-09T13:25:49.0845210Z Unpacking librsvg2-2:amd64 (2.58.0+dfsg-1ubuntu0.1) ...
2026-10-09T13:25:49.1771840Z Selecting previously unselected package libshine3:amd64.
2026-10-09T13:25:49.1908655Z Preparing to unpack .../16-libshine3_3.1.1-2build1_amd64.deb ...
2026-10-09T13:25:49.1915208Z Unpacking libshine3:amd64 (3.1.1-2build1) ...
2026-10-09T13:25:49.2200884Z Selecting previously unselected package libspeex1:amd64.
2026-10-09T13:25:49.2337436Z Preparing to unpack .../17-libspeex1_1.2.1-2ubuntu2.24.04.1_amd64.deb ...
2026-10-09T13:25:49.2344447Z Unpacking libspeex1:amd64 (1.2.1-2ubuntu2.24.04.1) ...
2026-10-09T13:25:49.2551932Z Selecting previously unselected package libsvtav1enc1d1:amd64.
2026-10-09T13:25:49.2689574Z Preparing to unpack .../18-libsvtav1enc1d1_1.7.0+dfsg-2build1_amd64.deb ...
2026-10-09T13:25:49.2697260Z Unpacking libsvtav1enc1d1:amd64 (1.7.0+dfsg-2build1) ...
2026-10-09T13:25:49.3525041Z Selecting previously unselected package libsoxr0:amd64.
2026-10-09T13:25:49.3665048Z Preparing to unpack .../19-libsoxr0_0.1.3-4build3_amd64.deb ...
2026-10-09T13:25:49.3792445Z Unpacking libsoxr0:amd64 (0.1.3-4build3) ...
2026-10-09T13:25:49.3989604Z Selecting previously unselected package libswresample4:amd64.
2026-10-09T13:25:49.4121075Z Preparing to unpack .../20-libswresample4_7%3a6.1.1-3ubuntu5_amd64.deb ...
2026-10-09T13:25:49.4128345Z Unpacking libswresample4:amd64 (7:6.1.1-3ubuntu5) ...
2026-10-09T13:25:49.4321452Z Selecting previously unselected package libtheora0:amd64.
2026-10-09T13:25:49.4444143Z Preparing to unpack .../21-libtheora0_1.1.1+dfsg.1-16.1build3_amd64.deb ...
2026-10-09T13:25:49.4451221Z Unpacking libtheora0:amd64 (1.1.1+dfsg.1-16.1build3) ...
2026-10-09T13:25:49.4666213Z Selecting previously unselected package libtwolame0:amd64.
2026-10-09T13:25:49.4794534Z Preparing to unpack .../22-libtwolame0_0.4.0-2build3_amd64.deb ...
2026-10-09T13:25:49.4801623Z Unpacking libtwolame0:amd64 (0.4.0-2build3) ...
2026-10-09T13:25:49.4996963Z Selecting previously unselected package libvorbisenc2:amd64.
2026-10-09T13:25:49.5126039Z Preparing to unpack .../23-libvorbisenc2_1.3.7-1build3_amd64.deb ...
2026-10-09T13:25:49.5133091Z Unpacking libvorbisenc2:amd64 (1.3.7-1build3) ...
2026-10-09T13:25:49.5353138Z Selecting previously unselected package libvpx9:amd64.
2026-10-09T13:25:49.5478415Z Preparing to unpack .../24-libvpx9_1.14.0-1ubuntu2.3_amd64.deb ...
2026-10-09T13:25:49.5485214Z Unpacking libvpx9:amd64 (1.14.0-1ubuntu2.3) ...
2026-10-09T13:25:49.6009663Z Selecting previously unselected package libx264-164:amd64.
2026-10-09T13:25:49.6141582Z Preparing to unpack .../25-libx264-164_2%3a0.164.3108+git31e19f9-1_amd64.deb ...
2026-10-09T13:25:49.6151673Z Unpacking libx264-164:amd64 (2:0.164.3108+git31e19f9-1) ...
2026-10-09T13:25:49.6487741Z Selecting previously unselected package libx265-199:amd64.
2026-10-09T13:25:49.6611860Z Preparing to unpack .../26-libx265-199_3.5-2build1_amd64.deb ...
2026-10-09T13:25:49.6618136Z Unpacking libx265-199:amd64 (3.5-2build1) ...
2026-10-09T13:25:49.7921824Z Selecting previously unselected package libxvidcore4:amd64.
2026-10-09T13:25:49.8059317Z Preparing to unpack .../27-libxvidcore4_2%3a1.3.7-1build1_amd64.deb ...
2026-10-09T13:25:49.8156651Z Unpacking libxvidcore4:amd64 (2:1.3.7-1build1) ...
2026-10-09T13:25:49.8371207Z Selecting previously unselected package libzvbi-common.
2026-10-09T13:25:49.8502699Z Preparing to unpack .../28-libzvbi-common_0.2.42-2_all.deb ...
2026-10-09T13:25:49.8508157Z Unpacking libzvbi-common (0.2.42-2) ...
2026-10-09T13:25:49.8742211Z Selecting previously unselected package libzvbi0t64:amd64.
2026-10-09T13:25:49.8871888Z Preparing to unpack .../29-libzvbi0t64_0.2.42-2_amd64.deb ...
2026-10-09T13:25:49.8877685Z Unpacking libzvbi0t64:amd64 (0.2.42-2) ...
2026-10-09T13:25:49.9105839Z Selecting previously unselected package libavcodec60:amd64.
2026-10-09T13:25:49.9238742Z Preparing to unpack .../30-libavcodec60_7%3a6.1.1-3ubuntu5_amd64.deb ...
2026-10-09T13:25:49.9337562Z Unpacking libavcodec60:amd64 (7:6.1.1-3ubuntu5) ...
2026-10-09T13:25:50.1146303Z Selecting previously unselected package libraw1394-11:amd64.
2026-10-09T13:25:50.1291921Z Preparing to unpack .../31-libraw1394-11_2.1.2-2build3_amd64.deb ...
2026-10-09T13:25:50.1299760Z Unpacking libraw1394-11:amd64 (2.1.2-2build3) ...
2026-10-09T13:25:50.1524148Z Selecting previously unselected package libavc1394-0:amd64.
2026-10-09T13:25:50.1666216Z Preparing to unpack .../32-libavc1394-0_0.5.4-5build3_amd64.deb ...
2026-10-09T13:25:50.1674380Z Unpacking libavc1394-0:amd64 (0.5.4-5build3) ...
2026-10-09T13:25:50.1893238Z Selecting previously unselected package libunibreak5:amd64.
2026-10-09T13:25:50.2030779Z Preparing to unpack .../33-libunibreak5_5.1-2build1_amd64.deb ...
2026-10-09T13:25:50.2038187Z Unpacking libunibreak5:amd64 (5.1-2build1) ...
2026-10-09T13:25:50.2263233Z Selecting previously unselected package libass9:amd64.
2026-10-09T13:25:50.2411438Z Preparing to unpack .../34-libass9_1%3a0.17.1-2build1_amd64.deb ...
2026-10-09T13:25:50.2418995Z Unpacking libass9:amd64 (1:0.17.1-2build1) ...
2026-10-09T13:25:50.2650187Z Selecting previously unselected package libudfread0:amd64.
2026-10-09T13:25:50.2783326Z Preparing to unpack .../35-libudfread0_1.1.2-1build1_amd64.deb ...
2026-10-09T13:25:50.2790417Z Unpacking libudfread0:amd64 (1.1.2-1build1) ...
2026-10-09T13:25:50.3162151Z Selecting previously unselected package libbluray2:amd64.
2026-10-09T13:25:50.3289680Z Preparing to unpack .../36-libbluray2_1%3a1.3.4-1build1_amd64.deb ...
2026-10-09T13:25:50.3296796Z Unpacking libbluray2:amd64 (1:1.3.4-1build1) ...
2026-10-09T13:25:50.3519550Z Selecting previously unselected package libchromaprint1:amd64.
2026-10-09T13:25:50.3650087Z Preparing to unpack .../37-libchromaprint1_1.5.1-5_amd64.deb ...
2026-10-09T13:25:50.3657103Z Unpacking libchromaprint1:amd64 (1.5.1-5) ...
2026-10-09T13:25:50.3899648Z Selecting previously unselected package libgme0:amd64.
2026-10-09T13:25:50.4035286Z Preparing to unpack .../38-libgme0_0.6.3-7build1_amd64.deb ...
2026-10-09T13:25:50.4042637Z Unpacking libgme0:amd64 (0.6.3-7build1) ...
2026-10-09T13:25:50.4354558Z Selecting previously unselected package libmpg123-0t64:amd64.
2026-10-09T13:25:50.4481241Z Preparing to unpack .../39-libmpg123-0t64_1.32.5-1ubuntu1.1_amd64.deb ...
2026-10-09T13:25:50.4487554Z Unpacking libmpg123-0t64:amd64 (1.32.5-1ubuntu1.1) ...
2026-10-09T13:25:50.4694529Z Selecting previously unselected package libopenmpt0t64:amd64.
2026-10-09T13:25:50.4822105Z Preparing to unpack .../40-libopenmpt0t64_0.7.3-1.1build3_amd64.deb ...
2026-10-09T13:25:50.4828859Z Unpacking libopenmpt0t64:amd64 (0.7.3-1.1build3) ...
2026-10-09T13:25:50.5325261Z Selecting previously unselected package libcjson1:amd64.
2026-10-09T13:25:50.5455946Z Preparing to unpack .../41-libcjson1_1.7.17-1_amd64.deb ...
2026-10-09T13:25:50.5462627Z Unpacking libcjson1:amd64 (1.7.17-1) ...
2026-10-09T13:25:50.5668916Z Selecting previously unselected package libmbedcrypto7t64:amd64.
2026-10-09T13:25:50.5802894Z Preparing to unpack .../42-libmbedcrypto7t64_2.28.8-1_amd64.deb ...
2026-10-09T13:25:50.5809459Z Unpacking libmbedcrypto7t64:amd64 (2.28.8-1) ...
2026-10-09T13:25:50.6050938Z Selecting previously unselected package librist4:amd64.
2026-10-09T13:25:50.6185978Z Preparing to unpack .../43-librist4_0.2.10+dfsg-2_amd64.deb ...
2026-10-09T13:25:50.6195508Z Unpacking librist4:amd64 (0.2.10+dfsg-2) ...
2026-10-09T13:25:50.6398573Z Selecting previously unselected package libsrt1.5-gnutls:amd64.
2026-10-09T13:25:50.6534588Z Preparing to unpack .../44-libsrt1.5-gnutls_1.5.3-1build2_amd64.deb ...
2026-10-09T13:25:50.6541913Z Unpacking libsrt1.5-gnutls:amd64 (1.5.3-1build2) ...
2026-10-09T13:25:50.6799820Z Selecting previously unselected package libssh-gcrypt-4:amd64.
2026-10-09T13:25:50.6931436Z Preparing to unpack .../45-libssh-gcrypt-4_0.10.6-2ubuntu0.5_amd64.deb ...
2026-10-09T13:25:50.6938549Z Unpacking libssh-gcrypt-4:amd64 (0.10.6-2ubuntu0.5) ...
2026-10-09T13:25:50.7182942Z Selecting previously unselected package libavformat60:amd64.
2026-10-09T13:25:50.7309753Z Preparing to unpack .../46-libavformat60_7%3a6.1.1-3ubuntu5_amd64.deb ...
2026-10-09T13:25:50.7316000Z Unpacking libavformat60:amd64 (7:6.1.1-3ubuntu5) ...
2026-10-09T13:25:50.7838915Z Selecting previously unselected package libbs2b0:amd64.
2026-10-09T13:25:50.7974019Z Preparing to unpack .../47-libbs2b0_3.1.0+dfsg-7build1_amd64.deb ...
2026-10-09T13:25:50.7980750Z Unpacking libbs2b0:amd64 (3.1.0+dfsg-7build1) ...
2026-10-09T13:25:50.8222347Z Selecting previously unselected package libflite1:amd64.
2026-10-09T13:25:50.8354826Z Preparing to unpack .../48-libflite1_2.2-6build3_amd64.deb ...
2026-10-09T13:25:50.8361000Z Unpacking libflite1:amd64 (2.2-6build3) ...
2026-10-09T13:25:51.0106072Z Selecting previously unselected package libserd-0-0:amd64.
2026-10-09T13:25:51.0251686Z Preparing to unpack .../49-libserd-0-0_0.32.2-1_amd64.deb ...
2026-10-09T13:25:51.0258289Z Unpacking libserd-0-0:amd64 (0.32.2-1) ...
2026-10-09T13:25:51.0456557Z Selecting previously unselected package libzix-0-0:amd64.
2026-10-09T13:25:51.0586948Z Preparing to unpack .../50-libzix-0-0_0.4.2-2build1_amd64.deb ...
2026-10-09T13:25:51.0593393Z Unpacking libzix-0-0:amd64 (0.4.2-2build1) ...
2026-10-09T13:25:51.0767629Z Selecting previously unselected package libsord-0-0:amd64.
2026-10-09T13:25:51.0898094Z Preparing to unpack .../51-libsord-0-0_0.16.16-2build1_amd64.deb ...
2026-10-09T13:25:51.0904943Z Unpacking libsord-0-0:amd64 (0.16.16-2build1) ...
2026-10-09T13:25:51.1109889Z Selecting previously unselected package libsratom-0-0:amd64.
2026-10-09T13:25:51.1239823Z Preparing to unpack .../52-libsratom-0-0_0.6.16-1build1_amd64.deb ...
2026-10-09T13:25:51.1247065Z Unpacking libsratom-0-0:amd64 (0.6.16-1build1) ...
2026-10-09T13:25:51.1440664Z Selecting previously unselected package liblilv-0-0:amd64.
2026-10-09T13:25:51.1579612Z Preparing to unpack .../53-liblilv-0-0_0.24.22-1build1_amd64.deb ...
2026-10-09T13:25:51.1586929Z Unpacking liblilv-0-0:amd64 (0.24.22-1build1) ...
2026-10-09T13:25:51.1787364Z Selecting previously unselected package libmysofa1:amd64.
2026-10-09T13:25:51.1914761Z Preparing to unpack .../54-libmysofa1_1.3.2+dfsg-2ubuntu2_amd64.deb ...
2026-10-09T13:25:51.2111447Z Unpacking libmysofa1:amd64 (1.3.2+dfsg-2ubuntu2) ...
2026-10-09T13:25:51.2394984Z Selecting previously unselected package libplacebo338:amd64.
2026-10-09T13:25:51.2530576Z Preparing to unpack .../55-libplacebo338_6.338.2-2build1_amd64.deb ...
2026-10-09T13:25:51.2536914Z Unpacking libplacebo338:amd64 (6.338.2-2build1) ...
2026-10-09T13:25:51.3395436Z Selecting previously unselected package libblas3:amd64.
2026-10-09T13:25:51.3520511Z Preparing to unpack .../56-libblas3_3.12.0-3build1.1_amd64.deb ...
2026-10-09T13:25:51.3546726Z Unpacking libblas3:amd64 (3.12.0-3build1.1) ...
2026-10-09T13:25:51.3772992Z Selecting previously unselected package liblapack3:amd64.
2026-10-09T13:25:51.3900733Z Preparing to unpack .../57-liblapack3_3.12.0-3build1.1_amd64.deb ...
2026-10-09T13:25:51.3926213Z Unpacking liblapack3:amd64 (3.12.0-3build1.1) ...
2026-10-09T13:25:51.4849881Z Selecting previously unselected package libasyncns0:amd64.
2026-10-09T13:25:51.4993656Z Preparing to unpack .../58-libasyncns0_0.8-6build4_amd64.deb ...
2026-10-09T13:25:51.5000908Z Unpacking libasyncns0:amd64 (0.8-6build4) ...
2026-10-09T13:25:51.5217955Z Selecting previously unselected package libflac12t64:amd64.
2026-10-09T13:25:51.5359524Z Preparing to unpack .../59-libflac12t64_1.4.3+ds-2.1ubuntu2_amd64.deb ...
2026-10-09T13:25:51.5366991Z Unpacking libflac12t64:amd64 (1.4.3+ds-2.1ubuntu2) ...
2026-10-09T13:25:51.5663122Z Selecting previously unselected package libsndfile1:amd64.
2026-10-09T13:25:51.5800777Z Preparing to unpack .../60-libsndfile1_1.2.2-1ubuntu5.24.04.1_amd64.deb ...
2026-10-09T13:25:51.5808384Z Unpacking libsndfile1:amd64 (1.2.2-1ubuntu5.24.04.1) ...
2026-10-09T13:25:51.6072271Z Selecting previously unselected package libpulse0:amd64.
2026-10-09T13:25:51.6217096Z Preparing to unpack .../61-libpulse0_1%3a16.1+dfsg1-2ubuntu10.1_amd64.deb ...
2026-10-09T13:25:51.6286831Z Unpacking libpulse0:amd64 (1:16.1+dfsg1-2ubuntu10.1) ...
2026-10-09T13:25:51.6535263Z Selecting previously unselected package libsphinxbase3t64:amd64.
2026-10-09T13:25:51.6680497Z Preparing to unpack .../62-libsphinxbase3t64_0.8+5prealpha+1-17build2_amd64.deb ...
2026-10-09T13:25:51.6752110Z Unpacking libsphinxbase3t64:amd64 (0.8+5prealpha+1-17build2) ...
2026-10-09T13:25:51.6974794Z Selecting previously unselected package libpocketsphinx3:amd64.
2026-10-09T13:25:51.7109761Z Preparing to unpack .../63-libpocketsphinx3_0.8.0+real5prealpha+1-15ubuntu5_amd64.deb ...
2026-10-09T13:25:51.7118096Z Unpacking libpocketsphinx3:amd64 (0.8.0+real5prealpha+1-15ubuntu5) ...
2026-10-09T13:25:51.7370673Z Selecting previously unselected package libpostproc57:amd64.
2026-10-09T13:25:51.7519720Z Preparing to unpack .../64-libpostproc57_7%3a6.1.1-3ubuntu5_amd64.deb ...
2026-10-09T13:25:51.7528549Z Unpacking libpostproc57:amd64 (7:6.1.1-3ubuntu5) ...
2026-10-09T13:25:51.7766639Z Selecting previously unselected package libsamplerate0:amd64.
2026-10-09T13:25:51.7913474Z Preparing to unpack .../65-libsamplerate0_0.2.2-4build1_amd64.deb ...
2026-10-09T13:25:51.7921904Z Unpacking libsamplerate0:amd64 (0.2.2-4build1) ...
2026-10-09T13:25:51.8269761Z Selecting previously unselected package librubberband2:amd64.
2026-10-09T13:25:51.8412325Z Preparing to unpack .../66-librubberband2_3.3.0+dfsg-2build1_amd64.deb ...
2026-10-09T13:25:51.8419180Z Unpacking librubberband2:amd64 (3.3.0+dfsg-2build1) ...
2026-10-09T13:25:51.8651550Z Selecting previously unselected package libswscale7:amd64.
2026-10-09T13:25:51.8794617Z Preparing to unpack .../67-libswscale7_7%3a6.1.1-3ubuntu5_amd64.deb ...
2026-10-09T13:25:51.8993361Z Unpacking libswscale7:amd64 (7:6.1.1-3ubuntu5) ...
2026-10-09T13:25:51.9234545Z Selecting previously unselected package libvidstab1.1:amd64.
2026-10-09T13:25:51.9362081Z Preparing to unpack .../68-libvidstab1.1_1.1.0-2build1_amd64.deb ...
2026-10-09T13:25:51.9368759Z Unpacking libvidstab1.1:amd64 (1.1.0-2build1) ...
2026-10-09T13:25:51.9810812Z Selecting previously unselected package libzimg2:amd64.
2026-10-09T13:25:51.9932234Z Preparing to unpack .../69-libzimg2_3.0.5+ds1-1build1_amd64.deb ...
2026-10-09T13:25:51.9938463Z Unpacking libzimg2:amd64 (3.0.5+ds1-1build1) ...
2026-10-09T13:25:52.0166528Z Selecting previously unselected package libavfilter9:amd64.
2026-10-09T13:25:52.0282036Z Preparing to unpack .../70-libavfilter9_7%3a6.1.1-3ubuntu5_amd64.deb ...
2026-10-09T13:25:52.0288137Z Unpacking libavfilter9:amd64 (7:6.1.1-3ubuntu5) ...
2026-10-09T13:25:52.1739287Z Selecting previously unselected package libcaca0:amd64.
2026-10-09T13:25:52.1869566Z Preparing to unpack .../71-libcaca0_0.99.beta20-4ubuntu0.2_amd64.deb ...
2026-10-09T13:25:52.1876381Z Unpacking libcaca0:amd64 (0.99.beta20-4ubuntu0.2) ...
2026-10-09T13:25:52.2125628Z Selecting previously unselected package libcdio19t64:amd64.
2026-10-09T13:25:52.2256003Z Preparing to unpack .../72-libcdio19t64_2.1.0-4.1ubuntu1.2_amd64.deb ...
2026-10-09T13:25:52.2263104Z Unpacking libcdio19t64:amd64 (2.1.0-4.1ubuntu1.2) ...
2026-10-09T13:25:52.2478381Z Selecting previously unselected package libcdio-cdda2t64:amd64.
2026-10-09T13:25:52.2617170Z Preparing to unpack .../73-libcdio-cdda2t64_10.2+2.0.1-1.1build2_amd64.deb ...
2026-10-09T13:25:52.2624663Z Unpacking libcdio-cdda2t64:amd64 (10.2+2.0.1-1.1build2) ...
2026-10-09T13:25:52.2827512Z Selecting previously unselected package libcdio-paranoia2t64:amd64.
2026-10-09T13:25:52.2967660Z Preparing to unpack .../74-libcdio-paranoia2t64_10.2+2.0.1-1.1build2_amd64.deb ...
2026-10-09T13:25:52.2975346Z Unpacking libcdio-paranoia2t64:amd64 (10.2+2.0.1-1.1build2) ...
2026-10-09T13:25:52.3192436Z Selecting previously unselected package libdc1394-25:amd64.
2026-10-09T13:25:52.3328285Z Preparing to unpack .../75-libdc1394-25_2.2.6-4build1_amd64.deb ...
2026-10-09T13:25:52.3334985Z Unpacking libdc1394-25:amd64 (2.2.6-4build1) ...
2026-10-09T13:25:52.3540109Z Selecting previously unselected package libiec61883-0:amd64.
2026-10-09T13:25:52.3674704Z Preparing to unpack .../76-libiec61883-0_1.2.0-6build1_amd64.deb ...
2026-10-09T13:25:52.3774019Z Unpacking libiec61883-0:amd64 (1.2.0-6build1) ...
2026-10-09T13:25:52.3957826Z Selecting previously unselected package libjack-jackd2-0:amd64.
2026-10-09T13:25:52.4094264Z Preparing to unpack .../77-libjack-jackd2-0_1.9.21~dfsg-3ubuntu3_amd64.deb ...
2026-10-09T13:25:52.4100769Z Unpacking libjack-jackd2-0:amd64 (1.9.21~dfsg-3ubuntu3) ...
2026-10-09T13:25:52.4355500Z Selecting previously unselected package libopenal-data.
2026-10-09T13:25:52.4488533Z Preparing to unpack .../78-libopenal-data_1%3a1.23.1-4build1_all.deb ...
2026-10-09T13:25:52.4496041Z Unpacking libopenal-data (1:1.23.1-4build1) ...
2026-10-09T13:25:52.4715148Z Selecting previously unselected package libsndio7.0:amd64.
2026-10-09T13:25:52.4838616Z Preparing to unpack .../79-libsndio7.0_1.9.0-0.3build3_amd64.deb ...
2026-10-09T13:25:52.4845863Z Unpacking libsndio7.0:amd64 (1.9.0-0.3build3) ...
2026-10-09T13:25:52.5039947Z Selecting previously unselected package libopenal1:amd64.
2026-10-09T13:25:52.5166127Z Preparing to unpack .../80-libopenal1_1%3a1.23.1-4build1_amd64.deb ...
2026-10-09T13:25:52.5172418Z Unpacking libopenal1:amd64 (1:1.23.1-4build1) ...
2026-10-09T13:25:52.5593574Z Selecting previously unselected package libdecor-0-0:amd64.
2026-10-09T13:25:52.5730323Z Preparing to unpack .../81-libdecor-0-0_0.2.2-1build2_amd64.deb ...
2026-10-09T13:25:52.5737287Z Unpacking libdecor-0-0:amd64 (0.2.2-1build2) ...
2026-10-09T13:25:52.6119099Z Selecting previously unselected package libsdl2-2.0-0:amd64.
2026-10-09T13:25:52.6251293Z Preparing to unpack .../82-libsdl2-2.0-0_2.30.0+dfsg-1ubuntu3.1_amd64.deb ...
2026-10-09T13:25:52.6259067Z Unpacking libsdl2-2.0-0:amd64 (2.30.0+dfsg-1ubuntu3.1) ...
2026-10-09T13:25:52.7140851Z Selecting previously unselected package libxcb-shape0:amd64.
2026-10-09T13:25:52.7277732Z Preparing to unpack .../83-libxcb-shape0_1.15-1ubuntu2_amd64.deb ...
2026-10-09T13:25:52.7285167Z Unpacking libxcb-shape0:amd64 (1.15-1ubuntu2) ...
2026-10-09T13:25:52.7487062Z Selecting previously unselected package libxv1:amd64.
2026-10-09T13:25:52.7618525Z Preparing to unpack .../84-libxv1_2%3a1.0.11-1.1build1_amd64.deb ...
2026-10-09T13:25:52.7625557Z Unpacking libxv1:amd64 (2:1.0.11-1.1build1) ...
2026-10-09T13:25:52.7821113Z Selecting previously unselected package libavdevice60:amd64.
2026-10-09T13:25:52.7948157Z Preparing to unpack .../85-libavdevice60_7%3a6.1.1-3ubuntu5_amd64.deb ...
2026-10-09T13:25:52.7957914Z Unpacking libavdevice60:amd64 (7:6.1.1-3ubuntu5) ...
2026-10-09T13:25:52.8335110Z Selecting previously unselected package ffmpeg.
2026-10-09T13:25:52.8467389Z Preparing to unpack .../86-ffmpeg_7%3a6.1.1-3ubuntu5_amd64.deb ...
2026-10-09T13:25:52.8474383Z Unpacking ffmpeg (7:6.1.1-3ubuntu5) ...
2026-10-09T13:25:52.9142183Z Setting up libgme0:amd64 (0.6.3-7build1) ...
2026-10-09T13:25:52.9168557Z Setting up libchromaprint1:amd64 (1.5.1-5) ...
2026-10-09T13:25:52.9187633Z Setting up libssh-gcrypt-4:amd64 (0.10.6-2ubuntu0.5) ...
2026-10-09T13:25:52.9203850Z Setting up libhwy1t64:amd64 (1.0.7-8.1build1) ...
2026-10-09T13:25:52.9219561Z Setting up libudfread0:amd64 (1.1.2-1build1) ...
2026-10-09T13:25:52.9236664Z Setting up libraw1394-11:amd64 (2.1.2-2build3) ...
2026-10-09T13:25:52.9251610Z Setting up libspeex1:amd64 (1.2.1-2ubuntu2.24.04.1) ...
2026-10-09T13:25:52.9266612Z Setting up libshine3:amd64 (3.1.1-2build1) ...
2026-10-09T13:25:52.9291894Z Setting up libcaca0:amd64 (0.99.beta20-4ubuntu0.2) ...
2026-10-09T13:25:52.9314009Z Setting up libvpl2 (2023.3.0-1build1) ...
2026-10-09T13:25:52.9330487Z Setting up libx264-164:amd64 (2:0.164.3108+git31e19f9-1) ...
2026-10-09T13:25:52.9345569Z Setting up libtwolame0:amd64 (0.4.0-2build3) ...
2026-10-09T13:25:52.9360887Z Setting up libmbedcrypto7t64:amd64 (2.28.8-1) ...
2026-10-09T13:25:52.9377545Z Setting up libgsm1:amd64 (1.0.22-1build1) ...
2026-10-09T13:25:52.9393935Z Setting up libsoxr0:amd64 (0.1.3-4build3) ...
2026-10-09T13:25:52.9410021Z Setting up libzix-0-0:amd64 (0.4.2-2build1) ...
2026-10-09T13:25:52.9424330Z Setting up libcodec2-1.2:amd64 (1.2.0-2build1) ...
2026-10-09T13:25:52.9438051Z Setting up libmysofa1:amd64 (1.3.2+dfsg-2ubuntu2) ...
2026-10-09T13:25:52.9453163Z Setting up libxcb-shape0:amd64 (1.15-1ubuntu2) ...
2026-10-09T13:25:52.9469718Z Setting up libcdio19t64:amd64 (2.1.0-4.1ubuntu1.2) ...
2026-10-09T13:25:52.9484127Z Setting up libsvtav1enc1d1:amd64 (1.7.0+dfsg-2build1) ...
2026-10-09T13:25:52.9500695Z Setting up libmpg123-0t64:amd64 (1.32.5-1ubuntu1.1) ...
2026-10-09T13:25:52.9514359Z Setting up libcjson1:amd64 (1.7.17-1) ...
2026-10-09T13:25:52.9530008Z Setting up libxvidcore4:amd64 (2:1.3.7-1build1) ...
2026-10-09T13:25:52.9545160Z Setting up librav1e0:amd64 (0.7.1-2) ...
2026-10-09T13:25:52.9560347Z Setting up libcdio-cdda2t64:amd64 (10.2+2.0.1-1.1build2) ...
2026-10-09T13:25:52.9576400Z Setting up librist4:amd64 (0.2.10+dfsg-2) ...
2026-10-09T13:25:52.9591739Z Setting up librsvg2-2:amd64 (2.58.0+dfsg-1ubuntu0.1) ...
2026-10-09T13:25:52.9605837Z Setting up libblas3:amd64 (3.12.0-3build1.1) ...
2026-10-09T13:25:52.9670291Z update-alternatives: using /usr/lib/x86_64-linux-gnu/blas/libblas.so.3 to provide /usr/lib/x86_64-linux-gnu/libblas.so.3 (libblas.so.3-x86_64-linux-gnu) in auto mode
2026-10-09T13:25:52.9684176Z Setting up libplacebo338:amd64 (6.338.2-2build1) ...
2026-10-09T13:25:52.9698232Z Setting up libva2:amd64 (2.20.0-2ubuntu0.2) ...
2026-10-09T13:25:52.9716019Z Setting up libopus0:amd64 (1.4-1build1) ...
2026-10-09T13:25:52.9730740Z Setting up libcdio-paranoia2t64:amd64 (10.2+2.0.1-1.1build2) ...
2026-10-09T13:25:52.9748218Z Setting up libdc1394-25:amd64 (2.2.6-4build1) ...
2026-10-09T13:25:52.9763743Z Setting up libxv1:amd64 (2:1.0.11-1.1build1) ...
2026-10-09T13:25:52.9779859Z Setting up libunibreak5:amd64 (5.1-2build1) ...
2026-10-09T13:25:52.9796307Z Setting up libjxl0.7:amd64 (0.7.0-10.2ubuntu6.1) ...
2026-10-09T13:25:52.9811160Z Setting up libx265-199:amd64 (3.5-2build1) ...
2026-10-09T13:25:52.9827916Z Setting up libsndio7.0:amd64 (1.9.0-0.3build3) ...
2026-10-09T13:25:52.9843923Z Setting up libvidstab1.1:amd64 (1.1.0-2build1) ...
2026-10-09T13:25:52.9859512Z Setting up libvpx9:amd64 (1.14.0-1ubuntu2.3) ...
2026-10-09T13:25:52.9876338Z Setting up libsrt1.5-gnutls:amd64 (1.5.3-1build2) ...
2026-10-09T13:25:52.9891308Z Setting up libflite1:amd64 (2.2-6build3) ...
2026-10-09T13:25:52.9907980Z Setting up libdav1d7:amd64 (1.4.1-1build1) ...
2026-10-09T13:25:52.9922075Z Setting up libva-drm2:amd64 (2.20.0-2ubuntu0.2) ...
2026-10-09T13:25:52.9937843Z Setting up ocl-icd-libopencl1:amd64 (2.3.2-1build1) ...
2026-10-09T13:25:52.9957832Z Setting up libasyncns0:amd64 (0.8-6build4) ...
2026-10-09T13:25:52.9974577Z Setting up libvdpau1:amd64 (1.5-2build1) ...
2026-10-09T13:25:52.9999425Z Setting up libbs2b0:amd64 (3.1.0+dfsg-7build1) ...
2026-10-09T13:25:53.0015807Z Setting up libtheora0:amd64 (1.1.1+dfsg.1-16.1build3) ...
2026-10-09T13:25:53.0033064Z Setting up libdecor-0-0:amd64 (0.2.2-1build2) ...
2026-10-09T13:25:53.0049715Z Setting up libzimg2:amd64 (3.0.5+ds1-1build1) ...
2026-10-09T13:25:53.0069060Z Setting up libopenal-data (1:1.23.1-4build1) ...
2026-10-09T13:25:53.0093267Z Setting up libflac12t64:amd64 (1.4.3+ds-2.1ubuntu2) ...
2026-10-09T13:25:53.0110885Z Setting up libbluray2:amd64 (1:1.3.4-1build1) ...
2026-10-09T13:25:53.0131880Z Setting up libsamplerate0:amd64 (0.2.2-4build1) ...
2026-10-09T13:25:53.0150533Z Setting up libva-x11-2:amd64 (2.20.0-2ubuntu0.2) ...
2026-10-09T13:25:53.0170363Z Setting up libopenmpt0t64:amd64 (0.7.3-1.1build3) ...
2026-10-09T13:25:53.0188500Z Setting up libzvbi-common (0.2.42-2) ...
2026-10-09T13:25:53.0205705Z Setting up libmp3lame0:amd64 (3.100-6build1) ...
2026-10-09T13:25:53.0225619Z Setting up libvorbisenc2:amd64 (1.3.7-1build3) ...
2026-10-09T13:25:53.0426856Z Setting up libiec61883-0:amd64 (1.2.0-6build1) ...
2026-10-09T13:25:53.0446228Z Setting up libserd-0-0:amd64 (0.32.2-1) ...
2026-10-09T13:25:53.0464272Z Setting up libavc1394-0:amd64 (0.5.4-5build3) ...
2026-10-09T13:25:53.0509481Z Setting up liblapack3:amd64 (3.12.0-3build1.1) ...
2026-10-09T13:25:53.0588813Z update-alternatives: using /usr/lib/x86_64-linux-gnu/lapack/liblapack.so.3 to provide /usr/lib/x86_64-linux-gnu/liblapack.so.3 (liblapack.so.3-x86_64-linux-gnu) in auto mode
2026-10-09T13:25:53.0605538Z Setting up libzvbi0t64:amd64 (0.2.42-2) ...
2026-10-09T13:25:53.0624539Z Setting up libavutil58:amd64 (7:6.1.1-3ubuntu5) ...
2026-10-09T13:25:53.0643521Z Setting up libopenal1:amd64 (1:1.23.1-4build1) ...
2026-10-09T13:25:53.0661110Z Setting up libass9:amd64 (1:0.17.1-2build1) ...
2026-10-09T13:25:53.0679977Z Setting up libswresample4:amd64 (7:6.1.1-3ubuntu5) ...
2026-10-09T13:25:53.0696842Z Setting up libavcodec60:amd64 (7:6.1.1-3ubuntu5) ...
2026-10-09T13:25:53.0713485Z Setting up librubberband2:amd64 (3.3.0+dfsg-2build1) ...
2026-10-09T13:25:53.0733520Z Setting up libjack-jackd2-0:amd64 (1.9.21~dfsg-3ubuntu3) ...
2026-10-09T13:25:53.0750284Z Setting up libsord-0-0:amd64 (0.16.16-2build1) ...
2026-10-09T13:25:53.0769045Z Setting up libpostproc57:amd64 (7:6.1.1-3ubuntu5) ...
2026-10-09T13:25:53.0787195Z Setting up libsratom-0-0:amd64 (0.6.16-1build1) ...
2026-10-09T13:25:53.0804335Z Setting up libsndfile1:amd64 (1.2.2-1ubuntu5.24.04.1) ...
2026-10-09T13:25:53.0822275Z Setting up liblilv-0-0:amd64 (0.24.22-1build1) ...
2026-10-09T13:25:53.0838807Z Setting up libswscale7:amd64 (7:6.1.1-3ubuntu5) ...
2026-10-09T13:25:53.0857475Z Setting up libpulse0:amd64 (1:16.1+dfsg1-2ubuntu10.1) ...
2026-10-09T13:25:53.0931580Z Setting up libavformat60:amd64 (7:6.1.1-3ubuntu5) ...
2026-10-09T13:25:53.0949614Z Setting up libsphinxbase3t64:amd64 (0.8+5prealpha+1-17build2) ...
2026-10-09T13:25:53.0964734Z Setting up libsdl2-2.0-0:amd64 (2.30.0+dfsg-1ubuntu3.1) ...
2026-10-09T13:25:53.1426264Z Setting up libpocketsphinx3:amd64 (0.8.0+real5prealpha+1-15ubuntu5) ...
2026-10-09T13:25:53.1443199Z Setting up libavfilter9:amd64 (7:6.1.1-3ubuntu5) ...
2026-10-09T13:25:53.1461655Z Setting up libavdevice60:amd64 (7:6.1.1-3ubuntu5) ...
2026-10-09T13:25:53.1477596Z Setting up ffmpeg (7:6.1.1-3ubuntu5) ...
2026-10-09T13:25:53.1500293Z Processing triggers for man-db (2.12.0-4build2) ...
2026-10-09T13:25:53.1521601Z Not building database; man-db/auto-update is not 'true'.
2026-10-09T13:25:53.1534823Z Processing triggers for libc-bin (2.39-0ubuntu8.9) ...
2026-10-09T13:25:54.0107649Z 
2026-10-09T13:25:54.0108244Z Running kernel seems to be up-to-date.
2026-10-09T13:25:55.2904831Z 
2026-10-09T13:25:55.2904995Z No services need to be restarted.
2026-10-09T13:25:55.2905186Z 
2026-10-09T13:25:55.2905278Z No containers need to be restarted.
2026-10-09T13:25:55.2905432Z 
2026-10-09T13:25:55.2905541Z No user sessions are running outdated binaries.
2026-10-09T13:25:55.2905722Z 
2026-10-09T13:25:55.2905878Z No VM guests are running outdated hypervisor (qemu) binaries on this host.
2026-10-09T13:25:55.2938901Z ##[group]Run sudo apt-get update
2026-10-09T13:25:55.2939188Z [36;1msudo apt-get update[0m
2026-10-09T13:25:55.2939455Z [36;1msudo apt-get install -y postgresql-client-16[0m
2026-10-09T13:25:55.2939812Z [36;1mecho "/usr/lib/postgresql/16/bin" >> "$GITHUB_PATH"[0m
2026-10-09T13:25:55.3003535Z shell: /usr/bin/bash -e {0}
2026-10-09T13:25:55.3003787Z env:
2026-10-09T13:25:55.3003957Z   MOCK_PROVIDER: true
2026-10-09T13:25:55.3004150Z   MOCK_STREAM_DELAY_MS: 0
2026-10-09T13:25:55.3004350Z   ENABLE_CLOUD: false
2026-10-09T13:25:55.3004557Z   CREDENTIAL_VAULT_BACKEND: memory
2026-10-09T13:25:55.3004814Z   CREDENTIAL_VAULT_ALLOW_MEMORY_FALLBACK: true
2026-10-09T13:25:55.3005080Z   PYTHONDONTWRITEBYTECODE: 1
2026-10-09T13:25:55.3005301Z   HF_HUB_OFFLINE: 1
2026-10-09T13:25:55.3005507Z   TRANSFORMERS_OFFLINE: 1
2026-10-09T13:25:55.3005762Z   pythonLocation: /opt/hostedtoolcache/Python/3.12.9/x64
2026-10-09T13:25:55.3006187Z   PKG_CONFIG_PATH: /opt/hostedtoolcache/Python/3.12.9/x64/lib/pkgconfig
2026-10-09T13:25:55.3006536Z   Python_ROOT_DIR: /opt/hostedtoolcache/Python/3.12.9/x64
2026-10-09T13:25:55.3006856Z   Python2_ROOT_DIR: /opt/hostedtoolcache/Python/3.12.9/x64
2026-10-09T13:25:55.3007184Z   Python3_ROOT_DIR: /opt/hostedtoolcache/Python/3.12.9/x64
2026-10-09T13:25:55.3007504Z   LD_LIBRARY_PATH: /opt/hostedtoolcache/Python/3.12.9/x64/lib
2026-10-09T13:25:55.3007839Z   CI_COVERAGE_SHA: 57986cb13d452731baf82bbc242bfc79f9cfd145
2026-10-09T13:25:55.3008177Z   CI_COVERAGE_TREE: 7b06f7eb213893ec41e4ded14810b82b070b7dc7
2026-10-09T13:25:55.3008549Z   CI_SANDBOX: /home/runner/work/_temp/novel-ci-backend-postgres-shard-0.y7L1CM
2026-10-09T13:25:55.3009006Z   CI_PROJECT: /home/runner/work/_temp/novel-ci-backend-postgres-shard-0.y7L1CM/project
2026-10-09T13:25:55.3009464Z   CI_RECEIPTS: /home/runner/work/_temp/novel-ci-backend-postgres-shard-0.y7L1CM/receipts
2026-10-09T13:25:55.3010003Z   HOME: /home/runner/work/_temp/novel-ci-backend-postgres-shard-0.y7L1CM/project/.runtime/ci-backend/home
2026-10-09T13:25:55.3010585Z   USERPROFILE: /home/runner/work/_temp/novel-ci-backend-postgres-shard-0.y7L1CM/project/.runtime/ci-backend/home
2026-10-09T13:25:55.3011176Z   APPDATA: /home/runner/work/_temp/novel-ci-backend-postgres-shard-0.y7L1CM/project/.runtime/ci-backend/appdata
2026-10-09T13:25:55.3011789Z   LOCALAPPDATA: /home/runner/work/_temp/novel-ci-backend-postgres-shard-0.y7L1CM/project/.runtime/ci-backend/localappdata
2026-10-09T13:25:55.3012429Z   XDG_CONFIG_HOME: /home/runner/work/_temp/novel-ci-backend-postgres-shard-0.y7L1CM/project/.runtime/ci-backend/config
2026-10-09T13:25:55.3013264Z   XDG_CACHE_HOME: /home/runner/work/_temp/novel-ci-backend-postgres-shard-0.y7L1CM/project/.runtime/ci-backend/cache
2026-10-09T13:25:55.3013854Z   XDG_DATA_HOME: /home/runner/work/_temp/novel-ci-backend-postgres-shard-0.y7L1CM/project/.runtime/ci-backend/data
2026-10-09T13:25:55.3014435Z   XDG_STATE_HOME: /home/runner/work/_temp/novel-ci-backend-postgres-shard-0.y7L1CM/project/.runtime/ci-backend/state
2026-10-09T13:25:55.3015013Z   TMPDIR: /home/runner/work/_temp/novel-ci-backend-postgres-shard-0.y7L1CM/project/.runtime/ci-backend/tmp
2026-10-09T13:25:55.3015583Z   TMP: /home/runner/work/_temp/novel-ci-backend-postgres-shard-0.y7L1CM/project/.runtime/ci-backend/tmp
2026-10-09T13:25:55.3016121Z   TEMP: /home/runner/work/_temp/novel-ci-backend-postgres-shard-0.y7L1CM/project/.runtime/ci-backend/tmp
2026-10-09T13:25:55.3016831Z   PROJECT_ROOT: /home/runner/work/_temp/novel-ci-backend-postgres-shard-0.y7L1CM/project
2026-10-09T13:25:55.3017388Z   NOVEL_DATA_PATH: /home/runner/work/_temp/novel-ci-backend-postgres-shard-0.y7L1CM/project/.runtime/ci-backend/data/novels
2026-10-09T13:25:55.3018021Z   BACKUP_PATH: /home/runner/work/_temp/novel-ci-backend-postgres-shard-0.y7L1CM/project/.runtime/ci-backend/data/backups
2026-10-09T13:25:55.3018696Z   DATABASE_BACKUP_PATH: /home/runner/work/_temp/novel-ci-backend-postgres-shard-0.y7L1CM/project/.runtime/ci-backend/data/database-backups
2026-10-09T13:25:55.3019547Z   KNOWLEDGE_SOURCE_PATH: /home/runner/work/_temp/novel-ci-backend-postgres-shard-0.y7L1CM/project/.runtime/ci-backend/data/novels
2026-10-09T13:25:55.3020174Z   CI_V2_RUNTIME: /home/runner/work/_temp/novel-ci-backend-postgres-shard-0.y7L1CM/project/.runtime/ci-backend
2026-10-09T13:25:55.3020566Z ##[endgroup]
2026-10-09T13:25:55.3623758Z Get:1 file:/etc/apt/apt-mirrors.txt Mirrorlist [144 B]
2026-10-09T13:25:55.3962733Z Hit:2 http://azure.archive.ubuntu.com/ubuntu noble InRelease
2026-10-09T13:25:55.3975948Z Hit:3 http://azure.archive.ubuntu.com/ubuntu noble-updates InRelease
2026-10-09T13:25:55.3984002Z Hit:4 http://azure.archive.ubuntu.com/ubuntu noble-backports InRelease
2026-10-09T13:25:55.3991680Z Hit:5 http://azure.archive.ubuntu.com/ubuntu noble-security InRelease
2026-10-09T13:25:55.4346471Z Hit:6 https://packages.microsoft.com/ubuntu/24.04/prod noble InRelease
2026-10-09T13:25:56.6278197Z Reading package lists...
2026-10-09T13:25:56.6602694Z Reading package lists...
2026-10-09T13:25:56.8831397Z Building dependency tree...
2026-10-09T13:25:56.8838582Z Reading state information...
2026-10-09T13:25:57.0733724Z postgresql-client-16 is already the newest version (16.15-1.pgdg24.04+2).
2026-10-09T13:25:57.0734191Z postgresql-client-16 set to manually installed.
2026-10-09T13:25:57.0734548Z 0 upgraded, 0 newly installed, 0 to remove and 23 not upgraded.
2026-10-09T13:25:57.0802302Z ##[group]Run python - <<'PY'
2026-10-09T13:25:57.0802599Z [36;1mpython - <<'PY'[0m
2026-10-09T13:25:57.0803077Z [36;1mimport os[0m
2026-10-09T13:25:57.0803300Z [36;1mfrom pathlib import Path[0m
2026-10-09T13:25:57.0803555Z [36;1mimport psycopg[0m
2026-10-09T13:25:57.0803928Z [36;1mwith psycopg.connect(os.environ['DATABASE_URL'], autocommit=True) as connection:[0m
2026-10-09T13:25:57.0804411Z [36;1m    assert connection.execute('SELECT 1').fetchone() == (1,)[0m
2026-10-09T13:25:57.0804868Z [36;1m    for migration in sorted(Path('database/migrations').glob('*.sql')):[0m
2026-10-09T13:25:57.0805324Z [36;1m        connection.execute(migration.read_text(encoding='utf-8'))[0m
2026-10-09T13:25:57.0805690Z [36;1m        print('Applied', migration.name)[0m
2026-10-09T13:25:57.0805963Z [36;1mPY[0m
2026-10-09T13:25:57.0877533Z shell: /usr/bin/bash -e {0}
2026-10-09T13:25:57.0877797Z env:
2026-10-09T13:25:57.0878007Z   MOCK_PROVIDER: true
2026-10-09T13:25:57.0878316Z   MOCK_STREAM_DELAY_MS: 0
2026-10-09T13:25:57.0878550Z   ENABLE_CLOUD: false
2026-10-09T13:25:57.0878786Z   CREDENTIAL_VAULT_BACKEND: memory
2026-10-09T13:25:57.0879080Z   CREDENTIAL_VAULT_ALLOW_MEMORY_FALLBACK: true
2026-10-09T13:25:57.0879387Z   PYTHONDONTWRITEBYTECODE: 1
2026-10-09T13:25:57.0879628Z   HF_HUB_OFFLINE: 1
2026-10-09T13:25:57.0879823Z   TRANSFORMERS_OFFLINE: 1
2026-10-09T13:25:57.0880090Z   pythonLocation: /opt/hostedtoolcache/Python/3.12.9/x64
2026-10-09T13:25:57.0880497Z   PKG_CONFIG_PATH: /opt/hostedtoolcache/Python/3.12.9/x64/lib/pkgconfig
2026-10-09T13:25:57.0880907Z   Python_ROOT_DIR: /opt/hostedtoolcache/Python/3.12.9/x64
2026-10-09T13:25:57.0881269Z   Python2_ROOT_DIR: /opt/hostedtoolcache/Python/3.12.9/x64
2026-10-09T13:25:57.0881615Z   Python3_ROOT_DIR: /opt/hostedtoolcache/Python/3.12.9/x64
2026-10-09T13:25:57.0881973Z   LD_LIBRARY_PATH: /opt/hostedtoolcache/Python/3.12.9/x64/lib
2026-10-09T13:25:57.0882347Z   CI_COVERAGE_SHA: 57986cb13d452731baf82bbc242bfc79f9cfd145
2026-10-09T13:25:57.0883134Z   CI_COVERAGE_TREE: 7b06f7eb213893ec41e4ded14810b82b070b7dc7
2026-10-09T13:25:57.0883568Z   CI_SANDBOX: /home/runner/work/_temp/novel-ci-backend-postgres-shard-0.y7L1CM
2026-10-09T13:25:57.0884096Z   CI_PROJECT: /home/runner/work/_temp/novel-ci-backend-postgres-shard-0.y7L1CM/project
2026-10-09T13:25:57.0884629Z   CI_RECEIPTS: /home/runner/work/_temp/novel-ci-backend-postgres-shard-0.y7L1CM/receipts
2026-10-09T13:25:57.0885230Z   HOME: /home/runner/work/_temp/novel-ci-backend-postgres-shard-0.y7L1CM/project/.runtime/ci-backend/home
2026-10-09T13:25:57.0885911Z   USERPROFILE: /home/runner/work/_temp/novel-ci-backend-postgres-shard-0.y7L1CM/project/.runtime/ci-backend/home
2026-10-09T13:25:57.0886594Z   APPDATA: /home/runner/work/_temp/novel-ci-backend-postgres-shard-0.y7L1CM/project/.runtime/ci-backend/appdata
2026-10-09T13:25:57.0887306Z   LOCALAPPDATA: /home/runner/work/_temp/novel-ci-backend-postgres-shard-0.y7L1CM/project/.runtime/ci-backend/localappdata
2026-10-09T13:25:57.0888044Z   XDG_CONFIG_HOME: /home/runner/work/_temp/novel-ci-backend-postgres-shard-0.y7L1CM/project/.runtime/ci-backend/config
2026-10-09T13:25:57.0888743Z   XDG_CACHE_HOME: /home/runner/work/_temp/novel-ci-backend-postgres-shard-0.y7L1CM/project/.runtime/ci-backend/cache
2026-10-09T13:25:57.0889430Z   XDG_DATA_HOME: /home/runner/work/_temp/novel-ci-backend-postgres-shard-0.y7L1CM/project/.runtime/ci-backend/data
2026-10-09T13:25:57.0890107Z   XDG_STATE_HOME: /home/runner/work/_temp/novel-ci-backend-postgres-shard-0.y7L1CM/project/.runtime/ci-backend/state
2026-10-09T13:25:57.0890772Z   TMPDIR: /home/runner/work/_temp/novel-ci-backend-postgres-shard-0.y7L1CM/project/.runtime/ci-backend/tmp
2026-10-09T13:25:57.0891427Z   TMP: /home/runner/work/_temp/novel-ci-backend-postgres-shard-0.y7L1CM/project/.runtime/ci-backend/tmp
2026-10-09T13:25:57.0892049Z   TEMP: /home/runner/work/_temp/novel-ci-backend-postgres-shard-0.y7L1CM/project/.runtime/ci-backend/tmp
2026-10-09T13:25:57.0892962Z   PROJECT_ROOT: /home/runner/work/_temp/novel-ci-backend-postgres-shard-0.y7L1CM/project
2026-10-09T13:25:57.0893652Z   NOVEL_DATA_PATH: /home/runner/work/_temp/novel-ci-backend-postgres-shard-0.y7L1CM/project/.runtime/ci-backend/data/novels
2026-10-09T13:25:57.0894384Z   BACKUP_PATH: /home/runner/work/_temp/novel-ci-backend-postgres-shard-0.y7L1CM/project/.runtime/ci-backend/data/backups
2026-10-09T13:25:57.0895171Z   DATABASE_BACKUP_PATH: /home/runner/work/_temp/novel-ci-backend-postgres-shard-0.y7L1CM/project/.runtime/ci-backend/data/database-backups
2026-10-09T13:25:57.0895989Z   KNOWLEDGE_SOURCE_PATH: /home/runner/work/_temp/novel-ci-backend-postgres-shard-0.y7L1CM/project/.runtime/ci-backend/data/novels
2026-10-09T13:25:57.0896707Z   CI_V2_RUNTIME: /home/runner/work/_temp/novel-ci-backend-postgres-shard-0.y7L1CM/project/.runtime/ci-backend
2026-10-09T13:25:57.0897725Z   DATABASE_URL: ***127.0.0.1:5432/novel_ci
2026-10-09T13:25:57.0898011Z ##[endgroup]
2026-10-09T13:25:58.0800705Z Applied 001_initial.sql
2026-10-09T13:25:58.0801554Z Applied 002_runtime_jobs.sql
2026-10-09T13:25:58.0802211Z Applied 003_document_versions.sql
2026-10-09T13:25:58.0802653Z Applied 004_lore_foundation.sql
2026-10-09T13:25:58.0803166Z Applied 005_lore_memory.sql
2026-10-09T13:25:58.0803516Z Applied 006_context_intelligence.sql
2026-10-09T13:25:58.0803912Z Applied 007_continuity_foundations.sql
2026-10-09T13:25:58.0804261Z Applied 008_narrative_state.sql
2026-10-09T13:25:58.0804577Z Applied 009_narrative_findings.sql
2026-10-09T13:25:58.0804892Z Applied 010_narrative_progress.sql
2026-10-09T13:25:58.0805229Z Applied 011_narrative_change_proposals.sql
2026-10-09T13:25:58.0805626Z Applied 012_collaboration_scope_foundation.sql
2026-10-09T13:25:58.0806053Z Applied 013_branch_revision_optimistic_concurrency.sql
2026-10-09T13:25:58.0806468Z Applied 014_scope_authorization_foundation.sql
2026-10-09T13:25:58.0806874Z Applied 015_collaboration_runtime_foundation.sql
2026-10-09T13:25:58.0807283Z Applied 016_generation_snapshot_ownership.sql
2026-10-09T13:25:58.0807660Z Applied 017_chapter_archive_state.sql
2026-10-09T13:25:58.0808383Z Applied 018_context_privacy.sql
2026-10-09T13:25:58.0808714Z Applied 019_experimental_scope_documents.sql
2026-10-09T13:25:58.0809071Z Applied 020_stable_chapter_identity.sql
2026-10-09T13:25:58.1220084Z ##[group]Run python scripts/prepare_pdf_font.py --output "$CI_SANDBOX/fonts" > "$CI_RECEIPTS/font-manifest.json"
2026-10-09T13:25:58.1220773Z [36;1mpython scripts/prepare_pdf_font.py --output "$CI_SANDBOX/fonts" > "$CI_RECEIPTS/font-manifest.json"[0m
2026-10-09T13:25:58.1221343Z [36;1mecho "R2_TEST_FONT_FILE=$CI_SANDBOX/fonts/NotoSansSC-Regular.ttf" >> "$GITHUB_ENV"[0m
2026-10-09T13:25:58.1289343Z shell: /usr/bin/bash -e {0}
2026-10-09T13:25:58.1289597Z env:
2026-10-09T13:25:58.1289795Z   MOCK_PROVIDER: true
2026-10-09T13:25:58.1290019Z   MOCK_STREAM_DELAY_MS: 0
2026-10-09T13:25:58.1290239Z   ENABLE_CLOUD: false
2026-10-09T13:25:58.1290451Z   CREDENTIAL_VAULT_BACKEND: memory
2026-10-09T13:25:58.1290736Z   CREDENTIAL_VAULT_ALLOW_MEMORY_FALLBACK: true
2026-10-09T13:25:58.1291036Z   PYTHONDONTWRITEBYTECODE: 1
2026-10-09T13:25:58.1291264Z   HF_HUB_OFFLINE: 1
2026-10-09T13:25:58.1291463Z   TRANSFORMERS_OFFLINE: 1
2026-10-09T13:25:58.1291792Z   pythonLocation: /opt/hostedtoolcache/Python/3.12.9/x64
2026-10-09T13:25:58.1292166Z   PKG_CONFIG_PATH: /opt/hostedtoolcache/Python/3.12.9/x64/lib/pkgconfig
2026-10-09T13:25:58.1292528Z   Python_ROOT_DIR: /opt/hostedtoolcache/Python/3.12.9/x64
2026-10-09T13:25:58.1292955Z   Python2_ROOT_DIR: /opt/hostedtoolcache/Python/3.12.9/x64
2026-10-09T13:25:58.1293291Z   Python3_ROOT_DIR: /opt/hostedtoolcache/Python/3.12.9/x64
2026-10-09T13:25:58.1293618Z   LD_LIBRARY_PATH: /opt/hostedtoolcache/Python/3.12.9/x64/lib
2026-10-09T13:25:58.1293971Z   CI_COVERAGE_SHA: 57986cb13d452731baf82bbc242bfc79f9cfd145
2026-10-09T13:25:58.1294298Z   CI_COVERAGE_TREE: 7b06f7eb213893ec41e4ded14810b82b070b7dc7
2026-10-09T13:25:58.1294695Z   CI_SANDBOX: /home/runner/work/_temp/novel-ci-backend-postgres-shard-0.y7L1CM
2026-10-09T13:25:58.1295163Z   CI_PROJECT: /home/runner/work/_temp/novel-ci-backend-postgres-shard-0.y7L1CM/project
2026-10-09T13:25:58.1295659Z   CI_RECEIPTS: /home/runner/work/_temp/novel-ci-backend-postgres-shard-0.y7L1CM/receipts
2026-10-09T13:25:58.1296226Z   HOME: /home/runner/work/_temp/novel-ci-backend-postgres-shard-0.y7L1CM/project/.runtime/ci-backend/home
2026-10-09T13:25:58.1296845Z   USERPROFILE: /home/runner/work/_temp/novel-ci-backend-postgres-shard-0.y7L1CM/project/.runtime/ci-backend/home
2026-10-09T13:25:58.1297506Z   APPDATA: /home/runner/work/_temp/novel-ci-backend-postgres-shard-0.y7L1CM/project/.runtime/ci-backend/appdata
2026-10-09T13:25:58.1298166Z   LOCALAPPDATA: /home/runner/work/_temp/novel-ci-backend-postgres-shard-0.y7L1CM/project/.runtime/ci-backend/localappdata
2026-10-09T13:25:58.1298830Z   XDG_CONFIG_HOME: /home/runner/work/_temp/novel-ci-backend-postgres-shard-0.y7L1CM/project/.runtime/ci-backend/config
2026-10-09T13:25:58.1299464Z   XDG_CACHE_HOME: /home/runner/work/_temp/novel-ci-backend-postgres-shard-0.y7L1CM/project/.runtime/ci-backend/cache
2026-10-09T13:25:58.1300093Z   XDG_DATA_HOME: /home/runner/work/_temp/novel-ci-backend-postgres-shard-0.y7L1CM/project/.runtime/ci-backend/data
2026-10-09T13:25:58.1300722Z   XDG_STATE_HOME: /home/runner/work/_temp/novel-ci-backend-postgres-shard-0.y7L1CM/project/.runtime/ci-backend/state
2026-10-09T13:25:58.1301332Z   TMPDIR: /home/runner/work/_temp/novel-ci-backend-postgres-shard-0.y7L1CM/project/.runtime/ci-backend/tmp
2026-10-09T13:25:58.1301919Z   TMP: /home/runner/work/_temp/novel-ci-backend-postgres-shard-0.y7L1CM/project/.runtime/ci-backend/tmp
2026-10-09T13:25:58.1302488Z   TEMP: /home/runner/work/_temp/novel-ci-backend-postgres-shard-0.y7L1CM/project/.runtime/ci-backend/tmp
2026-10-09T13:25:58.1303181Z   PROJECT_ROOT: /home/runner/work/_temp/novel-ci-backend-postgres-shard-0.y7L1CM/project
2026-10-09T13:25:58.1303764Z   NOVEL_DATA_PATH: /home/runner/work/_temp/novel-ci-backend-postgres-shard-0.y7L1CM/project/.runtime/ci-backend/data/novels
2026-10-09T13:25:58.1304631Z   BACKUP_PATH: /home/runner/work/_temp/novel-ci-backend-postgres-shard-0.y7L1CM/project/.runtime/ci-backend/data/backups
2026-10-09T13:25:58.1305499Z   DATABASE_BACKUP_PATH: /home/runner/work/_temp/novel-ci-backend-postgres-shard-0.y7L1CM/project/.runtime/ci-backend/data/database-backups
2026-10-09T13:25:58.1306240Z   KNOWLEDGE_SOURCE_PATH: /home/runner/work/_temp/novel-ci-backend-postgres-shard-0.y7L1CM/project/.runtime/ci-backend/data/novels
2026-10-09T13:25:58.1306897Z   CI_V2_RUNTIME: /home/runner/work/_temp/novel-ci-backend-postgres-shard-0.y7L1CM/project/.runtime/ci-backend
2026-10-09T13:25:58.1307316Z ##[endgroup]
2026-10-09T13:26:16.4199785Z ##[group]Run python -m pytest -p no:cacheprovider --basetemp="$CI_SANDBOX/coverage-selftest" -q \
2026-10-09T13:26:16.4200367Z [36;1mpython -m pytest -p no:cacheprovider --basetemp="$CI_SANDBOX/coverage-selftest" -q \[0m
2026-10-09T13:26:16.4200849Z [36;1m  .github/ci/test_suite_coverage.py .github/ci/test_coverage_reconcile.py \[0m
2026-10-09T13:26:16.4201340Z [36;1m  .github/ci/test_v2_manifest_extension.py .github/ci/test_v2_check_runner.py \[0m
2026-10-09T13:26:16.4201703Z [36;1m  .github/ci/test_v2_browser_job.py \[0m
2026-10-09T13:26:16.4201988Z [36;1m  --junitxml="$CI_RECEIPTS/coverage-harness.xml"[0m
2026-10-09T13:26:16.4263667Z shell: /usr/bin/bash -e {0}
2026-10-09T13:26:16.4263891Z env:
2026-10-09T13:26:16.4264096Z   MOCK_PROVIDER: true
2026-10-09T13:26:16.4264298Z   MOCK_STREAM_DELAY_MS: 0
2026-10-09T13:26:16.4264498Z   ENABLE_CLOUD: false
2026-10-09T13:26:16.4264696Z   CREDENTIAL_VAULT_BACKEND: memory
2026-10-09T13:26:16.4265053Z   CREDENTIAL_VAULT_ALLOW_MEMORY_FALLBACK: true
2026-10-09T13:26:16.4265321Z   PYTHONDONTWRITEBYTECODE: 1
2026-10-09T13:26:16.4265549Z   HF_HUB_OFFLINE: 1
2026-10-09T13:26:16.4265747Z   TRANSFORMERS_OFFLINE: 1
2026-10-09T13:26:16.4266011Z   pythonLocation: /opt/hostedtoolcache/Python/3.12.9/x64
2026-10-09T13:26:16.4266387Z   PKG_CONFIG_PATH: /opt/hostedtoolcache/Python/3.12.9/x64/lib/pkgconfig
2026-10-09T13:26:16.4266755Z   Python_ROOT_DIR: /opt/hostedtoolcache/Python/3.12.9/x64
2026-10-09T13:26:16.4267098Z   Python2_ROOT_DIR: /opt/hostedtoolcache/Python/3.12.9/x64
2026-10-09T13:26:16.4267431Z   Python3_ROOT_DIR: /opt/hostedtoolcache/Python/3.12.9/x64
2026-10-09T13:26:16.4267765Z   LD_LIBRARY_PATH: /opt/hostedtoolcache/Python/3.12.9/x64/lib
2026-10-09T13:26:16.4268121Z   CI_COVERAGE_SHA: 57986cb13d452731baf82bbc242bfc79f9cfd145
2026-10-09T13:26:16.4268488Z   CI_COVERAGE_TREE: 7b06f7eb213893ec41e4ded14810b82b070b7dc7
2026-10-09T13:26:16.4268887Z   CI_SANDBOX: /home/runner/work/_temp/novel-ci-backend-postgres-shard-0.y7L1CM
2026-10-09T13:26:16.4269367Z   CI_PROJECT: /home/runner/work/_temp/novel-ci-backend-postgres-shard-0.y7L1CM/project
2026-10-09T13:26:16.4269861Z   CI_RECEIPTS: /home/runner/work/_temp/novel-ci-backend-postgres-shard-0.y7L1CM/receipts
2026-10-09T13:26:16.4270439Z   HOME: /home/runner/work/_temp/novel-ci-backend-postgres-shard-0.y7L1CM/project/.runtime/ci-backend/home
2026-10-09T13:26:16.4271057Z   USERPROFILE: /home/runner/work/_temp/novel-ci-backend-postgres-shard-0.y7L1CM/project/.runtime/ci-backend/home
2026-10-09T13:26:16.4271696Z   APPDATA: /home/runner/work/_temp/novel-ci-backend-postgres-shard-0.y7L1CM/project/.runtime/ci-backend/appdata
2026-10-09T13:26:16.4272360Z   LOCALAPPDATA: /home/runner/work/_temp/novel-ci-backend-postgres-shard-0.y7L1CM/project/.runtime/ci-backend/localappdata
2026-10-09T13:26:16.4273206Z   XDG_CONFIG_HOME: /home/runner/work/_temp/novel-ci-backend-postgres-shard-0.y7L1CM/project/.runtime/ci-backend/config
2026-10-09T13:26:16.4273880Z   XDG_CACHE_HOME: /home/runner/work/_temp/novel-ci-backend-postgres-shard-0.y7L1CM/project/.runtime/ci-backend/cache
2026-10-09T13:26:16.4274516Z   XDG_DATA_HOME: /home/runner/work/_temp/novel-ci-backend-postgres-shard-0.y7L1CM/project/.runtime/ci-backend/data
2026-10-09T13:26:16.4275139Z   XDG_STATE_HOME: /home/runner/work/_temp/novel-ci-backend-postgres-shard-0.y7L1CM/project/.runtime/ci-backend/state
2026-10-09T13:26:16.4275748Z   TMPDIR: /home/runner/work/_temp/novel-ci-backend-postgres-shard-0.y7L1CM/project/.runtime/ci-backend/tmp
2026-10-09T13:26:16.4276522Z   TMP: /home/runner/work/_temp/novel-ci-backend-postgres-shard-0.y7L1CM/project/.runtime/ci-backend/tmp
2026-10-09T13:26:16.4277100Z   TEMP: /home/runner/work/_temp/novel-ci-backend-postgres-shard-0.y7L1CM/project/.runtime/ci-backend/tmp
2026-10-09T13:26:16.4277649Z   PROJECT_ROOT: /home/runner/work/_temp/novel-ci-backend-postgres-shard-0.y7L1CM/project
2026-10-09T13:26:16.4278242Z   NOVEL_DATA_PATH: /home/runner/work/_temp/novel-ci-backend-postgres-shard-0.y7L1CM/project/.runtime/ci-backend/data/novels
2026-10-09T13:26:16.4279177Z   BACKUP_PATH: /home/runner/work/_temp/novel-ci-backend-postgres-shard-0.y7L1CM/project/.runtime/ci-backend/data/backups
2026-10-09T13:26:16.4279936Z   DATABASE_BACKUP_PATH: /home/runner/work/_temp/novel-ci-backend-postgres-shard-0.y7L1CM/project/.runtime/ci-backend/data/database-backups
2026-10-09T13:26:16.4280709Z   KNOWLEDGE_SOURCE_PATH: /home/runner/work/_temp/novel-ci-backend-postgres-shard-0.y7L1CM/project/.runtime/ci-backend/data/novels
2026-10-09T13:26:16.4281415Z   CI_V2_RUNTIME: /home/runner/work/_temp/novel-ci-backend-postgres-shard-0.y7L1CM/project/.runtime/ci-backend
2026-10-09T13:26:16.4282055Z   R2_TEST_FONT_FILE: /home/runner/work/_temp/novel-ci-backend-postgres-shard-0.y7L1CM/fonts/NotoSansSC-Regular.ttf
2026-10-09T13:26:16.4282504Z ##[endgroup]
2026-10-09T13:26:27.5985408Z ........................................................................ [ 41%]
2026-10-09T13:26:27.8793013Z ........................................................................ [ 82%]
2026-10-09T13:26:30.1222457Z ..............................                                           [100%]
2026-10-09T13:26:30.1224599Z - generated xml file: /home/runner/work/_temp/novel-ci-backend-postgres-shard-0.y7L1CM/receipts/coverage-harness.xml -
2026-10-09T13:26:30.1225146Z 174 passed in 12.81s
2026-10-09T13:26:30.1631385Z ##[group]Run set -o pipefail
2026-10-09T13:26:30.1631695Z [36;1mset -o pipefail[0m
2026-10-09T13:26:30.1632371Z [36;1mPYTHONPATH="$CI_PROJECT/.github/ci:$CI_PROJECT" python -m pytest -p postgres_gate -p suite_coverage -p no:cacheprovider --basetemp="$CI_V2_RUNTIME/pytest" -q -ra --tb=short \[0m
2026-10-09T13:26:30.1633452Z [36;1m  --ci-coverage-manifest=.github/ci/coverage_manifest_v2.json.gz \[0m
2026-10-09T13:26:30.1633898Z [36;1m  --ci-scope=backend --ci-shard-index=0 --ci-shard-count=2 \[0m
2026-10-09T13:26:30.1634459Z [36;1m  --ci-coverage-dir="$CI_RECEIPTS" --junitxml="$CI_RECEIPTS/backend.xml" 2>&1 | tee "$CI_RECEIPTS/backend.log"[0m
2026-10-09T13:26:30.1700870Z shell: /usr/bin/bash -e {0}
2026-10-09T13:26:30.1701109Z env:
2026-10-09T13:26:30.1701303Z   MOCK_PROVIDER: true
2026-10-09T13:26:30.1701516Z   MOCK_STREAM_DELAY_MS: 0
2026-10-09T13:26:30.1701735Z   ENABLE_CLOUD: false
2026-10-09T13:26:30.1701971Z   CREDENTIAL_VAULT_BACKEND: memory
2026-10-09T13:26:30.1702280Z   CREDENTIAL_VAULT_ALLOW_MEMORY_FALLBACK: true
2026-10-09T13:26:30.1702571Z   PYTHONDONTWRITEBYTECODE: 1
2026-10-09T13:26:30.1703016Z   HF_HUB_OFFLINE: 1
2026-10-09T13:26:30.1703223Z   TRANSFORMERS_OFFLINE: 1
2026-10-09T13:26:30.1703504Z   pythonLocation: /opt/hostedtoolcache/Python/3.12.9/x64
2026-10-09T13:26:30.1703885Z   PKG_CONFIG_PATH: /opt/hostedtoolcache/Python/3.12.9/x64/lib/pkgconfig
2026-10-09T13:26:30.1704268Z   Python_ROOT_DIR: /opt/hostedtoolcache/Python/3.12.9/x64
2026-10-09T13:26:30.1704613Z   Python2_ROOT_DIR: /opt/hostedtoolcache/Python/3.12.9/x64
2026-10-09T13:26:30.1704951Z   Python3_ROOT_DIR: /opt/hostedtoolcache/Python/3.12.9/x64
2026-10-09T13:26:30.1705285Z   LD_LIBRARY_PATH: /opt/hostedtoolcache/Python/3.12.9/x64/lib
2026-10-09T13:26:30.1705640Z   CI_COVERAGE_SHA: 57986cb13d452731baf82bbc242bfc79f9cfd145
2026-10-09T13:26:30.1705978Z   CI_COVERAGE_TREE: 7b06f7eb213893ec41e4ded14810b82b070b7dc7
2026-10-09T13:26:30.1706390Z   CI_SANDBOX: /home/runner/work/_temp/novel-ci-backend-postgres-shard-0.y7L1CM
2026-10-09T13:26:30.1706888Z   CI_PROJECT: /home/runner/work/_temp/novel-ci-backend-postgres-shard-0.y7L1CM/project
2026-10-09T13:26:30.1707636Z   CI_RECEIPTS: /home/runner/work/_temp/novel-ci-backend-postgres-shard-0.y7L1CM/receipts
2026-10-09T13:26:30.1708221Z   HOME: /home/runner/work/_temp/novel-ci-backend-postgres-shard-0.y7L1CM/project/.runtime/ci-backend/home
2026-10-09T13:26:30.1708892Z   USERPROFILE: /home/runner/work/_temp/novel-ci-backend-postgres-shard-0.y7L1CM/project/.runtime/ci-backend/home
2026-10-09T13:26:30.1709571Z   APPDATA: /home/runner/work/_temp/novel-ci-backend-postgres-shard-0.y7L1CM/project/.runtime/ci-backend/appdata
2026-10-09T13:26:30.1710279Z   LOCALAPPDATA: /home/runner/work/_temp/novel-ci-backend-postgres-shard-0.y7L1CM/project/.runtime/ci-backend/localappdata
2026-10-09T13:26:30.1710987Z   XDG_CONFIG_HOME: /home/runner/work/_temp/novel-ci-backend-postgres-shard-0.y7L1CM/project/.runtime/ci-backend/config
2026-10-09T13:26:30.1711673Z   XDG_CACHE_HOME: /home/runner/work/_temp/novel-ci-backend-postgres-shard-0.y7L1CM/project/.runtime/ci-backend/cache
2026-10-09T13:26:30.1712347Z   XDG_DATA_HOME: /home/runner/work/_temp/novel-ci-backend-postgres-shard-0.y7L1CM/project/.runtime/ci-backend/data
2026-10-09T13:26:30.1713218Z   XDG_STATE_HOME: /home/runner/work/_temp/novel-ci-backend-postgres-shard-0.y7L1CM/project/.runtime/ci-backend/state
2026-10-09T13:26:30.1713899Z   TMPDIR: /home/runner/work/_temp/novel-ci-backend-postgres-shard-0.y7L1CM/project/.runtime/ci-backend/tmp
2026-10-09T13:26:30.1714519Z   TMP: /home/runner/work/_temp/novel-ci-backend-postgres-shard-0.y7L1CM/project/.runtime/ci-backend/tmp
2026-10-09T13:26:30.1715121Z   TEMP: /home/runner/work/_temp/novel-ci-backend-postgres-shard-0.y7L1CM/project/.runtime/ci-backend/tmp
2026-10-09T13:26:30.1715681Z   PROJECT_ROOT: /home/runner/work/_temp/novel-ci-backend-postgres-shard-0.y7L1CM/project
2026-10-09T13:26:30.1716558Z   NOVEL_DATA_PATH: /home/runner/work/_temp/novel-ci-backend-postgres-shard-0.y7L1CM/project/.runtime/ci-backend/data/novels
2026-10-09T13:26:30.1717341Z   BACKUP_PATH: /home/runner/work/_temp/novel-ci-backend-postgres-shard-0.y7L1CM/project/.runtime/ci-backend/data/backups
2026-10-09T13:26:30.1718171Z   DATABASE_BACKUP_PATH: /home/runner/work/_temp/novel-ci-backend-postgres-shard-0.y7L1CM/project/.runtime/ci-backend/data/database-backups
2026-10-09T13:26:30.1718965Z   KNOWLEDGE_SOURCE_PATH: /home/runner/work/_temp/novel-ci-backend-postgres-shard-0.y7L1CM/project/.runtime/ci-backend/data/novels
2026-10-09T13:26:30.1719671Z   CI_V2_RUNTIME: /home/runner/work/_temp/novel-ci-backend-postgres-shard-0.y7L1CM/project/.runtime/ci-backend
2026-10-09T13:26:30.1720333Z   R2_TEST_FONT_FILE: /home/runner/work/_temp/novel-ci-backend-postgres-shard-0.y7L1CM/fonts/NotoSansSC-Regular.ttf
2026-10-09T13:26:30.1720821Z   STORAGE_BACKEND: postgres
2026-10-09T13:26:30.1721361Z   DATABASE_URL: ***127.0.0.1:5432/novel_ci
2026-10-09T13:26:30.1721805Z   TEST_POSTGRES_DATABASE_URL: ***127.0.0.1:5432/novel_ci
2026-10-09T13:26:30.1722094Z ##[endgroup]
2026-10-09T13:27:07.5541880Z ss...s.ss...sssss..sssssssss....sssss.......ssssssssss......ss..s.ssss.. [  1%]
2026-10-09T13:27:16.5533268Z ..sss..ss..s.s..ss....ss.s..ss..sss..sss...ss..ss..sss..s...ss..ss...sss [  2%]
2026-10-09T13:27:24.7378313Z ss.s.s.....ssss..s..ss......ss..........s.ssss...s.s.sss................ [  4%]
2026-10-09T13:27:26.4282213Z ........................................................................ [  5%]
2026-10-09T13:27:28.0628375Z ........s........s..ssss..........................s..................... [  7%]
2026-10-09T13:27:37.1145557Z .............................ssssssssssssss..............s.............. [  8%]
2026-10-09T13:27:38.9561630Z .................................................ss..................... [ 10%]
2026-10-09T13:27:42.3558437Z ........................................................................ [ 11%]
2026-10-09T13:27:42.9000213Z ........................................................................ [ 13%]
2026-10-09T13:28:44.7597016Z ..................................................................sssss. [ 14%]
2026-10-09T13:33:26.8934477Z ....s.s.s.sss.ss.s.ss.sss....s..s.ss.ss.s.s.s..s.sssss....s..........ss. [ 16%]
2026-10-09T13:33:32.8115364Z ...s....s............................................................... [ 17%]
2026-10-09T13:33:33.4453527Z ......ssss..........s................................................... [ 19%]
2026-10-09T13:33:46.4005101Z ........................................................................ [ 20%]
2026-10-09T13:33:54.9636823Z ........................................................................ [ 22%]
2026-10-09T13:34:05.0520937Z ........................................................................ [ 23%]
2026-10-09T13:34:23.2605007Z ..ss....ssss..sss..s.ss..s..s..sss..s..sss..s..s...ss...ss..ss....sss.s. [ 24%]
2026-10-09T13:34:45.1118092Z sss...ss.ss..ss..ss.s..ss.s..s..s..s...s..s..sss..s...ss.ss.ss.....ss.ss [ 26%]
2026-10-09T13:36:56.2569112Z ..ss.ss.s.ss.sss...s..s..s.s.s..ss.s...sss..s..s...s..ss.s.ss.s.s..s.... [ 27%]
2026-10-09T13:37:28.0599910Z ss.ss.....ss.ss.ss.s..ss..sss.ss.sssss....ss....ss.......s.ss.s.....s... [ 29%]
2026-10-09T13:38:29.9313042Z ...s.s.s..ss..sssssss....s...s..ssss...ss.ssssss..s.s...s.ssss.......... [ 30%]
2026-10-09T13:38:43.9940981Z sss.ss.ss..sss...s.ss..ss..s.s.......................................... [ 32%]
2026-10-09T13:38:46.1961968Z .s...................................................................... [ 33%]
2026-10-09T13:38:48.9974648Z ........................................................................ [ 35%]
2026-10-09T13:38:50.3360840Z ........................................................................ [ 36%]
2026-10-09T13:39:02.5294882Z ..................s......s.s.s.....ss.s.s............................... [ 38%]
2026-10-09T13:39:23.7492017Z ..s.s..s.s.s.s..s.sss.s...ss.s.s.s.s......s.ssss.....s.ss..s.s.s.s.s.s.. [ 39%]
2026-10-09T13:39:35.0385055Z s.s............................s.s..ss.s.ss...........s.ss.....ssssss.s. [ 41%]
2026-10-09T13:40:42.8009678Z ..sss......sss.ss.s.s..sss.ss.ssss......ss...ss....s.s.s.sss.s.ss...s.s. [ 42%]
2026-10-09T13:40:52.1833761Z ss..ssss..sssssss.....ss.ss.s.s....s.s....s..sssss...s.s..s...ss..ss..ss [ 44%]
2026-10-09T13:41:23.0605432Z ..ssss.ss.ssssssssssss...........sss.s.ssss..s.ss...ss..s.sss.s.sssss... [ 45%]
2026-10-09T13:41:44.8282094Z ...ss..s.s..sss.s...ss.s.sss..........s.ss.ss.s.s.s..ss..ss...ss...s..ss [ 46%]
2026-10-09T13:42:09.7158209Z .s.ss.....s.ss........s..s.s.ss.s..s...ss...sss.......s.ss..ss..s.s.s..s [ 48%]
2026-10-09T13:42:30.1896365Z s.ssss.ss..s.ss.s...s.s.ss..s....s...s..sss.ssss..ss.................... [ 49%]
2026-10-09T13:42:42.6997047Z ....s.s.s...ss.s..s.ss...ssss..s....sss.s......ssss.s.s.s.s..ss.ssss.s.. [ 51%]
2026-10-09T13:42:57.4744797Z sss.ss...ss...s.s..s.ss.s.s.sss.ss.s....sss.s.sss.s.ssssss.........s..ss [ 52%]
2026-10-09T13:45:22.6745423Z .s.ssssssssssss...............s.s......ss..ss..ss.s.s.....sss....ss..s.s [ 54%]
2026-10-09T13:45:32.2114820Z s.s...sssss..s.ss.s..ss.ss.ssss..........s..s..s..s.s.s.s.s...sss....s.. [ 55%]
2026-10-09T13:45:47.1093064Z ss...s.s.s.ss.s.s.s.ss.ss....sss.s.s.s.s..s.sssss.....s.sss........s...s [ 57%]
2026-10-09T13:46:14.3674790Z .ss.s.ss....s.s...s...s.s...ssssssss.ssssss....sss......s...ss...s.s.... [ 58%]
2026-10-09T13:46:28.0392962Z ..........ss..s.ss..ss...sss..s..ss.s.ss..s.s.s.s....s.s.......s.ss....s [ 60%]
2026-10-09T13:47:02.3789539Z s..ss..ss.ssss.s.ss..s.s.s.s.ss.ss...sss.s..s...s..s..sss.s.s.s..ss..s.s [ 61%]
2026-10-09T13:47:18.6024581Z s..s.ssss..s..s.s.sss...s..ss.....ss.s..s...s.s..s.ssss.ss..sssssss....s [ 63%]
2026-10-09T13:47:58.6635049Z ss..ss.s..ss...s.s.s.ss........sss.s.ssssss.s.ss..s.....s.ss.s....s..sss [ 64%]
2026-10-09T13:48:19.5843581Z ss..ss.s.....s...s....ss..................s...ss........................ [ 66%]
2026-10-09T13:49:04.5702491Z ssssssssssssss.............ssss...ss.s..s....s..s.s.ss..s.ssss....ssssss [ 67%]
2026-10-09T13:49:07.8811344Z sssssssssssssssssssssssssssss..............................ssssssssss... [ 68%]
2026-10-09T13:49:13.2477432Z ....ssss......sss...ssssssssss....ss...s.s.s.ss.ssss........sss..s.sssss [ 70%]
2026-10-09T13:49:57.3328727Z sssssssssssssssssssssss....................................sssssssssssss [ 71%]
2026-10-09T13:50:29.0903754Z ssssssssssssssssss......................................ssssssssssssssss [ 73%]
2026-10-09T13:51:18.8556469Z ss...............ssss......ssssss........ssssss.........ssssssss..s.ssss [ 74%]
2026-10-09T13:54:33.4258484Z ssssssssssssssssssssssssssssssssss...................................... [ 76%]
2026-10-09T13:55:08.8864367Z ..ssss.......ssssssssssssssssss.................ssssssss....ssssssssssss [ 77%]
2026-10-09T13:57:49.2228465Z ssssssssssss......................ssssss............................sss. [ 79%]
2026-10-09T13:58:20.2153007Z .s....s.s.ss.s.sss.s.s..s..s.sss.....sss....ss.s.sssss.ssss.....s.s....s [ 80%]
2026-10-09T14:00:39.9992912Z .s....ss.ss..sss..s.s...ss..ss..ssssss...sss..ssssss.......ss.s.ss.....s [ 82%]
2026-10-09T14:01:59.2967498Z sss...sss..sss...ss...sssssss......sssss......ssss...s..ss....ss..ss..ss [ 83%]
2026-10-09T14:02:55.8517626Z .s..s.s..s.s.ss..s...ss....ssss....s..ss.ss...ss...s..ss.......ss....sss [ 85%]
2026-10-09T14:03:16.9684185Z s..sssss........sssss.....sss..sss..sss..ss.s...sss.s.ss..sssss....s..s. [ 86%]
2026-10-09T14:03:50.5970413Z .sss...s...ss.sss.ss.ssss.s.....s.s.s.s.s.s.ss.....ss..s..ssss....s....s [ 88%]
2026-10-09T14:05:39.8966991Z s....s.ss.s.ss..s.s.ss.ss..s.s.s.s.s.....sss..ss....ss..s....sss.s.ss.ss [ 89%]
2026-10-09T14:06:05.9004575Z ....s...s..sss..s..s.sss.ss.s.ssss.ss..ssss.........ss..ss.s..ssssssss.. [ 90%]
2026-10-09T14:06:32.1727479Z ...s..s..s.ss..s..s.s..ss..ss..s.ss.s.sss...ss.s.ssss....s.ss.s......... [ 92%]
2026-10-09T14:06:37.2501331Z ......................................sssss...s..ss.sssssss.......ss...s [ 93%]
2026-10-09T14:06:54.7320057Z .s.ssssssss.ss.s.s.s..s..s.ss.sss.s.ssss..s..s.sss..s.s.s.s....ssssss..s [ 95%]
2026-10-09T14:08:24.9751467Z ...ss.s...sssss......ss....s....ss.s..s.s..s.s.s..ss..ss.ss.ss...sssss.. [ 96%]
2026-10-09T14:08:35.3890073Z ..s.sssssssssss....sss...ss.s..s.ss.s....ss.s....s....s..sss.s.....s.ss. [ 98%]
2026-10-09T14:08:46.1185059Z ss..sss.....s..ss..s.ss....sss.s....s...sssss....s...................... [ 99%]
2026-10-09T14:08:46.8959435Z ........s.s.                                                             [100%]
2026-10-09T14:08:46.8960061Z =============================== warnings summary ===============================
2026-10-09T14:08:46.8960897Z ../../../../../../opt/hostedtoolcache/Python/3.12.9/x64/lib/python3.12/site-packages/fastapi/testclient.py:1
2026-10-09T14:08:46.8962604Z   /opt/hostedtoolcache/Python/3.12.9/x64/lib/python3.12/site-packages/fastapi/testclient.py:1: StarletteDeprecationWarning: Using `httpx` with `starlette.testclient` is deprecated; install `httpx2` instead.
2026-10-09T14:08:46.8964150Z     from starlette.testclient import TestClient as TestClient  # noqa
2026-10-09T14:08:46.8964518Z 
2026-10-09T14:08:46.8964969Z tests/test_r4_incremental_search.py::test_large_project_warm_search_does_not_project_manuscript[postgres]
2026-10-09T14:08:46.8965888Z   tests/test_r4_incremental_search.py:206: PytestWarning: record_property is incompatible with junit_family 'xunit2' (use 'legacy' or 'xunit1')
2026-10-09T14:08:46.8966778Z     def test_large_project_warm_search_does_not_project_manuscript(source_env, monkeypatch, record_property):
2026-10-09T14:08:46.8967222Z 
2026-10-09T14:08:46.8967589Z tests/test_r4_portable_batches.py::test_media_flag_revocation_hides_only_dependent_batch_and_export_cache[postgres]
2026-10-09T14:08:46.8968961Z   /home/runner/work/_temp/novel-ci-backend-postgres-shard-0.y7L1CM/project/app/experimental/ux.py:159: DocumentProjectionWarning: Editor coordinate projection excludes non-text media; export projection retains media descriptions and omission markers.
2026-10-09T14:08:46.8970146Z     return plain_text(document)
2026-10-09T14:08:46.8970322Z 
2026-10-09T14:08:46.8970564Z -- Docs: https://docs.pytest.org/en/stable/how-to/capture-warnings.html
2026-10-09T14:08:46.8971243Z - generated xml file: /home/runner/work/_temp/novel-ci-backend-postgres-shard-0.y7L1CM/receipts/backend.xml -
2026-10-09T14:08:46.8972175Z =========================== short test summary info ============================
2026-10-09T14:08:46.8973010Z SKIPPED [5] tests/test_a43_context_identity.py: File-backend implementation contract; covered by the default/File full suite
2026-10-09T14:08:46.8974042Z SKIPPED [2] tests/test_a43_context_identity.py:133: File-backend implementation contract; covered by the default/File full suite
2026-10-09T14:08:46.8975081Z SKIPPED [3] tests/test_a43_context_identity.py:178: File-backend implementation contract; covered by the default/File full suite
2026-10-09T14:08:46.8976011Z SKIPPED [2] tests/test_a43_drive_prefix_identity.py:16: File-backend implementation contract; covered by the default/File full suite
2026-10-09T14:08:46.8976886Z SKIPPED [2] tests/test_a43_drive_prefix_identity.py:38: File-backend implementation contract; covered by the default/File full suite
2026-10-09T14:08:46.8977756Z SKIPPED [1] tests/test_a43_drive_prefix_identity.py:51: File-backend implementation contract; covered by the default/File full suite
2026-10-09T14:08:46.8978616Z SKIPPED [4] tests/test_a43_duplicate_heading.py:44: File-backend implementation contract; covered by the default/File full suite
2026-10-09T14:08:46.8979458Z SKIPPED [5] tests/test_a43_duplicate_heading.py:64: File-backend implementation contract; covered by the default/File full suite
2026-10-09T14:08:46.8980295Z SKIPPED [10] tests/test_a43_file_identity.py: File-backend implementation contract; covered by the default/File full suite
2026-10-09T14:08:46.8981138Z SKIPPED [47] tests/test_a43_identity_references.py: File-backend implementation contract; covered by the default/File full suite
2026-10-09T14:08:46.8982122Z SKIPPED [3] tests/test_a43_identity_references.py:525: File-backend implementation contract; covered by the default/File full suite
2026-10-09T14:08:46.8983308Z SKIPPED [1] tests/test_a43_known_document_nodes.py:53: File-backend implementation contract; covered by the default/File full suite
2026-10-09T14:08:46.8984297Z SKIPPED [2] tests/test_a43_known_document_nodes.py:67: File-backend implementation contract; covered by the default/File full suite
2026-10-09T14:08:46.8985195Z SKIPPED [2] tests/test_a43_known_document_nodes.py:113: File-backend implementation contract; covered by the default/File full suite
2026-10-09T14:08:46.8986029Z SKIPPED [3] tests/test_a43_rich_document.py: File-backend implementation contract; covered by the default/File full suite
2026-10-09T14:08:46.8986836Z SKIPPED [4] tests/test_a43_rich_document.py:197: File-backend implementation contract; covered by the default/File full suite
2026-10-09T14:08:46.8987642Z SKIPPED [1] tests/test_a43_rich_document.py:261: File-backend implementation contract; covered by the default/File full suite
2026-10-09T14:08:46.8988478Z SKIPPED [2] tests/test_a43_rich_document.py:326: File-backend implementation contract; covered by the default/File full suite
2026-10-09T14:08:46.8989312Z SKIPPED [1] tests/test_context_intelligence.py:153: File-backend implementation contract; covered by the default/File full suite
2026-10-09T14:08:46.8990133Z SKIPPED [1] tests/test_context_pack_v2.py:103: File-backend implementation contract; covered by the default/File full suite
2026-10-09T14:08:46.8990924Z SKIPPED [1] tests/test_continuity_api.py:16: File-backend implementation contract; covered by the default/File full suite
2026-10-09T14:08:46.8991726Z SKIPPED [1] tests/test_continuity_api.py:24: File-backend implementation contract; covered by the default/File full suite
2026-10-09T14:08:46.8992599Z SKIPPED [1] tests/test_continuity_api.py:38: File-backend implementation contract; covered by the default/File full suite
2026-10-09T14:08:46.8993569Z SKIPPED [1] tests/test_continuity_api.py:49: File-backend implementation contract; covered by the default/File full suite
2026-10-09T14:08:46.8994294Z SKIPPED [1] tests/test_credential_vault.py:229: manual Windows Credential Manager integration only
2026-10-09T14:08:46.8995182Z SKIPPED [2] tests/test_file_project_lifecycle.py:67: File-backend implementation contract; covered by the default/File full suite
2026-10-09T14:08:46.8996028Z SKIPPED [4] tests/test_file_project_lifecycle.py:101: File-backend implementation contract; covered by the default/File full suite
2026-10-09T14:08:46.8996882Z SKIPPED [2] tests/test_file_project_lifecycle.py:169: File-backend implementation contract; covered by the default/File full suite
2026-10-09T14:08:46.8997745Z SKIPPED [3] tests/test_file_project_lifecycle.py: File-backend implementation contract; covered by the default/File full suite
2026-10-09T14:08:46.8998606Z SKIPPED [2] tests/test_file_project_lifecycle.py:327: File-backend implementation contract; covered by the default/File full suite
2026-10-09T14:08:46.8999538Z SKIPPED [1] tests/test_file_project_lifecycle.py:376: File-backend implementation contract; covered by the default/File full suite
2026-10-09T14:08:46.9000438Z SKIPPED [1] tests/test_generation_snapshot_runtime_v056.py:55: File-backend implementation contract; covered by the default/File full suite
2026-10-09T14:08:46.9001294Z SKIPPED [1] tests/test_jobs_v03.py:15: File-backend implementation contract; covered by the default/File full suite
2026-10-09T14:08:46.9002131Z SKIPPED [1] tests/test_jobs_v03.py:27: File-backend implementation contract; covered by the default/File full suite
2026-10-09T14:08:46.9003119Z SKIPPED [5] tests/test_local_interop_desktop_runtime.py:60: File-backend implementation contract; covered by the default/File full suite
2026-10-09T14:08:46.9004053Z SKIPPED [6] tests/test_local_interop_desktop_runtime.py: File-backend implementation contract; covered by the default/File full suite
2026-10-09T14:08:46.9004943Z SKIPPED [2] tests/test_local_interop_desktop_runtime.py:261: File-backend implementation contract; covered by the default/File full suite
2026-10-09T14:08:46.9005964Z SKIPPED [9] tests/test_local_interop_host.py: File-backend implementation contract; covered by the default/File full suite
2026-10-09T14:08:46.9006820Z SKIPPED [2] tests/test_local_interop_host.py:173: File-backend implementation contract; covered by the default/File full suite
2026-10-09T14:08:46.9007681Z SKIPPED [3] tests/test_local_interop_host.py:203: File-backend implementation contract; covered by the default/File full suite
2026-10-09T14:08:46.9008512Z SKIPPED [2] tests/test_local_interop_host.py:395: File-backend implementation contract; covered by the default/File full suite
2026-10-09T14:08:46.9009357Z SKIPPED [1] tests/test_local_interop_host.py:528: File-backend implementation contract; covered by the default/File full suite
2026-10-09T14:08:46.9010187Z SKIPPED [5] tests/test_local_interop_host.py:611: File-backend implementation contract; covered by the default/File full suite
2026-10-09T14:08:46.9011030Z SKIPPED [1] tests/test_lore_context_contract.py:78: File-backend implementation contract; covered by the default/File full suite
2026-10-09T14:08:46.9011873Z SKIPPED [1] tests/test_lore_context_contract.py:89: File-backend implementation contract; covered by the default/File full suite
2026-10-09T14:08:46.9012646Z SKIPPED [1] tests/test_lore_contract.py:79: Migration 004 is intentionally absent in Phase 1
2026-10-09T14:08:46.9013510Z SKIPPED [1] tests/test_memory_agent_contract.py:49: File-backend implementation contract; covered by the default/File full suite
2026-10-09T14:08:46.9014468Z SKIPPED [1] tests/test_narrative_api.py:8: File-backend implementation contract; covered by the default/File full suite
2026-10-09T14:08:46.9015465Z SKIPPED [1] tests/test_narrative_api.py:18: File-backend implementation contract; covered by the default/File full suite
2026-10-09T14:08:46.9016486Z SKIPPED [1] tests/test_narrative_context.py:29: File-backend implementation contract; covered by the default/File full suite
2026-10-09T14:08:46.9017535Z SKIPPED [1] tests/test_narrative_context.py:66: File-backend implementation contract; covered by the default/File full suite
2026-10-09T14:08:46.9018553Z SKIPPED [1] tests/test_narrative_progress_api.py:19: File-backend implementation contract; covered by the default/File full suite
2026-10-09T14:08:46.9019709Z SKIPPED [2] tests/test_post_interop_author_added_sources.py:87: File-backend implementation contract; covered by the default/File full suite
2026-10-09T14:08:46.9020785Z SKIPPED [4] tests/test_post_interop_author_added_sources.py:106: File-backend implementation contract; covered by the default/File full suite
2026-10-09T14:08:46.9021909Z SKIPPED [11] tests/test_post_interop_author_added_sources.py: File-backend implementation contract; covered by the default/File full suite
2026-10-09T14:08:46.9023067Z SKIPPED [5] tests/test_post_interop_creation_mounted.py: File-backend implementation contract; covered by the default/File full suite
2026-10-09T14:08:46.9024086Z SKIPPED [1] tests/test_post_interop_creation_tasks.py:9: File-backend implementation contract; covered by the default/File full suite
2026-10-09T14:08:46.9025107Z SKIPPED [2] tests/test_post_interop_creation_upgrade.py: File-backend implementation contract; covered by the default/File full suite
2026-10-09T14:08:46.9026204Z SKIPPED [2] tests/test_post_interop_embedding_feature_isolation.py:54: File-backend implementation contract; covered by the default/File full suite
2026-10-09T14:08:46.9027351Z SKIPPED [2] tests/test_post_interop_embedding_feature_isolation.py:76: File-backend implementation contract; covered by the default/File full suite
2026-10-09T14:08:46.9028482Z SKIPPED [2] tests/test_post_interop_embedding_feature_isolation.py:99: File-backend implementation contract; covered by the default/File full suite
2026-10-09T14:08:46.9029571Z SKIPPED [8] tests/test_post_interop_extended_mounted.py: File-backend implementation contract; covered by the default/File full suite
2026-10-09T14:08:46.9030625Z SKIPPED [3] tests/test_post_interop_extended_mounted.py:51: File-backend implementation contract; covered by the default/File full suite
2026-10-09T14:08:46.9031811Z SKIPPED [2] tests/test_post_interop_interactive_history.py: File-backend implementation contract; covered by the default/File full suite
2026-10-09T14:08:46.9032975Z SKIPPED [6] tests/test_post_interop_media_continuation.py: File-backend implementation contract; covered by the default/File full suite
2026-10-09T14:08:46.9034022Z SKIPPED [1] tests/test_post_interop_media_visibility.py: File-backend implementation contract; covered by the default/File full suite
2026-10-09T14:08:46.9035057Z SKIPPED [1] tests/test_post_interop_media_visibility.py:125: File-backend implementation contract; covered by the default/File full suite
2026-10-09T14:08:46.9036115Z SKIPPED [1] tests/test_post_interop_media_visibility.py:158: File-backend implementation contract; covered by the default/File full suite
2026-10-09T14:08:46.9037162Z SKIPPED [3] tests/test_post_interop_revision_compare.py:40: File-backend implementation contract; covered by the default/File full suite
2026-10-09T14:08:46.9038207Z SKIPPED [1] tests/test_post_interop_revision_compare.py:50: File-backend implementation contract; covered by the default/File full suite
2026-10-09T14:08:46.9039249Z SKIPPED [4] tests/test_post_interop_revision_compare.py: File-backend implementation contract; covered by the default/File full suite
2026-10-09T14:08:46.9040276Z SKIPPED [9] tests/test_post_interop_revision_model.py: File-backend implementation contract; covered by the default/File full suite
2026-10-09T14:08:46.9041269Z SKIPPED [6] tests/test_post_interop_scene_mind.py: File-backend implementation contract; covered by the default/File full suite
2026-10-09T14:08:46.9042341Z SKIPPED [3] tests/test_post_interop_scene_mind.py:85: File-backend implementation contract; covered by the default/File full suite
2026-10-09T14:08:46.9043473Z SKIPPED [1] tests/test_post_interop_scene_mind.py:174: File-backend implementation contract; covered by the default/File full suite
2026-10-09T14:08:46.9044470Z SKIPPED [4] tests/test_post_interop_shared_universe.py: File-backend implementation contract; covered by the default/File full suite
2026-10-09T14:08:46.9045773Z SKIPPED [2] tests/test_post_interop_shared_universe.py:97: File-backend implementation contract; covered by the default/File full suite
2026-10-09T14:08:46.9046815Z SKIPPED [4] tests/test_post_interop_structured_search.py: File-backend implementation contract; covered by the default/File full suite
2026-10-09T14:08:46.9047832Z SKIPPED [5] tests/test_post_interop_style_judge.py: File-backend implementation contract; covered by the default/File full suite
2026-10-09T14:08:46.9048852Z SKIPPED [2] tests/test_post_interop_style_judge_mounted.py: File-backend implementation contract; covered by the default/File full suite
2026-10-09T14:08:46.9049872Z SKIPPED [16] tests/test_post_interop_style_model.py: File-backend implementation contract; covered by the default/File full suite
2026-10-09T14:08:46.9050871Z SKIPPED [2] tests/test_post_interop_style_model.py:112: File-backend implementation contract; covered by the default/File full suite
2026-10-09T14:08:46.9051876Z SKIPPED [3] tests/test_post_interop_style_model.py:227: File-backend implementation contract; covered by the default/File full suite
2026-10-09T14:08:46.9053023Z SKIPPED [4] tests/test_post_interop_task_reopen.py:16: File-backend implementation contract; covered by the default/File full suite
2026-10-09T14:08:46.9054024Z SKIPPED [2] tests/test_post_interop_task_reopen.py: File-backend implementation contract; covered by the default/File full suite
2026-10-09T14:08:46.9055052Z SKIPPED [3] tests/test_post_interop_translation_memory.py: File-backend implementation contract; covered by the default/File full suite
2026-10-09T14:08:46.9056072Z SKIPPED [3] tests/test_post_interop_wave3_broker.py: File-backend implementation contract; covered by the default/File full suite
2026-10-09T14:08:46.9057067Z SKIPPED [1] tests/test_post_interop_wave3_broker.py:36: File-backend implementation contract; covered by the default/File full suite
2026-10-09T14:08:46.9058210Z SKIPPED [4] tests/test_post_interop_wave3_research.py: File-backend implementation contract; covered by the default/File full suite
2026-10-09T14:08:46.9059264Z SKIPPED [6] tests/test_post_interop_wave5_templates_sdk_comics.py: File-backend implementation contract; covered by the default/File full suite
2026-10-09T14:08:46.9060358Z SKIPPED [7] tests/test_post_interop_wave5_templates_sdk_comics.py:77: File-backend implementation contract; covered by the default/File full suite
2026-10-09T14:08:46.9061472Z SKIPPED [3] tests/test_post_interop_wave5_templates_sdk_comics.py:217: File-backend implementation contract; covered by the default/File full suite
2026-10-09T14:08:46.9062520Z SKIPPED [9] tests/test_post_interop_workspace_ux.py: File-backend implementation contract; covered by the default/File full suite
2026-10-09T14:08:46.9063630Z SKIPPED [4] tests/test_post_interop_workspace_ux.py:206: File-backend implementation contract; covered by the default/File full suite
2026-10-09T14:08:46.9064661Z SKIPPED [3] tests/test_project_authority_validation.py:75: File-backend implementation contract; covered by the default/File full suite
2026-10-09T14:08:46.9065696Z SKIPPED [8] tests/test_project_authority_validation.py: File-backend implementation contract; covered by the default/File full suite
2026-10-09T14:08:46.9066727Z SKIPPED [1] tests/test_project_authority_validation.py:123: File-backend implementation contract; covered by the default/File full suite
2026-10-09T14:08:46.9067774Z SKIPPED [3] tests/test_project_authority_validation.py:133: File-backend implementation contract; covered by the default/File full suite
2026-10-09T14:08:46.9068809Z SKIPPED [2] tests/test_project_authority_validation.py:155: File-backend implementation contract; covered by the default/File full suite
2026-10-09T14:08:46.9069741Z SKIPPED [1] tests/test_provider_runtime_v2_host_hardware_inventory.py:407: real Windows native acceptance
2026-10-09T14:08:46.9070654Z SKIPPED [3] tests/test_r3_audiobook_preparation.py: File-backend implementation contract; covered by the default/File full suite
2026-10-09T14:08:46.9071640Z SKIPPED [5] tests/test_r3_embedding_contracts.py: File-backend implementation contract; covered by the default/File full suite
2026-10-09T14:08:46.9072858Z SKIPPED [2] tests/test_r3_media_workflows.py: File-backend implementation contract; covered by the default/File full suite
2026-10-09T14:08:46.9073803Z SKIPPED [9] tests/test_r3_mounted_contracts.py: File-backend implementation contract; covered by the default/File full suite
2026-10-09T14:08:46.9074719Z SKIPPED [6] tests/test_r3_planning.py: File-backend implementation contract; covered by the default/File full suite
2026-10-09T14:08:46.9075612Z SKIPPED [6] tests/test_r3_team_recipes.py: File-backend implementation contract; covered by the default/File full suite
2026-10-09T14:08:46.9076537Z SKIPPED [4] tests/test_r3_team_recipes.py:112: File-backend implementation contract; covered by the default/File full suite
2026-10-09T14:08:46.9077443Z SKIPPED [6] tests/test_r3_world.py: File-backend implementation contract; covered by the default/File full suite
2026-10-09T14:08:46.9078404Z SKIPPED [7] tests/test_r4_author_scope_variants_mounted.py: File-backend implementation contract; covered by the default/File full suite
2026-10-09T14:08:46.9079445Z SKIPPED [3] tests/test_r4_author_source_items_mounted.py: File-backend implementation contract; covered by the default/File full suite
2026-10-09T14:08:46.9080446Z SKIPPED [7] tests/test_r4_author_task_projection.py: File-backend implementation contract; covered by the default/File full suite
2026-10-09T14:08:46.9081440Z SKIPPED [3] tests/test_r4_author_task_projection.py:179: File-backend implementation contract; covered by the default/File full suite
2026-10-09T14:08:46.9082413Z SKIPPED [11] tests/test_r4_batch_admission.py: File-backend implementation contract; covered by the default/File full suite
2026-10-09T14:08:46.9083606Z SKIPPED [3] tests/test_r4_batch_admission_mounted.py: File-backend implementation contract; covered by the default/File full suite
2026-10-09T14:08:46.9084589Z SKIPPED [2] tests/test_r4_broker_cancel_dispatch.py: File-backend implementation contract; covered by the default/File full suite
2026-10-09T14:08:46.9085560Z SKIPPED [4] tests/test_r4_broker_mounted.py: File-backend implementation contract; covered by the default/File full suite
2026-10-09T14:08:46.9086474Z SKIPPED [8] tests/test_r4_change_impact.py: File-backend implementation contract; covered by the default/File full suite
2026-10-09T14:08:46.9087413Z SKIPPED [1] tests/test_r4_change_impact_mounted.py: File-backend implementation contract; covered by the default/File full suite
2026-10-09T14:08:46.9088372Z SKIPPED [2] tests/test_r4_character_author_api.py: File-backend implementation contract; covered by the default/File full suite
2026-10-09T14:08:46.9089335Z SKIPPED [2] tests/test_r4_character_author_api.py:81: File-backend implementation contract; covered by the default/File full suite
2026-10-09T14:08:46.9090304Z SKIPPED [4] tests/test_r4_character_author_api.py:93: File-backend implementation contract; covered by the default/File full suite
2026-10-09T14:08:46.9091296Z SKIPPED [4] tests/test_r4_character_author_context.py: File-backend implementation contract; covered by the default/File full suite
2026-10-09T14:08:46.9092298Z SKIPPED [5] tests/test_r4_character_author_context.py:70: File-backend implementation contract; covered by the default/File full suite
2026-10-09T14:08:46.9093698Z SKIPPED [2] tests/test_r4_character_author_context.py:97: File-backend implementation contract; covered by the default/File full suite
2026-10-09T14:08:46.9094460Z SKIPPED [1] tests/test_r4_character_author_dispatch.py: File-backend implementation contract; covered by the default/File full suite
2026-10-09T14:08:46.9095139Z SKIPPED [1] tests/test_r4_character_author_dispatch.py:110: File-backend implementation contract; covered by the default/File full suite
2026-10-09T14:08:46.9095751Z SKIPPED [2] tests/test_r4_director.py: File-backend implementation contract; covered by the default/File full suite
2026-10-09T14:08:46.9096350Z SKIPPED [3] tests/test_r4_director_exchange_mounted.py: File-backend implementation contract; covered by the default/File full suite
2026-10-09T14:08:46.9097187Z SKIPPED [4] tests/test_r4_director_exchange_mounted.py:72: File-backend implementation contract; covered by the default/File full suite
2026-10-09T14:08:46.9097801Z SKIPPED [14] tests/test_r4_first_use_mounted.py: File-backend implementation contract; covered by the default/File full suite
2026-10-09T14:08:46.9098389Z SKIPPED [2] tests/test_r4_first_use_mounted.py:144: File-backend implementation contract; covered by the default/File full suite
2026-10-09T14:08:46.9098997Z SKIPPED [10] tests/test_r4_generation_origin_guards.py:22: File-backend implementation contract; covered by the default/File full suite
2026-10-09T14:08:46.9099627Z SKIPPED [9] tests/test_r4_generation_origin_guards.py: File-backend implementation contract; covered by the default/File full suite
2026-10-09T14:08:46.9100272Z SKIPPED [2] tests/test_r4_generation_origin_regression.py:5: File-backend implementation contract; covered by the default/File full suite
2026-10-09T14:08:46.9100922Z SKIPPED [2] tests/test_r4_generation_origin_regression.py: File-backend implementation contract; covered by the default/File full suite
2026-10-09T14:08:46.9101537Z SKIPPED [6] tests/test_r4_incremental_search.py: File-backend implementation contract; covered by the default/File full suite
2026-10-09T14:08:46.9102142Z SKIPPED [1] tests/test_r4_incremental_search_mounted.py: File-backend implementation contract; covered by the default/File full suite
2026-10-09T14:08:46.9102912Z SKIPPED [2] tests/test_r4_judge_legacy_fence.py:12: File-backend implementation contract; covered by the default/File full suite
2026-10-09T14:08:46.9103536Z SKIPPED [15] tests/test_r4_judge_model.py: File-backend implementation contract; covered by the default/File full suite
2026-10-09T14:08:46.9104231Z SKIPPED [1] tests/test_r4_media_evidence.py: File-backend implementation contract; covered by the default/File full suite
2026-10-09T14:08:46.9104812Z SKIPPED [12] tests/test_r4_model_broker.py: File-backend implementation contract; covered by the default/File full suite
2026-10-09T14:08:46.9105591Z SKIPPED [1] tests/test_r4_mounted_inspection.py: File-backend implementation contract; covered by the default/File full suite
2026-10-09T14:08:46.9106254Z SKIPPED [6] tests/test_r4_mounted_workspaces.py: File-backend implementation contract; covered by the default/File full suite
2026-10-09T14:08:46.9106933Z SKIPPED [3] tests/test_r4_planning_authority.py: File-backend implementation contract; covered by the default/File full suite
2026-10-09T14:08:46.9107634Z SKIPPED [7] tests/test_r4_portable_batches.py: File-backend implementation contract; covered by the default/File full suite
2026-10-09T14:08:46.9108362Z SKIPPED [5] tests/test_r4_portable_batches_mounted.py: File-backend implementation contract; covered by the default/File full suite
2026-10-09T14:08:46.9109116Z SKIPPED [3] tests/test_r4_portable_batches_mounted.py:77: File-backend implementation contract; covered by the default/File full suite
2026-10-09T14:08:46.9109844Z SKIPPED [3] tests/test_r4_portable_maintenance.py: File-backend implementation contract; covered by the default/File full suite
2026-10-09T14:08:46.9110557Z SKIPPED [11] tests/test_r4_production_lineage.py: File-backend implementation contract; covered by the default/File full suite
2026-10-09T14:08:46.9111265Z SKIPPED [5] tests/test_r4_production_mounted.py: File-backend implementation contract; covered by the default/File full suite
2026-10-09T14:08:46.9112321Z SKIPPED [5] tests/test_r4_reader_sessions.py: File-backend implementation contract; covered by the default/File full suite
2026-10-09T14:08:46.9113253Z SKIPPED [1] tests/test_r4_reader_sessions.py:290: File-backend implementation contract; covered by the default/File full suite
2026-10-09T14:08:46.9113964Z SKIPPED [6] tests/test_r4_registered_local_media.py: File-backend implementation contract; covered by the default/File full suite
2026-10-09T14:08:46.9114765Z SKIPPED [2] tests/test_r4_registered_media_mounted.py: File-backend implementation contract; covered by the default/File full suite
2026-10-09T14:08:46.9115501Z SKIPPED [8] tests/test_r4_research_library.py: File-backend implementation contract; covered by the default/File full suite
2026-10-09T14:08:46.9116081Z SKIPPED [1] tests/test_r4_research_library.py:92: File-backend implementation contract; covered by the default/File full suite
2026-10-09T14:08:46.9116678Z SKIPPED [2] tests/test_r4_research_library_mounted.py: File-backend implementation contract; covered by the default/File full suite
2026-10-09T14:08:46.9117304Z SKIPPED [2] tests/test_r4_research_library_mounted.py:68: File-backend implementation contract; covered by the default/File full suite
2026-10-09T14:08:46.9117929Z SKIPPED [1] tests/test_r4_research_library_mounted.py:83: File-backend implementation contract; covered by the default/File full suite
2026-10-09T14:08:46.9118551Z SKIPPED [3] tests/test_r4_revision_intelligence.py:96: File-backend implementation contract; covered by the default/File full suite
2026-10-09T14:08:46.9119166Z SKIPPED [11] tests/test_r4_revision_intelligence.py: File-backend implementation contract; covered by the default/File full suite
2026-10-09T14:08:46.9119807Z SKIPPED [5] tests/test_r4_revision_intelligence_mounted.py: File-backend implementation contract; covered by the default/File full suite
2026-10-09T14:08:46.9120437Z SKIPPED [1] tests/test_r4_selection_author_binding.py: File-backend implementation contract; covered by the default/File full suite
2026-10-09T14:08:46.9121058Z SKIPPED [2] tests/test_r4_selection_author_binding.py:99: File-backend implementation contract; covered by the default/File full suite
2026-10-09T14:08:46.9121680Z SKIPPED [2] tests/test_r4_selection_author_binding.py:112: File-backend implementation contract; covered by the default/File full suite
2026-10-09T14:08:46.9122403Z SKIPPED [2] tests/test_r4_selection_author_binding.py:126: File-backend implementation contract; covered by the default/File full suite
2026-10-09T14:08:46.9123095Z SKIPPED [13] tests/test_r4_story_graph.py: File-backend implementation contract; covered by the default/File full suite
2026-10-09T14:08:46.9123678Z SKIPPED [4] tests/test_r4_story_graph_mounted.py: File-backend implementation contract; covered by the default/File full suite
2026-10-09T14:08:46.9124264Z SKIPPED [6] tests/test_r4_story_simulator.py: File-backend implementation contract; covered by the default/File full suite
2026-10-09T14:08:46.9124845Z SKIPPED [6] tests/test_r4_story_simulator.py:118: File-backend implementation contract; covered by the default/File full suite
2026-10-09T14:08:46.9125443Z SKIPPED [12] tests/test_r4_story_simulator_model.py: File-backend implementation contract; covered by the default/File full suite
2026-10-09T14:08:46.9126054Z SKIPPED [12] tests/test_r4_story_simulator_model.py:108: File-backend implementation contract; covered by the default/File full suite
2026-10-09T14:08:46.9126670Z SKIPPED [1] tests/test_r4_story_simulator_model.py:166: File-backend implementation contract; covered by the default/File full suite
2026-10-09T14:08:46.9127279Z SKIPPED [2] tests/test_r4_story_simulator_model.py:184: File-backend implementation contract; covered by the default/File full suite
2026-10-09T14:08:46.9127881Z SKIPPED [2] tests/test_r4_story_simulator_model.py:238: File-backend implementation contract; covered by the default/File full suite
2026-10-09T14:08:46.9128490Z SKIPPED [4] tests/test_r4_story_simulator_mounted.py: File-backend implementation contract; covered by the default/File full suite
2026-10-09T14:08:46.9129075Z SKIPPED [5] tests/test_r4_style_judge.py:87: File-backend implementation contract; covered by the default/File full suite
2026-10-09T14:08:46.9129626Z SKIPPED [7] tests/test_r4_style_judge.py: File-backend implementation contract; covered by the default/File full suite
2026-10-09T14:08:46.9130195Z SKIPPED [2] tests/test_r4_style_judge_mounted.py: File-backend implementation contract; covered by the default/File full suite
2026-10-09T14:08:46.9130895Z SKIPPED [3] tests/test_r4_style_judge_mounted.py:71: File-backend implementation contract; covered by the default/File full suite
2026-10-09T14:08:46.9131482Z SKIPPED [2] tests/test_r4_timeline_exchange.py: File-backend implementation contract; covered by the default/File full suite
2026-10-09T14:08:46.9132071Z SKIPPED [5] tests/test_r4_workspace_resume.py: File-backend implementation contract; covered by the default/File full suite
2026-10-09T14:08:46.9132659Z SKIPPED [1] tests/test_r4_workspace_resume.py:177: File-backend implementation contract; covered by the default/File full suite
2026-10-09T14:08:46.9133554Z SKIPPED [2] tests/test_r4_workspace_resume_mounted.py: File-backend implementation contract; covered by the default/File full suite
2026-10-09T14:08:46.9134152Z SKIPPED [5] tests/test_r4_workspace_tools.py: File-backend implementation contract; covered by the default/File full suite
2026-10-09T14:08:46.9134734Z SKIPPED [10] tests/test_r4_writing_focus.py: File-backend implementation contract; covered by the default/File full suite
2026-10-09T14:08:46.9135308Z SKIPPED [5] tests/test_r5_comic_layouts.py: File-backend implementation contract; covered by the default/File full suite
2026-10-09T14:08:46.9135877Z SKIPPED [3] tests/test_r5_comic_layouts.py:126: File-backend implementation contract; covered by the default/File full suite
2026-10-09T14:08:46.9136438Z SKIPPED [2] tests/test_r5_comic_mounted.py: File-backend implementation contract; covered by the default/File full suite
2026-10-09T14:08:46.9136997Z SKIPPED [5] tests/test_r5_comic_mounted.py:49: File-backend implementation contract; covered by the default/File full suite
2026-10-09T14:08:46.9137555Z SKIPPED [3] tests/test_r5_comic_mounted.py:68: File-backend implementation contract; covered by the default/File full suite
2026-10-09T14:08:46.9138246Z SKIPPED [1] tests/test_r5_declarative_job_bounds.py: File-backend implementation contract; covered by the default/File full suite
2026-10-09T14:08:46.9138853Z SKIPPED [12] tests/test_r5_declarative_model.py: File-backend implementation contract; covered by the default/File full suite
2026-10-09T14:08:46.9139448Z SKIPPED [7] tests/test_r5_declarative_mounted.py: File-backend implementation contract; covered by the default/File full suite
2026-10-09T14:08:46.9140045Z SKIPPED [6] tests/test_r5_declarative_templates.py: File-backend implementation contract; covered by the default/File full suite
2026-10-09T14:08:46.9140659Z SKIPPED [5] tests/test_r5_declarative_templates.py:91: File-backend implementation contract; covered by the default/File full suite
2026-10-09T14:08:46.9141274Z SKIPPED [3] tests/test_r5_declarative_templates.py:177: File-backend implementation contract; covered by the default/File full suite
2026-10-09T14:08:46.9141873Z SKIPPED [2] tests/test_r5_interactive_story.py:89: File-backend implementation contract; covered by the default/File full suite
2026-10-09T14:08:46.9142459Z SKIPPED [7] tests/test_r5_interactive_story.py: File-backend implementation contract; covered by the default/File full suite
2026-10-09T14:08:46.9143133Z SKIPPED [1] tests/test_r5_interactive_story.py:122: File-backend implementation contract; covered by the default/File full suite
2026-10-09T14:08:46.9143741Z SKIPPED [7] tests/test_r5_interactive_story_mounted.py: File-backend implementation contract; covered by the default/File full suite
2026-10-09T14:08:46.9144355Z SKIPPED [4] tests/test_r5_multilingual_editions.py: File-backend implementation contract; covered by the default/File full suite
2026-10-09T14:08:46.9144968Z SKIPPED [1] tests/test_r5_multilingual_editions.py:118: File-backend implementation contract; covered by the default/File full suite
2026-10-09T14:08:46.9145598Z SKIPPED [4] tests/test_r5_multilingual_editions_mounted.py: File-backend implementation contract; covered by the default/File full suite
2026-10-09T14:08:46.9146254Z SKIPPED [1] tests/test_r5_multilingual_editions_mounted.py:84: File-backend implementation contract; covered by the default/File full suite
2026-10-09T14:08:46.9146910Z SKIPPED [2] tests/test_r5_multilingual_editions_mounted.py:99: File-backend implementation contract; covered by the default/File full suite
2026-10-09T14:08:46.9147663Z SKIPPED [20] tests/test_r5_multilingual_translation.py: File-backend implementation contract; covered by the default/File full suite
2026-10-09T14:08:46.9148296Z SKIPPED [1] tests/test_r5_multilingual_translation.py:263: File-backend implementation contract; covered by the default/File full suite
2026-10-09T14:08:46.9148893Z SKIPPED [11] tests/test_r5_offline_sync.py: File-backend implementation contract; covered by the default/File full suite
2026-10-09T14:08:46.9149468Z SKIPPED [7] tests/test_r5_offline_sync_mounted.py: File-backend implementation contract; covered by the default/File full suite
2026-10-09T14:08:46.9150065Z SKIPPED [4] tests/test_r5_offline_sync_mounted.py:77: File-backend implementation contract; covered by the default/File full suite
2026-10-09T14:08:46.9150676Z SKIPPED [3] tests/test_r5_offline_sync_mounted.py:140: File-backend implementation contract; covered by the default/File full suite
2026-10-09T14:08:46.9151265Z SKIPPED [1] tests/test_r5_offline_sync_tcp.py:122: explicit real-loopback subprocess gate; not an in-process substitute
2026-10-09T14:08:46.9151882Z SKIPPED [2] tests/test_r5_pause_aware_audio.py: File-backend implementation contract; covered by the default/File full suite
2026-10-09T14:08:46.9152448Z SKIPPED [8] tests/test_r5_project_forks.py: File-backend implementation contract; covered by the default/File full suite
2026-10-09T14:08:46.9153190Z SKIPPED [1] tests/test_r5_project_forks.py:130: File-backend implementation contract; covered by the default/File full suite
2026-10-09T14:08:46.9153775Z SKIPPED [7] tests/test_r5_project_forks_mounted.py: File-backend implementation contract; covered by the default/File full suite
2026-10-09T14:08:46.9154486Z SKIPPED [5] tests/test_r5_project_forks_mounted.py:74: File-backend implementation contract; covered by the default/File full suite
2026-10-09T14:08:46.9155087Z SKIPPED [5] tests/test_r5_structured_forks.py: File-backend implementation contract; covered by the default/File full suite
2026-10-09T14:08:46.9155669Z SKIPPED [1] tests/test_r5_structured_forks.py:115: File-backend implementation contract; covered by the default/File full suite
2026-10-09T14:08:46.9156249Z SKIPPED [2] tests/test_r5_structured_forks.py:174: File-backend implementation contract; covered by the default/File full suite
2026-10-09T14:08:46.9156845Z SKIPPED [2] tests/test_r5_structured_forks_mounted.py: File-backend implementation contract; covered by the default/File full suite
2026-10-09T14:08:46.9157461Z SKIPPED [2] tests/test_r5_structured_forks_mounted.py:53: File-backend implementation contract; covered by the default/File full suite
2026-10-09T14:08:46.9158083Z SKIPPED [9] tests/test_r5_voice_subtitles.py: File-backend implementation contract; covered by the default/File full suite
2026-10-09T14:08:46.9158674Z SKIPPED [4] tests/test_r5_voice_subtitles.py:180: File-backend implementation contract; covered by the default/File full suite
2026-10-09T14:08:46.9159277Z SKIPPED [6] tests/test_r5_voice_subtitles_mounted.py: File-backend implementation contract; covered by the default/File full suite
2026-10-09T14:08:46.9159885Z SKIPPED [10] tests/test_r5_writer_room_mounted.py: File-backend implementation contract; covered by the default/File full suite
2026-10-09T14:08:46.9160496Z SKIPPED [2] tests/test_rc_packaged_default_chapter.py: File-backend implementation contract; covered by the default/File full suite
2026-10-09T14:08:46.9161502Z SKIPPED [1] tests/test_runtime_ownership_foundation_v070.py:173: Windows exclusive loopback port reservation is not executed on this platform. Missing socket.SO_EXCLUSIVEADDRUSE AttributeError on Linux is an implementation accident, not a documented unsupported-platform contract.
2026-10-09T14:08:46.9162434Z SKIPPED [1] tests/test_runtime_ownership_foundation_v070.py:295: Windows Job Object contract
2026-10-09T14:08:46.9162975Z SKIPPED [1] tests/test_runtime_ownership_foundation_v070.py:309: Windows process identity contract
2026-10-09T14:08:46.9163674Z SKIPPED [14] tests/test_shared_generation_stream_authority.py:262: File-backend implementation contract; covered by the default/File full suite
2026-10-09T14:08:46.9164355Z SKIPPED [4] tests/test_shared_generation_stream_authority.py:292: File-backend implementation contract; covered by the default/File full suite
2026-10-09T14:08:46.9165020Z SKIPPED [10] tests/test_shared_generation_stream_authority.py: File-backend implementation contract; covered by the default/File full suite
2026-10-09T14:08:46.9165686Z SKIPPED [4] tests/test_shared_generation_stream_authority.py:513: File-backend implementation contract; covered by the default/File full suite
2026-10-09T14:08:46.9166357Z SKIPPED [35] tests/test_shared_generation_terminal_protocol.py:82: File-backend implementation contract; covered by the default/File full suite
2026-10-09T14:08:46.9167035Z SKIPPED [10] tests/test_shared_generation_terminal_protocol.py:108: File-backend implementation contract; covered by the default/File full suite
2026-10-09T14:08:46.9167707Z SKIPPED [4] tests/test_shared_generation_terminal_protocol.py:158: File-backend implementation contract; covered by the default/File full suite
2026-10-09T14:08:46.9168374Z SKIPPED [3] tests/test_shared_generation_terminal_protocol.py:175: File-backend implementation contract; covered by the default/File full suite
2026-10-09T14:08:46.9169060Z SKIPPED [10] tests/test_shared_generation_terminal_protocol.py:196: File-backend implementation contract; covered by the default/File full suite
2026-10-09T14:08:46.9169738Z SKIPPED [2] tests/test_shared_generation_terminal_protocol.py:221: File-backend implementation contract; covered by the default/File full suite
2026-10-09T14:08:46.9170405Z SKIPPED [6] tests/test_shared_generation_terminal_protocol.py: File-backend implementation contract; covered by the default/File full suite
2026-10-09T14:08:46.9171198Z SKIPPED [4] tests/test_shared_generation_terminal_protocol.py:345: File-backend implementation contract; covered by the default/File full suite
2026-10-09T14:08:46.9171877Z SKIPPED [3] tests/test_shared_generation_terminal_protocol.py:357: File-backend implementation contract; covered by the default/File full suite
2026-10-09T14:08:46.9172534Z SKIPPED [28] tests/test_shared_project_route_authority.py:103: File-backend implementation contract; covered by the default/File full suite
2026-10-09T14:08:46.9173371Z SKIPPED [31] tests/test_shared_project_route_authority.py:120: File-backend implementation contract; covered by the default/File full suite
2026-10-09T14:08:46.9174027Z SKIPPED [18] tests/test_shared_project_route_authority.py:143: File-backend implementation contract; covered by the default/File full suite
2026-10-09T14:08:46.9174669Z SKIPPED [43] tests/test_shared_project_route_authority.py: File-backend implementation contract; covered by the default/File full suite
2026-10-09T14:08:46.9175312Z SKIPPED [38] tests/test_shared_project_route_authority.py:283: File-backend implementation contract; covered by the default/File full suite
2026-10-09T14:08:46.9175959Z SKIPPED [18] tests/test_shared_project_route_authority.py:352: File-backend implementation contract; covered by the default/File full suite
2026-10-09T14:08:46.9176598Z SKIPPED [24] tests/test_shared_project_route_authority.py:388: File-backend implementation contract; covered by the default/File full suite
2026-10-09T14:08:46.9177230Z SKIPPED [3] tests/test_structured_record_cas.py:12: File-backend implementation contract; covered by the default/File full suite
2026-10-09T14:08:46.9177827Z SKIPPED [1] tests/test_structured_record_cas.py: File-backend implementation contract; covered by the default/File full suite
2026-10-09T14:08:46.9178440Z SKIPPED [11] tests/test_surface_adaptation_lifecycle.py: File-backend implementation contract; covered by the default/File full suite
2026-10-09T14:08:46.9179078Z SKIPPED [1] tests/test_surface_adaptation_projection.py: File-backend implementation contract; covered by the default/File full suite
2026-10-09T14:08:46.9179834Z SKIPPED [6] tests/test_surface_adapter_capacity.py:74: File-backend implementation contract; covered by the default/File full suite
2026-10-09T14:08:46.9180458Z SKIPPED [15] tests/test_surface_adapter_capacity.py: File-backend implementation contract; covered by the default/File full suite
2026-10-09T14:08:46.9181085Z SKIPPED [9] tests/test_surface_adapter_capacity.py:110: File-backend implementation contract; covered by the default/File full suite
2026-10-09T14:08:46.9181706Z SKIPPED [1] tests/test_surface_adapter_projection.py:53: File-backend implementation contract; covered by the default/File full suite
2026-10-09T14:08:46.9182328Z SKIPPED [2] tests/test_surface_adapter_projection.py:84: File-backend implementation contract; covered by the default/File full suite
2026-10-09T14:08:46.9183045Z SKIPPED [2] tests/test_surface_adapter_projection.py:101: File-backend implementation contract; covered by the default/File full suite
2026-10-09T14:08:46.9183681Z SKIPPED [6] tests/test_surface_adapter_projection.py:122: File-backend implementation contract; covered by the default/File full suite
2026-10-09T14:08:46.9184312Z SKIPPED [3] tests/test_surface_adapter_projection.py:138: File-backend implementation contract; covered by the default/File full suite
2026-10-09T14:08:46.9184937Z SKIPPED [6] tests/test_surface_adapter_projection.py:147: File-backend implementation contract; covered by the default/File full suite
2026-10-09T14:08:46.9185561Z SKIPPED [2] tests/test_surface_adapter_projection.py:171: File-backend implementation contract; covered by the default/File full suite
2026-10-09T14:08:46.9186179Z SKIPPED [1] tests/test_surface_adapter_projection.py:185: File-backend implementation contract; covered by the default/File full suite
2026-10-09T14:08:46.9186901Z SKIPPED [2] tests/test_surface_adapter_projection.py:203: File-backend implementation contract; covered by the default/File full suite
2026-10-09T14:08:46.9187535Z SKIPPED [4] tests/test_surface_adapter_projection.py:236: File-backend implementation contract; covered by the default/File full suite
2026-10-09T14:08:46.9188165Z SKIPPED [3] tests/test_surface_adapter_projection.py:264: File-backend implementation contract; covered by the default/File full suite
2026-10-09T14:08:46.9188797Z SKIPPED [3] tests/test_surface_adapter_projection.py:273: File-backend implementation contract; covered by the default/File full suite
2026-10-09T14:08:46.9189418Z SKIPPED [2] tests/test_surface_adapter_projection.py:286: File-backend implementation contract; covered by the default/File full suite
2026-10-09T14:08:46.9190038Z SKIPPED [3] tests/test_surface_adapter_projection.py:302: File-backend implementation contract; covered by the default/File full suite
2026-10-09T14:08:46.9190658Z SKIPPED [4] tests/test_surface_adapter_projection.py:317: File-backend implementation contract; covered by the default/File full suite
2026-10-09T14:08:46.9191300Z SKIPPED [5] tests/test_surface_branch_generation_stream.py:47: File-backend implementation contract; covered by the default/File full suite
2026-10-09T14:08:46.9191950Z SKIPPED [6] tests/test_surface_branch_generation_stream.py: File-backend implementation contract; covered by the default/File full suite
2026-10-09T14:08:46.9192628Z SKIPPED [3] tests/test_surface_branch_generation_stream.py:94: File-backend implementation contract; covered by the default/File full suite
2026-10-09T14:08:46.9193622Z SKIPPED [2] tests/test_surface_branch_generation_stream.py:144: File-backend implementation contract; covered by the default/File full suite
2026-10-09T14:08:46.9194276Z SKIPPED [6] tests/test_surface_branch_manuscript.py: File-backend implementation contract; covered by the default/File full suite
2026-10-09T14:08:46.9194920Z SKIPPED [10] tests/test_surface_branch_manuscript_mounted.py: File-backend implementation contract; covered by the default/File full suite
2026-10-09T14:08:46.9195589Z SKIPPED [3] tests/test_surface_branch_manuscript_mounted.py:273: File-backend implementation contract; covered by the default/File full suite
2026-10-09T14:08:46.9196384Z SKIPPED [2] tests/test_surface_continuity_timeline_identity.py:45: File-backend implementation contract; covered by the default/File full suite
2026-10-09T14:08:46.9197069Z SKIPPED [5] tests/test_surface_continuity_timeline_identity.py: File-backend implementation contract; covered by the default/File full suite
2026-10-09T14:08:46.9197718Z SKIPPED [2] tests/test_surface_core_story_record_api.py:24: File-backend implementation contract; covered by the default/File full suite
2026-10-09T14:08:46.9198345Z SKIPPED [4] tests/test_surface_core_story_record_api.py:56: File-backend implementation contract; covered by the default/File full suite
2026-10-09T14:08:46.9198964Z SKIPPED [5] tests/test_surface_core_story_record_api.py:78: File-backend implementation contract; covered by the default/File full suite
2026-10-09T14:08:46.9199593Z SKIPPED [5] tests/test_surface_core_story_record_api.py:94: File-backend implementation contract; covered by the default/File full suite
2026-10-09T14:08:46.9200224Z SKIPPED [3] tests/test_surface_core_story_records.py:53: File-backend implementation contract; covered by the default/File full suite
2026-10-09T14:08:46.9200840Z SKIPPED [3] tests/test_surface_core_story_records.py:86: File-backend implementation contract; covered by the default/File full suite
2026-10-09T14:08:46.9201466Z SKIPPED [3] tests/test_surface_core_story_records.py:106: File-backend implementation contract; covered by the default/File full suite
2026-10-09T14:08:46.9202099Z SKIPPED [4] tests/test_surface_core_story_records.py: File-backend implementation contract; covered by the default/File full suite
2026-10-09T14:08:46.9202717Z SKIPPED [1] tests/test_surface_core_story_records.py:166: File-backend implementation contract; covered by the default/File full suite
2026-10-09T14:08:46.9203528Z SKIPPED [2] tests/test_surface_core_story_records.py:193: File-backend implementation contract; covered by the default/File full suite
2026-10-09T14:08:46.9204158Z SKIPPED [2] tests/test_surface_core_story_records.py:217: File-backend implementation contract; covered by the default/File full suite
2026-10-09T14:08:46.9204819Z SKIPPED [2] tests/test_surface_embedding_invalidation_receipts.py:20: File-backend implementation contract; covered by the default/File full suite
2026-10-09T14:08:46.9205513Z SKIPPED [1] tests/test_surface_embedding_invalidation_receipts.py: File-backend implementation contract; covered by the default/File full suite
2026-10-09T14:08:46.9206160Z SKIPPED [2] tests/test_surface_finding_review.py:55: File-backend implementation contract; covered by the default/File full suite
2026-10-09T14:08:46.9206761Z SKIPPED [9] tests/test_surface_finding_review.py: File-backend implementation contract; covered by the default/File full suite
2026-10-09T14:08:46.9207360Z SKIPPED [3] tests/test_surface_finding_review.py:117: File-backend implementation contract; covered by the default/File full suite
2026-10-09T14:08:46.9207967Z SKIPPED [2] tests/test_surface_finding_review.py:229: File-backend implementation contract; covered by the default/File full suite
2026-10-09T14:08:46.9208568Z SKIPPED [4] tests/test_surface_finding_review.py:241: File-backend implementation contract; covered by the default/File full suite
2026-10-09T14:08:46.9209179Z SKIPPED [8] tests/test_surface_findings_canon_inbox.py: File-backend implementation contract; covered by the default/File full suite
2026-10-09T14:08:50.9960632Z SKIPPED [2] tests/test_surface_flag_discovery.py: File-backend implementation contract; covered by the default/File full suite
2026-10-09T14:08:50.9961368Z SKIPPED [7] tests/test_surface_freeze_media_engine_adapters.py: File-backend implementation contract; covered by the default/File full suite
2026-10-09T14:08:50.9962074Z SKIPPED [2] tests/test_surface_freeze_media_engine_adapters.py:187: File-backend implementation contract; covered by the default/File full suite
2026-10-09T14:08:50.9962990Z SKIPPED [2] tests/test_surface_freeze_media_engine_adapters.py:403: File-backend implementation contract; covered by the default/File full suite
2026-10-09T14:08:50.9963962Z SKIPPED [1] tests/test_surface_freeze_media_engine_adapters.py:472: File-backend implementation contract; covered by the default/File full suite
2026-10-09T14:08:50.9964640Z SKIPPED [3] tests/test_surface_hybrid_read_authority.py: File-backend implementation contract; covered by the default/File full suite
2026-10-09T14:08:50.9965281Z SKIPPED [1] tests/test_surface_hybrid_read_authority.py:102: File-backend implementation contract; covered by the default/File full suite
2026-10-09T14:08:50.9965926Z SKIPPED [6] tests/test_surface_interop_branch_authority.py: File-backend implementation contract; covered by the default/File full suite
2026-10-09T14:08:50.9966636Z SKIPPED [2] tests/test_surface_interop_branch_authority.py:146: File-backend implementation contract; covered by the default/File full suite
2026-10-09T14:08:50.9967295Z SKIPPED [1] tests/test_surface_interop_branch_authority.py:329: File-backend implementation contract; covered by the default/File full suite
2026-10-09T14:08:50.9967955Z SKIPPED [14] tests/test_surface_pending_canon_review.py: File-backend implementation contract; covered by the default/File full suite
2026-10-09T14:08:50.9968596Z SKIPPED [2] tests/test_surface_pending_canon_review.py:299: File-backend implementation contract; covered by the default/File full suite
2026-10-09T14:08:50.9969243Z SKIPPED [8] tests/test_surface_production_sync.py: File-backend implementation contract; covered by the default/File full suite
2026-10-09T14:08:50.9969884Z SKIPPED [16] tests/test_surface_realtime_collaboration.py: File-backend implementation contract; covered by the default/File full suite
2026-10-09T14:08:50.9970543Z SKIPPED [4] tests/test_surface_realtime_collaboration.py:176: File-backend implementation contract; covered by the default/File full suite
2026-10-09T14:08:50.9971334Z SKIPPED [13] tests/test_surface_search_visual_research.py: File-backend implementation contract; covered by the default/File full suite
2026-10-09T14:08:50.9971997Z SKIPPED [5] tests/test_surface_search_visual_research.py:127: File-backend implementation contract; covered by the default/File full suite
2026-10-09T14:08:50.9972645Z SKIPPED [1] tests/test_surface_search_visual_research.py:182: File-backend implementation contract; covered by the default/File full suite
2026-10-09T14:08:50.9973465Z SKIPPED [1] tests/test_surface_search_visual_research.py:242: File-backend implementation contract; covered by the default/File full suite
2026-10-09T14:08:50.9974099Z SKIPPED [6] tests/test_surface_story_record_api.py: File-backend implementation contract; covered by the default/File full suite
2026-10-09T14:08:50.9974725Z SKIPPED [1] tests/test_surface_story_record_versions.py:37: File-backend implementation contract; covered by the default/File full suite
2026-10-09T14:08:50.9975364Z SKIPPED [1] tests/test_surface_story_record_versions.py:147: File-backend implementation contract; covered by the default/File full suite
2026-10-09T14:08:50.9976005Z SKIPPED [1] tests/test_surface_story_record_versions.py:178: File-backend implementation contract; covered by the default/File full suite
2026-10-09T14:08:50.9976647Z SKIPPED [5] tests/test_surface_workspace_interaction.py: File-backend implementation contract; covered by the default/File full suite
2026-10-09T14:08:50.9977300Z SKIPPED [4] tests/test_surface_workspace_interaction.py:78: File-backend implementation contract; covered by the default/File full suite
2026-10-09T14:08:50.9978045Z SKIPPED [5] tests/test_v2_asset_relationships.py:55: File-backend implementation contract; covered by the default/File full suite
2026-10-09T14:08:50.9978983Z SKIPPED [1] tests/test_v2_asset_relationships.py:86: File-backend implementation contract; covered by the default/File full suite
2026-10-09T14:08:50.9979728Z SKIPPED [2] tests/test_v2_asset_relationships.py:118: File-backend implementation contract; covered by the default/File full suite
2026-10-09T14:08:50.9980485Z SKIPPED [9] tests/test_v2_asset_relationships.py: File-backend implementation contract; covered by the default/File full suite
2026-10-09T14:08:50.9992446Z SKIPPED [6] tests/test_v2_asset_relationships.py:164: File-backend implementation contract; covered by the default/File full suite
2026-10-09T14:08:50.9993543Z SKIPPED [2] tests/test_v2_asset_relationships.py:181: File-backend implementation contract; covered by the default/File full suite
2026-10-09T14:08:50.9994364Z SKIPPED [1] tests/test_v2_asset_relationships.py:237: File-backend implementation contract; covered by the default/File full suite
2026-10-09T14:08:50.9995207Z SKIPPED [8] tests/test_v2_asset_relationships.py:334: File-backend implementation contract; covered by the default/File full suite
2026-10-09T14:08:50.9995884Z SKIPPED [2] tests/test_v2_creative_foundation.py:81: File-backend implementation contract; covered by the default/File full suite
2026-10-09T14:08:50.9996522Z SKIPPED [8] tests/test_v2_creative_foundation.py: File-backend implementation contract; covered by the default/File full suite
2026-10-09T14:08:50.9997144Z SKIPPED [4] tests/test_v2_creative_foundation.py:197: File-backend implementation contract; covered by the default/File full suite
2026-10-09T14:08:50.9997748Z SKIPPED [3] tests/test_v2_creative_foundation.py:318: File-backend implementation contract; covered by the default/File full suite
2026-10-09T14:08:50.9998366Z SKIPPED [2] tests/test_v2_creative_project_lifecycle.py: File-backend implementation contract; covered by the default/File full suite
2026-10-09T14:08:50.9999001Z SKIPPED [3] tests/test_v2_creative_project_lifecycle.py:299: File-backend implementation contract; covered by the default/File full suite
2026-10-09T14:08:50.9999620Z SKIPPED [3] tests/test_v2_creative_workflows.py:38: File-backend implementation contract; covered by the default/File full suite
2026-10-09T14:08:51.0000361Z SKIPPED [1] tests/test_v2_creative_workflows.py:65: File-backend implementation contract; covered by the default/File full suite
2026-10-09T14:08:51.0000989Z SKIPPED [13] tests/test_v2_creative_workflows.py: File-backend implementation contract; covered by the default/File full suite
2026-10-09T14:08:51.0001635Z SKIPPED [5] tests/test_v2_creative_workflows.py:284: File-backend implementation contract; covered by the default/File full suite
2026-10-09T14:08:51.0002240Z SKIPPED [1] tests/test_v2_creative_workflows.py:504: File-backend implementation contract; covered by the default/File full suite
2026-10-09T14:08:51.0003056Z SKIPPED [2] tests/test_v2_independent_workspace.py:218: File-backend implementation contract; covered by the default/File full suite
2026-10-09T14:08:51.0003689Z SKIPPED [18] tests/test_v2_independent_workspace.py: File-backend implementation contract; covered by the default/File full suite
2026-10-09T14:08:51.0004320Z SKIPPED [2] tests/test_v2_independent_workspace.py:398: File-backend implementation contract; covered by the default/File full suite
2026-10-09T14:08:51.0004944Z SKIPPED [5] tests/test_v2_independent_workspace.py:417: File-backend implementation contract; covered by the default/File full suite
2026-10-09T14:08:51.0005566Z SKIPPED [10] tests/test_v2_independent_workspace.py:497: File-backend implementation contract; covered by the default/File full suite
2026-10-09T14:08:51.0006179Z SKIPPED [3] tests/test_v2_independent_workspace.py:512: File-backend implementation contract; covered by the default/File full suite
2026-10-09T14:08:51.0006792Z SKIPPED [3] tests/test_v2_independent_workspace.py:977: File-backend implementation contract; covered by the default/File full suite
2026-10-09T14:08:51.0007408Z SKIPPED [10] tests/test_v2_independent_workspace_api.py: File-backend implementation contract; covered by the default/File full suite
2026-10-09T14:08:51.0008040Z SKIPPED [3] tests/test_v2_independent_workspace_api.py:165: File-backend implementation contract; covered by the default/File full suite
2026-10-09T14:08:51.0008693Z SKIPPED [2] tests/test_v2_independent_workspace_api.py:243: File-backend implementation contract; covered by the default/File full suite
2026-10-09T14:08:51.0009448Z SKIPPED [3] tests/test_v2_storage_admission.py:38: File-backend implementation contract; covered by the default/File full suite
2026-10-09T14:08:51.0010043Z SKIPPED [2] tests/test_v2_storage_admission.py: File-backend implementation contract; covered by the default/File full suite
2026-10-09T14:08:51.0010616Z SKIPPED [5] tests/test_v2_task_router.py:21: File-backend implementation contract; covered by the default/File full suite
2026-10-09T14:08:51.0011171Z SKIPPED [1] tests/test_v2_task_router.py: File-backend implementation contract; covered by the default/File full suite
2026-10-09T14:08:51.0011776Z SKIPPED [2] tests/test_writer_room_comment_authority_seam.py: File-backend implementation contract; covered by the default/File full suite
2026-10-09T14:08:51.0012307Z 3199 passed, 1709 skipped, 4915 deselected, 3 warnings in 2535.73s (0:42:15)
2026-10-09T14:08:55.0283479Z ##[group]Run python .github/ci/receipt.py "$CI_RECEIPTS"
2026-10-09T14:08:55.0283833Z [36;1mpython .github/ci/receipt.py "$CI_RECEIPTS"[0m
2026-10-09T14:08:55.0340242Z shell: /usr/bin/bash -e {0}
2026-10-09T14:08:55.0340459Z env:
2026-10-09T14:08:55.0340622Z   MOCK_PROVIDER: true
2026-10-09T14:08:55.0340812Z   MOCK_STREAM_DELAY_MS: 0
2026-10-09T14:08:55.0341004Z   ENABLE_CLOUD: false
2026-10-09T14:08:55.0341195Z   CREDENTIAL_VAULT_BACKEND: memory
2026-10-09T14:08:55.0341429Z   CREDENTIAL_VAULT_ALLOW_MEMORY_FALLBACK: true
2026-10-09T14:08:55.0341677Z   PYTHONDONTWRITEBYTECODE: 1
2026-10-09T14:08:55.0341876Z   HF_HUB_OFFLINE: 1
2026-10-09T14:08:55.0342052Z   TRANSFORMERS_OFFLINE: 1
2026-10-09T14:08:55.0342284Z   pythonLocation: /opt/hostedtoolcache/Python/3.12.9/x64
2026-10-09T14:08:55.0342627Z   PKG_CONFIG_PATH: /opt/hostedtoolcache/Python/3.12.9/x64/lib/pkgconfig
2026-10-09T14:08:55.0343131Z   Python_ROOT_DIR: /opt/hostedtoolcache/Python/3.12.9/x64
2026-10-09T14:08:55.0343462Z   Python2_ROOT_DIR: /opt/hostedtoolcache/Python/3.12.9/x64
2026-10-09T14:08:55.0343758Z   Python3_ROOT_DIR: /opt/hostedtoolcache/Python/3.12.9/x64
2026-10-09T14:08:55.0344060Z   LD_LIBRARY_PATH: /opt/hostedtoolcache/Python/3.12.9/x64/lib
2026-10-09T14:08:55.0344375Z   CI_COVERAGE_SHA: 57986cb13d452731baf82bbc242bfc79f9cfd145
2026-10-09T14:08:55.0344674Z   CI_COVERAGE_TREE: 7b06f7eb213893ec41e4ded14810b82b070b7dc7
2026-10-09T14:08:55.0345027Z   CI_SANDBOX: /home/runner/work/_temp/novel-ci-backend-postgres-shard-0.y7L1CM
2026-10-09T14:08:55.0345448Z   CI_PROJECT: /home/runner/work/_temp/novel-ci-backend-postgres-shard-0.y7L1CM/project
2026-10-09T14:08:55.0345898Z   CI_RECEIPTS: /home/runner/work/_temp/novel-ci-backend-postgres-shard-0.y7L1CM/receipts
2026-10-09T14:08:55.0346396Z   HOME: /home/runner/work/_temp/novel-ci-backend-postgres-shard-0.y7L1CM/project/.runtime/ci-backend/home
2026-10-09T14:08:55.0346958Z   USERPROFILE: /home/runner/work/_temp/novel-ci-backend-postgres-shard-0.y7L1CM/project/.runtime/ci-backend/home
2026-10-09T14:08:55.0347527Z   APPDATA: /home/runner/work/_temp/novel-ci-backend-postgres-shard-0.y7L1CM/project/.runtime/ci-backend/appdata
2026-10-09T14:08:55.0348125Z   LOCALAPPDATA: /home/runner/work/_temp/novel-ci-backend-postgres-shard-0.y7L1CM/project/.runtime/ci-backend/localappdata
2026-10-09T14:08:55.0348728Z   XDG_CONFIG_HOME: /home/runner/work/_temp/novel-ci-backend-postgres-shard-0.y7L1CM/project/.runtime/ci-backend/config
2026-10-09T14:08:55.0349347Z   XDG_CACHE_HOME: /home/runner/work/_temp/novel-ci-backend-postgres-shard-0.y7L1CM/project/.runtime/ci-backend/cache
2026-10-09T14:08:55.0349926Z   XDG_DATA_HOME: /home/runner/work/_temp/novel-ci-backend-postgres-shard-0.y7L1CM/project/.runtime/ci-backend/data
2026-10-09T14:08:55.0350500Z   XDG_STATE_HOME: /home/runner/work/_temp/novel-ci-backend-postgres-shard-0.y7L1CM/project/.runtime/ci-backend/state
2026-10-09T14:08:55.0351068Z   TMPDIR: /home/runner/work/_temp/novel-ci-backend-postgres-shard-0.y7L1CM/project/.runtime/ci-backend/tmp
2026-10-09T14:08:55.0351603Z   TMP: /home/runner/work/_temp/novel-ci-backend-postgres-shard-0.y7L1CM/project/.runtime/ci-backend/tmp
2026-10-09T14:08:55.0352337Z   TEMP: /home/runner/work/_temp/novel-ci-backend-postgres-shard-0.y7L1CM/project/.runtime/ci-backend/tmp
2026-10-09T14:08:55.0352997Z   PROJECT_ROOT: /home/runner/work/_temp/novel-ci-backend-postgres-shard-0.y7L1CM/project
2026-10-09T14:08:55.0353558Z   NOVEL_DATA_PATH: /home/runner/work/_temp/novel-ci-backend-postgres-shard-0.y7L1CM/project/.runtime/ci-backend/data/novels
2026-10-09T14:08:55.0354183Z   BACKUP_PATH: /home/runner/work/_temp/novel-ci-backend-postgres-shard-0.y7L1CM/project/.runtime/ci-backend/data/backups
2026-10-09T14:08:55.0354834Z   DATABASE_BACKUP_PATH: /home/runner/work/_temp/novel-ci-backend-postgres-shard-0.y7L1CM/project/.runtime/ci-backend/data/database-backups
2026-10-09T14:08:55.0355510Z   KNOWLEDGE_SOURCE_PATH: /home/runner/work/_temp/novel-ci-backend-postgres-shard-0.y7L1CM/project/.runtime/ci-backend/data/novels
2026-10-09T14:08:55.0356280Z   CI_V2_RUNTIME: /home/runner/work/_temp/novel-ci-backend-postgres-shard-0.y7L1CM/project/.runtime/ci-backend
2026-10-09T14:08:55.0356848Z   R2_TEST_FONT_FILE: /home/runner/work/_temp/novel-ci-backend-postgres-shard-0.y7L1CM/fonts/NotoSansSC-Regular.ttf
2026-10-09T14:08:55.0357239Z ##[endgroup]
2026-10-09T14:08:55.1045378Z {
2026-10-09T14:08:55.1046392Z   "revision": "checked_out_sha=57986cb13d452731baf82bbc242bfc79f9cfd145\nevent_sha=57986cb13d452731baf82bbc242bfc79f9cfd145\nrun_url=https://github.com/1785235376-blip/AI-Novel-Studio/actions/runs/37936615942\njob=backend-postgres-shard-0\nplatform=Linux; native Windows host/AppContainer/installer=NOT RUN\n",
2026-10-09T14:08:55.1047338Z   "test_reports": {
2026-10-09T14:08:55.1047511Z     "backend.xml": {
2026-10-09T14:08:55.1047683Z       "tests": 4908,
2026-10-09T14:08:55.1047854Z       "failures": 0,
2026-10-09T14:08:55.1048007Z       "errors": 0,
2026-10-09T14:08:55.1048164Z       "skipped": 1709
2026-10-09T14:08:55.1048322Z     },
2026-10-09T14:08:55.1048512Z     "coverage-harness.xml": {
2026-10-09T14:08:55.1048699Z       "tests": 174,
2026-10-09T14:08:55.1048868Z       "failures": 0,
2026-10-09T14:08:55.1049021Z       "errors": 0,
2026-10-09T14:08:55.1049171Z       "skipped": 0
2026-10-09T14:08:55.1049314Z     }
2026-10-09T14:08:55.1049447Z   },
2026-10-09T14:08:55.1049607Z   "report_status": "RECORDED",
2026-10-09T14:08:55.1049848Z   "native_windows_host_appcontainer_installer": "NOT RUN",
2026-10-09T14:08:55.1050134Z   "real_model_and_paid_provider_execution": "NOT RUN"
2026-10-09T14:08:55.1050353Z }
2026-10-09T14:08:55.1050429Z 
2026-10-09T14:08:55.1141040Z ##[group]Run actions/upload-artifact@v4.6.2
2026-10-09T14:08:55.1141270Z with:
2026-10-09T14:08:55.1141565Z   name: backend-postgres-shard-0-57986cb13d452731baf82bbc242bfc79f9cfd145-attempt-1
2026-10-09T14:08:55.1142005Z   path: /home/runner/work/_temp/novel-ci-backend-postgres-shard-0.y7L1CM/receipts
2026-10-09T14:08:55.1142313Z   if-no-files-found: error
2026-10-09T14:08:55.1142497Z   retention-days: 14
2026-10-09T14:08:55.1142671Z   compression-level: 6
2026-10-09T14:08:55.1143026Z   overwrite: false
2026-10-09T14:08:55.1143210Z   include-hidden-files: false
2026-10-09T14:08:55.1143397Z env:
2026-10-09T14:08:55.1143546Z   MOCK_PROVIDER: true
2026-10-09T14:08:55.1143716Z   MOCK_STREAM_DELAY_MS: 0
2026-10-09T14:08:55.1143888Z   ENABLE_CLOUD: false
2026-10-09T14:08:55.1144068Z   CREDENTIAL_VAULT_BACKEND: memory
2026-10-09T14:08:55.1144300Z   CREDENTIAL_VAULT_ALLOW_MEMORY_FALLBACK: true
2026-10-09T14:08:55.1144537Z   PYTHONDONTWRITEBYTECODE: 1
2026-10-09T14:08:55.1144756Z   HF_HUB_OFFLINE: 1
2026-10-09T14:08:55.1144925Z   TRANSFORMERS_OFFLINE: 1
2026-10-09T14:08:55.1145157Z   pythonLocation: /opt/hostedtoolcache/Python/3.12.9/x64
2026-10-09T14:08:55.1145489Z   PKG_CONFIG_PATH: /opt/hostedtoolcache/Python/3.12.9/x64/lib/pkgconfig
2026-10-09T14:08:55.1145804Z   Python_ROOT_DIR: /opt/hostedtoolcache/Python/3.12.9/x64
2026-10-09T14:08:55.1146087Z   Python2_ROOT_DIR: /opt/hostedtoolcache/Python/3.12.9/x64
2026-10-09T14:08:55.1146363Z   Python3_ROOT_DIR: /opt/hostedtoolcache/Python/3.12.9/x64
2026-10-09T14:08:55.1146802Z   LD_LIBRARY_PATH: /opt/hostedtoolcache/Python/3.12.9/x64/lib
2026-10-09T14:08:55.1147094Z   CI_COVERAGE_SHA: 57986cb13d452731baf82bbc242bfc79f9cfd145
2026-10-09T14:08:55.1147372Z   CI_COVERAGE_TREE: 7b06f7eb213893ec41e4ded14810b82b070b7dc7
2026-10-09T14:08:55.1147704Z   CI_SANDBOX: /home/runner/work/_temp/novel-ci-backend-postgres-shard-0.y7L1CM
2026-10-09T14:08:55.1148112Z   CI_PROJECT: /home/runner/work/_temp/novel-ci-backend-postgres-shard-0.y7L1CM/project
2026-10-09T14:08:55.1148549Z   CI_RECEIPTS: /home/runner/work/_temp/novel-ci-backend-postgres-shard-0.y7L1CM/receipts
2026-10-09T14:08:55.1149037Z   HOME: /home/runner/work/_temp/novel-ci-backend-postgres-shard-0.y7L1CM/project/.runtime/ci-backend/home
2026-10-09T14:08:55.1149588Z   USERPROFILE: /home/runner/work/_temp/novel-ci-backend-postgres-shard-0.y7L1CM/project/.runtime/ci-backend/home
2026-10-09T14:08:55.1150146Z   APPDATA: /home/runner/work/_temp/novel-ci-backend-postgres-shard-0.y7L1CM/project/.runtime/ci-backend/appdata
2026-10-09T14:08:55.1150735Z   LOCALAPPDATA: /home/runner/work/_temp/novel-ci-backend-postgres-shard-0.y7L1CM/project/.runtime/ci-backend/localappdata
2026-10-09T14:08:55.1151325Z   XDG_CONFIG_HOME: /home/runner/work/_temp/novel-ci-backend-postgres-shard-0.y7L1CM/project/.runtime/ci-backend/config
2026-10-09T14:08:55.1151892Z   XDG_CACHE_HOME: /home/runner/work/_temp/novel-ci-backend-postgres-shard-0.y7L1CM/project/.runtime/ci-backend/cache
2026-10-09T14:08:55.1152453Z   XDG_DATA_HOME: /home/runner/work/_temp/novel-ci-backend-postgres-shard-0.y7L1CM/project/.runtime/ci-backend/data
2026-10-09T14:08:55.1153157Z   XDG_STATE_HOME: /home/runner/work/_temp/novel-ci-backend-postgres-shard-0.y7L1CM/project/.runtime/ci-backend/state
2026-10-09T14:08:55.1153714Z   TMPDIR: /home/runner/work/_temp/novel-ci-backend-postgres-shard-0.y7L1CM/project/.runtime/ci-backend/tmp
2026-10-09T14:08:55.1154232Z   TMP: /home/runner/work/_temp/novel-ci-backend-postgres-shard-0.y7L1CM/project/.runtime/ci-backend/tmp
2026-10-09T14:08:55.1154744Z   TEMP: /home/runner/work/_temp/novel-ci-backend-postgres-shard-0.y7L1CM/project/.runtime/ci-backend/tmp
2026-10-09T14:08:55.1155224Z   PROJECT_ROOT: /home/runner/work/_temp/novel-ci-backend-postgres-shard-0.y7L1CM/project
2026-10-09T14:08:55.1155750Z   NOVEL_DATA_PATH: /home/runner/work/_temp/novel-ci-backend-postgres-shard-0.y7L1CM/project/.runtime/ci-backend/data/novels
2026-10-09T14:08:55.1156488Z   BACKUP_PATH: /home/runner/work/_temp/novel-ci-backend-postgres-shard-0.y7L1CM/project/.runtime/ci-backend/data/backups
2026-10-09T14:08:55.1157148Z   DATABASE_BACKUP_PATH: /home/runner/work/_temp/novel-ci-backend-postgres-shard-0.y7L1CM/project/.runtime/ci-backend/data/database-backups
2026-10-09T14:08:55.1157815Z   KNOWLEDGE_SOURCE_PATH: /home/runner/work/_temp/novel-ci-backend-postgres-shard-0.y7L1CM/project/.runtime/ci-backend/data/novels
2026-10-09T14:08:55.1158398Z   CI_V2_RUNTIME: /home/runner/work/_temp/novel-ci-backend-postgres-shard-0.y7L1CM/project/.runtime/ci-backend
2026-10-09T14:08:55.1158943Z   R2_TEST_FONT_FILE: /home/runner/work/_temp/novel-ci-backend-postgres-shard-0.y7L1CM/fonts/NotoSansSC-Regular.ttf
2026-10-09T14:08:55.1159324Z ##[endgroup]
2026-10-09T14:08:55.2448447Z (node:260771) [DEP0040] DeprecationWarning: The `punycode` module is deprecated. Please use a userland alternative instead.
2026-10-09T14:08:55.2449345Z (Use `node --trace-deprecation ...` to show where the warning was created)
2026-10-09T14:08:55.2516084Z With the provided path, there will be 11 files uploaded
2026-10-09T14:08:55.2516790Z Artifact name is valid!
2026-10-09T14:08:55.2517158Z Root directory input is valid!
2026-10-09T14:08:55.4497198Z Beginning upload of artifact content to blob storage
2026-10-09T14:08:55.5750858Z (node:260771) [DEP0169] DeprecationWarning: `url.parse()` behavior is not standardized and prone to errors that have security implications. Use the WHATWG URL API instead. CVEs are not issued for `url.parse()` vulnerabilities.
2026-10-09T14:08:55.6222305Z Uploaded bytes 575241
2026-10-09T14:08:55.6382622Z Finished uploading artifact content to blob storage!
2026-10-09T14:08:55.6383922Z SHA256 digest of uploaded artifact zip is 118a8575fa6e00edb8c2ab32be771d855d5d96207458eb1963cb159e98f83020
2026-10-09T14:08:55.6385731Z Finalizing artifact upload
2026-10-09T14:08:55.8583773Z Artifact backend-postgres-shard-0-57986cb13d452731baf82bbc242bfc79f9cfd145-attempt-1.zip successfully finalized. Artifact ID 11621734345
2026-10-09T14:08:55.8584726Z Artifact backend-postgres-shard-0-57986cb13d452731baf82bbc242bfc79f9cfd145-attempt-1 has been successfully uploaded! Final size is 575241 bytes. Artifact ID is 11621734345
2026-10-09T14:08:55.8585533Z Artifact download URL: https://github.com/1785235376-blip/AI-Novel-Studio/actions/runs/37936615942/artifacts/11621734345
2026-10-09T14:08:55.8734104Z Post job cleanup.
2026-10-09T14:08:55.9672242Z (node:260783) [DEP0040] DeprecationWarning: The `punycode` module is deprecated. Please use a userland alternative instead.
2026-10-09T14:08:55.9672998Z (Use `node --trace-deprecation ...` to show where the warning was created)
2026-10-09T14:08:55.9837327Z Post job cleanup.
2026-10-09T14:08:56.0526279Z [command]/usr/bin/git version
2026-10-09T14:08:56.0561675Z git version 2.55.0
2026-10-09T14:08:56.0591722Z Temporarily overriding HOME='/home/runner/work/_temp/f5bc5929-0521-4999-8c6e-0c8995819bc7' before making global git config changes
2026-10-09T14:08:56.0592875Z Adding repository directory to the temporary git global config as a safe directory
2026-10-09T14:08:56.0596905Z [command]/usr/bin/git config --global --add safe.directory /home/runner/work/AI-Novel-Studio/AI-Novel-Studio
2026-10-09T14:08:56.0629176Z [command]/usr/bin/git config --local --name-only --get-regexp core\.sshCommand
2026-10-09T14:08:56.0661622Z [command]/usr/bin/git submodule foreach --recursive sh -c "git config --local --name-only --get-regexp 'core\.sshCommand' && git config --local --unset-all 'core.sshCommand' || :"
2026-10-09T14:08:56.0954348Z [command]/usr/bin/git config --local --name-only --get-regexp http\.https\:\/\/github\.com\/\.extraheader
2026-10-09T14:08:56.0984877Z [command]/usr/bin/git submodule foreach --recursive sh -c "git config --local --name-only --get-regexp 'http\.https\:\/\/github\.com\/\.extraheader' && git config --local --unset-all 'http.https://github.com/.extraheader' || :"
2026-10-09T14:08:56.1347087Z Print service container logs: 42d998660d1549ed9cefd5f9885ee548_postgres16alpine_749014
2026-10-09T14:08:56.1351345Z ##[command]/usr/bin/docker logs --details 33e7c9f9e7b750be05aa1249b7f3fe87ae1e5e61624eaa671aefa2c9ae33a257
2026-10-09T14:08:56.1489644Z  The files belonging to this database system will be owned by user "postgres".
2026-10-09T14:08:56.1492681Z  sh: locale: not found
2026-10-09T14:08:56.1493259Z  2026-10-09 13:24:48.724 UTC [35] WARNING:  no usable system locales were found
2026-10-09T14:08:56.1493864Z  initdb: warning: enabling "trust" authentication for local connections
2026-10-09T14:08:56.1494466Z  initdb: hint: You can change this by editing pg_hba.conf or using the option -A, or --auth-local and --auth-host, the next time you run initdb.
2026-10-09T14:08:56.1495149Z  2026-10-09 13:24:50.003 UTC [1] LOG:  starting PostgreSQL 16.15 on x86_64-pc-linux-musl, compiled by gcc (Alpine 15.2.0) 15.2.0, 64-bit
2026-10-09T14:08:56.1495676Z  2026-10-09 13:24:50.003 UTC [1] LOG:  listening on IPv4 address "0.0.0.0", port 5432
2026-10-09T14:08:56.1496058Z  2026-10-09 13:24:50.003 UTC [1] LOG:  listening on IPv6 address "::", port 5432
2026-10-09T14:08:56.1496457Z  2026-10-09 13:24:50.017 UTC [1] LOG:  listening on Unix socket "/var/run/postgresql/.s.PGSQL.5432"
2026-10-09T14:08:56.1496911Z  2026-10-09 13:24:50.029 UTC [57] LOG:  database system was shut down at 2026-10-09 13:24:49 UTC
2026-10-09T14:08:56.1497311Z  2026-10-09 13:24:50.033 UTC [1] LOG:  database system is ready to accept connections
2026-10-09T14:08:56.1497652Z  2026-10-09 13:29:50.128 UTC [55] LOG:  checkpoint starting: time
2026-10-09T14:08:56.1498446Z  2026-10-09 13:30:39.198 UTC [55] LOG:  checkpoint complete: wrote 492 buffers (3.0%); 1 WAL file(s) added, 0 removed, 0 recycled; write=48.985 s, sync=0.002 s, total=49.071 s; sync files=363, longest=0.001 s, average=0.001 s; distance=3399 kB, estimate=3399 kB; lsn=0/1CB75C0, redo lsn=0/1C77A90
2026-10-09T14:08:56.1499492Z  2026-10-09 13:34:50.248 UTC [55] LOG:  checkpoint starting: time
2026-10-09T14:08:56.1500248Z  2026-10-09 13:35:33.329 UTC [55] LOG:  checkpoint complete: wrote 419 buffers (2.6%); 0 WAL file(s) added, 0 removed, 1 recycled; write=43.072 s, sync=0.005 s, total=43.082 s; sync files=213, longest=0.001 s, average=0.001 s; distance=4007 kB, estimate=4007 kB; lsn=0/2101580, redo lsn=0/2061920
2026-10-09T14:08:56.1501101Z  2026-10-09 13:38:57.115 UTC [77532] LOG:  unexpected EOF on client connection with an open transaction
2026-10-09T14:08:56.1501480Z  2026-10-09 13:39:50.418 UTC [55] LOG:  checkpoint starting: time
2026-10-09T14:08:56.1502217Z  2026-10-09 13:40:29.290 UTC [55] LOG:  checkpoint complete: wrote 391 buffers (2.4%); 0 WAL file(s) added, 0 removed, 0 recycled; write=38.867 s, sync=0.004 s, total=38.873 s; sync files=129, longest=0.001 s, average=0.001 s; distance=7452 kB, estimate=7452 kB; lsn=0/2966B88, redo lsn=0/27A8D18
2026-10-09T14:08:56.1503140Z  2026-10-09 13:44:50.341 UTC [55] LOG:  checkpoint starting: time
2026-10-09T14:08:56.1503886Z  2026-10-09 13:45:49.556 UTC [55] LOG:  checkpoint complete: wrote 594 buffers (3.6%); 0 WAL file(s) added, 0 removed, 1 recycled; write=59.202 s, sync=0.012 s, total=59.216 s; sync files=114, longest=0.008 s, average=0.001 s; distance=18179 kB, estimate=18179 kB; lsn=0/3D0B3E8, redo lsn=0/3969B68
2026-10-09T14:08:56.1504628Z  2026-10-09 13:49:50.657 UTC [55] LOG:  checkpoint starting: time
2026-10-09T14:08:56.1505354Z  2026-10-09 13:50:31.326 UTC [55] LOG:  checkpoint complete: wrote 410 buffers (2.5%); 0 WAL file(s) added, 0 removed, 1 recycled; write=40.662 s, sync=0.006 s, total=40.669 s; sync files=108, longest=0.001 s, average=0.001 s; distance=19432 kB, estimate=19432 kB; lsn=0/4EF0AA0, redo lsn=0/4C63DD0
2026-10-09T14:08:56.1506099Z  2026-10-09 13:54:50.426 UTC [55] LOG:  checkpoint starting: time
2026-10-09T14:08:56.1507005Z  2026-10-09 13:55:58.951 UTC [55] LOG:  checkpoint complete: wrote 688 buffers (4.2%); 0 WAL file(s) added, 0 removed, 1 recycled; write=68.519 s, sync=0.004 s, total=68.526 s; sync files=80, longest=0.001 s, average=0.001 s; distance=6171 kB, estimate=18106 kB; lsn=0/55B8C50, redo lsn=0/526AA70
2026-10-09T14:08:56.1507843Z  2026-10-09 13:57:59.849 UTC [207] ERROR:  duplicate key value violates unique constraint "novels_slug_key"
2026-10-09T14:08:56.1508321Z  2026-10-09 13:57:59.849 UTC [207] DETAIL:  Key (slug)=(d58c493d-4f53-4b89-8ec2-c5c4ce41aa7a) already exists.
2026-10-09T14:08:56.1509154Z  2026-10-09 13:57:59.849 UTC [207] STATEMENT:  INSERT INTO novels (id, slug, chapter_identity_provenance, title, metadata, created_at, updated_at) VALUES ($1::UUID, $2::VARCHAR, $3::VARCHAR, $4::VARCHAR, $5::JSONB, $6::TIMESTAMP WITH TIME ZONE, $7::TIMESTAMP WITH TIME ZONE)
2026-10-09T14:08:56.1509910Z  2026-10-09 13:59:51.049 UTC [55] LOG:  checkpoint starting: time
2026-10-09T14:08:56.1510692Z  2026-10-09 14:00:45.746 UTC [55] LOG:  checkpoint complete: wrote 545 buffers (3.3%); 0 WAL file(s) added, 0 removed, 0 recycled; write=54.695 s, sync=0.001 s, total=54.698 s; sync files=93, longest=0.001 s, average=0.001 s; distance=6781 kB, estimate=16973 kB; lsn=0/59CA238, redo lsn=0/5909F78
2026-10-09T14:08:56.1511432Z  2026-10-09 14:04:51.846 UTC [55] LOG:  checkpoint starting: time
2026-10-09T14:08:56.1512172Z  2026-10-09 14:05:40.631 UTC [55] LOG:  checkpoint complete: wrote 489 buffers (3.0%); 0 WAL file(s) added, 0 removed, 0 recycled; write=48.702 s, sync=0.004 s, total=48.786 s; sync files=128, longest=0.002 s, average=0.001 s; distance=4065 kB, estimate=15683 kB; lsn=0/5E18628, redo lsn=0/5D024C0
2026-10-09T14:08:56.1513254Z  This user must also own the server process.
2026-10-09T14:08:56.1513593Z  
2026-10-09T14:08:56.1513911Z  The database cluster will be initialized with locale "en_US.utf8".
2026-10-09T14:08:56.1514614Z  The default database encoding has accordingly been set to "UTF8".
2026-10-09T14:08:56.1515106Z  The default text search configuration will be set to "english".
2026-10-09T14:08:56.1515482Z  
2026-10-09T14:08:56.1515700Z  Data page checksums are disabled.
2026-10-09T14:08:56.1515999Z  
2026-10-09T14:08:56.1516343Z  fixing permissions on existing directory /var/lib/postgresql/data ... ok
2026-10-09T14:08:56.1516810Z  creating subdirectories ... ok
2026-10-09T14:08:56.1517171Z  selecting dynamic shared memory implementation ... posix
2026-10-09T14:08:56.1517560Z  selecting default max_connections ... 100
2026-10-09T14:08:56.1517908Z  selecting default shared_buffers ... 128MB
2026-10-09T14:08:56.1518222Z  selecting default time zone ... UTC
2026-10-09T14:08:56.1518523Z  creating configuration files ... ok
2026-10-09T14:08:56.1518820Z  running bootstrap script ... ok
2026-10-09T14:08:56.1519134Z  performing post-bootstrap initialization ... ok
2026-10-09T14:08:56.1519484Z  syncing data to disk ... ok
2026-10-09T14:08:56.1519749Z  
2026-10-09T14:08:56.1519948Z  
2026-10-09T14:08:56.1520202Z  Success. You can now start the database server using:
2026-10-09T14:08:56.1520528Z  
2026-10-09T14:08:56.1520797Z      pg_ctl -D /var/lib/postgresql/data -l logfile start
2026-10-09T14:08:56.1521132Z  
2026-10-09T14:08:56.1521787Z  waiting for server to start....2026-10-09 13:24:49.619 UTC [41] LOG:  starting PostgreSQL 16.15 on x86_64-pc-linux-musl, compiled by gcc (Alpine 15.2.0) 15.2.0, 64-bit
2026-10-09T14:08:56.1522919Z  2026-10-09 13:24:49.620 UTC [41] LOG:  listening on Unix socket "/var/run/postgresql/.s.PGSQL.5432"
2026-10-09T14:08:56.1523596Z  2026-10-09 13:24:49.622 UTC [44] LOG:  database system was shut down at 2026-10-09 13:24:49 UTC
2026-10-09T14:08:56.1524208Z  2026-10-09 13:24:49.627 UTC [41] LOG:  database system is ready to accept connections
2026-10-09T14:08:56.1524645Z   done
2026-10-09T14:08:56.1524863Z  server started
2026-10-09T14:08:56.1525106Z  CREATE DATABASE
2026-10-09T14:08:56.1525341Z  
2026-10-09T14:08:56.1525535Z  
2026-10-09T14:08:56.1525900Z  /usr/local/bin/docker-entrypoint.sh: ignoring /docker-entrypoint-initdb.d/*
2026-10-09T14:08:56.1526483Z  
2026-10-09T14:08:56.1527102Z  waiting for server to shut down....2026-10-09 13:24:49.780 UTC [41] LOG:  received fast shutdown request
2026-10-09T14:08:56.1527515Z  2026-10-09 13:24:49.799 UTC [41] LOG:  aborting any active transactions
2026-10-09T14:08:56.1527943Z  2026-10-09 13:24:49.803 UTC [41] LOG:  background worker "logical replication launcher" (PID 47) exited with exit code 1
2026-10-09T14:08:56.1528341Z  2026-10-09 13:24:49.804 UTC [42] LOG:  shutting down
2026-10-09T14:08:56.1528638Z  2026-10-09 13:24:49.804 UTC [42] LOG:  checkpoint starting: shutdown immediate
2026-10-09T14:08:56.1529415Z  2026-10-09 13:24:49.888 UTC [42] LOG:  checkpoint complete: wrote 926 buffers (5.7%); 0 WAL file(s) added, 0 removed, 0 recycled; write=0.065 s, sync=0.018 s, total=0.085 s; sync files=301, longest=0.017 s, average=0.001 s; distance=4283 kB, estimate=4283 kB; lsn=0/1925D60, redo lsn=0/1925D60
2026-10-09T14:08:56.1530175Z  2026-10-09 13:24:49.896 UTC [41] LOG:  database system is shut down
2026-10-09T14:08:56.1530426Z   done
2026-10-09T14:08:56.1530576Z  server stopped
2026-10-09T14:08:56.1530738Z  
2026-10-09T14:08:56.1530931Z  PostgreSQL init process complete; ready for start up.
2026-10-09T14:08:56.1531167Z  
2026-10-09T14:08:56.1536698Z Stop and remove container: 42d998660d1549ed9cefd5f9885ee548_postgres16alpine_749014
2026-10-09T14:08:56.1540802Z ##[command]/usr/bin/docker rm --force 33e7c9f9e7b750be05aa1249b7f3fe87ae1e5e61624eaa671aefa2c9ae33a257
2026-10-09T14:08:56.6652532Z 33e7c9f9e7b750be05aa1249b7f3fe87ae1e5e61624eaa671aefa2c9ae33a257
2026-10-09T14:08:56.6677887Z Remove container network: github_network_b769e5f2d77f4757af66fa9749de5e14
2026-10-09T14:08:56.6681577Z ##[command]/usr/bin/docker network rm github_network_b769e5f2d77f4757af66fa9749de5e14
2026-10-09T14:08:56.7464194Z github_network_b769e5f2d77f4757af66fa9749de5e14
2026-10-09T14:08:56.7528426Z Cleaning up orphan processes
2026-10-09T14:08:56.7750417Z ##[warning]Node.js 20 is deprecated. The following actions target Node.js 20 but are being forced to run on Node.js 24: actions/checkout@v4.2.2, actions/setup-python@v5.6.0, actions/upload-artifact@v4.6.2. For more information see: https://github.blog/changelog/2025-09-19-deprecation-of-node-20-on-github-actions-runners/
