2026-10-09T13:24:37.5236818Z Current runner version: '2.337.0'
2026-10-09T13:24:37.5264425Z ##[group]Runner Image Provisioner
2026-10-09T13:24:37.5265266Z Hosted Compute Agent
2026-10-09T13:24:37.5265974Z Version: 20261002.596
2026-10-09T13:24:37.5266647Z Commit: c3d12f3313a95f25162a1503be624f3b0617f8c0
2026-10-09T13:24:37.5267425Z Build Date: 2026-10-02T22:28:27Z
2026-10-09T13:24:37.5268121Z Worker ID: {11f0ce1e-26d0-4497-a064-7b97f0b07826}
2026-10-09T13:24:37.5268851Z Region: eastus2
2026-10-09T13:24:37.5269468Z Cloud: Azure
2026-10-09T13:24:37.5270033Z ##[endgroup]
2026-10-09T13:24:37.5271909Z ##[group]Operating System
2026-10-09T13:24:37.5272585Z Ubuntu
2026-10-09T13:24:37.5273104Z 24.04.5
2026-10-09T13:24:37.5273937Z LTS
2026-10-09T13:24:37.5274483Z ##[endgroup]
2026-10-09T13:24:37.5275072Z ##[group]Runner Image
2026-10-09T13:24:37.5275691Z Image: ubuntu-24.04
2026-10-09T13:24:37.5276256Z Version: 20261004.327.1
2026-10-09T13:24:37.5277642Z Included Software: https://github.com/actions/runner-images/blob/ubuntu24/20261004.327/images/ubuntu/Ubuntu2404-Readme.md
2026-10-09T13:24:37.5279274Z Image Release: https://github.com/actions/runner-images/releases/tag/ubuntu24%2F20261004.327
2026-10-09T13:24:37.5280289Z ##[endgroup]
2026-10-09T13:24:37.5281458Z ##[group]GITHUB_TOKEN Permissions
2026-10-09T13:24:37.5284037Z Contents: read
2026-10-09T13:24:37.5284746Z Metadata: read
2026-10-09T13:24:37.5285337Z ##[endgroup]
2026-10-09T13:24:37.5287419Z Secret source: Actions
2026-10-09T13:24:37.5288459Z Cache mode: write
2026-10-09T13:24:37.5289414Z Prepare workflow directory
2026-10-09T13:24:37.5831838Z The service 'postgres' will not be started because the container definition has an empty image.
2026-10-09T13:24:37.5862301Z Prepare all required actions
2026-10-09T13:24:37.5912734Z Getting action download info
2026-10-09T13:24:37.8298476Z Download action repository 'actions/checkout@v4.2.2' (SHA:11bd71901bbe5b1630ceea73d27597364c9af683)
2026-10-09T13:24:37.9762924Z Download action repository 'actions/setup-python@v5.6.0' (SHA:a26af69be951a213d495a4c3e4e4022e16d87065)
2026-10-09T13:24:38.0548842Z Download action repository 'actions/upload-artifact@v4.6.2' (SHA:ea165f8d65b6e75b540449e92b4886f43607fa02)
2026-10-09T13:24:38.2531211Z Complete job name: Backend execution / file / shard 0
2026-10-09T13:24:38.3296537Z ##[group]Run actions/checkout@v4.2.2
2026-10-09T13:24:38.3297447Z with:
2026-10-09T13:24:38.3297887Z   persist-credentials: false
2026-10-09T13:24:38.3298441Z   repository: 1785235376-blip/AI-Novel-Studio
2026-10-09T13:24:38.3302299Z   token: ***
2026-10-09T13:24:38.3302726Z   ssh-strict: true
2026-10-09T13:24:38.3303165Z   ssh-user: git
2026-10-09T13:24:38.3303828Z   clean: true
2026-10-09T13:24:38.3304286Z   sparse-checkout-cone-mode: true
2026-10-09T13:24:38.3304815Z   fetch-depth: 1
2026-10-09T13:24:38.3305299Z   fetch-tags: false
2026-10-09T13:24:38.3305802Z   show-progress: true
2026-10-09T13:24:38.3306303Z   lfs: false
2026-10-09T13:24:38.3306773Z   submodules: false
2026-10-09T13:24:38.3307278Z   set-safe-directory: true
2026-10-09T13:24:38.3308101Z env:
2026-10-09T13:24:38.3308564Z   MOCK_PROVIDER: true
2026-10-09T13:24:38.3309079Z   MOCK_STREAM_DELAY_MS: 0
2026-10-09T13:24:38.3309607Z   ENABLE_CLOUD: false
2026-10-09T13:24:38.3310131Z   CREDENTIAL_VAULT_BACKEND: memory
2026-10-09T13:24:38.3310783Z   CREDENTIAL_VAULT_ALLOW_MEMORY_FALLBACK: true
2026-10-09T13:24:38.3311442Z   PYTHONDONTWRITEBYTECODE: 1
2026-10-09T13:24:38.3311995Z   HF_HUB_OFFLINE: 1
2026-10-09T13:24:38.3312491Z   TRANSFORMERS_OFFLINE: 1
2026-10-09T13:24:38.3313011Z ##[endgroup]
2026-10-09T13:24:38.4337222Z Syncing repository: 1785235376-blip/AI-Novel-Studio
2026-10-09T13:24:38.4339937Z ##[group]Getting Git version info
2026-10-09T13:24:38.4341198Z Working directory is '/home/runner/work/AI-Novel-Studio/AI-Novel-Studio'
2026-10-09T13:24:38.4342977Z [command]/usr/bin/git version
2026-10-09T13:24:38.4476179Z git version 2.55.0
2026-10-09T13:24:38.4498692Z ##[endgroup]
2026-10-09T13:24:38.4516403Z Temporarily overriding HOME='/home/runner/work/_temp/123b7dce-6531-420d-a294-eacc93254f57' before making global git config changes
2026-10-09T13:24:38.4519779Z Adding repository directory to the temporary git global config as a safe directory
2026-10-09T13:24:38.4524046Z [command]/usr/bin/git config --global --add safe.directory /home/runner/work/AI-Novel-Studio/AI-Novel-Studio
2026-10-09T13:24:38.4581799Z Deleting the contents of '/home/runner/work/AI-Novel-Studio/AI-Novel-Studio'
2026-10-09T13:24:38.4587296Z ##[group]Initializing the repository
2026-10-09T13:24:38.4592523Z [command]/usr/bin/git init /home/runner/work/AI-Novel-Studio/AI-Novel-Studio
2026-10-09T13:24:38.4726682Z hint: Using 'master' as the name for the initial branch. This default branch name
2026-10-09T13:24:38.4728195Z hint: will change to "main" in Git 3.0. To configure the initial branch name
2026-10-09T13:24:38.4730022Z hint: to use in all of your new repositories, which will suppress this warning,
2026-10-09T13:24:38.4731500Z hint: call:
2026-10-09T13:24:38.4732275Z hint:
2026-10-09T13:24:38.4733055Z hint: 	git config --global init.defaultBranch <name>
2026-10-09T13:24:38.4734806Z hint:
2026-10-09T13:24:38.4735508Z hint: Names commonly chosen instead of 'master' are 'main', 'trunk' and
2026-10-09T13:24:38.4737299Z hint: 'development'. The just-created branch can be renamed via this command:
2026-10-09T13:24:38.4738343Z hint:
2026-10-09T13:24:38.4738832Z hint: 	git branch -m <name>
2026-10-09T13:24:38.4739391Z hint:
2026-10-09T13:24:38.4740067Z hint: Disable this message with "git config set advice.defaultBranchName false"
2026-10-09T13:24:38.4741194Z Initialized empty Git repository in /home/runner/work/AI-Novel-Studio/AI-Novel-Studio/.git/
2026-10-09T13:24:38.4754060Z [command]/usr/bin/git remote add origin https://github.com/1785235376-blip/AI-Novel-Studio
2026-10-09T13:24:38.4804717Z ##[endgroup]
2026-10-09T13:24:38.4805520Z ##[group]Disabling automatic garbage collection
2026-10-09T13:24:38.4809426Z [command]/usr/bin/git config --local gc.auto 0
2026-10-09T13:24:38.4850977Z ##[endgroup]
2026-10-09T13:24:38.4851812Z ##[group]Setting up auth
2026-10-09T13:24:38.4860423Z [command]/usr/bin/git config --local --name-only --get-regexp core\.sshCommand
2026-10-09T13:24:38.4902215Z [command]/usr/bin/git submodule foreach --recursive sh -c "git config --local --name-only --get-regexp 'core\.sshCommand' && git config --local --unset-all 'core.sshCommand' || :"
2026-10-09T13:24:38.5351082Z [command]/usr/bin/git config --local --name-only --get-regexp http\.https\:\/\/github\.com\/\.extraheader
2026-10-09T13:24:38.5395324Z [command]/usr/bin/git submodule foreach --recursive sh -c "git config --local --name-only --get-regexp 'http\.https\:\/\/github\.com\/\.extraheader' && git config --local --unset-all 'http.https://github.com/.extraheader' || :"
2026-10-09T13:24:38.5654177Z [command]/usr/bin/git config --local http.https://github.com/.extraheader AUTHORIZATION: basic ***
2026-10-09T13:24:38.5700256Z ##[endgroup]
2026-10-09T13:24:38.5701607Z ##[group]Fetching the repository
2026-10-09T13:24:38.5712384Z [command]/usr/bin/git -c protocol.version=2 fetch --no-tags --prune --no-recurse-submodules --depth=1 origin +2815d03ac31b3e132453f6b9ad63eff777269468:refs/remotes/pull/47/merge
2026-10-09T13:24:41.8930364Z From https://github.com/1785235376-blip/AI-Novel-Studio
2026-10-09T13:24:41.8931726Z  * [new ref]         2815d03ac31b3e132453f6b9ad63eff777269468 -> pull/47/merge
2026-10-09T13:24:41.8967981Z ##[endgroup]
2026-10-09T13:24:41.8969435Z ##[group]Determining the checkout info
2026-10-09T13:24:41.8970837Z ##[endgroup]
2026-10-09T13:24:41.8971668Z [command]/usr/bin/git sparse-checkout disable
2026-10-09T13:24:41.9036284Z [command]/usr/bin/git config --local --unset-all extensions.worktreeConfig
2026-10-09T13:24:41.9083523Z ##[group]Checking out the ref
2026-10-09T13:24:41.9089541Z [command]/usr/bin/git checkout --progress --force refs/remotes/pull/47/merge
2026-10-09T13:24:42.5339944Z Note: switching to 'refs/remotes/pull/47/merge'.
2026-10-09T13:24:42.5340691Z 
2026-10-09T13:24:42.5341245Z You are in 'detached HEAD' state. You can look around, make experimental
2026-10-09T13:24:42.5343041Z changes and commit them, and you can discard any commits you make in this
2026-10-09T13:24:42.5344587Z state without impacting any branches by switching back to a branch.
2026-10-09T13:24:42.5346716Z 
2026-10-09T13:24:42.5347302Z If you want to create a new branch to retain commits you create, you may
2026-10-09T13:24:42.5348570Z do so (now or later) by using -c with the switch command. Example:
2026-10-09T13:24:42.5349267Z 
2026-10-09T13:24:42.5349583Z   git switch -c <new-branch-name>
2026-10-09T13:24:42.5350094Z 
2026-10-09T13:24:42.5350466Z Or undo this operation with:
2026-10-09T13:24:42.5350951Z 
2026-10-09T13:24:42.5351209Z   git switch -
2026-10-09T13:24:42.5351595Z 
2026-10-09T13:24:42.5352173Z Turn off this advice by setting config variable advice.detachedHead to false
2026-10-09T13:24:42.5353028Z 
2026-10-09T13:24:42.5354174Z HEAD is now at 2815d03 Merge 57986cb13d452731baf82bbc242bfc79f9cfd145 into fed2404c8e30b44061b7139dced45b7f3301601c
2026-10-09T13:24:42.5377117Z ##[endgroup]
2026-10-09T13:24:42.5433089Z [command]/usr/bin/git log -1 --format=%H
2026-10-09T13:24:42.5461749Z 2815d03ac31b3e132453f6b9ad63eff777269468
2026-10-09T13:24:42.5472538Z ##[group]Removing auth
2026-10-09T13:24:42.5476991Z [command]/usr/bin/git config --local --name-only --get-regexp core\.sshCommand
2026-10-09T13:24:42.5524728Z [command]/usr/bin/git submodule foreach --recursive sh -c "git config --local --name-only --get-regexp 'core\.sshCommand' && git config --local --unset-all 'core.sshCommand' || :"
2026-10-09T13:24:42.5771769Z [command]/usr/bin/git config --local --name-only --get-regexp http\.https\:\/\/github\.com\/\.extraheader
2026-10-09T13:24:42.5810204Z http.https://github.com/.extraheader
2026-10-09T13:24:42.5818815Z [command]/usr/bin/git config --local --unset-all http.https://github.com/.extraheader
2026-10-09T13:24:42.5873627Z [command]/usr/bin/git submodule foreach --recursive sh -c "git config --local --name-only --get-regexp 'http\.https\:\/\/github\.com\/\.extraheader' && git config --local --unset-all 'http.https://github.com/.extraheader' || :"
2026-10-09T13:24:42.6123741Z ##[endgroup]
2026-10-09T13:24:42.7244314Z ##[group]Run actions/setup-python@v5.6.0
2026-10-09T13:24:42.7244770Z with:
2026-10-09T13:24:42.7245059Z   python-version: 3.12.9
2026-10-09T13:24:42.7245392Z   check-latest: false
2026-10-09T13:24:42.7248093Z   token: ***
2026-10-09T13:24:42.7248403Z   update-environment: true
2026-10-09T13:24:42.7248752Z   allow-prereleases: false
2026-10-09T13:24:42.7249084Z   freethreaded: false
2026-10-09T13:24:42.7249386Z env:
2026-10-09T13:24:42.7249653Z   MOCK_PROVIDER: true
2026-10-09T13:24:42.7249961Z   MOCK_STREAM_DELAY_MS: 0
2026-10-09T13:24:42.7250275Z   ENABLE_CLOUD: false
2026-10-09T13:24:42.7250643Z   CREDENTIAL_VAULT_BACKEND: memory
2026-10-09T13:24:42.7251025Z   CREDENTIAL_VAULT_ALLOW_MEMORY_FALLBACK: true
2026-10-09T13:24:42.7251434Z   PYTHONDONTWRITEBYTECODE: 1
2026-10-09T13:24:42.7251763Z   HF_HUB_OFFLINE: 1
2026-10-09T13:24:42.7252055Z   TRANSFORMERS_OFFLINE: 1
2026-10-09T13:24:42.7252386Z ##[endgroup]
2026-10-09T13:24:42.8592990Z ##[group]Installed versions
2026-10-09T13:24:42.8615123Z Version 3.12.9 was not found in the local cache
2026-10-09T13:24:42.8724552Z (node:2341) [DEP0040] DeprecationWarning: The `punycode` module is deprecated. Please use a userland alternative instead.
2026-10-09T13:24:42.8725678Z (Use `node --trace-deprecation ...` to show where the warning was created)
2026-10-09T13:24:43.5006029Z Version 3.12.9 is available for downloading
2026-10-09T13:24:43.5007951Z Download from "https://github.com/actions/python-versions/releases/download/3.12.9-13149478207/python-3.12.9-linux-24.04-x64.tar.gz"
2026-10-09T13:24:44.1934488Z Extract downloaded archive
2026-10-09T13:24:44.2063818Z [command]/usr/bin/tar xz --warning=no-unknown-keyword --overwrite -C /home/runner/work/_temp/da4cec86-ebf2-40ba-b978-7287b303aca2 -f /home/runner/work/_temp/20b33a2f-70d3-4acd-b4a5-defa2f155273
2026-10-09T13:24:46.2791798Z Execute installation script
2026-10-09T13:24:46.2891252Z Check if Python hostedtoolcache folder exist...
2026-10-09T13:24:46.2896588Z Create Python 3.12.9 folder
2026-10-09T13:24:46.2906830Z Copy Python binaries to hostedtoolcache folder
2026-10-09T13:24:46.7915825Z Create additional symlinks (Required for the UsePythonVersion Azure Pipelines task and the setup-python GitHub Action)
2026-10-09T13:24:46.7960438Z Upgrading pip...
2026-10-09T13:24:49.5199716Z Looking in links: /tmp/tmpf4edjw5u
2026-10-09T13:24:49.5214887Z Requirement already satisfied: pip in /opt/hostedtoolcache/Python/3.12.9/x64/lib/python3.12/site-packages (24.3.1)
2026-10-09T13:24:51.1528232Z Collecting pip
2026-10-09T13:24:51.1983893Z Downloading pip-26.2.1-py3-none-any.whl.metadata (4.6 kB)
2026-10-09T13:24:51.2100041Z Downloading pip-26.2.1-py3-none-any.whl (1.8 MB)
2026-10-09T13:24:51.3074210Z ━━━━━━━━━━━━━━━━━━━━━━━━━━━━━━━━━━━━━━━━ 1.8/1.8 MB 21.8 MB/s eta 0:00:00
2026-10-09T13:24:51.3074756Z 
2026-10-09T13:24:51.3292095Z Installing collected packages: pip
2026-10-09T13:24:51.3293072Z Attempting uninstall: pip
2026-10-09T13:24:51.3315443Z Found existing installation: pip 24.3.1
2026-10-09T13:24:51.3674057Z Uninstalling pip-24.3.1:
2026-10-09T13:24:51.3730409Z Successfully uninstalled pip-24.3.1
2026-10-09T13:24:52.2402022Z Successfully installed pip-26.2.1
2026-10-09T13:24:52.2941192Z Create complete file
2026-10-09T13:24:52.2983009Z Successfully set up CPython (3.12.9)
2026-10-09T13:24:52.2984596Z ##[endgroup]
2026-10-09T13:24:52.3334735Z ##[group]Run bash .github/ci/prepare.sh backend-file-shard-0
2026-10-09T13:24:52.3335255Z [36;1mbash .github/ci/prepare.sh backend-file-shard-0[0m
2026-10-09T13:24:52.3890726Z shell: /usr/bin/bash -e {0}
2026-10-09T13:24:52.3891096Z env:
2026-10-09T13:24:52.3891342Z   MOCK_PROVIDER: true
2026-10-09T13:24:52.3891637Z   MOCK_STREAM_DELAY_MS: 0
2026-10-09T13:24:52.3891906Z   ENABLE_CLOUD: false
2026-10-09T13:24:52.3892187Z   CREDENTIAL_VAULT_BACKEND: memory
2026-10-09T13:24:52.3892539Z   CREDENTIAL_VAULT_ALLOW_MEMORY_FALLBACK: true
2026-10-09T13:24:52.3892928Z   PYTHONDONTWRITEBYTECODE: 1
2026-10-09T13:24:52.3893481Z   HF_HUB_OFFLINE: 1
2026-10-09T13:24:52.3893797Z   TRANSFORMERS_OFFLINE: 1
2026-10-09T13:24:52.3894143Z   pythonLocation: /opt/hostedtoolcache/Python/3.12.9/x64
2026-10-09T13:24:52.3894679Z   PKG_CONFIG_PATH: /opt/hostedtoolcache/Python/3.12.9/x64/lib/pkgconfig
2026-10-09T13:24:52.3895205Z   Python_ROOT_DIR: /opt/hostedtoolcache/Python/3.12.9/x64
2026-10-09T13:24:52.3895720Z   Python2_ROOT_DIR: /opt/hostedtoolcache/Python/3.12.9/x64
2026-10-09T13:24:52.3896180Z   Python3_ROOT_DIR: /opt/hostedtoolcache/Python/3.12.9/x64
2026-10-09T13:24:52.3896639Z   LD_LIBRARY_PATH: /opt/hostedtoolcache/Python/3.12.9/x64/lib
2026-10-09T13:24:52.3897033Z ##[endgroup]
2026-10-09T13:24:53.1175571Z ##[group]Run runtime="$CI_PROJECT/.runtime/ci-backend"
2026-10-09T13:24:53.1176139Z [36;1mruntime="$CI_PROJECT/.runtime/ci-backend"[0m
2026-10-09T13:24:53.1176777Z [36;1mmkdir -p "$runtime"/{home,config,cache,data,state,tmp,appdata,localappdata}[0m
2026-10-09T13:24:53.1177238Z [36;1m{[0m
2026-10-09T13:24:53.1177456Z [36;1m  echo "CI_V2_RUNTIME=$runtime"[0m
2026-10-09T13:24:53.1177754Z [36;1m  echo "HOME=$runtime/home"[0m
2026-10-09T13:24:53.1178042Z [36;1m  echo "USERPROFILE=$runtime/home"[0m
2026-10-09T13:24:53.1178454Z [36;1m  echo "APPDATA=$runtime/appdata"[0m
2026-10-09T13:24:53.1179005Z [36;1m  echo "LOCALAPPDATA=$runtime/localappdata"[0m
2026-10-09T13:24:53.1179429Z [36;1m  echo "XDG_CONFIG_HOME=$runtime/config"[0m
2026-10-09T13:24:53.1179749Z [36;1m  echo "XDG_CACHE_HOME=$runtime/cache"[0m
2026-10-09T13:24:53.1180065Z [36;1m  echo "XDG_DATA_HOME=$runtime/data"[0m
2026-10-09T13:24:53.1180370Z [36;1m  echo "XDG_STATE_HOME=$runtime/state"[0m
2026-10-09T13:24:53.1180708Z [36;1m  echo "TMPDIR=$runtime/tmp"[0m
2026-10-09T13:24:53.1180981Z [36;1m  echo "TMP=$runtime/tmp"[0m
2026-10-09T13:24:53.1181347Z [36;1m  echo "TEMP=$runtime/tmp"[0m
2026-10-09T13:24:53.1181852Z [36;1m  echo "NOVEL_DATA_PATH=$runtime/data/novels"[0m
2026-10-09T13:24:53.1182689Z [36;1m  echo "BACKUP_PATH=$runtime/data/backups"[0m
2026-10-09T13:24:53.1183569Z [36;1m  echo "DATABASE_BACKUP_PATH=$runtime/data/database-backups"[0m
2026-10-09T13:24:53.1184089Z [36;1m  echo "KNOWLEDGE_SOURCE_PATH=$runtime/data/novels"[0m
2026-10-09T13:24:53.1184412Z [36;1m} >> "$GITHUB_ENV"[0m
2026-10-09T13:24:53.1255352Z shell: /usr/bin/bash -e {0}
2026-10-09T13:24:53.1255604Z env:
2026-10-09T13:24:53.1255802Z   MOCK_PROVIDER: true
2026-10-09T13:24:53.1256022Z   MOCK_STREAM_DELAY_MS: 0
2026-10-09T13:24:53.1256242Z   ENABLE_CLOUD: false
2026-10-09T13:24:53.1256458Z   CREDENTIAL_VAULT_BACKEND: memory
2026-10-09T13:24:53.1256742Z   CREDENTIAL_VAULT_ALLOW_MEMORY_FALLBACK: true
2026-10-09T13:24:53.1257056Z   PYTHONDONTWRITEBYTECODE: 1
2026-10-09T13:24:53.1257295Z   HF_HUB_OFFLINE: 1
2026-10-09T13:24:53.1257496Z   TRANSFORMERS_OFFLINE: 1
2026-10-09T13:24:53.1257776Z   pythonLocation: /opt/hostedtoolcache/Python/3.12.9/x64
2026-10-09T13:24:53.1258193Z   PKG_CONFIG_PATH: /opt/hostedtoolcache/Python/3.12.9/x64/lib/pkgconfig
2026-10-09T13:24:53.1258613Z   Python_ROOT_DIR: /opt/hostedtoolcache/Python/3.12.9/x64
2026-10-09T13:24:53.1258990Z   Python2_ROOT_DIR: /opt/hostedtoolcache/Python/3.12.9/x64
2026-10-09T13:24:53.1259371Z   Python3_ROOT_DIR: /opt/hostedtoolcache/Python/3.12.9/x64
2026-10-09T13:24:53.1259761Z   LD_LIBRARY_PATH: /opt/hostedtoolcache/Python/3.12.9/x64/lib
2026-10-09T13:24:53.1260153Z   CI_COVERAGE_SHA: 2815d03ac31b3e132453f6b9ad63eff777269468
2026-10-09T13:24:53.1260518Z   CI_COVERAGE_TREE: 7b06f7eb213893ec41e4ded14810b82b070b7dc7
2026-10-09T13:24:53.1260942Z   CI_SANDBOX: /home/runner/work/_temp/novel-ci-backend-file-shard-0.fPkg4q
2026-10-09T13:24:53.1261467Z   CI_PROJECT: /home/runner/work/_temp/novel-ci-backend-file-shard-0.fPkg4q/project
2026-10-09T13:24:53.1262012Z   CI_RECEIPTS: /home/runner/work/_temp/novel-ci-backend-file-shard-0.fPkg4q/receipts
2026-10-09T13:24:53.1262523Z   HOME: /home/runner/work/_temp/novel-ci-backend-file-shard-0.fPkg4q/home
2026-10-09T13:24:53.1263033Z   USERPROFILE: /home/runner/work/_temp/novel-ci-backend-file-shard-0.fPkg4q/home
2026-10-09T13:24:53.1263792Z   APPDATA: /home/runner/work/_temp/novel-ci-backend-file-shard-0.fPkg4q/appdata
2026-10-09T13:24:53.1264347Z   LOCALAPPDATA: /home/runner/work/_temp/novel-ci-backend-file-shard-0.fPkg4q/localappdata
2026-10-09T13:24:53.1264928Z   XDG_CONFIG_HOME: /home/runner/work/_temp/novel-ci-backend-file-shard-0.fPkg4q/config
2026-10-09T13:24:53.1265470Z   XDG_CACHE_HOME: /home/runner/work/_temp/novel-ci-backend-file-shard-0.fPkg4q/cache
2026-10-09T13:24:53.1265999Z   XDG_DATA_HOME: /home/runner/work/_temp/novel-ci-backend-file-shard-0.fPkg4q/data
2026-10-09T13:24:53.1266726Z   XDG_STATE_HOME: /home/runner/work/_temp/novel-ci-backend-file-shard-0.fPkg4q/state
2026-10-09T13:24:53.1267243Z   TMPDIR: /home/runner/work/_temp/novel-ci-backend-file-shard-0.fPkg4q/tmp
2026-10-09T13:24:53.1267723Z   TMP: /home/runner/work/_temp/novel-ci-backend-file-shard-0.fPkg4q/tmp
2026-10-09T13:24:53.1268186Z   TEMP: /home/runner/work/_temp/novel-ci-backend-file-shard-0.fPkg4q/tmp
2026-10-09T13:24:53.1268690Z   PROJECT_ROOT: /home/runner/work/_temp/novel-ci-backend-file-shard-0.fPkg4q/project
2026-10-09T13:24:53.1269251Z   NOVEL_DATA_PATH: /home/runner/work/_temp/novel-ci-backend-file-shard-0.fPkg4q/data/novels
2026-10-09T13:24:53.1269831Z   BACKUP_PATH: /home/runner/work/_temp/novel-ci-backend-file-shard-0.fPkg4q/data/backups
2026-10-09T13:24:53.1270465Z   DATABASE_BACKUP_PATH: /home/runner/work/_temp/novel-ci-backend-file-shard-0.fPkg4q/data/database-backups
2026-10-09T13:24:53.1271144Z   KNOWLEDGE_SOURCE_PATH: /home/runner/work/_temp/novel-ci-backend-file-shard-0.fPkg4q/data/novels
2026-10-09T13:24:53.1271594Z ##[endgroup]
2026-10-09T13:24:53.1747424Z ##[group]Run python -m pip install -c .github/ci/python-constraints.txt -e '.[dev,fontbuild,otio,comic]'
2026-10-09T13:24:53.1748738Z [36;1mpython -m pip install -c .github/ci/python-constraints.txt -e '.[dev,fontbuild,otio,comic]'[0m
2026-10-09T13:24:53.1749614Z [36;1mpython -m pip check[0m
2026-10-09T13:24:53.1750533Z [36;1mpython -m pip freeze --exclude-editable > "$CI_RECEIPTS/python-packages.txt"[0m
2026-10-09T13:24:53.1838776Z shell: /usr/bin/bash -e {0}
2026-10-09T13:24:53.1839114Z env:
2026-10-09T13:24:53.1839336Z   MOCK_PROVIDER: true
2026-10-09T13:24:53.1839636Z   MOCK_STREAM_DELAY_MS: 0
2026-10-09T13:24:53.1839869Z   ENABLE_CLOUD: false
2026-10-09T13:24:53.1840106Z   CREDENTIAL_VAULT_BACKEND: memory
2026-10-09T13:24:53.1840397Z   CREDENTIAL_VAULT_ALLOW_MEMORY_FALLBACK: true
2026-10-09T13:24:53.1840826Z   PYTHONDONTWRITEBYTECODE: 1
2026-10-09T13:24:53.1841254Z   HF_HUB_OFFLINE: 1
2026-10-09T13:24:53.1841617Z   TRANSFORMERS_OFFLINE: 1
2026-10-09T13:24:53.1842168Z   pythonLocation: /opt/hostedtoolcache/Python/3.12.9/x64
2026-10-09T13:24:53.1842904Z   PKG_CONFIG_PATH: /opt/hostedtoolcache/Python/3.12.9/x64/lib/pkgconfig
2026-10-09T13:24:53.1843628Z   Python_ROOT_DIR: /opt/hostedtoolcache/Python/3.12.9/x64
2026-10-09T13:24:53.1844005Z   Python2_ROOT_DIR: /opt/hostedtoolcache/Python/3.12.9/x64
2026-10-09T13:24:53.1844390Z   Python3_ROOT_DIR: /opt/hostedtoolcache/Python/3.12.9/x64
2026-10-09T13:24:53.1844762Z   LD_LIBRARY_PATH: /opt/hostedtoolcache/Python/3.12.9/x64/lib
2026-10-09T13:24:53.1845308Z   CI_COVERAGE_SHA: 2815d03ac31b3e132453f6b9ad63eff777269468
2026-10-09T13:24:53.1845978Z   CI_COVERAGE_TREE: 7b06f7eb213893ec41e4ded14810b82b070b7dc7
2026-10-09T13:24:53.1846735Z   CI_SANDBOX: /home/runner/work/_temp/novel-ci-backend-file-shard-0.fPkg4q
2026-10-09T13:24:53.1847654Z   CI_PROJECT: /home/runner/work/_temp/novel-ci-backend-file-shard-0.fPkg4q/project
2026-10-09T13:24:53.1848373Z   CI_RECEIPTS: /home/runner/work/_temp/novel-ci-backend-file-shard-0.fPkg4q/receipts
2026-10-09T13:24:53.1849005Z   HOME: /home/runner/work/_temp/novel-ci-backend-file-shard-0.fPkg4q/project/.runtime/ci-backend/home
2026-10-09T13:24:53.1849714Z   USERPROFILE: /home/runner/work/_temp/novel-ci-backend-file-shard-0.fPkg4q/project/.runtime/ci-backend/home
2026-10-09T13:24:53.1850446Z   APPDATA: /home/runner/work/_temp/novel-ci-backend-file-shard-0.fPkg4q/project/.runtime/ci-backend/appdata
2026-10-09T13:24:53.1851240Z   LOCALAPPDATA: /home/runner/work/_temp/novel-ci-backend-file-shard-0.fPkg4q/project/.runtime/ci-backend/localappdata
2026-10-09T13:24:53.1852022Z   XDG_CONFIG_HOME: /home/runner/work/_temp/novel-ci-backend-file-shard-0.fPkg4q/project/.runtime/ci-backend/config
2026-10-09T13:24:53.1852789Z   XDG_CACHE_HOME: /home/runner/work/_temp/novel-ci-backend-file-shard-0.fPkg4q/project/.runtime/ci-backend/cache
2026-10-09T13:24:53.1874993Z   XDG_DATA_HOME: /home/runner/work/_temp/novel-ci-backend-file-shard-0.fPkg4q/project/.runtime/ci-backend/data
2026-10-09T13:24:53.1875801Z   XDG_STATE_HOME: /home/runner/work/_temp/novel-ci-backend-file-shard-0.fPkg4q/project/.runtime/ci-backend/state
2026-10-09T13:24:53.1876550Z   TMPDIR: /home/runner/work/_temp/novel-ci-backend-file-shard-0.fPkg4q/project/.runtime/ci-backend/tmp
2026-10-09T13:24:53.1877241Z   TMP: /home/runner/work/_temp/novel-ci-backend-file-shard-0.fPkg4q/project/.runtime/ci-backend/tmp
2026-10-09T13:24:53.1878010Z   TEMP: /home/runner/work/_temp/novel-ci-backend-file-shard-0.fPkg4q/project/.runtime/ci-backend/tmp
2026-10-09T13:24:53.1878626Z   PROJECT_ROOT: /home/runner/work/_temp/novel-ci-backend-file-shard-0.fPkg4q/project
2026-10-09T13:24:53.1879304Z   NOVEL_DATA_PATH: /home/runner/work/_temp/novel-ci-backend-file-shard-0.fPkg4q/project/.runtime/ci-backend/data/novels
2026-10-09T13:24:53.1880079Z   BACKUP_PATH: /home/runner/work/_temp/novel-ci-backend-file-shard-0.fPkg4q/project/.runtime/ci-backend/data/backups
2026-10-09T13:24:53.1881258Z   DATABASE_BACKUP_PATH: /home/runner/work/_temp/novel-ci-backend-file-shard-0.fPkg4q/project/.runtime/ci-backend/data/database-backups
2026-10-09T13:24:53.1882286Z   KNOWLEDGE_SOURCE_PATH: /home/runner/work/_temp/novel-ci-backend-file-shard-0.fPkg4q/project/.runtime/ci-backend/data/novels
2026-10-09T13:24:53.1883055Z   CI_V2_RUNTIME: /home/runner/work/_temp/novel-ci-backend-file-shard-0.fPkg4q/project/.runtime/ci-backend
2026-10-09T13:24:53.1883960Z ##[endgroup]
2026-10-09T13:24:54.1587319Z Obtaining file:///home/runner/work/_temp/novel-ci-backend-file-shard-0.fPkg4q/project
2026-10-09T13:24:54.1606396Z   Installing build dependencies: started
2026-10-09T13:24:55.4328363Z   Installing build dependencies: finished with status 'done'
2026-10-09T13:24:55.4334444Z   Checking if build backend supports build_editable: started
2026-10-09T13:24:56.1194829Z   Checking if build backend supports build_editable: finished with status 'done'
2026-10-09T13:24:56.1203256Z   Getting requirements to build editable: started
2026-10-09T13:24:57.0258234Z   Getting requirements to build editable: finished with status 'done'
2026-10-09T13:24:57.0267831Z   Preparing editable metadata (pyproject.toml): started
2026-10-09T13:24:57.9303860Z   Preparing editable metadata (pyproject.toml): finished with status 'done'
2026-10-09T13:24:58.0507878Z Collecting fastapi<1,>=0.115 (from ai-novel-studio==0.7.0)
2026-10-09T13:24:58.1090319Z   Downloading fastapi-0.142.2-py3-none-any.whl.metadata (27 kB)
2026-10-09T13:24:58.1472482Z Collecting uvicorn<1,>=0.30 (from ai-novel-studio==0.7.0)
2026-10-09T13:24:58.1543804Z   Downloading uvicorn-0.54.0-py3-none-any.whl.metadata (6.6 kB)
2026-10-09T13:24:58.1743531Z Collecting psycopg<4,>=3.2 (from psycopg[binary]<4,>=3.2->ai-novel-studio==0.7.0)
2026-10-09T13:24:58.1816587Z   Downloading psycopg-3.3.6-py3-none-any.whl.metadata (4.4 kB)
2026-10-09T13:24:58.5159725Z Collecting sqlalchemy<3,>=2.0 (from ai-novel-studio==0.7.0)
2026-10-09T13:24:58.5258638Z   Downloading sqlalchemy-2.1.3-cp312-cp312-manylinux2014_x86_64.manylinux_2_17_x86_64.manylinux_2_28_x86_64.whl.metadata (9.7 kB)
2026-10-09T13:24:58.5522342Z Collecting httpx<1,>=0.27 (from ai-novel-studio==0.7.0)
2026-10-09T13:24:58.5592915Z   Downloading httpx-0.28.1-py3-none-any.whl.metadata (7.1 kB)
2026-10-09T13:24:58.5777717Z Collecting pydantic-settings<3,>=2.6 (from ai-novel-studio==0.7.0)
2026-10-09T13:24:58.5846467Z   Downloading pydantic_settings-2.15.0-py3-none-any.whl.metadata (3.9 kB)
2026-10-09T13:24:58.6915454Z Collecting reportlab<5,>=4.0 (from ai-novel-studio==0.7.0)
2026-10-09T13:24:58.6989080Z   Downloading reportlab-4.5.1-py3-none-any.whl.metadata (1.7 kB)
2026-10-09T13:24:58.7252188Z Collecting pypdf==6.19.0 (from ai-novel-studio==0.7.0)
2026-10-09T13:24:58.7323626Z   Downloading pypdf-6.19.0-py3-none-any.whl.metadata (7.5 kB)
2026-10-09T13:24:58.7604823Z Collecting jsonschema<5,>=4.18 (from ai-novel-studio==0.7.0)
2026-10-09T13:24:58.7684201Z   Downloading jsonschema-4.26.0-py3-none-any.whl.metadata (7.6 kB)
2026-10-09T13:24:58.8007378Z Collecting pytest<9,>=8 (from ai-novel-studio==0.7.0)
2026-10-09T13:24:58.8088255Z   Downloading pytest-8.4.2-py3-none-any.whl.metadata (7.7 kB)
2026-10-09T13:24:58.9586066Z Collecting fonttools==4.59.1 (from ai-novel-studio==0.7.0)
2026-10-09T13:24:58.9668581Z   Downloading fonttools-4.59.1-cp312-cp312-manylinux1_x86_64.manylinux2014_x86_64.manylinux_2_17_x86_64.manylinux_2_5_x86_64.whl.metadata (108 kB)
2026-10-09T13:24:59.0171479Z Collecting opentimelineio==0.18.1 (from ai-novel-studio==0.7.0)
2026-10-09T13:24:59.0250491Z   Downloading opentimelineio-0.18.1-cp312-cp312-manylinux2014_x86_64.manylinux_2_17_x86_64.whl.metadata (2.6 kB)
2026-10-09T13:24:59.2132490Z Collecting Pillow==12.3.0 (from ai-novel-studio==0.7.0)
2026-10-09T13:24:59.2206742Z   Downloading pillow-12.3.0-cp312-cp312-manylinux_2_27_x86_64.manylinux_2_28_x86_64.whl.metadata (9.1 kB)
2026-10-09T13:24:59.2508709Z Collecting starlette>=0.46.0 (from fastapi<1,>=0.115->ai-novel-studio==0.7.0)
2026-10-09T13:24:59.2583029Z   Downloading starlette-1.7.0-py3-none-any.whl.metadata (6.6 kB)
2026-10-09T13:24:59.3611903Z Collecting pydantic>=2.9.0 (from fastapi<1,>=0.115->ai-novel-studio==0.7.0)
2026-10-09T13:24:59.3686311Z   Downloading pydantic-2.13.5-py3-none-any.whl.metadata (110 kB)
2026-10-09T13:24:59.3981111Z Collecting typing-extensions>=4.8.0 (from fastapi<1,>=0.115->ai-novel-studio==0.7.0)
2026-10-09T13:24:59.4066733Z   Downloading typing_extensions-4.16.0-py3-none-any.whl.metadata (3.3 kB)
2026-10-09T13:24:59.4225475Z Collecting typing-inspection>=0.4.2 (from fastapi<1,>=0.115->ai-novel-studio==0.7.0)
2026-10-09T13:24:59.4300553Z   Downloading typing_inspection-0.4.4-py3-none-any.whl.metadata (2.6 kB)
2026-10-09T13:24:59.4437245Z Collecting annotated-doc>=0.0.2 (from fastapi<1,>=0.115->ai-novel-studio==0.7.0)
2026-10-09T13:24:59.4509693Z   Downloading annotated_doc-0.0.5-py3-none-any.whl.metadata (6.5 kB)
2026-10-09T13:24:59.4719971Z Collecting opentelemetry-api>=1.44.0 (from fastapi<1,>=0.115->ai-novel-studio==0.7.0)
2026-10-09T13:24:59.4791464Z   Downloading opentelemetry_api-1.45.0-py3-none-any.whl.metadata (1.4 kB)
2026-10-09T13:24:59.5011523Z Collecting anyio (from httpx<1,>=0.27->ai-novel-studio==0.7.0)
2026-10-09T13:24:59.5090784Z   Downloading anyio-4.15.1-py3-none-any.whl.metadata (4.7 kB)
2026-10-09T13:24:59.5287359Z Collecting certifi (from httpx<1,>=0.27->ai-novel-studio==0.7.0)
2026-10-09T13:24:59.5366714Z   Downloading certifi-2026.7.22-py3-none-any.whl.metadata (2.5 kB)
2026-10-09T13:24:59.5546732Z Collecting httpcore==1.* (from httpx<1,>=0.27->ai-novel-studio==0.7.0)
2026-10-09T13:24:59.5620099Z   Downloading httpcore-1.0.9-py3-none-any.whl.metadata (21 kB)
2026-10-09T13:24:59.5793186Z Collecting idna (from httpx<1,>=0.27->ai-novel-studio==0.7.0)
2026-10-09T13:24:59.5863601Z   Downloading idna-3.20-py3-none-any.whl.metadata (7.2 kB)
2026-10-09T13:24:59.6022547Z Collecting h11>=0.16 (from httpcore==1.*->httpx<1,>=0.27->ai-novel-studio==0.7.0)
2026-10-09T13:24:59.6089205Z   Downloading h11-0.16.0-py3-none-any.whl.metadata (8.3 kB)
2026-10-09T13:24:59.6286488Z Collecting attrs>=22.2.0 (from jsonschema<5,>=4.18->ai-novel-studio==0.7.0)
2026-10-09T13:24:59.6358121Z   Downloading attrs-26.1.0-py3-none-any.whl.metadata (8.8 kB)
2026-10-09T13:24:59.6526763Z Collecting jsonschema-specifications>=2023.03.6 (from jsonschema<5,>=4.18->ai-novel-studio==0.7.0)
2026-10-09T13:24:59.6595852Z   Downloading jsonschema_specifications-2025.9.1-py3-none-any.whl.metadata (2.9 kB)
2026-10-09T13:24:59.6834630Z Collecting referencing>=0.28.4 (from jsonschema<5,>=4.18->ai-novel-studio==0.7.0)
2026-10-09T13:24:59.6907260Z   Downloading referencing-0.37.0-py3-none-any.whl.metadata (2.8 kB)
2026-10-09T13:24:59.9498097Z Collecting rpds-py>=0.25.0 (from jsonschema<5,>=4.18->ai-novel-studio==0.7.0)
2026-10-09T13:24:59.9574434Z   Downloading rpds_py-2026.9.1-cp312-cp312-manylinux_2_17_x86_64.manylinux2014_x86_64.whl.metadata (4.1 kB)
2026-10-09T13:25:00.1368380Z Collecting psycopg-binary==3.3.6 (from psycopg[binary]<4,>=3.2->ai-novel-studio==0.7.0)
2026-10-09T13:25:00.1446011Z   Downloading psycopg_binary-3.3.6-cp312-cp312-manylinux2014_x86_64.manylinux_2_17_x86_64.whl.metadata (2.7 kB)
2026-10-09T13:25:00.1650798Z Collecting python-dotenv>=0.21.0 (from pydantic-settings<3,>=2.6->ai-novel-studio==0.7.0)
2026-10-09T13:25:00.1721961Z   Downloading python_dotenv-1.2.4-py3-none-any.whl.metadata (29 kB)
2026-10-09T13:25:00.1900832Z Collecting iniconfig>=1 (from pytest<9,>=8->ai-novel-studio==0.7.0)
2026-10-09T13:25:00.1970153Z   Downloading iniconfig-2.3.0-py3-none-any.whl.metadata (2.5 kB)
2026-10-09T13:25:00.2153801Z Collecting packaging>=20 (from pytest<9,>=8->ai-novel-studio==0.7.0)
2026-10-09T13:25:00.2222878Z   Downloading packaging-26.3-py3-none-any.whl.metadata (3.5 kB)
2026-10-09T13:25:00.2382653Z Collecting pluggy<2,>=1.5 (from pytest<9,>=8->ai-novel-studio==0.7.0)
2026-10-09T13:25:00.2452404Z   Downloading pluggy-1.6.0-py3-none-any.whl.metadata (4.8 kB)
2026-10-09T13:25:00.2655921Z Collecting pygments>=2.7.2 (from pytest<9,>=8->ai-novel-studio==0.7.0)
2026-10-09T13:25:00.2725221Z   Downloading pygments-2.21.0-py3-none-any.whl.metadata (2.5 kB)
2026-10-09T13:25:00.3931247Z Collecting charset-normalizer (from reportlab<5,>=4.0->ai-novel-studio==0.7.0)
2026-10-09T13:25:00.4005978Z   Downloading charset_normalizer-3.5.2-cp312-cp312-manylinux2014_x86_64.manylinux_2_17_x86_64.manylinux_2_28_x86_64.whl.metadata (46 kB)
2026-10-09T13:25:00.4330917Z Collecting click>=7.0 (from uvicorn<1,>=0.30->ai-novel-studio==0.7.0)
2026-10-09T13:25:00.4403184Z   Downloading click-8.5.0-py3-none-any.whl.metadata (2.6 kB)
2026-10-09T13:25:00.4605914Z Collecting annotated-types>=0.6.0 (from pydantic>=2.9.0->fastapi<1,>=0.115->ai-novel-studio==0.7.0)
2026-10-09T13:25:00.4676016Z   Downloading annotated_types-0.8.0-py3-none-any.whl.metadata (15 kB)
2026-10-09T13:25:01.1367668Z Collecting pydantic-core==2.46.5 (from pydantic>=2.9.0->fastapi<1,>=0.115->ai-novel-studio==0.7.0)
2026-10-09T13:25:01.1445199Z   Downloading pydantic_core-2.46.5-cp312-cp312-manylinux_2_17_x86_64.manylinux2014_x86_64.whl.metadata (6.6 kB)
2026-10-09T13:25:01.1690920Z Downloading fonttools-4.59.1-cp312-cp312-manylinux1_x86_64.manylinux2014_x86_64.manylinux_2_17_x86_64.manylinux_2_5_x86_64.whl (4.9 MB)
2026-10-09T13:25:01.3520353Z    ━━━━━━━━━━━━━━━━━━━━━━━━━━━━━━━━━━━━━━━━ 4.9/4.9 MB 28.7 MB/s  0:00:00
2026-10-09T13:25:01.3599017Z Downloading opentimelineio-0.18.1-cp312-cp312-manylinux2014_x86_64.manylinux_2_17_x86_64.whl (842 kB)
2026-10-09T13:25:01.3764314Z    ━━━━━━━━━━━━━━━━━━━━━━━━━━━━━━━━━━━━━━━━ 842.8/842.8 kB 48.4 MB/s  0:00:00
2026-10-09T13:25:01.3836145Z Downloading pillow-12.3.0-cp312-cp312-manylinux_2_27_x86_64.manylinux_2_28_x86_64.whl (6.9 MB)
2026-10-09T13:25:01.4665286Z    ━━━━━━━━━━━━━━━━━━━━━━━━━━━━━━━━━━━━━━━━ 6.9/6.9 MB 84.7 MB/s  0:00:00
2026-10-09T13:25:01.4735896Z Downloading pypdf-6.19.0-py3-none-any.whl (395 kB)
2026-10-09T13:25:01.4854001Z Downloading fastapi-0.142.2-py3-none-any.whl (144 kB)
2026-10-09T13:25:01.4974866Z Downloading httpx-0.28.1-py3-none-any.whl (73 kB)
2026-10-09T13:25:01.5061512Z Downloading httpcore-1.0.9-py3-none-any.whl (78 kB)
2026-10-09T13:25:01.5152437Z Downloading jsonschema-4.26.0-py3-none-any.whl (90 kB)
2026-10-09T13:25:01.5242273Z Downloading psycopg-3.3.6-py3-none-any.whl (215 kB)
2026-10-09T13:25:01.5340738Z Downloading psycopg_binary-3.3.6-cp312-cp312-manylinux2014_x86_64.manylinux_2_17_x86_64.whl (5.2 MB)
2026-10-09T13:25:01.5749457Z    ━━━━━━━━━━━━━━━━━━━━━━━━━━━━━━━━━━━━━━━━ 5.2/5.2 MB 130.4 MB/s  0:00:00
2026-10-09T13:25:01.5820806Z Downloading pydantic_settings-2.15.0-py3-none-any.whl (69 kB)
2026-10-09T13:25:01.5908995Z Downloading pytest-8.4.2-py3-none-any.whl (365 kB)
2026-10-09T13:25:01.6007958Z Downloading pluggy-1.6.0-py3-none-any.whl (20 kB)
2026-10-09T13:25:01.6095730Z Downloading reportlab-4.5.1-py3-none-any.whl (2.0 MB)
2026-10-09T13:25:01.6265704Z    ━━━━━━━━━━━━━━━━━━━━━━━━━━━━━━━━━━━━━━━━ 2.0/2.0 MB 128.7 MB/s  0:00:00
2026-10-09T13:25:01.6372247Z Downloading sqlalchemy-2.1.3-cp312-cp312-manylinux2014_x86_64.manylinux_2_17_x86_64.manylinux_2_28_x86_64.whl (4.7 MB)
2026-10-09T13:25:01.6698465Z    ━━━━━━━━━━━━━━━━━━━━━━━━━━━━━━━━━━━━━━━━ 4.7/4.7 MB 146.2 MB/s  0:00:00
2026-10-09T13:25:01.6766730Z Downloading uvicorn-0.54.0-py3-none-any.whl (87 kB)
2026-10-09T13:25:01.6859232Z Downloading annotated_doc-0.0.5-py3-none-any.whl (5.3 kB)
2026-10-09T13:25:01.6948252Z Downloading attrs-26.1.0-py3-none-any.whl (67 kB)
2026-10-09T13:25:01.7037413Z Downloading click-8.5.0-py3-none-any.whl (125 kB)
2026-10-09T13:25:01.7127192Z Downloading h11-0.16.0-py3-none-any.whl (37 kB)
2026-10-09T13:25:01.7223883Z Downloading iniconfig-2.3.0-py3-none-any.whl (7.5 kB)
2026-10-09T13:25:01.7329478Z Downloading jsonschema_specifications-2025.9.1-py3-none-any.whl (18 kB)
2026-10-09T13:25:01.7418243Z Downloading opentelemetry_api-1.45.0-py3-none-any.whl (60 kB)
2026-10-09T13:25:01.7505011Z Downloading packaging-26.3-py3-none-any.whl (129 kB)
2026-10-09T13:25:01.7599862Z Downloading pydantic-2.13.5-py3-none-any.whl (472 kB)
2026-10-09T13:25:01.7702424Z Downloading pydantic_core-2.46.5-cp312-cp312-manylinux_2_17_x86_64.manylinux2014_x86_64.whl (2.1 MB)
2026-10-09T13:25:01.7838890Z    ━━━━━━━━━━━━━━━━━━━━━━━━━━━━━━━━━━━━━━━━ 2.1/2.1 MB 161.5 MB/s  0:00:00
2026-10-09T13:25:01.7917103Z Downloading annotated_types-0.8.0-py3-none-any.whl (13 kB)
2026-10-09T13:25:01.8008006Z Downloading pygments-2.21.0-py3-none-any.whl (1.3 MB)
2026-10-09T13:25:01.8084878Z    ━━━━━━━━━━━━━━━━━━━━━━━━━━━━━━━━━━━━━━━━ 1.3/1.3 MB 177.6 MB/s  0:00:00
2026-10-09T13:25:01.8156550Z Downloading python_dotenv-1.2.4-py3-none-any.whl (23 kB)
2026-10-09T13:25:01.8252024Z Downloading referencing-0.37.0-py3-none-any.whl (26 kB)
2026-10-09T13:25:01.8342823Z Downloading rpds_py-2026.9.1-cp312-cp312-manylinux_2_17_x86_64.manylinux2014_x86_64.whl (371 kB)
2026-10-09T13:25:01.8445793Z Downloading starlette-1.7.0-py3-none-any.whl (78 kB)
2026-10-09T13:25:01.8533411Z Downloading anyio-4.15.1-py3-none-any.whl (132 kB)
2026-10-09T13:25:01.8625699Z Downloading idna-3.20-py3-none-any.whl (69 kB)
2026-10-09T13:25:01.8716657Z Downloading typing_extensions-4.16.0-py3-none-any.whl (45 kB)
2026-10-09T13:25:01.8805318Z Downloading typing_inspection-0.4.4-py3-none-any.whl (14 kB)
2026-10-09T13:25:01.8895708Z Downloading certifi-2026.7.22-py3-none-any.whl (136 kB)
2026-10-09T13:25:01.8986165Z Downloading charset_normalizer-3.5.2-cp312-cp312-manylinux2014_x86_64.manylinux_2_17_x86_64.manylinux_2_28_x86_64.whl (257 kB)
2026-10-09T13:25:02.0283721Z Building wheels for collected packages: ai-novel-studio
2026-10-09T13:25:02.0291635Z   Building editable for ai-novel-studio (pyproject.toml): started
2026-10-09T13:25:02.9876763Z   Building editable for ai-novel-studio (pyproject.toml): finished with status 'done'
2026-10-09T13:25:02.9883588Z   Created wheel for ai-novel-studio: filename=ai_novel_studio-0.7.0-0.editable-py3-none-any.whl size=3191 sha256=b3f0da6bfe5b51db33a806c9eeb6baa4b81dc2a1d9687f3b7ac2370d46da694f
2026-10-09T13:25:02.9886384Z   Stored in directory: /home/runner/work/_temp/novel-ci-backend-file-shard-0.fPkg4q/project/.runtime/ci-backend/tmp/pip-ephem-wheel-cache-yhm67oi6/wheels/5e/73/b8/2e27909304d35cf5b76c84bdd8480619c03564e0882771a7a0
2026-10-09T13:25:02.9901758Z Successfully built ai-novel-studio
2026-10-09T13:25:03.0922568Z Installing collected packages: typing-extensions, rpds-py, python-dotenv, pypdf, pygments, psycopg-binary, pluggy, Pillow, packaging, opentimelineio, iniconfig, idna, h11, fonttools, click, charset-normalizer, certifi, attrs, annotated-types, annotated-doc, uvicorn, typing-inspection, sqlalchemy, reportlab, referencing, pytest, pydantic-core, psycopg, opentelemetry-api, httpcore, anyio, starlette, pydantic, jsonschema-specifications, httpx, pydantic-settings, jsonschema, fastapi, ai-novel-studio
2026-10-09T13:25:09.3012100Z 
2026-10-09T13:25:09.3051088Z Successfully installed Pillow-12.3.0 ai-novel-studio-0.7.0 annotated-doc-0.0.5 annotated-types-0.8.0 anyio-4.15.1 attrs-26.1.0 certifi-2026.7.22 charset-normalizer-3.5.2 click-8.5.0 fastapi-0.142.2 fonttools-4.59.1 h11-0.16.0 httpcore-1.0.9 httpx-0.28.1 idna-3.20 iniconfig-2.3.0 jsonschema-4.26.0 jsonschema-specifications-2025.9.1 opentelemetry-api-1.45.0 opentimelineio-0.18.1 packaging-26.3 pluggy-1.6.0 psycopg-3.3.6 psycopg-binary-3.3.6 pydantic-2.13.5 pydantic-core-2.46.5 pydantic-settings-2.15.0 pygments-2.21.0 pypdf-6.19.0 pytest-8.4.2 python-dotenv-1.2.4 referencing-0.37.0 reportlab-4.5.1 rpds-py-2026.9.1 sqlalchemy-2.1.3 starlette-1.7.0 typing-extensions-4.16.0 typing-inspection-0.4.4 uvicorn-0.54.0
2026-10-09T13:25:10.1214839Z No broken requirements found.
2026-10-09T13:25:11.6718767Z ##[group]Run sudo apt-get update
2026-10-09T13:25:11.6719125Z [36;1msudo apt-get update[0m
2026-10-09T13:25:11.6719470Z [36;1msudo apt-get install -y --no-install-recommends ffmpeg[0m
2026-10-09T13:25:11.6719915Z [36;1mffmpeg -version > "$CI_RECEIPTS/ffmpeg-version.txt"[0m
2026-10-09T13:25:11.6720330Z [36;1mffprobe -version > "$CI_RECEIPTS/ffprobe-version.txt"[0m
2026-10-09T13:25:11.6720839Z [36;1mpython -c "import shutil; assert shutil.which('ffmpeg') and shutil.which('ffprobe')"[0m
2026-10-09T13:25:11.6788212Z shell: /usr/bin/bash -e {0}
2026-10-09T13:25:11.6788468Z env:
2026-10-09T13:25:11.6788658Z   MOCK_PROVIDER: true
2026-10-09T13:25:11.6788883Z   MOCK_STREAM_DELAY_MS: 0
2026-10-09T13:25:11.6789105Z   ENABLE_CLOUD: false
2026-10-09T13:25:11.6789341Z   CREDENTIAL_VAULT_BACKEND: memory
2026-10-09T13:25:11.6789639Z   CREDENTIAL_VAULT_ALLOW_MEMORY_FALLBACK: true
2026-10-09T13:25:11.6790237Z   PYTHONDONTWRITEBYTECODE: 1
2026-10-09T13:25:11.6790487Z   HF_HUB_OFFLINE: 1
2026-10-09T13:25:11.6790733Z   TRANSFORMERS_OFFLINE: 1
2026-10-09T13:25:11.6791028Z   pythonLocation: /opt/hostedtoolcache/Python/3.12.9/x64
2026-10-09T13:25:11.6791448Z   PKG_CONFIG_PATH: /opt/hostedtoolcache/Python/3.12.9/x64/lib/pkgconfig
2026-10-09T13:25:11.6791958Z   Python_ROOT_DIR: /opt/hostedtoolcache/Python/3.12.9/x64
2026-10-09T13:25:11.6792334Z   Python2_ROOT_DIR: /opt/hostedtoolcache/Python/3.12.9/x64
2026-10-09T13:25:11.6792704Z   Python3_ROOT_DIR: /opt/hostedtoolcache/Python/3.12.9/x64
2026-10-09T13:25:11.6793077Z   LD_LIBRARY_PATH: /opt/hostedtoolcache/Python/3.12.9/x64/lib
2026-10-09T13:25:11.6793928Z   CI_COVERAGE_SHA: 2815d03ac31b3e132453f6b9ad63eff777269468
2026-10-09T13:25:11.6794316Z   CI_COVERAGE_TREE: 7b06f7eb213893ec41e4ded14810b82b070b7dc7
2026-10-09T13:25:11.6794753Z   CI_SANDBOX: /home/runner/work/_temp/novel-ci-backend-file-shard-0.fPkg4q
2026-10-09T13:25:11.6795281Z   CI_PROJECT: /home/runner/work/_temp/novel-ci-backend-file-shard-0.fPkg4q/project
2026-10-09T13:25:11.6795847Z   CI_RECEIPTS: /home/runner/work/_temp/novel-ci-backend-file-shard-0.fPkg4q/receipts
2026-10-09T13:25:11.6796557Z   HOME: /home/runner/work/_temp/novel-ci-backend-file-shard-0.fPkg4q/project/.runtime/ci-backend/home
2026-10-09T13:25:11.6797271Z   USERPROFILE: /home/runner/work/_temp/novel-ci-backend-file-shard-0.fPkg4q/project/.runtime/ci-backend/home
2026-10-09T13:25:11.6798003Z   APPDATA: /home/runner/work/_temp/novel-ci-backend-file-shard-0.fPkg4q/project/.runtime/ci-backend/appdata
2026-10-09T13:25:11.6798835Z   LOCALAPPDATA: /home/runner/work/_temp/novel-ci-backend-file-shard-0.fPkg4q/project/.runtime/ci-backend/localappdata
2026-10-09T13:25:11.6799612Z   XDG_CONFIG_HOME: /home/runner/work/_temp/novel-ci-backend-file-shard-0.fPkg4q/project/.runtime/ci-backend/config
2026-10-09T13:25:11.6800429Z   XDG_CACHE_HOME: /home/runner/work/_temp/novel-ci-backend-file-shard-0.fPkg4q/project/.runtime/ci-backend/cache
2026-10-09T13:25:11.6801168Z   XDG_DATA_HOME: /home/runner/work/_temp/novel-ci-backend-file-shard-0.fPkg4q/project/.runtime/ci-backend/data
2026-10-09T13:25:11.6801890Z   XDG_STATE_HOME: /home/runner/work/_temp/novel-ci-backend-file-shard-0.fPkg4q/project/.runtime/ci-backend/state
2026-10-09T13:25:11.6802667Z   TMPDIR: /home/runner/work/_temp/novel-ci-backend-file-shard-0.fPkg4q/project/.runtime/ci-backend/tmp
2026-10-09T13:25:11.6803495Z   TMP: /home/runner/work/_temp/novel-ci-backend-file-shard-0.fPkg4q/project/.runtime/ci-backend/tmp
2026-10-09T13:25:11.6804180Z   TEMP: /home/runner/work/_temp/novel-ci-backend-file-shard-0.fPkg4q/project/.runtime/ci-backend/tmp
2026-10-09T13:25:11.6804791Z   PROJECT_ROOT: /home/runner/work/_temp/novel-ci-backend-file-shard-0.fPkg4q/project
2026-10-09T13:25:11.6805475Z   NOVEL_DATA_PATH: /home/runner/work/_temp/novel-ci-backend-file-shard-0.fPkg4q/project/.runtime/ci-backend/data/novels
2026-10-09T13:25:11.6806275Z   BACKUP_PATH: /home/runner/work/_temp/novel-ci-backend-file-shard-0.fPkg4q/project/.runtime/ci-backend/data/backups
2026-10-09T13:25:11.6807302Z   DATABASE_BACKUP_PATH: /home/runner/work/_temp/novel-ci-backend-file-shard-0.fPkg4q/project/.runtime/ci-backend/data/database-backups
2026-10-09T13:25:11.6808192Z   KNOWLEDGE_SOURCE_PATH: /home/runner/work/_temp/novel-ci-backend-file-shard-0.fPkg4q/project/.runtime/ci-backend/data/novels
2026-10-09T13:25:11.6808968Z   CI_V2_RUNTIME: /home/runner/work/_temp/novel-ci-backend-file-shard-0.fPkg4q/project/.runtime/ci-backend
2026-10-09T13:25:11.6809447Z ##[endgroup]
2026-10-09T13:25:11.7624406Z Get:1 file:/etc/apt/apt-mirrors.txt Mirrorlist [144 B]
2026-10-09T13:25:11.8010771Z Hit:2 http://azure.archive.ubuntu.com/ubuntu noble InRelease
2026-10-09T13:25:11.8019839Z Get:3 http://azure.archive.ubuntu.com/ubuntu noble-updates InRelease [126 kB]
2026-10-09T13:25:11.8116456Z Get:4 http://azure.archive.ubuntu.com/ubuntu noble-backports InRelease [126 kB]
2026-10-09T13:25:11.8150842Z Get:5 http://azure.archive.ubuntu.com/ubuntu noble-security InRelease [126 kB]
2026-10-09T13:25:11.8166608Z Get:6 https://packages.microsoft.com/ubuntu/24.04/prod noble InRelease [3600 B]
2026-10-09T13:25:11.9406703Z Get:7 http://azure.archive.ubuntu.com/ubuntu noble-updates/main amd64 Packages [1375 kB]
2026-10-09T13:25:11.9593135Z Get:8 http://azure.archive.ubuntu.com/ubuntu noble-updates/main Translation-en [306 kB]
2026-10-09T13:25:11.9635945Z Get:9 http://azure.archive.ubuntu.com/ubuntu noble-updates/universe amd64 Packages [1702 kB]
2026-10-09T13:25:11.9697072Z Get:10 http://azure.archive.ubuntu.com/ubuntu noble-updates/universe Translation-en [342 kB]
2026-10-09T13:25:11.9725683Z Get:11 http://azure.archive.ubuntu.com/ubuntu noble-updates/restricted amd64 Packages [1761 kB]
2026-10-09T13:25:11.9799254Z Get:12 http://azure.archive.ubuntu.com/ubuntu noble-updates/restricted Translation-en [401 kB]
2026-10-09T13:25:11.9820210Z Get:13 http://azure.archive.ubuntu.com/ubuntu noble-updates/multiverse amd64 Packages [55.0 kB]
2026-10-09T13:25:11.9834271Z Get:14 http://azure.archive.ubuntu.com/ubuntu noble-updates/multiverse Translation-en [14.3 kB]
2026-10-09T13:25:12.0530898Z Get:15 http://azure.archive.ubuntu.com/ubuntu noble-security/main amd64 Packages [1121 kB]
2026-10-09T13:25:12.0604967Z Get:16 http://azure.archive.ubuntu.com/ubuntu noble-security/main Translation-en [228 kB]
2026-10-09T13:25:12.1021466Z Get:17 http://azure.archive.ubuntu.com/ubuntu noble-security/universe amd64 Packages [1220 kB]
2026-10-09T13:25:12.1051280Z Get:23 https://packages.microsoft.com/ubuntu/24.04/prod noble/main armhf Packages [12.3 kB]
2026-10-09T13:25:12.1078703Z Get:18 http://azure.archive.ubuntu.com/ubuntu noble-security/universe Translation-en [245 kB]
2026-10-09T13:25:12.1094248Z Get:19 http://azure.archive.ubuntu.com/ubuntu noble-security/restricted amd64 Packages [1669 kB]
2026-10-09T13:25:12.1099785Z Get:24 https://packages.microsoft.com/ubuntu/24.04/prod noble/main all Packages [640 B]
2026-10-09T13:25:12.1136799Z Get:25 https://packages.microsoft.com/ubuntu/24.04/prod noble/main arm64 Packages [475 kB]
2026-10-09T13:25:12.1172300Z Get:20 http://azure.archive.ubuntu.com/ubuntu noble-security/restricted Translation-en [383 kB]
2026-10-09T13:25:12.1193644Z Get:21 http://azure.archive.ubuntu.com/ubuntu noble-security/multiverse amd64 Packages [49.8 kB]
2026-10-09T13:25:12.1205717Z Get:22 http://azure.archive.ubuntu.com/ubuntu noble-security/multiverse Translation-en [12.4 kB]
2026-10-09T13:25:12.1207177Z Get:26 https://packages.microsoft.com/ubuntu/24.04/prod noble/main amd64 Packages [531 kB]
2026-10-09T13:25:14.9254175Z Fetched 12.3 MB in 1s (9867 kB/s)
2026-10-09T13:25:15.7378339Z Reading package lists...
2026-10-09T13:25:15.7681302Z Reading package lists...
2026-10-09T13:25:15.9430634Z Building dependency tree...
2026-10-09T13:25:15.9437555Z Reading state information...
2026-10-09T13:25:16.0796104Z The following additional packages will be installed:
2026-10-09T13:25:16.0797191Z   libass9 libasyncns0 libavc1394-0 libavcodec60 libavdevice60 libavfilter9
2026-10-09T13:25:16.0798239Z   libavformat60 libavutil58 libblas3 libbluray2 libbs2b0 libcaca0
2026-10-09T13:25:16.0800008Z   libcdio-cdda2t64 libcdio-paranoia2t64 libcdio19t64 libchromaprint1 libcjson1
2026-10-09T13:25:16.0801224Z   libcodec2-1.2 libdav1d7 libdc1394-25 libdecor-0-0 libflac12t64 libflite1
2026-10-09T13:25:16.0802327Z   libgme0 libgsm1 libhwy1t64 libiec61883-0 libjack-jackd2-0 libjxl0.7
2026-10-09T13:25:16.0803661Z   liblapack3 liblilv-0-0 libmbedcrypto7t64 libmp3lame0 libmpg123-0t64
2026-10-09T13:25:16.0804788Z   libmysofa1 libopenal-data libopenal1 libopenmpt0t64 libopus0 libplacebo338
2026-10-09T13:25:16.0805928Z   libpocketsphinx3 libpostproc57 libpulse0 librav1e0 libraw1394-11 librist4
2026-10-09T13:25:16.0806925Z   librsvg2-2 librubberband2 libsamplerate0 libsdl2-2.0-0 libserd-0-0 libshine3
2026-10-09T13:25:16.0807838Z   libsndfile1 libsndio7.0 libsord-0-0 libsoxr0 libspeex1 libsphinxbase3t64
2026-10-09T13:25:16.0808671Z   libsratom-0-0 libsrt1.5-gnutls libssh-gcrypt-4 libsvtav1enc1d1
2026-10-09T13:25:16.0809508Z   libswresample4 libswscale7 libtheora0 libtwolame0 libudfread0 libunibreak5
2026-10-09T13:25:16.0810623Z   libva-drm2 libva-x11-2 libva2 libvdpau1 libvidstab1.1 libvorbisenc2 libvpl2
2026-10-09T13:25:16.0811196Z   libvpx9 libx264-164 libx265-199 libxcb-shape0 libxv1 libxvidcore4 libzimg2
2026-10-09T13:25:16.0811713Z   libzix-0-0 libzvbi-common libzvbi0t64 ocl-icd-libopencl1
2026-10-09T13:25:16.0812086Z Suggested packages:
2026-10-09T13:25:16.0812467Z   ffmpeg-doc libcuda1 libnvcuvid1 libnvidia-encode1 libbluray-bdj jackd2
2026-10-09T13:25:16.0813055Z   libportaudio2 opus-tools pulseaudio libraw1394-doc librsvg2-bin serdi sndiod
2026-10-09T13:25:16.0813806Z   sordi speex opencl-icd
2026-10-09T13:25:16.0814075Z Recommended packages:
2026-10-09T13:25:16.0814424Z   libaacs0 default-libdecor-0-plugin-1 | libdecor-0-plugin-1
2026-10-09T13:25:16.0814925Z   pocketsphinx-en-us librsvg2-common va-driver-all | va-driver
2026-10-09T13:25:16.0815334Z   vdpau-driver-all | vdpau-driver
2026-10-09T13:25:16.1251330Z The following NEW packages will be installed:
2026-10-09T13:25:16.1252434Z   ffmpeg libass9 libasyncns0 libavc1394-0 libavcodec60 libavdevice60
2026-10-09T13:25:16.1253623Z   libavfilter9 libavformat60 libavutil58 libblas3 libbluray2 libbs2b0 libcaca0
2026-10-09T13:25:16.1254366Z   libcdio-cdda2t64 libcdio-paranoia2t64 libcdio19t64 libchromaprint1 libcjson1
2026-10-09T13:25:16.1255438Z   libcodec2-1.2 libdav1d7 libdc1394-25 libdecor-0-0 libflac12t64 libflite1
2026-10-09T13:25:16.1256054Z   libgme0 libgsm1 libhwy1t64 libiec61883-0 libjack-jackd2-0 libjxl0.7
2026-10-09T13:25:16.1256668Z   liblapack3 liblilv-0-0 libmbedcrypto7t64 libmp3lame0 libmpg123-0t64
2026-10-09T13:25:16.1257313Z   libmysofa1 libopenal-data libopenal1 libopenmpt0t64 libopus0 libplacebo338
2026-10-09T13:25:16.1258057Z   libpocketsphinx3 libpostproc57 libpulse0 librav1e0 libraw1394-11 librist4
2026-10-09T13:25:16.1258659Z   librsvg2-2 librubberband2 libsamplerate0 libsdl2-2.0-0 libserd-0-0 libshine3
2026-10-09T13:25:16.1259242Z   libsndfile1 libsndio7.0 libsord-0-0 libsoxr0 libspeex1 libsphinxbase3t64
2026-10-09T13:25:16.1259790Z   libsratom-0-0 libsrt1.5-gnutls libssh-gcrypt-4 libsvtav1enc1d1
2026-10-09T13:25:16.1260330Z   libswresample4 libswscale7 libtheora0 libtwolame0 libudfread0 libunibreak5
2026-10-09T13:25:16.1260915Z   libva-drm2 libva-x11-2 libva2 libvdpau1 libvidstab1.1 libvorbisenc2 libvpl2
2026-10-09T13:25:16.1261477Z   libvpx9 libx264-164 libx265-199 libxcb-shape0 libxv1 libxvidcore4 libzimg2
2026-10-09T13:25:16.1261987Z   libzix-0-0 libzvbi-common libzvbi0t64 ocl-icd-libopencl1
2026-10-09T13:25:16.1453128Z 0 upgraded, 87 newly installed, 0 to remove and 23 not upgraded.
2026-10-09T13:25:16.1453920Z Need to get 62.8 MB of archives.
2026-10-09T13:25:16.1454279Z After this operation, 173 MB of additional disk space will be used.
2026-10-09T13:25:16.1454699Z Get:1 file:/etc/apt/apt-mirrors.txt Mirrorlist [144 B]
2026-10-09T13:25:16.2688404Z Get:2 http://azure.archive.ubuntu.com/ubuntu noble-updates/universe amd64 libva2 amd64 2.20.0-2ubuntu0.2 [66.4 kB]
2026-10-09T13:25:16.3746556Z Get:3 http://azure.archive.ubuntu.com/ubuntu noble-updates/universe amd64 libva-drm2 amd64 2.20.0-2ubuntu0.2 [7124 B]
2026-10-09T13:25:16.4776359Z Get:4 http://azure.archive.ubuntu.com/ubuntu noble-updates/universe amd64 libva-x11-2 amd64 2.20.0-2ubuntu0.2 [12.0 kB]
2026-10-09T13:25:16.5862903Z Get:5 http://azure.archive.ubuntu.com/ubuntu noble/main amd64 libvdpau1 amd64 1.5-2build1 [27.8 kB]
2026-10-09T13:25:16.6951302Z Get:6 http://azure.archive.ubuntu.com/ubuntu noble/universe amd64 libvpl2 amd64 2023.3.0-1build1 [99.8 kB]
2026-10-09T13:25:16.8064507Z Get:7 http://azure.archive.ubuntu.com/ubuntu noble/universe amd64 ocl-icd-libopencl1 amd64 2.3.2-1build1 [38.5 kB]
2026-10-09T13:25:16.9105992Z Get:8 http://azure.archive.ubuntu.com/ubuntu noble/universe amd64 libavutil58 amd64 7:6.1.1-3ubuntu5 [401 kB]
2026-10-09T13:25:17.0275698Z Get:9 http://azure.archive.ubuntu.com/ubuntu noble/universe amd64 libcodec2-1.2 amd64 1.2.0-2build1 [8998 kB]
2026-10-09T13:25:17.4474037Z Get:10 http://azure.archive.ubuntu.com/ubuntu noble/universe amd64 libdav1d7 amd64 1.4.1-1build1 [604 kB]
2026-10-09T13:25:17.5712110Z Get:11 http://azure.archive.ubuntu.com/ubuntu noble/universe amd64 libgsm1 amd64 1.0.22-1build1 [27.8 kB]
2026-10-09T13:25:17.6773819Z Get:12 http://azure.archive.ubuntu.com/ubuntu noble/universe amd64 libhwy1t64 amd64 1.0.7-8.1build1 [584 kB]
2026-10-09T13:25:17.8002435Z Get:13 http://azure.archive.ubuntu.com/ubuntu noble-updates/universe amd64 libjxl0.7 amd64 0.7.0-10.2ubuntu6.1 [1001 kB]
2026-10-09T13:25:17.9404698Z Get:14 http://azure.archive.ubuntu.com/ubuntu noble/main amd64 libmp3lame0 amd64 3.100-6build1 [142 kB]
2026-10-09T13:25:18.1668235Z Get:15 http://azure.archive.ubuntu.com/ubuntu noble/main amd64 libopus0 amd64 1.4-1build1 [208 kB]
2026-10-09T13:25:18.3335214Z Get:16 http://azure.archive.ubuntu.com/ubuntu noble/universe amd64 librav1e0 amd64 0.7.1-2 [1022 kB]
2026-10-09T13:25:18.6665501Z Get:17 http://azure.archive.ubuntu.com/ubuntu noble-updates/main amd64 librsvg2-2 amd64 2.58.0+dfsg-1ubuntu0.1 [2141 kB]
2026-10-09T13:25:18.9413669Z Get:18 http://azure.archive.ubuntu.com/ubuntu noble/universe amd64 libshine3 amd64 3.1.1-2build1 [23.2 kB]
2026-10-09T13:25:19.0544980Z Get:19 http://azure.archive.ubuntu.com/ubuntu noble-updates/main amd64 libspeex1 amd64 1.2.1-2ubuntu2.24.04.1 [59.6 kB]
2026-10-09T13:25:19.1689405Z Get:20 http://azure.archive.ubuntu.com/ubuntu noble/universe amd64 libsvtav1enc1d1 amd64 1.7.0+dfsg-2build1 [2425 kB]
2026-10-09T13:25:19.3602016Z Get:21 http://azure.archive.ubuntu.com/ubuntu noble/universe amd64 libsoxr0 amd64 0.1.3-4build3 [80.0 kB]
2026-10-09T13:25:19.4744517Z Get:22 http://azure.archive.ubuntu.com/ubuntu noble/universe amd64 libswresample4 amd64 7:6.1.1-3ubuntu5 [63.8 kB]
2026-10-09T13:25:19.5933055Z Get:23 http://azure.archive.ubuntu.com/ubuntu noble/main amd64 libtheora0 amd64 1.1.1+dfsg.1-16.1build3 [211 kB]
2026-10-09T13:25:19.7124762Z Get:24 http://azure.archive.ubuntu.com/ubuntu noble/main amd64 libtwolame0 amd64 0.4.0-2build3 [52.3 kB]
2026-10-09T13:25:19.8169957Z Get:25 http://azure.archive.ubuntu.com/ubuntu noble/main amd64 libvorbisenc2 amd64 1.3.7-1build3 [80.8 kB]
2026-10-09T13:25:19.9234557Z Get:26 http://azure.archive.ubuntu.com/ubuntu noble-updates/main amd64 libvpx9 amd64 1.14.0-1ubuntu2.3 [1143 kB]
2026-10-09T13:25:20.0649451Z Get:27 http://azure.archive.ubuntu.com/ubuntu noble/universe amd64 libx264-164 amd64 2:0.164.3108+git31e19f9-1 [604 kB]
2026-10-09T13:25:20.1888887Z Get:28 http://azure.archive.ubuntu.com/ubuntu noble/universe amd64 libx265-199 amd64 3.5-2build1 [1226 kB]
2026-10-09T13:25:20.3302850Z Get:29 http://azure.archive.ubuntu.com/ubuntu noble/universe amd64 libxvidcore4 amd64 2:1.3.7-1build1 [219 kB]
2026-10-09T13:25:20.4366792Z Get:30 http://azure.archive.ubuntu.com/ubuntu noble/universe amd64 libzvbi-common all 0.2.42-2 [42.4 kB]
2026-10-09T13:25:20.5381171Z Get:31 http://azure.archive.ubuntu.com/ubuntu noble/universe amd64 libzvbi0t64 amd64 0.2.42-2 [261 kB]
2026-10-09T13:25:20.6411950Z Get:32 http://azure.archive.ubuntu.com/ubuntu noble/universe amd64 libavcodec60 amd64 7:6.1.1-3ubuntu5 [5851 kB]
2026-10-09T13:25:20.8761785Z Get:33 http://azure.archive.ubuntu.com/ubuntu noble/main amd64 libraw1394-11 amd64 2.1.2-2build3 [26.2 kB]
2026-10-09T13:25:20.9781161Z Get:34 http://azure.archive.ubuntu.com/ubuntu noble/main amd64 libavc1394-0 amd64 0.5.4-5build3 [15.4 kB]
2026-10-09T13:25:21.0794532Z Get:35 http://azure.archive.ubuntu.com/ubuntu noble/universe amd64 libunibreak5 amd64 5.1-2build1 [25.0 kB]
2026-10-09T13:25:21.1810686Z Get:36 http://azure.archive.ubuntu.com/ubuntu noble/universe amd64 libass9 amd64 1:0.17.1-2build1 [104 kB]
2026-10-09T13:25:21.2834773Z Get:37 http://azure.archive.ubuntu.com/ubuntu noble/universe amd64 libudfread0 amd64 1.1.2-1build1 [19.0 kB]
2026-10-09T13:25:21.3884085Z Get:38 http://azure.archive.ubuntu.com/ubuntu noble/universe amd64 libbluray2 amd64 1:1.3.4-1build1 [159 kB]
2026-10-09T13:25:21.4977293Z Get:39 http://azure.archive.ubuntu.com/ubuntu noble/universe amd64 libchromaprint1 amd64 1.5.1-5 [30.5 kB]
2026-10-09T13:25:21.6032638Z Get:40 http://azure.archive.ubuntu.com/ubuntu noble/universe amd64 libgme0 amd64 0.6.3-7build1 [134 kB]
2026-10-09T13:25:21.7127421Z Get:41 http://azure.archive.ubuntu.com/ubuntu noble-updates/main amd64 libmpg123-0t64 amd64 1.32.5-1ubuntu1.1 [169 kB]
2026-10-09T13:25:21.8228782Z Get:42 http://azure.archive.ubuntu.com/ubuntu noble/universe amd64 libopenmpt0t64 amd64 0.7.3-1.1build3 [647 kB]
2026-10-09T13:25:21.9490949Z Get:43 http://azure.archive.ubuntu.com/ubuntu noble/universe amd64 libcjson1 amd64 1.7.17-1 [24.8 kB]
2026-10-09T13:25:22.0545275Z Get:44 http://azure.archive.ubuntu.com/ubuntu noble/universe amd64 libmbedcrypto7t64 amd64 2.28.8-1 [209 kB]
2026-10-09T13:25:22.1658201Z Get:45 http://azure.archive.ubuntu.com/ubuntu noble/universe amd64 librist4 amd64 0.2.10+dfsg-2 [74.9 kB]
2026-10-09T13:25:22.2725137Z Get:46 http://azure.archive.ubuntu.com/ubuntu noble/universe amd64 libsrt1.5-gnutls amd64 1.5.3-1build2 [316 kB]
2026-10-09T13:25:22.3875546Z Get:47 http://azure.archive.ubuntu.com/ubuntu noble-updates/main amd64 libssh-gcrypt-4 amd64 0.10.6-2ubuntu0.5 [226 kB]
2026-10-09T13:25:22.4996082Z Get:48 http://azure.archive.ubuntu.com/ubuntu noble/universe amd64 libavformat60 amd64 7:6.1.1-3ubuntu5 [1153 kB]
2026-10-09T13:25:22.6423599Z Get:49 http://azure.archive.ubuntu.com/ubuntu noble/universe amd64 libbs2b0 amd64 3.1.0+dfsg-7build1 [10.6 kB]
2026-10-09T13:25:22.7472500Z Get:50 http://azure.archive.ubuntu.com/ubuntu noble/universe amd64 libflite1 amd64 2.2-6build3 [13.6 MB]
2026-10-09T13:25:23.3038754Z Get:51 http://azure.archive.ubuntu.com/ubuntu noble/universe amd64 libserd-0-0 amd64 0.32.2-1 [43.6 kB]
2026-10-09T13:25:23.4095294Z Get:52 http://azure.archive.ubuntu.com/ubuntu noble/universe amd64 libzix-0-0 amd64 0.4.2-2build1 [23.6 kB]
2026-10-09T13:25:23.5148984Z Get:53 http://azure.archive.ubuntu.com/ubuntu noble/universe amd64 libsord-0-0 amd64 0.16.16-2build1 [15.8 kB]
2026-10-09T13:25:23.6197367Z Get:54 http://azure.archive.ubuntu.com/ubuntu noble/universe amd64 libsratom-0-0 amd64 0.6.16-1build1 [17.3 kB]
2026-10-09T13:25:23.7250591Z Get:55 http://azure.archive.ubuntu.com/ubuntu noble/universe amd64 liblilv-0-0 amd64 0.24.22-1build1 [41.0 kB]
2026-10-09T13:25:23.8302207Z Get:56 http://azure.archive.ubuntu.com/ubuntu noble/universe amd64 libmysofa1 amd64 1.3.2+dfsg-2ubuntu2 [1158 kB]
2026-10-09T13:25:23.9731854Z Get:57 http://azure.archive.ubuntu.com/ubuntu noble/universe amd64 libplacebo338 amd64 6.338.2-2build1 [2654 kB]
2026-10-09T13:25:24.1658841Z Get:58 http://azure.archive.ubuntu.com/ubuntu noble-updates/main amd64 libblas3 amd64 3.12.0-3build1.1 [238 kB]
2026-10-09T13:25:24.3185069Z Get:59 http://azure.archive.ubuntu.com/ubuntu noble-updates/main amd64 liblapack3 amd64 3.12.0-3build1.1 [2646 kB]
2026-10-09T13:25:24.5180708Z Get:60 http://azure.archive.ubuntu.com/ubuntu noble/main amd64 libasyncns0 amd64 0.8-6build4 [11.3 kB]
2026-10-09T13:25:24.6317029Z Get:61 http://azure.archive.ubuntu.com/ubuntu noble/main amd64 libflac12t64 amd64 1.4.3+ds-2.1ubuntu2 [197 kB]
2026-10-09T13:25:24.7499795Z Get:62 http://azure.archive.ubuntu.com/ubuntu noble-updates/main amd64 libsndfile1 amd64 1.2.2-1ubuntu5.24.04.1 [209 kB]
2026-10-09T13:25:24.8716596Z Get:63 http://azure.archive.ubuntu.com/ubuntu noble-updates/main amd64 libpulse0 amd64 1:16.1+dfsg1-2ubuntu10.1 [292 kB]
2026-10-09T13:25:24.9927035Z Get:64 http://azure.archive.ubuntu.com/ubuntu noble/universe amd64 libsphinxbase3t64 amd64 0.8+5prealpha+1-17build2 [126 kB]
2026-10-09T13:25:25.0988359Z Get:65 http://azure.archive.ubuntu.com/ubuntu noble/universe amd64 libpocketsphinx3 amd64 0.8.0+real5prealpha+1-15ubuntu5 [133 kB]
2026-10-09T13:25:25.2039167Z Get:66 http://azure.archive.ubuntu.com/ubuntu noble/universe amd64 libpostproc57 amd64 7:6.1.1-3ubuntu5 [49.9 kB]
2026-10-09T13:25:25.3057553Z Get:67 http://azure.archive.ubuntu.com/ubuntu noble/main amd64 libsamplerate0 amd64 0.2.2-4build1 [1344 kB]
2026-10-09T13:25:25.4501845Z Get:68 http://azure.archive.ubuntu.com/ubuntu noble/universe amd64 librubberband2 amd64 3.3.0+dfsg-2build1 [130 kB]
2026-10-09T13:25:25.5534646Z Get:69 http://azure.archive.ubuntu.com/ubuntu noble/universe amd64 libswscale7 amd64 7:6.1.1-3ubuntu5 [193 kB]
2026-10-09T13:25:25.6627690Z Get:70 http://azure.archive.ubuntu.com/ubuntu noble/universe amd64 libvidstab1.1 amd64 1.1.0-2build1 [38.5 kB]
2026-10-09T13:25:25.7645628Z Get:71 http://azure.archive.ubuntu.com/ubuntu noble/universe amd64 libzimg2 amd64 3.0.5+ds1-1build1 [254 kB]
2026-10-09T13:25:25.8731174Z Get:72 http://azure.archive.ubuntu.com/ubuntu noble/universe amd64 libavfilter9 amd64 7:6.1.1-3ubuntu5 [4235 kB]
2026-10-09T13:25:26.1113507Z Get:73 http://azure.archive.ubuntu.com/ubuntu noble-updates/main amd64 libcaca0 amd64 0.99.beta20-4ubuntu0.2 [209 kB]
2026-10-09T13:25:26.2164637Z Get:74 http://azure.archive.ubuntu.com/ubuntu noble-updates/main amd64 libcdio19t64 amd64 2.1.0-4.1ubuntu1.2 [62.4 kB]
2026-10-09T13:25:26.3216602Z Get:75 http://azure.archive.ubuntu.com/ubuntu noble/main amd64 libcdio-cdda2t64 amd64 10.2+2.0.1-1.1build2 [16.5 kB]
2026-10-09T13:25:26.4234511Z Get:76 http://azure.archive.ubuntu.com/ubuntu noble/main amd64 libcdio-paranoia2t64 amd64 10.2+2.0.1-1.1build2 [16.6 kB]
2026-10-09T13:25:26.5247850Z Get:77 http://azure.archive.ubuntu.com/ubuntu noble/universe amd64 libdc1394-25 amd64 2.2.6-4build1 [90.1 kB]
2026-10-09T13:25:26.6280738Z Get:78 http://azure.archive.ubuntu.com/ubuntu noble/main amd64 libiec61883-0 amd64 1.2.0-6build1 [24.5 kB]
2026-10-09T13:25:26.7297256Z Get:79 http://azure.archive.ubuntu.com/ubuntu noble/main amd64 libjack-jackd2-0 amd64 1.9.21~dfsg-3ubuntu3 [289 kB]
2026-10-09T13:25:26.8389800Z Get:80 http://azure.archive.ubuntu.com/ubuntu noble/universe amd64 libopenal-data all 1:1.23.1-4build1 [161 kB]
2026-10-09T13:25:26.9444128Z Get:81 http://azure.archive.ubuntu.com/ubuntu noble/universe amd64 libsndio7.0 amd64 1.9.0-0.3build3 [29.6 kB]
2026-10-09T13:25:27.0465595Z Get:82 http://azure.archive.ubuntu.com/ubuntu noble/universe amd64 libopenal1 amd64 1:1.23.1-4build1 [540 kB]
2026-10-09T13:25:27.1645088Z Get:83 http://azure.archive.ubuntu.com/ubuntu noble/main amd64 libdecor-0-0 amd64 0.2.2-1build2 [16.5 kB]
2026-10-09T13:25:27.2786334Z Get:84 http://azure.archive.ubuntu.com/ubuntu noble-updates/main amd64 libsdl2-2.0-0 amd64 2.30.0+dfsg-1ubuntu3.1 [686 kB]
2026-10-09T13:25:27.4076047Z Get:85 http://azure.archive.ubuntu.com/ubuntu noble/main amd64 libxcb-shape0 amd64 1.15-1ubuntu2 [6100 B]
2026-10-09T13:25:27.5207936Z Get:86 http://azure.archive.ubuntu.com/ubuntu noble/main amd64 libxv1 amd64 2:1.0.11-1.1build1 [10.7 kB]
2026-10-09T13:25:27.6347653Z Get:87 http://azure.archive.ubuntu.com/ubuntu noble/universe amd64 libavdevice60 amd64 7:6.1.1-3ubuntu5 [82.3 kB]
2026-10-09T13:25:27.7417576Z Get:88 http://azure.archive.ubuntu.com/ubuntu noble/universe amd64 ffmpeg amd64 7:6.1.1-3ubuntu5 [1879 kB]
2026-10-09T13:25:28.1007626Z Fetched 62.8 MB in 12s (5386 kB/s)
2026-10-09T13:25:28.1265820Z Selecting previously unselected package libva2:amd64.
2026-10-09T13:25:28.1585381Z (Reading database ... 
2026-10-09T13:25:28.1586080Z (Reading database ... 5%
2026-10-09T13:25:28.1586792Z (Reading database ... 10%
2026-10-09T13:25:28.1587200Z (Reading database ... 15%
2026-10-09T13:25:28.1587483Z (Reading database ... 20%
2026-10-09T13:25:28.1587712Z (Reading database ... 25%
2026-10-09T13:25:28.1587927Z (Reading database ... 30%
2026-10-09T13:25:28.1588137Z (Reading database ... 35%
2026-10-09T13:25:28.1588346Z (Reading database ... 40%
2026-10-09T13:25:28.1588555Z (Reading database ... 45%
2026-10-09T13:25:28.1588813Z (Reading database ... 50%
2026-10-09T13:25:28.1645191Z (Reading database ... 55%
2026-10-09T13:25:28.2603838Z (Reading database ... 60%
2026-10-09T13:25:28.4686065Z (Reading database ... 65%
2026-10-09T13:25:28.6751146Z (Reading database ... 70%
2026-10-09T13:25:28.8558232Z (Reading database ... 75%
2026-10-09T13:25:28.9775462Z (Reading database ... 80%
2026-10-09T13:25:29.1168195Z (Reading database ... 85%
2026-10-09T13:25:29.2757607Z (Reading database ... 90%
2026-10-09T13:25:29.4208207Z (Reading database ... 95%
2026-10-09T13:25:29.4208959Z (Reading database ... 100%
2026-10-09T13:25:29.4209375Z (Reading database ... 203191 files and directories currently installed.)
2026-10-09T13:25:29.4249184Z Preparing to unpack .../00-libva2_2.20.0-2ubuntu0.2_amd64.deb ...
2026-10-09T13:25:29.4284151Z Unpacking libva2:amd64 (2.20.0-2ubuntu0.2) ...
2026-10-09T13:25:29.4498328Z Selecting previously unselected package libva-drm2:amd64.
2026-10-09T13:25:29.4619824Z Preparing to unpack .../01-libva-drm2_2.20.0-2ubuntu0.2_amd64.deb ...
2026-10-09T13:25:29.4627614Z Unpacking libva-drm2:amd64 (2.20.0-2ubuntu0.2) ...
2026-10-09T13:25:29.4835140Z Selecting previously unselected package libva-x11-2:amd64.
2026-10-09T13:25:29.4957315Z Preparing to unpack .../02-libva-x11-2_2.20.0-2ubuntu0.2_amd64.deb ...
2026-10-09T13:25:29.4965546Z Unpacking libva-x11-2:amd64 (2.20.0-2ubuntu0.2) ...
2026-10-09T13:25:29.5159579Z Selecting previously unselected package libvdpau1:amd64.
2026-10-09T13:25:29.5281610Z Preparing to unpack .../03-libvdpau1_1.5-2build1_amd64.deb ...
2026-10-09T13:25:29.5289073Z Unpacking libvdpau1:amd64 (1.5-2build1) ...
2026-10-09T13:25:29.5490951Z Selecting previously unselected package libvpl2.
2026-10-09T13:25:29.5613451Z Preparing to unpack .../04-libvpl2_2023.3.0-1build1_amd64.deb ...
2026-10-09T13:25:29.5619911Z Unpacking libvpl2 (2023.3.0-1build1) ...
2026-10-09T13:25:29.5826654Z Selecting previously unselected package ocl-icd-libopencl1:amd64.
2026-10-09T13:25:29.5948614Z Preparing to unpack .../05-ocl-icd-libopencl1_2.3.2-1build1_amd64.deb ...
2026-10-09T13:25:29.5971199Z Unpacking ocl-icd-libopencl1:amd64 (2.3.2-1build1) ...
2026-10-09T13:25:29.6206702Z Selecting previously unselected package libavutil58:amd64.
2026-10-09T13:25:29.6329062Z Preparing to unpack .../06-libavutil58_7%3a6.1.1-3ubuntu5_amd64.deb ...
2026-10-09T13:25:29.6336083Z Unpacking libavutil58:amd64 (7:6.1.1-3ubuntu5) ...
2026-10-09T13:25:29.6569556Z Selecting previously unselected package libcodec2-1.2:amd64.
2026-10-09T13:25:29.6692268Z Preparing to unpack .../07-libcodec2-1.2_1.2.0-2build1_amd64.deb ...
2026-10-09T13:25:29.6700098Z Unpacking libcodec2-1.2:amd64 (1.2.0-2build1) ...
2026-10-09T13:25:29.7412448Z Selecting previously unselected package libdav1d7:amd64.
2026-10-09T13:25:29.7534944Z Preparing to unpack .../08-libdav1d7_1.4.1-1build1_amd64.deb ...
2026-10-09T13:25:29.7542773Z Unpacking libdav1d7:amd64 (1.4.1-1build1) ...
2026-10-09T13:25:29.7791824Z Selecting previously unselected package libgsm1:amd64.
2026-10-09T13:25:29.7915504Z Preparing to unpack .../09-libgsm1_1.0.22-1build1_amd64.deb ...
2026-10-09T13:25:29.7922187Z Unpacking libgsm1:amd64 (1.0.22-1build1) ...
2026-10-09T13:25:29.8117351Z Selecting previously unselected package libhwy1t64:amd64.
2026-10-09T13:25:29.8241071Z Preparing to unpack .../10-libhwy1t64_1.0.7-8.1build1_amd64.deb ...
2026-10-09T13:25:29.8249303Z Unpacking libhwy1t64:amd64 (1.0.7-8.1build1) ...
2026-10-09T13:25:29.8550865Z Selecting previously unselected package libjxl0.7:amd64.
2026-10-09T13:25:29.8675597Z Preparing to unpack .../11-libjxl0.7_0.7.0-10.2ubuntu6.1_amd64.deb ...
2026-10-09T13:25:29.8683086Z Unpacking libjxl0.7:amd64 (0.7.0-10.2ubuntu6.1) ...
2026-10-09T13:25:29.8993199Z Selecting previously unselected package libmp3lame0:amd64.
2026-10-09T13:25:29.9117944Z Preparing to unpack .../12-libmp3lame0_3.100-6build1_amd64.deb ...
2026-10-09T13:25:29.9124678Z Unpacking libmp3lame0:amd64 (3.100-6build1) ...
2026-10-09T13:25:29.9327639Z Selecting previously unselected package libopus0:amd64.
2026-10-09T13:25:29.9452698Z Preparing to unpack .../13-libopus0_1.4-1build1_amd64.deb ...
2026-10-09T13:25:29.9461995Z Unpacking libopus0:amd64 (1.4-1build1) ...
2026-10-09T13:25:29.9678140Z Selecting previously unselected package librav1e0:amd64.
2026-10-09T13:25:29.9800397Z Preparing to unpack .../14-librav1e0_0.7.1-2_amd64.deb ...
2026-10-09T13:25:29.9807969Z Unpacking librav1e0:amd64 (0.7.1-2) ...
2026-10-09T13:25:30.0110089Z Selecting previously unselected package librsvg2-2:amd64.
2026-10-09T13:25:30.0233886Z Preparing to unpack .../15-librsvg2-2_2.58.0+dfsg-1ubuntu0.1_amd64.deb ...
2026-10-09T13:25:30.0242428Z Unpacking librsvg2-2:amd64 (2.58.0+dfsg-1ubuntu0.1) ...
2026-10-09T13:25:30.0685580Z Selecting previously unselected package libshine3:amd64.
2026-10-09T13:25:30.0809984Z Preparing to unpack .../16-libshine3_3.1.1-2build1_amd64.deb ...
2026-10-09T13:25:30.0817569Z Unpacking libshine3:amd64 (3.1.1-2build1) ...
2026-10-09T13:25:30.1007457Z Selecting previously unselected package libspeex1:amd64.
2026-10-09T13:25:30.1130092Z Preparing to unpack .../17-libspeex1_1.2.1-2ubuntu2.24.04.1_amd64.deb ...
2026-10-09T13:25:30.1136851Z Unpacking libspeex1:amd64 (1.2.1-2ubuntu2.24.04.1) ...
2026-10-09T13:25:30.1326950Z Selecting previously unselected package libsvtav1enc1d1:amd64.
2026-10-09T13:25:30.1462316Z Preparing to unpack .../18-libsvtav1enc1d1_1.7.0+dfsg-2build1_amd64.deb ...
2026-10-09T13:25:30.1463103Z Unpacking libsvtav1enc1d1:amd64 (1.7.0+dfsg-2build1) ...
2026-10-09T13:25:30.1906164Z Selecting previously unselected package libsoxr0:amd64.
2026-10-09T13:25:30.2029815Z Preparing to unpack .../19-libsoxr0_0.1.3-4build3_amd64.deb ...
2026-10-09T13:25:30.2037334Z Unpacking libsoxr0:amd64 (0.1.3-4build3) ...
2026-10-09T13:25:30.2233480Z Selecting previously unselected package libswresample4:amd64.
2026-10-09T13:25:30.2357788Z Preparing to unpack .../20-libswresample4_7%3a6.1.1-3ubuntu5_amd64.deb ...
2026-10-09T13:25:30.2364943Z Unpacking libswresample4:amd64 (7:6.1.1-3ubuntu5) ...
2026-10-09T13:25:30.2569239Z Selecting previously unselected package libtheora0:amd64.
2026-10-09T13:25:30.2694646Z Preparing to unpack .../21-libtheora0_1.1.1+dfsg.1-16.1build3_amd64.deb ...
2026-10-09T13:25:30.2700786Z Unpacking libtheora0:amd64 (1.1.1+dfsg.1-16.1build3) ...
2026-10-09T13:25:30.2961695Z Selecting previously unselected package libtwolame0:amd64.
2026-10-09T13:25:30.3085694Z Preparing to unpack .../22-libtwolame0_0.4.0-2build3_amd64.deb ...
2026-10-09T13:25:30.3092637Z Unpacking libtwolame0:amd64 (0.4.0-2build3) ...
2026-10-09T13:25:30.3291847Z Selecting previously unselected package libvorbisenc2:amd64.
2026-10-09T13:25:30.3415307Z Preparing to unpack .../23-libvorbisenc2_1.3.7-1build3_amd64.deb ...
2026-10-09T13:25:30.3422006Z Unpacking libvorbisenc2:amd64 (1.3.7-1build3) ...
2026-10-09T13:25:30.3637175Z Selecting previously unselected package libvpx9:amd64.
2026-10-09T13:25:30.3760367Z Preparing to unpack .../24-libvpx9_1.14.0-1ubuntu2.3_amd64.deb ...
2026-10-09T13:25:30.3769051Z Unpacking libvpx9:amd64 (1.14.0-1ubuntu2.3) ...
2026-10-09T13:25:30.4096330Z Selecting previously unselected package libx264-164:amd64.
2026-10-09T13:25:30.4220095Z Preparing to unpack .../25-libx264-164_2%3a0.164.3108+git31e19f9-1_amd64.deb ...
2026-10-09T13:25:30.4227237Z Unpacking libx264-164:amd64 (2:0.164.3108+git31e19f9-1) ...
2026-10-09T13:25:30.4502900Z Selecting previously unselected package libx265-199:amd64.
2026-10-09T13:25:30.4626601Z Preparing to unpack .../26-libx265-199_3.5-2build1_amd64.deb ...
2026-10-09T13:25:30.4634026Z Unpacking libx265-199:amd64 (3.5-2build1) ...
2026-10-09T13:25:30.5252688Z Selecting previously unselected package libxvidcore4:amd64.
2026-10-09T13:25:30.5376421Z Preparing to unpack .../27-libxvidcore4_2%3a1.3.7-1build1_amd64.deb ...
2026-10-09T13:25:30.5383720Z Unpacking libxvidcore4:amd64 (2:1.3.7-1build1) ...
2026-10-09T13:25:30.5593062Z Selecting previously unselected package libzvbi-common.
2026-10-09T13:25:30.5715766Z Preparing to unpack .../28-libzvbi-common_0.2.42-2_all.deb ...
2026-10-09T13:25:30.5722369Z Unpacking libzvbi-common (0.2.42-2) ...
2026-10-09T13:25:30.6299909Z Selecting previously unselected package libzvbi0t64:amd64.
2026-10-09T13:25:30.6424453Z Preparing to unpack .../29-libzvbi0t64_0.2.42-2_amd64.deb ...
2026-10-09T13:25:30.6433193Z Unpacking libzvbi0t64:amd64 (0.2.42-2) ...
2026-10-09T13:25:30.6662425Z Selecting previously unselected package libavcodec60:amd64.
2026-10-09T13:25:30.6785155Z Preparing to unpack .../30-libavcodec60_7%3a6.1.1-3ubuntu5_amd64.deb ...
2026-10-09T13:25:30.6792788Z Unpacking libavcodec60:amd64 (7:6.1.1-3ubuntu5) ...
2026-10-09T13:25:30.7569184Z Selecting previously unselected package libraw1394-11:amd64.
2026-10-09T13:25:30.7694314Z Preparing to unpack .../31-libraw1394-11_2.1.2-2build3_amd64.deb ...
2026-10-09T13:25:30.7702782Z Unpacking libraw1394-11:amd64 (2.1.2-2build3) ...
2026-10-09T13:25:30.7896418Z Selecting previously unselected package libavc1394-0:amd64.
2026-10-09T13:25:30.8021240Z Preparing to unpack .../32-libavc1394-0_0.5.4-5build3_amd64.deb ...
2026-10-09T13:25:30.8028748Z Unpacking libavc1394-0:amd64 (0.5.4-5build3) ...
2026-10-09T13:25:30.8232350Z Selecting previously unselected package libunibreak5:amd64.
2026-10-09T13:25:30.8357045Z Preparing to unpack .../33-libunibreak5_5.1-2build1_amd64.deb ...
2026-10-09T13:25:30.8364682Z Unpacking libunibreak5:amd64 (5.1-2build1) ...
2026-10-09T13:25:30.8561776Z Selecting previously unselected package libass9:amd64.
2026-10-09T13:25:30.8688075Z Preparing to unpack .../34-libass9_1%3a0.17.1-2build1_amd64.deb ...
2026-10-09T13:25:30.8695328Z Unpacking libass9:amd64 (1:0.17.1-2build1) ...
2026-10-09T13:25:30.8924327Z Selecting previously unselected package libudfread0:amd64.
2026-10-09T13:25:30.9047627Z Preparing to unpack .../35-libudfread0_1.1.2-1build1_amd64.deb ...
2026-10-09T13:25:30.9055581Z Unpacking libudfread0:amd64 (1.1.2-1build1) ...
2026-10-09T13:25:30.9250662Z Selecting previously unselected package libbluray2:amd64.
2026-10-09T13:25:30.9374721Z Preparing to unpack .../36-libbluray2_1%3a1.3.4-1build1_amd64.deb ...
2026-10-09T13:25:30.9382339Z Unpacking libbluray2:amd64 (1:1.3.4-1build1) ...
2026-10-09T13:25:30.9591467Z Selecting previously unselected package libchromaprint1:amd64.
2026-10-09T13:25:30.9713764Z Preparing to unpack .../37-libchromaprint1_1.5.1-5_amd64.deb ...
2026-10-09T13:25:30.9721311Z Unpacking libchromaprint1:amd64 (1.5.1-5) ...
2026-10-09T13:25:30.9915245Z Selecting previously unselected package libgme0:amd64.
2026-10-09T13:25:31.0038057Z Preparing to unpack .../38-libgme0_0.6.3-7build1_amd64.deb ...
2026-10-09T13:25:31.0045470Z Unpacking libgme0:amd64 (0.6.3-7build1) ...
2026-10-09T13:25:31.0249963Z Selecting previously unselected package libmpg123-0t64:amd64.
2026-10-09T13:25:31.0373745Z Preparing to unpack .../39-libmpg123-0t64_1.32.5-1ubuntu1.1_amd64.deb ...
2026-10-09T13:25:31.0381398Z Unpacking libmpg123-0t64:amd64 (1.32.5-1ubuntu1.1) ...
2026-10-09T13:25:31.0589847Z Selecting previously unselected package libopenmpt0t64:amd64.
2026-10-09T13:25:31.0714009Z Preparing to unpack .../40-libopenmpt0t64_0.7.3-1.1build3_amd64.deb ...
2026-10-09T13:25:31.0722346Z Unpacking libopenmpt0t64:amd64 (0.7.3-1.1build3) ...
2026-10-09T13:25:31.1006735Z Selecting previously unselected package libcjson1:amd64.
2026-10-09T13:25:31.1132104Z Preparing to unpack .../41-libcjson1_1.7.17-1_amd64.deb ...
2026-10-09T13:25:31.1139944Z Unpacking libcjson1:amd64 (1.7.17-1) ...
2026-10-09T13:25:31.1341421Z Selecting previously unselected package libmbedcrypto7t64:amd64.
2026-10-09T13:25:31.1465729Z Preparing to unpack .../42-libmbedcrypto7t64_2.28.8-1_amd64.deb ...
2026-10-09T13:25:31.1473535Z Unpacking libmbedcrypto7t64:amd64 (2.28.8-1) ...
2026-10-09T13:25:31.1688832Z Selecting previously unselected package librist4:amd64.
2026-10-09T13:25:31.1812758Z Preparing to unpack .../43-librist4_0.2.10+dfsg-2_amd64.deb ...
2026-10-09T13:25:31.1820576Z Unpacking librist4:amd64 (0.2.10+dfsg-2) ...
2026-10-09T13:25:31.2023998Z Selecting previously unselected package libsrt1.5-gnutls:amd64.
2026-10-09T13:25:31.2147703Z Preparing to unpack .../44-libsrt1.5-gnutls_1.5.3-1build2_amd64.deb ...
2026-10-09T13:25:31.2156864Z Unpacking libsrt1.5-gnutls:amd64 (1.5.3-1build2) ...
2026-10-09T13:25:31.2394625Z Selecting previously unselected package libssh-gcrypt-4:amd64.
2026-10-09T13:25:31.2519049Z Preparing to unpack .../45-libssh-gcrypt-4_0.10.6-2ubuntu0.5_amd64.deb ...
2026-10-09T13:25:31.2527333Z Unpacking libssh-gcrypt-4:amd64 (0.10.6-2ubuntu0.5) ...
2026-10-09T13:25:31.2754238Z Selecting previously unselected package libavformat60:amd64.
2026-10-09T13:25:31.2878055Z Preparing to unpack .../46-libavformat60_7%3a6.1.1-3ubuntu5_amd64.deb ...
2026-10-09T13:25:31.2887063Z Unpacking libavformat60:amd64 (7:6.1.1-3ubuntu5) ...
2026-10-09T13:25:31.3194507Z Selecting previously unselected package libbs2b0:amd64.
2026-10-09T13:25:31.3320454Z Preparing to unpack .../47-libbs2b0_3.1.0+dfsg-7build1_amd64.deb ...
2026-10-09T13:25:31.3350786Z Unpacking libbs2b0:amd64 (3.1.0+dfsg-7build1) ...
2026-10-09T13:25:31.3566906Z Selecting previously unselected package libflite1:amd64.
2026-10-09T13:25:31.3691044Z Preparing to unpack .../48-libflite1_2.2-6build3_amd64.deb ...
2026-10-09T13:25:31.3698906Z Unpacking libflite1:amd64 (2.2-6build3) ...
2026-10-09T13:25:31.4766462Z Selecting previously unselected package libserd-0-0:amd64.
2026-10-09T13:25:31.4888833Z Preparing to unpack .../49-libserd-0-0_0.32.2-1_amd64.deb ...
2026-10-09T13:25:31.4897338Z Unpacking libserd-0-0:amd64 (0.32.2-1) ...
2026-10-09T13:25:31.5090766Z Selecting previously unselected package libzix-0-0:amd64.
2026-10-09T13:25:31.5213025Z Preparing to unpack .../50-libzix-0-0_0.4.2-2build1_amd64.deb ...
2026-10-09T13:25:31.5221964Z Unpacking libzix-0-0:amd64 (0.4.2-2build1) ...
2026-10-09T13:25:31.5417181Z Selecting previously unselected package libsord-0-0:amd64.
2026-10-09T13:25:31.5539437Z Preparing to unpack .../51-libsord-0-0_0.16.16-2build1_amd64.deb ...
2026-10-09T13:25:31.5546815Z Unpacking libsord-0-0:amd64 (0.16.16-2build1) ...
2026-10-09T13:25:31.5738834Z Selecting previously unselected package libsratom-0-0:amd64.
2026-10-09T13:25:31.5861790Z Preparing to unpack .../52-libsratom-0-0_0.6.16-1build1_amd64.deb ...
2026-10-09T13:25:31.5868885Z Unpacking libsratom-0-0:amd64 (0.6.16-1build1) ...
2026-10-09T13:25:31.6065300Z Selecting previously unselected package liblilv-0-0:amd64.
2026-10-09T13:25:31.6188872Z Preparing to unpack .../53-liblilv-0-0_0.24.22-1build1_amd64.deb ...
2026-10-09T13:25:31.6196150Z Unpacking liblilv-0-0:amd64 (0.24.22-1build1) ...
2026-10-09T13:25:31.6391412Z Selecting previously unselected package libmysofa1:amd64.
2026-10-09T13:25:31.6514214Z Preparing to unpack .../54-libmysofa1_1.3.2+dfsg-2ubuntu2_amd64.deb ...
2026-10-09T13:25:31.6522121Z Unpacking libmysofa1:amd64 (1.3.2+dfsg-2ubuntu2) ...
2026-10-09T13:25:31.6754235Z Selecting previously unselected package libplacebo338:amd64.
2026-10-09T13:25:31.6877824Z Preparing to unpack .../55-libplacebo338_6.338.2-2build1_amd64.deb ...
2026-10-09T13:25:31.6885652Z Unpacking libplacebo338:amd64 (6.338.2-2build1) ...
2026-10-09T13:25:31.7388268Z Selecting previously unselected package libblas3:amd64.
2026-10-09T13:25:31.7511496Z Preparing to unpack .../56-libblas3_3.12.0-3build1.1_amd64.deb ...
2026-10-09T13:25:31.7540434Z Unpacking libblas3:amd64 (3.12.0-3build1.1) ...
2026-10-09T13:25:31.7768941Z Selecting previously unselected package liblapack3:amd64.
2026-10-09T13:25:31.7892880Z Preparing to unpack .../57-liblapack3_3.12.0-3build1.1_amd64.deb ...
2026-10-09T13:25:31.7930190Z Unpacking liblapack3:amd64 (3.12.0-3build1.1) ...
2026-10-09T13:25:31.8388968Z Selecting previously unselected package libasyncns0:amd64.
2026-10-09T13:25:31.8512042Z Preparing to unpack .../58-libasyncns0_0.8-6build4_amd64.deb ...
2026-10-09T13:25:31.8518479Z Unpacking libasyncns0:amd64 (0.8-6build4) ...
2026-10-09T13:25:31.8710718Z Selecting previously unselected package libflac12t64:amd64.
2026-10-09T13:25:31.8832920Z Preparing to unpack .../59-libflac12t64_1.4.3+ds-2.1ubuntu2_amd64.deb ...
2026-10-09T13:25:31.8842331Z Unpacking libflac12t64:amd64 (1.4.3+ds-2.1ubuntu2) ...
2026-10-09T13:25:31.9054493Z Selecting previously unselected package libsndfile1:amd64.
2026-10-09T13:25:31.9177921Z Preparing to unpack .../60-libsndfile1_1.2.2-1ubuntu5.24.04.1_amd64.deb ...
2026-10-09T13:25:31.9185879Z Unpacking libsndfile1:amd64 (1.2.2-1ubuntu5.24.04.1) ...
2026-10-09T13:25:31.9413568Z Selecting previously unselected package libpulse0:amd64.
2026-10-09T13:25:31.9537011Z Preparing to unpack .../61-libpulse0_1%3a16.1+dfsg1-2ubuntu10.1_amd64.deb ...
2026-10-09T13:25:31.9602547Z Unpacking libpulse0:amd64 (1:16.1+dfsg1-2ubuntu10.1) ...
2026-10-09T13:25:31.9836371Z Selecting previously unselected package libsphinxbase3t64:amd64.
2026-10-09T13:25:31.9958129Z Preparing to unpack .../62-libsphinxbase3t64_0.8+5prealpha+1-17build2_amd64.deb ...
2026-10-09T13:25:31.9966226Z Unpacking libsphinxbase3t64:amd64 (0.8+5prealpha+1-17build2) ...
2026-10-09T13:25:32.0175213Z Selecting previously unselected package libpocketsphinx3:amd64.
2026-10-09T13:25:32.0299243Z Preparing to unpack .../63-libpocketsphinx3_0.8.0+real5prealpha+1-15ubuntu5_amd64.deb ...
2026-10-09T13:25:32.0307648Z Unpacking libpocketsphinx3:amd64 (0.8.0+real5prealpha+1-15ubuntu5) ...
2026-10-09T13:25:32.0511291Z Selecting previously unselected package libpostproc57:amd64.
2026-10-09T13:25:32.0637356Z Preparing to unpack .../64-libpostproc57_7%3a6.1.1-3ubuntu5_amd64.deb ...
2026-10-09T13:25:32.0645897Z Unpacking libpostproc57:amd64 (7:6.1.1-3ubuntu5) ...
2026-10-09T13:25:32.0849106Z Selecting previously unselected package libsamplerate0:amd64.
2026-10-09T13:25:32.0973846Z Preparing to unpack .../65-libsamplerate0_0.2.2-4build1_amd64.deb ...
2026-10-09T13:25:32.0981493Z Unpacking libsamplerate0:amd64 (0.2.2-4build1) ...
2026-10-09T13:25:32.1233125Z Selecting previously unselected package librubberband2:amd64.
2026-10-09T13:25:32.1357263Z Preparing to unpack .../66-librubberband2_3.3.0+dfsg-2build1_amd64.deb ...
2026-10-09T13:25:32.1365975Z Unpacking librubberband2:amd64 (3.3.0+dfsg-2build1) ...
2026-10-09T13:25:32.1572827Z Selecting previously unselected package libswscale7:amd64.
2026-10-09T13:25:32.1696112Z Preparing to unpack .../67-libswscale7_7%3a6.1.1-3ubuntu5_amd64.deb ...
2026-10-09T13:25:32.1703810Z Unpacking libswscale7:amd64 (7:6.1.1-3ubuntu5) ...
2026-10-09T13:25:32.1918570Z Selecting previously unselected package libvidstab1.1:amd64.
2026-10-09T13:25:32.2042545Z Preparing to unpack .../68-libvidstab1.1_1.1.0-2build1_amd64.deb ...
2026-10-09T13:25:32.2050455Z Unpacking libvidstab1.1:amd64 (1.1.0-2build1) ...
2026-10-09T13:25:32.2243712Z Selecting previously unselected package libzimg2:amd64.
2026-10-09T13:25:32.2366681Z Preparing to unpack .../69-libzimg2_3.0.5+ds1-1build1_amd64.deb ...
2026-10-09T13:25:32.2374273Z Unpacking libzimg2:amd64 (3.0.5+ds1-1build1) ...
2026-10-09T13:25:32.2596611Z Selecting previously unselected package libavfilter9:amd64.
2026-10-09T13:25:32.2720595Z Preparing to unpack .../70-libavfilter9_7%3a6.1.1-3ubuntu5_amd64.deb ...
2026-10-09T13:25:32.2729558Z Unpacking libavfilter9:amd64 (7:6.1.1-3ubuntu5) ...
2026-10-09T13:25:32.3426291Z Selecting previously unselected package libcaca0:amd64.
2026-10-09T13:25:32.3549898Z Preparing to unpack .../71-libcaca0_0.99.beta20-4ubuntu0.2_amd64.deb ...
2026-10-09T13:25:32.3558056Z Unpacking libcaca0:amd64 (0.99.beta20-4ubuntu0.2) ...
2026-10-09T13:25:32.3787875Z Selecting previously unselected package libcdio19t64:amd64.
2026-10-09T13:25:32.3913813Z Preparing to unpack .../72-libcdio19t64_2.1.0-4.1ubuntu1.2_amd64.deb ...
2026-10-09T13:25:32.3922108Z Unpacking libcdio19t64:amd64 (2.1.0-4.1ubuntu1.2) ...
2026-10-09T13:25:32.4125923Z Selecting previously unselected package libcdio-cdda2t64:amd64.
2026-10-09T13:25:32.4249070Z Preparing to unpack .../73-libcdio-cdda2t64_10.2+2.0.1-1.1build2_amd64.deb ...
2026-10-09T13:25:32.4257150Z Unpacking libcdio-cdda2t64:amd64 (10.2+2.0.1-1.1build2) ...
2026-10-09T13:25:32.4455400Z Selecting previously unselected package libcdio-paranoia2t64:amd64.
2026-10-09T13:25:32.4578307Z Preparing to unpack .../74-libcdio-paranoia2t64_10.2+2.0.1-1.1build2_amd64.deb ...
2026-10-09T13:25:32.4585390Z Unpacking libcdio-paranoia2t64:amd64 (10.2+2.0.1-1.1build2) ...
2026-10-09T13:25:32.4780668Z Selecting previously unselected package libdc1394-25:amd64.
2026-10-09T13:25:32.4902735Z Preparing to unpack .../75-libdc1394-25_2.2.6-4build1_amd64.deb ...
2026-10-09T13:25:32.4910604Z Unpacking libdc1394-25:amd64 (2.2.6-4build1) ...
2026-10-09T13:25:32.5112092Z Selecting previously unselected package libiec61883-0:amd64.
2026-10-09T13:25:32.5236021Z Preparing to unpack .../76-libiec61883-0_1.2.0-6build1_amd64.deb ...
2026-10-09T13:25:32.5244097Z Unpacking libiec61883-0:amd64 (1.2.0-6build1) ...
2026-10-09T13:25:32.5440370Z Selecting previously unselected package libjack-jackd2-0:amd64.
2026-10-09T13:25:32.5562701Z Preparing to unpack .../77-libjack-jackd2-0_1.9.21~dfsg-3ubuntu3_amd64.deb ...
2026-10-09T13:25:32.5571434Z Unpacking libjack-jackd2-0:amd64 (1.9.21~dfsg-3ubuntu3) ...
2026-10-09T13:25:32.5814844Z Selecting previously unselected package libopenal-data.
2026-10-09T13:25:32.5938078Z Preparing to unpack .../78-libopenal-data_1%3a1.23.1-4build1_all.deb ...
2026-10-09T13:25:32.5946870Z Unpacking libopenal-data (1:1.23.1-4build1) ...
2026-10-09T13:25:32.6227579Z Selecting previously unselected package libsndio7.0:amd64.
2026-10-09T13:25:32.6351690Z Preparing to unpack .../79-libsndio7.0_1.9.0-0.3build3_amd64.deb ...
2026-10-09T13:25:32.6359403Z Unpacking libsndio7.0:amd64 (1.9.0-0.3build3) ...
2026-10-09T13:25:32.6581865Z Selecting previously unselected package libopenal1:amd64.
2026-10-09T13:25:32.6705153Z Preparing to unpack .../80-libopenal1_1%3a1.23.1-4build1_amd64.deb ...
2026-10-09T13:25:32.6712363Z Unpacking libopenal1:amd64 (1:1.23.1-4build1) ...
2026-10-09T13:25:32.6952959Z Selecting previously unselected package libdecor-0-0:amd64.
2026-10-09T13:25:32.7077042Z Preparing to unpack .../81-libdecor-0-0_0.2.2-1build2_amd64.deb ...
2026-10-09T13:25:32.7084504Z Unpacking libdecor-0-0:amd64 (0.2.2-1build2) ...
2026-10-09T13:25:32.7276165Z Selecting previously unselected package libsdl2-2.0-0:amd64.
2026-10-09T13:25:32.7398823Z Preparing to unpack .../82-libsdl2-2.0-0_2.30.0+dfsg-1ubuntu3.1_amd64.deb ...
2026-10-09T13:25:32.7405784Z Unpacking libsdl2-2.0-0:amd64 (2.30.0+dfsg-1ubuntu3.1) ...
2026-10-09T13:25:32.7951052Z Selecting previously unselected package libxcb-shape0:amd64.
2026-10-09T13:25:32.8075612Z Preparing to unpack .../83-libxcb-shape0_1.15-1ubuntu2_amd64.deb ...
2026-10-09T13:25:32.8082637Z Unpacking libxcb-shape0:amd64 (1.15-1ubuntu2) ...
2026-10-09T13:25:32.8280249Z Selecting previously unselected package libxv1:amd64.
2026-10-09T13:25:32.8404382Z Preparing to unpack .../84-libxv1_2%3a1.0.11-1.1build1_amd64.deb ...
2026-10-09T13:25:32.8412330Z Unpacking libxv1:amd64 (2:1.0.11-1.1build1) ...
2026-10-09T13:25:32.8610926Z Selecting previously unselected package libavdevice60:amd64.
2026-10-09T13:25:32.8736097Z Preparing to unpack .../85-libavdevice60_7%3a6.1.1-3ubuntu5_amd64.deb ...
2026-10-09T13:25:32.8742561Z Unpacking libavdevice60:amd64 (7:6.1.1-3ubuntu5) ...
2026-10-09T13:25:32.8939943Z Selecting previously unselected package ffmpeg.
2026-10-09T13:25:32.9063856Z Preparing to unpack .../86-ffmpeg_7%3a6.1.1-3ubuntu5_amd64.deb ...
2026-10-09T13:25:32.9069985Z Unpacking ffmpeg (7:6.1.1-3ubuntu5) ...
2026-10-09T13:25:32.9656467Z Setting up libgme0:amd64 (0.6.3-7build1) ...
2026-10-09T13:25:32.9681345Z Setting up libchromaprint1:amd64 (1.5.1-5) ...
2026-10-09T13:25:32.9697938Z Setting up libssh-gcrypt-4:amd64 (0.10.6-2ubuntu0.5) ...
2026-10-09T13:25:32.9716660Z Setting up libhwy1t64:amd64 (1.0.7-8.1build1) ...
2026-10-09T13:25:32.9737197Z Setting up libudfread0:amd64 (1.1.2-1build1) ...
2026-10-09T13:25:32.9753938Z Setting up libraw1394-11:amd64 (2.1.2-2build3) ...
2026-10-09T13:25:32.9775799Z Setting up libspeex1:amd64 (1.2.1-2ubuntu2.24.04.1) ...
2026-10-09T13:25:32.9792917Z Setting up libshine3:amd64 (3.1.1-2build1) ...
2026-10-09T13:25:32.9809778Z Setting up libcaca0:amd64 (0.99.beta20-4ubuntu0.2) ...
2026-10-09T13:25:32.9828628Z Setting up libvpl2 (2023.3.0-1build1) ...
2026-10-09T13:25:32.9845809Z Setting up libx264-164:amd64 (2:0.164.3108+git31e19f9-1) ...
2026-10-09T13:25:32.9976940Z Setting up libtwolame0:amd64 (0.4.0-2build3) ...
2026-10-09T13:25:33.0001169Z Setting up libmbedcrypto7t64:amd64 (2.28.8-1) ...
2026-10-09T13:25:33.0021739Z Setting up libgsm1:amd64 (1.0.22-1build1) ...
2026-10-09T13:25:33.0039754Z Setting up libsoxr0:amd64 (0.1.3-4build3) ...
2026-10-09T13:25:33.0059865Z Setting up libzix-0-0:amd64 (0.4.2-2build1) ...
2026-10-09T13:25:33.0079443Z Setting up libcodec2-1.2:amd64 (1.2.0-2build1) ...
2026-10-09T13:25:33.0099152Z Setting up libmysofa1:amd64 (1.3.2+dfsg-2ubuntu2) ...
2026-10-09T13:25:33.0119299Z Setting up libxcb-shape0:amd64 (1.15-1ubuntu2) ...
2026-10-09T13:25:33.0137152Z Setting up libcdio19t64:amd64 (2.1.0-4.1ubuntu1.2) ...
2026-10-09T13:25:33.0156988Z Setting up libsvtav1enc1d1:amd64 (1.7.0+dfsg-2build1) ...
2026-10-09T13:25:33.0177858Z Setting up libmpg123-0t64:amd64 (1.32.5-1ubuntu1.1) ...
2026-10-09T13:25:33.0197255Z Setting up libcjson1:amd64 (1.7.17-1) ...
2026-10-09T13:25:33.0215115Z Setting up libxvidcore4:amd64 (2:1.3.7-1build1) ...
2026-10-09T13:25:33.0233863Z Setting up librav1e0:amd64 (0.7.1-2) ...
2026-10-09T13:25:33.0256674Z Setting up libcdio-cdda2t64:amd64 (10.2+2.0.1-1.1build2) ...
2026-10-09T13:25:33.0273797Z Setting up librist4:amd64 (0.2.10+dfsg-2) ...
2026-10-09T13:25:33.0296220Z Setting up librsvg2-2:amd64 (2.58.0+dfsg-1ubuntu0.1) ...
2026-10-09T13:25:33.0313712Z Setting up libblas3:amd64 (3.12.0-3build1.1) ...
2026-10-09T13:25:33.0376136Z update-alternatives: using /usr/lib/x86_64-linux-gnu/blas/libblas.so.3 to provide /usr/lib/x86_64-linux-gnu/libblas.so.3 (libblas.so.3-x86_64-linux-gnu) in auto mode
2026-10-09T13:25:33.0391959Z Setting up libplacebo338:amd64 (6.338.2-2build1) ...
2026-10-09T13:25:33.0411046Z Setting up libva2:amd64 (2.20.0-2ubuntu0.2) ...
2026-10-09T13:25:33.0428602Z Setting up libopus0:amd64 (1.4-1build1) ...
2026-10-09T13:25:33.0448751Z Setting up libcdio-paranoia2t64:amd64 (10.2+2.0.1-1.1build2) ...
2026-10-09T13:25:33.0465424Z Setting up libdc1394-25:amd64 (2.2.6-4build1) ...
2026-10-09T13:25:33.0482969Z Setting up libxv1:amd64 (2:1.0.11-1.1build1) ...
2026-10-09T13:25:33.0503802Z Setting up libunibreak5:amd64 (5.1-2build1) ...
2026-10-09T13:25:33.0521865Z Setting up libjxl0.7:amd64 (0.7.0-10.2ubuntu6.1) ...
2026-10-09T13:25:33.0539807Z Setting up libx265-199:amd64 (3.5-2build1) ...
2026-10-09T13:25:33.0558732Z Setting up libsndio7.0:amd64 (1.9.0-0.3build3) ...
2026-10-09T13:25:33.0575071Z Setting up libvidstab1.1:amd64 (1.1.0-2build1) ...
2026-10-09T13:25:33.0593198Z Setting up libvpx9:amd64 (1.14.0-1ubuntu2.3) ...
2026-10-09T13:25:33.0612418Z Setting up libsrt1.5-gnutls:amd64 (1.5.3-1build2) ...
2026-10-09T13:25:33.0630517Z Setting up libflite1:amd64 (2.2-6build3) ...
2026-10-09T13:25:33.0661772Z Setting up libdav1d7:amd64 (1.4.1-1build1) ...
2026-10-09T13:25:33.0680482Z Setting up libva-drm2:amd64 (2.20.0-2ubuntu0.2) ...
2026-10-09T13:25:33.0701218Z Setting up ocl-icd-libopencl1:amd64 (2.3.2-1build1) ...
2026-10-09T13:25:33.0718411Z Setting up libasyncns0:amd64 (0.8-6build4) ...
2026-10-09T13:25:33.0737164Z Setting up libvdpau1:amd64 (1.5-2build1) ...
2026-10-09T13:25:33.0762943Z Setting up libbs2b0:amd64 (3.1.0+dfsg-7build1) ...
2026-10-09T13:25:33.0780117Z Setting up libtheora0:amd64 (1.1.1+dfsg.1-16.1build3) ...
2026-10-09T13:25:33.0804029Z Setting up libdecor-0-0:amd64 (0.2.2-1build2) ...
2026-10-09T13:25:33.0823407Z Setting up libzimg2:amd64 (3.0.5+ds1-1build1) ...
2026-10-09T13:25:33.0841611Z Setting up libopenal-data (1:1.23.1-4build1) ...
2026-10-09T13:25:33.0867701Z Setting up libflac12t64:amd64 (1.4.3+ds-2.1ubuntu2) ...
2026-10-09T13:25:33.0885491Z Setting up libbluray2:amd64 (1:1.3.4-1build1) ...
2026-10-09T13:25:33.0907206Z Setting up libsamplerate0:amd64 (0.2.2-4build1) ...
2026-10-09T13:25:33.0924979Z Setting up libva-x11-2:amd64 (2.20.0-2ubuntu0.2) ...
2026-10-09T13:25:33.0942446Z Setting up libopenmpt0t64:amd64 (0.7.3-1.1build3) ...
2026-10-09T13:25:33.0964148Z Setting up libzvbi-common (0.2.42-2) ...
2026-10-09T13:25:33.0983469Z Setting up libmp3lame0:amd64 (3.100-6build1) ...
2026-10-09T13:25:33.1004597Z Setting up libvorbisenc2:amd64 (1.3.7-1build3) ...
2026-10-09T13:25:33.1022882Z Setting up libiec61883-0:amd64 (1.2.0-6build1) ...
2026-10-09T13:25:33.1041334Z Setting up libserd-0-0:amd64 (0.32.2-1) ...
2026-10-09T13:25:33.1061500Z Setting up libavc1394-0:amd64 (0.5.4-5build3) ...
2026-10-09T13:25:33.1078858Z Setting up liblapack3:amd64 (3.12.0-3build1.1) ...
2026-10-09T13:25:33.1140860Z update-alternatives: using /usr/lib/x86_64-linux-gnu/lapack/liblapack.so.3 to provide /usr/lib/x86_64-linux-gnu/liblapack.so.3 (liblapack.so.3-x86_64-linux-gnu) in auto mode
2026-10-09T13:25:33.1159642Z Setting up libzvbi0t64:amd64 (0.2.42-2) ...
2026-10-09T13:25:33.1178379Z Setting up libavutil58:amd64 (7:6.1.1-3ubuntu5) ...
2026-10-09T13:25:33.1198576Z Setting up libopenal1:amd64 (1:1.23.1-4build1) ...
2026-10-09T13:25:33.1216760Z Setting up libass9:amd64 (1:0.17.1-2build1) ...
2026-10-09T13:25:33.1245361Z Setting up libswresample4:amd64 (7:6.1.1-3ubuntu5) ...
2026-10-09T13:25:33.1263364Z Setting up libavcodec60:amd64 (7:6.1.1-3ubuntu5) ...
2026-10-09T13:25:33.1282807Z Setting up librubberband2:amd64 (3.3.0+dfsg-2build1) ...
2026-10-09T13:25:33.1304758Z Setting up libjack-jackd2-0:amd64 (1.9.21~dfsg-3ubuntu3) ...
2026-10-09T13:25:33.1323344Z Setting up libsord-0-0:amd64 (0.16.16-2build1) ...
2026-10-09T13:25:33.1341389Z Setting up libpostproc57:amd64 (7:6.1.1-3ubuntu5) ...
2026-10-09T13:25:33.1361212Z Setting up libsratom-0-0:amd64 (0.6.16-1build1) ...
2026-10-09T13:25:33.1380620Z Setting up libsndfile1:amd64 (1.2.2-1ubuntu5.24.04.1) ...
2026-10-09T13:25:33.1398469Z Setting up liblilv-0-0:amd64 (0.24.22-1build1) ...
2026-10-09T13:25:33.1417456Z Setting up libswscale7:amd64 (7:6.1.1-3ubuntu5) ...
2026-10-09T13:25:33.1437905Z Setting up libpulse0:amd64 (1:16.1+dfsg1-2ubuntu10.1) ...
2026-10-09T13:25:33.1510361Z Setting up libavformat60:amd64 (7:6.1.1-3ubuntu5) ...
2026-10-09T13:25:33.1528962Z Setting up libsphinxbase3t64:amd64 (0.8+5prealpha+1-17build2) ...
2026-10-09T13:25:33.1547938Z Setting up libsdl2-2.0-0:amd64 (2.30.0+dfsg-1ubuntu3.1) ...
2026-10-09T13:25:33.1807062Z Setting up libpocketsphinx3:amd64 (0.8.0+real5prealpha+1-15ubuntu5) ...
2026-10-09T13:25:33.1828293Z Setting up libavfilter9:amd64 (7:6.1.1-3ubuntu5) ...
2026-10-09T13:25:33.1848419Z Setting up libavdevice60:amd64 (7:6.1.1-3ubuntu5) ...
2026-10-09T13:25:33.1870098Z Setting up ffmpeg (7:6.1.1-3ubuntu5) ...
2026-10-09T13:25:33.1890103Z Processing triggers for man-db (2.12.0-4build2) ...
2026-10-09T13:25:33.1912487Z Not building database; man-db/auto-update is not 'true'.
2026-10-09T13:25:33.1923117Z Processing triggers for libc-bin (2.39-0ubuntu8.9) ...
2026-10-09T13:25:33.8763633Z 
2026-10-09T13:25:33.8764562Z Running kernel seems to be up-to-date.
2026-10-09T13:25:33.8764946Z 
2026-10-09T13:25:33.8765123Z No services need to be restarted.
2026-10-09T13:25:33.8765416Z 
2026-10-09T13:25:33.8765611Z No containers need to be restarted.
2026-10-09T13:25:33.8765917Z 
2026-10-09T13:25:33.8766121Z No user sessions are running outdated binaries.
2026-10-09T13:25:33.8766479Z 
2026-10-09T13:25:33.8766811Z No VM guests are running outdated hypervisor (qemu) binaries on this host.
2026-10-09T13:25:35.2763595Z ##[group]Run python scripts/prepare_pdf_font.py --output "$CI_SANDBOX/fonts" > "$CI_RECEIPTS/font-manifest.json"
2026-10-09T13:25:35.2764430Z [36;1mpython scripts/prepare_pdf_font.py --output "$CI_SANDBOX/fonts" > "$CI_RECEIPTS/font-manifest.json"[0m
2026-10-09T13:25:35.2765104Z [36;1mecho "R2_TEST_FONT_FILE=$CI_SANDBOX/fonts/NotoSansSC-Regular.ttf" >> "$GITHUB_ENV"[0m
2026-10-09T13:25:35.2829282Z shell: /usr/bin/bash -e {0}
2026-10-09T13:25:35.2829528Z env:
2026-10-09T13:25:35.2829717Z   MOCK_PROVIDER: true
2026-10-09T13:25:35.2829938Z   MOCK_STREAM_DELAY_MS: 0
2026-10-09T13:25:35.2830172Z   ENABLE_CLOUD: false
2026-10-09T13:25:35.2830392Z   CREDENTIAL_VAULT_BACKEND: memory
2026-10-09T13:25:35.2830672Z   CREDENTIAL_VAULT_ALLOW_MEMORY_FALLBACK: true
2026-10-09T13:25:35.2830980Z   PYTHONDONTWRITEBYTECODE: 1
2026-10-09T13:25:35.2831223Z   HF_HUB_OFFLINE: 1
2026-10-09T13:25:35.2831425Z   TRANSFORMERS_OFFLINE: 1
2026-10-09T13:25:35.2831749Z   pythonLocation: /opt/hostedtoolcache/Python/3.12.9/x64
2026-10-09T13:25:35.2832175Z   PKG_CONFIG_PATH: /opt/hostedtoolcache/Python/3.12.9/x64/lib/pkgconfig
2026-10-09T13:25:35.2832604Z   Python_ROOT_DIR: /opt/hostedtoolcache/Python/3.12.9/x64
2026-10-09T13:25:35.2832977Z   Python2_ROOT_DIR: /opt/hostedtoolcache/Python/3.12.9/x64
2026-10-09T13:25:35.2833823Z   Python3_ROOT_DIR: /opt/hostedtoolcache/Python/3.12.9/x64
2026-10-09T13:25:35.2834198Z   LD_LIBRARY_PATH: /opt/hostedtoolcache/Python/3.12.9/x64/lib
2026-10-09T13:25:35.2834575Z   CI_COVERAGE_SHA: 2815d03ac31b3e132453f6b9ad63eff777269468
2026-10-09T13:25:35.2834942Z   CI_COVERAGE_TREE: 7b06f7eb213893ec41e4ded14810b82b070b7dc7
2026-10-09T13:25:35.2835365Z   CI_SANDBOX: /home/runner/work/_temp/novel-ci-backend-file-shard-0.fPkg4q
2026-10-09T13:25:35.2835895Z   CI_PROJECT: /home/runner/work/_temp/novel-ci-backend-file-shard-0.fPkg4q/project
2026-10-09T13:25:35.2836450Z   CI_RECEIPTS: /home/runner/work/_temp/novel-ci-backend-file-shard-0.fPkg4q/receipts
2026-10-09T13:25:35.2837079Z   HOME: /home/runner/work/_temp/novel-ci-backend-file-shard-0.fPkg4q/project/.runtime/ci-backend/home
2026-10-09T13:25:35.2837783Z   USERPROFILE: /home/runner/work/_temp/novel-ci-backend-file-shard-0.fPkg4q/project/.runtime/ci-backend/home
2026-10-09T13:25:35.2838503Z   APPDATA: /home/runner/work/_temp/novel-ci-backend-file-shard-0.fPkg4q/project/.runtime/ci-backend/appdata
2026-10-09T13:25:35.2839265Z   LOCALAPPDATA: /home/runner/work/_temp/novel-ci-backend-file-shard-0.fPkg4q/project/.runtime/ci-backend/localappdata
2026-10-09T13:25:35.2840037Z   XDG_CONFIG_HOME: /home/runner/work/_temp/novel-ci-backend-file-shard-0.fPkg4q/project/.runtime/ci-backend/config
2026-10-09T13:25:35.2840772Z   XDG_CACHE_HOME: /home/runner/work/_temp/novel-ci-backend-file-shard-0.fPkg4q/project/.runtime/ci-backend/cache
2026-10-09T13:25:35.2841497Z   XDG_DATA_HOME: /home/runner/work/_temp/novel-ci-backend-file-shard-0.fPkg4q/project/.runtime/ci-backend/data
2026-10-09T13:25:35.2842372Z   XDG_STATE_HOME: /home/runner/work/_temp/novel-ci-backend-file-shard-0.fPkg4q/project/.runtime/ci-backend/state
2026-10-09T13:25:35.2843834Z   TMPDIR: /home/runner/work/_temp/novel-ci-backend-file-shard-0.fPkg4q/project/.runtime/ci-backend/tmp
2026-10-09T13:25:35.2845043Z   TMP: /home/runner/work/_temp/novel-ci-backend-file-shard-0.fPkg4q/project/.runtime/ci-backend/tmp
2026-10-09T13:25:35.2846226Z   TEMP: /home/runner/work/_temp/novel-ci-backend-file-shard-0.fPkg4q/project/.runtime/ci-backend/tmp
2026-10-09T13:25:35.2847182Z   PROJECT_ROOT: /home/runner/work/_temp/novel-ci-backend-file-shard-0.fPkg4q/project
2026-10-09T13:25:35.2848361Z   NOVEL_DATA_PATH: /home/runner/work/_temp/novel-ci-backend-file-shard-0.fPkg4q/project/.runtime/ci-backend/data/novels
2026-10-09T13:25:35.2849760Z   BACKUP_PATH: /home/runner/work/_temp/novel-ci-backend-file-shard-0.fPkg4q/project/.runtime/ci-backend/data/backups
2026-10-09T13:25:35.2851121Z   DATABASE_BACKUP_PATH: /home/runner/work/_temp/novel-ci-backend-file-shard-0.fPkg4q/project/.runtime/ci-backend/data/database-backups
2026-10-09T13:25:35.2852862Z   KNOWLEDGE_SOURCE_PATH: /home/runner/work/_temp/novel-ci-backend-file-shard-0.fPkg4q/project/.runtime/ci-backend/data/novels
2026-10-09T13:25:35.2854247Z   CI_V2_RUNTIME: /home/runner/work/_temp/novel-ci-backend-file-shard-0.fPkg4q/project/.runtime/ci-backend
2026-10-09T13:25:35.2854752Z ##[endgroup]
2026-10-09T13:25:55.5489734Z ##[group]Run python -m pytest -p no:cacheprovider --basetemp="$CI_SANDBOX/coverage-selftest" -q \
2026-10-09T13:25:55.5490451Z [36;1mpython -m pytest -p no:cacheprovider --basetemp="$CI_SANDBOX/coverage-selftest" -q \[0m
2026-10-09T13:25:55.5491048Z [36;1m  .github/ci/test_suite_coverage.py .github/ci/test_coverage_reconcile.py \[0m
2026-10-09T13:25:55.5491599Z [36;1m  .github/ci/test_v2_manifest_extension.py .github/ci/test_v2_check_runner.py \[0m
2026-10-09T13:25:55.5492069Z [36;1m  .github/ci/test_v2_browser_job.py \[0m
2026-10-09T13:25:55.5492415Z [36;1m  --junitxml="$CI_RECEIPTS/coverage-harness.xml"[0m
2026-10-09T13:25:55.5554907Z shell: /usr/bin/bash -e {0}
2026-10-09T13:25:55.5555154Z env:
2026-10-09T13:25:55.5555345Z   MOCK_PROVIDER: true
2026-10-09T13:25:55.5555566Z   MOCK_STREAM_DELAY_MS: 0
2026-10-09T13:25:55.5555786Z   ENABLE_CLOUD: false
2026-10-09T13:25:55.5556006Z   CREDENTIAL_VAULT_BACKEND: memory
2026-10-09T13:25:55.5556494Z   CREDENTIAL_VAULT_ALLOW_MEMORY_FALLBACK: true
2026-10-09T13:25:55.5556799Z   PYTHONDONTWRITEBYTECODE: 1
2026-10-09T13:25:55.5557041Z   HF_HUB_OFFLINE: 1
2026-10-09T13:25:55.5557254Z   TRANSFORMERS_OFFLINE: 1
2026-10-09T13:25:55.5557537Z   pythonLocation: /opt/hostedtoolcache/Python/3.12.9/x64
2026-10-09T13:25:55.5557952Z   PKG_CONFIG_PATH: /opt/hostedtoolcache/Python/3.12.9/x64/lib/pkgconfig
2026-10-09T13:25:55.5558376Z   Python_ROOT_DIR: /opt/hostedtoolcache/Python/3.12.9/x64
2026-10-09T13:25:55.5558754Z   Python2_ROOT_DIR: /opt/hostedtoolcache/Python/3.12.9/x64
2026-10-09T13:25:55.5559117Z   Python3_ROOT_DIR: /opt/hostedtoolcache/Python/3.12.9/x64
2026-10-09T13:25:55.5559486Z   LD_LIBRARY_PATH: /opt/hostedtoolcache/Python/3.12.9/x64/lib
2026-10-09T13:25:55.5559855Z   CI_COVERAGE_SHA: 2815d03ac31b3e132453f6b9ad63eff777269468
2026-10-09T13:25:55.5560227Z   CI_COVERAGE_TREE: 7b06f7eb213893ec41e4ded14810b82b070b7dc7
2026-10-09T13:25:55.5560675Z   CI_SANDBOX: /home/runner/work/_temp/novel-ci-backend-file-shard-0.fPkg4q
2026-10-09T13:25:55.5561210Z   CI_PROJECT: /home/runner/work/_temp/novel-ci-backend-file-shard-0.fPkg4q/project
2026-10-09T13:25:55.5561756Z   CI_RECEIPTS: /home/runner/work/_temp/novel-ci-backend-file-shard-0.fPkg4q/receipts
2026-10-09T13:25:55.5562378Z   HOME: /home/runner/work/_temp/novel-ci-backend-file-shard-0.fPkg4q/project/.runtime/ci-backend/home
2026-10-09T13:25:55.5563080Z   USERPROFILE: /home/runner/work/_temp/novel-ci-backend-file-shard-0.fPkg4q/project/.runtime/ci-backend/home
2026-10-09T13:25:55.5564167Z   APPDATA: /home/runner/work/_temp/novel-ci-backend-file-shard-0.fPkg4q/project/.runtime/ci-backend/appdata
2026-10-09T13:25:55.5564925Z   LOCALAPPDATA: /home/runner/work/_temp/novel-ci-backend-file-shard-0.fPkg4q/project/.runtime/ci-backend/localappdata
2026-10-09T13:25:55.5565689Z   XDG_CONFIG_HOME: /home/runner/work/_temp/novel-ci-backend-file-shard-0.fPkg4q/project/.runtime/ci-backend/config
2026-10-09T13:25:55.5566437Z   XDG_CACHE_HOME: /home/runner/work/_temp/novel-ci-backend-file-shard-0.fPkg4q/project/.runtime/ci-backend/cache
2026-10-09T13:25:55.5567194Z   XDG_DATA_HOME: /home/runner/work/_temp/novel-ci-backend-file-shard-0.fPkg4q/project/.runtime/ci-backend/data
2026-10-09T13:25:55.5567933Z   XDG_STATE_HOME: /home/runner/work/_temp/novel-ci-backend-file-shard-0.fPkg4q/project/.runtime/ci-backend/state
2026-10-09T13:25:55.5568639Z   TMPDIR: /home/runner/work/_temp/novel-ci-backend-file-shard-0.fPkg4q/project/.runtime/ci-backend/tmp
2026-10-09T13:25:55.5569348Z   TMP: /home/runner/work/_temp/novel-ci-backend-file-shard-0.fPkg4q/project/.runtime/ci-backend/tmp
2026-10-09T13:25:55.5570028Z   TEMP: /home/runner/work/_temp/novel-ci-backend-file-shard-0.fPkg4q/project/.runtime/ci-backend/tmp
2026-10-09T13:25:55.5570657Z   PROJECT_ROOT: /home/runner/work/_temp/novel-ci-backend-file-shard-0.fPkg4q/project
2026-10-09T13:25:55.5571367Z   NOVEL_DATA_PATH: /home/runner/work/_temp/novel-ci-backend-file-shard-0.fPkg4q/project/.runtime/ci-backend/data/novels
2026-10-09T13:25:55.5572356Z   BACKUP_PATH: /home/runner/work/_temp/novel-ci-backend-file-shard-0.fPkg4q/project/.runtime/ci-backend/data/backups
2026-10-09T13:25:55.5573446Z   DATABASE_BACKUP_PATH: /home/runner/work/_temp/novel-ci-backend-file-shard-0.fPkg4q/project/.runtime/ci-backend/data/database-backups
2026-10-09T13:25:55.5574404Z   KNOWLEDGE_SOURCE_PATH: /home/runner/work/_temp/novel-ci-backend-file-shard-0.fPkg4q/project/.runtime/ci-backend/data/novels
2026-10-09T13:25:55.5575175Z   CI_V2_RUNTIME: /home/runner/work/_temp/novel-ci-backend-file-shard-0.fPkg4q/project/.runtime/ci-backend
2026-10-09T13:25:55.5575896Z   R2_TEST_FONT_FILE: /home/runner/work/_temp/novel-ci-backend-file-shard-0.fPkg4q/fonts/NotoSansSC-Regular.ttf
2026-10-09T13:25:55.5576392Z ##[endgroup]
2026-10-09T13:26:06.7577434Z ........................................................................ [ 41%]
2026-10-09T13:26:07.1049612Z ........................................................................ [ 82%]
2026-10-09T13:26:09.3211574Z ..............................                                           [100%]
2026-10-09T13:26:09.3213553Z - generated xml file: /home/runner/work/_temp/novel-ci-backend-file-shard-0.fPkg4q/receipts/coverage-harness.xml -
2026-10-09T13:26:09.3214467Z 174 passed in 12.85s
2026-10-09T13:26:09.3589859Z ##[group]Run set -o pipefail
2026-10-09T13:26:09.3590181Z [36;1mset -o pipefail[0m
2026-10-09T13:26:09.3590903Z [36;1mPYTHONPATH="$CI_PROJECT/.github/ci:$CI_PROJECT" python -m pytest -p postgres_gate -p suite_coverage -p no:cacheprovider --basetemp="$CI_V2_RUNTIME/pytest" -q -ra --tb=short \[0m
2026-10-09T13:26:09.3591760Z [36;1m  --ci-coverage-manifest=.github/ci/coverage_manifest_v2.json.gz \[0m
2026-10-09T13:26:09.3592235Z [36;1m  --ci-scope=backend --ci-shard-index=0 --ci-shard-count=1 \[0m
2026-10-09T13:26:09.3592834Z [36;1m  --ci-coverage-dir="$CI_RECEIPTS" --junitxml="$CI_RECEIPTS/backend.xml" 2>&1 | tee "$CI_RECEIPTS/backend.log"[0m
2026-10-09T13:26:09.3655009Z shell: /usr/bin/bash -e {0}
2026-10-09T13:26:09.3655269Z env:
2026-10-09T13:26:09.3655460Z   MOCK_PROVIDER: true
2026-10-09T13:26:09.3655682Z   MOCK_STREAM_DELAY_MS: 0
2026-10-09T13:26:09.3655907Z   ENABLE_CLOUD: false
2026-10-09T13:26:09.3656124Z   CREDENTIAL_VAULT_BACKEND: memory
2026-10-09T13:26:09.3656432Z   CREDENTIAL_VAULT_ALLOW_MEMORY_FALLBACK: true
2026-10-09T13:26:09.3656749Z   PYTHONDONTWRITEBYTECODE: 1
2026-10-09T13:26:09.3656987Z   HF_HUB_OFFLINE: 1
2026-10-09T13:26:09.3657188Z   TRANSFORMERS_OFFLINE: 1
2026-10-09T13:26:09.3657474Z   pythonLocation: /opt/hostedtoolcache/Python/3.12.9/x64
2026-10-09T13:26:09.3657910Z   PKG_CONFIG_PATH: /opt/hostedtoolcache/Python/3.12.9/x64/lib/pkgconfig
2026-10-09T13:26:09.3658328Z   Python_ROOT_DIR: /opt/hostedtoolcache/Python/3.12.9/x64
2026-10-09T13:26:09.3658700Z   Python2_ROOT_DIR: /opt/hostedtoolcache/Python/3.12.9/x64
2026-10-09T13:26:09.3659092Z   Python3_ROOT_DIR: /opt/hostedtoolcache/Python/3.12.9/x64
2026-10-09T13:26:09.3659479Z   LD_LIBRARY_PATH: /opt/hostedtoolcache/Python/3.12.9/x64/lib
2026-10-09T13:26:09.3659859Z   CI_COVERAGE_SHA: 2815d03ac31b3e132453f6b9ad63eff777269468
2026-10-09T13:26:09.3660226Z   CI_COVERAGE_TREE: 7b06f7eb213893ec41e4ded14810b82b070b7dc7
2026-10-09T13:26:09.3660659Z   CI_SANDBOX: /home/runner/work/_temp/novel-ci-backend-file-shard-0.fPkg4q
2026-10-09T13:26:09.3661178Z   CI_PROJECT: /home/runner/work/_temp/novel-ci-backend-file-shard-0.fPkg4q/project
2026-10-09T13:26:09.3662062Z   CI_RECEIPTS: /home/runner/work/_temp/novel-ci-backend-file-shard-0.fPkg4q/receipts
2026-10-09T13:26:09.3662940Z   HOME: /home/runner/work/_temp/novel-ci-backend-file-shard-0.fPkg4q/project/.runtime/ci-backend/home
2026-10-09T13:26:09.3663817Z   USERPROFILE: /home/runner/work/_temp/novel-ci-backend-file-shard-0.fPkg4q/project/.runtime/ci-backend/home
2026-10-09T13:26:09.3664568Z   APPDATA: /home/runner/work/_temp/novel-ci-backend-file-shard-0.fPkg4q/project/.runtime/ci-backend/appdata
2026-10-09T13:26:09.3665321Z   LOCALAPPDATA: /home/runner/work/_temp/novel-ci-backend-file-shard-0.fPkg4q/project/.runtime/ci-backend/localappdata
2026-10-09T13:26:09.3666108Z   XDG_CONFIG_HOME: /home/runner/work/_temp/novel-ci-backend-file-shard-0.fPkg4q/project/.runtime/ci-backend/config
2026-10-09T13:26:09.3666857Z   XDG_CACHE_HOME: /home/runner/work/_temp/novel-ci-backend-file-shard-0.fPkg4q/project/.runtime/ci-backend/cache
2026-10-09T13:26:09.3667572Z   XDG_DATA_HOME: /home/runner/work/_temp/novel-ci-backend-file-shard-0.fPkg4q/project/.runtime/ci-backend/data
2026-10-09T13:26:09.3668297Z   XDG_STATE_HOME: /home/runner/work/_temp/novel-ci-backend-file-shard-0.fPkg4q/project/.runtime/ci-backend/state
2026-10-09T13:26:09.3668995Z   TMPDIR: /home/runner/work/_temp/novel-ci-backend-file-shard-0.fPkg4q/project/.runtime/ci-backend/tmp
2026-10-09T13:26:09.3669658Z   TMP: /home/runner/work/_temp/novel-ci-backend-file-shard-0.fPkg4q/project/.runtime/ci-backend/tmp
2026-10-09T13:26:09.3670312Z   TEMP: /home/runner/work/_temp/novel-ci-backend-file-shard-0.fPkg4q/project/.runtime/ci-backend/tmp
2026-10-09T13:26:09.3670944Z   PROJECT_ROOT: /home/runner/work/_temp/novel-ci-backend-file-shard-0.fPkg4q/project
2026-10-09T13:26:09.3671806Z   NOVEL_DATA_PATH: /home/runner/work/_temp/novel-ci-backend-file-shard-0.fPkg4q/project/.runtime/ci-backend/data/novels
2026-10-09T13:26:09.3672736Z   BACKUP_PATH: /home/runner/work/_temp/novel-ci-backend-file-shard-0.fPkg4q/project/.runtime/ci-backend/data/backups
2026-10-09T13:26:09.3673718Z   DATABASE_BACKUP_PATH: /home/runner/work/_temp/novel-ci-backend-file-shard-0.fPkg4q/project/.runtime/ci-backend/data/database-backups
2026-10-09T13:26:09.3674604Z   KNOWLEDGE_SOURCE_PATH: /home/runner/work/_temp/novel-ci-backend-file-shard-0.fPkg4q/project/.runtime/ci-backend/data/novels
2026-10-09T13:26:09.3675375Z   CI_V2_RUNTIME: /home/runner/work/_temp/novel-ci-backend-file-shard-0.fPkg4q/project/.runtime/ci-backend
2026-10-09T13:26:09.3676072Z   R2_TEST_FONT_FILE: /home/runner/work/_temp/novel-ci-backend-file-shard-0.fPkg4q/fonts/NotoSansSC-Regular.ttf
2026-10-09T13:26:09.3676576Z   STORAGE_BACKEND: file
2026-10-09T13:26:09.3676794Z   DATABASE_URL: 
2026-10-09T13:26:09.3677000Z   TEST_POSTGRES_DATABASE_URL: 
2026-10-09T13:26:09.3677232Z ##[endgroup]
2026-10-09T13:26:39.0095071Z ..ss..ss..ss....ssss..ss.....ssss...........................ssssss...... [  0%]
2026-10-09T13:26:45.2920339Z ......ssssssssssss..........................sss....ssss....ssss....ssss. [  1%]
2026-10-09T13:26:48.7917235Z ...ssss....ssss....ssss....ssss....ssss....ssss....ssss....ssss....ssss. [  2%]
2026-10-09T13:26:53.3099390Z ...ssss....ssss....ssss....ssss....ssss....ssss....ssss....ssss....ssss. [  2%]
2026-10-09T13:26:55.9986720Z ...ssss....ssss....ssss....ssss....ssss....ssss.................sss...ss [  3%]
2026-10-09T13:27:06.3671376Z s...............ssssss........s.s.......ssssss....ss..s.s...sss.s....... [  4%]
2026-10-09T13:27:10.6587398Z ........................................................................ [  5%]
2026-10-09T13:27:11.6848812Z ....................................s................................... [  5%]
2026-10-09T13:27:12.6142401Z ..............s.s.......ss.............................................. [  6%]
2026-10-09T13:27:12.7868323Z ...........................s............................................ [  7%]
2026-10-09T13:27:25.6740422Z ........................................................................ [  8%]
2026-10-09T13:27:33.7345298Z ..................................................ss.................... [  8%]
2026-10-09T13:27:39.7647265Z ................s....................................................... [  9%]
2026-10-09T13:27:40.2936708Z ........................................................................ [ 10%]
2026-10-09T13:27:46.2593879Z ........................................................................ [ 10%]
2026-10-09T13:27:49.3857250Z ........................................................................ [ 11%]
2026-10-09T13:27:50.2370580Z ........................................................................ [ 12%]
2026-10-09T13:27:50.3686701Z ........................................................................ [ 13%]
2026-10-09T13:27:53.6746354Z ..........................s........ss.s................................. [ 13%]
2026-10-09T13:27:58.4168143Z .............................s.........sssssssss.s..s.s.s.s.s...sss..s.s [ 14%]
2026-10-09T13:28:04.6929637Z .s.s...sss......ssssss.s.s.s.s.........s.s..s....ssss.s.s.s.s.s....ssss. [ 15%]
2026-10-09T13:28:15.4441327Z s.s.s......ssssss.s.s.s...................ss......ssss.................. [ 16%]
2026-10-09T13:28:26.3126426Z ........................................................................ [ 16%]
2026-10-09T13:28:28.4711937Z ........................................................................ [ 17%]
2026-10-09T13:28:28.8313653Z ........................................................................ [ 18%]
2026-10-09T13:28:29.7726048Z ........................................................................ [ 19%]
2026-10-09T13:28:34.0608971Z ........................................................................ [ 19%]
2026-10-09T13:28:42.6146762Z ........................................................................ [ 20%]
2026-10-09T13:28:44.4460613Z ........................................................................ [ 21%]
2026-10-09T13:28:44.6821911Z ........................................................................ [ 21%]
2026-10-09T13:28:55.6960025Z ........................................................................ [ 22%]
2026-10-09T13:28:58.5334344Z ........................................................................ [ 23%]
2026-10-09T13:29:03.8997352Z ..ss..ss....ssss......ssssss..ss..ss..ss..ss..ss..ss..ss..ss..ss..ss..ss [ 24%]
2026-10-09T13:29:07.9982094Z ..ss..ss..ss....ssss.s.s.s.s.s..ss....ssss.s..ss..ss..ss......ssssss..ss [ 24%]
2026-10-09T13:29:18.6073913Z ..ss..ss.s.s.s..s.s.s.s.s.s..s..s.s.s...ss.s..ss.s.s..ss...sss.s.......s [ 25%]
2026-10-09T13:29:30.2820811Z ssssss....ssss.s.s.s.s.s.s..ss..ss........ss..ss..ss..ss..ss..ss..ss..ss [ 26%]
2026-10-09T13:29:40.7661485Z ..s.s.s.s.s.......sssssss.s.s.s.s.s.s..ss.s.s.s....ssss.s.s.s.s..ss..ss. [ 27%]
2026-10-09T13:29:51.1394391Z .ss..ss..ss.s.s.s.s.s.s.s.s.s.s..ss..ss..ss..ss...ss.........ss......sss [ 27%]
2026-10-09T13:30:01.7188196Z sss..ss..ss..ss..ss..ss..ss....ssss..ss..ss.........ssssssss..ss.s.s.s.s [ 28%]
2026-10-09T13:30:08.2977072Z .s..................s.s.s.s.....sssss.s.s.s........s.s.s.s.s.s.s.s.s.s.s [ 29%]
2026-10-09T13:30:10.6994116Z .s....ssss..........ssssssssss.s.s.......s..s.s......ssssss.s.s.s..ss..s [ 30%]
2026-10-09T13:30:16.4002232Z s..ss..ss..ss..ss..ss..ss..ss..ss..ss....ssss...............s....ssss..s [ 30%]
2026-10-09T13:30:18.1812963Z s..ss....ssss....ssss..ss....ssss..ss..ss..ss..ss....ssss............... [ 31%]
2026-10-09T13:30:18.3373856Z ........................................................................ [ 32%]
2026-10-09T13:30:19.6804165Z ........s............................................................... [ 32%]
2026-10-09T13:30:23.6470887Z ............................ssssssss.................................... [ 33%]
2026-10-09T13:30:25.2181606Z ...........................ss........................................... [ 34%]
2026-10-09T13:30:27.3172450Z ........................................................................ [ 35%]
2026-10-09T13:30:29.8363540Z ........................................................................ [ 35%]
2026-10-09T13:30:30.1242742Z ................................sss..................................... [ 36%]
2026-10-09T13:30:32.5454412Z .........................s.s.s.s.s..s.s.s.s.s.s.s.s.s.s....ssss.s.s.s.s. [ 37%]
2026-10-09T13:30:36.6970209Z .s.s.....s.s.s.s.s.s.s.s.s.s.s.s.s.s.s...sss.s.s.s.s.s..........s.s.s.s. [ 38%]
2026-10-09T13:30:41.8869949Z s.s.s.s.s..s..ss..ss..ss..ss..ss..ss..ss..ss..ss.s.s.s.s.s.s.s.s.s.s.... [ 38%]
2026-10-09T13:30:43.4663215Z ..ssss.s.........sssssssss.s.s.s.s.s.s.s.s.s.s.s.s.s.s.s.s.s.s.s.s.s.s.s [ 39%]
2026-10-09T13:30:45.5815242Z .....................................................................ss. [ 40%]
2026-10-09T13:30:49.9578245Z .ss..ss..ss..ss..ss..ss..ss...............ss..ss..ss..ss..ss..ss..ss..ss [ 41%]
2026-10-09T13:31:30.8332868Z ..ss..ss..........ssssssss.s.s.s.s.s.s.s.s.s.s.s.s.s.s.s.s.s..ss..ss..ss [ 41%]
2026-10-09T13:32:15.4942385Z ..ss..ss..ss.......ss..ss..ss..ss.....s.s.s.s.s.s.s.s.s.s.s.s.s.s.s.s..s [ 42%]
2026-10-09T13:32:18.1902902Z s..ss.s.s.....sssss.....sssss.s.s.s.........sssssssss.s...sss.s.s.s.s.s. [ 43%]
2026-10-09T13:32:22.4928917Z s....ssss..s.s.s.s.s.s.s.s.s.s..ss..ss..ss......ssssss..ss..ss..ss..ss.. [ 43%]
2026-10-09T13:32:30.8293689Z ss..ss..ss..ss..ss....ssss..ss..ss..ss..ss..ss..ss................ssssss [ 44%]
2026-10-09T13:32:38.2324183Z ssssssssss..ss..ss..ss..ss..ss..ss..ss..ss....ssss..ss.s.s.s.s.s.s.s.s.s [ 45%]
2026-10-09T13:32:52.4238353Z .s...ss..ss..ss.........ss..ss..ss..ss..ss..ss..ss..ss..ss..ss..ss..ss.. [ 46%]
2026-10-09T13:32:56.1808472Z ......................s.s.s.s.s.s.s.s.s.s.s.s.s.s.s.s.s.s.s.s.s.s..ss..s [ 46%]
2026-10-09T13:33:08.0398902Z s..ss..ss..ss..ss..ss..ss...........s.s.s.s.s.s.s............s.s.s.s.s.s [ 47%]
2026-10-09T13:33:23.5096843Z .s.s.s.s.s.s.s.s.s.s.s.s.s..ss..ss..ss..ss......ssssss..ss..ss..ss..ss.. [ 48%]
2026-10-09T13:33:40.8588951Z ss.s.s.s.s..ss.s.s.s.s..ss.s.s.s.s.s.s.s.s.s.s.s.s.s.s.s.s.s.s.s.s.s.s.s [ 49%]
2026-10-09T13:33:52.6324108Z .s..ss..ss..ss..ss..ss..ss.s.s.s.s.s.s.s.s.s.s.s.s..s.s.s.s.s.s...s.s.s. [ 49%]
2026-10-09T13:34:12.3783291Z s.s.s.s.s.s.s.s..ss.....................................s.s.s..ss.s.s.s. [ 50%]
2026-10-09T13:34:15.1599523Z s.s.s.s.s.s.s..ss..ss..ss....ssss......ssssss.s.s....ssss.s......s.s.s.s [ 51%]
2026-10-09T13:34:20.5943196Z .s.s.s.s.s.s.s.s.s.s.s.s.s.s.s..ss..ss..ss.s....ssss....ssss....ssss.s.s [ 52%]
2026-10-09T13:34:24.5599967Z .s.s.s.s.s.s.s.s.s.s.s.s.s.s.s.s.s.s..ss..ss..ss..ss..ss.s.s.s.s........ [ 52%]
2026-10-09T13:35:13.2780991Z ssssssss.s....ssss.s.s.s.s.s.s..ss..ss..................ssssssssssssssss [ 53%]
2026-10-09T13:36:30.1657943Z ss..ss..ss..ss......ssssss....ssss..ss..ss..ss....ssss..ss..ss......ssss [ 54%]
2026-10-09T13:36:48.9204274Z ss..ss..ss..ss..ss..ss..ss..ss..ss..s.s.....sssss.s.s.s.s.s.s.s.s.s.s.s. [ 54%]
2026-10-09T13:36:51.3731971Z s.s..ss..ss..ss............ssssssssssss.....s.s....s.....s.s.s.s.s.s.s.s [ 55%]
2026-10-09T13:36:53.4973555Z ....ssss..ss.s.s.s.s.s.s.s.s.s.s.s.s.s.s.s.s.s.s.s.s.s.s.s.s.s.s.s.s.s.s [ 56%]
2026-10-09T13:37:00.4871793Z .s.s.s.s...sss.s....ssss.s.s.s.s.s.s.s.s..ss........ssssssss..ss....ssss [ 57%]
2026-10-09T13:37:24.0110981Z ..ss..........ss..ss...ss..ss..ss..ss..ss..ss..ss..ss..ss..ss..ss..ss..s [ 57%]
2026-10-09T13:37:28.3266378Z s..ss..ss..ss..ss..ss.s.s........ssssssss.s.s.s.s..........ssssssssss.s. [ 58%]
2026-10-09T13:37:31.3537364Z s.s.s.s.s...s.s.s.s.......................ssssss.s.s......ssssss.s.s.s.. [ 59%]
2026-10-09T13:37:37.2969337Z s.s.s..s.s.s.s.s.s..ss..ss..ss..ss..ss..ss..ss.s.s.s.s....ssss.s.s.s.s.s [ 60%]
2026-10-09T13:37:50.9040646Z .s.........ss..ss..ss..ss....ssss....ssss..ss..ss..ss..ss..ss..ss..ss..s [ 60%]
2026-10-09T13:38:12.6438202Z s..ss..ss..ss..ss..ss..ss..ss....ssss..ss..ss..ss..ss.s.s.s.s.s.s.s.s.s. [ 61%]
2026-10-09T13:38:17.5443774Z s.s.s.s.s.s.s.s.s.s.s.s.s.s.s.s.s.s..ss..ss..ss........ssssssss..ss..ss. [ 62%]
2026-10-09T13:38:24.7738791Z .ss......ssssssss.s.s.s.s..s.s..s.s.s.s.s.s.s..ss.s.s.s.s.s.s.s....s.s.s [ 63%]
2026-10-09T13:38:32.3504143Z .s.s.s.s.s..ss..ss..ss........ssssssss..ss..ss.s.s.s.s...sss.s.s.s.....s [ 63%]
2026-10-09T13:38:37.2543677Z ssss.s..ss..ss........ssssssss..ss.s.s.s.s.s.s.s.....sssss.s.s.s.s.s.s.. [ 64%]
2026-10-09T13:38:47.1829394Z ss..ss..ss..ss..ss..ss..ss..ss..ss..ss..ss..ss..ss..ss..ss..ss..ss..ss.. [ 65%]
2026-10-09T13:38:50.8738440Z ss..ss......ss.......................................s..s.......sss..... [ 65%]
2026-10-09T13:39:00.7297852Z ......................................sss..............................s [ 66%]
2026-10-09T13:39:07.3778577Z sssssssssssssssssssssssssssss......ssssss..ss..ss..ss....ssss..ss..ss..s [ 67%]
2026-10-09T13:39:13.2103681Z s..ss..ss..ss............ssssssssssss................................... [ 68%]
2026-10-09T13:39:14.5307121Z ...............................sssssssssssssssssssssssssssssssssssssssss [ 68%]
2026-10-09T13:39:16.1087513Z sssssssssssssssssssssssss..................ssssssssssssssssss..ss....... [ 69%]
2026-10-09T13:39:18.3663615Z .ssssssss....ssss............ssssssssssss......ssssss..ss..ss..ss..ss..s [ 70%]
2026-10-09T13:39:23.1651452Z s..........ssssssssss........ssssssss..ss............................... [ 71%]
2026-10-09T13:39:27.7049946Z .........................................sssssssssssssssssssssssssssssss [ 71%]
2026-10-09T13:39:30.1537775Z sssssssssssssssssssssssssssssssssssssssss............................... [ 72%]
2026-10-09T13:39:33.7198287Z .........................................sssssssssssssssssssssssssssssss [ 73%]
2026-10-09T13:39:36.4126152Z sssssssssssssssssssssssssssssssssssssssss............................... [ 74%]
2026-10-09T13:39:39.1464147Z .....ssssssssssssssssssssssssssssssssssss............ssssssssssss....... [ 74%]
2026-10-09T13:39:42.2202675Z .....ssssssssssss............ssssssssssss............ssssssssssss..ss... [ 75%]
2026-10-09T13:39:52.6824529Z ......................................................................ss [ 76%]
2026-10-09T13:39:52.9026755Z ssssssssssssssssssssssssssssssssssssssssssssssssssssssssssssssssssssss.. [ 76%]
2026-10-09T13:39:55.9894187Z ..........ssssssssssss....................................ssssssssssssss [ 77%]
2026-10-09T13:39:59.5089370Z ssssssssssssssssssssss............ssssssssssss.......................... [ 78%]
2026-10-09T13:40:02.0254780Z ......................ssssssssssssssssssssssssssssssssssssssssssssssss.. [ 79%]
2026-10-09T13:42:05.3606078Z ..........ssssssssssss..............................................sss. [ 79%]
2026-10-09T13:42:10.0353947Z s.s.........s.s.s.s.s.s.s.s.s.s.s.s.s.s.s.s.s.s.s.s.s......ssssss......s [ 80%]
2026-10-09T13:42:19.8352786Z sssss..ss..ss......ssssss......ssssss..ss..ss..ss..ss..ss..ss...ss..ss.. [ 81%]
2026-10-09T13:42:26.4448442Z ss..ss..ss..ss..ss..ss....ssss....ssss....ssss........ssssssss....ssss.. [ 82%]
2026-10-09T13:42:34.8045549Z ........ssssssssss..ss....ssss....ssss....ssss..ss........ssssssss....ss [ 82%]
2026-10-09T13:42:42.9882280Z ss....ssss....ssss....ssss........ssssssss..............ssssssssss..ss.. [ 83%]
2026-10-09T13:42:46.4807850Z ......ssssssss..ss..........ssssssssss..ss..ss..s.s.s.s.s.s.s.s.s.s.s.ss [ 84%]
2026-10-09T13:42:51.9431761Z ..ss..ss..ss..ss..ss..ss...ss..ss........ssssssss..ss..ss..ss..ss......s [ 85%]
2026-10-09T13:42:55.2372157Z sssss..ss..ss..ss..ssssssssssssss......ssssss......ssssss............sss [ 85%]
2026-10-09T13:42:57.3849295Z sssssssss......ssssss...sss...sss...sss.s.s...sss.s...sss.s...sss.s..ss. [ 86%]
2026-10-09T13:43:00.4713769Z s.s....ssss..ss..ss....ssss..ss..ss..ss..ss..ss....ssss......ssssss..ss. [ 87%]
2026-10-09T13:43:05.5208773Z ...ssss..ss..ss..ss..ss..ss..ss..ss.......ss.s.s.s.s.s.s.s..ss.s.s.s.s.s [ 87%]
2026-10-09T13:43:10.3851535Z ...ss..ss.s.s....ssss.s..ss..ss..ss.s.s..ss..ss....ssss..s.s.....sssss.s [ 88%]
2026-10-09T13:43:13.7072160Z .s..s.s.s.s.s....ssss..ss..ss..ss..ss..ss..ss..ss..ss..ss..ss..ss..ss..s [ 89%]
2026-10-09T13:43:18.1182046Z s..ss....ssss.s.s.s.s.s.s.s..ss.s.s.s.s..ss.s..ss..ss..ss..ss..ss..ss... [ 90%]
2026-10-09T13:43:22.3994149Z .....ssssssss..ss..ss..ss..ss..ss..ss..ss..ss........ssssssss..ss....sss [ 90%]
2026-10-09T13:43:26.6061634Z s..ss..ss....ssss..ss..ss..ss..ss...ss..ss..ss..ss..ss..ss..ss.s..ss.s.s [ 91%]
2026-10-09T13:43:28.9823664Z .s..ss..ss.s.s.s......ssssss.s.s.s.s..ss..ss..ss.................s...... [ 92%]
2026-10-09T13:43:30.2748906Z ..............ssssss.................................................... [ 93%]
2026-10-09T13:43:38.0867828Z .................sssssss...sss..ss.s.s..........ssssssssss..ss.s..ss...s [ 93%]
2026-10-09T13:43:46.2601454Z ss.s.s.s.........sssssssss.s.s.s.s..ss..ss..ss..ss...sss.s.s.s.s.s.s.s.. [ 94%]
2026-10-09T13:43:49.2164813Z .....sssssss.s.s.s.s.s.s...sss.s...ss.s.s.s.s.s.s.s.s.........sss.....ss [ 95%]
2026-10-09T13:44:48.6770044Z sss.s.s.s.s.s.s.s.s.s..ss..............ssssssssssssss..ss..ss..ss..ss..s [ 96%]
2026-10-09T13:44:50.5958660Z ##[error]The operation was canceled.
2026-10-09T13:44:50.6010069Z ##[group]Run python .github/ci/receipt.py "$CI_RECEIPTS"
2026-10-09T13:44:50.6010507Z [36;1mpython .github/ci/receipt.py "$CI_RECEIPTS"[0m
2026-10-09T13:44:50.6073089Z shell: /usr/bin/bash -e {0}
2026-10-09T13:44:50.6073707Z env:
2026-10-09T13:44:50.6073910Z   MOCK_PROVIDER: true
2026-10-09T13:44:50.6074139Z   MOCK_STREAM_DELAY_MS: 0
2026-10-09T13:44:50.6074366Z   ENABLE_CLOUD: false
2026-10-09T13:44:50.6074588Z   CREDENTIAL_VAULT_BACKEND: memory
2026-10-09T13:44:50.6074875Z   CREDENTIAL_VAULT_ALLOW_MEMORY_FALLBACK: true
2026-10-09T13:44:50.6075183Z   PYTHONDONTWRITEBYTECODE: 1
2026-10-09T13:44:50.6075427Z   HF_HUB_OFFLINE: 1
2026-10-09T13:44:50.6075651Z   TRANSFORMERS_OFFLINE: 1
2026-10-09T13:44:50.6075952Z   pythonLocation: /opt/hostedtoolcache/Python/3.12.9/x64
2026-10-09T13:44:50.6076384Z   PKG_CONFIG_PATH: /opt/hostedtoolcache/Python/3.12.9/x64/lib/pkgconfig
2026-10-09T13:44:50.6077018Z   Python_ROOT_DIR: /opt/hostedtoolcache/Python/3.12.9/x64
2026-10-09T13:44:50.6077435Z   Python2_ROOT_DIR: /opt/hostedtoolcache/Python/3.12.9/x64
2026-10-09T13:44:50.6077820Z   Python3_ROOT_DIR: /opt/hostedtoolcache/Python/3.12.9/x64
2026-10-09T13:44:50.6078195Z   LD_LIBRARY_PATH: /opt/hostedtoolcache/Python/3.12.9/x64/lib
2026-10-09T13:44:50.6078570Z   CI_COVERAGE_SHA: 2815d03ac31b3e132453f6b9ad63eff777269468
2026-10-09T13:44:50.6078938Z   CI_COVERAGE_TREE: 7b06f7eb213893ec41e4ded14810b82b070b7dc7
2026-10-09T13:44:50.6079370Z   CI_SANDBOX: /home/runner/work/_temp/novel-ci-backend-file-shard-0.fPkg4q
2026-10-09T13:44:50.6079900Z   CI_PROJECT: /home/runner/work/_temp/novel-ci-backend-file-shard-0.fPkg4q/project
2026-10-09T13:44:50.6080453Z   CI_RECEIPTS: /home/runner/work/_temp/novel-ci-backend-file-shard-0.fPkg4q/receipts
2026-10-09T13:44:50.6081068Z   HOME: /home/runner/work/_temp/novel-ci-backend-file-shard-0.fPkg4q/project/.runtime/ci-backend/home
2026-10-09T13:44:50.6081782Z   USERPROFILE: /home/runner/work/_temp/novel-ci-backend-file-shard-0.fPkg4q/project/.runtime/ci-backend/home
2026-10-09T13:44:50.6082515Z   APPDATA: /home/runner/work/_temp/novel-ci-backend-file-shard-0.fPkg4q/project/.runtime/ci-backend/appdata
2026-10-09T13:44:50.6083538Z   LOCALAPPDATA: /home/runner/work/_temp/novel-ci-backend-file-shard-0.fPkg4q/project/.runtime/ci-backend/localappdata
2026-10-09T13:44:50.6084339Z   XDG_CONFIG_HOME: /home/runner/work/_temp/novel-ci-backend-file-shard-0.fPkg4q/project/.runtime/ci-backend/config
2026-10-09T13:44:50.6085086Z   XDG_CACHE_HOME: /home/runner/work/_temp/novel-ci-backend-file-shard-0.fPkg4q/project/.runtime/ci-backend/cache
2026-10-09T13:44:50.6085808Z   XDG_DATA_HOME: /home/runner/work/_temp/novel-ci-backend-file-shard-0.fPkg4q/project/.runtime/ci-backend/data
2026-10-09T13:44:50.6086527Z   XDG_STATE_HOME: /home/runner/work/_temp/novel-ci-backend-file-shard-0.fPkg4q/project/.runtime/ci-backend/state
2026-10-09T13:44:50.6087239Z   TMPDIR: /home/runner/work/_temp/novel-ci-backend-file-shard-0.fPkg4q/project/.runtime/ci-backend/tmp
2026-10-09T13:44:50.6087944Z   TMP: /home/runner/work/_temp/novel-ci-backend-file-shard-0.fPkg4q/project/.runtime/ci-backend/tmp
2026-10-09T13:44:50.6088622Z   TEMP: /home/runner/work/_temp/novel-ci-backend-file-shard-0.fPkg4q/project/.runtime/ci-backend/tmp
2026-10-09T13:44:50.6089236Z   PROJECT_ROOT: /home/runner/work/_temp/novel-ci-backend-file-shard-0.fPkg4q/project
2026-10-09T13:44:50.6089916Z   NOVEL_DATA_PATH: /home/runner/work/_temp/novel-ci-backend-file-shard-0.fPkg4q/project/.runtime/ci-backend/data/novels
2026-10-09T13:44:50.6090700Z   BACKUP_PATH: /home/runner/work/_temp/novel-ci-backend-file-shard-0.fPkg4q/project/.runtime/ci-backend/data/backups
2026-10-09T13:44:50.6091538Z   DATABASE_BACKUP_PATH: /home/runner/work/_temp/novel-ci-backend-file-shard-0.fPkg4q/project/.runtime/ci-backend/data/database-backups
2026-10-09T13:44:50.6092414Z   KNOWLEDGE_SOURCE_PATH: /home/runner/work/_temp/novel-ci-backend-file-shard-0.fPkg4q/project/.runtime/ci-backend/data/novels
2026-10-09T13:44:50.6093577Z   CI_V2_RUNTIME: /home/runner/work/_temp/novel-ci-backend-file-shard-0.fPkg4q/project/.runtime/ci-backend
2026-10-09T13:44:50.6094362Z   R2_TEST_FONT_FILE: /home/runner/work/_temp/novel-ci-backend-file-shard-0.fPkg4q/fonts/NotoSansSC-Regular.ttf
2026-10-09T13:44:50.6094860Z ##[endgroup]
2026-10-09T13:44:50.6652511Z {
2026-10-09T13:44:50.6655422Z   "revision": "checked_out_sha=2815d03ac31b3e132453f6b9ad63eff777269468\nevent_sha=2815d03ac31b3e132453f6b9ad63eff777269468\nrun_url=https://github.com/1785235376-blip/AI-Novel-Studio/actions/runs/37936623135\njob=backend-file-shard-0\nplatform=Linux; native Windows host/AppContainer/installer=NOT RUN\n",
2026-10-09T13:44:50.6665246Z   "test_reports": {
2026-10-09T13:44:50.6665722Z     "coverage-harness.xml": {
2026-10-09T13:44:50.6666186Z       "tests": 174,
2026-10-09T13:44:50.6666561Z       "failures": 0,
2026-10-09T13:44:50.6666932Z       "errors": 0,
2026-10-09T13:44:50.6667812Z       "skipped": 0
2026-10-09T13:44:50.6668698Z     }
2026-10-09T13:44:50.6669844Z   },
2026-10-09T13:44:50.6670248Z   "report_status": "RECORDED",
2026-10-09T13:44:50.6672021Z   "native_windows_host_appcontainer_installer": "NOT RUN",
2026-10-09T13:44:50.6672434Z   "real_model_and_paid_provider_execution": "NOT RUN"
2026-10-09T13:44:50.6672722Z }
2026-10-09T13:44:50.6672820Z 
2026-10-09T13:44:50.6817591Z ##[group]Run actions/upload-artifact@v4.6.2
2026-10-09T13:44:50.6817915Z with:
2026-10-09T13:44:50.6818425Z   name: backend-file-shard-0-2815d03ac31b3e132453f6b9ad63eff777269468-attempt-1
2026-10-09T13:44:50.6819006Z   path: /home/runner/work/_temp/novel-ci-backend-file-shard-0.fPkg4q/receipts
2026-10-09T13:44:50.6819418Z   if-no-files-found: error
2026-10-09T13:44:50.6819720Z   retention-days: 14
2026-10-09T13:44:50.6820024Z   compression-level: 6
2026-10-09T13:44:50.6820425Z   overwrite: false
2026-10-09T13:44:50.6820821Z   include-hidden-files: false
2026-10-09T13:44:50.6821250Z env:
2026-10-09T13:44:50.6821603Z   MOCK_PROVIDER: true
2026-10-09T13:44:50.6822046Z   MOCK_STREAM_DELAY_MS: 0
2026-10-09T13:44:50.6822283Z   ENABLE_CLOUD: false
2026-10-09T13:44:50.6822499Z   CREDENTIAL_VAULT_BACKEND: memory
2026-10-09T13:44:50.6822778Z   CREDENTIAL_VAULT_ALLOW_MEMORY_FALLBACK: true
2026-10-09T13:44:50.6823078Z   PYTHONDONTWRITEBYTECODE: 1
2026-10-09T13:44:50.6823578Z   HF_HUB_OFFLINE: 1
2026-10-09T13:44:50.6823793Z   TRANSFORMERS_OFFLINE: 1
2026-10-09T13:44:50.6824077Z   pythonLocation: /opt/hostedtoolcache/Python/3.12.9/x64
2026-10-09T13:44:50.6824509Z   PKG_CONFIG_PATH: /opt/hostedtoolcache/Python/3.12.9/x64/lib/pkgconfig
2026-10-09T13:44:50.6824944Z   Python_ROOT_DIR: /opt/hostedtoolcache/Python/3.12.9/x64
2026-10-09T13:44:50.6825323Z   Python2_ROOT_DIR: /opt/hostedtoolcache/Python/3.12.9/x64
2026-10-09T13:44:50.6825694Z   Python3_ROOT_DIR: /opt/hostedtoolcache/Python/3.12.9/x64
2026-10-09T13:44:50.6826072Z   LD_LIBRARY_PATH: /opt/hostedtoolcache/Python/3.12.9/x64/lib
2026-10-09T13:44:50.6826446Z   CI_COVERAGE_SHA: 2815d03ac31b3e132453f6b9ad63eff777269468
2026-10-09T13:44:50.6826934Z   CI_COVERAGE_TREE: 7b06f7eb213893ec41e4ded14810b82b070b7dc7
2026-10-09T13:44:50.6827752Z   CI_SANDBOX: /home/runner/work/_temp/novel-ci-backend-file-shard-0.fPkg4q
2026-10-09T13:44:50.6828777Z   CI_PROJECT: /home/runner/work/_temp/novel-ci-backend-file-shard-0.fPkg4q/project
2026-10-09T13:44:50.6829769Z   CI_RECEIPTS: /home/runner/work/_temp/novel-ci-backend-file-shard-0.fPkg4q/receipts
2026-10-09T13:44:50.6830414Z   HOME: /home/runner/work/_temp/novel-ci-backend-file-shard-0.fPkg4q/project/.runtime/ci-backend/home
2026-10-09T13:44:50.6831134Z   USERPROFILE: /home/runner/work/_temp/novel-ci-backend-file-shard-0.fPkg4q/project/.runtime/ci-backend/home
2026-10-09T13:44:50.6831864Z   APPDATA: /home/runner/work/_temp/novel-ci-backend-file-shard-0.fPkg4q/project/.runtime/ci-backend/appdata
2026-10-09T13:44:50.6832623Z   LOCALAPPDATA: /home/runner/work/_temp/novel-ci-backend-file-shard-0.fPkg4q/project/.runtime/ci-backend/localappdata
2026-10-09T13:44:50.6833715Z   XDG_CONFIG_HOME: /home/runner/work/_temp/novel-ci-backend-file-shard-0.fPkg4q/project/.runtime/ci-backend/config
2026-10-09T13:44:50.6835189Z   XDG_CACHE_HOME: /home/runner/work/_temp/novel-ci-backend-file-shard-0.fPkg4q/project/.runtime/ci-backend/cache
2026-10-09T13:44:50.6836324Z   XDG_DATA_HOME: /home/runner/work/_temp/novel-ci-backend-file-shard-0.fPkg4q/project/.runtime/ci-backend/data
2026-10-09T13:44:50.6837076Z   XDG_STATE_HOME: /home/runner/work/_temp/novel-ci-backend-file-shard-0.fPkg4q/project/.runtime/ci-backend/state
2026-10-09T13:44:50.6837791Z   TMPDIR: /home/runner/work/_temp/novel-ci-backend-file-shard-0.fPkg4q/project/.runtime/ci-backend/tmp
2026-10-09T13:44:50.6838464Z   TMP: /home/runner/work/_temp/novel-ci-backend-file-shard-0.fPkg4q/project/.runtime/ci-backend/tmp
2026-10-09T13:44:50.6839125Z   TEMP: /home/runner/work/_temp/novel-ci-backend-file-shard-0.fPkg4q/project/.runtime/ci-backend/tmp
2026-10-09T13:44:50.6839783Z   PROJECT_ROOT: /home/runner/work/_temp/novel-ci-backend-file-shard-0.fPkg4q/project
2026-10-09T13:44:50.6841373Z   NOVEL_DATA_PATH: /home/runner/work/_temp/novel-ci-backend-file-shard-0.fPkg4q/project/.runtime/ci-backend/data/novels
2026-10-09T13:44:50.6842447Z   BACKUP_PATH: /home/runner/work/_temp/novel-ci-backend-file-shard-0.fPkg4q/project/.runtime/ci-backend/data/backups
2026-10-09T13:44:50.6843741Z   DATABASE_BACKUP_PATH: /home/runner/work/_temp/novel-ci-backend-file-shard-0.fPkg4q/project/.runtime/ci-backend/data/database-backups
2026-10-09T13:44:50.6844666Z   KNOWLEDGE_SOURCE_PATH: /home/runner/work/_temp/novel-ci-backend-file-shard-0.fPkg4q/project/.runtime/ci-backend/data/novels
2026-10-09T13:44:50.6845445Z   CI_V2_RUNTIME: /home/runner/work/_temp/novel-ci-backend-file-shard-0.fPkg4q/project/.runtime/ci-backend
2026-10-09T13:44:50.6846166Z   R2_TEST_FONT_FILE: /home/runner/work/_temp/novel-ci-backend-file-shard-0.fPkg4q/fonts/NotoSansSC-Regular.ttf
2026-10-09T13:44:50.6846670Z ##[endgroup]
2026-10-09T13:44:50.9156460Z (node:46144) [DEP0040] DeprecationWarning: The `punycode` module is deprecated. Please use a userland alternative instead.
2026-10-09T13:44:50.9157668Z (Use `node --trace-deprecation ...` to show where the warning was created)
2026-10-09T13:44:50.9255009Z With the provided path, there will be 10 files uploaded
2026-10-09T13:44:50.9258541Z Artifact name is valid!
2026-10-09T13:44:50.9270763Z Root directory input is valid!
2026-10-09T13:44:51.3198233Z Beginning upload of artifact content to blob storage
2026-10-09T13:44:51.4590369Z (node:46144) [DEP0169] DeprecationWarning: `url.parse()` behavior is not standardized and prone to errors that have security implications. Use the WHATWG URL API instead. CVEs are not issued for `url.parse()` vulnerabilities.
2026-10-09T13:44:51.4938580Z Uploaded bytes 492118
2026-10-09T13:44:51.5118592Z Finished uploading artifact content to blob storage!
2026-10-09T13:44:51.5119794Z SHA256 digest of uploaded artifact zip is c76141ff29c18c7501060db2bdad0be4070e1e60052ea5ebc9b76b6c7d4b2196
2026-10-09T13:44:51.5122439Z Finalizing artifact upload
2026-10-09T13:44:51.7416336Z Artifact backend-file-shard-0-2815d03ac31b3e132453f6b9ad63eff777269468-attempt-1.zip successfully finalized. Artifact ID 11620431432
2026-10-09T13:44:51.7418942Z Artifact backend-file-shard-0-2815d03ac31b3e132453f6b9ad63eff777269468-attempt-1 has been successfully uploaded! Final size is 492118 bytes. Artifact ID is 11620431432
2026-10-09T13:44:51.7424640Z Artifact download URL: https://github.com/1785235376-blip/AI-Novel-Studio/actions/runs/37936623135/artifacts/11620431432
2026-10-09T13:44:51.7689660Z Post job cleanup.
2026-10-09T13:44:51.8853523Z [command]/usr/bin/git version
2026-10-09T13:44:51.8894722Z git version 2.55.0
2026-10-09T13:44:51.8953689Z Temporarily overriding HOME='/home/runner/work/_temp/9fe7f5ff-ba22-4fd2-ab6b-1da14d56a381' before making global git config changes
2026-10-09T13:44:51.8955789Z Adding repository directory to the temporary git global config as a safe directory
2026-10-09T13:44:51.8957126Z [command]/usr/bin/git config --global --add safe.directory /home/runner/work/AI-Novel-Studio/AI-Novel-Studio
2026-10-09T13:44:51.9010401Z [command]/usr/bin/git config --local --name-only --get-regexp core\.sshCommand
2026-10-09T13:44:51.9074035Z [command]/usr/bin/git submodule foreach --recursive sh -c "git config --local --name-only --get-regexp 'core\.sshCommand' && git config --local --unset-all 'core.sshCommand' || :"
2026-10-09T13:44:51.9376830Z [command]/usr/bin/git config --local --name-only --get-regexp http\.https\:\/\/github\.com\/\.extraheader
2026-10-09T13:44:51.9449849Z [command]/usr/bin/git submodule foreach --recursive sh -c "git config --local --name-only --get-regexp 'http\.https\:\/\/github\.com\/\.extraheader' && git config --local --unset-all 'http.https://github.com/.extraheader' || :"
2026-10-09T13:44:51.9986954Z Cleaning up orphan processes
2026-10-09T13:44:52.0217494Z Terminate orphan process: pid (3754) (python)
2026-10-09T13:44:52.0247509Z Terminate orphan process: pid (3755) (tee)
2026-10-09T13:44:52.0279499Z Terminate orphan process: pid (6820) (python)
2026-10-09T13:44:52.0320813Z ##[warning]Node.js 20 is deprecated. The following actions target Node.js 20 but are being forced to run on Node.js 24: actions/checkout@v4.2.2, actions/setup-python@v5.6.0, actions/upload-artifact@v4.6.2. For more information see: https://github.blog/changelog/2025-09-19-deprecation-of-node-20-on-github-actions-runners/
