2026-10-09T13:24:34.4145978Z Current runner version: '2.337.0'
2026-10-09T13:24:34.4169684Z ##[group]Runner Image Provisioner
2026-10-09T13:24:34.4170494Z Hosted Compute Agent
2026-10-09T13:24:34.4171065Z Version: 20261002.596
2026-10-09T13:24:34.4171672Z Commit: c3d12f3313a95f25162a1503be624f3b0617f8c0
2026-10-09T13:24:34.4172306Z Build Date: 2026-10-02T22:28:27Z
2026-10-09T13:24:34.4173079Z Worker ID: {271bbee3-a3e3-40c5-a92a-05872d8fdcb3}
2026-10-09T13:24:34.4173751Z Region: westus3
2026-10-09T13:24:34.4174260Z Cloud: Azure
2026-10-09T13:24:34.4174756Z ##[endgroup]
2026-10-09T13:24:34.4176116Z ##[group]Operating System
2026-10-09T13:24:34.4176712Z Ubuntu
2026-10-09T13:24:34.4177206Z 24.04.5
2026-10-09T13:24:34.4177650Z LTS
2026-10-09T13:24:34.4178133Z ##[endgroup]
2026-10-09T13:24:34.4178657Z ##[group]Runner Image
2026-10-09T13:24:34.4179217Z Image: ubuntu-24.04
2026-10-09T13:24:34.4179756Z Version: 20261004.327.1
2026-10-09T13:24:34.4180915Z Included Software: https://github.com/actions/runner-images/blob/ubuntu24/20261004.327/images/ubuntu/Ubuntu2404-Readme.md
2026-10-09T13:24:34.4182307Z Image Release: https://github.com/actions/runner-images/releases/tag/ubuntu24%2F20261004.327
2026-10-09T13:24:34.4183523Z ##[endgroup]
2026-10-09T13:24:34.4184535Z ##[group]GITHUB_TOKEN Permissions
2026-10-09T13:24:34.4186477Z Contents: read
2026-10-09T13:24:34.4186998Z Metadata: read
2026-10-09T13:24:34.4187534Z ##[endgroup]
2026-10-09T13:24:34.4189625Z Secret source: Actions
2026-10-09T13:24:34.4190482Z Cache mode: write
2026-10-09T13:24:34.4191181Z Prepare workflow directory
2026-10-09T13:24:34.4784930Z Prepare all required actions
2026-10-09T13:24:34.4831890Z Getting action download info
2026-10-09T13:24:34.7846324Z Download action repository 'actions/checkout@v4.2.2' (SHA:11bd71901bbe5b1630ceea73d27597364c9af683)
2026-10-09T13:24:34.8998859Z Download action repository 'actions/setup-python@v5.6.0' (SHA:a26af69be951a213d495a4c3e4e4022e16d87065)
2026-10-09T13:24:34.9948303Z Download action repository 'actions/upload-artifact@v4.6.2' (SHA:ea165f8d65b6e75b540449e92b4886f43607fa02)
2026-10-09T13:24:35.1755257Z Complete job name: Backend execution / postgres / shard 1
2026-10-09T13:24:35.2346282Z ##[group]Checking docker version
2026-10-09T13:24:35.2359263Z ##[command]/usr/bin/docker version --format '{{.Server.APIVersion}}'
2026-10-09T13:24:35.3125916Z '1.48'
2026-10-09T13:24:35.3135599Z Docker daemon API version: '1.48'
2026-10-09T13:24:35.3136317Z ##[command]/usr/bin/docker version --format '{{.Client.APIVersion}}'
2026-10-09T13:24:35.3297129Z '1.48'
2026-10-09T13:24:35.3305401Z Docker client API version: '1.48'
2026-10-09T13:24:35.3310881Z ##[endgroup]
2026-10-09T13:24:35.3313858Z ##[group]Clean up resources from previous jobs
2026-10-09T13:24:35.3319147Z ##[command]/usr/bin/docker ps --all --quiet --no-trunc --filter "label=ab03cb"
2026-10-09T13:24:35.3458961Z ##[command]/usr/bin/docker network prune --force --filter "label=ab03cb"
2026-10-09T13:24:35.3577949Z ##[endgroup]
2026-10-09T13:24:35.3578436Z ##[group]Create local container network
2026-10-09T13:24:35.3588320Z ##[command]/usr/bin/docker network create --label ab03cb github_network_53345fac4c424ee6afb79fca65b807a2
2026-10-09T13:24:35.4051328Z 5153d7fbe9059a1e251528298044c589fe6dffa425231da3d9b53eecd4fca94f
2026-10-09T13:24:35.4063397Z ##[endgroup]
2026-10-09T13:24:35.4088293Z ##[group]Starting postgres service container
2026-10-09T13:24:35.4108646Z ##[command]/usr/bin/docker pull postgres:16-alpine
2026-10-09T13:24:36.1833711Z 16-alpine: Pulling from library/postgres
2026-10-09T13:24:36.3966854Z e2de96513ba9: Already exists
2026-10-09T13:24:36.3993658Z 1b7f9cd581ee: Pulling fs layer
2026-10-09T13:24:36.3995279Z 210b280f9556: Pulling fs layer
2026-10-09T13:24:36.3996851Z 81717818649a: Pulling fs layer
2026-10-09T13:24:36.3998373Z 3ae6141cfd99: Pulling fs layer
2026-10-09T13:24:36.3999893Z 25b77f59fd95: Pulling fs layer
2026-10-09T13:24:36.4001367Z 6c25da34e03f: Pulling fs layer
2026-10-09T13:24:36.4002859Z a88782f92806: Pulling fs layer
2026-10-09T13:24:36.4004495Z d8d21be4bf02: Pulling fs layer
2026-10-09T13:24:36.4006469Z 6117bd39f23f: Pulling fs layer
2026-10-09T13:24:36.4008028Z 509688edf37b: Pulling fs layer
2026-10-09T13:24:36.4009569Z 6c25da34e03f: Waiting
2026-10-09T13:24:36.4011120Z a88782f92806: Waiting
2026-10-09T13:24:36.4012509Z d8d21be4bf02: Waiting
2026-10-09T13:24:36.4014115Z 6117bd39f23f: Waiting
2026-10-09T13:24:36.4015526Z 509688edf37b: Waiting
2026-10-09T13:24:36.4016895Z 3ae6141cfd99: Waiting
2026-10-09T13:24:36.4018327Z 25b77f59fd95: Waiting
2026-10-09T13:24:36.5660675Z 1b7f9cd581ee: Verifying Checksum
2026-10-09T13:24:36.5661306Z 1b7f9cd581ee: Download complete
2026-10-09T13:24:36.5661611Z 81717818649a: Download complete
2026-10-09T13:24:36.5711316Z 210b280f9556: Verifying Checksum
2026-10-09T13:24:36.5711817Z 210b280f9556: Download complete
2026-10-09T13:24:36.6039055Z 1b7f9cd581ee: Pull complete
2026-10-09T13:24:36.6728008Z 210b280f9556: Pull complete
2026-10-09T13:24:36.6805687Z 81717818649a: Pull complete
2026-10-09T13:24:36.7325253Z 3ae6141cfd99: Verifying Checksum
2026-10-09T13:24:36.7329296Z 3ae6141cfd99: Download complete
2026-10-09T13:24:36.7383611Z 3ae6141cfd99: Pull complete
2026-10-09T13:24:36.7494276Z 6c25da34e03f: Verifying Checksum
2026-10-09T13:24:36.7495398Z 6c25da34e03f: Download complete
2026-10-09T13:24:36.8999743Z a88782f92806: Verifying Checksum
2026-10-09T13:24:36.9001100Z a88782f92806: Download complete
2026-10-09T13:24:36.9211433Z d8d21be4bf02: Verifying Checksum
2026-10-09T13:24:36.9213335Z d8d21be4bf02: Download complete
2026-10-09T13:24:36.9998757Z 25b77f59fd95: Verifying Checksum
2026-10-09T13:24:36.9999283Z 25b77f59fd95: Download complete
2026-10-09T13:24:37.0665686Z 6117bd39f23f: Verifying Checksum
2026-10-09T13:24:37.0666312Z 6117bd39f23f: Download complete
2026-10-09T13:24:37.0895394Z 509688edf37b: Verifying Checksum
2026-10-09T13:24:37.0895980Z 509688edf37b: Download complete
2026-10-09T13:24:39.2008006Z 25b77f59fd95: Pull complete
2026-10-09T13:24:39.2111038Z 6c25da34e03f: Pull complete
2026-10-09T13:24:39.2233386Z a88782f92806: Pull complete
2026-10-09T13:24:39.2316119Z d8d21be4bf02: Pull complete
2026-10-09T13:24:39.2387507Z 6117bd39f23f: Pull complete
2026-10-09T13:24:39.2458391Z 509688edf37b: Pull complete
2026-10-09T13:24:39.2493376Z Digest: sha256:721873c34ceb9f8d8fc265984940dc982404c105f19ad51be9fdc5970a6080ea
2026-10-09T13:24:39.2503692Z Status: Downloaded newer image for postgres:16-alpine
2026-10-09T13:24:39.2531650Z docker.io/library/postgres:16-alpine
2026-10-09T13:24:39.2586420Z ##[command]/usr/bin/docker create --name 7c015ab90f0542a99a7697af79474653_postgres16alpine_21f4e0 --label ab03cb --network github_network_53345fac4c424ee6afb79fca65b807a2 --network-alias postgres -p 5432:5432 --health-cmd "pg_isready -U ci -d novel_ci" --health-interval 5s --health-timeout 5s --health-retries 12 -e "POSTGRES_USER=ci" -e "POSTGRES_PASSWORD=ci-ephemeral-only" -e "POSTGRES_DB=novel_ci" -e GITHUB_ACTIONS=true -e CI=true postgres:16-alpine
2026-10-09T13:24:39.2816312Z 522c7d4c3b5257b82c6538f1614e6acd12c3f9b98a7de2e37be9f53dca483be9
2026-10-09T13:24:39.2834637Z ##[command]/usr/bin/docker start 522c7d4c3b5257b82c6538f1614e6acd12c3f9b98a7de2e37be9f53dca483be9
2026-10-09T13:24:39.5465184Z 522c7d4c3b5257b82c6538f1614e6acd12c3f9b98a7de2e37be9f53dca483be9
2026-10-09T13:24:39.5480431Z ##[command]/usr/bin/docker ps --all --filter id=522c7d4c3b5257b82c6538f1614e6acd12c3f9b98a7de2e37be9f53dca483be9 --filter status=running --no-trunc --format "{{.ID}} {{.Status}}"
2026-10-09T13:24:39.5618339Z 522c7d4c3b5257b82c6538f1614e6acd12c3f9b98a7de2e37be9f53dca483be9 Up Less than a second (health: starting)
2026-10-09T13:24:39.5635037Z ##[command]/usr/bin/docker port 522c7d4c3b5257b82c6538f1614e6acd12c3f9b98a7de2e37be9f53dca483be9
2026-10-09T13:24:39.5753888Z 5432/tcp -> 0.0.0.0:5432
2026-10-09T13:24:39.5754416Z 5432/tcp -> [::]:5432
2026-10-09T13:24:39.5793916Z ##[endgroup]
2026-10-09T13:24:39.5802222Z ##[group]Waiting for all services to be ready
2026-10-09T13:24:39.5815629Z ##[command]/usr/bin/docker inspect --format="{{if .Config.Healthcheck}}{{print .State.Health.Status}}{{end}}" 522c7d4c3b5257b82c6538f1614e6acd12c3f9b98a7de2e37be9f53dca483be9
2026-10-09T13:24:39.5941953Z starting
2026-10-09T13:24:39.5957168Z postgres service is starting, waiting 2 seconds before checking again.
2026-10-09T13:24:41.5958792Z ##[command]/usr/bin/docker inspect --format="{{if .Config.Healthcheck}}{{print .State.Health.Status}}{{end}}" 522c7d4c3b5257b82c6538f1614e6acd12c3f9b98a7de2e37be9f53dca483be9
2026-10-09T13:24:41.6092655Z starting
2026-10-09T13:24:41.6101221Z postgres service is starting, waiting 4 seconds before checking again.
2026-10-09T13:24:45.9055505Z ##[command]/usr/bin/docker inspect --format="{{if .Config.Healthcheck}}{{print .State.Health.Status}}{{end}}" 522c7d4c3b5257b82c6538f1614e6acd12c3f9b98a7de2e37be9f53dca483be9
2026-10-09T13:24:45.9195545Z healthy
2026-10-09T13:24:45.9214315Z postgres service is healthy.
2026-10-09T13:24:45.9214964Z ##[endgroup]
2026-10-09T13:24:45.9484190Z ##[group]Run actions/checkout@v4.2.2
2026-10-09T13:24:45.9484777Z with:
2026-10-09T13:24:45.9484997Z   persist-credentials: false
2026-10-09T13:24:45.9485289Z   repository: 1785235376-blip/AI-Novel-Studio
2026-10-09T13:24:45.9488248Z   token: ***
2026-10-09T13:24:45.9488448Z   ssh-strict: true
2026-10-09T13:24:45.9488651Z   ssh-user: git
2026-10-09T13:24:45.9488846Z   clean: true
2026-10-09T13:24:45.9489059Z   sparse-checkout-cone-mode: true
2026-10-09T13:24:45.9489322Z   fetch-depth: 1
2026-10-09T13:24:45.9489530Z   fetch-tags: false
2026-10-09T13:24:45.9489739Z   show-progress: true
2026-10-09T13:24:45.9489938Z   lfs: false
2026-10-09T13:24:45.9490116Z   submodules: false
2026-10-09T13:24:45.9490313Z   set-safe-directory: true
2026-10-09T13:24:45.9490710Z env:
2026-10-09T13:24:45.9490888Z   MOCK_PROVIDER: true
2026-10-09T13:24:45.9491103Z   MOCK_STREAM_DELAY_MS: 0
2026-10-09T13:24:45.9491311Z   ENABLE_CLOUD: false
2026-10-09T13:24:45.9491520Z   CREDENTIAL_VAULT_BACKEND: memory
2026-10-09T13:24:45.9491846Z   CREDENTIAL_VAULT_ALLOW_MEMORY_FALLBACK: true
2026-10-09T13:24:45.9492132Z   PYTHONDONTWRITEBYTECODE: 1
2026-10-09T13:24:45.9492360Z   HF_HUB_OFFLINE: 1
2026-10-09T13:24:45.9492556Z   TRANSFORMERS_OFFLINE: 1
2026-10-09T13:24:45.9492763Z ##[endgroup]
2026-10-09T13:24:46.0452690Z Syncing repository: 1785235376-blip/AI-Novel-Studio
2026-10-09T13:24:46.0454928Z ##[group]Getting Git version info
2026-10-09T13:24:46.0455370Z Working directory is '/home/runner/work/AI-Novel-Studio/AI-Novel-Studio'
2026-10-09T13:24:46.0456011Z [command]/usr/bin/git version
2026-10-09T13:24:46.0525519Z git version 2.55.0
2026-10-09T13:24:46.0546784Z ##[endgroup]
2026-10-09T13:24:46.0559806Z Temporarily overriding HOME='/home/runner/work/_temp/ef8894e9-2abb-451d-92c2-60fabe5a8f8b' before making global git config changes
2026-10-09T13:24:46.0561384Z Adding repository directory to the temporary git global config as a safe directory
2026-10-09T13:24:46.0565975Z [command]/usr/bin/git config --global --add safe.directory /home/runner/work/AI-Novel-Studio/AI-Novel-Studio
2026-10-09T13:24:46.0610457Z Deleting the contents of '/home/runner/work/AI-Novel-Studio/AI-Novel-Studio'
2026-10-09T13:24:46.0613798Z ##[group]Initializing the repository
2026-10-09T13:24:46.0617803Z [command]/usr/bin/git init /home/runner/work/AI-Novel-Studio/AI-Novel-Studio
2026-10-09T13:24:46.0697906Z hint: Using 'master' as the name for the initial branch. This default branch name
2026-10-09T13:24:46.0698988Z hint: will change to "main" in Git 3.0. To configure the initial branch name
2026-10-09T13:24:46.0699886Z hint: to use in all of your new repositories, which will suppress this warning,
2026-10-09T13:24:46.0700610Z hint: call:
2026-10-09T13:24:46.0700964Z hint:
2026-10-09T13:24:46.0701468Z hint: 	git config --global init.defaultBranch <name>
2026-10-09T13:24:46.0702069Z hint:
2026-10-09T13:24:46.0702626Z hint: Names commonly chosen instead of 'master' are 'main', 'trunk' and
2026-10-09T13:24:46.0703767Z hint: 'development'. The just-created branch can be renamed via this command:
2026-10-09T13:24:46.0704494Z hint:
2026-10-09T13:24:46.0705000Z hint: 	git branch -m <name>
2026-10-09T13:24:46.0705682Z hint:
2026-10-09T13:24:46.0706322Z hint: Disable this message with "git config set advice.defaultBranchName false"
2026-10-09T13:24:46.0707471Z Initialized empty Git repository in /home/runner/work/AI-Novel-Studio/AI-Novel-Studio/.git/
2026-10-09T13:24:46.0709615Z [command]/usr/bin/git remote add origin https://github.com/1785235376-blip/AI-Novel-Studio
2026-10-09T13:24:46.0749405Z ##[endgroup]
2026-10-09T13:24:46.0749823Z ##[group]Disabling automatic garbage collection
2026-10-09T13:24:46.0750184Z [command]/usr/bin/git config --local gc.auto 0
2026-10-09T13:24:46.0782841Z ##[endgroup]
2026-10-09T13:24:46.0783364Z ##[group]Setting up auth
2026-10-09T13:24:46.0783756Z [command]/usr/bin/git config --local --name-only --get-regexp core\.sshCommand
2026-10-09T13:24:46.0812347Z [command]/usr/bin/git submodule foreach --recursive sh -c "git config --local --name-only --get-regexp 'core\.sshCommand' && git config --local --unset-all 'core.sshCommand' || :"
2026-10-09T13:24:46.1124747Z [command]/usr/bin/git config --local --name-only --get-regexp http\.https\:\/\/github\.com\/\.extraheader
2026-10-09T13:24:46.1158368Z [command]/usr/bin/git submodule foreach --recursive sh -c "git config --local --name-only --get-regexp 'http\.https\:\/\/github\.com\/\.extraheader' && git config --local --unset-all 'http.https://github.com/.extraheader' || :"
2026-10-09T13:24:46.1371421Z [command]/usr/bin/git config --local http.https://github.com/.extraheader AUTHORIZATION: basic ***
2026-10-09T13:24:46.1412274Z ##[endgroup]
2026-10-09T13:24:46.1412814Z ##[group]Fetching the repository
2026-10-09T13:24:46.1421416Z [command]/usr/bin/git -c protocol.version=2 fetch --no-tags --prune --no-recurse-submodules --depth=1 origin +57986cb13d452731baf82bbc242bfc79f9cfd145:refs/remotes/origin/feature/v2-narrative-platform
2026-10-09T13:24:48.1344451Z From https://github.com/1785235376-blip/AI-Novel-Studio
2026-10-09T13:24:48.1345657Z  * [new ref]         57986cb13d452731baf82bbc242bfc79f9cfd145 -> origin/feature/v2-narrative-platform
2026-10-09T13:24:48.1350594Z ##[endgroup]
2026-10-09T13:24:48.1351390Z ##[group]Determining the checkout info
2026-10-09T13:24:48.1355730Z ##[endgroup]
2026-10-09T13:24:48.1362736Z [command]/usr/bin/git sparse-checkout disable
2026-10-09T13:24:48.1411144Z [command]/usr/bin/git config --local --unset-all extensions.worktreeConfig
2026-10-09T13:24:48.1441019Z ##[group]Checking out the ref
2026-10-09T13:24:48.1447670Z [command]/usr/bin/git checkout --progress --force -B feature/v2-narrative-platform refs/remotes/origin/feature/v2-narrative-platform
2026-10-09T13:24:48.7095732Z Switched to a new branch 'feature/v2-narrative-platform'
2026-10-09T13:24:48.7099934Z branch 'feature/v2-narrative-platform' set up to track 'origin/feature/v2-narrative-platform'.
2026-10-09T13:24:48.7121488Z ##[endgroup]
2026-10-09T13:24:48.7178097Z [command]/usr/bin/git log -1 --format=%H
2026-10-09T13:24:48.7202178Z 57986cb13d452731baf82bbc242bfc79f9cfd145
2026-10-09T13:24:48.7212456Z ##[group]Removing auth
2026-10-09T13:24:48.7217233Z [command]/usr/bin/git config --local --name-only --get-regexp core\.sshCommand
2026-10-09T13:24:48.7245778Z [command]/usr/bin/git submodule foreach --recursive sh -c "git config --local --name-only --get-regexp 'core\.sshCommand' && git config --local --unset-all 'core.sshCommand' || :"
2026-10-09T13:24:48.7435230Z [command]/usr/bin/git config --local --name-only --get-regexp http\.https\:\/\/github\.com\/\.extraheader
2026-10-09T13:24:48.7471355Z http.https://github.com/.extraheader
2026-10-09T13:24:48.7482913Z [command]/usr/bin/git config --local --unset-all http.https://github.com/.extraheader
2026-10-09T13:24:48.7533835Z [command]/usr/bin/git submodule foreach --recursive sh -c "git config --local --name-only --get-regexp 'http\.https\:\/\/github\.com\/\.extraheader' && git config --local --unset-all 'http.https://github.com/.extraheader' || :"
2026-10-09T13:24:48.7760749Z ##[endgroup]
2026-10-09T13:24:48.8003521Z ##[group]Run actions/setup-python@v5.6.0
2026-10-09T13:24:48.8003846Z with:
2026-10-09T13:24:48.8004241Z   python-version: 3.12.9
2026-10-09T13:24:48.8004510Z   check-latest: false
2026-10-09T13:24:48.8007429Z   token: ***
2026-10-09T13:24:48.8007666Z   update-environment: true
2026-10-09T13:24:48.8007936Z   allow-prereleases: false
2026-10-09T13:24:48.8008189Z   freethreaded: false
2026-10-09T13:24:48.8008466Z env:
2026-10-09T13:24:48.8008666Z   MOCK_PROVIDER: true
2026-10-09T13:24:48.8008920Z   MOCK_STREAM_DELAY_MS: 0
2026-10-09T13:24:48.8009163Z   ENABLE_CLOUD: false
2026-10-09T13:24:48.8009393Z   CREDENTIAL_VAULT_BACKEND: memory
2026-10-09T13:24:48.8009700Z   CREDENTIAL_VAULT_ALLOW_MEMORY_FALLBACK: true
2026-10-09T13:24:48.8010016Z   PYTHONDONTWRITEBYTECODE: 1
2026-10-09T13:24:48.8010273Z   HF_HUB_OFFLINE: 1
2026-10-09T13:24:48.8010496Z   TRANSFORMERS_OFFLINE: 1
2026-10-09T13:24:48.8010724Z ##[endgroup]
2026-10-09T13:24:48.9406540Z ##[group]Installed versions
2026-10-09T13:24:48.9425462Z Version 3.12.9 was not found in the local cache
2026-10-09T13:24:48.9529411Z (node:2703) [DEP0040] DeprecationWarning: The `punycode` module is deprecated. Please use a userland alternative instead.
2026-10-09T13:24:48.9530206Z (Use `node --trace-deprecation ...` to show where the warning was created)
2026-10-09T13:24:50.0826945Z Version 3.12.9 is available for downloading
2026-10-09T13:24:50.0828739Z Download from "https://github.com/actions/python-versions/releases/download/3.12.9-13149478207/python-3.12.9-linux-24.04-x64.tar.gz"
2026-10-09T13:24:50.7979741Z Extract downloaded archive
2026-10-09T13:24:50.8091035Z [command]/usr/bin/tar xz --warning=no-unknown-keyword --overwrite -C /home/runner/work/_temp/eaa496dd-9e5c-4ab3-8797-1ac194a1314f -f /home/runner/work/_temp/2500b076-3353-49e8-bcd4-673cc933e7cd
2026-10-09T13:24:52.8177409Z Execute installation script
2026-10-09T13:24:52.8257340Z Check if Python hostedtoolcache folder exist...
2026-10-09T13:24:52.8258109Z Create Python 3.12.9 folder
2026-10-09T13:24:52.8268640Z Copy Python binaries to hostedtoolcache folder
2026-10-09T13:24:53.1062142Z Create additional symlinks (Required for the UsePythonVersion Azure Pipelines task and the setup-python GitHub Action)
2026-10-09T13:24:53.1100664Z Upgrading pip...
2026-10-09T13:24:55.1581759Z Looking in links: /tmp/tmpi3szzj6e
2026-10-09T13:24:55.1585395Z Requirement already satisfied: pip in /opt/hostedtoolcache/Python/3.12.9/x64/lib/python3.12/site-packages (24.3.1)
2026-10-09T13:24:56.5091396Z Collecting pip
2026-10-09T13:24:56.5404260Z Downloading pip-26.2.1-py3-none-any.whl.metadata (4.6 kB)
2026-10-09T13:24:56.5472257Z Downloading pip-26.2.1-py3-none-any.whl (1.8 MB)
2026-10-09T13:24:56.5914987Z ━━━━━━━━━━━━━━━━━━━━━━━━━━━━━━━━━━━━━━━━ 1.8/1.8 MB 60.0 MB/s eta 0:00:00
2026-10-09T13:24:56.5915515Z 
2026-10-09T13:24:56.6112269Z Installing collected packages: pip
2026-10-09T13:24:56.6113450Z Attempting uninstall: pip
2026-10-09T13:24:56.6132026Z Found existing installation: pip 24.3.1
2026-10-09T13:24:56.6388292Z Uninstalling pip-24.3.1:
2026-10-09T13:24:56.6429827Z Successfully uninstalled pip-24.3.1
2026-10-09T13:24:57.3820616Z Successfully installed pip-26.2.1
2026-10-09T13:24:57.4330128Z Create complete file
2026-10-09T13:24:57.4366831Z Successfully set up CPython (3.12.9)
2026-10-09T13:24:57.4368163Z ##[endgroup]
2026-10-09T13:24:57.4521131Z ##[group]Run bash .github/ci/prepare.sh backend-postgres-shard-1
2026-10-09T13:24:57.4521665Z [36;1mbash .github/ci/prepare.sh backend-postgres-shard-1[0m
2026-10-09T13:24:57.4647329Z shell: /usr/bin/bash -e {0}
2026-10-09T13:24:57.4647590Z env:
2026-10-09T13:24:57.4647779Z   MOCK_PROVIDER: true
2026-10-09T13:24:57.4647992Z   MOCK_STREAM_DELAY_MS: 0
2026-10-09T13:24:57.4648207Z   ENABLE_CLOUD: false
2026-10-09T13:24:57.4648432Z   CREDENTIAL_VAULT_BACKEND: memory
2026-10-09T13:24:57.4648711Z   CREDENTIAL_VAULT_ALLOW_MEMORY_FALLBACK: true
2026-10-09T13:24:57.4649008Z   PYTHONDONTWRITEBYTECODE: 1
2026-10-09T13:24:57.4649298Z   HF_HUB_OFFLINE: 1
2026-10-09T13:24:57.4649498Z   TRANSFORMERS_OFFLINE: 1
2026-10-09T13:24:57.4649782Z   pythonLocation: /opt/hostedtoolcache/Python/3.12.9/x64
2026-10-09T13:24:57.4650369Z   PKG_CONFIG_PATH: /opt/hostedtoolcache/Python/3.12.9/x64/lib/pkgconfig
2026-10-09T13:24:57.4650773Z   Python_ROOT_DIR: /opt/hostedtoolcache/Python/3.12.9/x64
2026-10-09T13:24:57.4651182Z   Python2_ROOT_DIR: /opt/hostedtoolcache/Python/3.12.9/x64
2026-10-09T13:24:57.4651536Z   Python3_ROOT_DIR: /opt/hostedtoolcache/Python/3.12.9/x64
2026-10-09T13:24:57.4651905Z   LD_LIBRARY_PATH: /opt/hostedtoolcache/Python/3.12.9/x64/lib
2026-10-09T13:24:57.4652222Z ##[endgroup]
2026-10-09T13:24:58.0829069Z ##[group]Run runtime="$CI_PROJECT/.runtime/ci-backend"
2026-10-09T13:24:58.0829525Z [36;1mruntime="$CI_PROJECT/.runtime/ci-backend"[0m
2026-10-09T13:24:58.0830004Z [36;1mmkdir -p "$runtime"/{home,config,cache,data,state,tmp,appdata,localappdata}[0m
2026-10-09T13:24:58.0830469Z [36;1m{[0m
2026-10-09T13:24:58.0830727Z [36;1m  echo "CI_V2_RUNTIME=$runtime"[0m
2026-10-09T13:24:58.0831044Z [36;1m  echo "HOME=$runtime/home"[0m
2026-10-09T13:24:58.0831354Z [36;1m  echo "USERPROFILE=$runtime/home"[0m
2026-10-09T13:24:58.0831681Z [36;1m  echo "APPDATA=$runtime/appdata"[0m
2026-10-09T13:24:58.0832014Z [36;1m  echo "LOCALAPPDATA=$runtime/localappdata"[0m
2026-10-09T13:24:58.0832349Z [36;1m  echo "XDG_CONFIG_HOME=$runtime/config"[0m
2026-10-09T13:24:58.0832672Z [36;1m  echo "XDG_CACHE_HOME=$runtime/cache"[0m
2026-10-09T13:24:58.0833126Z [36;1m  echo "XDG_DATA_HOME=$runtime/data"[0m
2026-10-09T13:24:58.0833456Z [36;1m  echo "XDG_STATE_HOME=$runtime/state"[0m
2026-10-09T13:24:58.0833893Z [36;1m  echo "TMPDIR=$runtime/tmp"[0m
2026-10-09T13:24:58.0834174Z [36;1m  echo "TMP=$runtime/tmp"[0m
2026-10-09T13:24:58.0834451Z [36;1m  echo "TEMP=$runtime/tmp"[0m
2026-10-09T13:24:58.0834775Z [36;1m  echo "NOVEL_DATA_PATH=$runtime/data/novels"[0m
2026-10-09T13:24:58.0835123Z [36;1m  echo "BACKUP_PATH=$runtime/data/backups"[0m
2026-10-09T13:24:58.0835704Z [36;1m  echo "DATABASE_BACKUP_PATH=$runtime/data/database-backups"[0m
2026-10-09T13:24:58.0836214Z [36;1m  echo "KNOWLEDGE_SOURCE_PATH=$runtime/data/novels"[0m
2026-10-09T13:24:58.0836568Z [36;1m} >> "$GITHUB_ENV"[0m
2026-10-09T13:24:58.0882062Z shell: /usr/bin/bash -e {0}
2026-10-09T13:24:58.0882334Z env:
2026-10-09T13:24:58.0882548Z   MOCK_PROVIDER: true
2026-10-09T13:24:58.0882776Z   MOCK_STREAM_DELAY_MS: 0
2026-10-09T13:24:58.0883247Z   ENABLE_CLOUD: false
2026-10-09T13:24:58.0883540Z   CREDENTIAL_VAULT_BACKEND: memory
2026-10-09T13:24:58.0883849Z   CREDENTIAL_VAULT_ALLOW_MEMORY_FALLBACK: true
2026-10-09T13:24:58.0884182Z   PYTHONDONTWRITEBYTECODE: 1
2026-10-09T13:24:58.0884453Z   HF_HUB_OFFLINE: 1
2026-10-09T13:24:58.0884675Z   TRANSFORMERS_OFFLINE: 1
2026-10-09T13:24:58.0884976Z   pythonLocation: /opt/hostedtoolcache/Python/3.12.9/x64
2026-10-09T13:24:58.0885394Z   PKG_CONFIG_PATH: /opt/hostedtoolcache/Python/3.12.9/x64/lib/pkgconfig
2026-10-09T13:24:58.0885812Z   Python_ROOT_DIR: /opt/hostedtoolcache/Python/3.12.9/x64
2026-10-09T13:24:58.0886184Z   Python2_ROOT_DIR: /opt/hostedtoolcache/Python/3.12.9/x64
2026-10-09T13:24:58.0886564Z   Python3_ROOT_DIR: /opt/hostedtoolcache/Python/3.12.9/x64
2026-10-09T13:24:58.0886938Z   LD_LIBRARY_PATH: /opt/hostedtoolcache/Python/3.12.9/x64/lib
2026-10-09T13:24:58.0887335Z   CI_COVERAGE_SHA: 57986cb13d452731baf82bbc242bfc79f9cfd145
2026-10-09T13:24:58.0887708Z   CI_COVERAGE_TREE: 7b06f7eb213893ec41e4ded14810b82b070b7dc7
2026-10-09T13:24:58.0888165Z   CI_SANDBOX: /home/runner/work/_temp/novel-ci-backend-postgres-shard-1.J5aMdH
2026-10-09T13:24:58.0888720Z   CI_PROJECT: /home/runner/work/_temp/novel-ci-backend-postgres-shard-1.J5aMdH/project
2026-10-09T13:24:58.0889296Z   CI_RECEIPTS: /home/runner/work/_temp/novel-ci-backend-postgres-shard-1.J5aMdH/receipts
2026-10-09T13:24:58.0889840Z   HOME: /home/runner/work/_temp/novel-ci-backend-postgres-shard-1.J5aMdH/home
2026-10-09T13:24:58.0890364Z   USERPROFILE: /home/runner/work/_temp/novel-ci-backend-postgres-shard-1.J5aMdH/home
2026-10-09T13:24:58.0890941Z   APPDATA: /home/runner/work/_temp/novel-ci-backend-postgres-shard-1.J5aMdH/appdata
2026-10-09T13:24:58.0891766Z   LOCALAPPDATA: /home/runner/work/_temp/novel-ci-backend-postgres-shard-1.J5aMdH/localappdata
2026-10-09T13:24:58.0892375Z   XDG_CONFIG_HOME: /home/runner/work/_temp/novel-ci-backend-postgres-shard-1.J5aMdH/config
2026-10-09T13:24:58.0893078Z   XDG_CACHE_HOME: /home/runner/work/_temp/novel-ci-backend-postgres-shard-1.J5aMdH/cache
2026-10-09T13:24:58.0893638Z   XDG_DATA_HOME: /home/runner/work/_temp/novel-ci-backend-postgres-shard-1.J5aMdH/data
2026-10-09T13:24:58.0894411Z   XDG_STATE_HOME: /home/runner/work/_temp/novel-ci-backend-postgres-shard-1.J5aMdH/state
2026-10-09T13:24:58.0894968Z   TMPDIR: /home/runner/work/_temp/novel-ci-backend-postgres-shard-1.J5aMdH/tmp
2026-10-09T13:24:58.0895497Z   TMP: /home/runner/work/_temp/novel-ci-backend-postgres-shard-1.J5aMdH/tmp
2026-10-09T13:24:58.0896001Z   TEMP: /home/runner/work/_temp/novel-ci-backend-postgres-shard-1.J5aMdH/tmp
2026-10-09T13:24:58.0896549Z   PROJECT_ROOT: /home/runner/work/_temp/novel-ci-backend-postgres-shard-1.J5aMdH/project
2026-10-09T13:24:58.0897156Z   NOVEL_DATA_PATH: /home/runner/work/_temp/novel-ci-backend-postgres-shard-1.J5aMdH/data/novels
2026-10-09T13:24:58.0897778Z   BACKUP_PATH: /home/runner/work/_temp/novel-ci-backend-postgres-shard-1.J5aMdH/data/backups
2026-10-09T13:24:58.0898454Z   DATABASE_BACKUP_PATH: /home/runner/work/_temp/novel-ci-backend-postgres-shard-1.J5aMdH/data/database-backups
2026-10-09T13:24:58.0899172Z   KNOWLEDGE_SOURCE_PATH: /home/runner/work/_temp/novel-ci-backend-postgres-shard-1.J5aMdH/data/novels
2026-10-09T13:24:58.0899639Z ##[endgroup]
2026-10-09T13:24:58.1029455Z ##[group]Run python -m pip install -c .github/ci/python-constraints.txt -e '.[dev,fontbuild,otio,comic]'
2026-10-09T13:24:58.1030220Z [36;1mpython -m pip install -c .github/ci/python-constraints.txt -e '.[dev,fontbuild,otio,comic]'[0m
2026-10-09T13:24:58.1030710Z [36;1mpython -m pip check[0m
2026-10-09T13:24:58.1031126Z [36;1mpython -m pip freeze --exclude-editable > "$CI_RECEIPTS/python-packages.txt"[0m
2026-10-09T13:24:58.1076917Z shell: /usr/bin/bash -e {0}
2026-10-09T13:24:58.1077231Z env:
2026-10-09T13:24:58.1077473Z   MOCK_PROVIDER: true
2026-10-09T13:24:58.1077735Z   MOCK_STREAM_DELAY_MS: 0
2026-10-09T13:24:58.1077972Z   ENABLE_CLOUD: false
2026-10-09T13:24:58.1078213Z   CREDENTIAL_VAULT_BACKEND: memory
2026-10-09T13:24:58.1078509Z   CREDENTIAL_VAULT_ALLOW_MEMORY_FALLBACK: true
2026-10-09T13:24:58.1078817Z   PYTHONDONTWRITEBYTECODE: 1
2026-10-09T13:24:58.1079063Z   HF_HUB_OFFLINE: 1
2026-10-09T13:24:58.1079292Z   TRANSFORMERS_OFFLINE: 1
2026-10-09T13:24:58.1079700Z   pythonLocation: /opt/hostedtoolcache/Python/3.12.9/x64
2026-10-09T13:24:58.1080132Z   PKG_CONFIG_PATH: /opt/hostedtoolcache/Python/3.12.9/x64/lib/pkgconfig
2026-10-09T13:24:58.1080549Z   Python_ROOT_DIR: /opt/hostedtoolcache/Python/3.12.9/x64
2026-10-09T13:24:58.1080923Z   Python2_ROOT_DIR: /opt/hostedtoolcache/Python/3.12.9/x64
2026-10-09T13:24:58.1081294Z   Python3_ROOT_DIR: /opt/hostedtoolcache/Python/3.12.9/x64
2026-10-09T13:24:58.1081671Z   LD_LIBRARY_PATH: /opt/hostedtoolcache/Python/3.12.9/x64/lib
2026-10-09T13:24:58.1082114Z   CI_COVERAGE_SHA: 57986cb13d452731baf82bbc242bfc79f9cfd145
2026-10-09T13:24:58.1082506Z   CI_COVERAGE_TREE: 7b06f7eb213893ec41e4ded14810b82b070b7dc7
2026-10-09T13:24:58.1083113Z   CI_SANDBOX: /home/runner/work/_temp/novel-ci-backend-postgres-shard-1.J5aMdH
2026-10-09T13:24:58.1083695Z   CI_PROJECT: /home/runner/work/_temp/novel-ci-backend-postgres-shard-1.J5aMdH/project
2026-10-09T13:24:58.1084283Z   CI_RECEIPTS: /home/runner/work/_temp/novel-ci-backend-postgres-shard-1.J5aMdH/receipts
2026-10-09T13:24:58.1084954Z   HOME: /home/runner/work/_temp/novel-ci-backend-postgres-shard-1.J5aMdH/project/.runtime/ci-backend/home
2026-10-09T13:24:58.1085692Z   USERPROFILE: /home/runner/work/_temp/novel-ci-backend-postgres-shard-1.J5aMdH/project/.runtime/ci-backend/home
2026-10-09T13:24:58.1086457Z   APPDATA: /home/runner/work/_temp/novel-ci-backend-postgres-shard-1.J5aMdH/project/.runtime/ci-backend/appdata
2026-10-09T13:24:58.1087252Z   LOCALAPPDATA: /home/runner/work/_temp/novel-ci-backend-postgres-shard-1.J5aMdH/project/.runtime/ci-backend/localappdata
2026-10-09T13:24:58.1088299Z   XDG_CONFIG_HOME: /home/runner/work/_temp/novel-ci-backend-postgres-shard-1.J5aMdH/project/.runtime/ci-backend/config
2026-10-09T13:24:58.1089087Z   XDG_CACHE_HOME: /home/runner/work/_temp/novel-ci-backend-postgres-shard-1.J5aMdH/project/.runtime/ci-backend/cache
2026-10-09T13:24:58.1089852Z   XDG_DATA_HOME: /home/runner/work/_temp/novel-ci-backend-postgres-shard-1.J5aMdH/project/.runtime/ci-backend/data
2026-10-09T13:24:58.1090610Z   XDG_STATE_HOME: /home/runner/work/_temp/novel-ci-backend-postgres-shard-1.J5aMdH/project/.runtime/ci-backend/state
2026-10-09T13:24:58.1091352Z   TMPDIR: /home/runner/work/_temp/novel-ci-backend-postgres-shard-1.J5aMdH/project/.runtime/ci-backend/tmp
2026-10-09T13:24:58.1092071Z   TMP: /home/runner/work/_temp/novel-ci-backend-postgres-shard-1.J5aMdH/project/.runtime/ci-backend/tmp
2026-10-09T13:24:58.1092770Z   TEMP: /home/runner/work/_temp/novel-ci-backend-postgres-shard-1.J5aMdH/project/.runtime/ci-backend/tmp
2026-10-09T13:24:58.1093555Z   PROJECT_ROOT: /home/runner/work/_temp/novel-ci-backend-postgres-shard-1.J5aMdH/project
2026-10-09T13:24:58.1094251Z   NOVEL_DATA_PATH: /home/runner/work/_temp/novel-ci-backend-postgres-shard-1.J5aMdH/project/.runtime/ci-backend/data/novels
2026-10-09T13:24:58.1095055Z   BACKUP_PATH: /home/runner/work/_temp/novel-ci-backend-postgres-shard-1.J5aMdH/project/.runtime/ci-backend/data/backups
2026-10-09T13:24:58.1096134Z   DATABASE_BACKUP_PATH: /home/runner/work/_temp/novel-ci-backend-postgres-shard-1.J5aMdH/project/.runtime/ci-backend/data/database-backups
2026-10-09T13:24:58.1097041Z   KNOWLEDGE_SOURCE_PATH: /home/runner/work/_temp/novel-ci-backend-postgres-shard-1.J5aMdH/project/.runtime/ci-backend/data/novels
2026-10-09T13:24:58.1097830Z   CI_V2_RUNTIME: /home/runner/work/_temp/novel-ci-backend-postgres-shard-1.J5aMdH/project/.runtime/ci-backend
2026-10-09T13:24:58.1098328Z ##[endgroup]
2026-10-09T13:24:58.9684489Z Obtaining file:///home/runner/work/_temp/novel-ci-backend-postgres-shard-1.J5aMdH/project
2026-10-09T13:24:58.9699996Z   Installing build dependencies: started
2026-10-09T13:25:00.1050115Z   Installing build dependencies: finished with status 'done'
2026-10-09T13:25:00.1054301Z   Checking if build backend supports build_editable: started
2026-10-09T13:25:00.7415636Z   Checking if build backend supports build_editable: finished with status 'done'
2026-10-09T13:25:00.7424001Z   Getting requirements to build editable: started
2026-10-09T13:25:01.5400901Z   Getting requirements to build editable: finished with status 'done'
2026-10-09T13:25:01.5408904Z   Preparing editable metadata (pyproject.toml): started
2026-10-09T13:25:02.3191622Z   Preparing editable metadata (pyproject.toml): finished with status 'done'
2026-10-09T13:25:02.4176554Z Collecting fastapi<1,>=0.115 (from ai-novel-studio==0.7.0)
2026-10-09T13:25:02.4633158Z   Downloading fastapi-0.142.2-py3-none-any.whl.metadata (27 kB)
2026-10-09T13:25:02.4907749Z Collecting uvicorn<1,>=0.30 (from ai-novel-studio==0.7.0)
2026-10-09T13:25:02.4941771Z   Downloading uvicorn-0.54.0-py3-none-any.whl.metadata (6.6 kB)
2026-10-09T13:25:02.5085714Z Collecting psycopg<4,>=3.2 (from psycopg[binary]<4,>=3.2->ai-novel-studio==0.7.0)
2026-10-09T13:25:02.5118715Z   Downloading psycopg-3.3.6-py3-none-any.whl.metadata (4.4 kB)
2026-10-09T13:25:02.7601117Z Collecting sqlalchemy<3,>=2.0 (from ai-novel-studio==0.7.0)
2026-10-09T13:25:02.7638899Z   Downloading sqlalchemy-2.1.3-cp312-cp312-manylinux2014_x86_64.manylinux_2_17_x86_64.manylinux_2_28_x86_64.whl.metadata (9.7 kB)
2026-10-09T13:25:02.7823403Z Collecting httpx<1,>=0.27 (from ai-novel-studio==0.7.0)
2026-10-09T13:25:02.7856408Z   Downloading httpx-0.28.1-py3-none-any.whl.metadata (7.1 kB)
2026-10-09T13:25:02.7980054Z Collecting pydantic-settings<3,>=2.6 (from ai-novel-studio==0.7.0)
2026-10-09T13:25:02.8022349Z   Downloading pydantic_settings-2.15.0-py3-none-any.whl.metadata (3.9 kB)
2026-10-09T13:25:02.8843642Z Collecting reportlab<5,>=4.0 (from ai-novel-studio==0.7.0)
2026-10-09T13:25:02.8883572Z   Downloading reportlab-4.5.1-py3-none-any.whl.metadata (1.7 kB)
2026-10-09T13:25:02.9067813Z Collecting pypdf==6.19.0 (from ai-novel-studio==0.7.0)
2026-10-09T13:25:02.9103428Z   Downloading pypdf-6.19.0-py3-none-any.whl.metadata (7.5 kB)
2026-10-09T13:25:02.9296822Z Collecting jsonschema<5,>=4.18 (from ai-novel-studio==0.7.0)
2026-10-09T13:25:02.9333805Z   Downloading jsonschema-4.26.0-py3-none-any.whl.metadata (7.6 kB)
2026-10-09T13:25:02.9575488Z Collecting pytest<9,>=8 (from ai-novel-studio==0.7.0)
2026-10-09T13:25:02.9615815Z   Downloading pytest-8.4.2-py3-none-any.whl.metadata (7.7 kB)
2026-10-09T13:25:03.0820077Z Collecting fonttools==4.59.1 (from ai-novel-studio==0.7.0)
2026-10-09T13:25:03.0872290Z   Downloading fonttools-4.59.1-cp312-cp312-manylinux1_x86_64.manylinux2014_x86_64.manylinux_2_17_x86_64.manylinux_2_5_x86_64.whl.metadata (108 kB)
2026-10-09T13:25:03.1183194Z Collecting opentimelineio==0.18.1 (from ai-novel-studio==0.7.0)
2026-10-09T13:25:03.1230935Z   Downloading opentimelineio-0.18.1-cp312-cp312-manylinux2014_x86_64.manylinux_2_17_x86_64.whl.metadata (2.6 kB)
2026-10-09T13:25:03.2834649Z Collecting Pillow==12.3.0 (from ai-novel-studio==0.7.0)
2026-10-09T13:25:03.2877397Z   Downloading pillow-12.3.0-cp312-cp312-manylinux_2_27_x86_64.manylinux_2_28_x86_64.whl.metadata (9.1 kB)
2026-10-09T13:25:03.3117709Z Collecting starlette>=0.46.0 (from fastapi<1,>=0.115->ai-novel-studio==0.7.0)
2026-10-09T13:25:03.3153826Z   Downloading starlette-1.7.0-py3-none-any.whl.metadata (6.6 kB)
2026-10-09T13:25:03.3962756Z Collecting pydantic>=2.9.0 (from fastapi<1,>=0.115->ai-novel-studio==0.7.0)
2026-10-09T13:25:03.4002545Z   Downloading pydantic-2.13.5-py3-none-any.whl.metadata (110 kB)
2026-10-09T13:25:03.4184123Z Collecting typing-extensions>=4.8.0 (from fastapi<1,>=0.115->ai-novel-studio==0.7.0)
2026-10-09T13:25:03.4220319Z   Downloading typing_extensions-4.16.0-py3-none-any.whl.metadata (3.3 kB)
2026-10-09T13:25:03.4308837Z Collecting typing-inspection>=0.4.2 (from fastapi<1,>=0.115->ai-novel-studio==0.7.0)
2026-10-09T13:25:03.4342660Z   Downloading typing_inspection-0.4.4-py3-none-any.whl.metadata (2.6 kB)
2026-10-09T13:25:03.4427660Z Collecting annotated-doc>=0.0.2 (from fastapi<1,>=0.115->ai-novel-studio==0.7.0)
2026-10-09T13:25:03.4462907Z   Downloading annotated_doc-0.0.5-py3-none-any.whl.metadata (6.5 kB)
2026-10-09T13:25:03.4612383Z Collecting opentelemetry-api>=1.44.0 (from fastapi<1,>=0.115->ai-novel-studio==0.7.0)
2026-10-09T13:25:03.4645586Z   Downloading opentelemetry_api-1.45.0-py3-none-any.whl.metadata (1.4 kB)
2026-10-09T13:25:03.4801745Z Collecting anyio (from httpx<1,>=0.27->ai-novel-studio==0.7.0)
2026-10-09T13:25:03.4837743Z   Downloading anyio-4.15.1-py3-none-any.whl.metadata (4.7 kB)
2026-10-09T13:25:03.4970104Z Collecting certifi (from httpx<1,>=0.27->ai-novel-studio==0.7.0)
2026-10-09T13:25:03.5000847Z   Downloading certifi-2026.7.22-py3-none-any.whl.metadata (2.5 kB)
2026-10-09T13:25:03.5125349Z Collecting httpcore==1.* (from httpx<1,>=0.27->ai-novel-studio==0.7.0)
2026-10-09T13:25:03.5163580Z   Downloading httpcore-1.0.9-py3-none-any.whl.metadata (21 kB)
2026-10-09T13:25:03.5283821Z Collecting idna (from httpx<1,>=0.27->ai-novel-studio==0.7.0)
2026-10-09T13:25:03.5316265Z   Downloading idna-3.20-py3-none-any.whl.metadata (7.2 kB)
2026-10-09T13:25:03.5416782Z Collecting h11>=0.16 (from httpcore==1.*->httpx<1,>=0.27->ai-novel-studio==0.7.0)
2026-10-09T13:25:03.5451253Z   Downloading h11-0.16.0-py3-none-any.whl.metadata (8.3 kB)
2026-10-09T13:25:03.5566923Z Collecting attrs>=22.2.0 (from jsonschema<5,>=4.18->ai-novel-studio==0.7.0)
2026-10-09T13:25:03.5600322Z   Downloading attrs-26.1.0-py3-none-any.whl.metadata (8.8 kB)
2026-10-09T13:25:03.5701815Z Collecting jsonschema-specifications>=2023.03.6 (from jsonschema<5,>=4.18->ai-novel-studio==0.7.0)
2026-10-09T13:25:03.5734530Z   Downloading jsonschema_specifications-2025.9.1-py3-none-any.whl.metadata (2.9 kB)
2026-10-09T13:25:03.5898571Z Collecting referencing>=0.28.4 (from jsonschema<5,>=4.18->ai-novel-studio==0.7.0)
2026-10-09T13:25:03.5932351Z   Downloading referencing-0.37.0-py3-none-any.whl.metadata (2.8 kB)
2026-10-09T13:25:03.8020974Z Collecting rpds-py>=0.25.0 (from jsonschema<5,>=4.18->ai-novel-studio==0.7.0)
2026-10-09T13:25:03.8056668Z   Downloading rpds_py-2026.9.1-cp312-cp312-manylinux_2_17_x86_64.manylinux2014_x86_64.whl.metadata (4.1 kB)
2026-10-09T13:25:03.9523909Z Collecting psycopg-binary==3.3.6 (from psycopg[binary]<4,>=3.2->ai-novel-studio==0.7.0)
2026-10-09T13:25:03.9561600Z   Downloading psycopg_binary-3.3.6-cp312-cp312-manylinux2014_x86_64.manylinux_2_17_x86_64.whl.metadata (2.7 kB)
2026-10-09T13:25:03.9706390Z Collecting python-dotenv>=0.21.0 (from pydantic-settings<3,>=2.6->ai-novel-studio==0.7.0)
2026-10-09T13:25:03.9738225Z   Downloading python_dotenv-1.2.4-py3-none-any.whl.metadata (29 kB)
2026-10-09T13:25:03.9855512Z Collecting iniconfig>=1 (from pytest<9,>=8->ai-novel-studio==0.7.0)
2026-10-09T13:25:03.9886948Z   Downloading iniconfig-2.3.0-py3-none-any.whl.metadata (2.5 kB)
2026-10-09T13:25:04.0030656Z Collecting packaging>=20 (from pytest<9,>=8->ai-novel-studio==0.7.0)
2026-10-09T13:25:04.0068081Z   Downloading packaging-26.3-py3-none-any.whl.metadata (3.5 kB)
2026-10-09T13:25:04.0165627Z Collecting pluggy<2,>=1.5 (from pytest<9,>=8->ai-novel-studio==0.7.0)
2026-10-09T13:25:04.0199500Z   Downloading pluggy-1.6.0-py3-none-any.whl.metadata (4.8 kB)
2026-10-09T13:25:04.0344875Z Collecting pygments>=2.7.2 (from pytest<9,>=8->ai-novel-studio==0.7.0)
2026-10-09T13:25:04.0377563Z   Downloading pygments-2.21.0-py3-none-any.whl.metadata (2.5 kB)
2026-10-09T13:25:04.1375946Z Collecting charset-normalizer (from reportlab<5,>=4.0->ai-novel-studio==0.7.0)
2026-10-09T13:25:04.1416514Z   Downloading charset_normalizer-3.5.2-cp312-cp312-manylinux2014_x86_64.manylinux_2_17_x86_64.manylinux_2_28_x86_64.whl.metadata (46 kB)
2026-10-09T13:25:04.1588775Z Collecting click>=7.0 (from uvicorn<1,>=0.30->ai-novel-studio==0.7.0)
2026-10-09T13:25:04.1622613Z   Downloading click-8.5.0-py3-none-any.whl.metadata (2.6 kB)
2026-10-09T13:25:04.1762477Z Collecting annotated-types>=0.6.0 (from pydantic>=2.9.0->fastapi<1,>=0.115->ai-novel-studio==0.7.0)
2026-10-09T13:25:04.1795508Z   Downloading annotated_types-0.8.0-py3-none-any.whl.metadata (15 kB)
2026-10-09T13:25:04.7530702Z Collecting pydantic-core==2.46.5 (from pydantic>=2.9.0->fastapi<1,>=0.115->ai-novel-studio==0.7.0)
2026-10-09T13:25:04.7567689Z   Downloading pydantic_core-2.46.5-cp312-cp312-manylinux_2_17_x86_64.manylinux2014_x86_64.whl.metadata (6.6 kB)
2026-10-09T13:25:04.7757291Z Downloading fonttools-4.59.1-cp312-cp312-manylinux1_x86_64.manylinux2014_x86_64.manylinux_2_17_x86_64.manylinux_2_5_x86_64.whl (4.9 MB)
2026-10-09T13:25:04.8032654Z    ━━━━━━━━━━━━━━━━━━━━━━━━━━━━━━━━━━━━━━━━ 4.9/4.9 MB 205.5 MB/s  0:00:00
2026-10-09T13:25:04.8079285Z Downloading opentimelineio-0.18.1-cp312-cp312-manylinux2014_x86_64.manylinux_2_17_x86_64.whl (842 kB)
2026-10-09T13:25:04.8138573Z    ━━━━━━━━━━━━━━━━━━━━━━━━━━━━━━━━━━━━━━━━ 842.8/842.8 kB 167.6 MB/s  0:00:00
2026-10-09T13:25:04.8175045Z Downloading pillow-12.3.0-cp312-cp312-manylinux_2_27_x86_64.manylinux_2_28_x86_64.whl (6.9 MB)
2026-10-09T13:25:04.8422566Z    ━━━━━━━━━━━━━━━━━━━━━━━━━━━━━━━━━━━━━━━━ 6.9/6.9 MB 295.6 MB/s  0:00:00
2026-10-09T13:25:04.8461054Z Downloading pypdf-6.19.0-py3-none-any.whl (395 kB)
2026-10-09T13:25:04.8547747Z Downloading fastapi-0.142.2-py3-none-any.whl (144 kB)
2026-10-09T13:25:04.8599581Z Downloading httpx-0.28.1-py3-none-any.whl (73 kB)
2026-10-09T13:25:04.8647106Z Downloading httpcore-1.0.9-py3-none-any.whl (78 kB)
2026-10-09T13:25:04.8695004Z Downloading jsonschema-4.26.0-py3-none-any.whl (90 kB)
2026-10-09T13:25:04.8750062Z Downloading psycopg-3.3.6-py3-none-any.whl (215 kB)
2026-10-09T13:25:04.8806701Z Downloading psycopg_binary-3.3.6-cp312-cp312-manylinux2014_x86_64.manylinux_2_17_x86_64.whl (5.2 MB)
2026-10-09T13:25:04.9069060Z    ━━━━━━━━━━━━━━━━━━━━━━━━━━━━━━━━━━━━━━━━ 5.2/5.2 MB 209.2 MB/s  0:00:00
2026-10-09T13:25:04.9108222Z Downloading pydantic_settings-2.15.0-py3-none-any.whl (69 kB)
2026-10-09T13:25:04.9172726Z Downloading pytest-8.4.2-py3-none-any.whl (365 kB)
2026-10-09T13:25:04.9228623Z Downloading pluggy-1.6.0-py3-none-any.whl (20 kB)
2026-10-09T13:25:04.9276776Z Downloading reportlab-4.5.1-py3-none-any.whl (2.0 MB)
2026-10-09T13:25:04.9412791Z    ━━━━━━━━━━━━━━━━━━━━━━━━━━━━━━━━━━━━━━━━ 2.0/2.0 MB 159.3 MB/s  0:00:00
2026-10-09T13:25:04.9452470Z Downloading sqlalchemy-2.1.3-cp312-cp312-manylinux2014_x86_64.manylinux_2_17_x86_64.manylinux_2_28_x86_64.whl (4.7 MB)
2026-10-09T13:25:04.9760005Z    ━━━━━━━━━━━━━━━━━━━━━━━━━━━━━━━━━━━━━━━━ 4.7/4.7 MB 156.0 MB/s  0:00:00
2026-10-09T13:25:04.9814411Z Downloading uvicorn-0.54.0-py3-none-any.whl (87 kB)
2026-10-09T13:25:04.9880866Z Downloading annotated_doc-0.0.5-py3-none-any.whl (5.3 kB)
2026-10-09T13:25:04.9926562Z Downloading attrs-26.1.0-py3-none-any.whl (67 kB)
2026-10-09T13:25:04.9974525Z Downloading click-8.5.0-py3-none-any.whl (125 kB)
2026-10-09T13:25:05.0024541Z Downloading h11-0.16.0-py3-none-any.whl (37 kB)
2026-10-09T13:25:05.0073487Z Downloading iniconfig-2.3.0-py3-none-any.whl (7.5 kB)
2026-10-09T13:25:05.0121116Z Downloading jsonschema_specifications-2025.9.1-py3-none-any.whl (18 kB)
2026-10-09T13:25:05.0170749Z Downloading opentelemetry_api-1.45.0-py3-none-any.whl (60 kB)
2026-10-09T13:25:05.0218128Z Downloading packaging-26.3-py3-none-any.whl (129 kB)
2026-10-09T13:25:05.0268522Z Downloading pydantic-2.13.5-py3-none-any.whl (472 kB)
2026-10-09T13:25:05.0324495Z Downloading pydantic_core-2.46.5-cp312-cp312-manylinux_2_17_x86_64.manylinux2014_x86_64.whl (2.1 MB)
2026-10-09T13:25:05.0404351Z    ━━━━━━━━━━━━━━━━━━━━━━━━━━━━━━━━━━━━━━━━ 2.1/2.1 MB 302.2 MB/s  0:00:00
2026-10-09T13:25:05.0438796Z Downloading annotated_types-0.8.0-py3-none-any.whl (13 kB)
2026-10-09T13:25:05.0487338Z Downloading pygments-2.21.0-py3-none-any.whl (1.3 MB)
2026-10-09T13:25:05.0545642Z    ━━━━━━━━━━━━━━━━━━━━━━━━━━━━━━━━━━━━━━━━ 1.3/1.3 MB 268.1 MB/s  0:00:00
2026-10-09T13:25:05.0579515Z Downloading python_dotenv-1.2.4-py3-none-any.whl (23 kB)
2026-10-09T13:25:05.0625265Z Downloading referencing-0.37.0-py3-none-any.whl (26 kB)
2026-10-09T13:25:05.0678041Z Downloading rpds_py-2026.9.1-cp312-cp312-manylinux_2_17_x86_64.manylinux2014_x86_64.whl (371 kB)
2026-10-09T13:25:05.0734027Z Downloading starlette-1.7.0-py3-none-any.whl (78 kB)
2026-10-09T13:25:05.0783814Z Downloading anyio-4.15.1-py3-none-any.whl (132 kB)
2026-10-09T13:25:05.0833793Z Downloading idna-3.20-py3-none-any.whl (69 kB)
2026-10-09T13:25:05.0885126Z Downloading typing_extensions-4.16.0-py3-none-any.whl (45 kB)
2026-10-09T13:25:05.0935954Z Downloading typing_inspection-0.4.4-py3-none-any.whl (14 kB)
2026-10-09T13:25:05.0986459Z Downloading certifi-2026.7.22-py3-none-any.whl (136 kB)
2026-10-09T13:25:05.1037674Z Downloading charset_normalizer-3.5.2-cp312-cp312-manylinux2014_x86_64.manylinux_2_17_x86_64.manylinux_2_28_x86_64.whl (257 kB)
2026-10-09T13:25:05.2291860Z Building wheels for collected packages: ai-novel-studio
2026-10-09T13:25:05.2298389Z   Building editable for ai-novel-studio (pyproject.toml): started
2026-10-09T13:25:06.0433351Z   Building editable for ai-novel-studio (pyproject.toml): finished with status 'done'
2026-10-09T13:25:06.0439311Z   Created wheel for ai-novel-studio: filename=ai_novel_studio-0.7.0-0.editable-py3-none-any.whl size=3197 sha256=a720c984cdface17eda46dd064cad31ea8dbe77709017c756e19a2b650022c4e
2026-10-09T13:25:06.0441600Z   Stored in directory: /home/runner/work/_temp/novel-ci-backend-postgres-shard-1.J5aMdH/project/.runtime/ci-backend/tmp/pip-ephem-wheel-cache-8gsb54pp/wheels/ed/94/20/839f274f99f2c7eadae66617ad0ea56af55a85c52d129851f2
2026-10-09T13:25:06.0456470Z Successfully built ai-novel-studio
2026-10-09T13:25:06.1360029Z Installing collected packages: typing-extensions, rpds-py, python-dotenv, pypdf, pygments, psycopg-binary, pluggy, Pillow, packaging, opentimelineio, iniconfig, idna, h11, fonttools, click, charset-normalizer, certifi, attrs, annotated-types, annotated-doc, uvicorn, typing-inspection, sqlalchemy, reportlab, referencing, pytest, pydantic-core, psycopg, opentelemetry-api, httpcore, anyio, starlette, pydantic, jsonschema-specifications, httpx, pydantic-settings, jsonschema, fastapi, ai-novel-studio
2026-10-09T13:25:11.6275302Z 
2026-10-09T13:25:11.6308126Z Successfully installed Pillow-12.3.0 ai-novel-studio-0.7.0 annotated-doc-0.0.5 annotated-types-0.8.0 anyio-4.15.1 attrs-26.1.0 certifi-2026.7.22 charset-normalizer-3.5.2 click-8.5.0 fastapi-0.142.2 fonttools-4.59.1 h11-0.16.0 httpcore-1.0.9 httpx-0.28.1 idna-3.20 iniconfig-2.3.0 jsonschema-4.26.0 jsonschema-specifications-2025.9.1 opentelemetry-api-1.45.0 opentimelineio-0.18.1 packaging-26.3 pluggy-1.6.0 psycopg-3.3.6 psycopg-binary-3.3.6 pydantic-2.13.5 pydantic-core-2.46.5 pydantic-settings-2.15.0 pygments-2.21.0 pypdf-6.19.0 pytest-8.4.2 python-dotenv-1.2.4 referencing-0.37.0 reportlab-4.5.1 rpds-py-2026.9.1 sqlalchemy-2.1.3 starlette-1.7.0 typing-extensions-4.16.0 typing-inspection-0.4.4 uvicorn-0.54.0
2026-10-09T13:25:12.3333679Z No broken requirements found.
2026-10-09T13:25:13.9275455Z ##[group]Run sudo apt-get update
2026-10-09T13:25:13.9275771Z [36;1msudo apt-get update[0m
2026-10-09T13:25:13.9276099Z [36;1msudo apt-get install -y --no-install-recommends ffmpeg[0m
2026-10-09T13:25:13.9276507Z [36;1mffmpeg -version > "$CI_RECEIPTS/ffmpeg-version.txt"[0m
2026-10-09T13:25:13.9276900Z [36;1mffprobe -version > "$CI_RECEIPTS/ffprobe-version.txt"[0m
2026-10-09T13:25:13.9277376Z [36;1mpython -c "import shutil; assert shutil.which('ffmpeg') and shutil.which('ffprobe')"[0m
2026-10-09T13:25:13.9314380Z shell: /usr/bin/bash -e {0}
2026-10-09T13:25:13.9314647Z env:
2026-10-09T13:25:13.9314838Z   MOCK_PROVIDER: true
2026-10-09T13:25:13.9315055Z   MOCK_STREAM_DELAY_MS: 0
2026-10-09T13:25:13.9315271Z   ENABLE_CLOUD: false
2026-10-09T13:25:13.9315486Z   CREDENTIAL_VAULT_BACKEND: memory
2026-10-09T13:25:13.9315768Z   CREDENTIAL_VAULT_ALLOW_MEMORY_FALLBACK: true
2026-10-09T13:25:13.9316071Z   PYTHONDONTWRITEBYTECODE: 1
2026-10-09T13:25:13.9316309Z   HF_HUB_OFFLINE: 1
2026-10-09T13:25:13.9316556Z   TRANSFORMERS_OFFLINE: 1
2026-10-09T13:25:13.9316850Z   pythonLocation: /opt/hostedtoolcache/Python/3.12.9/x64
2026-10-09T13:25:13.9317258Z   PKG_CONFIG_PATH: /opt/hostedtoolcache/Python/3.12.9/x64/lib/pkgconfig
2026-10-09T13:25:13.9317652Z   Python_ROOT_DIR: /opt/hostedtoolcache/Python/3.12.9/x64
2026-10-09T13:25:13.9318010Z   Python2_ROOT_DIR: /opt/hostedtoolcache/Python/3.12.9/x64
2026-10-09T13:25:13.9318360Z   Python3_ROOT_DIR: /opt/hostedtoolcache/Python/3.12.9/x64
2026-10-09T13:25:13.9318718Z   LD_LIBRARY_PATH: /opt/hostedtoolcache/Python/3.12.9/x64/lib
2026-10-09T13:25:13.9319086Z   CI_COVERAGE_SHA: 57986cb13d452731baf82bbc242bfc79f9cfd145
2026-10-09T13:25:13.9319448Z   CI_COVERAGE_TREE: 7b06f7eb213893ec41e4ded14810b82b070b7dc7
2026-10-09T13:25:13.9319895Z   CI_SANDBOX: /home/runner/work/_temp/novel-ci-backend-postgres-shard-1.J5aMdH
2026-10-09T13:25:13.9320424Z   CI_PROJECT: /home/runner/work/_temp/novel-ci-backend-postgres-shard-1.J5aMdH/project
2026-10-09T13:25:13.9320995Z   CI_RECEIPTS: /home/runner/work/_temp/novel-ci-backend-postgres-shard-1.J5aMdH/receipts
2026-10-09T13:25:13.9321625Z   HOME: /home/runner/work/_temp/novel-ci-backend-postgres-shard-1.J5aMdH/project/.runtime/ci-backend/home
2026-10-09T13:25:13.9322338Z   USERPROFILE: /home/runner/work/_temp/novel-ci-backend-postgres-shard-1.J5aMdH/project/.runtime/ci-backend/home
2026-10-09T13:25:13.9323333Z   APPDATA: /home/runner/work/_temp/novel-ci-backend-postgres-shard-1.J5aMdH/project/.runtime/ci-backend/appdata
2026-10-09T13:25:13.9324107Z   LOCALAPPDATA: /home/runner/work/_temp/novel-ci-backend-postgres-shard-1.J5aMdH/project/.runtime/ci-backend/localappdata
2026-10-09T13:25:13.9324892Z   XDG_CONFIG_HOME: /home/runner/work/_temp/novel-ci-backend-postgres-shard-1.J5aMdH/project/.runtime/ci-backend/config
2026-10-09T13:25:13.9325653Z   XDG_CACHE_HOME: /home/runner/work/_temp/novel-ci-backend-postgres-shard-1.J5aMdH/project/.runtime/ci-backend/cache
2026-10-09T13:25:13.9326414Z   XDG_DATA_HOME: /home/runner/work/_temp/novel-ci-backend-postgres-shard-1.J5aMdH/project/.runtime/ci-backend/data
2026-10-09T13:25:13.9327288Z   XDG_STATE_HOME: /home/runner/work/_temp/novel-ci-backend-postgres-shard-1.J5aMdH/project/.runtime/ci-backend/state
2026-10-09T13:25:13.9328050Z   TMPDIR: /home/runner/work/_temp/novel-ci-backend-postgres-shard-1.J5aMdH/project/.runtime/ci-backend/tmp
2026-10-09T13:25:13.9328729Z   TMP: /home/runner/work/_temp/novel-ci-backend-postgres-shard-1.J5aMdH/project/.runtime/ci-backend/tmp
2026-10-09T13:25:13.9329412Z   TEMP: /home/runner/work/_temp/novel-ci-backend-postgres-shard-1.J5aMdH/project/.runtime/ci-backend/tmp
2026-10-09T13:25:13.9330020Z   PROJECT_ROOT: /home/runner/work/_temp/novel-ci-backend-postgres-shard-1.J5aMdH/project
2026-10-09T13:25:13.9330692Z   NOVEL_DATA_PATH: /home/runner/work/_temp/novel-ci-backend-postgres-shard-1.J5aMdH/project/.runtime/ci-backend/data/novels
2026-10-09T13:25:13.9331603Z   BACKUP_PATH: /home/runner/work/_temp/novel-ci-backend-postgres-shard-1.J5aMdH/project/.runtime/ci-backend/data/backups
2026-10-09T13:25:13.9332445Z   DATABASE_BACKUP_PATH: /home/runner/work/_temp/novel-ci-backend-postgres-shard-1.J5aMdH/project/.runtime/ci-backend/data/database-backups
2026-10-09T13:25:13.9333606Z   KNOWLEDGE_SOURCE_PATH: /home/runner/work/_temp/novel-ci-backend-postgres-shard-1.J5aMdH/project/.runtime/ci-backend/data/novels
2026-10-09T13:25:13.9334372Z   CI_V2_RUNTIME: /home/runner/work/_temp/novel-ci-backend-postgres-shard-1.J5aMdH/project/.runtime/ci-backend
2026-10-09T13:25:13.9334838Z ##[endgroup]
2026-10-09T13:25:13.9923865Z Get:1 file:/etc/apt/apt-mirrors.txt Mirrorlist [144 B]
2026-10-09T13:25:14.0169352Z Hit:2 http://azure.archive.ubuntu.com/ubuntu noble InRelease
2026-10-09T13:25:14.0184314Z Get:3 http://azure.archive.ubuntu.com/ubuntu noble-updates InRelease [126 kB]
2026-10-09T13:25:14.0197207Z Get:6 https://packages.microsoft.com/ubuntu/24.04/prod noble InRelease [3600 B]
2026-10-09T13:25:14.0221981Z Get:4 http://azure.archive.ubuntu.com/ubuntu noble-backports InRelease [126 kB]
2026-10-09T13:25:14.0244749Z Get:5 http://azure.archive.ubuntu.com/ubuntu noble-security InRelease [126 kB]
2026-10-09T13:25:14.1044992Z Get:7 https://packages.microsoft.com/ubuntu/24.04/prod noble/main arm64 Packages [475 kB]
2026-10-09T13:25:14.1194766Z Get:8 https://packages.microsoft.com/ubuntu/24.04/prod noble/main all Packages [640 B]
2026-10-09T13:25:14.1223193Z Get:9 https://packages.microsoft.com/ubuntu/24.04/prod noble/main armhf Packages [12.3 kB]
2026-10-09T13:25:14.1267813Z Get:10 https://packages.microsoft.com/ubuntu/24.04/prod noble/main amd64 Packages [531 kB]
2026-10-09T13:25:14.1666070Z Get:11 http://azure.archive.ubuntu.com/ubuntu noble-updates/main amd64 Packages [1375 kB]
2026-10-09T13:25:14.1755728Z Get:12 http://azure.archive.ubuntu.com/ubuntu noble-updates/main Translation-en [306 kB]
2026-10-09T13:25:14.1761809Z Get:13 http://azure.archive.ubuntu.com/ubuntu noble-updates/universe amd64 Packages [1702 kB]
2026-10-09T13:25:14.1849852Z Get:14 http://azure.archive.ubuntu.com/ubuntu noble-updates/universe Translation-en [342 kB]
2026-10-09T13:25:14.1884216Z Get:15 http://azure.archive.ubuntu.com/ubuntu noble-updates/restricted amd64 Packages [1761 kB]
2026-10-09T13:25:14.1964618Z Get:16 http://azure.archive.ubuntu.com/ubuntu noble-updates/restricted Translation-en [401 kB]
2026-10-09T13:25:14.2032148Z Get:17 http://azure.archive.ubuntu.com/ubuntu noble-updates/multiverse amd64 Packages [55.0 kB]
2026-10-09T13:25:14.2045251Z Get:18 http://azure.archive.ubuntu.com/ubuntu noble-updates/multiverse Translation-en [14.3 kB]
2026-10-09T13:25:14.2616755Z Get:19 http://azure.archive.ubuntu.com/ubuntu noble-security/main amd64 Packages [1121 kB]
2026-10-09T13:25:14.2669805Z Get:20 http://azure.archive.ubuntu.com/ubuntu noble-security/main Translation-en [228 kB]
2026-10-09T13:25:14.3143948Z Get:21 http://azure.archive.ubuntu.com/ubuntu noble-security/universe amd64 Packages [1220 kB]
2026-10-09T13:25:14.3186974Z Get:22 http://azure.archive.ubuntu.com/ubuntu noble-security/universe Translation-en [245 kB]
2026-10-09T13:25:14.3204243Z Get:23 http://azure.archive.ubuntu.com/ubuntu noble-security/restricted amd64 Packages [1669 kB]
2026-10-09T13:25:14.3275126Z Get:24 http://azure.archive.ubuntu.com/ubuntu noble-security/restricted Translation-en [383 kB]
2026-10-09T13:25:14.3296673Z Get:25 http://azure.archive.ubuntu.com/ubuntu noble-security/multiverse amd64 Packages [49.8 kB]
2026-10-09T13:25:14.3306012Z Get:26 http://azure.archive.ubuntu.com/ubuntu noble-security/multiverse Translation-en [12.4 kB]
2026-10-09T13:25:17.1398613Z Fetched 12.3 MB in 1s (9894 kB/s)
2026-10-09T13:25:18.0595158Z Reading package lists...
2026-10-09T13:25:18.0958342Z Reading package lists...
2026-10-09T13:25:18.2860386Z Building dependency tree...
2026-10-09T13:25:18.2866944Z Reading state information...
2026-10-09T13:25:18.4405292Z The following additional packages will be installed:
2026-10-09T13:25:18.4406220Z   libass9 libasyncns0 libavc1394-0 libavcodec60 libavdevice60 libavfilter9
2026-10-09T13:25:18.4407701Z   libavformat60 libavutil58 libblas3 libbluray2 libbs2b0 libcaca0
2026-10-09T13:25:18.4408755Z   libcdio-cdda2t64 libcdio-paranoia2t64 libcdio19t64 libchromaprint1 libcjson1
2026-10-09T13:25:18.4409755Z   libcodec2-1.2 libdav1d7 libdc1394-25 libdecor-0-0 libflac12t64 libflite1
2026-10-09T13:25:18.4410296Z   libgme0 libgsm1 libhwy1t64 libiec61883-0 libjack-jackd2-0 libjxl0.7
2026-10-09T13:25:18.4411266Z   liblapack3 liblilv-0-0 libmbedcrypto7t64 libmp3lame0 libmpg123-0t64
2026-10-09T13:25:18.4411919Z   libmysofa1 libopenal-data libopenal1 libopenmpt0t64 libopus0 libplacebo338
2026-10-09T13:25:18.4412505Z   libpocketsphinx3 libpostproc57 libpulse0 librav1e0 libraw1394-11 librist4
2026-10-09T13:25:18.4413245Z   librsvg2-2 librubberband2 libsamplerate0 libsdl2-2.0-0 libserd-0-0 libshine3
2026-10-09T13:25:18.4413829Z   libsndfile1 libsndio7.0 libsord-0-0 libsoxr0 libspeex1 libsphinxbase3t64
2026-10-09T13:25:18.4414378Z   libsratom-0-0 libsrt1.5-gnutls libssh-gcrypt-4 libsvtav1enc1d1
2026-10-09T13:25:18.4414953Z   libswresample4 libswscale7 libtheora0 libtwolame0 libudfread0 libunibreak5
2026-10-09T13:25:18.4415546Z   libva-drm2 libva-x11-2 libva2 libvdpau1 libvidstab1.1 libvorbisenc2 libvpl2
2026-10-09T13:25:18.4416116Z   libvpx9 libx264-164 libx265-199 libxcb-shape0 libxv1 libxvidcore4 libzimg2
2026-10-09T13:25:18.4416623Z   libzix-0-0 libzvbi-common libzvbi0t64 ocl-icd-libopencl1
2026-10-09T13:25:18.4418387Z Suggested packages:
2026-10-09T13:25:18.4419069Z   ffmpeg-doc libcuda1 libnvcuvid1 libnvidia-encode1 libbluray-bdj jackd2
2026-10-09T13:25:18.4420159Z   libportaudio2 opus-tools pulseaudio libraw1394-doc librsvg2-bin serdi sndiod
2026-10-09T13:25:18.4421013Z   sordi speex opencl-icd
2026-10-09T13:25:18.4421407Z Recommended packages:
2026-10-09T13:25:18.4421757Z   libaacs0 default-libdecor-0-plugin-1 | libdecor-0-plugin-1
2026-10-09T13:25:18.4422243Z   pocketsphinx-en-us librsvg2-common va-driver-all | va-driver
2026-10-09T13:25:18.4422656Z   vdpau-driver-all | vdpau-driver
2026-10-09T13:25:18.4718126Z The following NEW packages will be installed:
2026-10-09T13:25:18.4718985Z   ffmpeg libass9 libasyncns0 libavc1394-0 libavcodec60 libavdevice60
2026-10-09T13:25:18.4719836Z   libavfilter9 libavformat60 libavutil58 libblas3 libbluray2 libbs2b0 libcaca0
2026-10-09T13:25:18.4720793Z   libcdio-cdda2t64 libcdio-paranoia2t64 libcdio19t64 libchromaprint1 libcjson1
2026-10-09T13:25:18.4721676Z   libcodec2-1.2 libdav1d7 libdc1394-25 libdecor-0-0 libflac12t64 libflite1
2026-10-09T13:25:18.4722475Z   libgme0 libgsm1 libhwy1t64 libiec61883-0 libjack-jackd2-0 libjxl0.7
2026-10-09T13:25:18.4723375Z   liblapack3 liblilv-0-0 libmbedcrypto7t64 libmp3lame0 libmpg123-0t64
2026-10-09T13:25:18.4724196Z   libmysofa1 libopenal-data libopenal1 libopenmpt0t64 libopus0 libplacebo338
2026-10-09T13:25:18.4724761Z   libpocketsphinx3 libpostproc57 libpulse0 librav1e0 libraw1394-11 librist4
2026-10-09T13:25:18.4725647Z   librsvg2-2 librubberband2 libsamplerate0 libsdl2-2.0-0 libserd-0-0 libshine3
2026-10-09T13:25:18.4726571Z   libsndfile1 libsndio7.0 libsord-0-0 libsoxr0 libspeex1 libsphinxbase3t64
2026-10-09T13:25:18.4727573Z   libsratom-0-0 libsrt1.5-gnutls libssh-gcrypt-4 libsvtav1enc1d1
2026-10-09T13:25:18.4728023Z   libswresample4 libswscale7 libtheora0 libtwolame0 libudfread0 libunibreak5
2026-10-09T13:25:18.4733808Z   libva-drm2 libva-x11-2 libva2 libvdpau1 libvidstab1.1 libvorbisenc2 libvpl2
2026-10-09T13:25:18.4753751Z   libvpx9 libx264-164 libx265-199 libxcb-shape0 libxv1 libxvidcore4 libzimg2
2026-10-09T13:25:18.4763805Z   libzix-0-0 libzvbi-common libzvbi0t64 ocl-icd-libopencl1
2026-10-09T13:25:18.4895556Z 0 upgraded, 87 newly installed, 0 to remove and 23 not upgraded.
2026-10-09T13:25:18.4896240Z Need to get 62.8 MB of archives.
2026-10-09T13:25:18.4896824Z After this operation, 173 MB of additional disk space will be used.
2026-10-09T13:25:18.4897530Z Get:1 file:/etc/apt/apt-mirrors.txt Mirrorlist [144 B]
2026-10-09T13:25:18.5711048Z Get:2 http://azure.archive.ubuntu.com/ubuntu noble-updates/universe amd64 libva2 amd64 2.20.0-2ubuntu0.2 [66.4 kB]
2026-10-09T13:25:18.6374246Z Get:3 http://azure.archive.ubuntu.com/ubuntu noble-updates/universe amd64 libva-drm2 amd64 2.20.0-2ubuntu0.2 [7124 B]
2026-10-09T13:25:18.7029134Z Get:4 http://azure.archive.ubuntu.com/ubuntu noble-updates/universe amd64 libva-x11-2 amd64 2.20.0-2ubuntu0.2 [12.0 kB]
2026-10-09T13:25:18.7675621Z Get:5 http://azure.archive.ubuntu.com/ubuntu noble/main amd64 libvdpau1 amd64 1.5-2build1 [27.8 kB]
2026-10-09T13:25:18.8963430Z Get:6 http://azure.archive.ubuntu.com/ubuntu noble/universe amd64 libvpl2 amd64 2023.3.0-1build1 [99.8 kB]
2026-10-09T13:25:19.1600826Z Get:7 http://azure.archive.ubuntu.com/ubuntu noble/universe amd64 ocl-icd-libopencl1 amd64 2.3.2-1build1 [38.5 kB]
2026-10-09T13:25:19.2414893Z Get:8 http://azure.archive.ubuntu.com/ubuntu noble/universe amd64 libavutil58 amd64 7:6.1.1-3ubuntu5 [401 kB]
2026-10-09T13:25:19.4520599Z Get:9 http://azure.archive.ubuntu.com/ubuntu noble/universe amd64 libcodec2-1.2 amd64 1.2.0-2build1 [8998 kB]
2026-10-09T13:25:19.8441483Z Get:10 http://azure.archive.ubuntu.com/ubuntu noble/universe amd64 libdav1d7 amd64 1.4.1-1build1 [604 kB]
2026-10-09T13:25:19.9126467Z Get:11 http://azure.archive.ubuntu.com/ubuntu noble/universe amd64 libgsm1 amd64 1.0.22-1build1 [27.8 kB]
2026-10-09T13:25:19.9777862Z Get:12 http://azure.archive.ubuntu.com/ubuntu noble/universe amd64 libhwy1t64 amd64 1.0.7-8.1build1 [584 kB]
2026-10-09T13:25:20.0466659Z Get:13 http://azure.archive.ubuntu.com/ubuntu noble-updates/universe amd64 libjxl0.7 amd64 0.7.0-10.2ubuntu6.1 [1001 kB]
2026-10-09T13:25:20.1210239Z Get:14 http://azure.archive.ubuntu.com/ubuntu noble/main amd64 libmp3lame0 amd64 3.100-6build1 [142 kB]
2026-10-09T13:25:20.1864939Z Get:15 http://azure.archive.ubuntu.com/ubuntu noble/main amd64 libopus0 amd64 1.4-1build1 [208 kB]
2026-10-09T13:25:20.2523304Z Get:16 http://azure.archive.ubuntu.com/ubuntu noble/universe amd64 librav1e0 amd64 0.7.1-2 [1022 kB]
2026-10-09T13:25:20.3351139Z Get:17 http://azure.archive.ubuntu.com/ubuntu noble-updates/main amd64 librsvg2-2 amd64 2.58.0+dfsg-1ubuntu0.1 [2141 kB]
2026-10-09T13:25:20.4411976Z Get:18 http://azure.archive.ubuntu.com/ubuntu noble/universe amd64 libshine3 amd64 3.1.1-2build1 [23.2 kB]
2026-10-09T13:25:20.5668230Z Get:19 http://azure.archive.ubuntu.com/ubuntu noble-updates/main amd64 libspeex1 amd64 1.2.1-2ubuntu2.24.04.1 [59.6 kB]
2026-10-09T13:25:20.7772295Z Get:20 http://azure.archive.ubuntu.com/ubuntu noble/universe amd64 libsvtav1enc1d1 amd64 1.7.0+dfsg-2build1 [2425 kB]
2026-10-09T13:25:20.8587904Z Get:21 http://azure.archive.ubuntu.com/ubuntu noble/universe amd64 libsoxr0 amd64 0.1.3-4build3 [80.0 kB]
2026-10-09T13:25:20.9254355Z Get:22 http://azure.archive.ubuntu.com/ubuntu noble/universe amd64 libswresample4 amd64 7:6.1.1-3ubuntu5 [63.8 kB]
2026-10-09T13:25:20.9908060Z Get:23 http://azure.archive.ubuntu.com/ubuntu noble/main amd64 libtheora0 amd64 1.1.1+dfsg.1-16.1build3 [211 kB]
2026-10-09T13:25:21.0578908Z Get:24 http://azure.archive.ubuntu.com/ubuntu noble/main amd64 libtwolame0 amd64 0.4.0-2build3 [52.3 kB]
2026-10-09T13:25:21.1233555Z Get:25 http://azure.archive.ubuntu.com/ubuntu noble/main amd64 libvorbisenc2 amd64 1.3.7-1build3 [80.8 kB]
2026-10-09T13:25:21.1904534Z Get:26 http://azure.archive.ubuntu.com/ubuntu noble-updates/main amd64 libvpx9 amd64 1.14.0-1ubuntu2.3 [1143 kB]
2026-10-09T13:25:21.3013887Z Get:27 http://azure.archive.ubuntu.com/ubuntu noble/universe amd64 libx264-164 amd64 2:0.164.3108+git31e19f9-1 [604 kB]
2026-10-09T13:25:21.3854336Z Get:28 http://azure.archive.ubuntu.com/ubuntu noble/universe amd64 libx265-199 amd64 3.5-2build1 [1226 kB]
2026-10-09T13:25:21.4906607Z Get:29 http://azure.archive.ubuntu.com/ubuntu noble/universe amd64 libxvidcore4 amd64 2:1.3.7-1build1 [219 kB]
2026-10-09T13:25:21.5615216Z Get:30 http://azure.archive.ubuntu.com/ubuntu noble/universe amd64 libzvbi-common all 0.2.42-2 [42.4 kB]
2026-10-09T13:25:21.6269459Z Get:31 http://azure.archive.ubuntu.com/ubuntu noble/universe amd64 libzvbi0t64 amd64 0.2.42-2 [261 kB]
2026-10-09T13:25:21.6995718Z Get:32 http://azure.archive.ubuntu.com/ubuntu noble/universe amd64 libavcodec60 amd64 7:6.1.1-3ubuntu5 [5851 kB]
2026-10-09T13:25:21.9094311Z Get:33 http://azure.archive.ubuntu.com/ubuntu noble/main amd64 libraw1394-11 amd64 2.1.2-2build3 [26.2 kB]
2026-10-09T13:25:21.9752445Z Get:34 http://azure.archive.ubuntu.com/ubuntu noble/main amd64 libavc1394-0 amd64 0.5.4-5build3 [15.4 kB]
2026-10-09T13:25:22.0404425Z Get:35 http://azure.archive.ubuntu.com/ubuntu noble/universe amd64 libunibreak5 amd64 5.1-2build1 [25.0 kB]
2026-10-09T13:25:22.1053351Z Get:36 http://azure.archive.ubuntu.com/ubuntu noble/universe amd64 libass9 amd64 1:0.17.1-2build1 [104 kB]
2026-10-09T13:25:22.1709888Z Get:37 http://azure.archive.ubuntu.com/ubuntu noble/universe amd64 libudfread0 amd64 1.1.2-1build1 [19.0 kB]
2026-10-09T13:25:22.2362803Z Get:38 http://azure.archive.ubuntu.com/ubuntu noble/universe amd64 libbluray2 amd64 1:1.3.4-1build1 [159 kB]
2026-10-09T13:25:22.3028621Z Get:39 http://azure.archive.ubuntu.com/ubuntu noble/universe amd64 libchromaprint1 amd64 1.5.1-5 [30.5 kB]
2026-10-09T13:25:22.3680080Z Get:40 http://azure.archive.ubuntu.com/ubuntu noble/universe amd64 libgme0 amd64 0.6.3-7build1 [134 kB]
2026-10-09T13:25:22.4341683Z Get:41 http://azure.archive.ubuntu.com/ubuntu noble-updates/main amd64 libmpg123-0t64 amd64 1.32.5-1ubuntu1.1 [169 kB]
2026-10-09T13:25:22.5002776Z Get:42 http://azure.archive.ubuntu.com/ubuntu noble/universe amd64 libopenmpt0t64 amd64 0.7.3-1.1build3 [647 kB]
2026-10-09T13:25:22.5705660Z Get:43 http://azure.archive.ubuntu.com/ubuntu noble/universe amd64 libcjson1 amd64 1.7.17-1 [24.8 kB]
2026-10-09T13:25:22.6363408Z Get:44 http://azure.archive.ubuntu.com/ubuntu noble/universe amd64 libmbedcrypto7t64 amd64 2.28.8-1 [209 kB]
2026-10-09T13:25:22.7027644Z Get:45 http://azure.archive.ubuntu.com/ubuntu noble/universe amd64 librist4 amd64 0.2.10+dfsg-2 [74.9 kB]
2026-10-09T13:25:22.7703528Z Get:46 http://azure.archive.ubuntu.com/ubuntu noble/universe amd64 libsrt1.5-gnutls amd64 1.5.3-1build2 [316 kB]
2026-10-09T13:25:22.8375871Z Get:47 http://azure.archive.ubuntu.com/ubuntu noble-updates/main amd64 libssh-gcrypt-4 amd64 0.10.6-2ubuntu0.5 [226 kB]
2026-10-09T13:25:22.9047612Z Get:48 http://azure.archive.ubuntu.com/ubuntu noble/universe amd64 libavformat60 amd64 7:6.1.1-3ubuntu5 [1153 kB]
2026-10-09T13:25:22.9783490Z Get:49 http://azure.archive.ubuntu.com/ubuntu noble/universe amd64 libbs2b0 amd64 3.1.0+dfsg-7build1 [10.6 kB]
2026-10-09T13:25:23.0432436Z Get:50 http://azure.archive.ubuntu.com/ubuntu noble/universe amd64 libflite1 amd64 2.2-6build3 [13.6 MB]
2026-10-09T13:25:23.3716079Z Get:51 http://azure.archive.ubuntu.com/ubuntu noble/universe amd64 libserd-0-0 amd64 0.32.2-1 [43.6 kB]
2026-10-09T13:25:23.4364107Z Get:52 http://azure.archive.ubuntu.com/ubuntu noble/universe amd64 libzix-0-0 amd64 0.4.2-2build1 [23.6 kB]
2026-10-09T13:25:23.5013516Z Get:53 http://azure.archive.ubuntu.com/ubuntu noble/universe amd64 libsord-0-0 amd64 0.16.16-2build1 [15.8 kB]
2026-10-09T13:25:23.5662826Z Get:54 http://azure.archive.ubuntu.com/ubuntu noble/universe amd64 libsratom-0-0 amd64 0.6.16-1build1 [17.3 kB]
2026-10-09T13:25:23.6309573Z Get:55 http://azure.archive.ubuntu.com/ubuntu noble/universe amd64 liblilv-0-0 amd64 0.24.22-1build1 [41.0 kB]
2026-10-09T13:25:23.6963657Z Get:56 http://azure.archive.ubuntu.com/ubuntu noble/universe amd64 libmysofa1 amd64 1.3.2+dfsg-2ubuntu2 [1158 kB]
2026-10-09T13:25:23.7835752Z Get:57 http://azure.archive.ubuntu.com/ubuntu noble/universe amd64 libplacebo338 amd64 6.338.2-2build1 [2654 kB]
2026-10-09T13:25:23.9020132Z Get:58 http://azure.archive.ubuntu.com/ubuntu noble-updates/main amd64 libblas3 amd64 3.12.0-3build1.1 [238 kB]
2026-10-09T13:25:23.9710528Z Get:59 http://azure.archive.ubuntu.com/ubuntu noble-updates/main amd64 liblapack3 amd64 3.12.0-3build1.1 [2646 kB]
2026-10-09T13:25:24.0900332Z Get:60 http://azure.archive.ubuntu.com/ubuntu noble/main amd64 libasyncns0 amd64 0.8-6build4 [11.3 kB]
2026-10-09T13:25:24.1549236Z Get:61 http://azure.archive.ubuntu.com/ubuntu noble/main amd64 libflac12t64 amd64 1.4.3+ds-2.1ubuntu2 [197 kB]
2026-10-09T13:25:24.2229827Z Get:62 http://azure.archive.ubuntu.com/ubuntu noble-updates/main amd64 libsndfile1 amd64 1.2.2-1ubuntu5.24.04.1 [209 kB]
2026-10-09T13:25:24.2906852Z Get:63 http://azure.archive.ubuntu.com/ubuntu noble-updates/main amd64 libpulse0 amd64 1:16.1+dfsg1-2ubuntu10.1 [292 kB]
2026-10-09T13:25:24.3612244Z Get:64 http://azure.archive.ubuntu.com/ubuntu noble/universe amd64 libsphinxbase3t64 amd64 0.8+5prealpha+1-17build2 [126 kB]
2026-10-09T13:25:24.4277107Z Get:65 http://azure.archive.ubuntu.com/ubuntu noble/universe amd64 libpocketsphinx3 amd64 0.8.0+real5prealpha+1-15ubuntu5 [133 kB]
2026-10-09T13:25:24.4943237Z Get:66 http://azure.archive.ubuntu.com/ubuntu noble/universe amd64 libpostproc57 amd64 7:6.1.1-3ubuntu5 [49.9 kB]
2026-10-09T13:25:24.5590803Z Get:67 http://azure.archive.ubuntu.com/ubuntu noble/main amd64 libsamplerate0 amd64 0.2.2-4build1 [1344 kB]
2026-10-09T13:25:24.6504250Z Get:68 http://azure.archive.ubuntu.com/ubuntu noble/universe amd64 librubberband2 amd64 3.3.0+dfsg-2build1 [130 kB]
2026-10-09T13:25:24.7170503Z Get:69 http://azure.archive.ubuntu.com/ubuntu noble/universe amd64 libswscale7 amd64 7:6.1.1-3ubuntu5 [193 kB]
2026-10-09T13:25:24.7854047Z Get:70 http://azure.archive.ubuntu.com/ubuntu noble/universe amd64 libvidstab1.1 amd64 1.1.0-2build1 [38.5 kB]
2026-10-09T13:25:24.8527768Z Get:71 http://azure.archive.ubuntu.com/ubuntu noble/universe amd64 libzimg2 amd64 3.0.5+ds1-1build1 [254 kB]
2026-10-09T13:25:24.9207029Z Get:72 http://azure.archive.ubuntu.com/ubuntu noble/universe amd64 libavfilter9 amd64 7:6.1.1-3ubuntu5 [4235 kB]
2026-10-09T13:25:25.0723171Z Get:73 http://azure.archive.ubuntu.com/ubuntu noble-updates/main amd64 libcaca0 amd64 0.99.beta20-4ubuntu0.2 [209 kB]
2026-10-09T13:25:25.1407651Z Get:74 http://azure.archive.ubuntu.com/ubuntu noble-updates/main amd64 libcdio19t64 amd64 2.1.0-4.1ubuntu1.2 [62.4 kB]
2026-10-09T13:25:25.2057856Z Get:75 http://azure.archive.ubuntu.com/ubuntu noble/main amd64 libcdio-cdda2t64 amd64 10.2+2.0.1-1.1build2 [16.5 kB]
2026-10-09T13:25:25.2712276Z Get:76 http://azure.archive.ubuntu.com/ubuntu noble/main amd64 libcdio-paranoia2t64 amd64 10.2+2.0.1-1.1build2 [16.6 kB]
2026-10-09T13:25:25.3360998Z Get:77 http://azure.archive.ubuntu.com/ubuntu noble/universe amd64 libdc1394-25 amd64 2.2.6-4build1 [90.1 kB]
2026-10-09T13:25:25.4015910Z Get:78 http://azure.archive.ubuntu.com/ubuntu noble/main amd64 libiec61883-0 amd64 1.2.0-6build1 [24.5 kB]
2026-10-09T13:25:25.4666174Z Get:79 http://azure.archive.ubuntu.com/ubuntu noble/main amd64 libjack-jackd2-0 amd64 1.9.21~dfsg-3ubuntu3 [289 kB]
2026-10-09T13:25:25.5366549Z Get:80 http://azure.archive.ubuntu.com/ubuntu noble/universe amd64 libopenal-data all 1:1.23.1-4build1 [161 kB]
2026-10-09T13:25:25.6035906Z Get:81 http://azure.archive.ubuntu.com/ubuntu noble/universe amd64 libsndio7.0 amd64 1.9.0-0.3build3 [29.6 kB]
2026-10-09T13:25:25.6685423Z Get:82 http://azure.archive.ubuntu.com/ubuntu noble/universe amd64 libopenal1 amd64 1:1.23.1-4build1 [540 kB]
2026-10-09T13:25:25.7439117Z Get:83 http://azure.archive.ubuntu.com/ubuntu noble/main amd64 libdecor-0-0 amd64 0.2.2-1build2 [16.5 kB]
2026-10-09T13:25:25.8128142Z Get:84 http://azure.archive.ubuntu.com/ubuntu noble-updates/main amd64 libsdl2-2.0-0 amd64 2.30.0+dfsg-1ubuntu3.1 [686 kB]
2026-10-09T13:25:25.9505476Z Get:85 http://azure.archive.ubuntu.com/ubuntu noble/main amd64 libxcb-shape0 amd64 1.15-1ubuntu2 [6100 B]
2026-10-09T13:25:26.0145306Z Get:86 http://azure.archive.ubuntu.com/ubuntu noble/main amd64 libxv1 amd64 2:1.0.11-1.1build1 [10.7 kB]
2026-10-09T13:25:26.0785407Z Get:87 http://azure.archive.ubuntu.com/ubuntu noble/universe amd64 libavdevice60 amd64 7:6.1.1-3ubuntu5 [82.3 kB]
2026-10-09T13:25:26.1437489Z Get:88 http://azure.archive.ubuntu.com/ubuntu noble/universe amd64 ffmpeg amd64 7:6.1.1-3ubuntu5 [1879 kB]
2026-10-09T13:25:26.4818261Z Fetched 62.8 MB in 8s (8161 kB/s)
2026-10-09T13:25:26.5022702Z Selecting previously unselected package libva2:amd64.
2026-10-09T13:25:26.5183541Z (Reading database ... 
2026-10-09T13:25:26.5184207Z (Reading database ... 5%
2026-10-09T13:25:26.5184650Z (Reading database ... 10%
2026-10-09T13:25:26.5185317Z (Reading database ... 15%
2026-10-09T13:25:26.5185667Z (Reading database ... 20%
2026-10-09T13:25:26.5186039Z (Reading database ... 25%
2026-10-09T13:25:26.5186405Z (Reading database ... 30%
2026-10-09T13:25:26.5186771Z (Reading database ... 35%
2026-10-09T13:25:26.5187074Z (Reading database ... 40%
2026-10-09T13:25:26.5187291Z (Reading database ... 45%
2026-10-09T13:25:26.5187509Z (Reading database ... 50%
2026-10-09T13:25:26.5223257Z (Reading database ... 55%
2026-10-09T13:25:26.6586304Z (Reading database ... 60%
2026-10-09T13:25:26.8505993Z (Reading database ... 65%
2026-10-09T13:25:27.0575199Z (Reading database ... 70%
2026-10-09T13:25:27.2045618Z (Reading database ... 75%
2026-10-09T13:25:27.4037764Z (Reading database ... 80%
2026-10-09T13:25:27.6109472Z (Reading database ... 85%
2026-10-09T13:25:27.8028948Z (Reading database ... 90%
2026-10-09T13:25:27.9715948Z (Reading database ... 95%
2026-10-09T13:25:27.9716365Z (Reading database ... 100%
2026-10-09T13:25:27.9716777Z (Reading database ... 203191 files and directories currently installed.)
2026-10-09T13:25:27.9760660Z Preparing to unpack .../00-libva2_2.20.0-2ubuntu0.2_amd64.deb ...
2026-10-09T13:25:27.9790633Z Unpacking libva2:amd64 (2.20.0-2ubuntu0.2) ...
2026-10-09T13:25:27.9957491Z Selecting previously unselected package libva-drm2:amd64.
2026-10-09T13:25:28.0072423Z Preparing to unpack .../01-libva-drm2_2.20.0-2ubuntu0.2_amd64.deb ...
2026-10-09T13:25:28.0078282Z Unpacking libva-drm2:amd64 (2.20.0-2ubuntu0.2) ...
2026-10-09T13:25:28.0220454Z Selecting previously unselected package libva-x11-2:amd64.
2026-10-09T13:25:28.0330404Z Preparing to unpack .../02-libva-x11-2_2.20.0-2ubuntu0.2_amd64.deb ...
2026-10-09T13:25:28.0338846Z Unpacking libva-x11-2:amd64 (2.20.0-2ubuntu0.2) ...
2026-10-09T13:25:28.0480132Z Selecting previously unselected package libvdpau1:amd64.
2026-10-09T13:25:28.0593366Z Preparing to unpack .../03-libvdpau1_1.5-2build1_amd64.deb ...
2026-10-09T13:25:28.0601199Z Unpacking libvdpau1:amd64 (1.5-2build1) ...
2026-10-09T13:25:28.0756184Z Selecting previously unselected package libvpl2.
2026-10-09T13:25:28.0869788Z Preparing to unpack .../04-libvpl2_2023.3.0-1build1_amd64.deb ...
2026-10-09T13:25:28.0876986Z Unpacking libvpl2 (2023.3.0-1build1) ...
2026-10-09T13:25:28.1035402Z Selecting previously unselected package ocl-icd-libopencl1:amd64.
2026-10-09T13:25:28.1152652Z Preparing to unpack .../05-ocl-icd-libopencl1_2.3.2-1build1_amd64.deb ...
2026-10-09T13:25:28.1158523Z Unpacking ocl-icd-libopencl1:amd64 (2.3.2-1build1) ...
2026-10-09T13:25:28.1338468Z Selecting previously unselected package libavutil58:amd64.
2026-10-09T13:25:28.1452663Z Preparing to unpack .../06-libavutil58_7%3a6.1.1-3ubuntu5_amd64.deb ...
2026-10-09T13:25:28.1457991Z Unpacking libavutil58:amd64 (7:6.1.1-3ubuntu5) ...
2026-10-09T13:25:28.1642654Z Selecting previously unselected package libcodec2-1.2:amd64.
2026-10-09T13:25:28.1756263Z Preparing to unpack .../07-libcodec2-1.2_1.2.0-2build1_amd64.deb ...
2026-10-09T13:25:28.1762613Z Unpacking libcodec2-1.2:amd64 (1.2.0-2build1) ...
2026-10-09T13:25:28.2422205Z Selecting previously unselected package libdav1d7:amd64.
2026-10-09T13:25:28.2536606Z Preparing to unpack .../08-libdav1d7_1.4.1-1build1_amd64.deb ...
2026-10-09T13:25:28.2544038Z Unpacking libdav1d7:amd64 (1.4.1-1build1) ...
2026-10-09T13:25:28.2764276Z Selecting previously unselected package libgsm1:amd64.
2026-10-09T13:25:28.2882126Z Preparing to unpack .../09-libgsm1_1.0.22-1build1_amd64.deb ...
2026-10-09T13:25:28.2888337Z Unpacking libgsm1:amd64 (1.0.22-1build1) ...
2026-10-09T13:25:28.3039364Z Selecting previously unselected package libhwy1t64:amd64.
2026-10-09T13:25:28.3152252Z Preparing to unpack .../10-libhwy1t64_1.0.7-8.1build1_amd64.deb ...
2026-10-09T13:25:28.3159625Z Unpacking libhwy1t64:amd64 (1.0.7-8.1build1) ...
2026-10-09T13:25:28.3414306Z Selecting previously unselected package libjxl0.7:amd64.
2026-10-09T13:25:28.3527139Z Preparing to unpack .../11-libjxl0.7_0.7.0-10.2ubuntu6.1_amd64.deb ...
2026-10-09T13:25:28.3531776Z Unpacking libjxl0.7:amd64 (0.7.0-10.2ubuntu6.1) ...
2026-10-09T13:25:28.3799549Z Selecting previously unselected package libmp3lame0:amd64.
2026-10-09T13:25:28.3914532Z Preparing to unpack .../12-libmp3lame0_3.100-6build1_amd64.deb ...
2026-10-09T13:25:28.3924107Z Unpacking libmp3lame0:amd64 (3.100-6build1) ...
2026-10-09T13:25:28.4082793Z Selecting previously unselected package libopus0:amd64.
2026-10-09T13:25:28.4193387Z Preparing to unpack .../13-libopus0_1.4-1build1_amd64.deb ...
2026-10-09T13:25:28.4201478Z Unpacking libopus0:amd64 (1.4-1build1) ...
2026-10-09T13:25:28.4362158Z Selecting previously unselected package librav1e0:amd64.
2026-10-09T13:25:28.4474589Z Preparing to unpack .../14-librav1e0_0.7.1-2_amd64.deb ...
2026-10-09T13:25:28.4484690Z Unpacking librav1e0:amd64 (0.7.1-2) ...
2026-10-09T13:25:28.4746039Z Selecting previously unselected package librsvg2-2:amd64.
2026-10-09T13:25:28.4858423Z Preparing to unpack .../15-librsvg2-2_2.58.0+dfsg-1ubuntu0.1_amd64.deb ...
2026-10-09T13:25:28.4864352Z Unpacking librsvg2-2:amd64 (2.58.0+dfsg-1ubuntu0.1) ...
2026-10-09T13:25:28.5252557Z Selecting previously unselected package libshine3:amd64.
2026-10-09T13:25:28.5365217Z Preparing to unpack .../16-libshine3_3.1.1-2build1_amd64.deb ...
2026-10-09T13:25:28.5370939Z Unpacking libshine3:amd64 (3.1.1-2build1) ...
2026-10-09T13:25:28.5515821Z Selecting previously unselected package libspeex1:amd64.
2026-10-09T13:25:28.5628923Z Preparing to unpack .../17-libspeex1_1.2.1-2ubuntu2.24.04.1_amd64.deb ...
2026-10-09T13:25:28.5635088Z Unpacking libspeex1:amd64 (1.2.1-2ubuntu2.24.04.1) ...
2026-10-09T13:25:28.5781828Z Selecting previously unselected package libsvtav1enc1d1:amd64.
2026-10-09T13:25:28.5896052Z Preparing to unpack .../18-libsvtav1enc1d1_1.7.0+dfsg-2build1_amd64.deb ...
2026-10-09T13:25:28.5903832Z Unpacking libsvtav1enc1d1:amd64 (1.7.0+dfsg-2build1) ...
2026-10-09T13:25:28.6315371Z Selecting previously unselected package libsoxr0:amd64.
2026-10-09T13:25:28.6428248Z Preparing to unpack .../19-libsoxr0_0.1.3-4build3_amd64.deb ...
2026-10-09T13:25:28.6433249Z Unpacking libsoxr0:amd64 (0.1.3-4build3) ...
2026-10-09T13:25:28.6581762Z Selecting previously unselected package libswresample4:amd64.
2026-10-09T13:25:28.6693793Z Preparing to unpack .../20-libswresample4_7%3a6.1.1-3ubuntu5_amd64.deb ...
2026-10-09T13:25:28.6699909Z Unpacking libswresample4:amd64 (7:6.1.1-3ubuntu5) ...
2026-10-09T13:25:28.6852621Z Selecting previously unselected package libtheora0:amd64.
2026-10-09T13:25:28.6964741Z Preparing to unpack .../21-libtheora0_1.1.1+dfsg.1-16.1build3_amd64.deb ...
2026-10-09T13:25:28.6970074Z Unpacking libtheora0:amd64 (1.1.1+dfsg.1-16.1build3) ...
2026-10-09T13:25:28.7137818Z Selecting previously unselected package libtwolame0:amd64.
2026-10-09T13:25:28.7248280Z Preparing to unpack .../22-libtwolame0_0.4.0-2build3_amd64.deb ...
2026-10-09T13:25:28.7253684Z Unpacking libtwolame0:amd64 (0.4.0-2build3) ...
2026-10-09T13:25:28.7403667Z Selecting previously unselected package libvorbisenc2:amd64.
2026-10-09T13:25:28.7517141Z Preparing to unpack .../23-libvorbisenc2_1.3.7-1build3_amd64.deb ...
2026-10-09T13:25:28.7523231Z Unpacking libvorbisenc2:amd64 (1.3.7-1build3) ...
2026-10-09T13:25:28.7688255Z Selecting previously unselected package libvpx9:amd64.
2026-10-09T13:25:28.7801797Z Preparing to unpack .../24-libvpx9_1.14.0-1ubuntu2.3_amd64.deb ...
2026-10-09T13:25:28.7807743Z Unpacking libvpx9:amd64 (1.14.0-1ubuntu2.3) ...
2026-10-09T13:25:28.8072072Z Selecting previously unselected package libx264-164:amd64.
2026-10-09T13:25:28.8184781Z Preparing to unpack .../25-libx264-164_2%3a0.164.3108+git31e19f9-1_amd64.deb ...
2026-10-09T13:25:28.8190925Z Unpacking libx264-164:amd64 (2:0.164.3108+git31e19f9-1) ...
2026-10-09T13:25:28.8405819Z Selecting previously unselected package libx265-199:amd64.
2026-10-09T13:25:28.8519331Z Preparing to unpack .../26-libx265-199_3.5-2build1_amd64.deb ...
2026-10-09T13:25:28.8529110Z Unpacking libx265-199:amd64 (3.5-2build1) ...
2026-10-09T13:25:28.9092544Z Selecting previously unselected package libxvidcore4:amd64.
2026-10-09T13:25:28.9211347Z Preparing to unpack .../27-libxvidcore4_2%3a1.3.7-1build1_amd64.deb ...
2026-10-09T13:25:28.9222849Z Unpacking libxvidcore4:amd64 (2:1.3.7-1build1) ...
2026-10-09T13:25:28.9399346Z Selecting previously unselected package libzvbi-common.
2026-10-09T13:25:28.9516704Z Preparing to unpack .../28-libzvbi-common_0.2.42-2_all.deb ...
2026-10-09T13:25:28.9522727Z Unpacking libzvbi-common (0.2.42-2) ...
2026-10-09T13:25:29.0004541Z Selecting previously unselected package libzvbi0t64:amd64.
2026-10-09T13:25:29.0121534Z Preparing to unpack .../29-libzvbi0t64_0.2.42-2_amd64.deb ...
2026-10-09T13:25:29.0130925Z Unpacking libzvbi0t64:amd64 (0.2.42-2) ...
2026-10-09T13:25:29.0339805Z Selecting previously unselected package libavcodec60:amd64.
2026-10-09T13:25:29.0458778Z Preparing to unpack .../30-libavcodec60_7%3a6.1.1-3ubuntu5_amd64.deb ...
2026-10-09T13:25:29.0470758Z Unpacking libavcodec60:amd64 (7:6.1.1-3ubuntu5) ...
2026-10-09T13:25:29.1257159Z Selecting previously unselected package libraw1394-11:amd64.
2026-10-09T13:25:29.1371525Z Preparing to unpack .../31-libraw1394-11_2.1.2-2build3_amd64.deb ...
2026-10-09T13:25:29.1381134Z Unpacking libraw1394-11:amd64 (2.1.2-2build3) ...
2026-10-09T13:25:29.1526853Z Selecting previously unselected package libavc1394-0:amd64.
2026-10-09T13:25:29.1638732Z Preparing to unpack .../32-libavc1394-0_0.5.4-5build3_amd64.deb ...
2026-10-09T13:25:29.1645131Z Unpacking libavc1394-0:amd64 (0.5.4-5build3) ...
2026-10-09T13:25:29.1792048Z Selecting previously unselected package libunibreak5:amd64.
2026-10-09T13:25:29.1907035Z Preparing to unpack .../33-libunibreak5_5.1-2build1_amd64.deb ...
2026-10-09T13:25:29.1912882Z Unpacking libunibreak5:amd64 (5.1-2build1) ...
2026-10-09T13:25:29.2064027Z Selecting previously unselected package libass9:amd64.
2026-10-09T13:25:29.2175385Z Preparing to unpack .../34-libass9_1%3a0.17.1-2build1_amd64.deb ...
2026-10-09T13:25:29.2181974Z Unpacking libass9:amd64 (1:0.17.1-2build1) ...
2026-10-09T13:25:29.2333445Z Selecting previously unselected package libudfread0:amd64.
2026-10-09T13:25:29.2446636Z Preparing to unpack .../35-libudfread0_1.1.2-1build1_amd64.deb ...
2026-10-09T13:25:29.2452071Z Unpacking libudfread0:amd64 (1.1.2-1build1) ...
2026-10-09T13:25:29.2598732Z Selecting previously unselected package libbluray2:amd64.
2026-10-09T13:25:29.2714541Z Preparing to unpack .../36-libbluray2_1%3a1.3.4-1build1_amd64.deb ...
2026-10-09T13:25:29.2722500Z Unpacking libbluray2:amd64 (1:1.3.4-1build1) ...
2026-10-09T13:25:29.2885224Z Selecting previously unselected package libchromaprint1:amd64.
2026-10-09T13:25:29.2998848Z Preparing to unpack .../37-libchromaprint1_1.5.1-5_amd64.deb ...
2026-10-09T13:25:29.3006508Z Unpacking libchromaprint1:amd64 (1.5.1-5) ...
2026-10-09T13:25:29.3152804Z Selecting previously unselected package libgme0:amd64.
2026-10-09T13:25:29.3266300Z Preparing to unpack .../38-libgme0_0.6.3-7build1_amd64.deb ...
2026-10-09T13:25:29.3272229Z Unpacking libgme0:amd64 (0.6.3-7build1) ...
2026-10-09T13:25:29.3430457Z Selecting previously unselected package libmpg123-0t64:amd64.
2026-10-09T13:25:29.3544414Z Preparing to unpack .../39-libmpg123-0t64_1.32.5-1ubuntu1.1_amd64.deb ...
2026-10-09T13:25:29.3550430Z Unpacking libmpg123-0t64:amd64 (1.32.5-1ubuntu1.1) ...
2026-10-09T13:25:29.3714926Z Selecting previously unselected package libopenmpt0t64:amd64.
2026-10-09T13:25:29.3826524Z Preparing to unpack .../40-libopenmpt0t64_0.7.3-1.1build3_amd64.deb ...
2026-10-09T13:25:29.3835280Z Unpacking libopenmpt0t64:amd64 (0.7.3-1.1build3) ...
2026-10-09T13:25:29.4044519Z Selecting previously unselected package libcjson1:amd64.
2026-10-09T13:25:29.4156932Z Preparing to unpack .../41-libcjson1_1.7.17-1_amd64.deb ...
2026-10-09T13:25:29.4162401Z Unpacking libcjson1:amd64 (1.7.17-1) ...
2026-10-09T13:25:29.4316806Z Selecting previously unselected package libmbedcrypto7t64:amd64.
2026-10-09T13:25:29.4430275Z Preparing to unpack .../42-libmbedcrypto7t64_2.28.8-1_amd64.deb ...
2026-10-09T13:25:29.4438896Z Unpacking libmbedcrypto7t64:amd64 (2.28.8-1) ...
2026-10-09T13:25:29.4616281Z Selecting previously unselected package librist4:amd64.
2026-10-09T13:25:29.4729784Z Preparing to unpack .../43-librist4_0.2.10+dfsg-2_amd64.deb ...
2026-10-09T13:25:29.4735842Z Unpacking librist4:amd64 (0.2.10+dfsg-2) ...
2026-10-09T13:25:29.4889814Z Selecting previously unselected package libsrt1.5-gnutls:amd64.
2026-10-09T13:25:29.5003936Z Preparing to unpack .../44-libsrt1.5-gnutls_1.5.3-1build2_amd64.deb ...
2026-10-09T13:25:29.5012714Z Unpacking libsrt1.5-gnutls:amd64 (1.5.3-1build2) ...
2026-10-09T13:25:29.5196033Z Selecting previously unselected package libssh-gcrypt-4:amd64.
2026-10-09T13:25:29.5303172Z Preparing to unpack .../45-libssh-gcrypt-4_0.10.6-2ubuntu0.5_amd64.deb ...
2026-10-09T13:25:29.5312044Z Unpacking libssh-gcrypt-4:amd64 (0.10.6-2ubuntu0.5) ...
2026-10-09T13:25:29.5491685Z Selecting previously unselected package libavformat60:amd64.
2026-10-09T13:25:29.5610712Z Preparing to unpack .../46-libavformat60_7%3a6.1.1-3ubuntu5_amd64.deb ...
2026-10-09T13:25:29.5618809Z Unpacking libavformat60:amd64 (7:6.1.1-3ubuntu5) ...
2026-10-09T13:25:29.5891700Z Selecting previously unselected package libbs2b0:amd64.
2026-10-09T13:25:29.6003846Z Preparing to unpack .../47-libbs2b0_3.1.0+dfsg-7build1_amd64.deb ...
2026-10-09T13:25:29.6015676Z Unpacking libbs2b0:amd64 (3.1.0+dfsg-7build1) ...
2026-10-09T13:25:29.6195642Z Selecting previously unselected package libflite1:amd64.
2026-10-09T13:25:29.6311377Z Preparing to unpack .../48-libflite1_2.2-6build3_amd64.deb ...
2026-10-09T13:25:29.6318858Z Unpacking libflite1:amd64 (2.2-6build3) ...
2026-10-09T13:25:29.7349351Z Selecting previously unselected package libserd-0-0:amd64.
2026-10-09T13:25:29.7462907Z Preparing to unpack .../49-libserd-0-0_0.32.2-1_amd64.deb ...
2026-10-09T13:25:29.7470403Z Unpacking libserd-0-0:amd64 (0.32.2-1) ...
2026-10-09T13:25:29.7626843Z Selecting previously unselected package libzix-0-0:amd64.
2026-10-09T13:25:29.7740071Z Preparing to unpack .../50-libzix-0-0_0.4.2-2build1_amd64.deb ...
2026-10-09T13:25:29.7749475Z Unpacking libzix-0-0:amd64 (0.4.2-2build1) ...
2026-10-09T13:25:29.7903809Z Selecting previously unselected package libsord-0-0:amd64.
2026-10-09T13:25:29.8015759Z Preparing to unpack .../51-libsord-0-0_0.16.16-2build1_amd64.deb ...
2026-10-09T13:25:29.8024232Z Unpacking libsord-0-0:amd64 (0.16.16-2build1) ...
2026-10-09T13:25:29.8176216Z Selecting previously unselected package libsratom-0-0:amd64.
2026-10-09T13:25:29.8288448Z Preparing to unpack .../52-libsratom-0-0_0.6.16-1build1_amd64.deb ...
2026-10-09T13:25:29.8294293Z Unpacking libsratom-0-0:amd64 (0.6.16-1build1) ...
2026-10-09T13:25:29.8448826Z Selecting previously unselected package liblilv-0-0:amd64.
2026-10-09T13:25:29.8562597Z Preparing to unpack .../53-liblilv-0-0_0.24.22-1build1_amd64.deb ...
2026-10-09T13:25:29.8570605Z Unpacking liblilv-0-0:amd64 (0.24.22-1build1) ...
2026-10-09T13:25:29.8729423Z Selecting previously unselected package libmysofa1:amd64.
2026-10-09T13:25:29.8853105Z Preparing to unpack .../54-libmysofa1_1.3.2+dfsg-2ubuntu2_amd64.deb ...
2026-10-09T13:25:29.8863838Z Unpacking libmysofa1:amd64 (1.3.2+dfsg-2ubuntu2) ...
2026-10-09T13:25:29.9063428Z Selecting previously unselected package libplacebo338:amd64.
2026-10-09T13:25:29.9186068Z Preparing to unpack .../55-libplacebo338_6.338.2-2build1_amd64.deb ...
2026-10-09T13:25:29.9194036Z Unpacking libplacebo338:amd64 (6.338.2-2build1) ...
2026-10-09T13:25:29.9666803Z Selecting previously unselected package libblas3:amd64.
2026-10-09T13:25:29.9780469Z Preparing to unpack .../56-libblas3_3.12.0-3build1.1_amd64.deb ...
2026-10-09T13:25:29.9805044Z Unpacking libblas3:amd64 (3.12.0-3build1.1) ...
2026-10-09T13:25:29.9984147Z Selecting previously unselected package liblapack3:amd64.
2026-10-09T13:25:30.0097120Z Preparing to unpack .../57-liblapack3_3.12.0-3build1.1_amd64.deb ...
2026-10-09T13:25:30.0123186Z Unpacking liblapack3:amd64 (3.12.0-3build1.1) ...
2026-10-09T13:25:30.0632830Z Selecting previously unselected package libasyncns0:amd64.
2026-10-09T13:25:30.0746790Z Preparing to unpack .../58-libasyncns0_0.8-6build4_amd64.deb ...
2026-10-09T13:25:30.0756024Z Unpacking libasyncns0:amd64 (0.8-6build4) ...
2026-10-09T13:25:30.0921221Z Selecting previously unselected package libflac12t64:amd64.
2026-10-09T13:25:30.1039720Z Preparing to unpack .../59-libflac12t64_1.4.3+ds-2.1ubuntu2_amd64.deb ...
2026-10-09T13:25:30.1047469Z Unpacking libflac12t64:amd64 (1.4.3+ds-2.1ubuntu2) ...
2026-10-09T13:25:30.1236698Z Selecting previously unselected package libsndfile1:amd64.
2026-10-09T13:25:30.1355127Z Preparing to unpack .../60-libsndfile1_1.2.2-1ubuntu5.24.04.1_amd64.deb ...
2026-10-09T13:25:30.1361787Z Unpacking libsndfile1:amd64 (1.2.2-1ubuntu5.24.04.1) ...
2026-10-09T13:25:30.1572605Z Selecting previously unselected package libpulse0:amd64.
2026-10-09T13:25:30.1689437Z Preparing to unpack .../61-libpulse0_1%3a16.1+dfsg1-2ubuntu10.1_amd64.deb ...
2026-10-09T13:25:30.1748490Z Unpacking libpulse0:amd64 (1:16.1+dfsg1-2ubuntu10.1) ...
2026-10-09T13:25:30.1943134Z Selecting previously unselected package libsphinxbase3t64:amd64.
2026-10-09T13:25:30.2058567Z Preparing to unpack .../62-libsphinxbase3t64_0.8+5prealpha+1-17build2_amd64.deb ...
2026-10-09T13:25:30.2064547Z Unpacking libsphinxbase3t64:amd64 (0.8+5prealpha+1-17build2) ...
2026-10-09T13:25:30.2235160Z Selecting previously unselected package libpocketsphinx3:amd64.
2026-10-09T13:25:30.2347751Z Preparing to unpack .../63-libpocketsphinx3_0.8.0+real5prealpha+1-15ubuntu5_amd64.deb ...
2026-10-09T13:25:30.2355652Z Unpacking libpocketsphinx3:amd64 (0.8.0+real5prealpha+1-15ubuntu5) ...
2026-10-09T13:25:30.2523875Z Selecting previously unselected package libpostproc57:amd64.
2026-10-09T13:25:30.2637792Z Preparing to unpack .../64-libpostproc57_7%3a6.1.1-3ubuntu5_amd64.deb ...
2026-10-09T13:25:30.2643951Z Unpacking libpostproc57:amd64 (7:6.1.1-3ubuntu5) ...
2026-10-09T13:25:30.2803758Z Selecting previously unselected package libsamplerate0:amd64.
2026-10-09T13:25:30.2918514Z Preparing to unpack .../65-libsamplerate0_0.2.2-4build1_amd64.deb ...
2026-10-09T13:25:30.2929265Z Unpacking libsamplerate0:amd64 (0.2.2-4build1) ...
2026-10-09T13:25:30.3138748Z Selecting previously unselected package librubberband2:amd64.
2026-10-09T13:25:30.3252832Z Preparing to unpack .../66-librubberband2_3.3.0+dfsg-2build1_amd64.deb ...
2026-10-09T13:25:30.3259744Z Unpacking librubberband2:amd64 (3.3.0+dfsg-2build1) ...
2026-10-09T13:25:30.3430350Z Selecting previously unselected package libswscale7:amd64.
2026-10-09T13:25:30.3544778Z Preparing to unpack .../67-libswscale7_7%3a6.1.1-3ubuntu5_amd64.deb ...
2026-10-09T13:25:30.3551314Z Unpacking libswscale7:amd64 (7:6.1.1-3ubuntu5) ...
2026-10-09T13:25:30.3729643Z Selecting previously unselected package libvidstab1.1:amd64.
2026-10-09T13:25:30.3841916Z Preparing to unpack .../68-libvidstab1.1_1.1.0-2build1_amd64.deb ...
2026-10-09T13:25:30.3851038Z Unpacking libvidstab1.1:amd64 (1.1.0-2build1) ...
2026-10-09T13:25:30.4008222Z Selecting previously unselected package libzimg2:amd64.
2026-10-09T13:25:30.4120489Z Preparing to unpack .../69-libzimg2_3.0.5+ds1-1build1_amd64.deb ...
2026-10-09T13:25:30.4126459Z Unpacking libzimg2:amd64 (3.0.5+ds1-1build1) ...
2026-10-09T13:25:30.4306007Z Selecting previously unselected package libavfilter9:amd64.
2026-10-09T13:25:30.4420271Z Preparing to unpack .../70-libavfilter9_7%3a6.1.1-3ubuntu5_amd64.deb ...
2026-10-09T13:25:30.4427296Z Unpacking libavfilter9:amd64 (7:6.1.1-3ubuntu5) ...
2026-10-09T13:25:30.5048915Z Selecting previously unselected package libcaca0:amd64.
2026-10-09T13:25:30.5156947Z Preparing to unpack .../71-libcaca0_0.99.beta20-4ubuntu0.2_amd64.deb ...
2026-10-09T13:25:30.5166846Z Unpacking libcaca0:amd64 (0.99.beta20-4ubuntu0.2) ...
2026-10-09T13:25:30.5375974Z Selecting previously unselected package libcdio19t64:amd64.
2026-10-09T13:25:30.5494598Z Preparing to unpack .../72-libcdio19t64_2.1.0-4.1ubuntu1.2_amd64.deb ...
2026-10-09T13:25:30.5501460Z Unpacking libcdio19t64:amd64 (2.1.0-4.1ubuntu1.2) ...
2026-10-09T13:25:30.5670798Z Selecting previously unselected package libcdio-cdda2t64:amd64.
2026-10-09T13:25:30.5784199Z Preparing to unpack .../73-libcdio-cdda2t64_10.2+2.0.1-1.1build2_amd64.deb ...
2026-10-09T13:25:30.5795970Z Unpacking libcdio-cdda2t64:amd64 (10.2+2.0.1-1.1build2) ...
2026-10-09T13:25:30.5993432Z Selecting previously unselected package libcdio-paranoia2t64:amd64.
2026-10-09T13:25:30.6086771Z Preparing to unpack .../74-libcdio-paranoia2t64_10.2+2.0.1-1.1build2_amd64.deb ...
2026-10-09T13:25:30.6093696Z Unpacking libcdio-paranoia2t64:amd64 (10.2+2.0.1-1.1build2) ...
2026-10-09T13:25:30.6254147Z Selecting previously unselected package libdc1394-25:amd64.
2026-10-09T13:25:30.6391599Z Preparing to unpack .../75-libdc1394-25_2.2.6-4build1_amd64.deb ...
2026-10-09T13:25:30.6402411Z Unpacking libdc1394-25:amd64 (2.2.6-4build1) ...
2026-10-09T13:25:30.6556462Z Selecting previously unselected package libiec61883-0:amd64.
2026-10-09T13:25:30.6668443Z Preparing to unpack .../76-libiec61883-0_1.2.0-6build1_amd64.deb ...
2026-10-09T13:25:30.6674978Z Unpacking libiec61883-0:amd64 (1.2.0-6build1) ...
2026-10-09T13:25:30.6821976Z Selecting previously unselected package libjack-jackd2-0:amd64.
2026-10-09T13:25:30.6931611Z Preparing to unpack .../77-libjack-jackd2-0_1.9.21~dfsg-3ubuntu3_amd64.deb ...
2026-10-09T13:25:30.6939066Z Unpacking libjack-jackd2-0:amd64 (1.9.21~dfsg-3ubuntu3) ...
2026-10-09T13:25:30.7121705Z Selecting previously unselected package libopenal-data.
2026-10-09T13:25:30.7235110Z Preparing to unpack .../78-libopenal-data_1%3a1.23.1-4build1_all.deb ...
2026-10-09T13:25:30.7241638Z Unpacking libopenal-data (1:1.23.1-4build1) ...
2026-10-09T13:25:30.7403853Z Selecting previously unselected package libsndio7.0:amd64.
2026-10-09T13:25:30.7515538Z Preparing to unpack .../79-libsndio7.0_1.9.0-0.3build3_amd64.deb ...
2026-10-09T13:25:30.7521419Z Unpacking libsndio7.0:amd64 (1.9.0-0.3build3) ...
2026-10-09T13:25:30.7676498Z Selecting previously unselected package libopenal1:amd64.
2026-10-09T13:25:30.7794598Z Preparing to unpack .../80-libopenal1_1%3a1.23.1-4build1_amd64.deb ...
2026-10-09T13:25:30.7801429Z Unpacking libopenal1:amd64 (1:1.23.1-4build1) ...
2026-10-09T13:25:30.8008706Z Selecting previously unselected package libdecor-0-0:amd64.
2026-10-09T13:25:30.8124711Z Preparing to unpack .../81-libdecor-0-0_0.2.2-1build2_amd64.deb ...
2026-10-09T13:25:30.8130667Z Unpacking libdecor-0-0:amd64 (0.2.2-1build2) ...
2026-10-09T13:25:30.8282093Z Selecting previously unselected package libsdl2-2.0-0:amd64.
2026-10-09T13:25:30.8400584Z Preparing to unpack .../82-libsdl2-2.0-0_2.30.0+dfsg-1ubuntu3.1_amd64.deb ...
2026-10-09T13:25:30.8410101Z Unpacking libsdl2-2.0-0:amd64 (2.30.0+dfsg-1ubuntu3.1) ...
2026-10-09T13:25:30.8809644Z Selecting previously unselected package libxcb-shape0:amd64.
2026-10-09T13:25:30.8923627Z Preparing to unpack .../83-libxcb-shape0_1.15-1ubuntu2_amd64.deb ...
2026-10-09T13:25:30.8929138Z Unpacking libxcb-shape0:amd64 (1.15-1ubuntu2) ...
2026-10-09T13:25:30.9068565Z Selecting previously unselected package libxv1:amd64.
2026-10-09T13:25:30.9182585Z Preparing to unpack .../84-libxv1_2%3a1.0.11-1.1build1_amd64.deb ...
2026-10-09T13:25:30.9187525Z Unpacking libxv1:amd64 (2:1.0.11-1.1build1) ...
2026-10-09T13:25:30.9331842Z Selecting previously unselected package libavdevice60:amd64.
2026-10-09T13:25:30.9446076Z Preparing to unpack .../85-libavdevice60_7%3a6.1.1-3ubuntu5_amd64.deb ...
2026-10-09T13:25:30.9452539Z Unpacking libavdevice60:amd64 (7:6.1.1-3ubuntu5) ...
2026-10-09T13:25:30.9612327Z Selecting previously unselected package ffmpeg.
2026-10-09T13:25:30.9725192Z Preparing to unpack .../86-ffmpeg_7%3a6.1.1-3ubuntu5_amd64.deb ...
2026-10-09T13:25:30.9729935Z Unpacking ffmpeg (7:6.1.1-3ubuntu5) ...
2026-10-09T13:25:31.0206217Z Setting up libgme0:amd64 (0.6.3-7build1) ...
2026-10-09T13:25:31.0228514Z Setting up libchromaprint1:amd64 (1.5.1-5) ...
2026-10-09T13:25:31.0241010Z Setting up libssh-gcrypt-4:amd64 (0.10.6-2ubuntu0.5) ...
2026-10-09T13:25:31.0252465Z Setting up libhwy1t64:amd64 (1.0.7-8.1build1) ...
2026-10-09T13:25:31.0264128Z Setting up libudfread0:amd64 (1.1.2-1build1) ...
2026-10-09T13:25:31.0276586Z Setting up libraw1394-11:amd64 (2.1.2-2build3) ...
2026-10-09T13:25:31.0288636Z Setting up libspeex1:amd64 (1.2.1-2ubuntu2.24.04.1) ...
2026-10-09T13:25:31.0300550Z Setting up libshine3:amd64 (3.1.1-2build1) ...
2026-10-09T13:25:31.0312193Z Setting up libcaca0:amd64 (0.99.beta20-4ubuntu0.2) ...
2026-10-09T13:25:31.0325414Z Setting up libvpl2 (2023.3.0-1build1) ...
2026-10-09T13:25:31.0337120Z Setting up libx264-164:amd64 (2:0.164.3108+git31e19f9-1) ...
2026-10-09T13:25:31.0349847Z Setting up libtwolame0:amd64 (0.4.0-2build3) ...
2026-10-09T13:25:31.0362104Z Setting up libmbedcrypto7t64:amd64 (2.28.8-1) ...
2026-10-09T13:25:31.0374317Z Setting up libgsm1:amd64 (1.0.22-1build1) ...
2026-10-09T13:25:31.0386479Z Setting up libsoxr0:amd64 (0.1.3-4build3) ...
2026-10-09T13:25:31.0397925Z Setting up libzix-0-0:amd64 (0.4.2-2build1) ...
2026-10-09T13:25:31.0410239Z Setting up libcodec2-1.2:amd64 (1.2.0-2build1) ...
2026-10-09T13:25:31.0422141Z Setting up libmysofa1:amd64 (1.3.2+dfsg-2ubuntu2) ...
2026-10-09T13:25:31.0433980Z Setting up libxcb-shape0:amd64 (1.15-1ubuntu2) ...
2026-10-09T13:25:31.0445721Z Setting up libcdio19t64:amd64 (2.1.0-4.1ubuntu1.2) ...
2026-10-09T13:25:31.0462907Z Setting up libsvtav1enc1d1:amd64 (1.7.0+dfsg-2build1) ...
2026-10-09T13:25:31.0474613Z Setting up libmpg123-0t64:amd64 (1.32.5-1ubuntu1.1) ...
2026-10-09T13:25:31.0487123Z Setting up libcjson1:amd64 (1.7.17-1) ...
2026-10-09T13:25:31.0502518Z Setting up libxvidcore4:amd64 (2:1.3.7-1build1) ...
2026-10-09T13:25:31.0515082Z Setting up librav1e0:amd64 (0.7.1-2) ...
2026-10-09T13:25:31.0527242Z Setting up libcdio-cdda2t64:amd64 (10.2+2.0.1-1.1build2) ...
2026-10-09T13:25:31.0541599Z Setting up librist4:amd64 (0.2.10+dfsg-2) ...
2026-10-09T13:25:31.0560052Z Setting up librsvg2-2:amd64 (2.58.0+dfsg-1ubuntu0.1) ...
2026-10-09T13:25:31.0578089Z Setting up libblas3:amd64 (3.12.0-3build1.1) ...
2026-10-09T13:25:31.0628326Z update-alternatives: using /usr/lib/x86_64-linux-gnu/blas/libblas.so.3 to provide /usr/lib/x86_64-linux-gnu/libblas.so.3 (libblas.so.3-x86_64-linux-gnu) in auto mode
2026-10-09T13:25:31.0643527Z Setting up libplacebo338:amd64 (6.338.2-2build1) ...
2026-10-09T13:25:31.0657661Z Setting up libva2:amd64 (2.20.0-2ubuntu0.2) ...
2026-10-09T13:25:31.0672068Z Setting up libopus0:amd64 (1.4-1build1) ...
2026-10-09T13:25:31.0686849Z Setting up libcdio-paranoia2t64:amd64 (10.2+2.0.1-1.1build2) ...
2026-10-09T13:25:31.0702075Z Setting up libdc1394-25:amd64 (2.2.6-4build1) ...
2026-10-09T13:25:31.0717342Z Setting up libxv1:amd64 (2:1.0.11-1.1build1) ...
2026-10-09T13:25:31.0731588Z Setting up libunibreak5:amd64 (5.1-2build1) ...
2026-10-09T13:25:31.0747009Z Setting up libjxl0.7:amd64 (0.7.0-10.2ubuntu6.1) ...
2026-10-09T13:25:31.0762458Z Setting up libx265-199:amd64 (3.5-2build1) ...
2026-10-09T13:25:31.0775892Z Setting up libsndio7.0:amd64 (1.9.0-0.3build3) ...
2026-10-09T13:25:31.0789861Z Setting up libvidstab1.1:amd64 (1.1.0-2build1) ...
2026-10-09T13:25:31.0802523Z Setting up libvpx9:amd64 (1.14.0-1ubuntu2.3) ...
2026-10-09T13:25:31.0815419Z Setting up libsrt1.5-gnutls:amd64 (1.5.3-1build2) ...
2026-10-09T13:25:31.0828487Z Setting up libflite1:amd64 (2.2-6build3) ...
2026-10-09T13:25:31.0840113Z Setting up libdav1d7:amd64 (1.4.1-1build1) ...
2026-10-09T13:25:31.0852376Z Setting up libva-drm2:amd64 (2.20.0-2ubuntu0.2) ...
2026-10-09T13:25:31.0865072Z Setting up ocl-icd-libopencl1:amd64 (2.3.2-1build1) ...
2026-10-09T13:25:31.0879006Z Setting up libasyncns0:amd64 (0.8-6build4) ...
2026-10-09T13:25:31.0892163Z Setting up libvdpau1:amd64 (1.5-2build1) ...
2026-10-09T13:25:31.0909673Z Setting up libbs2b0:amd64 (3.1.0+dfsg-7build1) ...
2026-10-09T13:25:31.0921967Z Setting up libtheora0:amd64 (1.1.1+dfsg.1-16.1build3) ...
2026-10-09T13:25:31.0934741Z Setting up libdecor-0-0:amd64 (0.2.2-1build2) ...
2026-10-09T13:25:31.0949254Z Setting up libzimg2:amd64 (3.0.5+ds1-1build1) ...
2026-10-09T13:25:31.0961843Z Setting up libopenal-data (1:1.23.1-4build1) ...
2026-10-09T13:25:31.0980169Z Setting up libflac12t64:amd64 (1.4.3+ds-2.1ubuntu2) ...
2026-10-09T13:25:31.0993554Z Setting up libbluray2:amd64 (1:1.3.4-1build1) ...
2026-10-09T13:25:31.1007026Z Setting up libsamplerate0:amd64 (0.2.2-4build1) ...
2026-10-09T13:25:31.1023113Z Setting up libva-x11-2:amd64 (2.20.0-2ubuntu0.2) ...
2026-10-09T13:25:31.1037020Z Setting up libopenmpt0t64:amd64 (0.7.3-1.1build3) ...
2026-10-09T13:25:31.1050328Z Setting up libzvbi-common (0.2.42-2) ...
2026-10-09T13:25:31.1062735Z Setting up libmp3lame0:amd64 (3.100-6build1) ...
2026-10-09T13:25:31.1076234Z Setting up libvorbisenc2:amd64 (1.3.7-1build3) ...
2026-10-09T13:25:31.1088500Z Setting up libiec61883-0:amd64 (1.2.0-6build1) ...
2026-10-09T13:25:31.1103105Z Setting up libserd-0-0:amd64 (0.32.2-1) ...
2026-10-09T13:25:31.1114995Z Setting up libavc1394-0:amd64 (0.5.4-5build3) ...
2026-10-09T13:25:31.1127325Z Setting up liblapack3:amd64 (3.12.0-3build1.1) ...
2026-10-09T13:25:31.1176178Z update-alternatives: using /usr/lib/x86_64-linux-gnu/lapack/liblapack.so.3 to provide /usr/lib/x86_64-linux-gnu/liblapack.so.3 (liblapack.so.3-x86_64-linux-gnu) in auto mode
2026-10-09T13:25:31.1187913Z Setting up libzvbi0t64:amd64 (0.2.42-2) ...
2026-10-09T13:25:31.1200482Z Setting up libavutil58:amd64 (7:6.1.1-3ubuntu5) ...
2026-10-09T13:25:31.1212583Z Setting up libopenal1:amd64 (1:1.23.1-4build1) ...
2026-10-09T13:25:31.1225662Z Setting up libass9:amd64 (1:0.17.1-2build1) ...
2026-10-09T13:25:31.1238729Z Setting up libswresample4:amd64 (7:6.1.1-3ubuntu5) ...
2026-10-09T13:25:31.1250340Z Setting up libavcodec60:amd64 (7:6.1.1-3ubuntu5) ...
2026-10-09T13:25:31.1262943Z Setting up librubberband2:amd64 (3.3.0+dfsg-2build1) ...
2026-10-09T13:25:31.1275952Z Setting up libjack-jackd2-0:amd64 (1.9.21~dfsg-3ubuntu3) ...
2026-10-09T13:25:31.1287228Z Setting up libsord-0-0:amd64 (0.16.16-2build1) ...
2026-10-09T13:25:31.1299378Z Setting up libpostproc57:amd64 (7:6.1.1-3ubuntu5) ...
2026-10-09T13:25:31.1312112Z Setting up libsratom-0-0:amd64 (0.6.16-1build1) ...
2026-10-09T13:25:31.1324883Z Setting up libsndfile1:amd64 (1.2.2-1ubuntu5.24.04.1) ...
2026-10-09T13:25:31.1337404Z Setting up liblilv-0-0:amd64 (0.24.22-1build1) ...
2026-10-09T13:25:31.1351118Z Setting up libswscale7:amd64 (7:6.1.1-3ubuntu5) ...
2026-10-09T13:25:31.1364181Z Setting up libpulse0:amd64 (1:16.1+dfsg1-2ubuntu10.1) ...
2026-10-09T13:25:31.1418952Z Setting up libavformat60:amd64 (7:6.1.1-3ubuntu5) ...
2026-10-09T13:25:31.1431698Z Setting up libsphinxbase3t64:amd64 (0.8+5prealpha+1-17build2) ...
2026-10-09T13:25:31.1444603Z Setting up libsdl2-2.0-0:amd64 (2.30.0+dfsg-1ubuntu3.1) ...
2026-10-09T13:25:31.1612237Z Setting up libpocketsphinx3:amd64 (0.8.0+real5prealpha+1-15ubuntu5) ...
2026-10-09T13:25:31.1624282Z Setting up libavfilter9:amd64 (7:6.1.1-3ubuntu5) ...
2026-10-09T13:25:31.1636305Z Setting up libavdevice60:amd64 (7:6.1.1-3ubuntu5) ...
2026-10-09T13:25:31.1649933Z Setting up ffmpeg (7:6.1.1-3ubuntu5) ...
2026-10-09T13:25:31.1669906Z Processing triggers for man-db (2.12.0-4build2) ...
2026-10-09T13:25:31.1688894Z Not building database; man-db/auto-update is not 'true'.
2026-10-09T13:25:31.1699770Z Processing triggers for libc-bin (2.39-0ubuntu8.9) ...
2026-10-09T13:25:31.7366577Z 
2026-10-09T13:25:31.7367133Z Running kernel seems to be up-to-date.
2026-10-09T13:25:31.7367374Z 
2026-10-09T13:25:31.7367483Z No services need to be restarted.
2026-10-09T13:25:31.7367652Z 
2026-10-09T13:25:31.7367750Z No containers need to be restarted.
2026-10-09T13:25:31.7367929Z 
2026-10-09T13:25:31.7368049Z No user sessions are running outdated binaries.
2026-10-09T13:25:31.7368252Z 
2026-10-09T13:25:31.7368439Z No VM guests are running outdated hypervisor (qemu) binaries on this host.
2026-10-09T13:25:33.5091631Z ##[group]Run sudo apt-get update
2026-10-09T13:25:33.5092010Z [36;1msudo apt-get update[0m
2026-10-09T13:25:33.5092381Z [36;1msudo apt-get install -y postgresql-client-16[0m
2026-10-09T13:25:33.5092842Z [36;1mecho "/usr/lib/postgresql/16/bin" >> "$GITHUB_PATH"[0m
2026-10-09T13:25:33.5135741Z shell: /usr/bin/bash -e {0}
2026-10-09T13:25:33.5136007Z env:
2026-10-09T13:25:33.5136205Z   MOCK_PROVIDER: true
2026-10-09T13:25:33.5136430Z   MOCK_STREAM_DELAY_MS: 0
2026-10-09T13:25:33.5136648Z   ENABLE_CLOUD: false
2026-10-09T13:25:33.5136864Z   CREDENTIAL_VAULT_BACKEND: memory
2026-10-09T13:25:33.5137145Z   CREDENTIAL_VAULT_ALLOW_MEMORY_FALLBACK: true
2026-10-09T13:25:33.5137443Z   PYTHONDONTWRITEBYTECODE: 1
2026-10-09T13:25:33.5137690Z   HF_HUB_OFFLINE: 1
2026-10-09T13:25:33.5137905Z   TRANSFORMERS_OFFLINE: 1
2026-10-09T13:25:33.5138191Z   pythonLocation: /opt/hostedtoolcache/Python/3.12.9/x64
2026-10-09T13:25:33.5138660Z   PKG_CONFIG_PATH: /opt/hostedtoolcache/Python/3.12.9/x64/lib/pkgconfig
2026-10-09T13:25:33.5139060Z   Python_ROOT_DIR: /opt/hostedtoolcache/Python/3.12.9/x64
2026-10-09T13:25:33.5139423Z   Python2_ROOT_DIR: /opt/hostedtoolcache/Python/3.12.9/x64
2026-10-09T13:25:33.5139777Z   Python3_ROOT_DIR: /opt/hostedtoolcache/Python/3.12.9/x64
2026-10-09T13:25:33.5140165Z   LD_LIBRARY_PATH: /opt/hostedtoolcache/Python/3.12.9/x64/lib
2026-10-09T13:25:33.5140535Z   CI_COVERAGE_SHA: 57986cb13d452731baf82bbc242bfc79f9cfd145
2026-10-09T13:25:33.5140901Z   CI_COVERAGE_TREE: 7b06f7eb213893ec41e4ded14810b82b070b7dc7
2026-10-09T13:25:33.5141348Z   CI_SANDBOX: /home/runner/work/_temp/novel-ci-backend-postgres-shard-1.J5aMdH
2026-10-09T13:25:33.5141898Z   CI_PROJECT: /home/runner/work/_temp/novel-ci-backend-postgres-shard-1.J5aMdH/project
2026-10-09T13:25:33.5142460Z   CI_RECEIPTS: /home/runner/work/_temp/novel-ci-backend-postgres-shard-1.J5aMdH/receipts
2026-10-09T13:25:33.5143302Z   HOME: /home/runner/work/_temp/novel-ci-backend-postgres-shard-1.J5aMdH/project/.runtime/ci-backend/home
2026-10-09T13:25:33.5144118Z   USERPROFILE: /home/runner/work/_temp/novel-ci-backend-postgres-shard-1.J5aMdH/project/.runtime/ci-backend/home
2026-10-09T13:25:33.5144855Z   APPDATA: /home/runner/work/_temp/novel-ci-backend-postgres-shard-1.J5aMdH/project/.runtime/ci-backend/appdata
2026-10-09T13:25:33.5145626Z   LOCALAPPDATA: /home/runner/work/_temp/novel-ci-backend-postgres-shard-1.J5aMdH/project/.runtime/ci-backend/localappdata
2026-10-09T13:25:33.5146424Z   XDG_CONFIG_HOME: /home/runner/work/_temp/novel-ci-backend-postgres-shard-1.J5aMdH/project/.runtime/ci-backend/config
2026-10-09T13:25:33.5147177Z   XDG_CACHE_HOME: /home/runner/work/_temp/novel-ci-backend-postgres-shard-1.J5aMdH/project/.runtime/ci-backend/cache
2026-10-09T13:25:33.5147912Z   XDG_DATA_HOME: /home/runner/work/_temp/novel-ci-backend-postgres-shard-1.J5aMdH/project/.runtime/ci-backend/data
2026-10-09T13:25:33.5148641Z   XDG_STATE_HOME: /home/runner/work/_temp/novel-ci-backend-postgres-shard-1.J5aMdH/project/.runtime/ci-backend/state
2026-10-09T13:25:33.5149350Z   TMPDIR: /home/runner/work/_temp/novel-ci-backend-postgres-shard-1.J5aMdH/project/.runtime/ci-backend/tmp
2026-10-09T13:25:33.5150034Z   TMP: /home/runner/work/_temp/novel-ci-backend-postgres-shard-1.J5aMdH/project/.runtime/ci-backend/tmp
2026-10-09T13:25:33.5150923Z   TEMP: /home/runner/work/_temp/novel-ci-backend-postgres-shard-1.J5aMdH/project/.runtime/ci-backend/tmp
2026-10-09T13:25:33.5151548Z   PROJECT_ROOT: /home/runner/work/_temp/novel-ci-backend-postgres-shard-1.J5aMdH/project
2026-10-09T13:25:33.5152234Z   NOVEL_DATA_PATH: /home/runner/work/_temp/novel-ci-backend-postgres-shard-1.J5aMdH/project/.runtime/ci-backend/data/novels
2026-10-09T13:25:33.5153236Z   BACKUP_PATH: /home/runner/work/_temp/novel-ci-backend-postgres-shard-1.J5aMdH/project/.runtime/ci-backend/data/backups
2026-10-09T13:25:33.5154071Z   DATABASE_BACKUP_PATH: /home/runner/work/_temp/novel-ci-backend-postgres-shard-1.J5aMdH/project/.runtime/ci-backend/data/database-backups
2026-10-09T13:25:33.5155143Z   KNOWLEDGE_SOURCE_PATH: /home/runner/work/_temp/novel-ci-backend-postgres-shard-1.J5aMdH/project/.runtime/ci-backend/data/novels
2026-10-09T13:25:33.5155919Z   CI_V2_RUNTIME: /home/runner/work/_temp/novel-ci-backend-postgres-shard-1.J5aMdH/project/.runtime/ci-backend
2026-10-09T13:25:33.5156407Z ##[endgroup]
2026-10-09T13:25:33.5754945Z Get:1 file:/etc/apt/apt-mirrors.txt Mirrorlist [144 B]
2026-10-09T13:25:33.6038339Z Hit:2 http://azure.archive.ubuntu.com/ubuntu noble InRelease
2026-10-09T13:25:33.6049147Z Hit:3 http://azure.archive.ubuntu.com/ubuntu noble-updates InRelease
2026-10-09T13:25:33.6055349Z Hit:4 http://azure.archive.ubuntu.com/ubuntu noble-backports InRelease
2026-10-09T13:25:33.6064260Z Hit:5 http://azure.archive.ubuntu.com/ubuntu noble-security InRelease
2026-10-09T13:25:33.6114718Z Hit:6 https://packages.microsoft.com/ubuntu/24.04/prod noble InRelease
2026-10-09T13:25:34.8604818Z Reading package lists...
2026-10-09T13:25:34.8914793Z Reading package lists...
2026-10-09T13:25:35.1062605Z Building dependency tree...
2026-10-09T13:25:35.1068962Z Reading state information...
2026-10-09T13:25:35.3077668Z postgresql-client-16 is already the newest version (16.15-1.pgdg24.04+2).
2026-10-09T13:25:35.3078227Z postgresql-client-16 set to manually installed.
2026-10-09T13:25:35.3078731Z 0 upgraded, 0 newly installed, 0 to remove and 23 not upgraded.
2026-10-09T13:25:35.3128530Z ##[group]Run python - <<'PY'
2026-10-09T13:25:35.3128890Z [36;1mpython - <<'PY'[0m
2026-10-09T13:25:35.3129151Z [36;1mimport os[0m
2026-10-09T13:25:35.3129409Z [36;1mfrom pathlib import Path[0m
2026-10-09T13:25:35.3129710Z [36;1mimport psycopg[0m
2026-10-09T13:25:35.3130170Z [36;1mwith psycopg.connect(os.environ['DATABASE_URL'], autocommit=True) as connection:[0m
2026-10-09T13:25:35.3130770Z [36;1m    assert connection.execute('SELECT 1').fetchone() == (1,)[0m
2026-10-09T13:25:35.3131304Z [36;1m    for migration in sorted(Path('database/migrations').glob('*.sql')):[0m
2026-10-09T13:25:35.3131849Z [36;1m        connection.execute(migration.read_text(encoding='utf-8'))[0m
2026-10-09T13:25:35.3132299Z [36;1m        print('Applied', migration.name)[0m
2026-10-09T13:25:35.3132622Z [36;1mPY[0m
2026-10-09T13:25:35.3169911Z shell: /usr/bin/bash -e {0}
2026-10-09T13:25:35.3170170Z env:
2026-10-09T13:25:35.3170381Z   MOCK_PROVIDER: true
2026-10-09T13:25:35.3170640Z   MOCK_STREAM_DELAY_MS: 0
2026-10-09T13:25:35.3170860Z   ENABLE_CLOUD: false
2026-10-09T13:25:35.3171089Z   CREDENTIAL_VAULT_BACKEND: memory
2026-10-09T13:25:35.3171368Z   CREDENTIAL_VAULT_ALLOW_MEMORY_FALLBACK: true
2026-10-09T13:25:35.3171666Z   PYTHONDONTWRITEBYTECODE: 1
2026-10-09T13:25:35.3171896Z   HF_HUB_OFFLINE: 1
2026-10-09T13:25:35.3172096Z   TRANSFORMERS_OFFLINE: 1
2026-10-09T13:25:35.3172379Z   pythonLocation: /opt/hostedtoolcache/Python/3.12.9/x64
2026-10-09T13:25:35.3172787Z   PKG_CONFIG_PATH: /opt/hostedtoolcache/Python/3.12.9/x64/lib/pkgconfig
2026-10-09T13:25:35.3173269Z   Python_ROOT_DIR: /opt/hostedtoolcache/Python/3.12.9/x64
2026-10-09T13:25:35.3173633Z   Python2_ROOT_DIR: /opt/hostedtoolcache/Python/3.12.9/x64
2026-10-09T13:25:35.3174008Z   Python3_ROOT_DIR: /opt/hostedtoolcache/Python/3.12.9/x64
2026-10-09T13:25:35.3174390Z   LD_LIBRARY_PATH: /opt/hostedtoolcache/Python/3.12.9/x64/lib
2026-10-09T13:25:35.3174774Z   CI_COVERAGE_SHA: 57986cb13d452731baf82bbc242bfc79f9cfd145
2026-10-09T13:25:35.3175285Z   CI_COVERAGE_TREE: 7b06f7eb213893ec41e4ded14810b82b070b7dc7
2026-10-09T13:25:35.3175737Z   CI_SANDBOX: /home/runner/work/_temp/novel-ci-backend-postgres-shard-1.J5aMdH
2026-10-09T13:25:35.3176292Z   CI_PROJECT: /home/runner/work/_temp/novel-ci-backend-postgres-shard-1.J5aMdH/project
2026-10-09T13:25:35.3176859Z   CI_RECEIPTS: /home/runner/work/_temp/novel-ci-backend-postgres-shard-1.J5aMdH/receipts
2026-10-09T13:25:35.3177519Z   HOME: /home/runner/work/_temp/novel-ci-backend-postgres-shard-1.J5aMdH/project/.runtime/ci-backend/home
2026-10-09T13:25:35.3178240Z   USERPROFILE: /home/runner/work/_temp/novel-ci-backend-postgres-shard-1.J5aMdH/project/.runtime/ci-backend/home
2026-10-09T13:25:35.3178976Z   APPDATA: /home/runner/work/_temp/novel-ci-backend-postgres-shard-1.J5aMdH/project/.runtime/ci-backend/appdata
2026-10-09T13:25:35.3179737Z   LOCALAPPDATA: /home/runner/work/_temp/novel-ci-backend-postgres-shard-1.J5aMdH/project/.runtime/ci-backend/localappdata
2026-10-09T13:25:35.3180520Z   XDG_CONFIG_HOME: /home/runner/work/_temp/novel-ci-backend-postgres-shard-1.J5aMdH/project/.runtime/ci-backend/config
2026-10-09T13:25:35.3181268Z   XDG_CACHE_HOME: /home/runner/work/_temp/novel-ci-backend-postgres-shard-1.J5aMdH/project/.runtime/ci-backend/cache
2026-10-09T13:25:35.3182001Z   XDG_DATA_HOME: /home/runner/work/_temp/novel-ci-backend-postgres-shard-1.J5aMdH/project/.runtime/ci-backend/data
2026-10-09T13:25:35.3182728Z   XDG_STATE_HOME: /home/runner/work/_temp/novel-ci-backend-postgres-shard-1.J5aMdH/project/.runtime/ci-backend/state
2026-10-09T13:25:35.3183508Z   TMPDIR: /home/runner/work/_temp/novel-ci-backend-postgres-shard-1.J5aMdH/project/.runtime/ci-backend/tmp
2026-10-09T13:25:35.3184192Z   TMP: /home/runner/work/_temp/novel-ci-backend-postgres-shard-1.J5aMdH/project/.runtime/ci-backend/tmp
2026-10-09T13:25:35.3184899Z   TEMP: /home/runner/work/_temp/novel-ci-backend-postgres-shard-1.J5aMdH/project/.runtime/ci-backend/tmp
2026-10-09T13:25:35.3185654Z   PROJECT_ROOT: /home/runner/work/_temp/novel-ci-backend-postgres-shard-1.J5aMdH/project
2026-10-09T13:25:35.3186334Z   NOVEL_DATA_PATH: /home/runner/work/_temp/novel-ci-backend-postgres-shard-1.J5aMdH/project/.runtime/ci-backend/data/novels
2026-10-09T13:25:35.3187109Z   BACKUP_PATH: /home/runner/work/_temp/novel-ci-backend-postgres-shard-1.J5aMdH/project/.runtime/ci-backend/data/backups
2026-10-09T13:25:35.3187944Z   DATABASE_BACKUP_PATH: /home/runner/work/_temp/novel-ci-backend-postgres-shard-1.J5aMdH/project/.runtime/ci-backend/data/database-backups
2026-10-09T13:25:35.3188825Z   KNOWLEDGE_SOURCE_PATH: /home/runner/work/_temp/novel-ci-backend-postgres-shard-1.J5aMdH/project/.runtime/ci-backend/data/novels
2026-10-09T13:25:35.3189590Z   CI_V2_RUNTIME: /home/runner/work/_temp/novel-ci-backend-postgres-shard-1.J5aMdH/project/.runtime/ci-backend
2026-10-09T13:25:35.3190539Z   DATABASE_URL: ***127.0.0.1:5432/novel_ci
2026-10-09T13:25:35.3190792Z ##[endgroup]
2026-10-09T13:25:36.1314587Z Applied 001_initial.sql
2026-10-09T13:25:36.1335988Z Applied 002_runtime_jobs.sql
2026-10-09T13:25:36.1344252Z Applied 003_document_versions.sql
2026-10-09T13:25:36.1344944Z Applied 004_lore_foundation.sql
2026-10-09T13:25:36.1345618Z Applied 005_lore_memory.sql
2026-10-09T13:25:36.1346383Z Applied 006_context_intelligence.sql
2026-10-09T13:25:36.1347083Z Applied 007_continuity_foundations.sql
2026-10-09T13:25:36.1347730Z Applied 008_narrative_state.sql
2026-10-09T13:25:36.1348333Z Applied 009_narrative_findings.sql
2026-10-09T13:25:36.1348940Z Applied 010_narrative_progress.sql
2026-10-09T13:25:36.1349598Z Applied 011_narrative_change_proposals.sql
2026-10-09T13:25:36.1350348Z Applied 012_collaboration_scope_foundation.sql
2026-10-09T13:25:36.1351149Z Applied 013_branch_revision_optimistic_concurrency.sql
2026-10-09T13:25:36.1351957Z Applied 014_scope_authorization_foundation.sql
2026-10-09T13:25:36.1352686Z Applied 015_collaboration_runtime_foundation.sql
2026-10-09T13:25:36.1353579Z Applied 016_generation_snapshot_ownership.sql
2026-10-09T13:25:36.1354736Z Applied 017_chapter_archive_state.sql
2026-10-09T13:25:36.1355352Z Applied 018_context_privacy.sql
2026-10-09T13:25:36.1355949Z Applied 019_experimental_scope_documents.sql
2026-10-09T13:25:36.1356623Z Applied 020_stable_chapter_identity.sql
2026-10-09T13:25:36.1678832Z ##[group]Run python scripts/prepare_pdf_font.py --output "$CI_SANDBOX/fonts" > "$CI_RECEIPTS/font-manifest.json"
2026-10-09T13:25:36.1680155Z [36;1mpython scripts/prepare_pdf_font.py --output "$CI_SANDBOX/fonts" > "$CI_RECEIPTS/font-manifest.json"[0m
2026-10-09T13:25:36.1681222Z [36;1mecho "R2_TEST_FONT_FILE=$CI_SANDBOX/fonts/NotoSansSC-Regular.ttf" >> "$GITHUB_ENV"[0m
2026-10-09T13:25:36.1728589Z shell: /usr/bin/bash -e {0}
2026-10-09T13:25:36.1728855Z env:
2026-10-09T13:25:36.1729040Z   MOCK_PROVIDER: true
2026-10-09T13:25:36.1729262Z   MOCK_STREAM_DELAY_MS: 0
2026-10-09T13:25:36.1729486Z   ENABLE_CLOUD: false
2026-10-09T13:25:36.1729714Z   CREDENTIAL_VAULT_BACKEND: memory
2026-10-09T13:25:36.1730002Z   CREDENTIAL_VAULT_ALLOW_MEMORY_FALLBACK: true
2026-10-09T13:25:36.1730291Z   PYTHONDONTWRITEBYTECODE: 1
2026-10-09T13:25:36.1730523Z   HF_HUB_OFFLINE: 1
2026-10-09T13:25:36.1730721Z   TRANSFORMERS_OFFLINE: 1
2026-10-09T13:25:36.1731056Z   pythonLocation: /opt/hostedtoolcache/Python/3.12.9/x64
2026-10-09T13:25:36.1731454Z   PKG_CONFIG_PATH: /opt/hostedtoolcache/Python/3.12.9/x64/lib/pkgconfig
2026-10-09T13:25:36.1731853Z   Python_ROOT_DIR: /opt/hostedtoolcache/Python/3.12.9/x64
2026-10-09T13:25:36.1732205Z   Python2_ROOT_DIR: /opt/hostedtoolcache/Python/3.12.9/x64
2026-10-09T13:25:36.1732561Z   Python3_ROOT_DIR: /opt/hostedtoolcache/Python/3.12.9/x64
2026-10-09T13:25:36.1732922Z   LD_LIBRARY_PATH: /opt/hostedtoolcache/Python/3.12.9/x64/lib
2026-10-09T13:25:36.1733461Z   CI_COVERAGE_SHA: 57986cb13d452731baf82bbc242bfc79f9cfd145
2026-10-09T13:25:36.1733842Z   CI_COVERAGE_TREE: 7b06f7eb213893ec41e4ded14810b82b070b7dc7
2026-10-09T13:25:36.1734272Z   CI_SANDBOX: /home/runner/work/_temp/novel-ci-backend-postgres-shard-1.J5aMdH
2026-10-09T13:25:36.1734802Z   CI_PROJECT: /home/runner/work/_temp/novel-ci-backend-postgres-shard-1.J5aMdH/project
2026-10-09T13:25:36.1735360Z   CI_RECEIPTS: /home/runner/work/_temp/novel-ci-backend-postgres-shard-1.J5aMdH/receipts
2026-10-09T13:25:36.1735994Z   HOME: /home/runner/work/_temp/novel-ci-backend-postgres-shard-1.J5aMdH/project/.runtime/ci-backend/home
2026-10-09T13:25:36.1736700Z   USERPROFILE: /home/runner/work/_temp/novel-ci-backend-postgres-shard-1.J5aMdH/project/.runtime/ci-backend/home
2026-10-09T13:25:36.1737434Z   APPDATA: /home/runner/work/_temp/novel-ci-backend-postgres-shard-1.J5aMdH/project/.runtime/ci-backend/appdata
2026-10-09T13:25:36.1738189Z   LOCALAPPDATA: /home/runner/work/_temp/novel-ci-backend-postgres-shard-1.J5aMdH/project/.runtime/ci-backend/localappdata
2026-10-09T13:25:36.1738955Z   XDG_CONFIG_HOME: /home/runner/work/_temp/novel-ci-backend-postgres-shard-1.J5aMdH/project/.runtime/ci-backend/config
2026-10-09T13:25:36.1739704Z   XDG_CACHE_HOME: /home/runner/work/_temp/novel-ci-backend-postgres-shard-1.J5aMdH/project/.runtime/ci-backend/cache
2026-10-09T13:25:36.1740429Z   XDG_DATA_HOME: /home/runner/work/_temp/novel-ci-backend-postgres-shard-1.J5aMdH/project/.runtime/ci-backend/data
2026-10-09T13:25:36.1741158Z   XDG_STATE_HOME: /home/runner/work/_temp/novel-ci-backend-postgres-shard-1.J5aMdH/project/.runtime/ci-backend/state
2026-10-09T13:25:36.1741869Z   TMPDIR: /home/runner/work/_temp/novel-ci-backend-postgres-shard-1.J5aMdH/project/.runtime/ci-backend/tmp
2026-10-09T13:25:36.1742550Z   TMP: /home/runner/work/_temp/novel-ci-backend-postgres-shard-1.J5aMdH/project/.runtime/ci-backend/tmp
2026-10-09T13:25:36.1743332Z   TEMP: /home/runner/work/_temp/novel-ci-backend-postgres-shard-1.J5aMdH/project/.runtime/ci-backend/tmp
2026-10-09T13:25:36.1743950Z   PROJECT_ROOT: /home/runner/work/_temp/novel-ci-backend-postgres-shard-1.J5aMdH/project
2026-10-09T13:25:36.1744623Z   NOVEL_DATA_PATH: /home/runner/work/_temp/novel-ci-backend-postgres-shard-1.J5aMdH/project/.runtime/ci-backend/data/novels
2026-10-09T13:25:36.1745576Z   BACKUP_PATH: /home/runner/work/_temp/novel-ci-backend-postgres-shard-1.J5aMdH/project/.runtime/ci-backend/data/backups
2026-10-09T13:25:36.1746550Z   DATABASE_BACKUP_PATH: /home/runner/work/_temp/novel-ci-backend-postgres-shard-1.J5aMdH/project/.runtime/ci-backend/data/database-backups
2026-10-09T13:25:36.1747412Z   KNOWLEDGE_SOURCE_PATH: /home/runner/work/_temp/novel-ci-backend-postgres-shard-1.J5aMdH/project/.runtime/ci-backend/data/novels
2026-10-09T13:25:36.1748183Z   CI_V2_RUNTIME: /home/runner/work/_temp/novel-ci-backend-postgres-shard-1.J5aMdH/project/.runtime/ci-backend
2026-10-09T13:25:36.1748661Z ##[endgroup]
2026-10-09T13:25:54.8651770Z ##[group]Run python -m pytest -p no:cacheprovider --basetemp="$CI_SANDBOX/coverage-selftest" -q \
2026-10-09T13:25:54.8652443Z [36;1mpython -m pytest -p no:cacheprovider --basetemp="$CI_SANDBOX/coverage-selftest" -q \[0m
2026-10-09T13:25:54.8653119Z [36;1m  .github/ci/test_suite_coverage.py .github/ci/test_coverage_reconcile.py \[0m
2026-10-09T13:25:54.8653663Z [36;1m  .github/ci/test_v2_manifest_extension.py .github/ci/test_v2_check_runner.py \[0m
2026-10-09T13:25:54.8654080Z [36;1m  .github/ci/test_v2_browser_job.py \[0m
2026-10-09T13:25:54.8654415Z [36;1m  --junitxml="$CI_RECEIPTS/coverage-harness.xml"[0m
2026-10-09T13:25:54.8690064Z shell: /usr/bin/bash -e {0}
2026-10-09T13:25:54.8690321Z env:
2026-10-09T13:25:54.8690516Z   MOCK_PROVIDER: true
2026-10-09T13:25:54.8690744Z   MOCK_STREAM_DELAY_MS: 0
2026-10-09T13:25:54.8690966Z   ENABLE_CLOUD: false
2026-10-09T13:25:54.8691185Z   CREDENTIAL_VAULT_BACKEND: memory
2026-10-09T13:25:54.8691513Z   CREDENTIAL_VAULT_ALLOW_MEMORY_FALLBACK: true
2026-10-09T13:25:54.8691807Z   PYTHONDONTWRITEBYTECODE: 1
2026-10-09T13:25:54.8692037Z   HF_HUB_OFFLINE: 1
2026-10-09T13:25:54.8692241Z   TRANSFORMERS_OFFLINE: 1
2026-10-09T13:25:54.8692529Z   pythonLocation: /opt/hostedtoolcache/Python/3.12.9/x64
2026-10-09T13:25:54.8692934Z   PKG_CONFIG_PATH: /opt/hostedtoolcache/Python/3.12.9/x64/lib/pkgconfig
2026-10-09T13:25:54.8693503Z   Python_ROOT_DIR: /opt/hostedtoolcache/Python/3.12.9/x64
2026-10-09T13:25:54.8693865Z   Python2_ROOT_DIR: /opt/hostedtoolcache/Python/3.12.9/x64
2026-10-09T13:25:54.8694231Z   Python3_ROOT_DIR: /opt/hostedtoolcache/Python/3.12.9/x64
2026-10-09T13:25:54.8694598Z   LD_LIBRARY_PATH: /opt/hostedtoolcache/Python/3.12.9/x64/lib
2026-10-09T13:25:54.8694969Z   CI_COVERAGE_SHA: 57986cb13d452731baf82bbc242bfc79f9cfd145
2026-10-09T13:25:54.8695335Z   CI_COVERAGE_TREE: 7b06f7eb213893ec41e4ded14810b82b070b7dc7
2026-10-09T13:25:54.8695769Z   CI_SANDBOX: /home/runner/work/_temp/novel-ci-backend-postgres-shard-1.J5aMdH
2026-10-09T13:25:54.8696305Z   CI_PROJECT: /home/runner/work/_temp/novel-ci-backend-postgres-shard-1.J5aMdH/project
2026-10-09T13:25:54.8696851Z   CI_RECEIPTS: /home/runner/work/_temp/novel-ci-backend-postgres-shard-1.J5aMdH/receipts
2026-10-09T13:25:54.8697484Z   HOME: /home/runner/work/_temp/novel-ci-backend-postgres-shard-1.J5aMdH/project/.runtime/ci-backend/home
2026-10-09T13:25:54.8698192Z   USERPROFILE: /home/runner/work/_temp/novel-ci-backend-postgres-shard-1.J5aMdH/project/.runtime/ci-backend/home
2026-10-09T13:25:54.8698923Z   APPDATA: /home/runner/work/_temp/novel-ci-backend-postgres-shard-1.J5aMdH/project/.runtime/ci-backend/appdata
2026-10-09T13:25:54.8699680Z   LOCALAPPDATA: /home/runner/work/_temp/novel-ci-backend-postgres-shard-1.J5aMdH/project/.runtime/ci-backend/localappdata
2026-10-09T13:25:54.8700483Z   XDG_CONFIG_HOME: /home/runner/work/_temp/novel-ci-backend-postgres-shard-1.J5aMdH/project/.runtime/ci-backend/config
2026-10-09T13:25:54.8701263Z   XDG_CACHE_HOME: /home/runner/work/_temp/novel-ci-backend-postgres-shard-1.J5aMdH/project/.runtime/ci-backend/cache
2026-10-09T13:25:54.8701997Z   XDG_DATA_HOME: /home/runner/work/_temp/novel-ci-backend-postgres-shard-1.J5aMdH/project/.runtime/ci-backend/data
2026-10-09T13:25:54.8702719Z   XDG_STATE_HOME: /home/runner/work/_temp/novel-ci-backend-postgres-shard-1.J5aMdH/project/.runtime/ci-backend/state
2026-10-09T13:25:54.8703672Z   TMPDIR: /home/runner/work/_temp/novel-ci-backend-postgres-shard-1.J5aMdH/project/.runtime/ci-backend/tmp
2026-10-09T13:25:54.8704347Z   TMP: /home/runner/work/_temp/novel-ci-backend-postgres-shard-1.J5aMdH/project/.runtime/ci-backend/tmp
2026-10-09T13:25:54.8705022Z   TEMP: /home/runner/work/_temp/novel-ci-backend-postgres-shard-1.J5aMdH/project/.runtime/ci-backend/tmp
2026-10-09T13:25:54.8705652Z   PROJECT_ROOT: /home/runner/work/_temp/novel-ci-backend-postgres-shard-1.J5aMdH/project
2026-10-09T13:25:54.8706350Z   NOVEL_DATA_PATH: /home/runner/work/_temp/novel-ci-backend-postgres-shard-1.J5aMdH/project/.runtime/ci-backend/data/novels
2026-10-09T13:25:54.8707268Z   BACKUP_PATH: /home/runner/work/_temp/novel-ci-backend-postgres-shard-1.J5aMdH/project/.runtime/ci-backend/data/backups
2026-10-09T13:25:54.8708110Z   DATABASE_BACKUP_PATH: /home/runner/work/_temp/novel-ci-backend-postgres-shard-1.J5aMdH/project/.runtime/ci-backend/data/database-backups
2026-10-09T13:25:54.8708988Z   KNOWLEDGE_SOURCE_PATH: /home/runner/work/_temp/novel-ci-backend-postgres-shard-1.J5aMdH/project/.runtime/ci-backend/data/novels
2026-10-09T13:25:54.8709750Z   CI_V2_RUNTIME: /home/runner/work/_temp/novel-ci-backend-postgres-shard-1.J5aMdH/project/.runtime/ci-backend
2026-10-09T13:25:54.8710465Z   R2_TEST_FONT_FILE: /home/runner/work/_temp/novel-ci-backend-postgres-shard-1.J5aMdH/fonts/NotoSansSC-Regular.ttf
2026-10-09T13:25:54.8710950Z ##[endgroup]
2026-10-09T13:26:04.6956143Z ........................................................................ [ 41%]
2026-10-09T13:26:04.9489999Z ........................................................................ [ 82%]
2026-10-09T13:26:06.8958173Z ..............................                                           [100%]
2026-10-09T13:26:06.8958945Z - generated xml file: /home/runner/work/_temp/novel-ci-backend-postgres-shard-1.J5aMdH/receipts/coverage-harness.xml -
2026-10-09T13:26:06.8959496Z 174 passed in 11.21s
2026-10-09T13:26:06.9361872Z ##[group]Run set -o pipefail
2026-10-09T13:26:06.9362178Z [36;1mset -o pipefail[0m
2026-10-09T13:26:06.9362902Z [36;1mPYTHONPATH="$CI_PROJECT/.github/ci:$CI_PROJECT" python -m pytest -p postgres_gate -p suite_coverage -p no:cacheprovider --basetemp="$CI_V2_RUNTIME/pytest" -q -ra --tb=short \[0m
2026-10-09T13:26:06.9364037Z [36;1m  --ci-coverage-manifest=.github/ci/coverage_manifest_v2.json.gz \[0m
2026-10-09T13:26:06.9364499Z [36;1m  --ci-scope=backend --ci-shard-index=1 --ci-shard-count=2 \[0m
2026-10-09T13:26:06.9365071Z [36;1m  --ci-coverage-dir="$CI_RECEIPTS" --junitxml="$CI_RECEIPTS/backend.xml" 2>&1 | tee "$CI_RECEIPTS/backend.log"[0m
2026-10-09T13:26:06.9401270Z shell: /usr/bin/bash -e {0}
2026-10-09T13:26:06.9401528Z env:
2026-10-09T13:26:06.9401717Z   MOCK_PROVIDER: true
2026-10-09T13:26:06.9401932Z   MOCK_STREAM_DELAY_MS: 0
2026-10-09T13:26:06.9402151Z   ENABLE_CLOUD: false
2026-10-09T13:26:06.9402382Z   CREDENTIAL_VAULT_BACKEND: memory
2026-10-09T13:26:06.9402700Z   CREDENTIAL_VAULT_ALLOW_MEMORY_FALLBACK: true
2026-10-09T13:26:06.9403188Z   PYTHONDONTWRITEBYTECODE: 1
2026-10-09T13:26:06.9403500Z   HF_HUB_OFFLINE: 1
2026-10-09T13:26:06.9403708Z   TRANSFORMERS_OFFLINE: 1
2026-10-09T13:26:06.9403999Z   pythonLocation: /opt/hostedtoolcache/Python/3.12.9/x64
2026-10-09T13:26:06.9404405Z   PKG_CONFIG_PATH: /opt/hostedtoolcache/Python/3.12.9/x64/lib/pkgconfig
2026-10-09T13:26:06.9404809Z   Python_ROOT_DIR: /opt/hostedtoolcache/Python/3.12.9/x64
2026-10-09T13:26:06.9405163Z   Python2_ROOT_DIR: /opt/hostedtoolcache/Python/3.12.9/x64
2026-10-09T13:26:06.9405527Z   Python3_ROOT_DIR: /opt/hostedtoolcache/Python/3.12.9/x64
2026-10-09T13:26:06.9405890Z   LD_LIBRARY_PATH: /opt/hostedtoolcache/Python/3.12.9/x64/lib
2026-10-09T13:26:06.9406269Z   CI_COVERAGE_SHA: 57986cb13d452731baf82bbc242bfc79f9cfd145
2026-10-09T13:26:06.9406630Z   CI_COVERAGE_TREE: 7b06f7eb213893ec41e4ded14810b82b070b7dc7
2026-10-09T13:26:06.9407067Z   CI_SANDBOX: /home/runner/work/_temp/novel-ci-backend-postgres-shard-1.J5aMdH
2026-10-09T13:26:06.9407762Z   CI_PROJECT: /home/runner/work/_temp/novel-ci-backend-postgres-shard-1.J5aMdH/project
2026-10-09T13:26:06.9408326Z   CI_RECEIPTS: /home/runner/work/_temp/novel-ci-backend-postgres-shard-1.J5aMdH/receipts
2026-10-09T13:26:06.9408967Z   HOME: /home/runner/work/_temp/novel-ci-backend-postgres-shard-1.J5aMdH/project/.runtime/ci-backend/home
2026-10-09T13:26:06.9409683Z   USERPROFILE: /home/runner/work/_temp/novel-ci-backend-postgres-shard-1.J5aMdH/project/.runtime/ci-backend/home
2026-10-09T13:26:06.9410423Z   APPDATA: /home/runner/work/_temp/novel-ci-backend-postgres-shard-1.J5aMdH/project/.runtime/ci-backend/appdata
2026-10-09T13:26:06.9411183Z   LOCALAPPDATA: /home/runner/work/_temp/novel-ci-backend-postgres-shard-1.J5aMdH/project/.runtime/ci-backend/localappdata
2026-10-09T13:26:06.9411962Z   XDG_CONFIG_HOME: /home/runner/work/_temp/novel-ci-backend-postgres-shard-1.J5aMdH/project/.runtime/ci-backend/config
2026-10-09T13:26:06.9412720Z   XDG_CACHE_HOME: /home/runner/work/_temp/novel-ci-backend-postgres-shard-1.J5aMdH/project/.runtime/ci-backend/cache
2026-10-09T13:26:06.9413717Z   XDG_DATA_HOME: /home/runner/work/_temp/novel-ci-backend-postgres-shard-1.J5aMdH/project/.runtime/ci-backend/data
2026-10-09T13:26:06.9414454Z   XDG_STATE_HOME: /home/runner/work/_temp/novel-ci-backend-postgres-shard-1.J5aMdH/project/.runtime/ci-backend/state
2026-10-09T13:26:06.9415170Z   TMPDIR: /home/runner/work/_temp/novel-ci-backend-postgres-shard-1.J5aMdH/project/.runtime/ci-backend/tmp
2026-10-09T13:26:06.9415854Z   TMP: /home/runner/work/_temp/novel-ci-backend-postgres-shard-1.J5aMdH/project/.runtime/ci-backend/tmp
2026-10-09T13:26:06.9416522Z   TEMP: /home/runner/work/_temp/novel-ci-backend-postgres-shard-1.J5aMdH/project/.runtime/ci-backend/tmp
2026-10-09T13:26:06.9417137Z   PROJECT_ROOT: /home/runner/work/_temp/novel-ci-backend-postgres-shard-1.J5aMdH/project
2026-10-09T13:26:06.9417956Z   NOVEL_DATA_PATH: /home/runner/work/_temp/novel-ci-backend-postgres-shard-1.J5aMdH/project/.runtime/ci-backend/data/novels
2026-10-09T13:26:06.9418750Z   BACKUP_PATH: /home/runner/work/_temp/novel-ci-backend-postgres-shard-1.J5aMdH/project/.runtime/ci-backend/data/backups
2026-10-09T13:26:06.9419593Z   DATABASE_BACKUP_PATH: /home/runner/work/_temp/novel-ci-backend-postgres-shard-1.J5aMdH/project/.runtime/ci-backend/data/database-backups
2026-10-09T13:26:06.9420463Z   KNOWLEDGE_SOURCE_PATH: /home/runner/work/_temp/novel-ci-backend-postgres-shard-1.J5aMdH/project/.runtime/ci-backend/data/novels
2026-10-09T13:26:06.9421223Z   CI_V2_RUNTIME: /home/runner/work/_temp/novel-ci-backend-postgres-shard-1.J5aMdH/project/.runtime/ci-backend
2026-10-09T13:26:06.9421919Z   R2_TEST_FONT_FILE: /home/runner/work/_temp/novel-ci-backend-postgres-shard-1.J5aMdH/fonts/NotoSansSC-Regular.ttf
2026-10-09T13:26:06.9422454Z   STORAGE_BACKEND: postgres
2026-10-09T13:26:06.9423036Z   DATABASE_URL: ***127.0.0.1:5432/novel_ci
2026-10-09T13:26:06.9423517Z   TEST_POSTGRES_DATABASE_URL: ***127.0.0.1:5432/novel_ci
2026-10-09T13:26:06.9423808Z ##[endgroup]
2026-10-09T13:26:38.7088001Z .sss.ss...ss...ss.......ssssssss..sssssss.....sssss........ss..sss...... [  1%]
2026-10-09T13:26:45.5760440Z ssss.ss....sss..ss..sss...sss..ssss...sss..ss..s..s.ss..ss..s..sss.ss..s [  2%]
2026-10-09T13:26:52.5948316Z s.s....ss...sss...sss.ssss..sss....ssssssss.ss.s......ssss....s.ss.....s [  4%]
2026-10-09T13:26:56.9153520Z .s.s..s................................................................. [  5%]
2026-10-09T13:26:57.4184172Z ........s............................................................... [  7%]
2026-10-09T13:27:03.2278542Z .............................sssssssssssss......s.............s......... [  8%]
2026-10-09T13:27:07.0068335Z ........................................................................ [ 10%]
2026-10-09T13:27:11.7508246Z ........................................................................ [ 11%]
2026-10-09T13:27:11.8873848Z ........................................................................ [ 13%]
2026-10-09T13:30:35.6431587Z s...sss............................sssss......s.s.s....s.s..sss....ss.s. [ 14%]
2026-10-09T13:31:56.6921672Z s........s.ss....s.sss...ss.s...ss.......s..........s................... [ 16%]
2026-10-09T13:31:59.3648939Z .....................................................ss.s..ss......s.... [ 17%]
2026-10-09T13:31:59.7807461Z ........................................................................ [ 19%]
2026-10-09T13:32:11.1192325Z ........................................................................ [ 20%]
2026-10-09T13:32:12.4658338Z ........................................................................ [ 21%]
2026-10-09T13:32:15.4310005Z ........................................................................ [ 23%]
2026-10-09T13:32:30.1885765Z .ss.ssssss....s..s..ss.sss...ss.s..sssss..s.sssss...s.s.sss.....s...ss.. [ 24%]
2026-10-09T13:32:50.7984602Z s.s.ss.ss.s.ssss.s.ssss.....sss..s.s..s..s....ss..s..s..ss..ss.s....s.ss [ 26%]
2026-10-09T13:34:20.8063942Z ss.....sss.ss.sss...ss.s.ss.sss.s..s.s.s.s.s.s.ss..s.s......ssss...s..s. [ 27%]
2026-10-09T13:34:33.0555221Z ss....s...ssss....ss..s...........s..ssss.s.s...ss.s.s.s.s.s..ssss..sss. [ 29%]
2026-10-09T13:35:50.3781439Z .....s......s.sss....s.s.s.s..s....s..s.ss.s.sss.s...........s....s..sss [ 30%]
2026-10-09T13:35:58.2852588Z ..s.s.ss..s..ss.s.ssss.................................................. [ 32%]
2026-10-09T13:36:07.2597367Z ........................................................................ [ 33%]
2026-10-09T13:36:09.0052936Z ........................................................................ [ 35%]
2026-10-09T13:36:14.1784500Z ........................................................................ [ 36%]
2026-10-09T13:36:21.3947920Z .......ssssss.s.s.s.s..sssss....................................ss.s.ss. [ 38%]
2026-10-09T13:36:41.7835934Z s.s.ss.s.s.ss...s.s.ss.s.s.s.s..sssssssss....s.s.s..s.s.ss.s.s.s.ss..... [ 39%]
2026-10-09T13:36:59.6816389Z ....................................ss..s.ss..s.s.ss......s..sssss....s. [ 41%]
2026-10-09T13:39:14.8969583Z .ss...s.sssss...s..s..s.s..s.s..s..ss.s..s..ss...ss.s..s...s.s.s...ss.s. [ 42%]
2026-10-09T13:39:35.1105394Z s..s.s.sssss...s....s..ssss....s.s....s.ss.sss..ss.s.s.ssss.s.ss.s..ss.. [ 43%]
2026-10-09T13:39:56.7371883Z .ss..ss..s.ssss.s..sss.....s..s.ss....ssssss.....s...s...ss..s..ss.ss..s [ 45%]
2026-10-09T13:40:14.3056762Z ..s.s.s....sss.....s..ss.ss...sss..s.s..................s..s.s.s..s.ss.s [ 46%]
2026-10-09T13:41:07.0385792Z s.s.sss.s..ss.s..s......s.s.s.s.s.....s..s.s.sss.s..s.ss.ssss..s..sss.ss [ 48%]
2026-10-09T13:41:49.3651727Z s..ss.ss.ss.s...s.ss.s.ss...s.s.ss.ss.s.s..s...s.s.s.s..ss..ss..s.sss.s. [ 49%]
2026-10-09T13:42:26.1046499Z s..s.ss.ss.s.sss.sss.ssss.....s.s..ss..............s.ss.ss.s...ssss...ss [ 51%]
2026-10-09T13:42:39.5774847Z ..sssss...s.ss....s....ss..s.ss.s.s.s....s.ss...ss.ss..ss.ss.s.s.....s.. [ 52%]
2026-10-09T13:43:34.4697784Z sssss...s...ss....sssss..ss.ss.s.s.ssssss......ssss.s.sssssss..s..s.ss.s [ 54%]
2026-10-09T13:44:20.6114329Z s...s.sssssss.....s..sssss..s.s.s....s..ss.s..s.s.s..ss.s..sssssssss.... [ 55%]
2026-10-09T13:44:32.7654028Z ...s.....s.s.ssss...ss.ssss..s.s.ss.ss..s.s..s..s..sssss.s.s...s.s.s.ss. [ 57%]
2026-10-09T13:45:02.6601401Z sss...s.s.ss.....s.ss.s..s.sss.sss.s.sss.sss.s......s....s.sss.....s.ss. [ 58%]
2026-10-09T13:45:14.0426934Z s.sssssss....ss.s..s.s....ssss.....sssss.....s.s.s.s....s.ssss..s.s..ss. [ 60%]
2026-10-09T13:45:44.1149233Z s..s.ssss.s.s.ss.....ssss.s.s..sssss...ss..s....s.s.s..ss.s.s.s..s..sss. [ 61%]
2026-10-09T13:46:01.7486950Z ..sss...ss.sss.s.s.ss...s.ss.s.s.s.ss.s.s.ssss......ss.s.sss...sss.s...s [ 62%]
2026-10-09T13:46:22.6075920Z .s.s.ssss.s.s.s.s.s.s..ss.s.....sss......sss...s.ss..s.ssss..s.s.ssssss. [ 64%]
2026-10-09T13:47:14.6973652Z .ss..s...s....s...sssssss.s..ssss....s.s.ss..sssss.sss..ss.............. [ 65%]
2026-10-09T13:47:34.8799426Z ...........s......s......................ssssssssssssssss............... [ 67%]
2026-10-09T13:48:03.7292493Z ..ss....ssssss..s..sss.s.s.ssssssss........sssssssssssssssssssssssssssss [ 68%]
2026-10-09T13:48:10.1353664Z ss....................................ssssssss...........ss..ssss..s.ss. [ 70%]
2026-10-09T13:48:15.4611318Z .......ssss...s.s.s.s..s.ssssss..sssss......s.ssssssssssssssssssssssssss [ 71%]
2026-10-09T13:49:00.9263918Z ssssssssssssssssss....................................ssssssssssssssssss [ 73%]
2026-10-09T13:49:32.3153639Z sssssssssssssssssssssss..................................sssssssssssssss [ 74%]
2026-10-09T13:50:27.5916236Z sss.....................ssssssss......ssssss....ssssss...ssss..........s [ 76%]
2026-10-09T13:53:35.2847006Z ..ssssssssssssssssssssssssssssssssss................................ssss [ 77%]
2026-10-09T13:54:05.9085572Z ssss.....ssssssssssssssssss...................ssss........ssssssssssssss [ 79%]
2026-10-09T13:54:46.9126863Z ssssssssss..........................ssssss.............................s [ 80%]
2026-10-09T13:55:23.3598211Z .....s.s..s..s..s.ss..sssss.sss...s.s.....ss.s.s.ss..ssss.s..sss..ss.s.. [ 82%]
2026-10-09T13:57:24.2566481Z s.sss.ss..ss..ss.....s..ssss.....ssss...sss...ssss.ssss.....s..s.ss.s... [ 83%]
2026-10-09T13:58:21.2772212Z .ssss......sssss....s..sssss.....sssssssss........ss..ss.s.s.s.s.ss.ss.. [ 84%]
2026-10-09T13:59:14.6713488Z sss..sssss....s.ss..ss..ssss...ss.s.......ssss..ss....sssssss....s.....s [ 86%]
2026-10-09T13:59:30.8353552Z s.s..s.s...s..sssss.s.ss...s.ss...ss.....sssss.s.s.s.s.s.s....ss.s..s..s [ 87%]
2026-10-09T14:00:49.6038968Z .sss..ss.ss.ssss.ss.ss..s..s.sss.....sss...s..s..ssss.sss..sssss..s.s... [ 89%]
2026-10-09T14:01:35.0778230Z ss.ss..sss.ssss...sss....s....ssssss.ss..s..s.s..s..sss...ssss..s.sss..s [ 90%]
2026-10-09T14:01:58.0007315Z .ss..s.s..s.ss....s..sss.s.ss.s..s.s.s.ss...s.s.s.ss..s................. [ 92%]
2026-10-09T14:02:03.6628948Z ..............ss............................ss....ss..s..ssss....s.ssss. [ 93%]
2026-10-09T14:02:25.4170406Z .s.s.s.........sss..ss.s...s.s...ssss.....s.ss.s...s.sss.ss.s.sss.ssss.. [ 95%]
2026-10-09T14:03:37.6830515Z .s.s.s..s.s.ssssssssssss........sss.ss.ss.ss.s.ssssss.....ss..s..sssss.. [ 96%]
2026-10-09T14:03:43.6525367Z ..ssss......s.s.sss.........ss....ss..sssss..ss.sssss.ssssss......s.ssss [ 98%]
2026-10-09T14:03:53.2308404Z ss..s..s.ssss.ssssss.....s...ssss...ssss.ss....ss..ss.s................. [ 99%]
2026-10-09T14:03:54.1281219Z ...............s.s.                                                      [100%]
2026-10-09T14:03:54.1282076Z =============================== warnings summary ===============================
2026-10-09T14:03:54.1282899Z ../../../../../../opt/hostedtoolcache/Python/3.12.9/x64/lib/python3.12/site-packages/fastapi/testclient.py:1
2026-10-09T14:03:54.1284668Z   /opt/hostedtoolcache/Python/3.12.9/x64/lib/python3.12/site-packages/fastapi/testclient.py:1: StarletteDeprecationWarning: Using `httpx` with `starlette.testclient` is deprecated; install `httpx2` instead.
2026-10-09T14:03:54.1285780Z     from starlette.testclient import TestClient as TestClient  # noqa
2026-10-09T14:03:54.1286115Z 
2026-10-09T14:03:54.1286756Z tests/test_r4_portable_batches.py::test_archive_symlink_duplicate_compression_bomb_size_member_limit_and_xml_html
2026-10-09T14:03:54.1287776Z   /opt/hostedtoolcache/Python/3.12.9/x64/lib/python3.12/zipfile/__init__.py:1612: UserWarning: Duplicate name: 'manifest.json'
2026-10-09T14:03:54.1288479Z     return self._open_to_write(zinfo, force_zip64=force_zip64)
2026-10-09T14:03:54.1288902Z 
2026-10-09T14:03:54.1289301Z -- Docs: https://docs.pytest.org/en/stable/how-to/capture-warnings.html
2026-10-09T14:03:54.1290206Z - generated xml file: /home/runner/work/_temp/novel-ci-backend-postgres-shard-1.J5aMdH/receipts/backend.xml -
2026-10-09T14:03:54.1290862Z =========================== short test summary info ============================
2026-10-09T14:03:54.1291560Z SKIPPED [3] tests/test_a43_context_identity.py: File-backend implementation contract; covered by the default/File full suite
2026-10-09T14:03:54.1292496Z SKIPPED [2] tests/test_a43_context_identity.py:133: File-backend implementation contract; covered by the default/File full suite
2026-10-09T14:03:54.1293761Z SKIPPED [1] tests/test_a43_context_identity.py:165: File-backend implementation contract; covered by the default/File full suite
2026-10-09T14:03:54.1294692Z SKIPPED [1] tests/test_a43_context_identity.py:178: File-backend implementation contract; covered by the default/File full suite
2026-10-09T14:03:54.1295679Z SKIPPED [2] tests/test_a43_detached_generation_acceptance.py:19: File-backend implementation contract; covered by the default/File full suite
2026-10-09T14:03:54.1296681Z SKIPPED [4] tests/test_a43_drive_prefix_identity.py:16: File-backend implementation contract; covered by the default/File full suite
2026-10-09T14:03:54.1297649Z SKIPPED [1] tests/test_a43_drive_prefix_identity.py:38: File-backend implementation contract; covered by the default/File full suite
2026-10-09T14:03:54.1298600Z SKIPPED [1] tests/test_a43_drive_prefix_identity.py:51: File-backend implementation contract; covered by the default/File full suite
2026-10-09T14:03:54.1299556Z SKIPPED [2] tests/test_a43_duplicate_heading.py:44: File-backend implementation contract; covered by the default/File full suite
2026-10-09T14:03:54.1300487Z SKIPPED [7] tests/test_a43_duplicate_heading.py:64: File-backend implementation contract; covered by the default/File full suite
2026-10-09T14:03:54.1301409Z SKIPPED [5] tests/test_a43_file_identity.py: File-backend implementation contract; covered by the default/File full suite
2026-10-09T14:03:54.1302321Z SKIPPED [61] tests/test_a43_identity_references.py: File-backend implementation contract; covered by the default/File full suite
2026-10-09T14:03:54.1303401Z SKIPPED [1] tests/test_a43_identity_references.py:424: File-backend implementation contract; covered by the default/File full suite
2026-10-09T14:03:54.1304361Z SKIPPED [4] tests/test_a43_identity_references.py:467: File-backend implementation contract; covered by the default/File full suite
2026-10-09T14:03:54.1305424Z SKIPPED [3] tests/test_a43_identity_references.py:525: File-backend implementation contract; covered by the default/File full suite
2026-10-09T14:03:54.1306373Z SKIPPED [2] tests/test_a43_known_document_nodes.py:53: File-backend implementation contract; covered by the default/File full suite
2026-10-09T14:03:54.1307316Z SKIPPED [1] tests/test_a43_known_document_nodes.py:67: File-backend implementation contract; covered by the default/File full suite
2026-10-09T14:03:54.1308261Z SKIPPED [4] tests/test_a43_known_document_nodes.py:113: File-backend implementation contract; covered by the default/File full suite
2026-10-09T14:03:54.1309197Z SKIPPED [2] tests/test_a43_rich_document.py: File-backend implementation contract; covered by the default/File full suite
2026-10-09T14:03:54.1310105Z SKIPPED [2] tests/test_a43_rich_document.py:197: File-backend implementation contract; covered by the default/File full suite
2026-10-09T14:03:54.1311011Z SKIPPED [1] tests/test_a43_rich_document.py:261: File-backend implementation contract; covered by the default/File full suite
2026-10-09T14:03:54.1311918Z SKIPPED [1] tests/test_a43_rich_document.py:278: File-backend implementation contract; covered by the default/File full suite
2026-10-09T14:03:54.1312837Z SKIPPED [1] tests/test_a43_rich_document.py:326: File-backend implementation contract; covered by the default/File full suite
2026-10-09T14:03:54.1313847Z SKIPPED [1] tests/test_collaboration_scope_api.py:12: File-backend implementation contract; covered by the default/File full suite
2026-10-09T14:03:54.1314804Z SKIPPED [2] tests/test_file_project_lifecycle.py:67: File-backend implementation contract; covered by the default/File full suite
2026-10-09T14:03:54.1315752Z SKIPPED [4] tests/test_file_project_lifecycle.py:101: File-backend implementation contract; covered by the default/File full suite
2026-10-09T14:03:54.1316692Z SKIPPED [2] tests/test_file_project_lifecycle.py:169: File-backend implementation contract; covered by the default/File full suite
2026-10-09T14:03:54.1317640Z SKIPPED [2] tests/test_file_project_lifecycle.py: File-backend implementation contract; covered by the default/File full suite
2026-10-09T14:03:54.1318681Z SKIPPED [2] tests/test_file_project_lifecycle.py:288: File-backend implementation contract; covered by the default/File full suite
2026-10-09T14:03:54.1319625Z SKIPPED [1] tests/test_file_project_lifecycle.py:376: File-backend implementation contract; covered by the default/File full suite
2026-10-09T14:03:54.1320590Z SKIPPED [1] tests/test_full_recovery_core_chain.py:237: File-backend implementation contract; covered by the default/File full suite
2026-10-09T14:03:54.1321584Z SKIPPED [1] tests/test_generation_snapshot_runtime_v056.py:72: File-backend implementation contract; covered by the default/File full suite
2026-10-09T14:03:54.1322596Z SKIPPED [1] tests/test_local_interop_cross_process_host.py: File-backend implementation contract; covered by the default/File full suite
2026-10-09T14:03:54.1323747Z SKIPPED [2] tests/test_local_interop_desktop_api_projection_races.py:15: File-backend implementation contract; covered by the default/File full suite
2026-10-09T14:03:54.1324857Z SKIPPED [1] tests/test_local_interop_desktop_api_projection_races.py: File-backend implementation contract; covered by the default/File full suite
2026-10-09T14:03:54.1325893Z SKIPPED [4] tests/test_local_interop_desktop_runtime.py: File-backend implementation contract; covered by the default/File full suite
2026-10-09T14:03:54.1326895Z SKIPPED [4] tests/test_local_interop_desktop_runtime.py:60: File-backend implementation contract; covered by the default/File full suite
2026-10-09T14:03:54.1327900Z SKIPPED [1] tests/test_local_interop_desktop_runtime.py:261: File-backend implementation contract; covered by the default/File full suite
2026-10-09T14:03:54.1328852Z SKIPPED [1] tests/test_local_interop_host.py:173: File-backend implementation contract; covered by the default/File full suite
2026-10-09T14:03:54.1329771Z SKIPPED [3] tests/test_local_interop_host.py:203: File-backend implementation contract; covered by the default/File full suite
2026-10-09T14:03:54.1330885Z SKIPPED [10] tests/test_local_interop_host.py: File-backend implementation contract; covered by the default/File full suite
2026-10-09T14:03:54.1331810Z SKIPPED [2] tests/test_local_interop_host.py:395: File-backend implementation contract; covered by the default/File full suite
2026-10-09T14:03:54.1332734Z SKIPPED [3] tests/test_local_interop_host.py:528: File-backend implementation contract; covered by the default/File full suite
2026-10-09T14:03:54.1333712Z SKIPPED [1] tests/test_local_interop_host.py:611: File-backend implementation contract; covered by the default/File full suite
2026-10-09T14:03:54.1334648Z SKIPPED [1] tests/test_lore_context_contract.py:107: File-backend implementation contract; covered by the default/File full suite
2026-10-09T14:03:54.1335599Z SKIPPED [1] tests/test_memory_agent_contract.py:42: File-backend implementation contract; covered by the default/File full suite
2026-10-09T14:03:54.1336526Z SKIPPED [1] tests/test_narrative_context.py:41: File-backend implementation contract; covered by the default/File full suite
2026-10-09T14:03:54.1337437Z SKIPPED [1] tests/test_narrative_context.py:48: File-backend implementation contract; covered by the default/File full suite
2026-10-09T14:03:54.1338352Z SKIPPED [1] tests/test_narrative_context.py:80: File-backend implementation contract; covered by the default/File full suite
2026-10-09T14:03:54.1339286Z SKIPPED [1] tests/test_narrative_finding_api.py:9: File-backend implementation contract; covered by the default/File full suite
2026-10-09T14:03:54.1340225Z SKIPPED [1] tests/test_narrative_finding_api.py:79: File-backend implementation contract; covered by the default/File full suite
2026-10-09T14:03:54.1341155Z SKIPPED [1] tests/test_narrative_proposal_api.py:15: File-backend implementation contract; covered by the default/File full suite
2026-10-09T14:03:54.1342139Z SKIPPED [13] tests/test_post_interop_author_added_sources.py: File-backend implementation contract; covered by the default/File full suite
2026-10-09T14:03:54.1343264Z SKIPPED [2] tests/test_post_interop_author_added_sources.py:87: File-backend implementation contract; covered by the default/File full suite
2026-10-09T14:03:54.1344483Z SKIPPED [2] tests/test_post_interop_author_added_sources.py:106: File-backend implementation contract; covered by the default/File full suite
2026-10-09T14:03:54.1345494Z SKIPPED [3] tests/test_post_interop_creation_mounted.py: File-backend implementation contract; covered by the default/File full suite
2026-10-09T14:03:54.1346485Z SKIPPED [3] tests/test_post_interop_creation_tasks.py:9: File-backend implementation contract; covered by the default/File full suite
2026-10-09T14:03:54.1347458Z SKIPPED [2] tests/test_post_interop_creation_upgrade.py: File-backend implementation contract; covered by the default/File full suite
2026-10-09T14:03:54.1348428Z SKIPPED [2] tests/test_post_interop_embedding_feature_isolation.py: File-backend implementation contract; covered by the default/File full suite
2026-10-09T14:03:54.1349316Z SKIPPED [2] tests/test_post_interop_embedding_feature_isolation.py:76: File-backend implementation contract; covered by the default/File full suite
2026-10-09T14:03:54.1350173Z SKIPPED [2] tests/test_post_interop_extended_mounted.py: File-backend implementation contract; covered by the default/File full suite
2026-10-09T14:03:54.1350999Z SKIPPED [3] tests/test_post_interop_extended_mounted.py:51: File-backend implementation contract; covered by the default/File full suite
2026-10-09T14:03:54.1351841Z SKIPPED [1] tests/test_post_interop_interactive_history.py: File-backend implementation contract; covered by the default/File full suite
2026-10-09T14:03:54.1352680Z SKIPPED [6] tests/test_post_interop_media_continuation.py: File-backend implementation contract; covered by the default/File full suite
2026-10-09T14:03:54.1353566Z SKIPPED [2] tests/test_post_interop_media_visibility.py:49: File-backend implementation contract; covered by the default/File full suite
2026-10-09T14:03:54.1354462Z SKIPPED [2] tests/test_post_interop_media_visibility.py: File-backend implementation contract; covered by the default/File full suite
2026-10-09T14:03:54.1355298Z SKIPPED [1] tests/test_post_interop_media_visibility.py:125: File-backend implementation contract; covered by the default/File full suite
2026-10-09T14:03:54.1356137Z SKIPPED [2] tests/test_post_interop_media_visibility.py:158: File-backend implementation contract; covered by the default/File full suite
2026-10-09T14:03:54.1356977Z SKIPPED [3] tests/test_post_interop_revision_compare.py: File-backend implementation contract; covered by the default/File full suite
2026-10-09T14:03:54.1357798Z SKIPPED [4] tests/test_post_interop_revision_compare.py:40: File-backend implementation contract; covered by the default/File full suite
2026-10-09T14:03:54.1358615Z SKIPPED [3] tests/test_post_interop_revision_compare.py:50: File-backend implementation contract; covered by the default/File full suite
2026-10-09T14:03:54.1359437Z SKIPPED [11] tests/test_post_interop_revision_model.py: File-backend implementation contract; covered by the default/File full suite
2026-10-09T14:03:54.1360241Z SKIPPED [5] tests/test_post_interop_scene_mind.py: File-backend implementation contract; covered by the default/File full suite
2026-10-09T14:03:54.1361018Z SKIPPED [4] tests/test_post_interop_scene_mind.py:85: File-backend implementation contract; covered by the default/File full suite
2026-10-09T14:03:54.1361835Z SKIPPED [1] tests/test_post_interop_scene_mind.py:174: File-backend implementation contract; covered by the default/File full suite
2026-10-09T14:03:54.1362634Z SKIPPED [3] tests/test_post_interop_shared_universe.py: File-backend implementation contract; covered by the default/File full suite
2026-10-09T14:03:54.1363510Z SKIPPED [2] tests/test_post_interop_shared_universe.py:97: File-backend implementation contract; covered by the default/File full suite
2026-10-09T14:03:54.1364329Z SKIPPED [6] tests/test_post_interop_structured_search.py: File-backend implementation contract; covered by the default/File full suite
2026-10-09T14:03:54.1365218Z SKIPPED [5] tests/test_post_interop_style_judge.py: File-backend implementation contract; covered by the default/File full suite
2026-10-09T14:03:54.1366015Z SKIPPED [4] tests/test_post_interop_style_judge_mounted.py: File-backend implementation contract; covered by the default/File full suite
2026-10-09T14:03:54.1366823Z SKIPPED [6] tests/test_post_interop_style_model.py: File-backend implementation contract; covered by the default/File full suite
2026-10-09T14:03:54.1367611Z SKIPPED [4] tests/test_post_interop_style_model.py:112: File-backend implementation contract; covered by the default/File full suite
2026-10-09T14:03:54.1368408Z SKIPPED [1] tests/test_post_interop_style_model.py:227: File-backend implementation contract; covered by the default/File full suite
2026-10-09T14:03:54.1369196Z SKIPPED [4] tests/test_post_interop_task_reopen.py:16: File-backend implementation contract; covered by the default/File full suite
2026-10-09T14:03:54.1370007Z SKIPPED [3] tests/test_post_interop_translation_memory.py: File-backend implementation contract; covered by the default/File full suite
2026-10-09T14:03:54.1370809Z SKIPPED [3] tests/test_post_interop_wave3_broker.py: File-backend implementation contract; covered by the default/File full suite
2026-10-09T14:03:54.1371608Z SKIPPED [4] tests/test_post_interop_wave3_broker.py:36: File-backend implementation contract; covered by the default/File full suite
2026-10-09T14:03:54.1372434Z SKIPPED [1] tests/test_post_interop_wave3_embedding_adapter.py: File-backend implementation contract; covered by the default/File full suite
2026-10-09T14:03:54.1373479Z SKIPPED [6] tests/test_post_interop_wave3_research.py: File-backend implementation contract; covered by the default/File full suite
2026-10-09T14:03:54.1374329Z SKIPPED [4] tests/test_post_interop_wave5_templates_sdk_comics.py:62: File-backend implementation contract; covered by the default/File full suite
2026-10-09T14:03:54.1375329Z SKIPPED [3] tests/test_post_interop_wave5_templates_sdk_comics.py:77: File-backend implementation contract; covered by the default/File full suite
2026-10-09T14:03:54.1376222Z SKIPPED [5] tests/test_post_interop_wave5_templates_sdk_comics.py: File-backend implementation contract; covered by the default/File full suite
2026-10-09T14:03:54.1377112Z SKIPPED [3] tests/test_post_interop_wave5_templates_sdk_comics.py:217: File-backend implementation contract; covered by the default/File full suite
2026-10-09T14:03:54.1377962Z SKIPPED [11] tests/test_post_interop_workspace_ux.py: File-backend implementation contract; covered by the default/File full suite
2026-10-09T14:03:54.1378767Z SKIPPED [1] tests/test_project_authority_validation.py:75: File-backend implementation contract; covered by the default/File full suite
2026-10-09T14:03:54.1379583Z SKIPPED [6] tests/test_project_authority_validation.py: File-backend implementation contract; covered by the default/File full suite
2026-10-09T14:03:54.1380404Z SKIPPED [3] tests/test_project_authority_validation.py:123: File-backend implementation contract; covered by the default/File full suite
2026-10-09T14:03:54.1381248Z SKIPPED [1] tests/test_project_authority_validation.py:133: File-backend implementation contract; covered by the default/File full suite
2026-10-09T14:03:54.1382079Z SKIPPED [2] tests/test_project_authority_validation.py:155: File-backend implementation contract; covered by the default/File full suite
2026-10-09T14:03:54.1382895Z SKIPPED [4] tests/test_project_authority_validation.py:219: File-backend implementation contract; covered by the default/File full suite
2026-10-09T14:03:54.1383784Z SKIPPED [8] tests/test_r3_audiobook_preparation.py: File-backend implementation contract; covered by the default/File full suite
2026-10-09T14:03:54.1384568Z SKIPPED [3] tests/test_r3_embedding_contracts.py: File-backend implementation contract; covered by the default/File full suite
2026-10-09T14:03:54.1402250Z SKIPPED [4] tests/test_r3_embedding_contracts.py:98: File-backend implementation contract; covered by the default/File full suite
2026-10-09T14:03:54.1403921Z SKIPPED [8] tests/test_r3_media_workflows.py: File-backend implementation contract; covered by the default/File full suite
2026-10-09T14:03:54.1404998Z SKIPPED [9] tests/test_r3_mounted_contracts.py: File-backend implementation contract; covered by the default/File full suite
2026-10-09T14:03:54.1406081Z SKIPPED [4] tests/test_r3_planning.py: File-backend implementation contract; covered by the default/File full suite
2026-10-09T14:03:54.1407237Z SKIPPED [4] tests/test_r3_team_recipes.py:68: File-backend implementation contract; covered by the default/File full suite
2026-10-09T14:03:54.1408569Z SKIPPED [5] tests/test_r3_team_recipes.py:112: File-backend implementation contract; covered by the default/File full suite
2026-10-09T14:03:54.1409909Z SKIPPED [9] tests/test_r3_team_recipes.py: File-backend implementation contract; covered by the default/File full suite
2026-10-09T14:03:54.1411224Z SKIPPED [3] tests/test_r3_world.py: File-backend implementation contract; covered by the default/File full suite
2026-10-09T14:03:54.1412652Z SKIPPED [9] tests/test_r4_author_scope_variants_mounted.py: File-backend implementation contract; covered by the default/File full suite
2026-10-09T14:03:54.1414313Z SKIPPED [3] tests/test_r4_author_source_items_mounted.py: File-backend implementation contract; covered by the default/File full suite
2026-10-09T14:03:54.1415712Z SKIPPED [7] tests/test_r4_author_task_projection.py: File-backend implementation contract; covered by the default/File full suite
2026-10-09T14:03:54.1416671Z SKIPPED [5] tests/test_r4_author_task_projection.py:179: File-backend implementation contract; covered by the default/File full suite
2026-10-09T14:03:54.1417442Z SKIPPED [6] tests/test_r4_batch_admission.py: File-backend implementation contract; covered by the default/File full suite
2026-10-09T14:03:54.1418220Z SKIPPED [5] tests/test_r4_batch_admission_mounted.py: File-backend implementation contract; covered by the default/File full suite
2026-10-09T14:03:54.1419178Z SKIPPED [2] tests/test_r4_broker_cancel_dispatch.py: File-backend implementation contract; covered by the default/File full suite
2026-10-09T14:03:54.1419955Z SKIPPED [4] tests/test_r4_broker_mounted.py: File-backend implementation contract; covered by the default/File full suite
2026-10-09T14:03:54.1420831Z SKIPPED [8] tests/test_r4_change_impact.py: File-backend implementation contract; covered by the default/File full suite
2026-10-09T14:03:54.1421583Z SKIPPED [3] tests/test_r4_change_impact_mounted.py: File-backend implementation contract; covered by the default/File full suite
2026-10-09T14:03:54.1422370Z SKIPPED [3] tests/test_r4_character_author_api.py:81: File-backend implementation contract; covered by the default/File full suite
2026-10-09T14:03:54.1423337Z SKIPPED [1] tests/test_r4_character_author_api.py:93: File-backend implementation contract; covered by the default/File full suite
2026-10-09T14:03:54.1424129Z SKIPPED [3] tests/test_r4_character_author_context.py: File-backend implementation contract; covered by the default/File full suite
2026-10-09T14:03:54.1424936Z SKIPPED [4] tests/test_r4_character_author_context.py:70: File-backend implementation contract; covered by the default/File full suite
2026-10-09T14:03:54.1425763Z SKIPPED [1] tests/test_r4_character_author_context.py:97: File-backend implementation contract; covered by the default/File full suite
2026-10-09T14:03:54.1426588Z SKIPPED [2] tests/test_r4_character_author_dispatch.py: File-backend implementation contract; covered by the default/File full suite
2026-10-09T14:03:54.1427416Z SKIPPED [3] tests/test_r4_character_author_dispatch.py:110: File-backend implementation contract; covered by the default/File full suite
2026-10-09T14:03:54.1428186Z SKIPPED [8] tests/test_r4_director.py: File-backend implementation contract; covered by the default/File full suite
2026-10-09T14:03:54.1428957Z SKIPPED [9] tests/test_r4_director_exchange_mounted.py: File-backend implementation contract; covered by the default/File full suite
2026-10-09T14:03:54.1429836Z SKIPPED [2] tests/test_r4_director_exchange_mounted.py:72: File-backend implementation contract; covered by the default/File full suite
2026-10-09T14:03:54.1430642Z SKIPPED [10] tests/test_r4_first_use_mounted.py: File-backend implementation contract; covered by the default/File full suite
2026-10-09T14:03:54.1431408Z SKIPPED [2] tests/test_r4_first_use_mounted.py:144: File-backend implementation contract; covered by the default/File full suite
2026-10-09T14:03:54.1432190Z SKIPPED [6] tests/test_r4_generation_origin_guards.py:22: File-backend implementation contract; covered by the default/File full suite
2026-10-09T14:03:54.1433126Z SKIPPED [7] tests/test_r4_generation_origin_guards.py: File-backend implementation contract; covered by the default/File full suite
2026-10-09T14:03:54.1434019Z SKIPPED [2] tests/test_r4_generation_origin_regression.py:5: File-backend implementation contract; covered by the default/File full suite
2026-10-09T14:03:54.1434825Z SKIPPED [4] tests/test_r4_incremental_search.py: File-backend implementation contract; covered by the default/File full suite
2026-10-09T14:03:54.1435578Z SKIPPED [13] tests/test_r4_judge_model.py: File-backend implementation contract; covered by the default/File full suite
2026-10-09T14:03:54.1436325Z SKIPPED [1] tests/test_r4_media_evidence.py: File-backend implementation contract; covered by the default/File full suite
2026-10-09T14:03:54.1437049Z SKIPPED [8] tests/test_r4_model_broker.py: File-backend implementation contract; covered by the default/File full suite
2026-10-09T14:03:54.1437804Z SKIPPED [3] tests/test_r4_mounted_inspection.py: File-backend implementation contract; covered by the default/File full suite
2026-10-09T14:03:54.1438567Z SKIPPED [6] tests/test_r4_mounted_workspaces.py: File-backend implementation contract; covered by the default/File full suite
2026-10-09T14:03:54.1439397Z SKIPPED [1] tests/test_r4_performance_harness.py:68: File-backend implementation contract; covered by the default/File full suite
2026-10-09T14:03:54.1440177Z SKIPPED [16] tests/test_r4_portable_batches.py: File-backend implementation contract; covered by the default/File full suite
2026-10-09T14:03:54.1440955Z SKIPPED [13] tests/test_r4_portable_batches_mounted.py: File-backend implementation contract; covered by the default/File full suite
2026-10-09T14:03:54.1441754Z SKIPPED [3] tests/test_r4_portable_batches_mounted.py:77: File-backend implementation contract; covered by the default/File full suite
2026-10-09T14:03:54.1442557Z SKIPPED [9] tests/test_r4_portable_maintenance.py: File-backend implementation contract; covered by the default/File full suite
2026-10-09T14:03:54.1443514Z SKIPPED [2] tests/test_r4_portable_maintenance.py:124: File-backend implementation contract; covered by the default/File full suite
2026-10-09T14:03:54.1444301Z SKIPPED [11] tests/test_r4_production_lineage.py: File-backend implementation contract; covered by the default/File full suite
2026-10-09T14:03:54.1445072Z SKIPPED [7] tests/test_r4_production_mounted.py: File-backend implementation contract; covered by the default/File full suite
2026-10-09T14:03:54.1445827Z SKIPPED [13] tests/test_r4_reader_sessions.py: File-backend implementation contract; covered by the default/File full suite
2026-10-09T14:03:54.1446579Z SKIPPED [1] tests/test_r4_reader_sessions.py:200: File-backend implementation contract; covered by the default/File full suite
2026-10-09T14:03:54.1447352Z SKIPPED [1] tests/test_r4_reader_sessions_mounted.py: File-backend implementation contract; covered by the default/File full suite
2026-10-09T14:03:54.1448131Z SKIPPED [5] tests/test_r4_registered_local_media.py: File-backend implementation contract; covered by the default/File full suite
2026-10-09T14:03:54.1448904Z SKIPPED [5] tests/test_r4_research_library.py: File-backend implementation contract; covered by the default/File full suite
2026-10-09T14:03:54.1449664Z SKIPPED [1] tests/test_r4_research_library.py:92: File-backend implementation contract; covered by the default/File full suite
2026-10-09T14:03:54.1450509Z SKIPPED [4] tests/test_r4_research_library_mounted.py: File-backend implementation contract; covered by the default/File full suite
2026-10-09T14:03:54.1451306Z SKIPPED [2] tests/test_r4_research_library_mounted.py:68: File-backend implementation contract; covered by the default/File full suite
2026-10-09T14:03:54.1452113Z SKIPPED [5] tests/test_r4_research_library_mounted.py:83: File-backend implementation contract; covered by the default/File full suite
2026-10-09T14:03:54.1452900Z SKIPPED [11] tests/test_r4_revision_intelligence.py: File-backend implementation contract; covered by the default/File full suite
2026-10-09T14:03:54.1453925Z SKIPPED [1] tests/test_r4_revision_intelligence.py:96: File-backend implementation contract; covered by the default/File full suite
2026-10-09T14:03:54.1454747Z SKIPPED [1] tests/test_r4_revision_intelligence_mounted.py: File-backend implementation contract; covered by the default/File full suite
2026-10-09T14:03:54.1455561Z SKIPPED [2] tests/test_r4_selection_author_binding.py:99: File-backend implementation contract; covered by the default/File full suite
2026-10-09T14:03:54.1456386Z SKIPPED [2] tests/test_r4_selection_author_binding.py:112: File-backend implementation contract; covered by the default/File full suite
2026-10-09T14:03:54.1457195Z SKIPPED [2] tests/test_r4_selection_author_binding.py:126: File-backend implementation contract; covered by the default/File full suite
2026-10-09T14:03:54.1458011Z SKIPPED [2] tests/test_r4_selection_author_binding.py: File-backend implementation contract; covered by the default/File full suite
2026-10-09T14:03:54.1458773Z SKIPPED [5] tests/test_r4_story_graph.py: File-backend implementation contract; covered by the default/File full suite
2026-10-09T14:03:54.1459519Z SKIPPED [6] tests/test_r4_story_graph_mounted.py: File-backend implementation contract; covered by the default/File full suite
2026-10-09T14:03:54.1460345Z SKIPPED [2] tests/test_r4_story_simulator.py:118: File-backend implementation contract; covered by the default/File full suite
2026-10-09T14:03:54.1461097Z SKIPPED [5] tests/test_r4_story_simulator.py: File-backend implementation contract; covered by the default/File full suite
2026-10-09T14:03:54.1461850Z SKIPPED [4] tests/test_r4_story_simulator.py:151: File-backend implementation contract; covered by the default/File full suite
2026-10-09T14:03:54.1462612Z SKIPPED [18] tests/test_r4_story_simulator_model.py: File-backend implementation contract; covered by the default/File full suite
2026-10-09T14:03:54.1463486Z SKIPPED [6] tests/test_r4_story_simulator_model.py:108: File-backend implementation contract; covered by the default/File full suite
2026-10-09T14:03:54.1464285Z SKIPPED [5] tests/test_r4_story_simulator_model.py:166: File-backend implementation contract; covered by the default/File full suite
2026-10-09T14:03:54.1465077Z SKIPPED [2] tests/test_r4_story_simulator_model.py:184: File-backend implementation contract; covered by the default/File full suite
2026-10-09T14:03:54.1465867Z SKIPPED [2] tests/test_r4_story_simulator_model.py:238: File-backend implementation contract; covered by the default/File full suite
2026-10-09T14:03:54.1466654Z SKIPPED [6] tests/test_r4_story_simulator_model.py:316: File-backend implementation contract; covered by the default/File full suite
2026-10-09T14:03:54.1467443Z SKIPPED [2] tests/test_r4_story_simulator_mounted.py: File-backend implementation contract; covered by the default/File full suite
2026-10-09T14:03:54.1468221Z SKIPPED [8] tests/test_r4_style_judge.py: File-backend implementation contract; covered by the default/File full suite
2026-10-09T14:03:54.1468969Z SKIPPED [4] tests/test_r4_style_judge_mounted.py: File-backend implementation contract; covered by the default/File full suite
2026-10-09T14:03:54.1469743Z SKIPPED [9] tests/test_r4_style_judge_mounted.py:71: File-backend implementation contract; covered by the default/File full suite
2026-10-09T14:03:54.1470509Z SKIPPED [1] tests/test_r4_timeline_exchange.py: File-backend implementation contract; covered by the default/File full suite
2026-10-09T14:03:54.1471322Z SKIPPED [3] tests/test_r4_workspace_resume.py: File-backend implementation contract; covered by the default/File full suite
2026-10-09T14:03:54.1472081Z SKIPPED [3] tests/test_r4_workspace_resume.py:177: File-backend implementation contract; covered by the default/File full suite
2026-10-09T14:03:54.1472842Z SKIPPED [10] tests/test_r4_workspace_tools.py: File-backend implementation contract; covered by the default/File full suite
2026-10-09T14:03:54.1473640Z SKIPPED [5] tests/test_r4_writing_focus.py: File-backend implementation contract; covered by the default/File full suite
2026-10-09T14:03:54.1474363Z SKIPPED [8] tests/test_r5_comic_layouts.py: File-backend implementation contract; covered by the default/File full suite
2026-10-09T14:03:54.1475122Z SKIPPED [3] tests/test_r5_comic_layouts.py:105: File-backend implementation contract; covered by the default/File full suite
2026-10-09T14:03:54.1475868Z SKIPPED [1] tests/test_r5_comic_layouts.py:126: File-backend implementation contract; covered by the default/File full suite
2026-10-09T14:03:54.1476594Z SKIPPED [4] tests/test_r5_comic_mounted.py: File-backend implementation contract; covered by the default/File full suite
2026-10-09T14:03:54.1477320Z SKIPPED [3] tests/test_r5_comic_mounted.py:49: File-backend implementation contract; covered by the default/File full suite
2026-10-09T14:03:54.1478056Z SKIPPED [1] tests/test_r5_comic_mounted.py:68: File-backend implementation contract; covered by the default/File full suite
2026-10-09T14:03:54.1478812Z SKIPPED [3] tests/test_r5_declarative_job_bounds.py: File-backend implementation contract; covered by the default/File full suite
2026-10-09T14:03:54.1479582Z SKIPPED [16] tests/test_r5_declarative_model.py: File-backend implementation contract; covered by the default/File full suite
2026-10-09T14:03:54.1480403Z SKIPPED [1] tests/test_r5_declarative_mounted.py: File-backend implementation contract; covered by the default/File full suite
2026-10-09T14:03:54.1481178Z SKIPPED [9] tests/test_r5_declarative_templates.py: File-backend implementation contract; covered by the default/File full suite
2026-10-09T14:03:54.1481965Z SKIPPED [3] tests/test_r5_declarative_templates.py:91: File-backend implementation contract; covered by the default/File full suite
2026-10-09T14:03:54.1482762Z SKIPPED [7] tests/test_r5_declarative_templates.py:177: File-backend implementation contract; covered by the default/File full suite
2026-10-09T14:03:54.1483590Z SKIPPED [8] tests/test_r5_interactive_story.py: File-backend implementation contract; covered by the default/File full suite
2026-10-09T14:03:54.1484349Z SKIPPED [4] tests/test_r5_interactive_story.py:89: File-backend implementation contract; covered by the default/File full suite
2026-10-09T14:03:54.1485120Z SKIPPED [5] tests/test_r5_interactive_story.py:122: File-backend implementation contract; covered by the default/File full suite
2026-10-09T14:03:54.1485905Z SKIPPED [7] tests/test_r5_interactive_story_mounted.py: File-backend implementation contract; covered by the default/File full suite
2026-10-09T14:03:54.1486692Z SKIPPED [6] tests/test_r5_multilingual_editions.py: File-backend implementation contract; covered by the default/File full suite
2026-10-09T14:03:54.1487481Z SKIPPED [3] tests/test_r5_multilingual_editions.py:118: File-backend implementation contract; covered by the default/File full suite
2026-10-09T14:03:54.1488284Z SKIPPED [8] tests/test_r5_multilingual_editions_mounted.py: File-backend implementation contract; covered by the default/File full suite
2026-10-09T14:03:54.1489118Z SKIPPED [3] tests/test_r5_multilingual_editions_mounted.py:84: File-backend implementation contract; covered by the default/File full suite
2026-10-09T14:03:54.1489955Z SKIPPED [2] tests/test_r5_multilingual_editions_mounted.py:99: File-backend implementation contract; covered by the default/File full suite
2026-10-09T14:03:54.1490783Z SKIPPED [14] tests/test_r5_multilingual_translation.py: File-backend implementation contract; covered by the default/File full suite
2026-10-09T14:03:54.1491704Z SKIPPED [3] tests/test_r5_multilingual_translation.py:263: File-backend implementation contract; covered by the default/File full suite
2026-10-09T14:03:54.1492482Z SKIPPED [16] tests/test_r5_offline_sync.py: File-backend implementation contract; covered by the default/File full suite
2026-10-09T14:03:54.1493304Z SKIPPED [5] tests/test_r5_offline_sync_mounted.py: File-backend implementation contract; covered by the default/File full suite
2026-10-09T14:03:54.1494087Z SKIPPED [4] tests/test_r5_offline_sync_mounted.py:77: File-backend implementation contract; covered by the default/File full suite
2026-10-09T14:03:54.1494869Z SKIPPED [3] tests/test_r5_offline_sync_mounted.py:140: File-backend implementation contract; covered by the default/File full suite
2026-10-09T14:03:54.1495630Z SKIPPED [1] tests/test_r5_offline_sync_tcp.py:78: explicit real-loopback subprocess gate; not an in-process substitute
2026-10-09T14:03:54.1496357Z SKIPPED [7] tests/test_r5_pause_aware_audio.py: File-backend implementation contract; covered by the default/File full suite
2026-10-09T14:03:54.1497118Z SKIPPED [11] tests/test_r5_project_forks.py: File-backend implementation contract; covered by the default/File full suite
2026-10-09T14:03:54.1497853Z SKIPPED [1] tests/test_r5_project_forks.py:130: File-backend implementation contract; covered by the default/File full suite
2026-10-09T14:03:54.1498614Z SKIPPED [3] tests/test_r5_project_forks_mounted.py:74: File-backend implementation contract; covered by the default/File full suite
2026-10-09T14:03:54.1499392Z SKIPPED [3] tests/test_r5_project_forks_mounted.py: File-backend implementation contract; covered by the default/File full suite
2026-10-09T14:03:54.1500165Z SKIPPED [3] tests/test_r5_structured_forks.py: File-backend implementation contract; covered by the default/File full suite
2026-10-09T14:03:54.1500986Z SKIPPED [2] tests/test_r5_structured_forks.py:115: File-backend implementation contract; covered by the default/File full suite
2026-10-09T14:03:54.1501775Z SKIPPED [3] tests/test_r5_structured_forks.py:174: File-backend implementation contract; covered by the default/File full suite
2026-10-09T14:03:54.1502554Z SKIPPED [4] tests/test_r5_structured_forks_mounted.py: File-backend implementation contract; covered by the default/File full suite
2026-10-09T14:03:54.1503439Z SKIPPED [6] tests/test_r5_structured_forks_mounted.py:53: File-backend implementation contract; covered by the default/File full suite
2026-10-09T14:03:54.1504224Z SKIPPED [4] tests/test_r5_voice_subtitles.py: File-backend implementation contract; covered by the default/File full suite
2026-10-09T14:03:54.1504970Z SKIPPED [1] tests/test_r5_voice_subtitles.py:180: File-backend implementation contract; covered by the default/File full suite
2026-10-09T14:03:54.1505741Z SKIPPED [10] tests/test_r5_voice_subtitles_mounted.py: File-backend implementation contract; covered by the default/File full suite
2026-10-09T14:03:54.1506532Z SKIPPED [14] tests/test_r5_writer_room_mounted.py: File-backend implementation contract; covered by the default/File full suite
2026-10-09T14:03:54.1507205Z SKIPPED [1] tests/test_runtime_ownership_foundation_v070.py:141: Windows named mutex contract
2026-10-09T14:03:54.1507775Z SKIPPED [1] tests/test_runtime_ownership_foundation_v070.py:289: Windows Job Object contract
2026-10-09T14:03:54.1508491Z SKIPPED [16] tests/test_shared_generation_stream_authority.py:262: File-backend implementation contract; covered by the default/File full suite
2026-10-09T14:03:54.1509366Z SKIPPED [2] tests/test_shared_generation_stream_authority.py:292: File-backend implementation contract; covered by the default/File full suite
2026-10-09T14:03:54.1510235Z SKIPPED [8] tests/test_shared_generation_stream_authority.py: File-backend implementation contract; covered by the default/File full suite
2026-10-09T14:03:54.1511097Z SKIPPED [4] tests/test_shared_generation_stream_authority.py:362: File-backend implementation contract; covered by the default/File full suite
2026-10-09T14:03:54.1512026Z SKIPPED [8] tests/test_shared_generation_stream_authority.py:513: File-backend implementation contract; covered by the default/File full suite
2026-10-09T14:03:54.1512903Z SKIPPED [31] tests/test_shared_generation_terminal_protocol.py:82: File-backend implementation contract; covered by the default/File full suite
2026-10-09T14:03:54.1513832Z SKIPPED [8] tests/test_shared_generation_terminal_protocol.py:108: File-backend implementation contract; covered by the default/File full suite
2026-10-09T14:03:54.1514693Z SKIPPED [8] tests/test_shared_generation_terminal_protocol.py: File-backend implementation contract; covered by the default/File full suite
2026-10-09T14:03:54.1515558Z SKIPPED [4] tests/test_shared_generation_terminal_protocol.py:158: File-backend implementation contract; covered by the default/File full suite
2026-10-09T14:03:54.1516436Z SKIPPED [1] tests/test_shared_generation_terminal_protocol.py:175: File-backend implementation contract; covered by the default/File full suite
2026-10-09T14:03:54.1517303Z SKIPPED [2] tests/test_shared_generation_terminal_protocol.py:196: File-backend implementation contract; covered by the default/File full suite
2026-10-09T14:03:54.1518166Z SKIPPED [4] tests/test_shared_generation_terminal_protocol.py:221: File-backend implementation contract; covered by the default/File full suite
2026-10-09T14:03:54.1519030Z SKIPPED [6] tests/test_shared_generation_terminal_protocol.py:345: File-backend implementation contract; covered by the default/File full suite
2026-10-09T14:03:54.1519896Z SKIPPED [5] tests/test_shared_generation_terminal_protocol.py:357: File-backend implementation contract; covered by the default/File full suite
2026-10-09T14:03:54.1520754Z SKIPPED [44] tests/test_shared_project_route_authority.py:103: File-backend implementation contract; covered by the default/File full suite
2026-10-09T14:03:54.1521688Z SKIPPED [41] tests/test_shared_project_route_authority.py:120: File-backend implementation contract; covered by the default/File full suite
2026-10-09T14:03:54.1522536Z SKIPPED [18] tests/test_shared_project_route_authority.py:143: File-backend implementation contract; covered by the default/File full suite
2026-10-09T14:03:54.1523427Z SKIPPED [43] tests/test_shared_project_route_authority.py: File-backend implementation contract; covered by the default/File full suite
2026-10-09T14:03:54.1524253Z SKIPPED [34] tests/test_shared_project_route_authority.py:283: File-backend implementation contract; covered by the default/File full suite
2026-10-09T14:03:54.1525097Z SKIPPED [18] tests/test_shared_project_route_authority.py:352: File-backend implementation contract; covered by the default/File full suite
2026-10-09T14:03:54.1525943Z SKIPPED [24] tests/test_shared_project_route_authority.py:388: File-backend implementation contract; covered by the default/File full suite
2026-10-09T14:03:54.1526760Z SKIPPED [1] tests/test_structured_record_cas.py: File-backend implementation contract; covered by the default/File full suite
2026-10-09T14:03:54.1527551Z SKIPPED [8] tests/test_surface_adaptation_lifecycle.py: File-backend implementation contract; covered by the default/File full suite
2026-10-09T14:03:54.1528365Z SKIPPED [1] tests/test_surface_adaptation_projection.py: File-backend implementation contract; covered by the default/File full suite
2026-10-09T14:03:54.1529177Z SKIPPED [6] tests/test_surface_adapter_capacity.py:74: File-backend implementation contract; covered by the default/File full suite
2026-10-09T14:03:54.1529971Z SKIPPED [17] tests/test_surface_adapter_capacity.py: File-backend implementation contract; covered by the default/File full suite
2026-10-09T14:03:54.1530784Z SKIPPED [3] tests/test_surface_adapter_capacity.py:110: File-backend implementation contract; covered by the default/File full suite
2026-10-09T14:03:54.1531584Z SKIPPED [3] tests/test_surface_adapter_projection.py:53: File-backend implementation contract; covered by the default/File full suite
2026-10-09T14:03:54.1532393Z SKIPPED [2] tests/test_surface_adapter_projection.py:84: File-backend implementation contract; covered by the default/File full suite
2026-10-09T14:03:54.1533315Z SKIPPED [2] tests/test_surface_adapter_projection.py:101: File-backend implementation contract; covered by the default/File full suite
2026-10-09T14:03:54.1534126Z SKIPPED [2] tests/test_surface_adapter_projection.py:122: File-backend implementation contract; covered by the default/File full suite
2026-10-09T14:03:54.1534945Z SKIPPED [1] tests/test_surface_adapter_projection.py:138: File-backend implementation contract; covered by the default/File full suite
2026-10-09T14:03:54.1535764Z SKIPPED [4] tests/test_surface_adapter_projection.py:147: File-backend implementation contract; covered by the default/File full suite
2026-10-09T14:03:54.1536569Z SKIPPED [4] tests/test_surface_adapter_projection.py: File-backend implementation contract; covered by the default/File full suite
2026-10-09T14:03:54.1537383Z SKIPPED [2] tests/test_surface_adapter_projection.py:171: File-backend implementation contract; covered by the default/File full suite
2026-10-09T14:03:54.1538205Z SKIPPED [3] tests/test_surface_adapter_projection.py:185: File-backend implementation contract; covered by the default/File full suite
2026-10-09T14:03:54.1539006Z SKIPPED [2] tests/test_surface_adapter_projection.py:203: File-backend implementation contract; covered by the default/File full suite
2026-10-09T14:03:54.1539814Z SKIPPED [4] tests/test_surface_adapter_projection.py:236: File-backend implementation contract; covered by the default/File full suite
2026-10-09T14:03:54.1540636Z SKIPPED [1] tests/test_surface_adapter_projection.py:264: File-backend implementation contract; covered by the default/File full suite
2026-10-09T14:03:54.1541435Z SKIPPED [1] tests/test_surface_adapter_projection.py:273: File-backend implementation contract; covered by the default/File full suite
2026-10-09T14:03:54.1542306Z SKIPPED [2] tests/test_surface_adapter_projection.py:286: File-backend implementation contract; covered by the default/File full suite
2026-10-09T14:03:54.1543198Z SKIPPED [1] tests/test_surface_adapter_projection.py:302: File-backend implementation contract; covered by the default/File full suite
2026-10-09T14:03:54.1543997Z SKIPPED [4] tests/test_surface_adapter_projection.py:317: File-backend implementation contract; covered by the default/File full suite
2026-10-09T14:03:54.1544829Z SKIPPED [5] tests/test_surface_branch_generation_stream.py:47: File-backend implementation contract; covered by the default/File full suite
2026-10-09T14:03:54.1545664Z SKIPPED [2] tests/test_surface_branch_generation_stream.py: File-backend implementation contract; covered by the default/File full suite
2026-10-09T14:03:54.1546512Z SKIPPED [5] tests/test_surface_branch_generation_stream.py:94: File-backend implementation contract; covered by the default/File full suite
2026-10-09T14:03:54.1547354Z SKIPPED [8] tests/test_surface_branch_generation_stream.py:144: File-backend implementation contract; covered by the default/File full suite
2026-10-09T14:03:54.1548193Z SKIPPED [6] tests/test_surface_branch_manuscript.py: File-backend implementation contract; covered by the default/File full suite
2026-10-09T14:03:54.1549024Z SKIPPED [12] tests/test_surface_branch_manuscript_mounted.py: File-backend implementation contract; covered by the default/File full suite
2026-10-09T14:03:54.1549893Z SKIPPED [5] tests/test_surface_branch_manuscript_mounted.py:273: File-backend implementation contract; covered by the default/File full suite
2026-10-09T14:03:54.1550756Z SKIPPED [2] tests/test_surface_browser_authority_contracts.py: File-backend implementation contract; covered by the default/File full suite
2026-10-09T14:03:54.1551624Z SKIPPED [4] tests/test_surface_continuity_timeline_identity.py:45: File-backend implementation contract; covered by the default/File full suite
2026-10-09T14:03:54.1552491Z SKIPPED [3] tests/test_surface_continuity_timeline_identity.py: File-backend implementation contract; covered by the default/File full suite
2026-10-09T14:03:54.1553456Z SKIPPED [4] tests/test_surface_core_story_record_api.py:24: File-backend implementation contract; covered by the default/File full suite
2026-10-09T14:03:54.1554290Z SKIPPED [2] tests/test_surface_core_story_record_api.py:56: File-backend implementation contract; covered by the default/File full suite
2026-10-09T14:03:54.1555110Z SKIPPED [7] tests/test_surface_core_story_record_api.py:78: File-backend implementation contract; covered by the default/File full suite
2026-10-09T14:03:54.1555919Z SKIPPED [1] tests/test_surface_core_story_record_api.py:94: File-backend implementation contract; covered by the default/File full suite
2026-10-09T14:03:54.1556731Z SKIPPED [2] tests/test_surface_core_story_records.py:166: File-backend implementation contract; covered by the default/File full suite
2026-10-09T14:03:54.1557529Z SKIPPED [1] tests/test_surface_core_story_records.py:193: File-backend implementation contract; covered by the default/File full suite
2026-10-09T14:03:54.1558347Z SKIPPED [1] tests/test_surface_core_story_records.py:217: File-backend implementation contract; covered by the default/File full suite
2026-10-09T14:03:54.1559172Z SKIPPED [1] tests/test_surface_core_story_records.py: File-backend implementation contract; covered by the default/File full suite
2026-10-09T14:03:54.1560017Z SKIPPED [1] tests/test_surface_embedding_invalidation_receipts.py: File-backend implementation contract; covered by the default/File full suite
2026-10-09T14:03:54.1560856Z SKIPPED [2] tests/test_surface_finding_review.py:55: File-backend implementation contract; covered by the default/File full suite
2026-10-09T14:03:54.1561633Z SKIPPED [7] tests/test_surface_finding_review.py: File-backend implementation contract; covered by the default/File full suite
2026-10-09T14:03:54.1562416Z SKIPPED [1] tests/test_surface_finding_review.py:117: File-backend implementation contract; covered by the default/File full suite
2026-10-09T14:03:54.1563315Z SKIPPED [2] tests/test_surface_finding_review.py:229: File-backend implementation contract; covered by the default/File full suite
2026-10-09T14:03:54.1564108Z SKIPPED [2] tests/test_surface_finding_review.py:241: File-backend implementation contract; covered by the default/File full suite
2026-10-09T14:03:54.1564911Z SKIPPED [4] tests/test_surface_findings_canon_inbox.py:27: File-backend implementation contract; covered by the default/File full suite
2026-10-09T14:03:54.1565721Z SKIPPED [6] tests/test_surface_findings_canon_inbox.py: File-backend implementation contract; covered by the default/File full suite
2026-10-09T14:03:54.1566557Z SKIPPED [18] tests/test_surface_freeze_media_engine_adapters.py: File-backend implementation contract; covered by the default/File full suite
2026-10-09T14:03:54.1567429Z SKIPPED [2] tests/test_surface_freeze_media_engine_adapters.py:403: File-backend implementation contract; covered by the default/File full suite
2026-10-09T14:03:54.1568305Z SKIPPED [1] tests/test_surface_freeze_media_engine_adapters.py:472: File-backend implementation contract; covered by the default/File full suite
2026-10-09T14:03:54.1569167Z SKIPPED [1] tests/test_surface_hybrid_read_authority.py: File-backend implementation contract; covered by the default/File full suite
2026-10-09T14:03:54.1569997Z SKIPPED [3] tests/test_surface_hybrid_read_authority.py:102: File-backend implementation contract; covered by the default/File full suite
2026-10-09T14:03:54.1570835Z SKIPPED [3] tests/test_surface_interop_branch_authority.py:146: File-backend implementation contract; covered by the default/File full suite
2026-10-09T14:03:57.0545449Z SKIPPED [3] tests/test_surface_interop_branch_authority.py: File-backend implementation contract; covered by the default/File full suite
2026-10-09T14:03:57.0548520Z SKIPPED [3] tests/test_surface_interop_branch_authority.py:329: File-backend implementation contract; covered by the default/File full suite
2026-10-09T14:03:57.0551457Z SKIPPED [14] tests/test_surface_pending_canon_review.py: File-backend implementation contract; covered by the default/File full suite
2026-10-09T14:03:57.0554829Z SKIPPED [2] tests/test_surface_pending_canon_review.py:299: File-backend implementation contract; covered by the default/File full suite
2026-10-09T14:03:57.0557639Z SKIPPED [8] tests/test_surface_production_sync.py: File-backend implementation contract; covered by the default/File full suite
2026-10-09T14:03:57.0560463Z SKIPPED [8] tests/test_surface_realtime_collaboration.py: File-backend implementation contract; covered by the default/File full suite
2026-10-09T14:03:57.0563622Z SKIPPED [4] tests/test_surface_realtime_collaboration.py:176: File-backend implementation contract; covered by the default/File full suite
2026-10-09T14:03:57.0566591Z SKIPPED [7] tests/test_surface_search_visual_research.py: File-backend implementation contract; covered by the default/File full suite
2026-10-09T14:03:57.0569440Z SKIPPED [3] tests/test_surface_search_visual_research.py:127: File-backend implementation contract; covered by the default/File full suite
2026-10-09T14:03:57.0572328Z SKIPPED [3] tests/test_surface_search_visual_research.py:182: File-backend implementation contract; covered by the default/File full suite
2026-10-09T14:03:57.0575367Z SKIPPED [3] tests/test_surface_search_visual_research.py:242: File-backend implementation contract; covered by the default/File full suite
2026-10-09T14:03:57.0578157Z SKIPPED [4] tests/test_surface_story_record_api.py: File-backend implementation contract; covered by the default/File full suite
2026-10-09T14:03:57.0580939Z SKIPPED [1] tests/test_surface_story_record_versions.py:37: File-backend implementation contract; covered by the default/File full suite
2026-10-09T14:03:57.0583824Z SKIPPED [4] tests/test_surface_story_record_versions.py: File-backend implementation contract; covered by the default/File full suite
2026-10-09T14:03:57.0586544Z SKIPPED [2] tests/test_surface_story_record_versions.py:83: File-backend implementation contract; covered by the default/File full suite
2026-10-09T14:03:57.0589601Z SKIPPED [1] tests/test_surface_story_record_versions.py:147: File-backend implementation contract; covered by the default/File full suite
2026-10-09T14:03:57.0592450Z SKIPPED [1] tests/test_surface_story_record_versions.py:178: File-backend implementation contract; covered by the default/File full suite
2026-10-09T14:03:57.0595364Z SKIPPED [8] tests/test_surface_workspace_interaction.py: File-backend implementation contract; covered by the default/File full suite
2026-10-09T14:03:57.0598207Z SKIPPED [2] tests/test_surface_workspace_interaction.py:78: File-backend implementation contract; covered by the default/File full suite
2026-10-09T14:03:57.0601026Z SKIPPED [1] tests/test_v060_project_path_persistence.py:10: File-backend implementation contract; covered by the default/File full suite
2026-10-09T14:03:57.0603910Z SKIPPED [1] tests/test_v060_project_path_persistence.py:31: File-backend implementation contract; covered by the default/File full suite
2026-10-09T14:03:57.0606672Z SKIPPED [2] tests/test_v2_asset_relationships.py:55: File-backend implementation contract; covered by the default/File full suite
2026-10-09T14:03:57.0609304Z SKIPPED [2] tests/test_v2_asset_relationships.py:86: File-backend implementation contract; covered by the default/File full suite
2026-10-09T14:03:57.0611957Z SKIPPED [9] tests/test_v2_asset_relationships.py: File-backend implementation contract; covered by the default/File full suite
2026-10-09T14:03:57.0614768Z SKIPPED [4] tests/test_v2_asset_relationships.py:164: File-backend implementation contract; covered by the default/File full suite
2026-10-09T14:03:57.0617360Z SKIPPED [2] tests/test_v2_asset_relationships.py:217: File-backend implementation contract; covered by the default/File full suite
2026-10-09T14:03:57.0620009Z SKIPPED [2] tests/test_v2_asset_relationships.py:237: File-backend implementation contract; covered by the default/File full suite
2026-10-09T14:03:57.0622546Z SKIPPED [1] tests/test_v2_asset_relationships.py:334: File-backend implementation contract; covered by the default/File full suite
2026-10-09T14:03:57.0625481Z SKIPPED [1] tests/test_v2_creative_foundation.py:81: File-backend implementation contract; covered by the default/File full suite
2026-10-09T14:03:57.0628146Z SKIPPED [8] tests/test_v2_creative_foundation.py: File-backend implementation contract; covered by the default/File full suite
2026-10-09T14:03:57.0630801Z SKIPPED [3] tests/test_v2_creative_foundation.py:197: File-backend implementation contract; covered by the default/File full suite
2026-10-09T14:03:57.0633649Z SKIPPED [6] tests/test_v2_creative_project_lifecycle.py: File-backend implementation contract; covered by the default/File full suite
2026-10-09T14:03:57.0636502Z SKIPPED [3] tests/test_v2_creative_project_lifecycle.py:299: File-backend implementation contract; covered by the default/File full suite
2026-10-09T14:03:57.0639290Z SKIPPED [4] tests/test_v2_creative_workflows.py:65: File-backend implementation contract; covered by the default/File full suite
2026-10-09T14:03:57.0641945Z SKIPPED [19] tests/test_v2_creative_workflows.py: File-backend implementation contract; covered by the default/File full suite
2026-10-09T14:03:57.0644741Z SKIPPED [9] tests/test_v2_creative_workflows.py:284: File-backend implementation contract; covered by the default/File full suite
2026-10-09T14:03:57.0647402Z SKIPPED [5] tests/test_v2_creative_workflows.py:504: File-backend implementation contract; covered by the default/File full suite
2026-10-09T14:03:57.0650098Z SKIPPED [11] tests/test_v2_independent_workspace.py: File-backend implementation contract; covered by the default/File full suite
2026-10-09T14:03:57.0652857Z SKIPPED [1] tests/test_v2_independent_workspace.py:218: File-backend implementation contract; covered by the default/File full suite
2026-10-09T14:03:57.0655754Z SKIPPED [5] tests/test_v2_independent_workspace.py:398: File-backend implementation contract; covered by the default/File full suite
2026-10-09T14:03:57.0658736Z SKIPPED [4] tests/test_v2_independent_workspace.py:417: File-backend implementation contract; covered by the default/File full suite
2026-10-09T14:03:57.0661537Z SKIPPED [3] tests/test_v2_independent_workspace.py:497: File-backend implementation contract; covered by the default/File full suite
2026-10-09T14:03:57.0664478Z SKIPPED [2] tests/test_v2_independent_workspace.py:512: File-backend implementation contract; covered by the default/File full suite
2026-10-09T14:03:57.0667333Z SKIPPED [2] tests/test_v2_independent_workspace.py:552: File-backend implementation contract; covered by the default/File full suite
2026-10-09T14:03:57.0670195Z SKIPPED [5] tests/test_v2_independent_workspace.py:673: File-backend implementation contract; covered by the default/File full suite
2026-10-09T14:03:57.0673117Z SKIPPED [2] tests/test_v2_independent_workspace.py:755: File-backend implementation contract; covered by the default/File full suite
2026-10-09T14:03:57.0675896Z SKIPPED [4] tests/test_v2_independent_workspace.py:977: File-backend implementation contract; covered by the default/File full suite
2026-10-09T14:03:57.0678607Z SKIPPED [8] tests/test_v2_independent_workspace_api.py: File-backend implementation contract; covered by the default/File full suite
2026-10-09T14:03:57.0681412Z SKIPPED [4] tests/test_v2_independent_workspace_api.py:79: File-backend implementation contract; covered by the default/File full suite
2026-10-09T14:03:57.0684415Z SKIPPED [1] tests/test_v2_independent_workspace_api.py:165: File-backend implementation contract; covered by the default/File full suite
2026-10-09T14:03:57.0687246Z SKIPPED [6] tests/test_v2_independent_workspace_api.py:243: File-backend implementation contract; covered by the default/File full suite
2026-10-09T14:03:57.0689943Z SKIPPED [6] tests/test_v2_storage_admission.py: File-backend implementation contract; covered by the default/File full suite
2026-10-09T14:03:57.0692540Z SKIPPED [3] tests/test_v2_storage_admission.py:84: File-backend implementation contract; covered by the default/File full suite
2026-10-09T14:03:57.0695251Z SKIPPED [2] tests/test_v2_task_router.py:21: File-backend implementation contract; covered by the default/File full suite
2026-10-09T14:03:57.0697909Z SKIPPED [5] tests/test_v2_task_router.py: File-backend implementation contract; covered by the default/File full suite
2026-10-09T14:03:57.0700644Z SKIPPED [2] tests/test_writer_room_comment_authority_seam.py: File-backend implementation contract; covered by the default/File full suite
2026-10-09T14:03:57.0702789Z 3148 passed, 1767 skipped, 4908 deselected, 2 warnings in 2266.31s (0:37:46)
2026-10-09T14:04:00.0880219Z ##[group]Run python .github/ci/receipt.py "$CI_RECEIPTS"
2026-10-09T14:04:00.0880622Z [36;1mpython .github/ci/receipt.py "$CI_RECEIPTS"[0m
2026-10-09T14:04:00.0917344Z shell: /usr/bin/bash -e {0}
2026-10-09T14:04:00.0917611Z env:
2026-10-09T14:04:00.0917795Z   MOCK_PROVIDER: true
2026-10-09T14:04:00.0918007Z   MOCK_STREAM_DELAY_MS: 0
2026-10-09T14:04:00.0918230Z   ENABLE_CLOUD: false
2026-10-09T14:04:00.0918448Z   CREDENTIAL_VAULT_BACKEND: memory
2026-10-09T14:04:00.0918730Z   CREDENTIAL_VAULT_ALLOW_MEMORY_FALLBACK: true
2026-10-09T14:04:00.0919034Z   PYTHONDONTWRITEBYTECODE: 1
2026-10-09T14:04:00.0919262Z   HF_HUB_OFFLINE: 1
2026-10-09T14:04:00.0919458Z   TRANSFORMERS_OFFLINE: 1
2026-10-09T14:04:00.0919737Z   pythonLocation: /opt/hostedtoolcache/Python/3.12.9/x64
2026-10-09T14:04:00.0920133Z   PKG_CONFIG_PATH: /opt/hostedtoolcache/Python/3.12.9/x64/lib/pkgconfig
2026-10-09T14:04:00.0920525Z   Python_ROOT_DIR: /opt/hostedtoolcache/Python/3.12.9/x64
2026-10-09T14:04:00.0920929Z   Python2_ROOT_DIR: /opt/hostedtoolcache/Python/3.12.9/x64
2026-10-09T14:04:00.0921280Z   Python3_ROOT_DIR: /opt/hostedtoolcache/Python/3.12.9/x64
2026-10-09T14:04:00.0921635Z   LD_LIBRARY_PATH: /opt/hostedtoolcache/Python/3.12.9/x64/lib
2026-10-09T14:04:00.0921995Z   CI_COVERAGE_SHA: 57986cb13d452731baf82bbc242bfc79f9cfd145
2026-10-09T14:04:00.0922350Z   CI_COVERAGE_TREE: 7b06f7eb213893ec41e4ded14810b82b070b7dc7
2026-10-09T14:04:00.0922778Z   CI_SANDBOX: /home/runner/work/_temp/novel-ci-backend-postgres-shard-1.J5aMdH
2026-10-09T14:04:00.0923555Z   CI_PROJECT: /home/runner/work/_temp/novel-ci-backend-postgres-shard-1.J5aMdH/project
2026-10-09T14:04:00.0924106Z   CI_RECEIPTS: /home/runner/work/_temp/novel-ci-backend-postgres-shard-1.J5aMdH/receipts
2026-10-09T14:04:00.0924738Z   HOME: /home/runner/work/_temp/novel-ci-backend-postgres-shard-1.J5aMdH/project/.runtime/ci-backend/home
2026-10-09T14:04:00.0925456Z   USERPROFILE: /home/runner/work/_temp/novel-ci-backend-postgres-shard-1.J5aMdH/project/.runtime/ci-backend/home
2026-10-09T14:04:00.0926189Z   APPDATA: /home/runner/work/_temp/novel-ci-backend-postgres-shard-1.J5aMdH/project/.runtime/ci-backend/appdata
2026-10-09T14:04:00.0926951Z   LOCALAPPDATA: /home/runner/work/_temp/novel-ci-backend-postgres-shard-1.J5aMdH/project/.runtime/ci-backend/localappdata
2026-10-09T14:04:00.0927735Z   XDG_CONFIG_HOME: /home/runner/work/_temp/novel-ci-backend-postgres-shard-1.J5aMdH/project/.runtime/ci-backend/config
2026-10-09T14:04:00.0928484Z   XDG_CACHE_HOME: /home/runner/work/_temp/novel-ci-backend-postgres-shard-1.J5aMdH/project/.runtime/ci-backend/cache
2026-10-09T14:04:00.0929223Z   XDG_DATA_HOME: /home/runner/work/_temp/novel-ci-backend-postgres-shard-1.J5aMdH/project/.runtime/ci-backend/data
2026-10-09T14:04:00.0929943Z   XDG_STATE_HOME: /home/runner/work/_temp/novel-ci-backend-postgres-shard-1.J5aMdH/project/.runtime/ci-backend/state
2026-10-09T14:04:00.0930652Z   TMPDIR: /home/runner/work/_temp/novel-ci-backend-postgres-shard-1.J5aMdH/project/.runtime/ci-backend/tmp
2026-10-09T14:04:00.0931332Z   TMP: /home/runner/work/_temp/novel-ci-backend-postgres-shard-1.J5aMdH/project/.runtime/ci-backend/tmp
2026-10-09T14:04:00.0932009Z   TEMP: /home/runner/work/_temp/novel-ci-backend-postgres-shard-1.J5aMdH/project/.runtime/ci-backend/tmp
2026-10-09T14:04:00.0932624Z   PROJECT_ROOT: /home/runner/work/_temp/novel-ci-backend-postgres-shard-1.J5aMdH/project
2026-10-09T14:04:00.0933417Z   NOVEL_DATA_PATH: /home/runner/work/_temp/novel-ci-backend-postgres-shard-1.J5aMdH/project/.runtime/ci-backend/data/novels
2026-10-09T14:04:00.0934372Z   BACKUP_PATH: /home/runner/work/_temp/novel-ci-backend-postgres-shard-1.J5aMdH/project/.runtime/ci-backend/data/backups
2026-10-09T14:04:00.0935210Z   DATABASE_BACKUP_PATH: /home/runner/work/_temp/novel-ci-backend-postgres-shard-1.J5aMdH/project/.runtime/ci-backend/data/database-backups
2026-10-09T14:04:00.0936082Z   KNOWLEDGE_SOURCE_PATH: /home/runner/work/_temp/novel-ci-backend-postgres-shard-1.J5aMdH/project/.runtime/ci-backend/data/novels
2026-10-09T14:04:00.0936958Z   CI_V2_RUNTIME: /home/runner/work/_temp/novel-ci-backend-postgres-shard-1.J5aMdH/project/.runtime/ci-backend
2026-10-09T14:04:00.0937671Z   R2_TEST_FONT_FILE: /home/runner/work/_temp/novel-ci-backend-postgres-shard-1.J5aMdH/fonts/NotoSansSC-Regular.ttf
2026-10-09T14:04:00.0938164Z ##[endgroup]
2026-10-09T14:04:00.2388438Z {
2026-10-09T14:04:00.2390542Z   "revision": "checked_out_sha=57986cb13d452731baf82bbc242bfc79f9cfd145\nevent_sha=57986cb13d452731baf82bbc242bfc79f9cfd145\nrun_url=https://github.com/1785235376-blip/AI-Novel-Studio/actions/runs/37936615942\njob=backend-postgres-shard-1\nplatform=Linux; native Windows host/AppContainer/installer=NOT RUN\n",
2026-10-09T14:04:00.2392452Z   "test_reports": {
2026-10-09T14:04:00.2392785Z     "backend.xml": {
2026-10-09T14:04:00.2393374Z       "tests": 4915,
2026-10-09T14:04:00.2393674Z       "failures": 0,
2026-10-09T14:04:00.2393971Z       "errors": 0,
2026-10-09T14:04:00.2394264Z       "skipped": 1767
2026-10-09T14:04:00.2394576Z     },
2026-10-09T14:04:00.2394891Z     "coverage-harness.xml": {
2026-10-09T14:04:00.2395236Z       "tests": 174,
2026-10-09T14:04:00.2395575Z       "failures": 0,
2026-10-09T14:04:00.2395901Z       "errors": 0,
2026-10-09T14:04:00.2396237Z       "skipped": 0
2026-10-09T14:04:00.2396546Z     }
2026-10-09T14:04:00.2396825Z   },
2026-10-09T14:04:00.2397134Z   "report_status": "RECORDED",
2026-10-09T14:04:00.2397626Z   "native_windows_host_appcontainer_installer": "NOT RUN",
2026-10-09T14:04:00.2398222Z   "real_model_and_paid_provider_execution": "NOT RUN"
2026-10-09T14:04:00.2398726Z }
2026-10-09T14:04:00.2398892Z 
2026-10-09T14:04:00.2515491Z ##[group]Run actions/upload-artifact@v4.6.2
2026-10-09T14:04:00.2515818Z with:
2026-10-09T14:04:00.2516254Z   name: backend-postgres-shard-1-57986cb13d452731baf82bbc242bfc79f9cfd145-attempt-1
2026-10-09T14:04:00.2516936Z   path: /home/runner/work/_temp/novel-ci-backend-postgres-shard-1.J5aMdH/receipts
2026-10-09T14:04:00.2517401Z   if-no-files-found: error
2026-10-09T14:04:00.2517661Z   retention-days: 14
2026-10-09T14:04:00.2517899Z   compression-level: 6
2026-10-09T14:04:00.2518137Z   overwrite: false
2026-10-09T14:04:00.2518374Z   include-hidden-files: false
2026-10-09T14:04:00.2518638Z env:
2026-10-09T14:04:00.2518840Z   MOCK_PROVIDER: true
2026-10-09T14:04:00.2519080Z   MOCK_STREAM_DELAY_MS: 0
2026-10-09T14:04:00.2519328Z   ENABLE_CLOUD: false
2026-10-09T14:04:00.2519577Z   CREDENTIAL_VAULT_BACKEND: memory
2026-10-09T14:04:00.2519894Z   CREDENTIAL_VAULT_ALLOW_MEMORY_FALLBACK: true
2026-10-09T14:04:00.2520203Z   PYTHONDONTWRITEBYTECODE: 1
2026-10-09T14:04:00.2520469Z   HF_HUB_OFFLINE: 1
2026-10-09T14:04:00.2520682Z   TRANSFORMERS_OFFLINE: 1
2026-10-09T14:04:00.2520975Z   pythonLocation: /opt/hostedtoolcache/Python/3.12.9/x64
2026-10-09T14:04:00.2521383Z   PKG_CONFIG_PATH: /opt/hostedtoolcache/Python/3.12.9/x64/lib/pkgconfig
2026-10-09T14:04:00.2521781Z   Python_ROOT_DIR: /opt/hostedtoolcache/Python/3.12.9/x64
2026-10-09T14:04:00.2522139Z   Python2_ROOT_DIR: /opt/hostedtoolcache/Python/3.12.9/x64
2026-10-09T14:04:00.2522498Z   Python3_ROOT_DIR: /opt/hostedtoolcache/Python/3.12.9/x64
2026-10-09T14:04:00.2522874Z   LD_LIBRARY_PATH: /opt/hostedtoolcache/Python/3.12.9/x64/lib
2026-10-09T14:04:00.2523409Z   CI_COVERAGE_SHA: 57986cb13d452731baf82bbc242bfc79f9cfd145
2026-10-09T14:04:00.2523769Z   CI_COVERAGE_TREE: 7b06f7eb213893ec41e4ded14810b82b070b7dc7
2026-10-09T14:04:00.2524207Z   CI_SANDBOX: /home/runner/work/_temp/novel-ci-backend-postgres-shard-1.J5aMdH
2026-10-09T14:04:00.2524739Z   CI_PROJECT: /home/runner/work/_temp/novel-ci-backend-postgres-shard-1.J5aMdH/project
2026-10-09T14:04:00.2525428Z   CI_RECEIPTS: /home/runner/work/_temp/novel-ci-backend-postgres-shard-1.J5aMdH/receipts
2026-10-09T14:04:00.2526063Z   HOME: /home/runner/work/_temp/novel-ci-backend-postgres-shard-1.J5aMdH/project/.runtime/ci-backend/home
2026-10-09T14:04:00.2526782Z   USERPROFILE: /home/runner/work/_temp/novel-ci-backend-postgres-shard-1.J5aMdH/project/.runtime/ci-backend/home
2026-10-09T14:04:00.2527508Z   APPDATA: /home/runner/work/_temp/novel-ci-backend-postgres-shard-1.J5aMdH/project/.runtime/ci-backend/appdata
2026-10-09T14:04:00.2528260Z   LOCALAPPDATA: /home/runner/work/_temp/novel-ci-backend-postgres-shard-1.J5aMdH/project/.runtime/ci-backend/localappdata
2026-10-09T14:04:00.2529035Z   XDG_CONFIG_HOME: /home/runner/work/_temp/novel-ci-backend-postgres-shard-1.J5aMdH/project/.runtime/ci-backend/config
2026-10-09T14:04:00.2529783Z   XDG_CACHE_HOME: /home/runner/work/_temp/novel-ci-backend-postgres-shard-1.J5aMdH/project/.runtime/ci-backend/cache
2026-10-09T14:04:00.2530538Z   XDG_DATA_HOME: /home/runner/work/_temp/novel-ci-backend-postgres-shard-1.J5aMdH/project/.runtime/ci-backend/data
2026-10-09T14:04:00.2531258Z   XDG_STATE_HOME: /home/runner/work/_temp/novel-ci-backend-postgres-shard-1.J5aMdH/project/.runtime/ci-backend/state
2026-10-09T14:04:00.2531968Z   TMPDIR: /home/runner/work/_temp/novel-ci-backend-postgres-shard-1.J5aMdH/project/.runtime/ci-backend/tmp
2026-10-09T14:04:00.2532647Z   TMP: /home/runner/work/_temp/novel-ci-backend-postgres-shard-1.J5aMdH/project/.runtime/ci-backend/tmp
2026-10-09T14:04:00.2533487Z   TEMP: /home/runner/work/_temp/novel-ci-backend-postgres-shard-1.J5aMdH/project/.runtime/ci-backend/tmp
2026-10-09T14:04:00.2534103Z   PROJECT_ROOT: /home/runner/work/_temp/novel-ci-backend-postgres-shard-1.J5aMdH/project
2026-10-09T14:04:00.2534791Z   NOVEL_DATA_PATH: /home/runner/work/_temp/novel-ci-backend-postgres-shard-1.J5aMdH/project/.runtime/ci-backend/data/novels
2026-10-09T14:04:00.2535710Z   BACKUP_PATH: /home/runner/work/_temp/novel-ci-backend-postgres-shard-1.J5aMdH/project/.runtime/ci-backend/data/backups
2026-10-09T14:04:00.2536555Z   DATABASE_BACKUP_PATH: /home/runner/work/_temp/novel-ci-backend-postgres-shard-1.J5aMdH/project/.runtime/ci-backend/data/database-backups
2026-10-09T14:04:00.2537432Z   KNOWLEDGE_SOURCE_PATH: /home/runner/work/_temp/novel-ci-backend-postgres-shard-1.J5aMdH/project/.runtime/ci-backend/data/novels
2026-10-09T14:04:00.2538188Z   CI_V2_RUNTIME: /home/runner/work/_temp/novel-ci-backend-postgres-shard-1.J5aMdH/project/.runtime/ci-backend
2026-10-09T14:04:00.2538907Z   R2_TEST_FONT_FILE: /home/runner/work/_temp/novel-ci-backend-postgres-shard-1.J5aMdH/fonts/NotoSansSC-Regular.ttf
2026-10-09T14:04:00.2539393Z ##[endgroup]
2026-10-09T14:04:00.4201219Z (node:239084) [DEP0040] DeprecationWarning: The `punycode` module is deprecated. Please use a userland alternative instead.
2026-10-09T14:04:00.4202513Z (Use `node --trace-deprecation ...` to show where the warning was created)
2026-10-09T14:04:00.4276103Z With the provided path, there will be 11 files uploaded
2026-10-09T14:04:00.4283093Z Artifact name is valid!
2026-10-09T14:04:00.4284141Z Root directory input is valid!
2026-10-09T14:04:00.7727409Z Beginning upload of artifact content to blob storage
2026-10-09T14:04:01.0491229Z (node:239084) [DEP0169] DeprecationWarning: `url.parse()` behavior is not standardized and prone to errors that have security implications. Use the WHATWG URL API instead. CVEs are not issued for `url.parse()` vulnerabilities.
2026-10-09T14:04:02.1152451Z Uploaded bytes 617660
2026-10-09T14:04:02.1872666Z Finished uploading artifact content to blob storage!
2026-10-09T14:04:02.1874060Z SHA256 digest of uploaded artifact zip is 2346a5d5e33368875f0b7070bc85626b8c0cd9cbc5eaecea67cef006b9d39052
2026-10-09T14:04:02.1876607Z Finalizing artifact upload
2026-10-09T14:04:02.4621350Z Artifact backend-postgres-shard-1-57986cb13d452731baf82bbc242bfc79f9cfd145-attempt-1.zip successfully finalized. Artifact ID 11621802692
2026-10-09T14:04:02.4624648Z Artifact backend-postgres-shard-1-57986cb13d452731baf82bbc242bfc79f9cfd145-attempt-1 has been successfully uploaded! Final size is 617660 bytes. Artifact ID is 11621802692
2026-10-09T14:04:02.4628730Z Artifact download URL: https://github.com/1785235376-blip/AI-Novel-Studio/actions/runs/37936615942/artifacts/11621802692
2026-10-09T14:04:02.4836894Z Post job cleanup.
2026-10-09T14:04:02.6098955Z (node:239115) [DEP0040] DeprecationWarning: The `punycode` module is deprecated. Please use a userland alternative instead.
2026-10-09T14:04:02.6100170Z (Use `node --trace-deprecation ...` to show where the warning was created)
2026-10-09T14:04:02.6256312Z Post job cleanup.
2026-10-09T14:04:02.7274336Z [command]/usr/bin/git version
2026-10-09T14:04:02.7304155Z git version 2.55.0
2026-10-09T14:04:02.7349269Z Temporarily overriding HOME='/home/runner/work/_temp/0fc9ca4a-a9ed-4180-8644-f8848e3d1e49' before making global git config changes
2026-10-09T14:04:02.7350866Z Adding repository directory to the temporary git global config as a safe directory
2026-10-09T14:04:02.7352298Z [command]/usr/bin/git config --global --add safe.directory /home/runner/work/AI-Novel-Studio/AI-Novel-Studio
2026-10-09T14:04:02.7404052Z [command]/usr/bin/git config --local --name-only --get-regexp core\.sshCommand
2026-10-09T14:04:02.7463912Z [command]/usr/bin/git submodule foreach --recursive sh -c "git config --local --name-only --get-regexp 'core\.sshCommand' && git config --local --unset-all 'core.sshCommand' || :"
2026-10-09T14:04:02.7793559Z [command]/usr/bin/git config --local --name-only --get-regexp http\.https\:\/\/github\.com\/\.extraheader
2026-10-09T14:04:02.7837059Z [command]/usr/bin/git submodule foreach --recursive sh -c "git config --local --name-only --get-regexp 'http\.https\:\/\/github\.com\/\.extraheader' && git config --local --unset-all 'http.https://github.com/.extraheader' || :"
2026-10-09T14:04:02.8216351Z Print service container logs: 7c015ab90f0542a99a7697af79474653_postgres16alpine_21f4e0
2026-10-09T14:04:02.8222686Z ##[command]/usr/bin/docker logs --details 522c7d4c3b5257b82c6538f1614e6acd12c3f9b98a7de2e37be9f53dca483be9
2026-10-09T14:04:02.8361554Z  sh: locale: not found
2026-10-09T14:04:02.8362004Z  The files belonging to this database system will be owned by user "postgres".
2026-10-09T14:04:02.8362455Z  This user must also own the server process.
2026-10-09T14:04:02.8362725Z  
2026-10-09T14:04:02.8363191Z  The database cluster will be initialized with locale "en_US.utf8".
2026-10-09T14:04:02.8363916Z  The default database encoding has accordingly been set to "UTF8".
2026-10-09T14:04:02.8364661Z  The default text search configuration will be set to "english".
2026-10-09T14:04:02.8365316Z  
2026-10-09T14:04:02.8365611Z  Data page checksums are disabled.
2026-10-09T14:04:02.8366001Z  
2026-10-09T14:04:02.8366557Z  fixing permissions on existing directory /var/lib/postgresql/data ... ok
2026-10-09T14:04:02.8367078Z  creating subdirectories ... ok
2026-10-09T14:04:02.8367388Z  selecting dynamic shared memory implementation ... posix
2026-10-09T14:04:02.8367766Z  selecting default max_connections ... 100
2026-10-09T14:04:02.8368059Z  selecting default shared_buffers ... 128MB
2026-10-09T14:04:02.8368356Z  selecting default time zone ... UTC
2026-10-09T14:04:02.8368636Z  creating configuration files ... ok
2026-10-09T14:04:02.8368904Z  running bootstrap script ... ok
2026-10-09T14:04:02.8369216Z  performing post-bootstrap initialization ... ok
2026-10-09T14:04:02.8369530Z  syncing data to disk ... ok
2026-10-09T14:04:02.8369755Z  
2026-10-09T14:04:02.8369924Z  
2026-10-09T14:04:02.8370151Z  Success. You can now start the database server using:
2026-10-09T14:04:02.8370452Z  
2026-10-09T14:04:02.8370694Z      pg_ctl -D /var/lib/postgresql/data -l logfile start
2026-10-09T14:04:02.8370988Z  
2026-10-09T14:04:02.8371550Z  waiting for server to start....2026-10-09 13:24:40.606 UTC [41] LOG:  starting PostgreSQL 16.15 on x86_64-pc-linux-musl, compiled by gcc (Alpine 15.2.0) 15.2.0, 64-bit
2026-10-09T14:04:02.8372631Z  2026-10-09 13:24:40.606 UTC [41] LOG:  listening on Unix socket "/var/run/postgresql/.s.PGSQL.5432"
2026-10-09T14:04:02.8373382Z  2026-10-09 13:24:40.608 UTC [44] LOG:  database system was shut down at 2026-10-09 13:24:40 UTC
2026-10-09T14:04:02.8373970Z  2026-10-09 13:24:40.611 UTC [41] LOG:  database system is ready to accept connections
2026-10-09T14:04:02.8374345Z   done
2026-10-09T14:04:02.8374537Z  server started
2026-10-09T14:04:02.8375018Z  CREATE DATABASE
2026-10-09T14:04:02.8375328Z  
2026-10-09T14:04:02.8375602Z  
2026-10-09T14:04:02.8376049Z  /usr/local/bin/docker-entrypoint.sh: ignoring /docker-entrypoint-initdb.d/*
2026-10-09T14:04:02.8376719Z  
2026-10-09T14:04:02.8377073Z  waiting for server to shut down....2026-10-09 13:24:40.739 UTC [41] LOG:  received fast shutdown request
2026-10-09T14:04:02.8377582Z  2026-10-09 13:24:40.740 UTC [41] LOG:  aborting any active transactions
2026-10-09T14:04:02.8378143Z  2026-10-09 13:24:40.742 UTC [41] LOG:  background worker "logical replication launcher" (PID 47) exited with exit code 1
2026-10-09T14:04:02.8378655Z  2026-10-09 13:24:40.743 UTC [42] LOG:  shutting down
2026-10-09T14:04:02.8379030Z  2026-10-09 13:24:40.743 UTC [42] LOG:  checkpoint starting: shutdown immediate
2026-10-09T14:04:02.8380059Z  2026-10-09 13:24:40.754 UTC [42] LOG:  checkpoint complete: wrote 926 buffers (5.7%); 0 WAL file(s) added, 0 removed, 0 recycled; write=0.008 s, sync=0.003 s, total=0.012 s; sync files=301, longest=0.002 s, average=0.001 s; distance=4283 kB, estimate=4283 kB; lsn=0/1925D60, redo lsn=0/1925D60
2026-10-09T14:04:02.8381052Z  2026-10-09 13:24:40.759 UTC [41] LOG:  database system is shut down
2026-10-09T14:04:02.8381370Z   done
2026-10-09T14:04:02.8381570Z  server stopped
2026-10-09T14:04:02.8381760Z  
2026-10-09T14:04:02.8381990Z  PostgreSQL init process complete; ready for start up.
2026-10-09T14:04:02.8382284Z  
2026-10-09T14:04:02.8383441Z  2026-10-09 13:24:40.198 UTC [35] WARNING:  no usable system locales were found
2026-10-09T14:04:02.8384202Z  initdb: warning: enabling "trust" authentication for local connections
2026-10-09T14:04:02.8385426Z  initdb: hint: You can change this by editing pg_hba.conf or using the option -A, or --auth-local and --auth-host, the next time you run initdb.
2026-10-09T14:04:02.8386622Z  2026-10-09 13:24:40.857 UTC [1] LOG:  starting PostgreSQL 16.15 on x86_64-pc-linux-musl, compiled by gcc (Alpine 15.2.0) 15.2.0, 64-bit
2026-10-09T14:04:02.8387536Z  2026-10-09 13:24:40.857 UTC [1] LOG:  listening on IPv4 address "0.0.0.0", port 5432
2026-10-09T14:04:02.8388380Z  2026-10-09 13:24:40.857 UTC [1] LOG:  listening on IPv6 address "::", port 5432
2026-10-09T14:04:02.8389326Z  2026-10-09 13:24:40.858 UTC [1] LOG:  listening on Unix socket "/var/run/postgresql/.s.PGSQL.5432"
2026-10-09T14:04:02.8390269Z  2026-10-09 13:24:40.860 UTC [57] LOG:  database system was shut down at 2026-10-09 13:24:40 UTC
2026-10-09T14:04:02.8391142Z  2026-10-09 13:24:40.864 UTC [1] LOG:  database system is ready to accept connections
2026-10-09T14:04:02.8391938Z  2026-10-09 13:29:40.960 UTC [55] LOG:  checkpoint starting: time
2026-10-09T14:04:02.8393628Z  2026-10-09 13:30:33.954 UTC [55] LOG:  checkpoint complete: wrote 534 buffers (3.3%); 1 WAL file(s) added, 0 removed, 0 recycled; write=52.982 s, sync=0.003 s, total=52.995 s; sync files=401, longest=0.001 s, average=0.001 s; distance=3676 kB, estimate=3676 kB; lsn=0/1CE5458, redo lsn=0/1CBCE78
2026-10-09T14:04:02.8394836Z  2026-10-09 13:34:41.054 UTC [55] LOG:  checkpoint starting: time
2026-10-09T14:04:02.8396556Z  2026-10-09 13:36:00.178 UTC [55] LOG:  checkpoint complete: wrote 318 buffers (1.9%); 0 WAL file(s) added, 0 removed, 1 recycled; write=79.105 s, sync=0.013 s, total=79.125 s; sync files=444, longest=0.001 s, average=0.001 s; distance=12764 kB, estimate=12764 kB; lsn=0/2A613D8, redo lsn=0/2934098
2026-10-09T14:04:02.8397784Z  2026-10-09 13:36:11.038 UTC [58818] ERROR:  new row for relation "foreshadowing" violates check constraint "foreshadowing_privacy_policy_valid"
2026-10-09T14:04:02.8398848Z  2026-10-09 13:36:11.038 UTC [58818] DETAIL:  Failing row contains (343f6ad0-c999-4a01-a2a5-34e89a17a948, a87d6c7f-82f4-4239-8e9f-7fd87cfe5269, bad, null, null, OPEN, {}).
2026-10-09T14:04:02.8399710Z  2026-10-09 13:36:11.038 UTC [58818] STATEMENT:  INSERT INTO foreshadowing(novel_id,title,details) VALUES ($1,'bad','{}')
2026-10-09T14:04:02.8400288Z  2026-10-09 13:36:11.980 UTC [55] LOG:  checkpoint starting: immediate force wait
2026-10-09T14:04:02.8401305Z  2026-10-09 13:36:11.985 UTC [55] LOG:  checkpoint complete: wrote 179 buffers (1.1%); 0 WAL file(s) added, 0 removed, 1 recycled; write=0.002 s, sync=0.001 s, total=0.006 s; sync files=84, longest=0.001 s, average=0.001 s; distance=7068 kB, estimate=12194 kB; lsn=0/301B258, redo lsn=0/301B220
2026-10-09T14:04:02.8402343Z  2026-10-09 13:36:12.701 UTC [58828] FATAL:  terminating connection due to administrator command
2026-10-09T14:04:02.8402905Z  2026-10-09 13:36:12.701 UTC [58826] FATAL:  terminating connection due to administrator command
2026-10-09T14:04:02.8403550Z  2026-10-09 13:36:12.803 UTC [55] LOG:  checkpoint starting: immediate force wait
2026-10-09T14:04:02.8404552Z  2026-10-09 13:36:12.805 UTC [55] LOG:  checkpoint complete: wrote 4 buffers (0.0%); 0 WAL file(s) added, 0 removed, 0 recycled; write=0.001 s, sync=0.001 s, total=0.003 s; sync files=4, longest=0.001 s, average=0.001 s; distance=5747 kB, estimate=11550 kB; lsn=0/35B8058, redo lsn=0/35B8020
2026-10-09T14:04:02.8405536Z  2026-10-09 13:36:14.018 UTC [55] LOG:  checkpoint starting: immediate force wait
2026-10-09T14:04:02.8406525Z  2026-10-09 13:36:14.032 UTC [55] LOG:  checkpoint complete: wrote 1045 buffers (6.4%); 0 WAL file(s) added, 0 removed, 1 recycled; write=0.009 s, sync=0.004 s, total=0.015 s; sync files=565, longest=0.002 s, average=0.001 s; distance=11463 kB, estimate=11541 kB; lsn=0/40E9FD8, redo lsn=0/40E9FA0
2026-10-09T14:04:02.8407668Z  2026-10-09 13:36:14.046 UTC [55] LOG:  checkpoint starting: immediate force wait
2026-10-09T14:04:02.8408649Z  2026-10-09 13:36:14.048 UTC [55] LOG:  checkpoint complete: wrote 2 buffers (0.0%); 0 WAL file(s) added, 0 removed, 0 recycled; write=0.001 s, sync=0.001 s, total=0.003 s; sync files=2, longest=0.001 s, average=0.001 s; distance=1 kB, estimate=10387 kB; lsn=0/40EA710, redo lsn=0/40EA6D8
2026-10-09T14:04:02.8409609Z  2026-10-09 13:41:14.116 UTC [55] LOG:  checkpoint starting: time
2026-10-09T14:04:02.8410596Z  2026-10-09 13:41:47.271 UTC [55] LOG:  checkpoint complete: wrote 333 buffers (2.0%); 0 WAL file(s) added, 0 removed, 0 recycled; write=33.152 s, sync=0.003 s, total=33.156 s; sync files=127, longest=0.001 s, average=0.001 s; distance=11723 kB, estimate=11723 kB; lsn=0/4DFFE28, redo lsn=0/4C5D490
2026-10-09T14:04:02.8411575Z  2026-10-09 13:46:14.361 UTC [55] LOG:  checkpoint starting: time
2026-10-09T14:04:02.8412553Z  2026-10-09 13:47:33.080 UTC [55] LOG:  checkpoint complete: wrote 742 buffers (4.5%); 0 WAL file(s) added, 0 removed, 2 recycled; write=78.714 s, sync=0.003 s, total=78.719 s; sync files=99, longest=0.001 s, average=0.001 s; distance=20814 kB, estimate=20814 kB; lsn=0/63775A0, redo lsn=0/60B0FE0
2026-10-09T14:04:02.8413639Z  2026-10-09 13:51:14.151 UTC [55] LOG:  checkpoint starting: time
2026-10-09T14:04:02.8414605Z  2026-10-09 13:52:18.552 UTC [55] LOG:  checkpoint complete: wrote 648 buffers (4.0%); 0 WAL file(s) added, 0 removed, 0 recycled; write=64.398 s, sync=0.002 s, total=64.401 s; sync files=104, longest=0.001 s, average=0.001 s; distance=8973 kB, estimate=19630 kB; lsn=0/6AC9C48, redo lsn=0/69745B0
2026-10-09T14:04:02.8415579Z  2026-10-09 13:56:14.651 UTC [55] LOG:  checkpoint starting: time
2026-10-09T14:04:02.8416542Z  2026-10-09 13:57:20.657 UTC [55] LOG:  checkpoint complete: wrote 663 buffers (4.0%); 0 WAL file(s) added, 0 removed, 0 recycled; write=66.004 s, sync=0.001 s, total=66.007 s; sync files=97, longest=0.001 s, average=0.001 s; distance=6238 kB, estimate=18291 kB; lsn=0/7078EF0, redo lsn=0/6F8C090
2026-10-09T14:04:02.8417505Z  2026-10-09 14:01:14.757 UTC [55] LOG:  checkpoint starting: time
2026-10-09T14:04:02.8418144Z  2026-10-09 14:01:57.727 UTC [198822] ERROR:  duplicate key value violates unique constraint "authorization_audit_events_pkey"
2026-10-09T14:04:02.8418852Z  2026-10-09 14:01:57.727 UTC [198822] DETAIL:  Key (id)=(duplicate-b862306f-87db-40db-9baa-ecb3b174c254) already exists.
2026-10-09T14:04:02.8419584Z  2026-10-09 14:01:57.727 UTC [198822] STATEMENT:  INSERT INTO authorization_audit_events(id,payload) VALUES ($1,CAST($2 AS jsonb))
2026-10-09T14:04:02.8420723Z  2026-10-09 14:02:02.838 UTC [55] LOG:  checkpoint complete: wrote 464 buffers (2.8%); 0 WAL file(s) added, 0 removed, 1 recycled; write=48.076 s, sync=0.004 s, total=48.082 s; sync files=131, longest=0.001 s, average=0.001 s; distance=4291 kB, estimate=16891 kB; lsn=0/7579D00, redo lsn=0/73BCD70
2026-10-09T14:04:02.8427722Z Stop and remove container: 7c015ab90f0542a99a7697af79474653_postgres16alpine_21f4e0
2026-10-09T14:04:02.8433616Z ##[command]/usr/bin/docker rm --force 522c7d4c3b5257b82c6538f1614e6acd12c3f9b98a7de2e37be9f53dca483be9
2026-10-09T14:04:03.2228797Z 522c7d4c3b5257b82c6538f1614e6acd12c3f9b98a7de2e37be9f53dca483be9
2026-10-09T14:04:03.2252151Z Remove container network: github_network_53345fac4c424ee6afb79fca65b807a2
2026-10-09T14:04:03.2256623Z ##[command]/usr/bin/docker network rm github_network_53345fac4c424ee6afb79fca65b807a2
2026-10-09T14:04:03.3110195Z github_network_53345fac4c424ee6afb79fca65b807a2
2026-10-09T14:04:03.3179931Z Cleaning up orphan processes
2026-10-09T14:04:03.3394987Z ##[warning]Node.js 20 is deprecated. The following actions target Node.js 20 but are being forced to run on Node.js 24: actions/checkout@v4.2.2, actions/setup-python@v5.6.0, actions/upload-artifact@v4.6.2. For more information see: https://github.blog/changelog/2025-09-19-deprecation-of-node-20-on-github-actions-runners/
