2026-10-09T14:21:15.2603930Z Current runner version: '2.337.0'
2026-10-09T14:21:15.2619763Z ##[group]Runner Image Provisioner
2026-10-09T14:21:15.2620361Z Hosted Compute Agent
2026-10-09T14:21:15.2620770Z Version: 20261002.596
2026-10-09T14:21:15.2621151Z Commit: c3d12f3313a95f25162a1503be624f3b0617f8c0
2026-10-09T14:21:15.2621669Z Build Date: 2026-10-02T22:28:27Z
2026-10-09T14:21:15.2622086Z Worker ID: {2db34660-5956-4add-b66a-0d9bee126505}
2026-10-09T14:21:15.2622552Z Region: centralus
2026-10-09T14:21:15.2622929Z Cloud: Azure
2026-10-09T14:21:15.2623259Z ##[endgroup]
2026-10-09T14:21:15.2624278Z ##[group]Operating System
2026-10-09T14:21:15.2624662Z Ubuntu
2026-10-09T14:21:15.2625034Z 24.04.5
2026-10-09T14:21:15.2625404Z LTS
2026-10-09T14:21:15.2625734Z ##[endgroup]
2026-10-09T14:21:15.2626238Z ##[group]Runner Image
2026-10-09T14:21:15.2626644Z Image: ubuntu-24.04
2026-10-09T14:21:15.2627024Z Version: 20261004.327.1
2026-10-09T14:21:15.2627828Z Included Software: https://github.com/actions/runner-images/blob/ubuntu24/20261004.327/images/ubuntu/Ubuntu2404-Readme.md
2026-10-09T14:21:15.2628756Z Image Release: https://github.com/actions/runner-images/releases/tag/ubuntu24%2F20261004.327
2026-10-09T14:21:15.2629327Z ##[endgroup]
2026-10-09T14:21:15.2630046Z ##[group]GITHUB_TOKEN Permissions
2026-10-09T14:21:15.2631223Z Contents: read
2026-10-09T14:21:15.2631625Z Metadata: read
2026-10-09T14:21:15.2631991Z ##[endgroup]
2026-10-09T14:21:15.2633231Z Secret source: Actions
2026-10-09T14:21:15.2633890Z Cache mode: write
2026-10-09T14:21:15.2634305Z Prepare workflow directory
2026-10-09T14:21:15.3767082Z Prepare all required actions
2026-10-09T14:21:15.3813334Z Getting action download info
2026-10-09T14:21:15.6324242Z Download action repository 'actions/checkout@v4.2.2' (SHA:11bd71901bbe5b1630ceea73d27597364c9af683)
2026-10-09T14:21:15.9049953Z Download action repository 'actions/setup-node@v4.4.0' (SHA:49933ea5288caeca8642d1e84afbd3f7d6820020)
2026-10-09T14:21:16.1741007Z Download action repository 'actions/setup-python@v5.6.0' (SHA:a26af69be951a213d495a4c3e4e4022e16d87065)
2026-10-09T14:21:16.6017735Z Download action repository 'actions/upload-artifact@v4.6.2' (SHA:ea165f8d65b6e75b540449e92b4886f43607fa02)
2026-10-09T14:21:17.0382460Z Complete job name: V2 / Independent studio live media
2026-10-09T14:21:17.0966888Z ##[group]Run actions/checkout@v4.2.2
2026-10-09T14:21:17.0967554Z with:
2026-10-09T14:21:17.0967978Z   persist-credentials: false
2026-10-09T14:21:17.0968477Z   repository: 1785235376-blip/AI-Novel-Studio
2026-10-09T14:21:17.0970488Z   token: ***
2026-10-09T14:21:17.0970910Z   ssh-strict: true
2026-10-09T14:21:17.0971330Z   ssh-user: git
2026-10-09T14:21:17.0971745Z   clean: true
2026-10-09T14:21:17.0972179Z   sparse-checkout-cone-mode: true
2026-10-09T14:21:17.0972640Z   fetch-depth: 1
2026-10-09T14:21:17.0973067Z   fetch-tags: false
2026-10-09T14:21:17.0973500Z   show-progress: true
2026-10-09T14:21:17.0973932Z   lfs: false
2026-10-09T14:21:17.0974338Z   submodules: false
2026-10-09T14:21:17.0974765Z   set-safe-directory: true
2026-10-09T14:21:17.0975299Z env:
2026-10-09T14:21:17.0975698Z   MOCK_PROVIDER: true
2026-10-09T14:21:17.0976325Z   MOCK_STREAM_DELAY_MS: 0
2026-10-09T14:21:17.0976753Z   ENABLE_CLOUD: false
2026-10-09T14:21:17.0977192Z   CREDENTIAL_VAULT_BACKEND: memory
2026-10-09T14:21:17.0977728Z   CREDENTIAL_VAULT_ALLOW_MEMORY_FALLBACK: true
2026-10-09T14:21:17.0978230Z   PYTHONDONTWRITEBYTECODE: 1
2026-10-09T14:21:17.0978683Z   HF_HUB_OFFLINE: 1
2026-10-09T14:21:17.0979107Z   TRANSFORMERS_OFFLINE: 1
2026-10-09T14:21:17.0979540Z ##[endgroup]
2026-10-09T14:21:17.1678568Z Syncing repository: 1785235376-blip/AI-Novel-Studio
2026-10-09T14:21:17.1680104Z ##[group]Getting Git version info
2026-10-09T14:21:17.1680866Z Working directory is '/home/runner/work/AI-Novel-Studio/AI-Novel-Studio'
2026-10-09T14:21:17.1682118Z [command]/usr/bin/git version
2026-10-09T14:21:17.1755724Z git version 2.55.0
2026-10-09T14:21:17.1771716Z ##[endgroup]
2026-10-09T14:21:17.1784068Z Temporarily overriding HOME='/home/runner/work/_temp/7a6bdb81-a636-4234-8bc6-d6562b2cbdb8' before making global git config changes
2026-10-09T14:21:17.1786014Z Adding repository directory to the temporary git global config as a safe directory
2026-10-09T14:21:17.1789867Z [command]/usr/bin/git config --global --add safe.directory /home/runner/work/AI-Novel-Studio/AI-Novel-Studio
2026-10-09T14:21:17.1895036Z Deleting the contents of '/home/runner/work/AI-Novel-Studio/AI-Novel-Studio'
2026-10-09T14:21:17.1899579Z ##[group]Initializing the repository
2026-10-09T14:21:17.1903479Z [command]/usr/bin/git init /home/runner/work/AI-Novel-Studio/AI-Novel-Studio
2026-10-09T14:21:17.2200073Z hint: Using 'master' as the name for the initial branch. This default branch name
2026-10-09T14:21:17.2201500Z hint: will change to "main" in Git 3.0. To configure the initial branch name
2026-10-09T14:21:17.2202714Z hint: to use in all of your new repositories, which will suppress this warning,
2026-10-09T14:21:17.2263049Z hint: call:
2026-10-09T14:21:17.2263807Z hint:
2026-10-09T14:21:17.2264403Z hint: 	git config --global init.defaultBranch <name>
2026-10-09T14:21:17.2265007Z hint:
2026-10-09T14:21:17.2265492Z hint: Names commonly chosen instead of 'master' are 'main', 'trunk' and
2026-10-09T14:21:17.2266284Z hint: 'development'. The just-created branch can be renamed via this command:
2026-10-09T14:21:17.2266802Z hint:
2026-10-09T14:21:17.2267196Z hint: 	git branch -m <name>
2026-10-09T14:21:17.2267610Z hint:
2026-10-09T14:21:17.2268110Z hint: Disable this message with "git config set advice.defaultBranchName false"
2026-10-09T14:21:17.2268779Z Initialized empty Git repository in /home/runner/work/AI-Novel-Studio/AI-Novel-Studio/.git/
2026-10-09T14:21:17.2270309Z [command]/usr/bin/git remote add origin https://github.com/1785235376-blip/AI-Novel-Studio
2026-10-09T14:21:17.2387329Z ##[endgroup]
2026-10-09T14:21:17.2388059Z ##[group]Disabling automatic garbage collection
2026-10-09T14:21:17.2391184Z [command]/usr/bin/git config --local gc.auto 0
2026-10-09T14:21:17.2492117Z ##[endgroup]
2026-10-09T14:21:17.2493191Z ##[group]Setting up auth
2026-10-09T14:21:17.2497297Z [command]/usr/bin/git config --local --name-only --get-regexp core\.sshCommand
2026-10-09T14:21:17.2529272Z [command]/usr/bin/git submodule foreach --recursive sh -c "git config --local --name-only --get-regexp 'core\.sshCommand' && git config --local --unset-all 'core.sshCommand' || :"
2026-10-09T14:21:17.2849635Z [command]/usr/bin/git config --local --name-only --get-regexp http\.https\:\/\/github\.com\/\.extraheader
2026-10-09T14:21:17.2881967Z [command]/usr/bin/git submodule foreach --recursive sh -c "git config --local --name-only --get-regexp 'http\.https\:\/\/github\.com\/\.extraheader' && git config --local --unset-all 'http.https://github.com/.extraheader' || :"
2026-10-09T14:21:17.3116025Z [command]/usr/bin/git config --local http.https://github.com/.extraheader AUTHORIZATION: basic ***
2026-10-09T14:21:17.3199316Z ##[endgroup]
2026-10-09T14:21:17.3200508Z ##[group]Fetching the repository
2026-10-09T14:21:17.3208980Z [command]/usr/bin/git -c protocol.version=2 fetch --no-tags --prune --no-recurse-submodules --depth=1 origin +7f0d911549b04e8dbb7cf078316ad74c42095449:refs/remotes/pull/47/merge
2026-10-09T14:21:25.5714047Z From https://github.com/1785235376-blip/AI-Novel-Studio
2026-10-09T14:21:25.5714633Z  * [new ref]         7f0d911549b04e8dbb7cf078316ad74c42095449 -> pull/47/merge
2026-10-09T14:21:25.5717362Z ##[endgroup]
2026-10-09T14:21:25.5717827Z ##[group]Determining the checkout info
2026-10-09T14:21:25.5719334Z ##[endgroup]
2026-10-09T14:21:25.5723704Z [command]/usr/bin/git sparse-checkout disable
2026-10-09T14:21:25.5775448Z [command]/usr/bin/git config --local --unset-all extensions.worktreeConfig
2026-10-09T14:21:25.5801403Z ##[group]Checking out the ref
2026-10-09T14:21:25.5803886Z [command]/usr/bin/git checkout --progress --force refs/remotes/pull/47/merge
2026-10-09T14:21:26.0715152Z Note: switching to 'refs/remotes/pull/47/merge'.
2026-10-09T14:21:26.0715387Z 
2026-10-09T14:21:26.0715520Z You are in 'detached HEAD' state. You can look around, make experimental
2026-10-09T14:21:26.0717224Z changes and commit them, and you can discard any commits you make in this
2026-10-09T14:21:26.0717662Z state without impacting any branches by switching back to a branch.
2026-10-09T14:21:26.0717960Z 
2026-10-09T14:21:26.0718168Z If you want to create a new branch to retain commits you create, you may
2026-10-09T14:21:26.0718556Z do so (now or later) by using -c with the switch command. Example:
2026-10-09T14:21:26.0718782Z 
2026-10-09T14:21:26.0718884Z   git switch -c <new-branch-name>
2026-10-09T14:21:26.0719051Z 
2026-10-09T14:21:26.0719160Z Or undo this operation with:
2026-10-09T14:21:26.0719302Z 
2026-10-09T14:21:26.0719391Z   git switch -
2026-10-09T14:21:26.0719489Z 
2026-10-09T14:21:26.0719676Z Turn off this advice by setting config variable advice.detachedHead to false
2026-10-09T14:21:26.0719849Z 
2026-10-09T14:21:26.0720168Z HEAD is now at 7f0d911 Merge 99c43b6892038233c390be2ae61acb669163d0b5 into fed2404c8e30b44061b7139dced45b7f3301601c
2026-10-09T14:21:26.0755393Z ##[endgroup]
2026-10-09T14:21:26.0796027Z [command]/usr/bin/git log -1 --format=%H
2026-10-09T14:21:26.0820406Z 7f0d911549b04e8dbb7cf078316ad74c42095449
2026-10-09T14:21:26.0828262Z ##[group]Removing auth
2026-10-09T14:21:26.0831231Z [command]/usr/bin/git config --local --name-only --get-regexp core\.sshCommand
2026-10-09T14:21:26.0859024Z [command]/usr/bin/git submodule foreach --recursive sh -c "git config --local --name-only --get-regexp 'core\.sshCommand' && git config --local --unset-all 'core.sshCommand' || :"
2026-10-09T14:21:26.1041344Z [command]/usr/bin/git config --local --name-only --get-regexp http\.https\:\/\/github\.com\/\.extraheader
2026-10-09T14:21:26.1065967Z http.https://github.com/.extraheader
2026-10-09T14:21:26.1071545Z [command]/usr/bin/git config --local --unset-all http.https://github.com/.extraheader
2026-10-09T14:21:26.1102387Z [command]/usr/bin/git submodule foreach --recursive sh -c "git config --local --name-only --get-regexp 'http\.https\:\/\/github\.com\/\.extraheader' && git config --local --unset-all 'http.https://github.com/.extraheader' || :"
2026-10-09T14:21:26.1290025Z ##[endgroup]
2026-10-09T14:21:26.1510339Z ##[group]Run actions/setup-node@v4.4.0
2026-10-09T14:21:26.1510503Z with:
2026-10-09T14:21:26.1510623Z   node-version: 22.14.0
2026-10-09T14:21:26.1510749Z   always-auth: false
2026-10-09T14:21:26.1510872Z   check-latest: false
2026-10-09T14:21:26.1512320Z   token: ***
2026-10-09T14:21:26.1512434Z env:
2026-10-09T14:21:26.1512545Z   MOCK_PROVIDER: true
2026-10-09T14:21:26.1512672Z   MOCK_STREAM_DELAY_MS: 0
2026-10-09T14:21:26.1512803Z   ENABLE_CLOUD: false
2026-10-09T14:21:26.1512932Z   CREDENTIAL_VAULT_BACKEND: memory
2026-10-09T14:21:26.1513094Z   CREDENTIAL_VAULT_ALLOW_MEMORY_FALLBACK: true
2026-10-09T14:21:26.1513268Z   PYTHONDONTWRITEBYTECODE: 1
2026-10-09T14:21:26.1513403Z   HF_HUB_OFFLINE: 1
2026-10-09T14:21:26.1513521Z   TRANSFORMERS_OFFLINE: 1
2026-10-09T14:21:26.1513647Z ##[endgroup]
2026-10-09T14:21:26.2432057Z Attempting to download 22.14.0...
2026-10-09T14:21:26.2501036Z (node:2117) [DEP0040] DeprecationWarning: The `punycode` module is deprecated. Please use a userland alternative instead.
2026-10-09T14:21:26.2501685Z (Use `node --trace-deprecation ...` to show where the warning was created)
2026-10-09T14:21:27.1398698Z Acquiring 22.14.0 - x64 from https://github.com/actions/node-versions/releases/download/22.14.0-13265982013/node-22.14.0-linux-x64.tar.gz
2026-10-09T14:21:27.7016512Z Extracting ...
2026-10-09T14:21:27.7101674Z [command]/usr/bin/tar xz --strip 1 --warning=no-unknown-keyword --overwrite -C /home/runner/work/_temp/e79f0d46-39bb-43f1-baa0-897c68316725 -f /home/runner/work/_temp/e3c349c8-05f7-4c8a-93a1-b9ec2cbd8200
2026-10-09T14:21:28.5976321Z Adding to the cache ...
2026-10-09T14:21:31.0752472Z ##[group]Environment details
2026-10-09T14:21:31.2184322Z node: v22.14.0
2026-10-09T14:21:31.2184579Z npm: 10.9.2
2026-10-09T14:21:31.2184744Z yarn: 1.22.22
2026-10-09T14:21:31.2185213Z ##[endgroup]
2026-10-09T14:21:31.2347913Z ##[group]Run actions/setup-python@v5.6.0
2026-10-09T14:21:31.2348087Z with:
2026-10-09T14:21:31.2348212Z   python-version: 3.12.9
2026-10-09T14:21:31.2348345Z   check-latest: false
2026-10-09T14:21:31.2349872Z   token: ***
2026-10-09T14:21:31.2349998Z   update-environment: true
2026-10-09T14:21:31.2350141Z   allow-prereleases: false
2026-10-09T14:21:31.2350275Z   freethreaded: false
2026-10-09T14:21:31.2350396Z env:
2026-10-09T14:21:31.2350509Z   MOCK_PROVIDER: true
2026-10-09T14:21:31.2350636Z   MOCK_STREAM_DELAY_MS: 0
2026-10-09T14:21:31.2350768Z   ENABLE_CLOUD: false
2026-10-09T14:21:31.2350897Z   CREDENTIAL_VAULT_BACKEND: memory
2026-10-09T14:21:31.2351061Z   CREDENTIAL_VAULT_ALLOW_MEMORY_FALLBACK: true
2026-10-09T14:21:31.2351234Z   PYTHONDONTWRITEBYTECODE: 1
2026-10-09T14:21:31.2351371Z   HF_HUB_OFFLINE: 1
2026-10-09T14:21:31.2351493Z   TRANSFORMERS_OFFLINE: 1
2026-10-09T14:21:31.2351622Z ##[endgroup]
2026-10-09T14:21:31.3180560Z ##[group]Installed versions
2026-10-09T14:21:31.3203140Z Version 3.12.9 was not found in the local cache
2026-10-09T14:21:31.3267534Z (node:2154) [DEP0040] DeprecationWarning: The `punycode` module is deprecated. Please use a userland alternative instead.
2026-10-09T14:21:31.3268210Z (Use `node --trace-deprecation ...` to show where the warning was created)
2026-10-09T14:21:32.3598390Z Version 3.12.9 is available for downloading
2026-10-09T14:21:32.3599332Z Download from "https://github.com/actions/python-versions/releases/download/3.12.9-13149478207/python-3.12.9-linux-24.04-x64.tar.gz"
2026-10-09T14:21:33.1109252Z Extract downloaded archive
2026-10-09T14:21:33.1197599Z [command]/usr/bin/tar xz --warning=no-unknown-keyword --overwrite -C /home/runner/work/_temp/d28bf56a-3a65-44ff-a7cd-256ead866104 -f /home/runner/work/_temp/3fd6666c-a524-4ab2-8728-d9cd5555c571
2026-10-09T14:21:34.9066041Z Execute installation script
2026-10-09T14:21:34.9146674Z Check if Python hostedtoolcache folder exist...
2026-10-09T14:21:34.9147302Z Create Python 3.12.9 folder
2026-10-09T14:21:34.9163471Z Copy Python binaries to hostedtoolcache folder
2026-10-09T14:21:35.2892615Z Create additional symlinks (Required for the UsePythonVersion Azure Pipelines task and the setup-python GitHub Action)
2026-10-09T14:21:35.2927076Z Upgrading pip...
2026-10-09T14:21:36.9633842Z Looking in links: /tmp/tmposwzxmyw
2026-10-09T14:21:36.9635691Z Requirement already satisfied: pip in /opt/hostedtoolcache/Python/3.12.9/x64/lib/python3.12/site-packages (24.3.1)
2026-10-09T14:21:38.2341040Z Collecting pip
2026-10-09T14:21:38.2966159Z Downloading pip-26.2.1-py3-none-any.whl.metadata (4.6 kB)
2026-10-09T14:21:38.6345454Z Downloading pip-26.2.1-py3-none-any.whl (1.8 MB)
2026-10-09T14:21:38.9194728Z ━━━━━━━━━━━━━━━━━━━━━━━━━━━━━━━━━━━━━━━━ 1.8/1.8 MB 6.4 MB/s eta 0:00:00
2026-10-09T14:21:38.9195052Z 
2026-10-09T14:21:38.9500537Z Installing collected packages: pip
2026-10-09T14:21:38.9501239Z Attempting uninstall: pip
2026-10-09T14:21:38.9514530Z Found existing installation: pip 24.3.1
2026-10-09T14:21:38.9727898Z Uninstalling pip-24.3.1:
2026-10-09T14:21:38.9764381Z Successfully uninstalled pip-24.3.1
2026-10-09T14:21:39.7170464Z Successfully installed pip-26.2.1
2026-10-09T14:21:39.7593388Z Create complete file
2026-10-09T14:21:39.7622209Z Successfully set up CPython (3.12.9)
2026-10-09T14:21:39.7622657Z ##[endgroup]
2026-10-09T14:21:39.7797835Z ##[group]Run bash .github/ci/prepare.sh v2-independent-media
2026-10-09T14:21:39.7798138Z [36;1mbash .github/ci/prepare.sh v2-independent-media[0m
2026-10-09T14:21:39.8420139Z shell: /usr/bin/bash -e {0}
2026-10-09T14:21:39.8420289Z env:
2026-10-09T14:21:39.8420407Z   MOCK_PROVIDER: true
2026-10-09T14:21:39.8420537Z   MOCK_STREAM_DELAY_MS: 0
2026-10-09T14:21:39.8420671Z   ENABLE_CLOUD: false
2026-10-09T14:21:39.8420801Z   CREDENTIAL_VAULT_BACKEND: memory
2026-10-09T14:21:39.8420969Z   CREDENTIAL_VAULT_ALLOW_MEMORY_FALLBACK: true
2026-10-09T14:21:39.8421145Z   PYTHONDONTWRITEBYTECODE: 1
2026-10-09T14:21:39.8421282Z   HF_HUB_OFFLINE: 1
2026-10-09T14:21:39.8421402Z   TRANSFORMERS_OFFLINE: 1
2026-10-09T14:21:39.8421740Z   pythonLocation: /opt/hostedtoolcache/Python/3.12.9/x64
2026-10-09T14:21:39.8421986Z   PKG_CONFIG_PATH: /opt/hostedtoolcache/Python/3.12.9/x64/lib/pkgconfig
2026-10-09T14:21:39.8422227Z   Python_ROOT_DIR: /opt/hostedtoolcache/Python/3.12.9/x64
2026-10-09T14:21:39.8440641Z   Python2_ROOT_DIR: /opt/hostedtoolcache/Python/3.12.9/x64
2026-10-09T14:21:39.8441025Z   Python3_ROOT_DIR: /opt/hostedtoolcache/Python/3.12.9/x64
2026-10-09T14:21:39.8441353Z   LD_LIBRARY_PATH: /opt/hostedtoolcache/Python/3.12.9/x64/lib
2026-10-09T14:21:39.8441643Z ##[endgroup]
2026-10-09T14:21:40.4203164Z ##[group]Run npm install --global pnpm@10.6.5
2026-10-09T14:21:40.4203419Z [36;1mnpm install --global pnpm@10.6.5[0m
2026-10-09T14:21:40.4203597Z [36;1mpnpm install --frozen-lockfile[0m
2026-10-09T14:21:40.4203884Z [36;1m{ node --version; pnpm --version; sha256sum pnpm-lock.yaml; } > "$CI_RECEIPTS/frontend-tools.txt"[0m
2026-10-09T14:21:40.4204196Z [36;1mpnpm exec playwright install --with-deps chromium[0m
2026-10-09T14:21:40.4264866Z shell: /usr/bin/bash -e {0}
2026-10-09T14:21:40.4265013Z env:
2026-10-09T14:21:40.4265129Z   MOCK_PROVIDER: true
2026-10-09T14:21:40.4266717Z   MOCK_STREAM_DELAY_MS: 0
2026-10-09T14:21:40.4267334Z   ENABLE_CLOUD: false
2026-10-09T14:21:40.4267831Z   CREDENTIAL_VAULT_BACKEND: memory
2026-10-09T14:21:40.4267996Z   CREDENTIAL_VAULT_ALLOW_MEMORY_FALLBACK: true
2026-10-09T14:21:40.4268168Z   PYTHONDONTWRITEBYTECODE: 1
2026-10-09T14:21:40.4268306Z   HF_HUB_OFFLINE: 1
2026-10-09T14:21:40.4268456Z   TRANSFORMERS_OFFLINE: 1
2026-10-09T14:21:40.4270129Z   pythonLocation: /opt/hostedtoolcache/Python/3.12.9/x64
2026-10-09T14:21:40.4270374Z   PKG_CONFIG_PATH: /opt/hostedtoolcache/Python/3.12.9/x64/lib/pkgconfig
2026-10-09T14:21:40.4270817Z   Python_ROOT_DIR: /opt/hostedtoolcache/Python/3.12.9/x64
2026-10-09T14:21:40.4271030Z   Python2_ROOT_DIR: /opt/hostedtoolcache/Python/3.12.9/x64
2026-10-09T14:21:40.4271243Z   Python3_ROOT_DIR: /opt/hostedtoolcache/Python/3.12.9/x64
2026-10-09T14:21:40.4271466Z   LD_LIBRARY_PATH: /opt/hostedtoolcache/Python/3.12.9/x64/lib
2026-10-09T14:21:40.4272936Z   CI_COVERAGE_SHA: 7f0d911549b04e8dbb7cf078316ad74c42095449
2026-10-09T14:21:40.4273148Z   CI_COVERAGE_TREE: 69d69ffe71838263069d164a0a07b39b5f4a4333
2026-10-09T14:21:40.4273697Z   CI_SANDBOX: /home/runner/work/_temp/novel-ci-v2-independent-media.Ok7wBi
2026-10-09T14:21:40.4274397Z   CI_PROJECT: /home/runner/work/_temp/novel-ci-v2-independent-media.Ok7wBi/project
2026-10-09T14:21:40.4274709Z   CI_RECEIPTS: /home/runner/work/_temp/novel-ci-v2-independent-media.Ok7wBi/receipts
2026-10-09T14:21:40.4275004Z   HOME: /home/runner/work/_temp/novel-ci-v2-independent-media.Ok7wBi/home
2026-10-09T14:21:40.4275318Z   USERPROFILE: /home/runner/work/_temp/novel-ci-v2-independent-media.Ok7wBi/home
2026-10-09T14:21:40.4275644Z   APPDATA: /home/runner/work/_temp/novel-ci-v2-independent-media.Ok7wBi/appdata
2026-10-09T14:21:40.4276171Z   LOCALAPPDATA: /home/runner/work/_temp/novel-ci-v2-independent-media.Ok7wBi/localappdata
2026-10-09T14:21:40.4277930Z   XDG_CONFIG_HOME: /home/runner/work/_temp/novel-ci-v2-independent-media.Ok7wBi/config
2026-10-09T14:21:40.4278235Z   XDG_CACHE_HOME: /home/runner/work/_temp/novel-ci-v2-independent-media.Ok7wBi/cache
2026-10-09T14:21:40.4278533Z   XDG_DATA_HOME: /home/runner/work/_temp/novel-ci-v2-independent-media.Ok7wBi/data
2026-10-09T14:21:40.4278826Z   XDG_STATE_HOME: /home/runner/work/_temp/novel-ci-v2-independent-media.Ok7wBi/state
2026-10-09T14:21:40.4279116Z   TMPDIR: /home/runner/work/_temp/novel-ci-v2-independent-media.Ok7wBi/tmp
2026-10-09T14:21:40.4279497Z   TMP: /home/runner/work/_temp/novel-ci-v2-independent-media.Ok7wBi/tmp
2026-10-09T14:21:40.4280007Z   TEMP: /home/runner/work/_temp/novel-ci-v2-independent-media.Ok7wBi/tmp
2026-10-09T14:21:40.4280454Z   PROJECT_ROOT: /home/runner/work/_temp/novel-ci-v2-independent-media.Ok7wBi/project
2026-10-09T14:21:40.4280958Z   NOVEL_DATA_PATH: /home/runner/work/_temp/novel-ci-v2-independent-media.Ok7wBi/data/novels
2026-10-09T14:21:40.4281514Z   BACKUP_PATH: /home/runner/work/_temp/novel-ci-v2-independent-media.Ok7wBi/data/backups
2026-10-09T14:21:40.4282244Z   DATABASE_BACKUP_PATH: /home/runner/work/_temp/novel-ci-v2-independent-media.Ok7wBi/data/database-backups
2026-10-09T14:21:40.4282842Z   KNOWLEDGE_SOURCE_PATH: /home/runner/work/_temp/novel-ci-v2-independent-media.Ok7wBi/data/novels
2026-10-09T14:21:40.4283242Z ##[endgroup]
2026-10-09T14:21:41.3488098Z 
2026-10-09T14:21:41.3488646Z added 1 package in 830ms
2026-10-09T14:21:41.3488806Z 
2026-10-09T14:21:41.3488912Z 1 package is looking for funding
2026-10-09T14:21:41.3489307Z   run `npm fund` for details
2026-10-09T14:21:41.6539933Z Lockfile is up to date, resolution step is skipped
2026-10-09T14:21:41.6718654Z Progress: resolved 1, reused 0, downloaded 0, added 0
2026-10-09T14:21:41.6974561Z Packages: +249
2026-10-09T14:21:41.6975224Z ++++++++++++++++++++++++++++++++++++++++++++++++++++++++++++++++++++++++++++++++
2026-10-09T14:21:42.6734968Z Progress: resolved 249, reused 0, downloaded 210, added 210
2026-10-09T14:21:42.9734404Z Progress: resolved 249, reused 0, downloaded 249, added 249, done
2026-10-09T14:21:43.0449764Z .../esbuild@0.21.5/node_modules/esbuild postinstall$ node install.js
2026-10-09T14:21:43.0537273Z .../esbuild@0.25.12/node_modules/esbuild postinstall$ node install.js
2026-10-09T14:21:43.0857733Z .../esbuild@0.25.12/node_modules/esbuild postinstall: Done
2026-10-09T14:21:43.1355322Z .../esbuild@0.21.5/node_modules/esbuild postinstall: Done
2026-10-09T14:21:43.2100557Z 
2026-10-09T14:21:43.2101362Z dependencies:
2026-10-09T14:21:43.2102124Z + @tanstack/react-query 5.101.4
2026-10-09T14:21:43.2102963Z + @tiptap/extension-placeholder 2.27.2
2026-10-09T14:21:43.2103274Z + @tiptap/react 2.27.2
2026-10-09T14:21:43.2103512Z + @tiptap/starter-kit 2.27.2
2026-10-09T14:21:43.2103754Z + lucide-react 0.468.0
2026-10-09T14:21:43.2103961Z + react 18.3.1
2026-10-09T14:21:43.2104159Z + react-dom 18.3.1
2026-10-09T14:21:43.2104346Z + zustand 5.0.14
2026-10-09T14:21:43.2104460Z 
2026-10-09T14:21:43.2104569Z devDependencies:
2026-10-09T14:21:43.2104786Z + @playwright/test 1.62.1
2026-10-09T14:21:43.2105050Z + @testing-library/react 16.3.2
2026-10-09T14:21:43.2105292Z + @types/node 22.13.10
2026-10-09T14:21:43.2105583Z + @types/react 18.3.31
2026-10-09T14:21:43.2105904Z + @types/react-dom 18.3.7
2026-10-09T14:21:43.2106143Z + @vitejs/plugin-react 4.7.0
2026-10-09T14:21:43.2106378Z + fountain-js 1.2.4
2026-10-09T14:21:43.2106567Z + jsdom 25.0.1
2026-10-09T14:21:43.2106760Z + typescript 5.9.3
2026-10-09T14:21:43.2106955Z + vite 6.4.3
2026-10-09T14:21:43.2107140Z + vitest 2.1.9
2026-10-09T14:21:43.2107246Z 
2026-10-09T14:21:43.2256303Z Done in 1.8s using pnpm v10.6.5
2026-10-09T14:21:43.9100987Z Installing dependencies...
2026-10-09T14:21:43.9181830Z Switching to root user to install dependencies...
2026-10-09T14:21:43.9998321Z Get:1 file:/etc/apt/apt-mirrors.txt Mirrorlist [144 B]
2026-10-09T14:21:44.0472316Z Get:6 https://packages.microsoft.com/ubuntu/24.04/prod noble InRelease [3600 B]
2026-10-09T14:21:44.1077724Z Get:7 https://packages.microsoft.com/ubuntu/24.04/prod noble/main amd64 Packages [531 kB]
2026-10-09T14:21:44.1257880Z Get:8 https://packages.microsoft.com/ubuntu/24.04/prod noble/main arm64 Packages [475 kB]
2026-10-09T14:21:44.1408481Z Hit:2 http://azure.archive.ubuntu.com/ubuntu noble InRelease
2026-10-09T14:21:44.1440717Z Get:3 http://azure.archive.ubuntu.com/ubuntu noble-updates InRelease [126 kB]
2026-10-09T14:21:44.1468321Z Get:4 http://azure.archive.ubuntu.com/ubuntu noble-backports InRelease [126 kB]
2026-10-09T14:21:44.1475999Z Get:5 http://azure.archive.ubuntu.com/ubuntu noble-security InRelease [126 kB]
2026-10-09T14:21:44.1685907Z Get:9 https://packages.microsoft.com/ubuntu/24.04/prod noble/main all Packages [640 B]
2026-10-09T14:21:44.1749521Z Get:10 https://packages.microsoft.com/ubuntu/24.04/prod noble/main armhf Packages [12.3 kB]
2026-10-09T14:21:44.2310502Z Get:11 http://azure.archive.ubuntu.com/ubuntu noble-updates/main amd64 Packages [1375 kB]
2026-10-09T14:21:44.2389360Z Get:12 http://azure.archive.ubuntu.com/ubuntu noble-updates/main Translation-en [306 kB]
2026-10-09T14:21:44.2448284Z Get:13 http://azure.archive.ubuntu.com/ubuntu noble-updates/universe amd64 Packages [1702 kB]
2026-10-09T14:21:44.2547326Z Get:14 http://azure.archive.ubuntu.com/ubuntu noble-updates/universe Translation-en [342 kB]
2026-10-09T14:21:44.2561230Z Get:15 http://azure.archive.ubuntu.com/ubuntu noble-updates/restricted amd64 Packages [1761 kB]
2026-10-09T14:21:44.2678724Z Get:16 http://azure.archive.ubuntu.com/ubuntu noble-updates/restricted Translation-en [401 kB]
2026-10-09T14:21:44.2697962Z Get:17 http://azure.archive.ubuntu.com/ubuntu noble-updates/multiverse amd64 Packages [55.0 kB]
2026-10-09T14:21:44.2717052Z Get:18 http://azure.archive.ubuntu.com/ubuntu noble-updates/multiverse Translation-en [14.3 kB]
2026-10-09T14:21:44.3457412Z Get:19 http://azure.archive.ubuntu.com/ubuntu noble-security/main amd64 Packages [1121 kB]
2026-10-09T14:21:44.3526928Z Get:20 http://azure.archive.ubuntu.com/ubuntu noble-security/main Translation-en [228 kB]
2026-10-09T14:21:44.3967415Z Get:21 http://azure.archive.ubuntu.com/ubuntu noble-security/universe amd64 Packages [1220 kB]
2026-10-09T14:21:44.4028729Z Get:22 http://azure.archive.ubuntu.com/ubuntu noble-security/universe Translation-en [245 kB]
2026-10-09T14:21:44.4029663Z Get:23 http://azure.archive.ubuntu.com/ubuntu noble-security/restricted amd64 Packages [1669 kB]
2026-10-09T14:21:44.4093984Z Get:24 http://azure.archive.ubuntu.com/ubuntu noble-security/restricted Translation-en [383 kB]
2026-10-09T14:21:44.4116482Z Get:25 http://azure.archive.ubuntu.com/ubuntu noble-security/multiverse amd64 Packages [49.8 kB]
2026-10-09T14:21:44.4127831Z Get:26 http://azure.archive.ubuntu.com/ubuntu noble-security/multiverse Translation-en [12.4 kB]
2026-10-09T14:21:49.6545534Z Fetched 12.3 MB in 1s (11.2 MB/s)
2026-10-09T14:21:50.1950723Z Reading package lists...
2026-10-09T14:21:50.2149887Z Reading package lists...
2026-10-09T14:21:50.3807996Z Building dependency tree...
2026-10-09T14:21:50.3813606Z Reading state information...
2026-10-09T14:21:50.5054880Z libasound2t64 is already the newest version (1.2.11-1ubuntu0.3).
2026-10-09T14:21:50.5055167Z libasound2t64 set to manually installed.
2026-10-09T14:21:50.5055424Z libatk-bridge2.0-0t64 is already the newest version (2.52.0-1build1).
2026-10-09T14:21:50.5055688Z libatk-bridge2.0-0t64 set to manually installed.
2026-10-09T14:21:50.5056129Z libatk1.0-0t64 is already the newest version (2.52.0-1build1).
2026-10-09T14:21:50.5056353Z libatk1.0-0t64 set to manually installed.
2026-10-09T14:21:50.5056621Z libatspi2.0-0t64 is already the newest version (2.52.0-1build1).
2026-10-09T14:21:50.5056851Z libatspi2.0-0t64 set to manually installed.
2026-10-09T14:21:50.5057180Z libcairo2 is already the newest version (1.18.0-3build1).
2026-10-09T14:21:50.5057394Z libcairo2 set to manually installed.
2026-10-09T14:21:50.5057626Z libcups2t64 is already the newest version (2.4.7-1.2ubuntu7.14).
2026-10-09T14:21:50.5057849Z libcups2t64 set to manually installed.
2026-10-09T14:21:50.5058088Z libdbus-1-3 is already the newest version (1.14.10-4ubuntu4.1).
2026-10-09T14:21:50.5058310Z libdbus-1-3 set to manually installed.
2026-10-09T14:21:50.5058543Z libdrm2 is already the newest version (2.4.125-1ubuntu0.1~24.04.2).
2026-10-09T14:21:50.5058766Z libdrm2 set to manually installed.
2026-10-09T14:21:50.5058993Z libgbm1 is already the newest version (25.2.8-0ubuntu0.24.04.4).
2026-10-09T14:21:50.5059206Z libgbm1 set to manually installed.
2026-10-09T14:21:50.5059433Z libglib2.0-0t64 is already the newest version (2.80.0-6ubuntu3.9).
2026-10-09T14:21:50.5059663Z libglib2.0-0t64 set to manually installed.
2026-10-09T14:21:50.5059894Z libnspr4 is already the newest version (2:4.35-1.1build1).
2026-10-09T14:21:50.5060105Z libnspr4 set to manually installed.
2026-10-09T14:21:50.5060317Z libnss3 is already the newest version (2:3.98-1ubuntu0.2).
2026-10-09T14:21:50.5060518Z libnss3 set to manually installed.
2026-10-09T14:21:50.5060742Z libpango-1.0-0 is already the newest version (1.52.1+ds-1build1).
2026-10-09T14:21:50.5061302Z libpango-1.0-0 set to manually installed.
2026-10-09T14:21:50.5061519Z libx11-6 is already the newest version (2:1.8.7-1build1).
2026-10-09T14:21:50.5061724Z libx11-6 set to manually installed.
2026-10-09T14:21:50.5061925Z libxcb1 is already the newest version (1.15-1ubuntu2).
2026-10-09T14:21:50.5062121Z libxcb1 set to manually installed.
2026-10-09T14:21:50.5062344Z libxcomposite1 is already the newest version (1:0.4.5-1build3).
2026-10-09T14:21:50.5062569Z libxcomposite1 set to manually installed.
2026-10-09T14:21:50.5062937Z libxdamage1 is already the newest version (1:1.1.6-1build1).
2026-10-09T14:21:50.5063153Z libxdamage1 set to manually installed.
2026-10-09T14:21:50.5063378Z libxext6 is already the newest version (2:1.3.4-1build2).
2026-10-09T14:21:50.5063578Z libxext6 set to manually installed.
2026-10-09T14:21:50.5063790Z libxfixes3 is already the newest version (1:6.0.0-2build1).
2026-10-09T14:21:50.5064000Z libxfixes3 set to manually installed.
2026-10-09T14:21:50.5064229Z libxkbcommon0 is already the newest version (1.6.0-1build1).
2026-10-09T14:21:50.5064444Z libxkbcommon0 set to manually installed.
2026-10-09T14:21:50.5064666Z libxrandr2 is already the newest version (2:1.5.2-2build1).
2026-10-09T14:21:50.5064874Z libxrandr2 set to manually installed.
2026-10-09T14:21:50.5065088Z xvfb is already the newest version (2:21.1.12-1ubuntu1.8).
2026-10-09T14:21:50.5065383Z fonts-noto-color-emoji is already the newest version (2.047-0ubuntu0.24.04.1).
2026-10-09T14:21:50.5065694Z libfontconfig1 is already the newest version (2.15.0-1.1ubuntu2).
2026-10-09T14:21:50.5066055Z libfontconfig1 set to manually installed.
2026-10-09T14:21:50.5066280Z fonts-liberation is already the newest version (1:2.1.5-3).
2026-10-09T14:21:50.5066501Z fonts-liberation set to manually installed.
2026-10-09T14:21:50.5066719Z The following additional packages will be installed:
2026-10-09T14:21:50.5066916Z   xfonts-encodings xfonts-utils
2026-10-09T14:21:50.5067072Z Recommended packages:
2026-10-09T14:21:50.5067229Z   fonts-ipafont-mincho fonts-tlwg-loma
2026-10-09T14:21:50.5203413Z The following NEW packages will be installed:
2026-10-09T14:21:50.5203718Z   fonts-freefont-ttf fonts-ipafont-gothic fonts-tlwg-loma-otf fonts-unifont
2026-10-09T14:21:50.5206610Z   fonts-wqy-zenhei xfonts-cyrillic xfonts-encodings xfonts-scalable
2026-10-09T14:21:50.5206821Z   xfonts-utils
2026-10-09T14:21:50.5209083Z The following packages will be upgraded:
2026-10-09T14:21:50.5211686Z   libfreetype6
2026-10-09T14:21:50.5347389Z 1 upgraded, 9 newly installed, 0 to remove and 22 not upgraded.
2026-10-09T14:21:50.5347661Z Need to get 21.5 MB of archives.
2026-10-09T14:21:50.5347907Z After this operation, 79.5 MB of additional disk space will be used.
2026-10-09T14:21:50.5348192Z Get:1 file:/etc/apt/apt-mirrors.txt Mirrorlist [144 B]
2026-10-09T14:21:50.5856652Z Get:2 http://azure.archive.ubuntu.com/ubuntu noble/universe amd64 fonts-ipafont-gothic all 00303-21ubuntu1 [3513 kB]
2026-10-09T14:21:50.6653121Z Get:3 http://azure.archive.ubuntu.com/ubuntu noble/main amd64 fonts-freefont-ttf all 20211204+svn4273-2 [5641 kB]
2026-10-09T14:21:50.7826868Z Get:4 http://azure.archive.ubuntu.com/ubuntu noble/universe amd64 fonts-tlwg-loma-otf all 1:0.7.3-1 [107 kB]
2026-10-09T14:21:50.8954687Z Get:5 http://azure.archive.ubuntu.com/ubuntu noble/universe amd64 fonts-unifont all 1:15.1.01-1build1 [2993 kB]
2026-10-09T14:21:50.9960017Z Get:6 http://azure.archive.ubuntu.com/ubuntu noble/universe amd64 fonts-wqy-zenhei all 0.9.45-8 [7472 kB]
2026-10-09T14:21:51.1064419Z Get:7 http://azure.archive.ubuntu.com/ubuntu noble-updates/main amd64 libfreetype6 amd64 2.13.2+dfsg-1ubuntu0.2 [403 kB]
2026-10-09T14:21:51.2296401Z Get:8 http://azure.archive.ubuntu.com/ubuntu noble/main amd64 xfonts-encodings all 1:1.0.5-0ubuntu2 [578 kB]
2026-10-09T14:21:51.2754689Z Get:9 http://azure.archive.ubuntu.com/ubuntu noble/main amd64 xfonts-utils amd64 1:7.7+6build3 [94.4 kB]
2026-10-09T14:21:51.3069774Z Get:10 http://azure.archive.ubuntu.com/ubuntu noble/universe amd64 xfonts-cyrillic all 1:1.0.5+nmu1 [384 kB]
2026-10-09T14:21:51.3855746Z Get:11 http://azure.archive.ubuntu.com/ubuntu noble/main amd64 xfonts-scalable all 1:1.0.3-1.3 [304 kB]
2026-10-09T14:21:51.6456197Z Fetched 21.5 MB in 1s (23.4 MB/s)
2026-10-09T14:21:51.7055486Z Selecting previously unselected package fonts-ipafont-gothic.
2026-10-09T14:21:51.7320411Z (Reading database ... 
2026-10-09T14:21:51.7320649Z (Reading database ... 5%
2026-10-09T14:21:51.7320807Z (Reading database ... 10%
2026-10-09T14:21:51.7321500Z (Reading database ... 15%
2026-10-09T14:21:51.7321682Z (Reading database ... 20%
2026-10-09T14:21:51.7321821Z (Reading database ... 25%
2026-10-09T14:21:51.7321959Z (Reading database ... 30%
2026-10-09T14:21:51.7322091Z (Reading database ... 35%
2026-10-09T14:21:51.7322226Z (Reading database ... 40%
2026-10-09T14:21:51.7322358Z (Reading database ... 45%
2026-10-09T14:21:51.7322493Z (Reading database ... 50%
2026-10-09T14:21:51.7359140Z (Reading database ... 55%
2026-10-09T14:21:51.8332936Z (Reading database ... 60%
2026-10-09T14:21:52.0328411Z (Reading database ... 65%
2026-10-09T14:21:52.1828207Z (Reading database ... 70%
2026-10-09T14:21:52.3836565Z (Reading database ... 75%
2026-10-09T14:21:52.4948660Z (Reading database ... 80%
2026-10-09T14:21:52.6153265Z (Reading database ... 85%
2026-10-09T14:21:52.7300365Z (Reading database ... 90%
2026-10-09T14:21:52.7973223Z (Reading database ... 95%
2026-10-09T14:21:52.7973490Z (Reading database ... 100%
2026-10-09T14:21:52.7973888Z (Reading database ... 203191 files and directories currently installed.)
2026-10-09T14:21:52.8011079Z Preparing to unpack .../0-fonts-ipafont-gothic_00303-21ubuntu1_all.deb ...
2026-10-09T14:21:52.8182923Z Unpacking fonts-ipafont-gothic (00303-21ubuntu1) ...
2026-10-09T14:21:53.0419889Z Selecting previously unselected package fonts-freefont-ttf.
2026-10-09T14:21:53.0520421Z Preparing to unpack .../1-fonts-freefont-ttf_20211204+svn4273-2_all.deb ...
2026-10-09T14:21:53.0526168Z Unpacking fonts-freefont-ttf (20211204+svn4273-2) ...
2026-10-09T14:21:53.1590428Z Selecting previously unselected package fonts-tlwg-loma-otf.
2026-10-09T14:21:53.1690536Z Preparing to unpack .../2-fonts-tlwg-loma-otf_1%3a0.7.3-1_all.deb ...
2026-10-09T14:21:53.1695850Z Unpacking fonts-tlwg-loma-otf (1:0.7.3-1) ...
2026-10-09T14:21:53.1867329Z Selecting previously unselected package fonts-unifont.
2026-10-09T14:21:53.1966883Z Preparing to unpack .../3-fonts-unifont_1%3a15.1.01-1build1_all.deb ...
2026-10-09T14:21:53.1973389Z Unpacking fonts-unifont (1:15.1.01-1build1) ...
2026-10-09T14:21:53.4075647Z Selecting previously unselected package fonts-wqy-zenhei.
2026-10-09T14:21:53.4175098Z Preparing to unpack .../4-fonts-wqy-zenhei_0.9.45-8_all.deb ...
2026-10-09T14:21:53.4263404Z Unpacking fonts-wqy-zenhei (0.9.45-8) ...
2026-10-09T14:21:53.8807258Z Preparing to unpack .../5-libfreetype6_2.13.2+dfsg-1ubuntu0.2_amd64.deb ...
2026-10-09T14:21:53.8836228Z Unpacking libfreetype6:amd64 (2.13.2+dfsg-1ubuntu0.2) over (2.13.2+dfsg-1ubuntu0.1) ...
2026-10-09T14:21:53.9052207Z Selecting previously unselected package xfonts-encodings.
2026-10-09T14:21:53.9155274Z Preparing to unpack .../6-xfonts-encodings_1%3a1.0.5-0ubuntu2_all.deb ...
2026-10-09T14:21:53.9161778Z Unpacking xfonts-encodings (1:1.0.5-0ubuntu2) ...
2026-10-09T14:21:53.9398314Z Selecting previously unselected package xfonts-utils.
2026-10-09T14:21:53.9499447Z Preparing to unpack .../7-xfonts-utils_1%3a7.7+6build3_amd64.deb ...
2026-10-09T14:21:53.9505379Z Unpacking xfonts-utils (1:7.7+6build3) ...
2026-10-09T14:21:53.9971157Z Selecting previously unselected package xfonts-cyrillic.
2026-10-09T14:21:54.0073178Z Preparing to unpack .../8-xfonts-cyrillic_1%3a1.0.5+nmu1_all.deb ...
2026-10-09T14:21:54.0079571Z Unpacking xfonts-cyrillic (1:1.0.5+nmu1) ...
2026-10-09T14:21:54.0396513Z Selecting previously unselected package xfonts-scalable.
2026-10-09T14:21:54.0477219Z Preparing to unpack .../9-xfonts-scalable_1%3a1.0.3-1.3_all.deb ...
2026-10-09T14:21:54.0488892Z Unpacking xfonts-scalable (1:1.0.3-1.3) ...
2026-10-09T14:21:54.0868727Z Setting up fonts-wqy-zenhei (0.9.45-8) ...
2026-10-09T14:21:54.0961185Z Setting up fonts-freefont-ttf (20211204+svn4273-2) ...
2026-10-09T14:21:54.0975134Z Setting up fonts-tlwg-loma-otf (1:0.7.3-1) ...
2026-10-09T14:21:54.0990264Z Setting up libfreetype6:amd64 (2.13.2+dfsg-1ubuntu0.2) ...
2026-10-09T14:21:54.1004357Z Setting up xfonts-encodings (1:1.0.5-0ubuntu2) ...
2026-10-09T14:21:54.1018312Z Setting up fonts-ipafont-gothic (00303-21ubuntu1) ...
2026-10-09T14:21:54.1069051Z update-alternatives: using /usr/share/fonts/opentype/ipafont-gothic/ipag.ttf to provide /usr/share/fonts/truetype/fonts-japanese-gothic.ttf (fonts-japanese-gothic.ttf) in auto mode
2026-10-09T14:21:54.1087421Z Setting up fonts-unifont (1:15.1.01-1build1) ...
2026-10-09T14:21:54.2838580Z Setting up xfonts-utils (1:7.7+6build3) ...
2026-10-09T14:21:54.2925311Z Setting up xfonts-cyrillic (1:1.0.5+nmu1) ...
2026-10-09T14:21:54.3147725Z Setting up xfonts-scalable (1:1.0.3-1.3) ...
2026-10-09T14:21:54.3358297Z Processing triggers for libc-bin (2.39-0ubuntu8.9) ...
2026-10-09T14:21:54.5293998Z Processing triggers for man-db (2.12.0-4build2) ...
2026-10-09T14:21:54.5314387Z Not building database; man-db/auto-update is not 'true'.
2026-10-09T14:21:54.5326109Z Processing triggers for fontconfig (2.15.0-1.1ubuntu2) ...
2026-10-09T14:21:55.0419361Z 
2026-10-09T14:21:55.0419962Z Running kernel seems to be up-to-date.
2026-10-09T14:21:55.0420193Z 
2026-10-09T14:21:55.0420298Z Restarting services...
2026-10-09T14:21:55.0479258Z  systemctl restart php8.3-fpm.service
2026-10-09T14:21:55.1343856Z 
2026-10-09T14:21:55.1344866Z No containers need to be restarted.
2026-10-09T14:21:55.1345042Z 
2026-10-09T14:21:55.1345213Z No user sessions are running outdated binaries.
2026-10-09T14:21:55.1345368Z 
2026-10-09T14:21:55.1345742Z No VM guests are running outdated hypervisor (qemu) binaries on this host.
2026-10-09T14:21:55.9208890Z Downloading Chrome for Testing 151.0.7922.34 (playwright chromium v1234) from https://cdn.playwright.dev/builds/cft/151.0.7922.34/linux64/chrome-linux64.zip
2026-10-09T14:21:56.9164965Z |                                                                                |   0% of 184.3 MiB
2026-10-09T14:21:57.2754730Z |■■■■■■■■                                                                        |  10% of 184.3 MiB
2026-10-09T14:21:57.3467690Z |■■■■■■■■■■■■■■■■                                                                |  20% of 184.3 MiB
2026-10-09T14:21:57.3881896Z |■■■■■■■■■■■■■■■■■■■■■■■■                                                        |  30% of 184.3 MiB
2026-10-09T14:21:57.4292705Z |■■■■■■■■■■■■■■■■■■■■■■■■■■■■■■■■                                                |  40% of 184.3 MiB
2026-10-09T14:21:57.4852257Z |■■■■■■■■■■■■■■■■■■■■■■■■■■■■■■■■■■■■■■■■                                        |  50% of 184.3 MiB
2026-10-09T14:21:57.5404880Z |■■■■■■■■■■■■■■■■■■■■■■■■■■■■■■■■■■■■■■■■■■■■■■■■                                |  60% of 184.3 MiB
2026-10-09T14:21:57.5771241Z |■■■■■■■■■■■■■■■■■■■■■■■■■■■■■■■■■■■■■■■■■■■■■■■■■■■■■■■■                        |  70% of 184.3 MiB
2026-10-09T14:21:57.6099002Z |■■■■■■■■■■■■■■■■■■■■■■■■■■■■■■■■■■■■■■■■■■■■■■■■■■■■■■■■■■■■■■■■                |  80% of 184.3 MiB
2026-10-09T14:21:57.6416470Z |■■■■■■■■■■■■■■■■■■■■■■■■■■■■■■■■■■■■■■■■■■■■■■■■■■■■■■■■■■■■■■■■■■■■■■■■        |  90% of 184.3 MiB
2026-10-09T14:21:57.6728880Z |■■■■■■■■■■■■■■■■■■■■■■■■■■■■■■■■■■■■■■■■■■■■■■■■■■■■■■■■■■■■■■■■■■■■■■■■■■■■■■■■| 100% of 184.3 MiB
2026-10-09T14:21:59.4798450Z Chrome for Testing 151.0.7922.34 (playwright chromium v1234) downloaded to /home/runner/work/_temp/novel-ci-v2-independent-media.Ok7wBi/cache/ms-playwright/chromium-1234
2026-10-09T14:21:59.4799989Z Downloading FFmpeg (playwright ffmpeg v1011) from https://cdn.playwright.dev/dbazure/download/playwright/builds/ffmpeg/1011/ffmpeg-linux.zip
2026-10-09T14:22:00.4357884Z |                                                                                |   0% of 2.3 MiB
2026-10-09T14:22:00.4843037Z |■■■■■■■■                                                                        |  10% of 2.3 MiB
2026-10-09T14:22:00.5130892Z |■■■■■■■■■■■■■■■■                                                                |  20% of 2.3 MiB
2026-10-09T14:22:00.5335706Z |■■■■■■■■■■■■■■■■■■■■■■■■                                                        |  30% of 2.3 MiB
2026-10-09T14:22:00.5474437Z |■■■■■■■■■■■■■■■■■■■■■■■■■■■■■■■■                                                |  40% of 2.3 MiB
2026-10-09T14:22:00.5585917Z |■■■■■■■■■■■■■■■■■■■■■■■■■■■■■■■■■■■■■■■■                                        |  50% of 2.3 MiB
2026-10-09T14:22:00.5668626Z |■■■■■■■■■■■■■■■■■■■■■■■■■■■■■■■■■■■■■■■■■■■■■■■■                                |  60% of 2.3 MiB
2026-10-09T14:22:00.5795626Z |■■■■■■■■■■■■■■■■■■■■■■■■■■■■■■■■■■■■■■■■■■■■■■■■■■■■■■■■                        |  70% of 2.3 MiB
2026-10-09T14:22:00.5834261Z |■■■■■■■■■■■■■■■■■■■■■■■■■■■■■■■■■■■■■■■■■■■■■■■■■■■■■■■■■■■■■■■■                |  80% of 2.3 MiB
2026-10-09T14:22:00.5950432Z |■■■■■■■■■■■■■■■■■■■■■■■■■■■■■■■■■■■■■■■■■■■■■■■■■■■■■■■■■■■■■■■■■■■■■■■■        |  90% of 2.3 MiB
2026-10-09T14:22:00.6010735Z |■■■■■■■■■■■■■■■■■■■■■■■■■■■■■■■■■■■■■■■■■■■■■■■■■■■■■■■■■■■■■■■■■■■■■■■■■■■■■■■■| 100% of 2.3 MiB
2026-10-09T14:22:00.6393545Z FFmpeg (playwright ffmpeg v1011) downloaded to /home/runner/work/_temp/novel-ci-v2-independent-media.Ok7wBi/cache/ms-playwright/ffmpeg-1011
2026-10-09T14:22:00.6395050Z Downloading Chrome Headless Shell 151.0.7922.34 (playwright chromium-headless-shell v1234) from https://cdn.playwright.dev/builds/cft/151.0.7922.34/linux64/chrome-headless-shell-linux64.zip
2026-10-09T14:22:01.6359780Z |                                                                                |   0% of 114.7 MiB
2026-10-09T14:22:01.8946580Z |■■■■■■■■                                                                        |  10% of 114.7 MiB
2026-10-09T14:22:01.9355921Z |■■■■■■■■■■■■■■■■                                                                |  20% of 114.7 MiB
2026-10-09T14:22:01.9667910Z |■■■■■■■■■■■■■■■■■■■■■■■■                                                        |  30% of 114.7 MiB
2026-10-09T14:22:02.0082259Z |■■■■■■■■■■■■■■■■■■■■■■■■■■■■■■■■                                                |  40% of 114.7 MiB
2026-10-09T14:22:02.0722643Z |■■■■■■■■■■■■■■■■■■■■■■■■■■■■■■■■■■■■■■■■                                        |  50% of 114.7 MiB
2026-10-09T14:22:02.1054009Z |■■■■■■■■■■■■■■■■■■■■■■■■■■■■■■■■■■■■■■■■■■■■■■■■                                |  60% of 114.7 MiB
2026-10-09T14:22:02.1441948Z |■■■■■■■■■■■■■■■■■■■■■■■■■■■■■■■■■■■■■■■■■■■■■■■■■■■■■■■■                        |  70% of 114.7 MiB
2026-10-09T14:22:02.1767856Z |■■■■■■■■■■■■■■■■■■■■■■■■■■■■■■■■■■■■■■■■■■■■■■■■■■■■■■■■■■■■■■■■                |  80% of 114.7 MiB
2026-10-09T14:22:02.2266296Z |■■■■■■■■■■■■■■■■■■■■■■■■■■■■■■■■■■■■■■■■■■■■■■■■■■■■■■■■■■■■■■■■■■■■■■■■        |  90% of 114.7 MiB
2026-10-09T14:22:02.2667308Z |■■■■■■■■■■■■■■■■■■■■■■■■■■■■■■■■■■■■■■■■■■■■■■■■■■■■■■■■■■■■■■■■■■■■■■■■■■■■■■■■| 100% of 114.7 MiB
2026-10-09T14:22:03.5411962Z Chrome Headless Shell 151.0.7922.34 (playwright chromium-headless-shell v1234) downloaded to /home/runner/work/_temp/novel-ci-v2-independent-media.Ok7wBi/cache/ms-playwright/chromium_headless_shell-1234
2026-10-09T14:22:03.5594622Z ##[group]Run python -m pip install -c .github/ci/python-constraints.txt -e '.[dev,fontbuild,otio,comic]'
2026-10-09T14:22:03.5595319Z [36;1mpython -m pip install -c .github/ci/python-constraints.txt -e '.[dev,fontbuild,otio,comic]'[0m
2026-10-09T14:22:03.5595768Z [36;1mpython -m pip check[0m
2026-10-09T14:22:03.5596354Z [36;1mpython -m pip freeze --exclude-editable > "$CI_RECEIPTS/python-packages.txt"[0m
2026-10-09T14:22:03.5671257Z shell: /usr/bin/bash -e {0}
2026-10-09T14:22:03.5671513Z env:
2026-10-09T14:22:03.5671701Z   MOCK_PROVIDER: true
2026-10-09T14:22:03.5671908Z   MOCK_STREAM_DELAY_MS: 0
2026-10-09T14:22:03.5672119Z   ENABLE_CLOUD: false
2026-10-09T14:22:03.5672327Z   CREDENTIAL_VAULT_BACKEND: memory
2026-10-09T14:22:03.5672600Z   CREDENTIAL_VAULT_ALLOW_MEMORY_FALLBACK: true
2026-10-09T14:22:03.5672898Z   PYTHONDONTWRITEBYTECODE: 1
2026-10-09T14:22:03.5673126Z   HF_HUB_OFFLINE: 1
2026-10-09T14:22:03.5673314Z   TRANSFORMERS_OFFLINE: 1
2026-10-09T14:22:03.5673624Z   pythonLocation: /opt/hostedtoolcache/Python/3.12.9/x64
2026-10-09T14:22:03.5674011Z   PKG_CONFIG_PATH: /opt/hostedtoolcache/Python/3.12.9/x64/lib/pkgconfig
2026-10-09T14:22:03.5674391Z   Python_ROOT_DIR: /opt/hostedtoolcache/Python/3.12.9/x64
2026-10-09T14:22:03.5674736Z   Python2_ROOT_DIR: /opt/hostedtoolcache/Python/3.12.9/x64
2026-10-09T14:22:03.5675072Z   Python3_ROOT_DIR: /opt/hostedtoolcache/Python/3.12.9/x64
2026-10-09T14:22:03.5675408Z   LD_LIBRARY_PATH: /opt/hostedtoolcache/Python/3.12.9/x64/lib
2026-10-09T14:22:03.5675700Z   CI_COVERAGE_SHA: 7f0d911549b04e8dbb7cf078316ad74c42095449
2026-10-09T14:22:03.5676167Z   CI_COVERAGE_TREE: 69d69ffe71838263069d164a0a07b39b5f4a4333
2026-10-09T14:22:03.5676409Z   CI_SANDBOX: /home/runner/work/_temp/novel-ci-v2-independent-media.Ok7wBi
2026-10-09T14:22:03.5676710Z   CI_PROJECT: /home/runner/work/_temp/novel-ci-v2-independent-media.Ok7wBi/project
2026-10-09T14:22:03.5677015Z   CI_RECEIPTS: /home/runner/work/_temp/novel-ci-v2-independent-media.Ok7wBi/receipts
2026-10-09T14:22:03.5677308Z   HOME: /home/runner/work/_temp/novel-ci-v2-independent-media.Ok7wBi/home
2026-10-09T14:22:03.5677590Z   USERPROFILE: /home/runner/work/_temp/novel-ci-v2-independent-media.Ok7wBi/home
2026-10-09T14:22:03.5677882Z   APPDATA: /home/runner/work/_temp/novel-ci-v2-independent-media.Ok7wBi/appdata
2026-10-09T14:22:03.5678194Z   LOCALAPPDATA: /home/runner/work/_temp/novel-ci-v2-independent-media.Ok7wBi/localappdata
2026-10-09T14:22:03.5678516Z   XDG_CONFIG_HOME: /home/runner/work/_temp/novel-ci-v2-independent-media.Ok7wBi/config
2026-10-09T14:22:03.5678822Z   XDG_CACHE_HOME: /home/runner/work/_temp/novel-ci-v2-independent-media.Ok7wBi/cache
2026-10-09T14:22:03.5679122Z   XDG_DATA_HOME: /home/runner/work/_temp/novel-ci-v2-independent-media.Ok7wBi/data
2026-10-09T14:22:03.5679414Z   XDG_STATE_HOME: /home/runner/work/_temp/novel-ci-v2-independent-media.Ok7wBi/state
2026-10-09T14:22:03.5679917Z   TMPDIR: /home/runner/work/_temp/novel-ci-v2-independent-media.Ok7wBi/tmp
2026-10-09T14:22:03.5680186Z   TMP: /home/runner/work/_temp/novel-ci-v2-independent-media.Ok7wBi/tmp
2026-10-09T14:22:03.5680446Z   TEMP: /home/runner/work/_temp/novel-ci-v2-independent-media.Ok7wBi/tmp
2026-10-09T14:22:03.5680727Z   PROJECT_ROOT: /home/runner/work/_temp/novel-ci-v2-independent-media.Ok7wBi/project
2026-10-09T14:22:03.5681044Z   NOVEL_DATA_PATH: /home/runner/work/_temp/novel-ci-v2-independent-media.Ok7wBi/data/novels
2026-10-09T14:22:03.5681365Z   BACKUP_PATH: /home/runner/work/_temp/novel-ci-v2-independent-media.Ok7wBi/data/backups
2026-10-09T14:22:03.5681717Z   DATABASE_BACKUP_PATH: /home/runner/work/_temp/novel-ci-v2-independent-media.Ok7wBi/data/database-backups
2026-10-09T14:22:03.5682090Z   KNOWLEDGE_SOURCE_PATH: /home/runner/work/_temp/novel-ci-v2-independent-media.Ok7wBi/data/novels
2026-10-09T14:22:03.5682349Z ##[endgroup]
2026-10-09T14:22:04.1982087Z Obtaining file:///home/runner/work/_temp/novel-ci-v2-independent-media.Ok7wBi/project
2026-10-09T14:22:04.1993887Z   Installing build dependencies: started
2026-10-09T14:22:05.1290339Z   Installing build dependencies: finished with status 'done'
2026-10-09T14:22:05.1294315Z   Checking if build backend supports build_editable: started
2026-10-09T14:22:05.5697110Z   Checking if build backend supports build_editable: finished with status 'done'
2026-10-09T14:22:05.5703620Z   Getting requirements to build editable: started
2026-10-09T14:22:06.1453309Z   Getting requirements to build editable: finished with status 'done'
2026-10-09T14:22:06.1460586Z   Preparing editable metadata (pyproject.toml): started
2026-10-09T14:22:06.7651271Z   Preparing editable metadata (pyproject.toml): finished with status 'done'
2026-10-09T14:22:06.8699780Z Collecting fastapi<1,>=0.115 (from ai-novel-studio==0.7.0)
2026-10-09T14:22:06.9404840Z   Downloading fastapi-0.142.2-py3-none-any.whl.metadata (27 kB)
2026-10-09T14:22:06.9726901Z Collecting uvicorn<1,>=0.30 (from ai-novel-studio==0.7.0)
2026-10-09T14:22:06.9878397Z   Downloading uvicorn-0.54.0-py3-none-any.whl.metadata (6.6 kB)
2026-10-09T14:22:07.0072770Z Collecting psycopg<4,>=3.2 (from psycopg[binary]<4,>=3.2->ai-novel-studio==0.7.0)
2026-10-09T14:22:07.0223652Z   Downloading psycopg-3.3.6-py3-none-any.whl.metadata (4.4 kB)
2026-10-09T14:22:07.2259543Z Collecting sqlalchemy<3,>=2.0 (from ai-novel-studio==0.7.0)
2026-10-09T14:22:07.2413588Z   Downloading sqlalchemy-2.1.3-cp312-cp312-manylinux2014_x86_64.manylinux_2_17_x86_64.manylinux_2_28_x86_64.whl.metadata (9.7 kB)
2026-10-09T14:22:07.2654740Z Collecting httpx<1,>=0.27 (from ai-novel-studio==0.7.0)
2026-10-09T14:22:07.2807679Z   Downloading httpx-0.28.1-py3-none-any.whl.metadata (7.1 kB)
2026-10-09T14:22:07.3008094Z Collecting pydantic-settings<3,>=2.6 (from ai-novel-studio==0.7.0)
2026-10-09T14:22:07.3162137Z   Downloading pydantic_settings-2.15.0-py3-none-any.whl.metadata (3.9 kB)
2026-10-09T14:22:07.3758108Z Collecting reportlab<5,>=4.0 (from ai-novel-studio==0.7.0)
2026-10-09T14:22:07.3909367Z   Downloading reportlab-4.5.1-py3-none-any.whl.metadata (1.7 kB)
2026-10-09T14:22:07.4123218Z Collecting pypdf==6.19.0 (from ai-novel-studio==0.7.0)
2026-10-09T14:22:07.4273246Z   Downloading pypdf-6.19.0-py3-none-any.whl.metadata (7.5 kB)
2026-10-09T14:22:07.4578815Z Collecting jsonschema<5,>=4.18 (from ai-novel-studio==0.7.0)
2026-10-09T14:22:07.4727600Z   Downloading jsonschema-4.26.0-py3-none-any.whl.metadata (7.6 kB)
2026-10-09T14:22:07.4977366Z Collecting pytest<9,>=8 (from ai-novel-studio==0.7.0)
2026-10-09T14:22:07.5130586Z   Downloading pytest-8.4.2-py3-none-any.whl.metadata (7.7 kB)
2026-10-09T14:22:07.5916000Z Collecting fonttools==4.59.1 (from ai-novel-studio==0.7.0)
2026-10-09T14:22:07.6073905Z   Downloading fonttools-4.59.1-cp312-cp312-manylinux1_x86_64.manylinux2014_x86_64.manylinux_2_17_x86_64.manylinux_2_5_x86_64.whl.metadata (108 kB)
2026-10-09T14:22:07.6667950Z Collecting opentimelineio==0.18.1 (from ai-novel-studio==0.7.0)
2026-10-09T14:22:07.6823597Z   Downloading opentimelineio-0.18.1-cp312-cp312-manylinux2014_x86_64.manylinux_2_17_x86_64.whl.metadata (2.6 kB)
2026-10-09T14:22:07.7906763Z Collecting Pillow==12.3.0 (from ai-novel-studio==0.7.0)
2026-10-09T14:22:07.8058972Z   Downloading pillow-12.3.0-cp312-cp312-manylinux_2_27_x86_64.manylinux_2_28_x86_64.whl.metadata (9.1 kB)
2026-10-09T14:22:07.8305507Z Collecting starlette>=0.46.0 (from fastapi<1,>=0.115->ai-novel-studio==0.7.0)
2026-10-09T14:22:07.8454435Z   Downloading starlette-1.7.0-py3-none-any.whl.metadata (6.6 kB)
2026-10-09T14:22:07.9052483Z Collecting pydantic>=2.9.0 (from fastapi<1,>=0.115->ai-novel-studio==0.7.0)
2026-10-09T14:22:07.9206104Z   Downloading pydantic-2.13.5-py3-none-any.whl.metadata (110 kB)
2026-10-09T14:22:07.9446035Z Collecting typing-extensions>=4.8.0 (from fastapi<1,>=0.115->ai-novel-studio==0.7.0)
2026-10-09T14:22:07.9597307Z   Downloading typing_extensions-4.16.0-py3-none-any.whl.metadata (3.3 kB)
2026-10-09T14:22:07.9763080Z Collecting typing-inspection>=0.4.2 (from fastapi<1,>=0.115->ai-novel-studio==0.7.0)
2026-10-09T14:22:07.9912449Z   Downloading typing_inspection-0.4.4-py3-none-any.whl.metadata (2.6 kB)
2026-10-09T14:22:08.0072557Z Collecting annotated-doc>=0.0.2 (from fastapi<1,>=0.115->ai-novel-studio==0.7.0)
2026-10-09T14:22:08.0233019Z   Downloading annotated_doc-0.0.5-py3-none-any.whl.metadata (6.5 kB)
2026-10-09T14:22:08.0447810Z Collecting opentelemetry-api>=1.44.0 (from fastapi<1,>=0.115->ai-novel-studio==0.7.0)
2026-10-09T14:22:08.0597591Z   Downloading opentelemetry_api-1.45.0-py3-none-any.whl.metadata (1.4 kB)
2026-10-09T14:22:08.0803755Z Collecting anyio (from httpx<1,>=0.27->ai-novel-studio==0.7.0)
2026-10-09T14:22:08.0952807Z   Downloading anyio-4.15.1-py3-none-any.whl.metadata (4.7 kB)
2026-10-09T14:22:08.1147468Z Collecting certifi (from httpx<1,>=0.27->ai-novel-studio==0.7.0)
2026-10-09T14:22:08.1295642Z   Downloading certifi-2026.7.22-py3-none-any.whl.metadata (2.5 kB)
2026-10-09T14:22:08.1482007Z Collecting httpcore==1.* (from httpx<1,>=0.27->ai-novel-studio==0.7.0)
2026-10-09T14:22:08.1632493Z   Downloading httpcore-1.0.9-py3-none-any.whl.metadata (21 kB)
2026-10-09T14:22:08.1825203Z Collecting idna (from httpx<1,>=0.27->ai-novel-studio==0.7.0)
2026-10-09T14:22:08.1977102Z   Downloading idna-3.20-py3-none-any.whl.metadata (7.2 kB)
2026-10-09T14:22:08.2157190Z Collecting h11>=0.16 (from httpcore==1.*->httpx<1,>=0.27->ai-novel-studio==0.7.0)
2026-10-09T14:22:08.2307670Z   Downloading h11-0.16.0-py3-none-any.whl.metadata (8.3 kB)
2026-10-09T14:22:08.2595047Z Collecting attrs>=22.2.0 (from jsonschema<5,>=4.18->ai-novel-studio==0.7.0)
2026-10-09T14:22:08.2745733Z   Downloading attrs-26.1.0-py3-none-any.whl.metadata (8.8 kB)
2026-10-09T14:22:08.2930579Z Collecting jsonschema-specifications>=2023.03.6 (from jsonschema<5,>=4.18->ai-novel-studio==0.7.0)
2026-10-09T14:22:08.3082920Z   Downloading jsonschema_specifications-2025.9.1-py3-none-any.whl.metadata (2.9 kB)
2026-10-09T14:22:08.3319059Z Collecting referencing>=0.28.4 (from jsonschema<5,>=4.18->ai-novel-studio==0.7.0)
2026-10-09T14:22:08.3472728Z   Downloading referencing-0.37.0-py3-none-any.whl.metadata (2.8 kB)
2026-10-09T14:22:08.4950743Z Collecting rpds-py>=0.25.0 (from jsonschema<5,>=4.18->ai-novel-studio==0.7.0)
2026-10-09T14:22:08.5107008Z   Downloading rpds_py-2026.9.1-cp312-cp312-manylinux_2_17_x86_64.manylinux2014_x86_64.whl.metadata (4.1 kB)
2026-10-09T14:22:08.6346709Z Collecting psycopg-binary==3.3.6 (from psycopg[binary]<4,>=3.2->ai-novel-studio==0.7.0)
2026-10-09T14:22:08.6503804Z   Downloading psycopg_binary-3.3.6-cp312-cp312-manylinux2014_x86_64.manylinux_2_17_x86_64.whl.metadata (2.7 kB)
2026-10-09T14:22:08.6716682Z Collecting python-dotenv>=0.21.0 (from pydantic-settings<3,>=2.6->ai-novel-studio==0.7.0)
2026-10-09T14:22:08.6869453Z   Downloading python_dotenv-1.2.4-py3-none-any.whl.metadata (29 kB)
2026-10-09T14:22:08.7066415Z Collecting iniconfig>=1 (from pytest<9,>=8->ai-novel-studio==0.7.0)
2026-10-09T14:22:08.7216676Z   Downloading iniconfig-2.3.0-py3-none-any.whl.metadata (2.5 kB)
2026-10-09T14:22:08.7412883Z Collecting packaging>=20 (from pytest<9,>=8->ai-novel-studio==0.7.0)
2026-10-09T14:22:08.7563345Z   Downloading packaging-26.3-py3-none-any.whl.metadata (3.5 kB)
2026-10-09T14:22:08.7744238Z Collecting pluggy<2,>=1.5 (from pytest<9,>=8->ai-novel-studio==0.7.0)
2026-10-09T14:22:08.7895034Z   Downloading pluggy-1.6.0-py3-none-any.whl.metadata (4.8 kB)
2026-10-09T14:22:08.8102323Z Collecting pygments>=2.7.2 (from pytest<9,>=8->ai-novel-studio==0.7.0)
2026-10-09T14:22:08.8253961Z   Downloading pygments-2.21.0-py3-none-any.whl.metadata (2.5 kB)
2026-10-09T14:22:08.9087314Z Collecting charset-normalizer (from reportlab<5,>=4.0->ai-novel-studio==0.7.0)
2026-10-09T14:22:08.9242770Z   Downloading charset_normalizer-3.5.2-cp312-cp312-manylinux2014_x86_64.manylinux_2_17_x86_64.manylinux_2_28_x86_64.whl.metadata (46 kB)
2026-10-09T14:22:08.9470241Z Collecting click>=7.0 (from uvicorn<1,>=0.30->ai-novel-studio==0.7.0)
2026-10-09T14:22:08.9621566Z   Downloading click-8.5.0-py3-none-any.whl.metadata (2.6 kB)
2026-10-09T14:22:08.9833930Z Collecting annotated-types>=0.6.0 (from pydantic>=2.9.0->fastapi<1,>=0.115->ai-novel-studio==0.7.0)
2026-10-09T14:22:08.9988289Z   Downloading annotated_types-0.8.0-py3-none-any.whl.metadata (15 kB)
2026-10-09T14:22:09.4598583Z Collecting pydantic-core==2.46.5 (from pydantic>=2.9.0->fastapi<1,>=0.115->ai-novel-studio==0.7.0)
2026-10-09T14:22:09.4753860Z   Downloading pydantic_core-2.46.5-cp312-cp312-manylinux_2_17_x86_64.manylinux2014_x86_64.whl.metadata (6.6 kB)
2026-10-09T14:22:09.5055554Z Downloading fonttools-4.59.1-cp312-cp312-manylinux1_x86_64.manylinux2014_x86_64.manylinux_2_17_x86_64.manylinux_2_5_x86_64.whl (4.9 MB)
2026-10-09T14:22:09.6437297Z    ━━━━━━━━━━━━━━━━━━━━━━━━━━━━━━━━━━━━━━━━ 4.9/4.9 MB 38.3 MB/s  0:00:00
2026-10-09T14:22:09.6622559Z Downloading opentimelineio-0.18.1-cp312-cp312-manylinux2014_x86_64.manylinux_2_17_x86_64.whl (842 kB)
2026-10-09T14:22:09.6669145Z    ━━━━━━━━━━━━━━━━━━━━━━━━━━━━━━━━━━━━━━━━ 842.8/842.8 kB 192.5 MB/s  0:00:00
2026-10-09T14:22:09.6821919Z Downloading pillow-12.3.0-cp312-cp312-manylinux_2_27_x86_64.manylinux_2_28_x86_64.whl (6.9 MB)
2026-10-09T14:22:09.7442942Z    ━━━━━━━━━━━━━━━━━━━━━━━━━━━━━━━━━━━━━━━━ 6.9/6.9 MB 111.0 MB/s  0:00:00
2026-10-09T14:22:09.7599109Z Downloading pypdf-6.19.0-py3-none-any.whl (395 kB)
2026-10-09T14:22:09.7778906Z Downloading fastapi-0.142.2-py3-none-any.whl (144 kB)
2026-10-09T14:22:09.7956380Z Downloading httpx-0.28.1-py3-none-any.whl (73 kB)
2026-10-09T14:22:09.8122093Z Downloading httpcore-1.0.9-py3-none-any.whl (78 kB)
2026-10-09T14:22:09.8295472Z Downloading jsonschema-4.26.0-py3-none-any.whl (90 kB)
2026-10-09T14:22:09.8574104Z Downloading psycopg-3.3.6-py3-none-any.whl (215 kB)
2026-10-09T14:22:09.8748638Z Downloading psycopg_binary-3.3.6-cp312-cp312-manylinux2014_x86_64.manylinux_2_17_x86_64.whl (5.2 MB)
2026-10-09T14:22:09.9039055Z    ━━━━━━━━━━━━━━━━━━━━━━━━━━━━━━━━━━━━━━━━ 5.2/5.2 MB 185.5 MB/s  0:00:00
2026-10-09T14:22:09.9198401Z Downloading pydantic_settings-2.15.0-py3-none-any.whl (69 kB)
2026-10-09T14:22:09.9368156Z Downloading pytest-8.4.2-py3-none-any.whl (365 kB)
2026-10-09T14:22:09.9543098Z Downloading pluggy-1.6.0-py3-none-any.whl (20 kB)
2026-10-09T14:22:09.9712338Z Downloading reportlab-4.5.1-py3-none-any.whl (2.0 MB)
2026-10-09T14:22:09.9779977Z    ━━━━━━━━━━━━━━━━━━━━━━━━━━━━━━━━━━━━━━━━ 2.0/2.0 MB 346.4 MB/s  0:00:00
2026-10-09T14:22:09.9939160Z Downloading sqlalchemy-2.1.3-cp312-cp312-manylinux2014_x86_64.manylinux_2_17_x86_64.manylinux_2_28_x86_64.whl (4.7 MB)
2026-10-09T14:22:10.0531963Z    ━━━━━━━━━━━━━━━━━━━━━━━━━━━━━━━━━━━━━━━━ 4.7/4.7 MB 77.4 MB/s  0:00:00
2026-10-09T14:22:10.0685313Z Downloading uvicorn-0.54.0-py3-none-any.whl (87 kB)
2026-10-09T14:22:10.0854440Z Downloading annotated_doc-0.0.5-py3-none-any.whl (5.3 kB)
2026-10-09T14:22:10.1021913Z Downloading attrs-26.1.0-py3-none-any.whl (67 kB)
2026-10-09T14:22:10.1191599Z Downloading click-8.5.0-py3-none-any.whl (125 kB)
2026-10-09T14:22:10.1362141Z Downloading h11-0.16.0-py3-none-any.whl (37 kB)
2026-10-09T14:22:10.1526637Z Downloading iniconfig-2.3.0-py3-none-any.whl (7.5 kB)
2026-10-09T14:22:10.1690489Z Downloading jsonschema_specifications-2025.9.1-py3-none-any.whl (18 kB)
2026-10-09T14:22:10.1854752Z Downloading opentelemetry_api-1.45.0-py3-none-any.whl (60 kB)
2026-10-09T14:22:10.2021834Z Downloading packaging-26.3-py3-none-any.whl (129 kB)
2026-10-09T14:22:10.2194301Z Downloading pydantic-2.13.5-py3-none-any.whl (472 kB)
2026-10-09T14:22:10.2371704Z Downloading pydantic_core-2.46.5-cp312-cp312-manylinux_2_17_x86_64.manylinux2014_x86_64.whl (2.1 MB)
2026-10-09T14:22:10.2543157Z    ━━━━━━━━━━━━━━━━━━━━━━━━━━━━━━━━━━━━━━━━ 2.1/2.1 MB 115.3 MB/s  0:00:00
2026-10-09T14:22:10.2694826Z Downloading annotated_types-0.8.0-py3-none-any.whl (13 kB)
2026-10-09T14:22:10.2932988Z Downloading pygments-2.21.0-py3-none-any.whl (1.3 MB)
2026-10-09T14:22:10.2990778Z    ━━━━━━━━━━━━━━━━━━━━━━━━━━━━━━━━━━━━━━━━ 1.3/1.3 MB 235.3 MB/s  0:00:00
2026-10-09T14:22:10.3141019Z Downloading python_dotenv-1.2.4-py3-none-any.whl (23 kB)
2026-10-09T14:22:10.3304115Z Downloading referencing-0.37.0-py3-none-any.whl (26 kB)
2026-10-09T14:22:10.3473575Z Downloading rpds_py-2026.9.1-cp312-cp312-manylinux_2_17_x86_64.manylinux2014_x86_64.whl (371 kB)
2026-10-09T14:22:10.3642590Z Downloading starlette-1.7.0-py3-none-any.whl (78 kB)
2026-10-09T14:22:10.3807086Z Downloading anyio-4.15.1-py3-none-any.whl (132 kB)
2026-10-09T14:22:10.3970689Z Downloading idna-3.20-py3-none-any.whl (69 kB)
2026-10-09T14:22:10.4137378Z Downloading typing_extensions-4.16.0-py3-none-any.whl (45 kB)
2026-10-09T14:22:10.4304759Z Downloading typing_inspection-0.4.4-py3-none-any.whl (14 kB)
2026-10-09T14:22:10.4470500Z Downloading certifi-2026.7.22-py3-none-any.whl (136 kB)
2026-10-09T14:22:10.4676901Z Downloading charset_normalizer-3.5.2-cp312-cp312-manylinux2014_x86_64.manylinux_2_17_x86_64.manylinux_2_28_x86_64.whl (257 kB)
2026-10-09T14:22:10.5450267Z Building wheels for collected packages: ai-novel-studio
2026-10-09T14:22:10.5456438Z   Building editable for ai-novel-studio (pyproject.toml): started
2026-10-09T14:22:11.2474364Z   Building editable for ai-novel-studio (pyproject.toml): finished with status 'done'
2026-10-09T14:22:11.2480471Z   Created wheel for ai-novel-studio: filename=ai_novel_studio-0.7.0-0.editable-py3-none-any.whl size=3192 sha256=ad985f2ada58b88f1a7430d35974873b68e1a98523325411e6dd1ab9075c0363
2026-10-09T14:22:11.2481582Z   Stored in directory: /home/runner/work/_temp/novel-ci-v2-independent-media.Ok7wBi/tmp/pip-ephem-wheel-cache-_egn937f/wheels/cb/8e/76/8fd625c7f611fd3d9e422e00cc4a74b7a01a6bd716013af335
2026-10-09T14:22:11.2493024Z Successfully built ai-novel-studio
2026-10-09T14:22:11.3104551Z Installing collected packages: typing-extensions, rpds-py, python-dotenv, pypdf, pygments, psycopg-binary, pluggy, Pillow, packaging, opentimelineio, iniconfig, idna, h11, fonttools, click, charset-normalizer, certifi, attrs, annotated-types, annotated-doc, uvicorn, typing-inspection, sqlalchemy, reportlab, referencing, pytest, pydantic-core, psycopg, opentelemetry-api, httpcore, anyio, starlette, pydantic, jsonschema-specifications, httpx, pydantic-settings, jsonschema, fastapi, ai-novel-studio
2026-10-09T14:22:15.8326478Z 
2026-10-09T14:22:15.8347241Z Successfully installed Pillow-12.3.0 ai-novel-studio-0.7.0 annotated-doc-0.0.5 annotated-types-0.8.0 anyio-4.15.1 attrs-26.1.0 certifi-2026.7.22 charset-normalizer-3.5.2 click-8.5.0 fastapi-0.142.2 fonttools-4.59.1 h11-0.16.0 httpcore-1.0.9 httpx-0.28.1 idna-3.20 iniconfig-2.3.0 jsonschema-4.26.0 jsonschema-specifications-2025.9.1 opentelemetry-api-1.45.0 opentimelineio-0.18.1 packaging-26.3 pluggy-1.6.0 psycopg-3.3.6 psycopg-binary-3.3.6 pydantic-2.13.5 pydantic-core-2.46.5 pydantic-settings-2.15.0 pygments-2.21.0 pypdf-6.19.0 pytest-8.4.2 python-dotenv-1.2.4 referencing-0.37.0 reportlab-4.5.1 rpds-py-2026.9.1 sqlalchemy-2.1.3 starlette-1.7.0 typing-extensions-4.16.0 typing-inspection-0.4.4 uvicorn-0.54.0
2026-10-09T14:22:16.3838079Z No broken requirements found.
2026-10-09T14:22:17.0208445Z ##[group]Run sudo apt-get update
2026-10-09T14:22:17.0208758Z [36;1msudo apt-get update[0m
2026-10-09T14:22:17.0209055Z [36;1msudo apt-get install -y --no-install-recommends ffmpeg[0m
2026-10-09T14:22:17.0209420Z [36;1mffmpeg -version > "$CI_RECEIPTS/ffmpeg-version.txt"[0m
2026-10-09T14:22:17.0209769Z [36;1mffprobe -version > "$CI_RECEIPTS/ffprobe-version.txt"[0m
2026-10-09T14:22:17.0210183Z [36;1mdpkg-query -W ffmpeg > "$CI_RECEIPTS/media-package-provenance.txt"[0m
2026-10-09T14:22:17.0277451Z shell: /usr/bin/bash -e {0}
2026-10-09T14:22:17.0277616Z env:
2026-10-09T14:22:17.0277732Z   MOCK_PROVIDER: true
2026-10-09T14:22:17.0277865Z   MOCK_STREAM_DELAY_MS: 0
2026-10-09T14:22:17.0278001Z   ENABLE_CLOUD: false
2026-10-09T14:22:17.0278138Z   CREDENTIAL_VAULT_BACKEND: memory
2026-10-09T14:22:17.0278306Z   CREDENTIAL_VAULT_ALLOW_MEMORY_FALLBACK: true
2026-10-09T14:22:17.0278480Z   PYTHONDONTWRITEBYTECODE: 1
2026-10-09T14:22:17.0278618Z   HF_HUB_OFFLINE: 1
2026-10-09T14:22:17.0278783Z   TRANSFORMERS_OFFLINE: 1
2026-10-09T14:22:17.0278954Z   pythonLocation: /opt/hostedtoolcache/Python/3.12.9/x64
2026-10-09T14:22:17.0279192Z   PKG_CONFIG_PATH: /opt/hostedtoolcache/Python/3.12.9/x64/lib/pkgconfig
2026-10-09T14:22:17.0279426Z   Python_ROOT_DIR: /opt/hostedtoolcache/Python/3.12.9/x64
2026-10-09T14:22:17.0279636Z   Python2_ROOT_DIR: /opt/hostedtoolcache/Python/3.12.9/x64
2026-10-09T14:22:17.0279841Z   Python3_ROOT_DIR: /opt/hostedtoolcache/Python/3.12.9/x64
2026-10-09T14:22:17.0280051Z   LD_LIBRARY_PATH: /opt/hostedtoolcache/Python/3.12.9/x64/lib
2026-10-09T14:22:17.0280268Z   CI_COVERAGE_SHA: 7f0d911549b04e8dbb7cf078316ad74c42095449
2026-10-09T14:22:17.0280476Z   CI_COVERAGE_TREE: 69d69ffe71838263069d164a0a07b39b5f4a4333
2026-10-09T14:22:17.0280719Z   CI_SANDBOX: /home/runner/work/_temp/novel-ci-v2-independent-media.Ok7wBi
2026-10-09T14:22:17.0281014Z   CI_PROJECT: /home/runner/work/_temp/novel-ci-v2-independent-media.Ok7wBi/project
2026-10-09T14:22:17.0281324Z   CI_RECEIPTS: /home/runner/work/_temp/novel-ci-v2-independent-media.Ok7wBi/receipts
2026-10-09T14:22:17.0281616Z   HOME: /home/runner/work/_temp/novel-ci-v2-independent-media.Ok7wBi/home
2026-10-09T14:22:17.0281900Z   USERPROFILE: /home/runner/work/_temp/novel-ci-v2-independent-media.Ok7wBi/home
2026-10-09T14:22:17.0282196Z   APPDATA: /home/runner/work/_temp/novel-ci-v2-independent-media.Ok7wBi/appdata
2026-10-09T14:22:17.0282505Z   LOCALAPPDATA: /home/runner/work/_temp/novel-ci-v2-independent-media.Ok7wBi/localappdata
2026-10-09T14:22:17.0282830Z   XDG_CONFIG_HOME: /home/runner/work/_temp/novel-ci-v2-independent-media.Ok7wBi/config
2026-10-09T14:22:17.0283138Z   XDG_CACHE_HOME: /home/runner/work/_temp/novel-ci-v2-independent-media.Ok7wBi/cache
2026-10-09T14:22:17.0283440Z   XDG_DATA_HOME: /home/runner/work/_temp/novel-ci-v2-independent-media.Ok7wBi/data
2026-10-09T14:22:17.0283737Z   XDG_STATE_HOME: /home/runner/work/_temp/novel-ci-v2-independent-media.Ok7wBi/state
2026-10-09T14:22:17.0284029Z   TMPDIR: /home/runner/work/_temp/novel-ci-v2-independent-media.Ok7wBi/tmp
2026-10-09T14:22:17.0284474Z   TMP: /home/runner/work/_temp/novel-ci-v2-independent-media.Ok7wBi/tmp
2026-10-09T14:22:17.0284735Z   TEMP: /home/runner/work/_temp/novel-ci-v2-independent-media.Ok7wBi/tmp
2026-10-09T14:22:17.0285020Z   PROJECT_ROOT: /home/runner/work/_temp/novel-ci-v2-independent-media.Ok7wBi/project
2026-10-09T14:22:17.0285342Z   NOVEL_DATA_PATH: /home/runner/work/_temp/novel-ci-v2-independent-media.Ok7wBi/data/novels
2026-10-09T14:22:17.0285671Z   BACKUP_PATH: /home/runner/work/_temp/novel-ci-v2-independent-media.Ok7wBi/data/backups
2026-10-09T14:22:17.0286269Z   DATABASE_BACKUP_PATH: /home/runner/work/_temp/novel-ci-v2-independent-media.Ok7wBi/data/database-backups
2026-10-09T14:22:17.0286825Z   KNOWLEDGE_SOURCE_PATH: /home/runner/work/_temp/novel-ci-v2-independent-media.Ok7wBi/data/novels
2026-10-09T14:22:17.0287211Z ##[endgroup]
2026-10-09T14:22:17.0820493Z Get:1 file:/etc/apt/apt-mirrors.txt Mirrorlist [144 B]
2026-10-09T14:22:17.1119960Z Hit:2 http://azure.archive.ubuntu.com/ubuntu noble InRelease
2026-10-09T14:22:17.1153830Z Hit:3 http://azure.archive.ubuntu.com/ubuntu noble-updates InRelease
2026-10-09T14:22:17.1155144Z Hit:4 http://azure.archive.ubuntu.com/ubuntu noble-backports InRelease
2026-10-09T14:22:17.1156177Z Hit:5 http://azure.archive.ubuntu.com/ubuntu noble-security InRelease
2026-10-09T14:22:17.1200567Z Hit:6 https://packages.microsoft.com/ubuntu/24.04/prod noble InRelease
2026-10-09T14:22:17.9261542Z Reading package lists...
2026-10-09T14:22:17.9494708Z Reading package lists...
2026-10-09T14:22:18.0786947Z Building dependency tree...
2026-10-09T14:22:18.0792116Z Reading state information...
2026-10-09T14:22:18.1848461Z The following additional packages will be installed:
2026-10-09T14:22:18.1848943Z   libass9 libasyncns0 libavc1394-0 libavcodec60 libavdevice60 libavfilter9
2026-10-09T14:22:18.1849317Z   libavformat60 libavutil58 libblas3 libbluray2 libbs2b0 libcaca0
2026-10-09T14:22:18.1849662Z   libcdio-cdda2t64 libcdio-paranoia2t64 libcdio19t64 libchromaprint1 libcjson1
2026-10-09T14:22:18.1850192Z   libcodec2-1.2 libdav1d7 libdc1394-25 libdecor-0-0 libflac12t64 libflite1
2026-10-09T14:22:18.1850612Z   libgme0 libgsm1 libhwy1t64 libiec61883-0 libjack-jackd2-0 libjxl0.7
2026-10-09T14:22:18.1851032Z   liblapack3 liblilv-0-0 libmbedcrypto7t64 libmp3lame0 libmpg123-0t64
2026-10-09T14:22:18.1851500Z   libmysofa1 libopenal-data libopenal1 libopenmpt0t64 libopus0 libplacebo338
2026-10-09T14:22:18.1851988Z   libpocketsphinx3 libpostproc57 libpulse0 librav1e0 libraw1394-11 librist4
2026-10-09T14:22:18.1856673Z   librsvg2-2 librubberband2 libsamplerate0 libsdl2-2.0-0 libserd-0-0 libshine3
2026-10-09T14:22:18.1857197Z   libsndfile1 libsndio7.0 libsord-0-0 libsoxr0 libspeex1 libsphinxbase3t64
2026-10-09T14:22:18.1857647Z   libsratom-0-0 libsrt1.5-gnutls libssh-gcrypt-4 libsvtav1enc1d1
2026-10-09T14:22:18.1858111Z   libswresample4 libswscale7 libtheora0 libtwolame0 libudfread0 libunibreak5
2026-10-09T14:22:18.1858625Z   libva-drm2 libva-x11-2 libva2 libvdpau1 libvidstab1.1 libvorbisenc2 libvpl2
2026-10-09T14:22:18.1859102Z   libvpx9 libx264-164 libx265-199 libxcb-shape0 libxv1 libxvidcore4 libzimg2
2026-10-09T14:22:18.1859539Z   libzix-0-0 libzvbi-common libzvbi0t64 ocl-icd-libopencl1
2026-10-09T14:22:18.1859886Z Suggested packages:
2026-10-09T14:22:18.1860263Z   ffmpeg-doc libcuda1 libnvcuvid1 libnvidia-encode1 libbluray-bdj jackd2
2026-10-09T14:22:18.1860767Z   libportaudio2 opus-tools pulseaudio libraw1394-doc librsvg2-bin serdi sndiod
2026-10-09T14:22:18.1861144Z   sordi speex opencl-icd
2026-10-09T14:22:18.1861374Z Recommended packages:
2026-10-09T14:22:18.1861682Z   libaacs0 default-libdecor-0-plugin-1 | libdecor-0-plugin-1
2026-10-09T14:22:18.1862096Z   pocketsphinx-en-us librsvg2-common va-driver-all | va-driver
2026-10-09T14:22:18.1862438Z   vdpau-driver-all | vdpau-driver
2026-10-09T14:22:18.2127487Z The following NEW packages will be installed:
2026-10-09T14:22:18.2128010Z   ffmpeg libass9 libasyncns0 libavc1394-0 libavcodec60 libavdevice60
2026-10-09T14:22:18.2129062Z   libavfilter9 libavformat60 libavutil58 libblas3 libbluray2 libbs2b0 libcaca0
2026-10-09T14:22:18.2129739Z   libcdio-cdda2t64 libcdio-paranoia2t64 libcdio19t64 libchromaprint1 libcjson1
2026-10-09T14:22:18.2130386Z   libcodec2-1.2 libdav1d7 libdc1394-25 libdecor-0-0 libflac12t64 libflite1
2026-10-09T14:22:18.2130965Z   libgme0 libgsm1 libhwy1t64 libiec61883-0 libjack-jackd2-0 libjxl0.7
2026-10-09T14:22:18.2131498Z   liblapack3 liblilv-0-0 libmbedcrypto7t64 libmp3lame0 libmpg123-0t64
2026-10-09T14:22:18.2136432Z   libmysofa1 libopenal-data libopenal1 libopenmpt0t64 libopus0 libplacebo338
2026-10-09T14:22:18.2146489Z   libpocketsphinx3 libpostproc57 libpulse0 librav1e0 libraw1394-11 librist4
2026-10-09T14:22:18.2146999Z   librsvg2-2 librubberband2 libsamplerate0 libsdl2-2.0-0 libserd-0-0 libshine3
2026-10-09T14:22:18.2147492Z   libsndfile1 libsndio7.0 libsord-0-0 libsoxr0 libspeex1 libsphinxbase3t64
2026-10-09T14:22:18.2148258Z   libsratom-0-0 libsrt1.5-gnutls libssh-gcrypt-4 libsvtav1enc1d1
2026-10-09T14:22:18.2148733Z   libswresample4 libswscale7 libtheora0 libtwolame0 libudfread0 libunibreak5
2026-10-09T14:22:18.2149230Z   libva-drm2 libva-x11-2 libva2 libvdpau1 libvidstab1.1 libvorbisenc2 libvpl2
2026-10-09T14:22:18.2149718Z   libvpx9 libx264-164 libx265-199 libxcb-shape0 libxv1 libxvidcore4 libzimg2
2026-10-09T14:22:18.2150147Z   libzix-0-0 libzvbi-common libzvbi0t64 ocl-icd-libopencl1
2026-10-09T14:22:18.2282220Z 0 upgraded, 87 newly installed, 0 to remove and 22 not upgraded.
2026-10-09T14:22:18.2282632Z Need to get 62.8 MB of archives.
2026-10-09T14:22:18.2283009Z After this operation, 173 MB of additional disk space will be used.
2026-10-09T14:22:18.2283436Z Get:1 file:/etc/apt/apt-mirrors.txt Mirrorlist [144 B]
2026-10-09T14:22:18.2721224Z Get:2 http://azure.archive.ubuntu.com/ubuntu noble-updates/universe amd64 libva2 amd64 2.20.0-2ubuntu0.2 [66.4 kB]
2026-10-09T14:22:18.3058581Z Get:3 http://azure.archive.ubuntu.com/ubuntu noble-updates/universe amd64 libva-drm2 amd64 2.20.0-2ubuntu0.2 [7124 B]
2026-10-09T14:22:18.3359142Z Get:4 http://azure.archive.ubuntu.com/ubuntu noble-updates/universe amd64 libva-x11-2 amd64 2.20.0-2ubuntu0.2 [12.0 kB]
2026-10-09T14:22:18.3659347Z Get:5 http://azure.archive.ubuntu.com/ubuntu noble/main amd64 libvdpau1 amd64 1.5-2build1 [27.8 kB]
2026-10-09T14:22:18.3961007Z Get:6 http://azure.archive.ubuntu.com/ubuntu noble/universe amd64 libvpl2 amd64 2023.3.0-1build1 [99.8 kB]
2026-10-09T14:22:18.4276572Z Get:7 http://azure.archive.ubuntu.com/ubuntu noble/universe amd64 ocl-icd-libopencl1 amd64 2.3.2-1build1 [38.5 kB]
2026-10-09T14:22:18.4578164Z Get:8 http://azure.archive.ubuntu.com/ubuntu noble/universe amd64 libavutil58 amd64 7:6.1.1-3ubuntu5 [401 kB]
2026-10-09T14:22:18.4896446Z Get:9 http://azure.archive.ubuntu.com/ubuntu noble/universe amd64 libcodec2-1.2 amd64 1.2.0-2build1 [8998 kB]
2026-10-09T14:22:18.6109351Z Get:10 http://azure.archive.ubuntu.com/ubuntu noble/universe amd64 libdav1d7 amd64 1.4.1-1build1 [604 kB]
2026-10-09T14:22:18.6442678Z Get:11 http://azure.archive.ubuntu.com/ubuntu noble/universe amd64 libgsm1 amd64 1.0.22-1build1 [27.8 kB]
2026-10-09T14:22:18.6717298Z Get:12 http://azure.archive.ubuntu.com/ubuntu noble/universe amd64 libhwy1t64 amd64 1.0.7-8.1build1 [584 kB]
2026-10-09T14:22:18.7046605Z Get:13 http://azure.archive.ubuntu.com/ubuntu noble-updates/universe amd64 libjxl0.7 amd64 0.7.0-10.2ubuntu6.1 [1001 kB]
2026-10-09T14:22:18.7396829Z Get:14 http://azure.archive.ubuntu.com/ubuntu noble/main amd64 libmp3lame0 amd64 3.100-6build1 [142 kB]
2026-10-09T14:22:18.7703879Z Get:15 http://azure.archive.ubuntu.com/ubuntu noble/main amd64 libopus0 amd64 1.4-1build1 [208 kB]
2026-10-09T14:22:18.8957830Z Get:16 http://azure.archive.ubuntu.com/ubuntu noble/universe amd64 librav1e0 amd64 0.7.1-2 [1022 kB]
2026-10-09T14:22:19.0172526Z Get:17 http://azure.archive.ubuntu.com/ubuntu noble-updates/main amd64 librsvg2-2 amd64 2.58.0+dfsg-1ubuntu0.1 [2141 kB]
2026-10-09T14:22:19.1369266Z Get:18 http://azure.archive.ubuntu.com/ubuntu noble/universe amd64 libshine3 amd64 3.1.1-2build1 [23.2 kB]
2026-10-09T14:22:19.2670615Z Get:19 http://azure.archive.ubuntu.com/ubuntu noble-updates/main amd64 libspeex1 amd64 1.2.1-2ubuntu2.24.04.1 [59.6 kB]
2026-10-09T14:22:19.4264727Z Get:20 http://azure.archive.ubuntu.com/ubuntu noble/universe amd64 libsvtav1enc1d1 amd64 1.7.0+dfsg-2build1 [2425 kB]
2026-10-09T14:22:19.5067069Z Get:21 http://azure.archive.ubuntu.com/ubuntu noble/universe amd64 libsoxr0 amd64 0.1.3-4build3 [80.0 kB]
2026-10-09T14:22:19.6260374Z Get:22 http://azure.archive.ubuntu.com/ubuntu noble/universe amd64 libswresample4 amd64 7:6.1.1-3ubuntu5 [63.8 kB]
2026-10-09T14:22:19.6565682Z Get:23 http://azure.archive.ubuntu.com/ubuntu noble/main amd64 libtheora0 amd64 1.1.1+dfsg.1-16.1build3 [211 kB]
2026-10-09T14:22:19.6873917Z Get:24 http://azure.archive.ubuntu.com/ubuntu noble/main amd64 libtwolame0 amd64 0.4.0-2build3 [52.3 kB]
2026-10-09T14:22:19.7177454Z Get:25 http://azure.archive.ubuntu.com/ubuntu noble/main amd64 libvorbisenc2 amd64 1.3.7-1build3 [80.8 kB]
2026-10-09T14:22:19.7481108Z Get:26 http://azure.archive.ubuntu.com/ubuntu noble-updates/main amd64 libvpx9 amd64 1.14.0-1ubuntu2.3 [1143 kB]
2026-10-09T14:22:19.7831952Z Get:27 http://azure.archive.ubuntu.com/ubuntu noble/universe amd64 libx264-164 amd64 2:0.164.3108+git31e19f9-1 [604 kB]
2026-10-09T14:22:19.8156295Z Get:28 http://azure.archive.ubuntu.com/ubuntu noble/universe amd64 libx265-199 amd64 3.5-2build1 [1226 kB]
2026-10-09T14:22:19.8505569Z Get:29 http://azure.archive.ubuntu.com/ubuntu noble/universe amd64 libxvidcore4 amd64 2:1.3.7-1build1 [219 kB]
2026-10-09T14:22:19.8816142Z Get:30 http://azure.archive.ubuntu.com/ubuntu noble/universe amd64 libzvbi-common all 0.2.42-2 [42.4 kB]
2026-10-09T14:22:19.9119351Z Get:31 http://azure.archive.ubuntu.com/ubuntu noble/universe amd64 libzvbi0t64 amd64 0.2.42-2 [261 kB]
2026-10-09T14:22:19.9434434Z Get:32 http://azure.archive.ubuntu.com/ubuntu noble/universe amd64 libavcodec60 amd64 7:6.1.1-3ubuntu5 [5851 kB]
2026-10-09T14:22:20.0279611Z Get:33 http://azure.archive.ubuntu.com/ubuntu noble/main amd64 libraw1394-11 amd64 2.1.2-2build3 [26.2 kB]
2026-10-09T14:22:20.0558631Z Get:34 http://azure.archive.ubuntu.com/ubuntu noble/main amd64 libavc1394-0 amd64 0.5.4-5build3 [15.4 kB]
2026-10-09T14:22:20.0836824Z Get:35 http://azure.archive.ubuntu.com/ubuntu noble/universe amd64 libunibreak5 amd64 5.1-2build1 [25.0 kB]
2026-10-09T14:22:20.1114404Z Get:36 http://azure.archive.ubuntu.com/ubuntu noble/universe amd64 libass9 amd64 1:0.17.1-2build1 [104 kB]
2026-10-09T14:22:20.1395956Z Get:37 http://azure.archive.ubuntu.com/ubuntu noble/universe amd64 libudfread0 amd64 1.1.2-1build1 [19.0 kB]
2026-10-09T14:22:20.1674353Z Get:38 http://azure.archive.ubuntu.com/ubuntu noble/universe amd64 libbluray2 amd64 1:1.3.4-1build1 [159 kB]
2026-10-09T14:22:20.2389066Z Get:39 http://azure.archive.ubuntu.com/ubuntu noble/universe amd64 libchromaprint1 amd64 1.5.1-5 [30.5 kB]
2026-10-09T14:22:20.2664926Z Get:40 http://azure.archive.ubuntu.com/ubuntu noble/universe amd64 libgme0 amd64 0.6.3-7build1 [134 kB]
2026-10-09T14:22:20.2945282Z Get:41 http://azure.archive.ubuntu.com/ubuntu noble-updates/main amd64 libmpg123-0t64 amd64 1.32.5-1ubuntu1.1 [169 kB]
2026-10-09T14:22:20.3264521Z Get:42 http://azure.archive.ubuntu.com/ubuntu noble/universe amd64 libopenmpt0t64 amd64 0.7.3-1.1build3 [647 kB]
2026-10-09T14:22:20.3603321Z Get:43 http://azure.archive.ubuntu.com/ubuntu noble/universe amd64 libcjson1 amd64 1.7.17-1 [24.8 kB]
2026-10-09T14:22:20.3914010Z Get:44 http://azure.archive.ubuntu.com/ubuntu noble/universe amd64 libmbedcrypto7t64 amd64 2.28.8-1 [209 kB]
2026-10-09T14:22:20.4231989Z Get:45 http://azure.archive.ubuntu.com/ubuntu noble/universe amd64 librist4 amd64 0.2.10+dfsg-2 [74.9 kB]
2026-10-09T14:22:20.4547469Z Get:46 http://azure.archive.ubuntu.com/ubuntu noble/universe amd64 libsrt1.5-gnutls amd64 1.5.3-1build2 [316 kB]
2026-10-09T14:22:20.4836201Z Get:47 http://azure.archive.ubuntu.com/ubuntu noble-updates/main amd64 libssh-gcrypt-4 amd64 0.10.6-2ubuntu0.5 [226 kB]
2026-10-09T14:22:20.5130557Z Get:48 http://azure.archive.ubuntu.com/ubuntu noble/universe amd64 libavformat60 amd64 7:6.1.1-3ubuntu5 [1153 kB]
2026-10-09T14:22:20.5452632Z Get:49 http://azure.archive.ubuntu.com/ubuntu noble/universe amd64 libbs2b0 amd64 3.1.0+dfsg-7build1 [10.6 kB]
2026-10-09T14:22:20.5730717Z Get:50 http://azure.archive.ubuntu.com/ubuntu noble/universe amd64 libflite1 amd64 2.2-6build3 [13.6 MB]
2026-10-09T14:22:20.7208611Z Get:51 http://azure.archive.ubuntu.com/ubuntu noble/universe amd64 libserd-0-0 amd64 0.32.2-1 [43.6 kB]
2026-10-09T14:22:20.7487132Z Get:52 http://azure.archive.ubuntu.com/ubuntu noble/universe amd64 libzix-0-0 amd64 0.4.2-2build1 [23.6 kB]
2026-10-09T14:22:20.7764757Z Get:53 http://azure.archive.ubuntu.com/ubuntu noble/universe amd64 libsord-0-0 amd64 0.16.16-2build1 [15.8 kB]
2026-10-09T14:22:20.8046073Z Get:54 http://azure.archive.ubuntu.com/ubuntu noble/universe amd64 libsratom-0-0 amd64 0.6.16-1build1 [17.3 kB]
2026-10-09T14:22:20.8321417Z Get:55 http://azure.archive.ubuntu.com/ubuntu noble/universe amd64 liblilv-0-0 amd64 0.24.22-1build1 [41.0 kB]
2026-10-09T14:22:20.8596509Z Get:56 http://azure.archive.ubuntu.com/ubuntu noble/universe amd64 libmysofa1 amd64 1.3.2+dfsg-2ubuntu2 [1158 kB]
2026-10-09T14:22:20.8914713Z Get:57 http://azure.archive.ubuntu.com/ubuntu noble/universe amd64 libplacebo338 amd64 6.338.2-2build1 [2654 kB]
2026-10-09T14:22:20.9763800Z Get:58 http://azure.archive.ubuntu.com/ubuntu noble-updates/main amd64 libblas3 amd64 3.12.0-3build1.1 [238 kB]
2026-10-09T14:22:21.0074482Z Get:59 http://azure.archive.ubuntu.com/ubuntu noble-updates/main amd64 liblapack3 amd64 3.12.0-3build1.1 [2646 kB]
2026-10-09T14:22:21.0482634Z Get:60 http://azure.archive.ubuntu.com/ubuntu noble/main amd64 libasyncns0 amd64 0.8-6build4 [11.3 kB]
2026-10-09T14:22:21.0784849Z Get:61 http://azure.archive.ubuntu.com/ubuntu noble/main amd64 libflac12t64 amd64 1.4.3+ds-2.1ubuntu2 [197 kB]
2026-10-09T14:22:21.1097083Z Get:62 http://azure.archive.ubuntu.com/ubuntu noble-updates/main amd64 libsndfile1 amd64 1.2.2-1ubuntu5.24.04.1 [209 kB]
2026-10-09T14:22:21.1412997Z Get:63 http://azure.archive.ubuntu.com/ubuntu noble-updates/main amd64 libpulse0 amd64 1:16.1+dfsg1-2ubuntu10.1 [292 kB]
2026-10-09T14:22:21.1728175Z Get:64 http://azure.archive.ubuntu.com/ubuntu noble/universe amd64 libsphinxbase3t64 amd64 0.8+5prealpha+1-17build2 [126 kB]
2026-10-09T14:22:21.2012018Z Get:65 http://azure.archive.ubuntu.com/ubuntu noble/universe amd64 libpocketsphinx3 amd64 0.8.0+real5prealpha+1-15ubuntu5 [133 kB]
2026-10-09T14:22:21.2331312Z Get:66 http://azure.archive.ubuntu.com/ubuntu noble/universe amd64 libpostproc57 amd64 7:6.1.1-3ubuntu5 [49.9 kB]
2026-10-09T14:22:21.2614392Z Get:67 http://azure.archive.ubuntu.com/ubuntu noble/main amd64 libsamplerate0 amd64 0.2.2-4build1 [1344 kB]
2026-10-09T14:22:21.3093286Z Get:68 http://azure.archive.ubuntu.com/ubuntu noble/universe amd64 librubberband2 amd64 3.3.0+dfsg-2build1 [130 kB]
2026-10-09T14:22:21.3375300Z Get:69 http://azure.archive.ubuntu.com/ubuntu noble/universe amd64 libswscale7 amd64 7:6.1.1-3ubuntu5 [193 kB]
2026-10-09T14:22:21.3660304Z Get:70 http://azure.archive.ubuntu.com/ubuntu noble/universe amd64 libvidstab1.1 amd64 1.1.0-2build1 [38.5 kB]
2026-10-09T14:22:21.3935931Z Get:71 http://azure.archive.ubuntu.com/ubuntu noble/universe amd64 libzimg2 amd64 3.0.5+ds1-1build1 [254 kB]
2026-10-09T14:22:21.4223962Z Get:72 http://azure.archive.ubuntu.com/ubuntu noble/universe amd64 libavfilter9 amd64 7:6.1.1-3ubuntu5 [4235 kB]
2026-10-09T14:22:21.5597242Z Get:73 http://azure.archive.ubuntu.com/ubuntu noble-updates/main amd64 libcaca0 amd64 0.99.beta20-4ubuntu0.2 [209 kB]
2026-10-09T14:22:21.5882979Z Get:74 http://azure.archive.ubuntu.com/ubuntu noble-updates/main amd64 libcdio19t64 amd64 2.1.0-4.1ubuntu1.2 [62.4 kB]
2026-10-09T14:22:21.6163235Z Get:75 http://azure.archive.ubuntu.com/ubuntu noble/main amd64 libcdio-cdda2t64 amd64 10.2+2.0.1-1.1build2 [16.5 kB]
2026-10-09T14:22:21.6898274Z Get:76 http://azure.archive.ubuntu.com/ubuntu noble/main amd64 libcdio-paranoia2t64 amd64 10.2+2.0.1-1.1build2 [16.6 kB]
2026-10-09T14:22:21.7186698Z Get:77 http://azure.archive.ubuntu.com/ubuntu noble/universe amd64 libdc1394-25 amd64 2.2.6-4build1 [90.1 kB]
2026-10-09T14:22:21.7464537Z Get:78 http://azure.archive.ubuntu.com/ubuntu noble/main amd64 libiec61883-0 amd64 1.2.0-6build1 [24.5 kB]
2026-10-09T14:22:21.7739976Z Get:79 http://azure.archive.ubuntu.com/ubuntu noble/main amd64 libjack-jackd2-0 amd64 1.9.21~dfsg-3ubuntu3 [289 kB]
2026-10-09T14:22:21.8034145Z Get:80 http://azure.archive.ubuntu.com/ubuntu noble/universe amd64 libopenal-data all 1:1.23.1-4build1 [161 kB]
2026-10-09T14:22:21.8314536Z Get:81 http://azure.archive.ubuntu.com/ubuntu noble/universe amd64 libsndio7.0 amd64 1.9.0-0.3build3 [29.6 kB]
2026-10-09T14:22:21.8594481Z Get:82 http://azure.archive.ubuntu.com/ubuntu noble/universe amd64 libopenal1 amd64 1:1.23.1-4build1 [540 kB]
2026-10-09T14:22:21.8891594Z Get:83 http://azure.archive.ubuntu.com/ubuntu noble/main amd64 libdecor-0-0 amd64 0.2.2-1build2 [16.5 kB]
2026-10-09T14:22:21.9171646Z Get:84 http://azure.archive.ubuntu.com/ubuntu noble-updates/main amd64 libsdl2-2.0-0 amd64 2.30.0+dfsg-1ubuntu3.1 [686 kB]
2026-10-09T14:22:21.9476295Z Get:85 http://azure.archive.ubuntu.com/ubuntu noble/main amd64 libxcb-shape0 amd64 1.15-1ubuntu2 [6100 B]
2026-10-09T14:22:21.9777530Z Get:86 http://azure.archive.ubuntu.com/ubuntu noble/main amd64 libxv1 amd64 2:1.0.11-1.1build1 [10.7 kB]
2026-10-09T14:22:22.0096255Z Get:87 http://azure.archive.ubuntu.com/ubuntu noble/universe amd64 libavdevice60 amd64 7:6.1.1-3ubuntu5 [82.3 kB]
2026-10-09T14:22:22.0823239Z Get:88 http://azure.archive.ubuntu.com/ubuntu noble/universe amd64 ffmpeg amd64 7:6.1.1-3ubuntu5 [1879 kB]
2026-10-09T14:22:22.4349186Z Fetched 62.8 MB in 4s (15.8 MB/s)
2026-10-09T14:22:22.4500681Z Selecting previously unselected package libva2:amd64.
2026-10-09T14:22:22.4549152Z (Reading database ... 
2026-10-09T14:22:22.4549454Z (Reading database ... 5%
2026-10-09T14:22:22.4549696Z (Reading database ... 10%
2026-10-09T14:22:22.4549919Z (Reading database ... 15%
2026-10-09T14:22:22.4550120Z (Reading database ... 20%
2026-10-09T14:22:22.4550423Z (Reading database ... 25%
2026-10-09T14:22:22.4550614Z (Reading database ... 30%
2026-10-09T14:22:22.4550835Z (Reading database ... 35%
2026-10-09T14:22:22.4551023Z (Reading database ... 40%
2026-10-09T14:22:22.4551330Z (Reading database ... 45%
2026-10-09T14:22:22.4551523Z (Reading database ... 50%
2026-10-09T14:22:22.4565095Z (Reading database ... 55%
2026-10-09T14:22:22.4633497Z (Reading database ... 60%
2026-10-09T14:22:22.4652318Z (Reading database ... 65%
2026-10-09T14:22:22.4666531Z (Reading database ... 70%
2026-10-09T14:22:22.4691193Z (Reading database ... 75%
2026-10-09T14:22:22.4709367Z (Reading database ... 80%
2026-10-09T14:22:22.4802467Z (Reading database ... 85%
2026-10-09T14:22:22.4854801Z (Reading database ... 90%
2026-10-09T14:22:22.5033696Z (Reading database ... 95%
2026-10-09T14:22:22.5033913Z (Reading database ... 100%
2026-10-09T14:22:22.5034581Z (Reading database ... 203458 files and directories currently installed.)
2026-10-09T14:22:22.5071201Z Preparing to unpack .../00-libva2_2.20.0-2ubuntu0.2_amd64.deb ...
2026-10-09T14:22:22.5083497Z Unpacking libva2:amd64 (2.20.0-2ubuntu0.2) ...
2026-10-09T14:22:22.5275409Z Selecting previously unselected package libva-drm2:amd64.
2026-10-09T14:22:22.5372133Z Preparing to unpack .../01-libva-drm2_2.20.0-2ubuntu0.2_amd64.deb ...
2026-10-09T14:22:22.5378787Z Unpacking libva-drm2:amd64 (2.20.0-2ubuntu0.2) ...
2026-10-09T14:22:22.5547886Z Selecting previously unselected package libva-x11-2:amd64.
2026-10-09T14:22:22.5644237Z Preparing to unpack .../02-libva-x11-2_2.20.0-2ubuntu0.2_amd64.deb ...
2026-10-09T14:22:22.5650787Z Unpacking libva-x11-2:amd64 (2.20.0-2ubuntu0.2) ...
2026-10-09T14:22:22.5820807Z Selecting previously unselected package libvdpau1:amd64.
2026-10-09T14:22:22.5916393Z Preparing to unpack .../03-libvdpau1_1.5-2build1_amd64.deb ...
2026-10-09T14:22:22.5922734Z Unpacking libvdpau1:amd64 (1.5-2build1) ...
2026-10-09T14:22:22.6093862Z Selecting previously unselected package libvpl2.
2026-10-09T14:22:22.6189162Z Preparing to unpack .../04-libvpl2_2023.3.0-1build1_amd64.deb ...
2026-10-09T14:22:22.6196644Z Unpacking libvpl2 (2023.3.0-1build1) ...
2026-10-09T14:22:22.6486423Z Selecting previously unselected package ocl-icd-libopencl1:amd64.
2026-10-09T14:22:22.6583178Z Preparing to unpack .../05-ocl-icd-libopencl1_2.3.2-1build1_amd64.deb ...
2026-10-09T14:22:22.6588909Z Unpacking ocl-icd-libopencl1:amd64 (2.3.2-1build1) ...
2026-10-09T14:22:22.6786972Z Selecting previously unselected package libavutil58:amd64.
2026-10-09T14:22:22.6881579Z Preparing to unpack .../06-libavutil58_7%3a6.1.1-3ubuntu5_amd64.deb ...
2026-10-09T14:22:22.6887261Z Unpacking libavutil58:amd64 (7:6.1.1-3ubuntu5) ...
2026-10-09T14:22:22.7084132Z Selecting previously unselected package libcodec2-1.2:amd64.
2026-10-09T14:22:22.7179183Z Preparing to unpack .../07-libcodec2-1.2_1.2.0-2build1_amd64.deb ...
2026-10-09T14:22:22.7184692Z Unpacking libcodec2-1.2:amd64 (1.2.0-2build1) ...
2026-10-09T14:22:22.8627462Z Selecting previously unselected package libdav1d7:amd64.
2026-10-09T14:22:22.8727969Z Preparing to unpack .../08-libdav1d7_1.4.1-1build1_amd64.deb ...
2026-10-09T14:22:22.8734295Z Unpacking libdav1d7:amd64 (1.4.1-1build1) ...
2026-10-09T14:22:22.8952429Z Selecting previously unselected package libgsm1:amd64.
2026-10-09T14:22:22.9054423Z Preparing to unpack .../09-libgsm1_1.0.22-1build1_amd64.deb ...
2026-10-09T14:22:22.9061396Z Unpacking libgsm1:amd64 (1.0.22-1build1) ...
2026-10-09T14:22:22.9243244Z Selecting previously unselected package libhwy1t64:amd64.
2026-10-09T14:22:22.9343349Z Preparing to unpack .../10-libhwy1t64_1.0.7-8.1build1_amd64.deb ...
2026-10-09T14:22:22.9349545Z Unpacking libhwy1t64:amd64 (1.0.7-8.1build1) ...
2026-10-09T14:22:22.9620707Z Selecting previously unselected package libjxl0.7:amd64.
2026-10-09T14:22:22.9722996Z Preparing to unpack .../11-libjxl0.7_0.7.0-10.2ubuntu6.1_amd64.deb ...
2026-10-09T14:22:22.9729731Z Unpacking libjxl0.7:amd64 (0.7.0-10.2ubuntu6.1) ...
2026-10-09T14:22:23.0027691Z Selecting previously unselected package libmp3lame0:amd64.
2026-10-09T14:22:23.0128612Z Preparing to unpack .../12-libmp3lame0_3.100-6build1_amd64.deb ...
2026-10-09T14:22:23.0135230Z Unpacking libmp3lame0:amd64 (3.100-6build1) ...
2026-10-09T14:22:23.0515097Z Selecting previously unselected package libopus0:amd64.
2026-10-09T14:22:23.0617892Z Preparing to unpack .../13-libopus0_1.4-1build1_amd64.deb ...
2026-10-09T14:22:23.0624421Z Unpacking libopus0:amd64 (1.4-1build1) ...
2026-10-09T14:22:23.0905174Z Selecting previously unselected package librav1e0:amd64.
2026-10-09T14:22:23.1186698Z Preparing to unpack .../14-librav1e0_0.7.1-2_amd64.deb ...
2026-10-09T14:22:23.1206791Z Unpacking librav1e0:amd64 (0.7.1-2) ...
2026-10-09T14:22:23.1630454Z Selecting previously unselected package librsvg2-2:amd64.
2026-10-09T14:22:23.1734422Z Preparing to unpack .../15-librsvg2-2_2.58.0+dfsg-1ubuntu0.1_amd64.deb ...
2026-10-09T14:22:23.1740964Z Unpacking librsvg2-2:amd64 (2.58.0+dfsg-1ubuntu0.1) ...
2026-10-09T14:22:23.2317596Z Selecting previously unselected package libshine3:amd64.
2026-10-09T14:22:23.2418293Z Preparing to unpack .../16-libshine3_3.1.1-2build1_amd64.deb ...
2026-10-09T14:22:23.2481733Z Unpacking libshine3:amd64 (3.1.1-2build1) ...
2026-10-09T14:22:23.2644698Z Selecting previously unselected package libspeex1:amd64.
2026-10-09T14:22:23.2743237Z Preparing to unpack .../17-libspeex1_1.2.1-2ubuntu2.24.04.1_amd64.deb ...
2026-10-09T14:22:23.2748636Z Unpacking libspeex1:amd64 (1.2.1-2ubuntu2.24.04.1) ...
2026-10-09T14:22:23.2915454Z Selecting previously unselected package libsvtav1enc1d1:amd64.
2026-10-09T14:22:23.3015926Z Preparing to unpack .../18-libsvtav1enc1d1_1.7.0+dfsg-2build1_amd64.deb ...
2026-10-09T14:22:23.3021949Z Unpacking libsvtav1enc1d1:amd64 (1.7.0+dfsg-2build1) ...
2026-10-09T14:22:23.3639658Z Selecting previously unselected package libsoxr0:amd64.
2026-10-09T14:22:23.3742879Z Preparing to unpack .../19-libsoxr0_0.1.3-4build3_amd64.deb ...
2026-10-09T14:22:23.3749207Z Unpacking libsoxr0:amd64 (0.1.3-4build3) ...
2026-10-09T14:22:23.3948021Z Selecting previously unselected package libswresample4:amd64.
2026-10-09T14:22:23.4052116Z Preparing to unpack .../20-libswresample4_7%3a6.1.1-3ubuntu5_amd64.deb ...
2026-10-09T14:22:23.4058646Z Unpacking libswresample4:amd64 (7:6.1.1-3ubuntu5) ...
2026-10-09T14:22:23.4257643Z Selecting previously unselected package libtheora0:amd64.
2026-10-09T14:22:23.4360094Z Preparing to unpack .../21-libtheora0_1.1.1+dfsg.1-16.1build3_amd64.deb ...
2026-10-09T14:22:23.4485174Z Unpacking libtheora0:amd64 (1.1.1+dfsg.1-16.1build3) ...
2026-10-09T14:22:23.4707458Z Selecting previously unselected package libtwolame0:amd64.
2026-10-09T14:22:23.4812396Z Preparing to unpack .../22-libtwolame0_0.4.0-2build3_amd64.deb ...
2026-10-09T14:22:23.4819308Z Unpacking libtwolame0:amd64 (0.4.0-2build3) ...
2026-10-09T14:22:23.5019120Z Selecting previously unselected package libvorbisenc2:amd64.
2026-10-09T14:22:23.5122290Z Preparing to unpack .../23-libvorbisenc2_1.3.7-1build3_amd64.deb ...
2026-10-09T14:22:23.5128803Z Unpacking libvorbisenc2:amd64 (1.3.7-1build3) ...
2026-10-09T14:22:23.5335973Z Selecting previously unselected package libvpx9:amd64.
2026-10-09T14:22:23.5440517Z Preparing to unpack .../24-libvpx9_1.14.0-1ubuntu2.3_amd64.deb ...
2026-10-09T14:22:23.5447345Z Unpacking libvpx9:amd64 (1.14.0-1ubuntu2.3) ...
2026-10-09T14:22:23.5915685Z Selecting previously unselected package libx264-164:amd64.
2026-10-09T14:22:23.6018814Z Preparing to unpack .../25-libx264-164_2%3a0.164.3108+git31e19f9-1_amd64.deb ...
2026-10-09T14:22:23.6025502Z Unpacking libx264-164:amd64 (2:0.164.3108+git31e19f9-1) ...
2026-10-09T14:22:23.6271789Z Selecting previously unselected package libx265-199:amd64.
2026-10-09T14:22:23.6373158Z Preparing to unpack .../26-libx265-199_3.5-2build1_amd64.deb ...
2026-10-09T14:22:23.6484758Z Unpacking libx265-199:amd64 (3.5-2build1) ...
2026-10-09T14:22:23.7726997Z Selecting previously unselected package libxvidcore4:amd64.
2026-10-09T14:22:23.7827644Z Preparing to unpack .../27-libxvidcore4_2%3a1.3.7-1build1_amd64.deb ...
2026-10-09T14:22:23.7839040Z Unpacking libxvidcore4:amd64 (2:1.3.7-1build1) ...
2026-10-09T14:22:23.8023175Z Selecting previously unselected package libzvbi-common.
2026-10-09T14:22:23.8125141Z Preparing to unpack .../28-libzvbi-common_0.2.42-2_all.deb ...
2026-10-09T14:22:23.8130720Z Unpacking libzvbi-common (0.2.42-2) ...
2026-10-09T14:22:23.8496185Z Selecting previously unselected package libzvbi0t64:amd64.
2026-10-09T14:22:23.8595213Z Preparing to unpack .../29-libzvbi0t64_0.2.42-2_amd64.deb ...
2026-10-09T14:22:23.8601396Z Unpacking libzvbi0t64:amd64 (0.2.42-2) ...
2026-10-09T14:22:23.8796141Z Selecting previously unselected package libavcodec60:amd64.
2026-10-09T14:22:23.8893786Z Preparing to unpack .../30-libavcodec60_7%3a6.1.1-3ubuntu5_amd64.deb ...
2026-10-09T14:22:23.8900028Z Unpacking libavcodec60:amd64 (7:6.1.1-3ubuntu5) ...
2026-10-09T14:22:24.0221898Z Selecting previously unselected package libraw1394-11:amd64.
2026-10-09T14:22:24.0324813Z Preparing to unpack .../31-libraw1394-11_2.1.2-2build3_amd64.deb ...
2026-10-09T14:22:24.0489151Z Unpacking libraw1394-11:amd64 (2.1.2-2build3) ...
2026-10-09T14:22:24.0676008Z Selecting previously unselected package libavc1394-0:amd64.
2026-10-09T14:22:24.0781183Z Preparing to unpack .../32-libavc1394-0_0.5.4-5build3_amd64.deb ...
2026-10-09T14:22:24.0789222Z Unpacking libavc1394-0:amd64 (0.5.4-5build3) ...
2026-10-09T14:22:24.0984063Z Selecting previously unselected package libunibreak5:amd64.
2026-10-09T14:22:24.1086658Z Preparing to unpack .../33-libunibreak5_5.1-2build1_amd64.deb ...
2026-10-09T14:22:24.1095450Z Unpacking libunibreak5:amd64 (5.1-2build1) ...
2026-10-09T14:22:24.1294790Z Selecting previously unselected package libass9:amd64.
2026-10-09T14:22:24.1398162Z Preparing to unpack .../34-libass9_1%3a0.17.1-2build1_amd64.deb ...
2026-10-09T14:22:24.1405273Z Unpacking libass9:amd64 (1:0.17.1-2build1) ...
2026-10-09T14:22:24.1605375Z Selecting previously unselected package libudfread0:amd64.
2026-10-09T14:22:24.1707272Z Preparing to unpack .../35-libudfread0_1.1.2-1build1_amd64.deb ...
2026-10-09T14:22:24.1714546Z Unpacking libudfread0:amd64 (1.1.2-1build1) ...
2026-10-09T14:22:24.1923946Z Selecting previously unselected package libbluray2:amd64.
2026-10-09T14:22:24.2027095Z Preparing to unpack .../36-libbluray2_1%3a1.3.4-1build1_amd64.deb ...
2026-10-09T14:22:24.2034753Z Unpacking libbluray2:amd64 (1:1.3.4-1build1) ...
2026-10-09T14:22:24.2235956Z Selecting previously unselected package libchromaprint1:amd64.
2026-10-09T14:22:24.2339263Z Preparing to unpack .../37-libchromaprint1_1.5.1-5_amd64.deb ...
2026-10-09T14:22:24.2488079Z Unpacking libchromaprint1:amd64 (1.5.1-5) ...
2026-10-09T14:22:24.2678089Z Selecting previously unselected package libgme0:amd64.
2026-10-09T14:22:24.2779295Z Preparing to unpack .../38-libgme0_0.6.3-7build1_amd64.deb ...
2026-10-09T14:22:24.2786481Z Unpacking libgme0:amd64 (0.6.3-7build1) ...
2026-10-09T14:22:24.2972563Z Selecting previously unselected package libmpg123-0t64:amd64.
2026-10-09T14:22:24.3072111Z Preparing to unpack .../39-libmpg123-0t64_1.32.5-1ubuntu1.1_amd64.deb ...
2026-10-09T14:22:24.3079557Z Unpacking libmpg123-0t64:amd64 (1.32.5-1ubuntu1.1) ...
2026-10-09T14:22:24.3266014Z Selecting previously unselected package libopenmpt0t64:amd64.
2026-10-09T14:22:24.3363800Z Preparing to unpack .../40-libopenmpt0t64_0.7.3-1.1build3_amd64.deb ...
2026-10-09T14:22:24.3370288Z Unpacking libopenmpt0t64:amd64 (0.7.3-1.1build3) ...
2026-10-09T14:22:24.3588274Z Selecting previously unselected package libcjson1:amd64.
2026-10-09T14:22:24.3688015Z Preparing to unpack .../41-libcjson1_1.7.17-1_amd64.deb ...
2026-10-09T14:22:24.3693588Z Unpacking libcjson1:amd64 (1.7.17-1) ...
2026-10-09T14:22:24.3867760Z Selecting previously unselected package libmbedcrypto7t64:amd64.
2026-10-09T14:22:24.3964946Z Preparing to unpack .../42-libmbedcrypto7t64_2.28.8-1_amd64.deb ...
2026-10-09T14:22:24.3971211Z Unpacking libmbedcrypto7t64:amd64 (2.28.8-1) ...
2026-10-09T14:22:24.4154718Z Selecting previously unselected package librist4:amd64.
2026-10-09T14:22:24.4252296Z Preparing to unpack .../43-librist4_0.2.10+dfsg-2_amd64.deb ...
2026-10-09T14:22:24.4259176Z Unpacking librist4:amd64 (0.2.10+dfsg-2) ...
2026-10-09T14:22:24.4596502Z Selecting previously unselected package libsrt1.5-gnutls:amd64.
2026-10-09T14:22:24.4699457Z Preparing to unpack .../44-libsrt1.5-gnutls_1.5.3-1build2_amd64.deb ...
2026-10-09T14:22:24.4706158Z Unpacking libsrt1.5-gnutls:amd64 (1.5.3-1build2) ...
2026-10-09T14:22:24.4918369Z Selecting previously unselected package libssh-gcrypt-4:amd64.
2026-10-09T14:22:24.5020825Z Preparing to unpack .../45-libssh-gcrypt-4_0.10.6-2ubuntu0.5_amd64.deb ...
2026-10-09T14:22:24.5027410Z Unpacking libssh-gcrypt-4:amd64 (0.10.6-2ubuntu0.5) ...
2026-10-09T14:22:24.5230832Z Selecting previously unselected package libavformat60:amd64.
2026-10-09T14:22:24.5332511Z Preparing to unpack .../46-libavformat60_7%3a6.1.1-3ubuntu5_amd64.deb ...
2026-10-09T14:22:24.5339039Z Unpacking libavformat60:amd64 (7:6.1.1-3ubuntu5) ...
2026-10-09T14:22:24.5631596Z Selecting previously unselected package libbs2b0:amd64.
2026-10-09T14:22:24.5733884Z Preparing to unpack .../47-libbs2b0_3.1.0+dfsg-7build1_amd64.deb ...
2026-10-09T14:22:24.5739968Z Unpacking libbs2b0:amd64 (3.1.0+dfsg-7build1) ...
2026-10-09T14:22:24.5938160Z Selecting previously unselected package libflite1:amd64.
2026-10-09T14:22:24.6038192Z Preparing to unpack .../48-libflite1_2.2-6build3_amd64.deb ...
2026-10-09T14:22:24.6044443Z Unpacking libflite1:amd64 (2.2-6build3) ...
2026-10-09T14:22:24.7729876Z Selecting previously unselected package libserd-0-0:amd64.
2026-10-09T14:22:24.7829175Z Preparing to unpack .../49-libserd-0-0_0.32.2-1_amd64.deb ...
2026-10-09T14:22:24.7836070Z Unpacking libserd-0-0:amd64 (0.32.2-1) ...
2026-10-09T14:22:24.8020290Z Selecting previously unselected package libzix-0-0:amd64.
2026-10-09T14:22:24.8122234Z Preparing to unpack .../50-libzix-0-0_0.4.2-2build1_amd64.deb ...
2026-10-09T14:22:24.8130402Z Unpacking libzix-0-0:amd64 (0.4.2-2build1) ...
2026-10-09T14:22:24.8313193Z Selecting previously unselected package libsord-0-0:amd64.
2026-10-09T14:22:24.8415034Z Preparing to unpack .../51-libsord-0-0_0.16.16-2build1_amd64.deb ...
2026-10-09T14:22:24.8421984Z Unpacking libsord-0-0:amd64 (0.16.16-2build1) ...
2026-10-09T14:22:24.8601357Z Selecting previously unselected package libsratom-0-0:amd64.
2026-10-09T14:22:24.8702332Z Preparing to unpack .../52-libsratom-0-0_0.6.16-1build1_amd64.deb ...
2026-10-09T14:22:24.8709652Z Unpacking libsratom-0-0:amd64 (0.6.16-1build1) ...
2026-10-09T14:22:24.9037992Z Selecting previously unselected package liblilv-0-0:amd64.
2026-10-09T14:22:24.9139143Z Preparing to unpack .../53-liblilv-0-0_0.24.22-1build1_amd64.deb ...
2026-10-09T14:22:24.9147427Z Unpacking liblilv-0-0:amd64 (0.24.22-1build1) ...
2026-10-09T14:22:24.9340229Z Selecting previously unselected package libmysofa1:amd64.
2026-10-09T14:22:24.9440503Z Preparing to unpack .../54-libmysofa1_1.3.2+dfsg-2ubuntu2_amd64.deb ...
2026-10-09T14:22:24.9446722Z Unpacking libmysofa1:amd64 (1.3.2+dfsg-2ubuntu2) ...
2026-10-09T14:22:24.9661043Z Selecting previously unselected package libplacebo338:amd64.
2026-10-09T14:22:24.9761903Z Preparing to unpack .../55-libplacebo338_6.338.2-2build1_amd64.deb ...
2026-10-09T14:22:24.9771004Z Unpacking libplacebo338:amd64 (6.338.2-2build1) ...
2026-10-09T14:22:25.0571790Z Selecting previously unselected package libblas3:amd64.
2026-10-09T14:22:25.0720113Z Preparing to unpack .../56-libblas3_3.12.0-3build1.1_amd64.deb ...
2026-10-09T14:22:25.0916531Z Unpacking libblas3:amd64 (3.12.0-3build1.1) ...
2026-10-09T14:22:25.1140157Z Selecting previously unselected package liblapack3:amd64.
2026-10-09T14:22:25.1370698Z Preparing to unpack .../57-liblapack3_3.12.0-3build1.1_amd64.deb ...
2026-10-09T14:22:25.1451781Z Unpacking liblapack3:amd64 (3.12.0-3build1.1) ...
2026-10-09T14:22:25.2470468Z Selecting previously unselected package libasyncns0:amd64.
2026-10-09T14:22:25.2577263Z Preparing to unpack .../58-libasyncns0_0.8-6build4_amd64.deb ...
2026-10-09T14:22:25.2585022Z Unpacking libasyncns0:amd64 (0.8-6build4) ...
2026-10-09T14:22:25.3008583Z Selecting previously unselected package libflac12t64:amd64.
2026-10-09T14:22:25.3339121Z Preparing to unpack .../59-libflac12t64_1.4.3+ds-2.1ubuntu2_amd64.deb ...
2026-10-09T14:22:25.3380975Z Unpacking libflac12t64:amd64 (1.4.3+ds-2.1ubuntu2) ...
2026-10-09T14:22:25.3840229Z Selecting previously unselected package libsndfile1:amd64.
2026-10-09T14:22:25.3943903Z Preparing to unpack .../60-libsndfile1_1.2.2-1ubuntu5.24.04.1_amd64.deb ...
2026-10-09T14:22:25.3953342Z Unpacking libsndfile1:amd64 (1.2.2-1ubuntu5.24.04.1) ...
2026-10-09T14:22:25.4180913Z Selecting previously unselected package libpulse0:amd64.
2026-10-09T14:22:25.4285647Z Preparing to unpack .../61-libpulse0_1%3a16.1+dfsg1-2ubuntu10.1_amd64.deb ...
2026-10-09T14:22:25.4348925Z Unpacking libpulse0:amd64 (1:16.1+dfsg1-2ubuntu10.1) ...
2026-10-09T14:22:25.4566192Z Selecting previously unselected package libsphinxbase3t64:amd64.
2026-10-09T14:22:25.4669243Z Preparing to unpack .../62-libsphinxbase3t64_0.8+5prealpha+1-17build2_amd64.deb ...
2026-10-09T14:22:25.4676072Z Unpacking libsphinxbase3t64:amd64 (0.8+5prealpha+1-17build2) ...
2026-10-09T14:22:25.5040991Z Selecting previously unselected package libpocketsphinx3:amd64.
2026-10-09T14:22:25.5142455Z Preparing to unpack .../63-libpocketsphinx3_0.8.0+real5prealpha+1-15ubuntu5_amd64.deb ...
2026-10-09T14:22:25.5149751Z Unpacking libpocketsphinx3:amd64 (0.8.0+real5prealpha+1-15ubuntu5) ...
2026-10-09T14:22:25.5346347Z Selecting previously unselected package libpostproc57:amd64.
2026-10-09T14:22:25.5445660Z Preparing to unpack .../64-libpostproc57_7%3a6.1.1-3ubuntu5_amd64.deb ...
2026-10-09T14:22:25.5458242Z Unpacking libpostproc57:amd64 (7:6.1.1-3ubuntu5) ...
2026-10-09T14:22:25.5642779Z Selecting previously unselected package libsamplerate0:amd64.
2026-10-09T14:22:25.5741258Z Preparing to unpack .../65-libsamplerate0_0.2.2-4build1_amd64.deb ...
2026-10-09T14:22:25.5796995Z Unpacking libsamplerate0:amd64 (0.2.2-4build1) ...
2026-10-09T14:22:25.6008904Z Selecting previously unselected package librubberband2:amd64.
2026-10-09T14:22:25.6116143Z Preparing to unpack .../66-librubberband2_3.3.0+dfsg-2build1_amd64.deb ...
2026-10-09T14:22:25.6123110Z Unpacking librubberband2:amd64 (3.3.0+dfsg-2build1) ...
2026-10-09T14:22:25.6317289Z Selecting previously unselected package libswscale7:amd64.
2026-10-09T14:22:25.6423981Z Preparing to unpack .../67-libswscale7_7%3a6.1.1-3ubuntu5_amd64.deb ...
2026-10-09T14:22:25.6431012Z Unpacking libswscale7:amd64 (7:6.1.1-3ubuntu5) ...
2026-10-09T14:22:25.6623629Z Selecting previously unselected package libvidstab1.1:amd64.
2026-10-09T14:22:25.6729118Z Preparing to unpack .../68-libvidstab1.1_1.1.0-2build1_amd64.deb ...
2026-10-09T14:22:25.6904148Z Unpacking libvidstab1.1:amd64 (1.1.0-2build1) ...
2026-10-09T14:22:25.7079619Z Selecting previously unselected package libzimg2:amd64.
2026-10-09T14:22:25.7184796Z Preparing to unpack .../69-libzimg2_3.0.5+ds1-1build1_amd64.deb ...
2026-10-09T14:22:25.7191547Z Unpacking libzimg2:amd64 (3.0.5+ds1-1build1) ...
2026-10-09T14:22:25.7391690Z Selecting previously unselected package libavfilter9:amd64.
2026-10-09T14:22:25.7494029Z Preparing to unpack .../70-libavfilter9_7%3a6.1.1-3ubuntu5_amd64.deb ...
2026-10-09T14:22:25.7501833Z Unpacking libavfilter9:amd64 (7:6.1.1-3ubuntu5) ...
2026-10-09T14:22:25.8556518Z Selecting previously unselected package libcaca0:amd64.
2026-10-09T14:22:25.8663198Z Preparing to unpack .../71-libcaca0_0.99.beta20-4ubuntu0.2_amd64.deb ...
2026-10-09T14:22:25.8672981Z Unpacking libcaca0:amd64 (0.99.beta20-4ubuntu0.2) ...
2026-10-09T14:22:25.9069471Z Selecting previously unselected package libcdio19t64:amd64.
2026-10-09T14:22:25.9172301Z Preparing to unpack .../72-libcdio19t64_2.1.0-4.1ubuntu1.2_amd64.deb ...
2026-10-09T14:22:25.9178723Z Unpacking libcdio19t64:amd64 (2.1.0-4.1ubuntu1.2) ...
2026-10-09T14:22:25.9425716Z Selecting previously unselected package libcdio-cdda2t64:amd64.
2026-10-09T14:22:25.9551311Z Preparing to unpack .../73-libcdio-cdda2t64_10.2+2.0.1-1.1build2_amd64.deb ...
2026-10-09T14:22:25.9559876Z Unpacking libcdio-cdda2t64:amd64 (10.2+2.0.1-1.1build2) ...
2026-10-09T14:22:25.9843879Z Selecting previously unselected package libcdio-paranoia2t64:amd64.
2026-10-09T14:22:26.0153758Z Preparing to unpack .../74-libcdio-paranoia2t64_10.2+2.0.1-1.1build2_amd64.deb ...
2026-10-09T14:22:26.0177947Z Unpacking libcdio-paranoia2t64:amd64 (10.2+2.0.1-1.1build2) ...
2026-10-09T14:22:26.0377184Z Selecting previously unselected package libdc1394-25:amd64.
2026-10-09T14:22:26.0481772Z Preparing to unpack .../75-libdc1394-25_2.2.6-4build1_amd64.deb ...
2026-10-09T14:22:26.0488854Z Unpacking libdc1394-25:amd64 (2.2.6-4build1) ...
2026-10-09T14:22:26.0694353Z Selecting previously unselected package libiec61883-0:amd64.
2026-10-09T14:22:26.0799592Z Preparing to unpack .../76-libiec61883-0_1.2.0-6build1_amd64.deb ...
2026-10-09T14:22:26.0912052Z Unpacking libiec61883-0:amd64 (1.2.0-6build1) ...
2026-10-09T14:22:26.1111519Z Selecting previously unselected package libjack-jackd2-0:amd64.
2026-10-09T14:22:26.1214369Z Preparing to unpack .../77-libjack-jackd2-0_1.9.21~dfsg-3ubuntu3_amd64.deb ...
2026-10-09T14:22:26.1220719Z Unpacking libjack-jackd2-0:amd64 (1.9.21~dfsg-3ubuntu3) ...
2026-10-09T14:22:26.1437437Z Selecting previously unselected package libopenal-data.
2026-10-09T14:22:26.1542973Z Preparing to unpack .../78-libopenal-data_1%3a1.23.1-4build1_all.deb ...
2026-10-09T14:22:26.1553137Z Unpacking libopenal-data (1:1.23.1-4build1) ...
2026-10-09T14:22:26.1772154Z Selecting previously unselected package libsndio7.0:amd64.
2026-10-09T14:22:26.1874804Z Preparing to unpack .../79-libsndio7.0_1.9.0-0.3build3_amd64.deb ...
2026-10-09T14:22:26.1886263Z Unpacking libsndio7.0:amd64 (1.9.0-0.3build3) ...
2026-10-09T14:22:26.2081847Z Selecting previously unselected package libopenal1:amd64.
2026-10-09T14:22:26.2187762Z Preparing to unpack .../80-libopenal1_1%3a1.23.1-4build1_amd64.deb ...
2026-10-09T14:22:26.2194947Z Unpacking libopenal1:amd64 (1:1.23.1-4build1) ...
2026-10-09T14:22:26.2414664Z Selecting previously unselected package libdecor-0-0:amd64.
2026-10-09T14:22:26.2518843Z Preparing to unpack .../81-libdecor-0-0_0.2.2-1build2_amd64.deb ...
2026-10-09T14:22:26.2526086Z Unpacking libdecor-0-0:amd64 (0.2.2-1build2) ...
2026-10-09T14:22:26.2712559Z Selecting previously unselected package libsdl2-2.0-0:amd64.
2026-10-09T14:22:26.2814807Z Preparing to unpack .../82-libsdl2-2.0-0_2.30.0+dfsg-1ubuntu3.1_amd64.deb ...
2026-10-09T14:22:26.2907940Z Unpacking libsdl2-2.0-0:amd64 (2.30.0+dfsg-1ubuntu3.1) ...
2026-10-09T14:22:26.3695996Z Selecting previously unselected package libxcb-shape0:amd64.
2026-10-09T14:22:26.3800910Z Preparing to unpack .../83-libxcb-shape0_1.15-1ubuntu2_amd64.deb ...
2026-10-09T14:22:26.3807507Z Unpacking libxcb-shape0:amd64 (1.15-1ubuntu2) ...
2026-10-09T14:22:26.3975656Z Selecting previously unselected package libxv1:amd64.
2026-10-09T14:22:26.4077481Z Preparing to unpack .../84-libxv1_2%3a1.0.11-1.1build1_amd64.deb ...
2026-10-09T14:22:26.4083784Z Unpacking libxv1:amd64 (2:1.0.11-1.1build1) ...
2026-10-09T14:22:26.4258102Z Selecting previously unselected package libavdevice60:amd64.
2026-10-09T14:22:26.4357801Z Preparing to unpack .../85-libavdevice60_7%3a6.1.1-3ubuntu5_amd64.deb ...
2026-10-09T14:22:26.4363783Z Unpacking libavdevice60:amd64 (7:6.1.1-3ubuntu5) ...
2026-10-09T14:22:26.4538840Z Selecting previously unselected package ffmpeg.
2026-10-09T14:22:26.4637753Z Preparing to unpack .../86-ffmpeg_7%3a6.1.1-3ubuntu5_amd64.deb ...
2026-10-09T14:22:26.4647202Z Unpacking ffmpeg (7:6.1.1-3ubuntu5) ...
2026-10-09T14:22:26.5288154Z Setting up libgme0:amd64 (0.6.3-7build1) ...
2026-10-09T14:22:26.5309323Z Setting up libchromaprint1:amd64 (1.5.1-5) ...
2026-10-09T14:22:26.5325137Z Setting up libssh-gcrypt-4:amd64 (0.10.6-2ubuntu0.5) ...
2026-10-09T14:22:26.5346798Z Setting up libhwy1t64:amd64 (1.0.7-8.1build1) ...
2026-10-09T14:22:26.5361157Z Setting up libudfread0:amd64 (1.1.2-1build1) ...
2026-10-09T14:22:26.5375158Z Setting up libraw1394-11:amd64 (2.1.2-2build3) ...
2026-10-09T14:22:26.5392348Z Setting up libspeex1:amd64 (1.2.1-2ubuntu2.24.04.1) ...
2026-10-09T14:22:26.5411997Z Setting up libshine3:amd64 (3.1.1-2build1) ...
2026-10-09T14:22:26.5426600Z Setting up libcaca0:amd64 (0.99.beta20-4ubuntu0.2) ...
2026-10-09T14:22:26.5445583Z Setting up libvpl2 (2023.3.0-1build1) ...
2026-10-09T14:22:26.5459955Z Setting up libx264-164:amd64 (2:0.164.3108+git31e19f9-1) ...
2026-10-09T14:22:26.5474186Z Setting up libtwolame0:amd64 (0.4.0-2build3) ...
2026-10-09T14:22:26.5491209Z Setting up libmbedcrypto7t64:amd64 (2.28.8-1) ...
2026-10-09T14:22:26.5510542Z Setting up libgsm1:amd64 (1.0.22-1build1) ...
2026-10-09T14:22:26.5525121Z Setting up libsoxr0:amd64 (0.1.3-4build3) ...
2026-10-09T14:22:26.5543768Z Setting up libzix-0-0:amd64 (0.4.2-2build1) ...
2026-10-09T14:22:26.5560635Z Setting up libcodec2-1.2:amd64 (1.2.0-2build1) ...
2026-10-09T14:22:26.5577686Z Setting up libmysofa1:amd64 (1.3.2+dfsg-2ubuntu2) ...
2026-10-09T14:22:26.5591494Z Setting up libxcb-shape0:amd64 (1.15-1ubuntu2) ...
2026-10-09T14:22:26.5608102Z Setting up libcdio19t64:amd64 (2.1.0-4.1ubuntu1.2) ...
2026-10-09T14:22:26.5625255Z Setting up libsvtav1enc1d1:amd64 (1.7.0+dfsg-2build1) ...
2026-10-09T14:22:26.5638918Z Setting up libmpg123-0t64:amd64 (1.32.5-1ubuntu1.1) ...
2026-10-09T14:22:26.5654822Z Setting up libcjson1:amd64 (1.7.17-1) ...
2026-10-09T14:22:26.5670494Z Setting up libxvidcore4:amd64 (2:1.3.7-1build1) ...
2026-10-09T14:22:26.5685273Z Setting up librav1e0:amd64 (0.7.1-2) ...
2026-10-09T14:22:26.5703762Z Setting up libcdio-cdda2t64:amd64 (10.2+2.0.1-1.1build2) ...
2026-10-09T14:22:26.5718568Z Setting up librist4:amd64 (0.2.10+dfsg-2) ...
2026-10-09T14:22:26.5736706Z Setting up librsvg2-2:amd64 (2.58.0+dfsg-1ubuntu0.1) ...
2026-10-09T14:22:26.5752324Z Setting up libblas3:amd64 (3.12.0-3build1.1) ...
2026-10-09T14:22:26.5799646Z update-alternatives: using /usr/lib/x86_64-linux-gnu/blas/libblas.so.3 to provide /usr/lib/x86_64-linux-gnu/libblas.so.3 (libblas.so.3-x86_64-linux-gnu) in auto mode
2026-10-09T14:22:26.5818682Z Setting up libplacebo338:amd64 (6.338.2-2build1) ...
2026-10-09T14:22:26.5839040Z Setting up libva2:amd64 (2.20.0-2ubuntu0.2) ...
2026-10-09T14:22:26.5856053Z Setting up libopus0:amd64 (1.4-1build1) ...
2026-10-09T14:22:26.5873580Z Setting up libcdio-paranoia2t64:amd64 (10.2+2.0.1-1.1build2) ...
2026-10-09T14:22:26.5888450Z Setting up libdc1394-25:amd64 (2.2.6-4build1) ...
2026-10-09T14:22:26.5906738Z Setting up libxv1:amd64 (2:1.0.11-1.1build1) ...
2026-10-09T14:22:26.5920676Z Setting up libunibreak5:amd64 (5.1-2build1) ...
2026-10-09T14:22:26.5935989Z Setting up libjxl0.7:amd64 (0.7.0-10.2ubuntu6.1) ...
2026-10-09T14:22:26.5952143Z Setting up libx265-199:amd64 (3.5-2build1) ...
2026-10-09T14:22:26.5966773Z Setting up libsndio7.0:amd64 (1.9.0-0.3build3) ...
2026-10-09T14:22:26.5983032Z Setting up libvidstab1.1:amd64 (1.1.0-2build1) ...
2026-10-09T14:22:26.5997806Z Setting up libvpx9:amd64 (1.14.0-1ubuntu2.3) ...
2026-10-09T14:22:26.6016157Z Setting up libsrt1.5-gnutls:amd64 (1.5.3-1build2) ...
2026-10-09T14:22:26.6030630Z Setting up libflite1:amd64 (2.2-6build3) ...
2026-10-09T14:22:26.6045229Z Setting up libdav1d7:amd64 (1.4.1-1build1) ...
2026-10-09T14:22:26.6062562Z Setting up libva-drm2:amd64 (2.20.0-2ubuntu0.2) ...
2026-10-09T14:22:26.6078544Z Setting up ocl-icd-libopencl1:amd64 (2.3.2-1build1) ...
2026-10-09T14:22:26.6095049Z Setting up libasyncns0:amd64 (0.8-6build4) ...
2026-10-09T14:22:26.6112123Z Setting up libvdpau1:amd64 (1.5-2build1) ...
2026-10-09T14:22:26.6133268Z Setting up libbs2b0:amd64 (3.1.0+dfsg-7build1) ...
2026-10-09T14:22:26.6149289Z Setting up libtheora0:amd64 (1.1.1+dfsg.1-16.1build3) ...
2026-10-09T14:22:26.6173386Z Setting up libdecor-0-0:amd64 (0.2.2-1build2) ...
2026-10-09T14:22:26.6199168Z Setting up libzimg2:amd64 (3.0.5+ds1-1build1) ...
2026-10-09T14:22:26.6214785Z Setting up libopenal-data (1:1.23.1-4build1) ...
2026-10-09T14:22:26.6237048Z Setting up libflac12t64:amd64 (1.4.3+ds-2.1ubuntu2) ...
2026-10-09T14:22:26.6253175Z Setting up libbluray2:amd64 (1:1.3.4-1build1) ...
2026-10-09T14:22:26.6271088Z Setting up libsamplerate0:amd64 (0.2.2-4build1) ...
2026-10-09T14:22:26.6287421Z Setting up libva-x11-2:amd64 (2.20.0-2ubuntu0.2) ...
2026-10-09T14:22:26.6305454Z Setting up libopenmpt0t64:amd64 (0.7.3-1.1build3) ...
2026-10-09T14:22:26.6331359Z Setting up libzvbi-common (0.2.42-2) ...
2026-10-09T14:22:26.6350370Z Setting up libmp3lame0:amd64 (3.100-6build1) ...
2026-10-09T14:22:26.6366983Z Setting up libvorbisenc2:amd64 (1.3.7-1build3) ...
2026-10-09T14:22:26.6406154Z Setting up libiec61883-0:amd64 (1.2.0-6build1) ...
2026-10-09T14:22:26.6423202Z Setting up libserd-0-0:amd64 (0.32.2-1) ...
2026-10-09T14:22:26.6440677Z Setting up libavc1394-0:amd64 (0.5.4-5build3) ...
2026-10-09T14:22:26.6457532Z Setting up liblapack3:amd64 (3.12.0-3build1.1) ...
2026-10-09T14:22:26.6509548Z update-alternatives: using /usr/lib/x86_64-linux-gnu/lapack/liblapack.so.3 to provide /usr/lib/x86_64-linux-gnu/liblapack.so.3 (liblapack.so.3-x86_64-linux-gnu) in auto mode
2026-10-09T14:22:26.6537009Z Setting up libzvbi0t64:amd64 (0.2.42-2) ...
2026-10-09T14:22:26.6555750Z Setting up libavutil58:amd64 (7:6.1.1-3ubuntu5) ...
2026-10-09T14:22:26.6571584Z Setting up libopenal1:amd64 (1:1.23.1-4build1) ...
2026-10-09T14:22:26.6588339Z Setting up libass9:amd64 (1:0.17.1-2build1) ...
2026-10-09T14:22:26.6623120Z Setting up libswresample4:amd64 (7:6.1.1-3ubuntu5) ...
2026-10-09T14:22:26.6664736Z Setting up libavcodec60:amd64 (7:6.1.1-3ubuntu5) ...
2026-10-09T14:22:26.6703608Z Setting up librubberband2:amd64 (3.3.0+dfsg-2build1) ...
2026-10-09T14:22:26.6720052Z Setting up libjack-jackd2-0:amd64 (1.9.21~dfsg-3ubuntu3) ...
2026-10-09T14:22:26.6747036Z Setting up libsord-0-0:amd64 (0.16.16-2build1) ...
2026-10-09T14:22:26.6762614Z Setting up libpostproc57:amd64 (7:6.1.1-3ubuntu5) ...
2026-10-09T14:22:26.6780641Z Setting up libsratom-0-0:amd64 (0.6.16-1build1) ...
2026-10-09T14:22:26.6805454Z Setting up libsndfile1:amd64 (1.2.2-1ubuntu5.24.04.1) ...
2026-10-09T14:22:26.6822975Z Setting up liblilv-0-0:amd64 (0.24.22-1build1) ...
2026-10-09T14:22:26.6841356Z Setting up libswscale7:amd64 (7:6.1.1-3ubuntu5) ...
2026-10-09T14:22:26.7114786Z Setting up libpulse0:amd64 (1:16.1+dfsg1-2ubuntu10.1) ...
2026-10-09T14:22:26.7199406Z Setting up libavformat60:amd64 (7:6.1.1-3ubuntu5) ...
2026-10-09T14:22:26.7218615Z Setting up libsphinxbase3t64:amd64 (0.8+5prealpha+1-17build2) ...
2026-10-09T14:22:26.7235121Z Setting up libsdl2-2.0-0:amd64 (2.30.0+dfsg-1ubuntu3.1) ...
2026-10-09T14:22:26.7648061Z Setting up libpocketsphinx3:amd64 (0.8.0+real5prealpha+1-15ubuntu5) ...
2026-10-09T14:22:26.7665954Z Setting up libavfilter9:amd64 (7:6.1.1-3ubuntu5) ...
2026-10-09T14:22:26.7682897Z Setting up libavdevice60:amd64 (7:6.1.1-3ubuntu5) ...
2026-10-09T14:22:26.7703637Z Setting up ffmpeg (7:6.1.1-3ubuntu5) ...
2026-10-09T14:22:26.7724617Z Processing triggers for man-db (2.12.0-4build2) ...
2026-10-09T14:22:26.7740998Z Not building database; man-db/auto-update is not 'true'.
2026-10-09T14:22:26.7752076Z Processing triggers for libc-bin (2.39-0ubuntu8.9) ...
2026-10-09T14:22:27.1696382Z 
2026-10-09T14:22:27.1696983Z Running kernel seems to be up-to-date.
2026-10-09T14:22:27.1697241Z 
2026-10-09T14:22:27.1697382Z No services need to be restarted.
2026-10-09T14:22:27.1697539Z 
2026-10-09T14:22:27.1697671Z No containers need to be restarted.
2026-10-09T14:22:27.1697831Z 
2026-10-09T14:22:27.1697989Z No user sessions are running outdated binaries.
2026-10-09T14:22:27.1698178Z 
2026-10-09T14:22:27.1698443Z No VM guests are running outdated hypervisor (qemu) binaries on this host.
2026-10-09T14:22:27.8685306Z ##[group]Run set -o pipefail
2026-10-09T14:22:27.8685494Z [36;1mset -o pipefail[0m
2026-10-09T14:22:27.8686039Z [36;1mV2_PYTHON=python CI_RECEIPTS="$CI_RECEIPTS/v2-independent-live" pnpm exec playwright test --config playwright.independent-live.config.ts 2>&1 | tee "$CI_RECEIPTS/v2-independent-live.log"[0m
2026-10-09T14:22:27.8741715Z shell: /usr/bin/bash -e {0}
2026-10-09T14:22:27.8741872Z env:
2026-10-09T14:22:27.8741991Z   MOCK_PROVIDER: true
2026-10-09T14:22:27.8742120Z   MOCK_STREAM_DELAY_MS: 0
2026-10-09T14:22:27.8742247Z   ENABLE_CLOUD: false
2026-10-09T14:22:27.8742376Z   CREDENTIAL_VAULT_BACKEND: memory
2026-10-09T14:22:27.8742542Z   CREDENTIAL_VAULT_ALLOW_MEMORY_FALLBACK: true
2026-10-09T14:22:27.8742714Z   PYTHONDONTWRITEBYTECODE: 1
2026-10-09T14:22:27.8742852Z   HF_HUB_OFFLINE: 1
2026-10-09T14:22:27.8742978Z   TRANSFORMERS_OFFLINE: 1
2026-10-09T14:22:27.8743146Z   pythonLocation: /opt/hostedtoolcache/Python/3.12.9/x64
2026-10-09T14:22:27.8743407Z   PKG_CONFIG_PATH: /opt/hostedtoolcache/Python/3.12.9/x64/lib/pkgconfig
2026-10-09T14:22:27.8743640Z   Python_ROOT_DIR: /opt/hostedtoolcache/Python/3.12.9/x64
2026-10-09T14:22:27.8743849Z   Python2_ROOT_DIR: /opt/hostedtoolcache/Python/3.12.9/x64
2026-10-09T14:22:27.8744054Z   Python3_ROOT_DIR: /opt/hostedtoolcache/Python/3.12.9/x64
2026-10-09T14:22:27.8744263Z   LD_LIBRARY_PATH: /opt/hostedtoolcache/Python/3.12.9/x64/lib
2026-10-09T14:22:27.8744479Z   CI_COVERAGE_SHA: 7f0d911549b04e8dbb7cf078316ad74c42095449
2026-10-09T14:22:27.8744687Z   CI_COVERAGE_TREE: 69d69ffe71838263069d164a0a07b39b5f4a4333
2026-10-09T14:22:27.8744925Z   CI_SANDBOX: /home/runner/work/_temp/novel-ci-v2-independent-media.Ok7wBi
2026-10-09T14:22:27.8745216Z   CI_PROJECT: /home/runner/work/_temp/novel-ci-v2-independent-media.Ok7wBi/project
2026-10-09T14:22:27.8745517Z   CI_RECEIPTS: /home/runner/work/_temp/novel-ci-v2-independent-media.Ok7wBi/receipts
2026-10-09T14:22:27.8746223Z   HOME: /home/runner/work/_temp/novel-ci-v2-independent-media.Ok7wBi/home
2026-10-09T14:22:27.8746508Z   USERPROFILE: /home/runner/work/_temp/novel-ci-v2-independent-media.Ok7wBi/home
2026-10-09T14:22:27.8746801Z   APPDATA: /home/runner/work/_temp/novel-ci-v2-independent-media.Ok7wBi/appdata
2026-10-09T14:22:27.8747104Z   LOCALAPPDATA: /home/runner/work/_temp/novel-ci-v2-independent-media.Ok7wBi/localappdata
2026-10-09T14:22:27.8747425Z   XDG_CONFIG_HOME: /home/runner/work/_temp/novel-ci-v2-independent-media.Ok7wBi/config
2026-10-09T14:22:27.8747877Z   XDG_CACHE_HOME: /home/runner/work/_temp/novel-ci-v2-independent-media.Ok7wBi/cache
2026-10-09T14:22:27.8748178Z   XDG_DATA_HOME: /home/runner/work/_temp/novel-ci-v2-independent-media.Ok7wBi/data
2026-10-09T14:22:27.8748470Z   XDG_STATE_HOME: /home/runner/work/_temp/novel-ci-v2-independent-media.Ok7wBi/state
2026-10-09T14:22:27.8748753Z   TMPDIR: /home/runner/work/_temp/novel-ci-v2-independent-media.Ok7wBi/tmp
2026-10-09T14:22:27.8749019Z   TMP: /home/runner/work/_temp/novel-ci-v2-independent-media.Ok7wBi/tmp
2026-10-09T14:22:27.8749279Z   TEMP: /home/runner/work/_temp/novel-ci-v2-independent-media.Ok7wBi/tmp
2026-10-09T14:22:27.8749564Z   PROJECT_ROOT: /home/runner/work/_temp/novel-ci-v2-independent-media.Ok7wBi/project
2026-10-09T14:22:27.8749879Z   NOVEL_DATA_PATH: /home/runner/work/_temp/novel-ci-v2-independent-media.Ok7wBi/data/novels
2026-10-09T14:22:27.8750199Z   BACKUP_PATH: /home/runner/work/_temp/novel-ci-v2-independent-media.Ok7wBi/data/backups
2026-10-09T14:22:27.8750560Z   DATABASE_BACKUP_PATH: /home/runner/work/_temp/novel-ci-v2-independent-media.Ok7wBi/data/database-backups
2026-10-09T14:22:27.8750933Z   KNOWLEDGE_SOURCE_PATH: /home/runner/work/_temp/novel-ci-v2-independent-media.Ok7wBi/data/novels
2026-10-09T14:22:27.8751187Z ##[endgroup]
2026-10-09T14:22:42.6906058Z 
2026-10-09T14:22:42.6906810Z Running 8 tests using 1 worker
2026-10-09T14:22:42.6907177Z 
2026-10-09T14:25:43.6038906Z   ✘  1 [v2-live-chromium] › tests/e2e/v2-asset-relationships-live.spec.ts:41:1 › real File optional asset relationships persist, protect targets and remove explicitly with no chapter prerequisite (3.0m)
2026-10-09T14:28:44.3416565Z   ✘  2 [v2-live-chromium] › tests/e2e/v2-independent-graph-live.spec.ts:35:1 › real independent typed graph saves empty and disconnected drafts, reopens, and reviews an original local workflow without model calls (3.0m)
2026-10-09T14:28:47.5974211Z   ✓  3 [v2-live-chromium] › tests/e2e/v2-independent-studio-live.spec.ts:88:1 › real File independent studio imports, persists, reopens and exports an image with no chapters or model mutation (2.8s)
2026-10-09T14:28:50.1010931Z   ✓  4 [v2-live-chromium] › tests/e2e/v2-independent-studio-live.spec.ts:207:1 › real File independent VIDEO imports, decodes, reopens and exports original bytes without chapters or director (2.5s)
2026-10-09T14:28:52.9066741Z   ✓  5 [v1-chromium] › tests/e2e/v2-independent-graph-live.spec.ts:106:3 › default-off: independent graph remains unavailable without its server gate (2.3s)
2026-10-09T14:28:53.7270969Z   ✓  6 [v1-chromium] › tests/e2e/v2-independent-studio-live.spec.ts:281:1 › default-off independent studio entry is absent and neutral project writes are rejected (802ms)
2026-10-09T14:28:56.3164448Z   ✓  7 [v1-acceptance-chromium] › tests/e2e/v2-independent-graph-live.spec.ts:106:3 › acceptance-mode: independent graph remains unavailable without its server gate (2.1s)
2026-10-09T14:28:57.1272118Z   ✓  8 [v1-acceptance-chromium] › tests/e2e/v2-independent-studio-live.spec.ts:285:1 › acceptance-mode independent studio stays absent despite an enabled narrative feature setting (792ms)
2026-10-09T14:28:57.1867623Z 
2026-10-09T14:28:57.1877720Z 
2026-10-09T14:28:57.1879424Z   1) [v2-live-chromium] › tests/e2e/v2-asset-relationships-live.spec.ts:41:1 › real File optional asset relationships persist, protect targets and remove explicitly with no chapter prerequisite 
2026-10-09T14:28:57.1880260Z 
2026-10-09T14:28:57.1880618Z     Test timeout of 180000ms exceeded.
2026-10-09T14:28:57.1880954Z 
2026-10-09T14:28:57.1881380Z     Error: locator.selectOption: Target page, context or browser has been closed
2026-10-09T14:28:57.1881868Z     Call log:
2026-10-09T14:28:57.1882400Z       - waiting for getByLabel('关联目标', { exact: true })
2026-10-09T14:28:57.1882766Z 
2026-10-09T14:28:57.1882903Z 
2026-10-09T14:28:57.1883347Z       59 |   await page.getByRole('button', { name: '可选资产关联', exact: true }).click();
2026-10-09T14:28:57.1884116Z       60 |   await expect(page.getByText('尚未添加关联。独立导入和导出无需关联。', { exact: true })).toBeVisible();
2026-10-09T14:28:57.1885371Z     > 61 |   await page.getByLabel('关联目标', { exact: true }).selectOption({ label: 'relationship-target.png · v2' });
2026-10-09T14:28:57.1886091Z          |                                                  ^
2026-10-09T14:28:57.1886699Z       62 |   await page.getByLabel('关联理由', { exact: true }).fill('手工构图参考，不执行任务');
2026-10-09T14:28:57.1887419Z       63 |   await expect(page.getByRole('button', { name: '保存来源声明', exact: true })).toBeDisabled();
2026-10-09T14:28:57.1888368Z       64 |   const add = page.waitForResponse(value => new URL(value.url()).pathname === `${base}/assets/${source.id}/relationships` && value.request().method() === 'POST');
2026-10-09T14:28:57.1889453Z         at /home/runner/work/_temp/novel-ci-v2-independent-media.Ok7wBi/project/frontend/tests/e2e/v2-asset-relationships-live.spec.ts:61:50
2026-10-09T14:28:57.1890052Z 
2026-10-09T14:28:57.1890555Z     attachment #1: screenshot (image/png) ──────────────────────────────────────────────────────────
2026-10-09T14:28:57.1891530Z     ../../receipts/v2-independent-live/test-results/v2-asset-relationships-liv-c9282-ith-no-chapter-prerequisite-v2-live-chromium/test-failed-1.png
2026-10-09T14:28:57.1892504Z     ────────────────────────────────────────────────────────────────────────────────────────────────
2026-10-09T14:28:57.1892878Z 
2026-10-09T14:28:57.1893586Z     Error Context: ../../receipts/v2-independent-live/test-results/v2-asset-relationships-liv-c9282-ith-no-chapter-prerequisite-v2-live-chromium/error-context.md
2026-10-09T14:28:57.1894293Z 
2026-10-09T14:28:57.1894963Z     attachment #3: trace (application/zip) ─────────────────────────────────────────────────────────
2026-10-09T14:28:57.1895979Z     ../../receipts/v2-independent-live/test-results/v2-asset-relationships-liv-c9282-ith-no-chapter-prerequisite-v2-live-chromium/trace.zip
2026-10-09T14:28:57.1896722Z     Usage:
2026-10-09T14:28:57.1896952Z 
2026-10-09T14:28:57.1897719Z         pnpm exec playwright show-trace ../../receipts/v2-independent-live/test-results/v2-asset-relationships-liv-c9282-ith-no-chapter-prerequisite-v2-live-chromium/trace.zip
2026-10-09T14:28:57.1898456Z 
2026-10-09T14:28:57.1898907Z     ────────────────────────────────────────────────────────────────────────────────────────────────
2026-10-09T14:28:57.1899275Z 
2026-10-09T14:28:57.1900212Z   2) [v2-live-chromium] › tests/e2e/v2-independent-graph-live.spec.ts:35:1 › real independent typed graph saves empty and disconnected drafts, reopens, and reviews an original local workflow without model calls 
2026-10-09T14:28:57.1901007Z 
2026-10-09T14:28:57.1901248Z     Test timeout of 180000ms exceeded.
2026-10-09T14:28:57.1901544Z 
2026-10-09T14:28:57.1901925Z     Error: locator.selectOption: Target page, context or browser has been closed
2026-10-09T14:28:57.1902419Z     Call log:
2026-10-09T14:28:57.1902860Z       - waiting for getByLabel('已保存创作图', { exact: true })
2026-10-09T14:28:57.1903193Z 
2026-10-09T14:28:57.1903476Z 
2026-10-09T14:28:57.1903986Z       50 |   await expect(page.getByText('创作图已保存 · v1。没有自动创建运行。', { exact: true })).toBeVisible();
2026-10-09T14:28:57.1904753Z       51 |   await page.reload(); await page.getByRole('button', { name: '创作图', exact: true }).click();
2026-10-09T14:28:57.1905461Z     > 52 |   await page.getByLabel('已保存创作图', { exact: true }).selectOption(empty.id);
2026-10-09T14:28:57.1906066Z          |                                                    ^
2026-10-09T14:28:57.1906696Z       53 |   await expect(page.getByLabel('创作图标题', { exact: true })).toHaveValue('可独立保存的图');
2026-10-09T14:28:57.1907332Z       54 |   const text = await addNode(page, 'text_input', '文本输入');
2026-10-09T14:28:57.1908974Z       55 |   await page.getByLabel('作者输入文本', { exact: true }).fill('合成作者文本。手工节点独立运行，最终结果由作者审核。');
2026-10-09T14:28:57.1909843Z         at /home/runner/work/_temp/novel-ci-v2-independent-media.Ok7wBi/project/frontend/tests/e2e/v2-independent-graph-live.spec.ts:52:52
2026-10-09T14:28:57.1917548Z 
2026-10-09T14:28:57.1926923Z     attachment #1: screenshot (image/png) ──────────────────────────────────────────────────────────
2026-10-09T14:28:57.1937725Z     ../../receipts/v2-independent-live/test-results/v2-independent-graph-live--1979d-orkflow-without-model-calls-v2-live-chromium/test-failed-1.png
2026-10-09T14:28:57.1941766Z     ────────────────────────────────────────────────────────────────────────────────────────────────
2026-10-09T14:28:57.1944294Z 
2026-10-09T14:28:57.1945257Z     Error Context: ../../receipts/v2-independent-live/test-results/v2-independent-graph-live--1979d-orkflow-without-model-calls-v2-live-chromium/error-context.md
2026-10-09T14:28:57.1946093Z 
2026-10-09T14:28:57.1946613Z     attachment #3: trace (application/zip) ─────────────────────────────────────────────────────────
2026-10-09T14:28:57.1947506Z     ../../receipts/v2-independent-live/test-results/v2-independent-graph-live--1979d-orkflow-without-model-calls-v2-live-chromium/trace.zip
2026-10-09T14:28:57.1948686Z     Usage:
2026-10-09T14:28:57.1948930Z 
2026-10-09T14:28:57.1949658Z         pnpm exec playwright show-trace ../../receipts/v2-independent-live/test-results/v2-independent-graph-live--1979d-orkflow-without-model-calls-v2-live-chromium/trace.zip
2026-10-09T14:28:57.1967470Z 
2026-10-09T14:28:57.1968199Z     ────────────────────────────────────────────────────────────────────────────────────────────────
2026-10-09T14:28:57.1968611Z 
2026-10-09T14:28:57.1968824Z   2 failed
2026-10-09T14:28:57.1969818Z     [v2-live-chromium] › tests/e2e/v2-asset-relationships-live.spec.ts:41:1 › real File optional asset relationships persist, protect targets and remove explicitly with no chapter prerequisite 
2026-10-09T14:28:57.1971449Z     [v2-live-chromium] › tests/e2e/v2-independent-graph-live.spec.ts:35:1 › real independent typed graph saves empty and disconnected drafts, reopens, and reviews an original local workflow without model calls 
2026-10-09T14:28:57.1972321Z   6 passed (6.5m)
2026-10-09T14:28:57.2171019Z ##[error]Process completed with exit code 1.
2026-10-09T14:28:57.2215099Z ##[group]Run if [ -f "$CI_RECEIPTS/v2-independent-live/junit.xml" ]; then
2026-10-09T14:28:57.2215405Z [36;1mif [ -f "$CI_RECEIPTS/v2-independent-live/junit.xml" ]; then[0m
2026-10-09T14:28:57.2215710Z [36;1m  cp "$CI_RECEIPTS/v2-independent-live/junit.xml" "$CI_RECEIPTS/v2-independent-live.xml"[0m
2026-10-09T14:28:57.2216154Z [36;1mfi[0m
2026-10-09T14:28:57.2216297Z [36;1mpython3 .github/ci/receipt.py "$CI_RECEIPTS"[0m
2026-10-09T14:28:57.2271839Z shell: /usr/bin/bash -e {0}
2026-10-09T14:28:57.2271979Z env:
2026-10-09T14:28:57.2272091Z   MOCK_PROVIDER: true
2026-10-09T14:28:57.2272220Z   MOCK_STREAM_DELAY_MS: 0
2026-10-09T14:28:57.2272346Z   ENABLE_CLOUD: false
2026-10-09T14:28:57.2272477Z   CREDENTIAL_VAULT_BACKEND: memory
2026-10-09T14:28:57.2272645Z   CREDENTIAL_VAULT_ALLOW_MEMORY_FALLBACK: true
2026-10-09T14:28:57.2272816Z   PYTHONDONTWRITEBYTECODE: 1
2026-10-09T14:28:57.2272954Z   HF_HUB_OFFLINE: 1
2026-10-09T14:28:57.2273072Z   TRANSFORMERS_OFFLINE: 1
2026-10-09T14:28:57.2273407Z   pythonLocation: /opt/hostedtoolcache/Python/3.12.9/x64
2026-10-09T14:28:57.2273648Z   PKG_CONFIG_PATH: /opt/hostedtoolcache/Python/3.12.9/x64/lib/pkgconfig
2026-10-09T14:28:57.2273882Z   Python_ROOT_DIR: /opt/hostedtoolcache/Python/3.12.9/x64
2026-10-09T14:28:57.2274095Z   Python2_ROOT_DIR: /opt/hostedtoolcache/Python/3.12.9/x64
2026-10-09T14:28:57.2274304Z   Python3_ROOT_DIR: /opt/hostedtoolcache/Python/3.12.9/x64
2026-10-09T14:28:57.2274516Z   LD_LIBRARY_PATH: /opt/hostedtoolcache/Python/3.12.9/x64/lib
2026-10-09T14:28:57.2274736Z   CI_COVERAGE_SHA: 7f0d911549b04e8dbb7cf078316ad74c42095449
2026-10-09T14:28:57.2274947Z   CI_COVERAGE_TREE: 69d69ffe71838263069d164a0a07b39b5f4a4333
2026-10-09T14:28:57.2275219Z   CI_SANDBOX: /home/runner/work/_temp/novel-ci-v2-independent-media.Ok7wBi
2026-10-09T14:28:57.2275515Z   CI_PROJECT: /home/runner/work/_temp/novel-ci-v2-independent-media.Ok7wBi/project
2026-10-09T14:28:57.2276007Z   CI_RECEIPTS: /home/runner/work/_temp/novel-ci-v2-independent-media.Ok7wBi/receipts
2026-10-09T14:28:57.2276306Z   HOME: /home/runner/work/_temp/novel-ci-v2-independent-media.Ok7wBi/home
2026-10-09T14:28:57.2276595Z   USERPROFILE: /home/runner/work/_temp/novel-ci-v2-independent-media.Ok7wBi/home
2026-10-09T14:28:57.2276897Z   APPDATA: /home/runner/work/_temp/novel-ci-v2-independent-media.Ok7wBi/appdata
2026-10-09T14:28:57.2277208Z   LOCALAPPDATA: /home/runner/work/_temp/novel-ci-v2-independent-media.Ok7wBi/localappdata
2026-10-09T14:28:57.2277528Z   XDG_CONFIG_HOME: /home/runner/work/_temp/novel-ci-v2-independent-media.Ok7wBi/config
2026-10-09T14:28:57.2277835Z   XDG_CACHE_HOME: /home/runner/work/_temp/novel-ci-v2-independent-media.Ok7wBi/cache
2026-10-09T14:28:57.2278137Z   XDG_DATA_HOME: /home/runner/work/_temp/novel-ci-v2-independent-media.Ok7wBi/data
2026-10-09T14:28:57.2278430Z   XDG_STATE_HOME: /home/runner/work/_temp/novel-ci-v2-independent-media.Ok7wBi/state
2026-10-09T14:28:57.2278716Z   TMPDIR: /home/runner/work/_temp/novel-ci-v2-independent-media.Ok7wBi/tmp
2026-10-09T14:28:57.2278994Z   TMP: /home/runner/work/_temp/novel-ci-v2-independent-media.Ok7wBi/tmp
2026-10-09T14:28:57.2279256Z   TEMP: /home/runner/work/_temp/novel-ci-v2-independent-media.Ok7wBi/tmp
2026-10-09T14:28:57.2279537Z   PROJECT_ROOT: /home/runner/work/_temp/novel-ci-v2-independent-media.Ok7wBi/project
2026-10-09T14:28:57.2279859Z   NOVEL_DATA_PATH: /home/runner/work/_temp/novel-ci-v2-independent-media.Ok7wBi/data/novels
2026-10-09T14:28:57.2280183Z   BACKUP_PATH: /home/runner/work/_temp/novel-ci-v2-independent-media.Ok7wBi/data/backups
2026-10-09T14:28:57.2280542Z   DATABASE_BACKUP_PATH: /home/runner/work/_temp/novel-ci-v2-independent-media.Ok7wBi/data/database-backups
2026-10-09T14:28:57.2280918Z   KNOWLEDGE_SOURCE_PATH: /home/runner/work/_temp/novel-ci-v2-independent-media.Ok7wBi/data/novels
2026-10-09T14:28:57.2281174Z ##[endgroup]
2026-10-09T14:28:57.3308731Z {
2026-10-09T14:28:57.3310409Z   "revision": "checked_out_sha=7f0d911549b04e8dbb7cf078316ad74c42095449\nevent_sha=7f0d911549b04e8dbb7cf078316ad74c42095449\nrun_url=https://github.com/1785235376-blip/AI-Novel-Studio/actions/runs/37943412489\njob=v2-independent-media\nplatform=Linux; native Windows host/AppContainer/installer=NOT RUN\n",
2026-10-09T14:28:57.3311561Z   "test_reports": {
2026-10-09T14:28:57.3311828Z     "v2-independent-live.xml": {
2026-10-09T14:28:57.3312051Z       "tests": 8,
2026-10-09T14:28:57.3312235Z       "failures": 0,
2026-10-09T14:28:57.3312429Z       "errors": 2,
2026-10-09T14:28:57.3312614Z       "skipped": 0
2026-10-09T14:28:57.3312800Z     }
2026-10-09T14:28:57.3312963Z   },
2026-10-09T14:28:57.3313165Z   "report_status": "RECORDED",
2026-10-09T14:28:57.3313481Z   "native_windows_host_appcontainer_installer": "NOT RUN",
2026-10-09T14:28:57.3313849Z   "real_model_and_paid_provider_execution": "NOT RUN"
2026-10-09T14:28:57.3314108Z }
2026-10-09T14:28:57.3356168Z 
2026-10-09T14:28:57.3449724Z ##[group]Run actions/upload-artifact@v4.6.2
2026-10-09T14:28:57.3449893Z with:
2026-10-09T14:28:57.3450237Z   name: v2-independent-media-7f0d911549b04e8dbb7cf078316ad74c42095449-attempt-1
2026-10-09T14:28:57.3450555Z   path: /home/runner/work/_temp/novel-ci-v2-independent-media.Ok7wBi/receipts

2026-10-09T14:28:57.3450785Z   if-no-files-found: error
2026-10-09T14:28:57.3450923Z   retention-days: 14
2026-10-09T14:28:57.3451051Z   compression-level: 6
2026-10-09T14:28:57.3451173Z   overwrite: false
2026-10-09T14:28:57.3451300Z   include-hidden-files: false
2026-10-09T14:28:57.3451434Z env:
2026-10-09T14:28:57.3451543Z   MOCK_PROVIDER: true
2026-10-09T14:28:57.3451670Z   MOCK_STREAM_DELAY_MS: 0
2026-10-09T14:28:57.3451797Z   ENABLE_CLOUD: false
2026-10-09T14:28:57.3451928Z   CREDENTIAL_VAULT_BACKEND: memory
2026-10-09T14:28:57.3452090Z   CREDENTIAL_VAULT_ALLOW_MEMORY_FALLBACK: true
2026-10-09T14:28:57.3452261Z   PYTHONDONTWRITEBYTECODE: 1
2026-10-09T14:28:57.3452419Z   HF_HUB_OFFLINE: 1
2026-10-09T14:28:57.3452538Z   TRANSFORMERS_OFFLINE: 1
2026-10-09T14:28:57.3452704Z   pythonLocation: /opt/hostedtoolcache/Python/3.12.9/x64
2026-10-09T14:28:57.3452944Z   PKG_CONFIG_PATH: /opt/hostedtoolcache/Python/3.12.9/x64/lib/pkgconfig
2026-10-09T14:28:57.3453175Z   Python_ROOT_DIR: /opt/hostedtoolcache/Python/3.12.9/x64
2026-10-09T14:28:57.3453389Z   Python2_ROOT_DIR: /opt/hostedtoolcache/Python/3.12.9/x64
2026-10-09T14:28:57.3453652Z   Python3_ROOT_DIR: /opt/hostedtoolcache/Python/3.12.9/x64
2026-10-09T14:28:57.3453869Z   LD_LIBRARY_PATH: /opt/hostedtoolcache/Python/3.12.9/x64/lib
2026-10-09T14:28:57.3454085Z   CI_COVERAGE_SHA: 7f0d911549b04e8dbb7cf078316ad74c42095449
2026-10-09T14:28:57.3454296Z   CI_COVERAGE_TREE: 69d69ffe71838263069d164a0a07b39b5f4a4333
2026-10-09T14:28:57.3454539Z   CI_SANDBOX: /home/runner/work/_temp/novel-ci-v2-independent-media.Ok7wBi
2026-10-09T14:28:57.3454831Z   CI_PROJECT: /home/runner/work/_temp/novel-ci-v2-independent-media.Ok7wBi/project
2026-10-09T14:28:57.3455143Z   CI_RECEIPTS: /home/runner/work/_temp/novel-ci-v2-independent-media.Ok7wBi/receipts
2026-10-09T14:28:57.3455437Z   HOME: /home/runner/work/_temp/novel-ci-v2-independent-media.Ok7wBi/home
2026-10-09T14:28:57.3455728Z   USERPROFILE: /home/runner/work/_temp/novel-ci-v2-independent-media.Ok7wBi/home
2026-10-09T14:28:57.3456370Z   APPDATA: /home/runner/work/_temp/novel-ci-v2-independent-media.Ok7wBi/appdata
2026-10-09T14:28:57.3456682Z   LOCALAPPDATA: /home/runner/work/_temp/novel-ci-v2-independent-media.Ok7wBi/localappdata
2026-10-09T14:28:57.3457035Z   XDG_CONFIG_HOME: /home/runner/work/_temp/novel-ci-v2-independent-media.Ok7wBi/config
2026-10-09T14:28:57.3457527Z   XDG_CACHE_HOME: /home/runner/work/_temp/novel-ci-v2-independent-media.Ok7wBi/cache
2026-10-09T14:28:57.3457966Z   XDG_DATA_HOME: /home/runner/work/_temp/novel-ci-v2-independent-media.Ok7wBi/data
2026-10-09T14:28:57.3458450Z   XDG_STATE_HOME: /home/runner/work/_temp/novel-ci-v2-independent-media.Ok7wBi/state
2026-10-09T14:28:57.3458904Z   TMPDIR: /home/runner/work/_temp/novel-ci-v2-independent-media.Ok7wBi/tmp
2026-10-09T14:28:57.3459326Z   TMP: /home/runner/work/_temp/novel-ci-v2-independent-media.Ok7wBi/tmp
2026-10-09T14:28:57.3459601Z   TEMP: /home/runner/work/_temp/novel-ci-v2-independent-media.Ok7wBi/tmp
2026-10-09T14:28:57.3459886Z   PROJECT_ROOT: /home/runner/work/_temp/novel-ci-v2-independent-media.Ok7wBi/project
2026-10-09T14:28:57.3460211Z   NOVEL_DATA_PATH: /home/runner/work/_temp/novel-ci-v2-independent-media.Ok7wBi/data/novels
2026-10-09T14:28:57.3460538Z   BACKUP_PATH: /home/runner/work/_temp/novel-ci-v2-independent-media.Ok7wBi/data/backups
2026-10-09T14:28:57.3460897Z   DATABASE_BACKUP_PATH: /home/runner/work/_temp/novel-ci-v2-independent-media.Ok7wBi/data/database-backups
2026-10-09T14:28:57.3461272Z   KNOWLEDGE_SOURCE_PATH: /home/runner/work/_temp/novel-ci-v2-independent-media.Ok7wBi/data/novels
2026-10-09T14:28:57.3461527Z ##[endgroup]
2026-10-09T14:28:57.4575954Z (node:4932) [DEP0040] DeprecationWarning: The `punycode` module is deprecated. Please use a userland alternative instead.
2026-10-09T14:28:57.4576756Z (Use `node --trace-deprecation ...` to show where the warning was created)
2026-10-09T14:28:57.4664792Z With the provided path, there will be 49 files uploaded
2026-10-09T14:28:57.4668624Z Artifact name is valid!
2026-10-09T14:28:57.4669014Z Root directory input is valid!
2026-10-09T14:28:57.7359184Z Beginning upload of artifact content to blob storage
2026-10-09T14:28:57.9153155Z (node:4932) [DEP0169] DeprecationWarning: `url.parse()` behavior is not standardized and prone to errors that have security implications. Use the WHATWG URL API instead. CVEs are not issued for `url.parse()` vulnerabilities.
2026-10-09T14:28:58.3848031Z Uploaded bytes 6740450
2026-10-09T14:28:58.4294095Z Finished uploading artifact content to blob storage!
2026-10-09T14:28:58.4294737Z SHA256 digest of uploaded artifact zip is 53ad1df22c3c63d648cfc746edfad13b01f0968712a8f76fe3882a5e0405b099
2026-10-09T14:28:58.4295673Z Finalizing artifact upload
2026-10-09T14:28:58.6709098Z Artifact v2-independent-media-7f0d911549b04e8dbb7cf078316ad74c42095449-attempt-1.zip successfully finalized. Artifact ID 11622193443
2026-10-09T14:28:58.6709899Z Artifact v2-independent-media-7f0d911549b04e8dbb7cf078316ad74c42095449-attempt-1 has been successfully uploaded! Final size is 6740450 bytes. Artifact ID is 11622193443
2026-10-09T14:28:58.6714325Z Artifact download URL: https://github.com/1785235376-blip/AI-Novel-Studio/actions/runs/37943412489/artifacts/11622193443
2026-10-09T14:28:58.6876819Z Post job cleanup.
2026-10-09T14:28:58.7429883Z [command]/usr/bin/git version
2026-10-09T14:28:58.7462671Z git version 2.55.0
2026-10-09T14:28:58.7487491Z Temporarily overriding HOME='/home/runner/work/_temp/9873ce7e-8d0c-48d2-8b43-9b9dedac5c0c' before making global git config changes
2026-10-09T14:28:58.7488358Z Adding repository directory to the temporary git global config as a safe directory
2026-10-09T14:28:58.7492774Z [command]/usr/bin/git config --global --add safe.directory /home/runner/work/AI-Novel-Studio/AI-Novel-Studio
2026-10-09T14:28:58.7524675Z [command]/usr/bin/git config --local --name-only --get-regexp core\.sshCommand
2026-10-09T14:28:58.7553276Z [command]/usr/bin/git submodule foreach --recursive sh -c "git config --local --name-only --get-regexp 'core\.sshCommand' && git config --local --unset-all 'core.sshCommand' || :"
2026-10-09T14:28:58.7763152Z [command]/usr/bin/git config --local --name-only --get-regexp http\.https\:\/\/github\.com\/\.extraheader
2026-10-09T14:28:58.7796087Z [command]/usr/bin/git submodule foreach --recursive sh -c "git config --local --name-only --get-regexp 'http\.https\:\/\/github\.com\/\.extraheader' && git config --local --unset-all 'http.https://github.com/.extraheader' || :"
2026-10-09T14:28:58.8149947Z Cleaning up orphan processes
2026-10-09T14:28:58.8378256Z ##[warning]Node.js 20 is deprecated. The following actions target Node.js 20 but are being forced to run on Node.js 24: actions/checkout@v4.2.2, actions/setup-node@v4.4.0, actions/setup-python@v5.6.0, actions/upload-artifact@v4.6.2. For more information see: https://github.blog/changelog/2025-09-19-deprecation-of-node-20-on-github-actions-runners/
