2026-10-09T14:20:14.6217304Z Current runner version: '2.337.0'
2026-10-09T14:20:14.6243848Z ##[group]Runner Image Provisioner
2026-10-09T14:20:14.6244819Z Hosted Compute Agent
2026-10-09T14:20:14.6245509Z Version: 20261002.596
2026-10-09T14:20:14.6246237Z Commit: c3d12f3313a95f25162a1503be624f3b0617f8c0
2026-10-09T14:20:14.6247078Z Build Date: 2026-10-02T22:28:27Z
2026-10-09T14:20:14.6247787Z Worker ID: {33f4a188-6f24-4b68-86e1-843be6fb637e}
2026-10-09T14:20:14.6248572Z Region: centralus
2026-10-09T14:20:14.6249389Z Cloud: Azure
2026-10-09T14:20:14.6249955Z ##[endgroup]
2026-10-09T14:20:14.6251668Z ##[group]Operating System
2026-10-09T14:20:14.6252340Z Ubuntu
2026-10-09T14:20:14.6252942Z 24.04.5
2026-10-09T14:20:14.6253562Z LTS
2026-10-09T14:20:14.6254064Z ##[endgroup]
2026-10-09T14:20:14.6254776Z ##[group]Runner Image
2026-10-09T14:20:14.6255385Z Image: ubuntu-24.04
2026-10-09T14:20:14.6256001Z Version: 20261004.327.1
2026-10-09T14:20:14.6257344Z Included Software: https://github.com/actions/runner-images/blob/ubuntu24/20261004.327/images/ubuntu/Ubuntu2404-Readme.md
2026-10-09T14:20:14.6259053Z Image Release: https://github.com/actions/runner-images/releases/tag/ubuntu24%2F20261004.327
2026-10-09T14:20:14.6260342Z ##[endgroup]
2026-10-09T14:20:14.6261626Z ##[group]GITHUB_TOKEN Permissions
2026-10-09T14:20:14.6263834Z Contents: read
2026-10-09T14:20:14.6264549Z Metadata: read
2026-10-09T14:20:14.6265173Z ##[endgroup]
2026-10-09T14:20:14.6267283Z Secret source: Actions
2026-10-09T14:20:14.6268422Z Cache mode: write
2026-10-09T14:20:14.6269821Z Prepare workflow directory
2026-10-09T14:20:14.6880959Z Prepare all required actions
2026-10-09T14:20:14.6931888Z Getting action download info
2026-10-09T14:20:14.9852275Z Download action repository 'actions/checkout@v4.2.2' (SHA:11bd71901bbe5b1630ceea73d27597364c9af683)
2026-10-09T14:20:15.1043075Z Download action repository 'actions/setup-python@v5.6.0' (SHA:a26af69be951a213d495a4c3e4e4022e16d87065)
2026-10-09T14:20:15.1875457Z Download action repository 'actions/upload-artifact@v4.6.2' (SHA:ea165f8d65b6e75b540449e92b4886f43607fa02)
2026-10-09T14:20:15.3984905Z Complete job name: Backend execution / postgres / shard 0
2026-10-09T14:20:15.4500337Z ##[group]Checking docker version
2026-10-09T14:20:15.4513531Z ##[command]/usr/bin/docker version --format '{{.Server.APIVersion}}'
2026-10-09T14:20:15.5352421Z '1.48'
2026-10-09T14:20:15.5373841Z Docker daemon API version: '1.48'
2026-10-09T14:20:15.5374766Z ##[command]/usr/bin/docker version --format '{{.Client.APIVersion}}'
2026-10-09T14:20:15.5536379Z '1.48'
2026-10-09T14:20:15.5548723Z Docker client API version: '1.48'
2026-10-09T14:20:15.5555348Z ##[endgroup]
2026-10-09T14:20:15.5559433Z ##[group]Clean up resources from previous jobs
2026-10-09T14:20:15.5565825Z ##[command]/usr/bin/docker ps --all --quiet --no-trunc --filter "label=937f17"
2026-10-09T14:20:15.5708885Z ##[command]/usr/bin/docker network prune --force --filter "label=937f17"
2026-10-09T14:20:15.5840790Z ##[endgroup]
2026-10-09T14:20:15.5841326Z ##[group]Create local container network
2026-10-09T14:20:15.5851668Z ##[command]/usr/bin/docker network create --label 937f17 github_network_c1ef87b428cd475ba7be111944f6a2ed
2026-10-09T14:20:15.6383194Z 66d750fc1541ba5be28ef3cea27afc5a4361afc38cb499dc029ef4f5ea122cf3
2026-10-09T14:20:15.6418517Z ##[endgroup]
2026-10-09T14:20:15.6443928Z ##[group]Starting postgres service container
2026-10-09T14:20:15.6467542Z ##[command]/usr/bin/docker pull postgres:16-alpine
2026-10-09T14:20:16.1871777Z 16-alpine: Pulling from library/postgres
2026-10-09T14:20:16.3221309Z e2de96513ba9: Already exists
2026-10-09T14:20:16.3254391Z 1b7f9cd581ee: Pulling fs layer
2026-10-09T14:20:16.3256642Z 210b280f9556: Pulling fs layer
2026-10-09T14:20:16.3258455Z 81717818649a: Pulling fs layer
2026-10-09T14:20:16.3260423Z 3ae6141cfd99: Pulling fs layer
2026-10-09T14:20:16.3262187Z 25b77f59fd95: Pulling fs layer
2026-10-09T14:20:16.3263902Z 6c25da34e03f: Pulling fs layer
2026-10-09T14:20:16.3265029Z a88782f92806: Pulling fs layer
2026-10-09T14:20:16.3266060Z d8d21be4bf02: Pulling fs layer
2026-10-09T14:20:16.3267458Z 6117bd39f23f: Pulling fs layer
2026-10-09T14:20:16.3268428Z 509688edf37b: Pulling fs layer
2026-10-09T14:20:16.3269695Z 6c25da34e03f: Waiting
2026-10-09T14:20:16.3270751Z 6117bd39f23f: Waiting
2026-10-09T14:20:16.3271772Z 509688edf37b: Waiting
2026-10-09T14:20:16.3272760Z a88782f92806: Waiting
2026-10-09T14:20:16.3273698Z d8d21be4bf02: Waiting
2026-10-09T14:20:16.3274635Z 3ae6141cfd99: Waiting
2026-10-09T14:20:16.3275575Z 25b77f59fd95: Waiting
2026-10-09T14:20:16.4464073Z 1b7f9cd581ee: Verifying Checksum
2026-10-09T14:20:16.4466069Z 1b7f9cd581ee: Download complete
2026-10-09T14:20:16.4505937Z 81717818649a: Verifying Checksum
2026-10-09T14:20:16.4963052Z 81717818649a: Download complete
2026-10-09T14:20:16.4971128Z 210b280f9556: Verifying Checksum
2026-10-09T14:20:16.4972747Z 210b280f9556: Download complete
2026-10-09T14:20:16.5914838Z 3ae6141cfd99: Verifying Checksum
2026-10-09T14:20:16.5917054Z 3ae6141cfd99: Download complete
2026-10-09T14:20:16.6466485Z 6c25da34e03f: Verifying Checksum
2026-10-09T14:20:16.6467896Z 6c25da34e03f: Download complete
2026-10-09T14:20:16.7235393Z a88782f92806: Verifying Checksum
2026-10-09T14:20:16.7236744Z a88782f92806: Download complete
2026-10-09T14:20:16.7659691Z d8d21be4bf02: Verifying Checksum
2026-10-09T14:20:16.7660562Z d8d21be4bf02: Download complete
2026-10-09T14:20:16.8672314Z 6117bd39f23f: Verifying Checksum
2026-10-09T14:20:16.8672974Z 6117bd39f23f: Download complete
2026-10-09T14:20:16.9082854Z 509688edf37b: Verifying Checksum
2026-10-09T14:20:16.9084170Z 509688edf37b: Download complete
2026-10-09T14:20:17.0713830Z 25b77f59fd95: Verifying Checksum
2026-10-09T14:20:17.0714465Z 25b77f59fd95: Download complete
2026-10-09T14:20:18.8558489Z 1b7f9cd581ee: Pull complete
2026-10-09T14:20:19.1127549Z 210b280f9556: Pull complete
2026-10-09T14:20:19.1264566Z 81717818649a: Pull complete
2026-10-09T14:20:19.1358765Z 3ae6141cfd99: Pull complete
2026-10-09T14:20:21.5713771Z 25b77f59fd95: Pull complete
2026-10-09T14:20:21.6067388Z 6c25da34e03f: Pull complete
2026-10-09T14:20:21.6199952Z a88782f92806: Pull complete
2026-10-09T14:20:21.6298682Z d8d21be4bf02: Pull complete
2026-10-09T14:20:21.6433399Z 6117bd39f23f: Pull complete
2026-10-09T14:20:21.6535840Z 509688edf37b: Pull complete
2026-10-09T14:20:21.6576491Z Digest: sha256:721873c34ceb9f8d8fc265984940dc982404c105f19ad51be9fdc5970a6080ea
2026-10-09T14:20:21.6590957Z Status: Downloaded newer image for postgres:16-alpine
2026-10-09T14:20:21.6600539Z docker.io/library/postgres:16-alpine
2026-10-09T14:20:21.6667691Z ##[command]/usr/bin/docker create --name fd374a10338646cba34244c5072555d5_postgres16alpine_bb7820 --label 937f17 --network github_network_c1ef87b428cd475ba7be111944f6a2ed --network-alias postgres -p 5432:5432 --health-cmd "pg_isready -U ci -d novel_ci" --health-interval 5s --health-timeout 5s --health-retries 12 -e "POSTGRES_USER=ci" -e "POSTGRES_PASSWORD=ci-ephemeral-only" -e "POSTGRES_DB=novel_ci" -e GITHUB_ACTIONS=true -e CI=true postgres:16-alpine
2026-10-09T14:20:21.6935926Z 77d2b3807f9105992a35e8608547862fa05bbfe85fe2f668c9cd56bf8730b346
2026-10-09T14:20:21.6957935Z ##[command]/usr/bin/docker start 77d2b3807f9105992a35e8608547862fa05bbfe85fe2f668c9cd56bf8730b346
2026-10-09T14:20:21.9096120Z 77d2b3807f9105992a35e8608547862fa05bbfe85fe2f668c9cd56bf8730b346
2026-10-09T14:20:21.9119039Z ##[command]/usr/bin/docker ps --all --filter id=77d2b3807f9105992a35e8608547862fa05bbfe85fe2f668c9cd56bf8730b346 --filter status=running --no-trunc --format "{{.ID}} {{.Status}}"
2026-10-09T14:20:21.9253677Z 77d2b3807f9105992a35e8608547862fa05bbfe85fe2f668c9cd56bf8730b346 Up Less than a second (health: starting)
2026-10-09T14:20:21.9275632Z ##[command]/usr/bin/docker port 77d2b3807f9105992a35e8608547862fa05bbfe85fe2f668c9cd56bf8730b346
2026-10-09T14:20:21.9422529Z 5432/tcp -> 0.0.0.0:5432
2026-10-09T14:20:21.9437318Z 5432/tcp -> [::]:5432
2026-10-09T14:20:21.9472686Z ##[endgroup]
2026-10-09T14:20:21.9481234Z ##[group]Waiting for all services to be ready
2026-10-09T14:20:21.9493837Z ##[command]/usr/bin/docker inspect --format="{{if .Config.Healthcheck}}{{print .State.Health.Status}}{{end}}" 77d2b3807f9105992a35e8608547862fa05bbfe85fe2f668c9cd56bf8730b346
2026-10-09T14:20:21.9614630Z starting
2026-10-09T14:20:21.9633211Z postgres service is starting, waiting 2 seconds before checking again.
2026-10-09T14:20:23.9635231Z ##[command]/usr/bin/docker inspect --format="{{if .Config.Healthcheck}}{{print .State.Health.Status}}{{end}}" 77d2b3807f9105992a35e8608547862fa05bbfe85fe2f668c9cd56bf8730b346
2026-10-09T14:20:23.9766770Z starting
2026-10-09T14:20:23.9780309Z postgres service is starting, waiting 3 seconds before checking again.
2026-10-09T14:20:27.7445527Z ##[command]/usr/bin/docker inspect --format="{{if .Config.Healthcheck}}{{print .State.Health.Status}}{{end}}" 77d2b3807f9105992a35e8608547862fa05bbfe85fe2f668c9cd56bf8730b346
2026-10-09T14:20:27.7575077Z healthy
2026-10-09T14:20:27.7591521Z postgres service is healthy.
2026-10-09T14:20:27.7592560Z ##[endgroup]
2026-10-09T14:20:27.7940848Z ##[group]Run actions/checkout@v4.2.2
2026-10-09T14:20:27.7941457Z with:
2026-10-09T14:20:27.7941678Z   persist-credentials: false
2026-10-09T14:20:27.7941974Z   repository: 1785235376-blip/AI-Novel-Studio
2026-10-09T14:20:27.7944573Z   token: ***
2026-10-09T14:20:27.7944781Z   ssh-strict: true
2026-10-09T14:20:27.7944983Z   ssh-user: git
2026-10-09T14:20:27.7945169Z   clean: true
2026-10-09T14:20:27.7945379Z   sparse-checkout-cone-mode: true
2026-10-09T14:20:27.7945643Z   fetch-depth: 1
2026-10-09T14:20:27.7945844Z   fetch-tags: false
2026-10-09T14:20:27.7946052Z   show-progress: true
2026-10-09T14:20:27.7946262Z   lfs: false
2026-10-09T14:20:27.7946446Z   submodules: false
2026-10-09T14:20:27.7946653Z   set-safe-directory: true
2026-10-09T14:20:27.7947057Z env:
2026-10-09T14:20:27.7947242Z   MOCK_PROVIDER: true
2026-10-09T14:20:27.7947460Z   MOCK_STREAM_DELAY_MS: 0
2026-10-09T14:20:27.7947680Z   ENABLE_CLOUD: false
2026-10-09T14:20:27.7947893Z   CREDENTIAL_VAULT_BACKEND: memory
2026-10-09T14:20:27.7948209Z   CREDENTIAL_VAULT_ALLOW_MEMORY_FALLBACK: true
2026-10-09T14:20:27.7948511Z   PYTHONDONTWRITEBYTECODE: 1
2026-10-09T14:20:27.7948746Z   HF_HUB_OFFLINE: 1
2026-10-09T14:20:27.7948950Z   TRANSFORMERS_OFFLINE: 1
2026-10-09T14:20:27.7949420Z ##[endgroup]
2026-10-09T14:20:27.8951743Z Syncing repository: 1785235376-blip/AI-Novel-Studio
2026-10-09T14:20:27.8953572Z ##[group]Getting Git version info
2026-10-09T14:20:27.8954259Z Working directory is '/home/runner/work/AI-Novel-Studio/AI-Novel-Studio'
2026-10-09T14:20:27.8955219Z [command]/usr/bin/git version
2026-10-09T14:20:27.9008490Z git version 2.55.0
2026-10-09T14:20:27.9031177Z ##[endgroup]
2026-10-09T14:20:27.9048061Z Temporarily overriding HOME='/home/runner/work/_temp/a4fd2c4b-1610-43d4-9ae5-13eb9d64650b' before making global git config changes
2026-10-09T14:20:27.9049845Z Adding repository directory to the temporary git global config as a safe directory
2026-10-09T14:20:27.9056814Z [command]/usr/bin/git config --global --add safe.directory /home/runner/work/AI-Novel-Studio/AI-Novel-Studio
2026-10-09T14:20:27.9116387Z Deleting the contents of '/home/runner/work/AI-Novel-Studio/AI-Novel-Studio'
2026-10-09T14:20:27.9120559Z ##[group]Initializing the repository
2026-10-09T14:20:27.9126529Z [command]/usr/bin/git init /home/runner/work/AI-Novel-Studio/AI-Novel-Studio
2026-10-09T14:20:27.9237019Z hint: Using 'master' as the name for the initial branch. This default branch name
2026-10-09T14:20:27.9238203Z hint: will change to "main" in Git 3.0. To configure the initial branch name
2026-10-09T14:20:27.9239464Z hint: to use in all of your new repositories, which will suppress this warning,
2026-10-09T14:20:27.9240504Z hint: call:
2026-10-09T14:20:27.9240804Z hint:
2026-10-09T14:20:27.9241317Z hint: 	git config --global init.defaultBranch <name>
2026-10-09T14:20:27.9241847Z hint:
2026-10-09T14:20:27.9242230Z hint: Names commonly chosen instead of 'master' are 'main', 'trunk' and
2026-10-09T14:20:27.9242973Z hint: 'development'. The just-created branch can be renamed via this command:
2026-10-09T14:20:27.9243715Z hint:
2026-10-09T14:20:27.9244175Z hint: 	git branch -m <name>
2026-10-09T14:20:27.9244414Z hint:
2026-10-09T14:20:27.9244743Z hint: Disable this message with "git config set advice.defaultBranchName false"
2026-10-09T14:20:27.9245642Z Initialized empty Git repository in /home/runner/work/AI-Novel-Studio/AI-Novel-Studio/.git/
2026-10-09T14:20:27.9253913Z [command]/usr/bin/git remote add origin https://github.com/1785235376-blip/AI-Novel-Studio
2026-10-09T14:20:27.9308038Z ##[endgroup]
2026-10-09T14:20:27.9308753Z ##[group]Disabling automatic garbage collection
2026-10-09T14:20:27.9311813Z [command]/usr/bin/git config --local gc.auto 0
2026-10-09T14:20:27.9343746Z ##[endgroup]
2026-10-09T14:20:27.9344451Z ##[group]Setting up auth
2026-10-09T14:20:27.9351693Z [command]/usr/bin/git config --local --name-only --get-regexp core\.sshCommand
2026-10-09T14:20:27.9385089Z [command]/usr/bin/git submodule foreach --recursive sh -c "git config --local --name-only --get-regexp 'core\.sshCommand' && git config --local --unset-all 'core.sshCommand' || :"
2026-10-09T14:20:27.9799035Z [command]/usr/bin/git config --local --name-only --get-regexp http\.https\:\/\/github\.com\/\.extraheader
2026-10-09T14:20:27.9842458Z [command]/usr/bin/git submodule foreach --recursive sh -c "git config --local --name-only --get-regexp 'http\.https\:\/\/github\.com\/\.extraheader' && git config --local --unset-all 'http.https://github.com/.extraheader' || :"
2026-10-09T14:20:28.0076395Z [command]/usr/bin/git config --local http.https://github.com/.extraheader AUTHORIZATION: basic ***
2026-10-09T14:20:28.0118698Z ##[endgroup]
2026-10-09T14:20:28.0119628Z ##[group]Fetching the repository
2026-10-09T14:20:28.0128618Z [command]/usr/bin/git -c protocol.version=2 fetch --no-tags --prune --no-recurse-submodules --depth=1 origin +99c43b6892038233c390be2ae61acb669163d0b5:refs/remotes/origin/feature/v2-narrative-platform
2026-10-09T14:20:32.6520081Z From https://github.com/1785235376-blip/AI-Novel-Studio
2026-10-09T14:20:32.6521093Z  * [new ref]         99c43b6892038233c390be2ae61acb669163d0b5 -> origin/feature/v2-narrative-platform
2026-10-09T14:20:32.6526724Z ##[endgroup]
2026-10-09T14:20:32.6527555Z ##[group]Determining the checkout info
2026-10-09T14:20:32.6529927Z ##[endgroup]
2026-10-09T14:20:32.6535871Z [command]/usr/bin/git sparse-checkout disable
2026-10-09T14:20:32.6592260Z [command]/usr/bin/git config --local --unset-all extensions.worktreeConfig
2026-10-09T14:20:32.6624684Z ##[group]Checking out the ref
2026-10-09T14:20:32.6631176Z [command]/usr/bin/git checkout --progress --force -B feature/v2-narrative-platform refs/remotes/origin/feature/v2-narrative-platform
2026-10-09T14:20:33.3050715Z Switched to a new branch 'feature/v2-narrative-platform'
2026-10-09T14:20:33.3056590Z branch 'feature/v2-narrative-platform' set up to track 'origin/feature/v2-narrative-platform'.
2026-10-09T14:20:33.3093352Z ##[endgroup]
2026-10-09T14:20:33.3144225Z [command]/usr/bin/git log -1 --format=%H
2026-10-09T14:20:33.3180088Z 99c43b6892038233c390be2ae61acb669163d0b5
2026-10-09T14:20:33.3190519Z ##[group]Removing auth
2026-10-09T14:20:33.3194810Z [command]/usr/bin/git config --local --name-only --get-regexp core\.sshCommand
2026-10-09T14:20:33.3230679Z [command]/usr/bin/git submodule foreach --recursive sh -c "git config --local --name-only --get-regexp 'core\.sshCommand' && git config --local --unset-all 'core.sshCommand' || :"
2026-10-09T14:20:33.3457308Z [command]/usr/bin/git config --local --name-only --get-regexp http\.https\:\/\/github\.com\/\.extraheader
2026-10-09T14:20:33.3488516Z http.https://github.com/.extraheader
2026-10-09T14:20:33.3497367Z [command]/usr/bin/git config --local --unset-all http.https://github.com/.extraheader
2026-10-09T14:20:33.3545769Z [command]/usr/bin/git submodule foreach --recursive sh -c "git config --local --name-only --get-regexp 'http\.https\:\/\/github\.com\/\.extraheader' && git config --local --unset-all 'http.https://github.com/.extraheader' || :"
2026-10-09T14:20:33.3768758Z ##[endgroup]
2026-10-09T14:20:33.3998124Z ##[group]Run actions/setup-python@v5.6.0
2026-10-09T14:20:33.3998591Z with:
2026-10-09T14:20:33.3998793Z   python-version: 3.12.9
2026-10-09T14:20:33.3999030Z   check-latest: false
2026-10-09T14:20:33.4001896Z   token: ***
2026-10-09T14:20:33.4002114Z   update-environment: true
2026-10-09T14:20:33.4002360Z   allow-prereleases: false
2026-10-09T14:20:33.4002590Z   freethreaded: false
2026-10-09T14:20:33.4002795Z env:
2026-10-09T14:20:33.4002977Z   MOCK_PROVIDER: true
2026-10-09T14:20:33.4003194Z   MOCK_STREAM_DELAY_MS: 0
2026-10-09T14:20:33.4003409Z   ENABLE_CLOUD: false
2026-10-09T14:20:33.4003624Z   CREDENTIAL_VAULT_BACKEND: memory
2026-10-09T14:20:33.4003906Z   CREDENTIAL_VAULT_ALLOW_MEMORY_FALLBACK: true
2026-10-09T14:20:33.4004207Z   PYTHONDONTWRITEBYTECODE: 1
2026-10-09T14:20:33.4004442Z   HF_HUB_OFFLINE: 1
2026-10-09T14:20:33.4004645Z   TRANSFORMERS_OFFLINE: 1
2026-10-09T14:20:33.4004869Z ##[endgroup]
2026-10-09T14:20:33.5303545Z ##[group]Installed versions
2026-10-09T14:20:33.5323458Z Version 3.12.9 was not found in the local cache
2026-10-09T14:20:33.5432964Z (node:2966) [DEP0040] DeprecationWarning: The `punycode` module is deprecated. Please use a userland alternative instead.
2026-10-09T14:20:33.5433942Z (Use `node --trace-deprecation ...` to show where the warning was created)
2026-10-09T14:20:34.3521426Z Version 3.12.9 is available for downloading
2026-10-09T14:20:34.3523457Z Download from "https://github.com/actions/python-versions/releases/download/3.12.9-13149478207/python-3.12.9-linux-24.04-x64.tar.gz"
2026-10-09T14:20:35.2644499Z Extract downloaded archive
2026-10-09T14:20:35.2765134Z [command]/usr/bin/tar xz --warning=no-unknown-keyword --overwrite -C /home/runner/work/_temp/8bf7cf07-7e2a-403e-bdfe-78a80dd62261 -f /home/runner/work/_temp/40b95b1b-24bb-4698-95cd-48dfbbb0d0c8
2026-10-09T14:20:37.2945258Z Execute installation script
2026-10-09T14:20:37.3038881Z Check if Python hostedtoolcache folder exist...
2026-10-09T14:20:37.3040057Z Create Python 3.12.9 folder
2026-10-09T14:20:37.3054388Z Copy Python binaries to hostedtoolcache folder
2026-10-09T14:20:37.7795884Z Create additional symlinks (Required for the UsePythonVersion Azure Pipelines task and the setup-python GitHub Action)
2026-10-09T14:20:37.7837181Z Upgrading pip...
2026-10-09T14:20:40.0622120Z Looking in links: /tmp/tmpwwp5y336
2026-10-09T14:20:40.0626842Z Requirement already satisfied: pip in /opt/hostedtoolcache/Python/3.12.9/x64/lib/python3.12/site-packages (24.3.1)
2026-10-09T14:20:41.6095534Z Collecting pip
2026-10-09T14:20:41.6769789Z Downloading pip-26.2.1-py3-none-any.whl.metadata (4.6 kB)
2026-10-09T14:20:41.6969466Z Downloading pip-26.2.1-py3-none-any.whl (1.8 MB)
2026-10-09T14:20:41.8013588Z ━━━━━━━━━━━━━━━━━━━━━━━━━━━━━━━━━━━━━━━━ 1.8/1.8 MB 26.3 MB/s eta 0:00:00
2026-10-09T14:20:41.8014244Z 
2026-10-09T14:20:41.8226823Z Installing collected packages: pip
2026-10-09T14:20:41.8228658Z Attempting uninstall: pip
2026-10-09T14:20:41.8250786Z Found existing installation: pip 24.3.1
2026-10-09T14:20:41.8609949Z Uninstalling pip-24.3.1:
2026-10-09T14:20:41.8667886Z Successfully uninstalled pip-24.3.1
2026-10-09T14:20:42.8829420Z Successfully installed pip-26.2.1
2026-10-09T14:20:42.9316874Z Create complete file
2026-10-09T14:20:42.9356668Z Successfully set up CPython (3.12.9)
2026-10-09T14:20:42.9357822Z ##[endgroup]
2026-10-09T14:20:42.9558525Z ##[group]Run bash .github/ci/prepare.sh backend-postgres-shard-0
2026-10-09T14:20:42.9559047Z [36;1mbash .github/ci/prepare.sh backend-postgres-shard-0[0m
2026-10-09T14:20:43.1121245Z shell: /usr/bin/bash -e {0}
2026-10-09T14:20:43.1121563Z env:
2026-10-09T14:20:43.1121781Z   MOCK_PROVIDER: true
2026-10-09T14:20:43.1122030Z   MOCK_STREAM_DELAY_MS: 0
2026-10-09T14:20:43.1122279Z   ENABLE_CLOUD: false
2026-10-09T14:20:43.1122532Z   CREDENTIAL_VAULT_BACKEND: memory
2026-10-09T14:20:43.1122848Z   CREDENTIAL_VAULT_ALLOW_MEMORY_FALLBACK: true
2026-10-09T14:20:43.1123183Z   PYTHONDONTWRITEBYTECODE: 1
2026-10-09T14:20:43.1123445Z   HF_HUB_OFFLINE: 1
2026-10-09T14:20:43.1123671Z   TRANSFORMERS_OFFLINE: 1
2026-10-09T14:20:43.1124232Z   pythonLocation: /opt/hostedtoolcache/Python/3.12.9/x64
2026-10-09T14:20:43.1124721Z   PKG_CONFIG_PATH: /opt/hostedtoolcache/Python/3.12.9/x64/lib/pkgconfig
2026-10-09T14:20:43.1125190Z   Python_ROOT_DIR: /opt/hostedtoolcache/Python/3.12.9/x64
2026-10-09T14:20:43.1125663Z   Python2_ROOT_DIR: /opt/hostedtoolcache/Python/3.12.9/x64
2026-10-09T14:20:43.1126079Z   Python3_ROOT_DIR: /opt/hostedtoolcache/Python/3.12.9/x64
2026-10-09T14:20:43.1126500Z   LD_LIBRARY_PATH: /opt/hostedtoolcache/Python/3.12.9/x64/lib
2026-10-09T14:20:43.1126884Z ##[endgroup]
2026-10-09T14:20:43.8764944Z ##[group]Run runtime="$CI_PROJECT/.runtime/ci-backend"
2026-10-09T14:20:43.8765367Z [36;1mruntime="$CI_PROJECT/.runtime/ci-backend"[0m
2026-10-09T14:20:43.8765836Z [36;1mmkdir -p "$runtime"/{home,config,cache,data,state,tmp,appdata,localappdata}[0m
2026-10-09T14:20:43.8766273Z [36;1m{[0m
2026-10-09T14:20:43.8766479Z [36;1m  echo "CI_V2_RUNTIME=$runtime"[0m
2026-10-09T14:20:43.8766761Z [36;1m  echo "HOME=$runtime/home"[0m
2026-10-09T14:20:43.8767047Z [36;1m  echo "USERPROFILE=$runtime/home"[0m
2026-10-09T14:20:43.8767339Z [36;1m  echo "APPDATA=$runtime/appdata"[0m
2026-10-09T14:20:43.8767650Z [36;1m  echo "LOCALAPPDATA=$runtime/localappdata"[0m
2026-10-09T14:20:43.8767972Z [36;1m  echo "XDG_CONFIG_HOME=$runtime/config"[0m
2026-10-09T14:20:43.8768281Z [36;1m  echo "XDG_CACHE_HOME=$runtime/cache"[0m
2026-10-09T14:20:43.8768586Z [36;1m  echo "XDG_DATA_HOME=$runtime/data"[0m
2026-10-09T14:20:43.8768880Z [36;1m  echo "XDG_STATE_HOME=$runtime/state"[0m
2026-10-09T14:20:43.8769479Z [36;1m  echo "TMPDIR=$runtime/tmp"[0m
2026-10-09T14:20:43.8769748Z [36;1m  echo "TMP=$runtime/tmp"[0m
2026-10-09T14:20:43.8770038Z [36;1m  echo "TEMP=$runtime/tmp"[0m
2026-10-09T14:20:43.8770329Z [36;1m  echo "NOVEL_DATA_PATH=$runtime/data/novels"[0m
2026-10-09T14:20:43.8770656Z [36;1m  echo "BACKUP_PATH=$runtime/data/backups"[0m
2026-10-09T14:20:43.8771043Z [36;1m  echo "DATABASE_BACKUP_PATH=$runtime/data/database-backups"[0m
2026-10-09T14:20:43.8771469Z [36;1m  echo "KNOWLEDGE_SOURCE_PATH=$runtime/data/novels"[0m
2026-10-09T14:20:43.8771790Z [36;1m} >> "$GITHUB_ENV"[0m
2026-10-09T14:20:43.8835993Z shell: /usr/bin/bash -e {0}
2026-10-09T14:20:43.8836246Z env:
2026-10-09T14:20:43.8836437Z   MOCK_PROVIDER: true
2026-10-09T14:20:43.8836664Z   MOCK_STREAM_DELAY_MS: 0
2026-10-09T14:20:43.8836886Z   ENABLE_CLOUD: false
2026-10-09T14:20:43.8837109Z   CREDENTIAL_VAULT_BACKEND: memory
2026-10-09T14:20:43.8837390Z   CREDENTIAL_VAULT_ALLOW_MEMORY_FALLBACK: true
2026-10-09T14:20:43.8837701Z   PYTHONDONTWRITEBYTECODE: 1
2026-10-09T14:20:43.8837938Z   HF_HUB_OFFLINE: 1
2026-10-09T14:20:43.8838145Z   TRANSFORMERS_OFFLINE: 1
2026-10-09T14:20:43.8838428Z   pythonLocation: /opt/hostedtoolcache/Python/3.12.9/x64
2026-10-09T14:20:43.8838860Z   PKG_CONFIG_PATH: /opt/hostedtoolcache/Python/3.12.9/x64/lib/pkgconfig
2026-10-09T14:20:43.8839605Z   Python_ROOT_DIR: /opt/hostedtoolcache/Python/3.12.9/x64
2026-10-09T14:20:43.8839995Z   Python2_ROOT_DIR: /opt/hostedtoolcache/Python/3.12.9/x64
2026-10-09T14:20:43.8840373Z   Python3_ROOT_DIR: /opt/hostedtoolcache/Python/3.12.9/x64
2026-10-09T14:20:43.8840745Z   LD_LIBRARY_PATH: /opt/hostedtoolcache/Python/3.12.9/x64/lib
2026-10-09T14:20:43.8841121Z   CI_COVERAGE_SHA: 99c43b6892038233c390be2ae61acb669163d0b5
2026-10-09T14:20:43.8841491Z   CI_COVERAGE_TREE: 69d69ffe71838263069d164a0a07b39b5f4a4333
2026-10-09T14:20:43.8841929Z   CI_SANDBOX: /home/runner/work/_temp/novel-ci-backend-postgres-shard-0.2SHeSR
2026-10-09T14:20:43.8842487Z   CI_PROJECT: /home/runner/work/_temp/novel-ci-backend-postgres-shard-0.2SHeSR/project
2026-10-09T14:20:43.8843062Z   CI_RECEIPTS: /home/runner/work/_temp/novel-ci-backend-postgres-shard-0.2SHeSR/receipts
2026-10-09T14:20:43.8843607Z   HOME: /home/runner/work/_temp/novel-ci-backend-postgres-shard-0.2SHeSR/home
2026-10-09T14:20:43.8844141Z   USERPROFILE: /home/runner/work/_temp/novel-ci-backend-postgres-shard-0.2SHeSR/home
2026-10-09T14:20:43.8844697Z   APPDATA: /home/runner/work/_temp/novel-ci-backend-postgres-shard-0.2SHeSR/appdata
2026-10-09T14:20:43.8845468Z   LOCALAPPDATA: /home/runner/work/_temp/novel-ci-backend-postgres-shard-0.2SHeSR/localappdata
2026-10-09T14:20:43.8846075Z   XDG_CONFIG_HOME: /home/runner/work/_temp/novel-ci-backend-postgres-shard-0.2SHeSR/config
2026-10-09T14:20:43.8846652Z   XDG_CACHE_HOME: /home/runner/work/_temp/novel-ci-backend-postgres-shard-0.2SHeSR/cache
2026-10-09T14:20:43.8847223Z   XDG_DATA_HOME: /home/runner/work/_temp/novel-ci-backend-postgres-shard-0.2SHeSR/data
2026-10-09T14:20:43.8847937Z   XDG_STATE_HOME: /home/runner/work/_temp/novel-ci-backend-postgres-shard-0.2SHeSR/state
2026-10-09T14:20:43.8848484Z   TMPDIR: /home/runner/work/_temp/novel-ci-backend-postgres-shard-0.2SHeSR/tmp
2026-10-09T14:20:43.8848994Z   TMP: /home/runner/work/_temp/novel-ci-backend-postgres-shard-0.2SHeSR/tmp
2026-10-09T14:20:43.8849754Z   TEMP: /home/runner/work/_temp/novel-ci-backend-postgres-shard-0.2SHeSR/tmp
2026-10-09T14:20:43.8850289Z   PROJECT_ROOT: /home/runner/work/_temp/novel-ci-backend-postgres-shard-0.2SHeSR/project
2026-10-09T14:20:43.8850895Z   NOVEL_DATA_PATH: /home/runner/work/_temp/novel-ci-backend-postgres-shard-0.2SHeSR/data/novels
2026-10-09T14:20:43.8851509Z   BACKUP_PATH: /home/runner/work/_temp/novel-ci-backend-postgres-shard-0.2SHeSR/data/backups
2026-10-09T14:20:43.8852199Z   DATABASE_BACKUP_PATH: /home/runner/work/_temp/novel-ci-backend-postgres-shard-0.2SHeSR/data/database-backups
2026-10-09T14:20:43.8852920Z   KNOWLEDGE_SOURCE_PATH: /home/runner/work/_temp/novel-ci-backend-postgres-shard-0.2SHeSR/data/novels
2026-10-09T14:20:43.8853399Z ##[endgroup]
2026-10-09T14:20:43.8985636Z ##[group]Run python -m pip install -c .github/ci/python-constraints.txt -e '.[dev,fontbuild,otio,comic]'
2026-10-09T14:20:43.8986392Z [36;1mpython -m pip install -c .github/ci/python-constraints.txt -e '.[dev,fontbuild,otio,comic]'[0m
2026-10-09T14:20:43.8986903Z [36;1mpython -m pip check[0m
2026-10-09T14:20:43.8987295Z [36;1mpython -m pip freeze --exclude-editable > "$CI_RECEIPTS/python-packages.txt"[0m
2026-10-09T14:20:43.9045675Z shell: /usr/bin/bash -e {0}
2026-10-09T14:20:43.9045924Z env:
2026-10-09T14:20:43.9046133Z   MOCK_PROVIDER: true
2026-10-09T14:20:43.9046368Z   MOCK_STREAM_DELAY_MS: 0
2026-10-09T14:20:43.9046597Z   ENABLE_CLOUD: false
2026-10-09T14:20:43.9046817Z   CREDENTIAL_VAULT_BACKEND: memory
2026-10-09T14:20:43.9047102Z   CREDENTIAL_VAULT_ALLOW_MEMORY_FALLBACK: true
2026-10-09T14:20:43.9047402Z   PYTHONDONTWRITEBYTECODE: 1
2026-10-09T14:20:43.9047633Z   HF_HUB_OFFLINE: 1
2026-10-09T14:20:43.9047835Z   TRANSFORMERS_OFFLINE: 1
2026-10-09T14:20:43.9048182Z   pythonLocation: /opt/hostedtoolcache/Python/3.12.9/x64
2026-10-09T14:20:43.9048616Z   PKG_CONFIG_PATH: /opt/hostedtoolcache/Python/3.12.9/x64/lib/pkgconfig
2026-10-09T14:20:43.9049031Z   Python_ROOT_DIR: /opt/hostedtoolcache/Python/3.12.9/x64
2026-10-09T14:20:43.9049661Z   Python2_ROOT_DIR: /opt/hostedtoolcache/Python/3.12.9/x64
2026-10-09T14:20:43.9050033Z   Python3_ROOT_DIR: /opt/hostedtoolcache/Python/3.12.9/x64
2026-10-09T14:20:43.9050413Z   LD_LIBRARY_PATH: /opt/hostedtoolcache/Python/3.12.9/x64/lib
2026-10-09T14:20:43.9050792Z   CI_COVERAGE_SHA: 99c43b6892038233c390be2ae61acb669163d0b5
2026-10-09T14:20:43.9051158Z   CI_COVERAGE_TREE: 69d69ffe71838263069d164a0a07b39b5f4a4333
2026-10-09T14:20:43.9051595Z   CI_SANDBOX: /home/runner/work/_temp/novel-ci-backend-postgres-shard-0.2SHeSR
2026-10-09T14:20:43.9052143Z   CI_PROJECT: /home/runner/work/_temp/novel-ci-backend-postgres-shard-0.2SHeSR/project
2026-10-09T14:20:43.9052718Z   CI_RECEIPTS: /home/runner/work/_temp/novel-ci-backend-postgres-shard-0.2SHeSR/receipts
2026-10-09T14:20:43.9053421Z   HOME: /home/runner/work/_temp/novel-ci-backend-postgres-shard-0.2SHeSR/project/.runtime/ci-backend/home
2026-10-09T14:20:43.9054169Z   USERPROFILE: /home/runner/work/_temp/novel-ci-backend-postgres-shard-0.2SHeSR/project/.runtime/ci-backend/home
2026-10-09T14:20:43.9054943Z   APPDATA: /home/runner/work/_temp/novel-ci-backend-postgres-shard-0.2SHeSR/project/.runtime/ci-backend/appdata
2026-10-09T14:20:43.9055932Z   LOCALAPPDATA: /home/runner/work/_temp/novel-ci-backend-postgres-shard-0.2SHeSR/project/.runtime/ci-backend/localappdata
2026-10-09T14:20:43.9056748Z   XDG_CONFIG_HOME: /home/runner/work/_temp/novel-ci-backend-postgres-shard-0.2SHeSR/project/.runtime/ci-backend/config
2026-10-09T14:20:43.9057529Z   XDG_CACHE_HOME: /home/runner/work/_temp/novel-ci-backend-postgres-shard-0.2SHeSR/project/.runtime/ci-backend/cache
2026-10-09T14:20:43.9058323Z   XDG_DATA_HOME: /home/runner/work/_temp/novel-ci-backend-postgres-shard-0.2SHeSR/project/.runtime/ci-backend/data
2026-10-09T14:20:43.9059345Z   XDG_STATE_HOME: /home/runner/work/_temp/novel-ci-backend-postgres-shard-0.2SHeSR/project/.runtime/ci-backend/state
2026-10-09T14:20:43.9060136Z   TMPDIR: /home/runner/work/_temp/novel-ci-backend-postgres-shard-0.2SHeSR/project/.runtime/ci-backend/tmp
2026-10-09T14:20:43.9060853Z   TMP: /home/runner/work/_temp/novel-ci-backend-postgres-shard-0.2SHeSR/project/.runtime/ci-backend/tmp
2026-10-09T14:20:43.9061573Z   TEMP: /home/runner/work/_temp/novel-ci-backend-postgres-shard-0.2SHeSR/project/.runtime/ci-backend/tmp
2026-10-09T14:20:43.9062218Z   PROJECT_ROOT: /home/runner/work/_temp/novel-ci-backend-postgres-shard-0.2SHeSR/project
2026-10-09T14:20:43.9062937Z   NOVEL_DATA_PATH: /home/runner/work/_temp/novel-ci-backend-postgres-shard-0.2SHeSR/project/.runtime/ci-backend/data/novels
2026-10-09T14:20:43.9063768Z   BACKUP_PATH: /home/runner/work/_temp/novel-ci-backend-postgres-shard-0.2SHeSR/project/.runtime/ci-backend/data/backups
2026-10-09T14:20:43.9064819Z   DATABASE_BACKUP_PATH: /home/runner/work/_temp/novel-ci-backend-postgres-shard-0.2SHeSR/project/.runtime/ci-backend/data/database-backups
2026-10-09T14:20:43.9065754Z   KNOWLEDGE_SOURCE_PATH: /home/runner/work/_temp/novel-ci-backend-postgres-shard-0.2SHeSR/project/.runtime/ci-backend/data/novels
2026-10-09T14:20:43.9066559Z   CI_V2_RUNTIME: /home/runner/work/_temp/novel-ci-backend-postgres-shard-0.2SHeSR/project/.runtime/ci-backend
2026-10-09T14:20:43.9067055Z ##[endgroup]
2026-10-09T14:20:44.8632911Z Obtaining file:///home/runner/work/_temp/novel-ci-backend-postgres-shard-0.2SHeSR/project
2026-10-09T14:20:44.8650938Z   Installing build dependencies: started
2026-10-09T14:20:46.2181210Z   Installing build dependencies: finished with status 'done'
2026-10-09T14:20:46.2187088Z   Checking if build backend supports build_editable: started
2026-10-09T14:20:46.9031411Z   Checking if build backend supports build_editable: finished with status 'done'
2026-10-09T14:20:46.9038768Z   Getting requirements to build editable: started
2026-10-09T14:20:47.8203836Z   Getting requirements to build editable: finished with status 'done'
2026-10-09T14:20:47.8213552Z   Preparing editable metadata (pyproject.toml): started
2026-10-09T14:20:48.7342150Z   Preparing editable metadata (pyproject.toml): finished with status 'done'
2026-10-09T14:20:48.8675978Z Collecting fastapi<1,>=0.115 (from ai-novel-studio==0.7.0)
2026-10-09T14:20:48.9432209Z   Downloading fastapi-0.142.2-py3-none-any.whl.metadata (27 kB)
2026-10-09T14:20:48.9900457Z Collecting uvicorn<1,>=0.30 (from ai-novel-studio==0.7.0)
2026-10-09T14:20:49.0034410Z   Downloading uvicorn-0.54.0-py3-none-any.whl.metadata (6.6 kB)
2026-10-09T14:20:49.0299168Z Collecting psycopg<4,>=3.2 (from psycopg[binary]<4,>=3.2->ai-novel-studio==0.7.0)
2026-10-09T14:20:49.0436052Z   Downloading psycopg-3.3.6-py3-none-any.whl.metadata (4.4 kB)
2026-10-09T14:20:49.4123481Z Collecting sqlalchemy<3,>=2.0 (from ai-novel-studio==0.7.0)
2026-10-09T14:20:49.4260134Z   Downloading sqlalchemy-2.1.3-cp312-cp312-manylinux2014_x86_64.manylinux_2_17_x86_64.manylinux_2_28_x86_64.whl.metadata (9.7 kB)
2026-10-09T14:20:49.4564379Z Collecting httpx<1,>=0.27 (from ai-novel-studio==0.7.0)
2026-10-09T14:20:49.4696808Z   Downloading httpx-0.28.1-py3-none-any.whl.metadata (7.1 kB)
2026-10-09T14:20:49.4942937Z Collecting pydantic-settings<3,>=2.6 (from ai-novel-studio==0.7.0)
2026-10-09T14:20:49.5085428Z   Downloading pydantic_settings-2.15.0-py3-none-any.whl.metadata (3.9 kB)
2026-10-09T14:20:49.6311631Z Collecting reportlab<5,>=4.0 (from ai-novel-studio==0.7.0)
2026-10-09T14:20:49.6449346Z   Downloading reportlab-4.5.1-py3-none-any.whl.metadata (1.7 kB)
2026-10-09T14:20:49.6748580Z Collecting pypdf==6.19.0 (from ai-novel-studio==0.7.0)
2026-10-09T14:20:49.6882195Z   Downloading pypdf-6.19.0-py3-none-any.whl.metadata (7.5 kB)
2026-10-09T14:20:49.7196972Z Collecting jsonschema<5,>=4.18 (from ai-novel-studio==0.7.0)
2026-10-09T14:20:49.7331334Z   Downloading jsonschema-4.26.0-py3-none-any.whl.metadata (7.6 kB)
2026-10-09T14:20:49.7706611Z Collecting pytest<9,>=8 (from ai-novel-studio==0.7.0)
2026-10-09T14:20:49.7842206Z   Downloading pytest-8.4.2-py3-none-any.whl.metadata (7.7 kB)
2026-10-09T14:20:49.9492357Z Collecting fonttools==4.59.1 (from ai-novel-studio==0.7.0)
2026-10-09T14:20:49.9642624Z   Downloading fonttools-4.59.1-cp312-cp312-manylinux1_x86_64.manylinux2014_x86_64.manylinux_2_17_x86_64.manylinux_2_5_x86_64.whl.metadata (108 kB)
2026-10-09T14:20:50.0203277Z Collecting opentimelineio==0.18.1 (from ai-novel-studio==0.7.0)
2026-10-09T14:20:50.0342546Z   Downloading opentimelineio-0.18.1-cp312-cp312-manylinux2014_x86_64.manylinux_2_17_x86_64.whl.metadata (2.6 kB)
2026-10-09T14:20:50.2395846Z Collecting Pillow==12.3.0 (from ai-novel-studio==0.7.0)
2026-10-09T14:20:50.2533044Z   Downloading pillow-12.3.0-cp312-cp312-manylinux_2_27_x86_64.manylinux_2_28_x86_64.whl.metadata (9.1 kB)
2026-10-09T14:20:50.2892968Z Collecting starlette>=0.46.0 (from fastapi<1,>=0.115->ai-novel-studio==0.7.0)
2026-10-09T14:20:50.3026423Z   Downloading starlette-1.7.0-py3-none-any.whl.metadata (6.6 kB)
2026-10-09T14:20:50.4155702Z Collecting pydantic>=2.9.0 (from fastapi<1,>=0.115->ai-novel-studio==0.7.0)
2026-10-09T14:20:50.4295525Z   Downloading pydantic-2.13.5-py3-none-any.whl.metadata (110 kB)
2026-10-09T14:20:50.4588980Z Collecting typing-extensions>=4.8.0 (from fastapi<1,>=0.115->ai-novel-studio==0.7.0)
2026-10-09T14:20:50.4722910Z   Downloading typing_extensions-4.16.0-py3-none-any.whl.metadata (3.3 kB)
2026-10-09T14:20:50.4919975Z Collecting typing-inspection>=0.4.2 (from fastapi<1,>=0.115->ai-novel-studio==0.7.0)
2026-10-09T14:20:50.5052671Z   Downloading typing_inspection-0.4.4-py3-none-any.whl.metadata (2.6 kB)
2026-10-09T14:20:50.5245445Z Collecting annotated-doc>=0.0.2 (from fastapi<1,>=0.115->ai-novel-studio==0.7.0)
2026-10-09T14:20:50.5378013Z   Downloading annotated_doc-0.0.5-py3-none-any.whl.metadata (6.5 kB)
2026-10-09T14:20:50.5644315Z Collecting opentelemetry-api>=1.44.0 (from fastapi<1,>=0.115->ai-novel-studio==0.7.0)
2026-10-09T14:20:50.5778567Z   Downloading opentelemetry_api-1.45.0-py3-none-any.whl.metadata (1.4 kB)
2026-10-09T14:20:50.6043946Z Collecting anyio (from httpx<1,>=0.27->ai-novel-studio==0.7.0)
2026-10-09T14:20:50.6177434Z   Downloading anyio-4.15.1-py3-none-any.whl.metadata (4.7 kB)
2026-10-09T14:20:50.6422958Z Collecting certifi (from httpx<1,>=0.27->ai-novel-studio==0.7.0)
2026-10-09T14:20:50.6555922Z   Downloading certifi-2026.7.22-py3-none-any.whl.metadata (2.5 kB)
2026-10-09T14:20:50.6793292Z Collecting httpcore==1.* (from httpx<1,>=0.27->ai-novel-studio==0.7.0)
2026-10-09T14:20:50.6926427Z   Downloading httpcore-1.0.9-py3-none-any.whl.metadata (21 kB)
2026-10-09T14:20:50.7154751Z Collecting idna (from httpx<1,>=0.27->ai-novel-studio==0.7.0)
2026-10-09T14:20:50.7287058Z   Downloading idna-3.20-py3-none-any.whl.metadata (7.2 kB)
2026-10-09T14:20:50.7497224Z Collecting h11>=0.16 (from httpcore==1.*->httpx<1,>=0.27->ai-novel-studio==0.7.0)
2026-10-09T14:20:50.7628480Z   Downloading h11-0.16.0-py3-none-any.whl.metadata (8.3 kB)
2026-10-09T14:20:50.7855863Z Collecting attrs>=22.2.0 (from jsonschema<5,>=4.18->ai-novel-studio==0.7.0)
2026-10-09T14:20:50.7988962Z   Downloading attrs-26.1.0-py3-none-any.whl.metadata (8.8 kB)
2026-10-09T14:20:50.8200360Z Collecting jsonschema-specifications>=2023.03.6 (from jsonschema<5,>=4.18->ai-novel-studio==0.7.0)
2026-10-09T14:20:50.8334822Z   Downloading jsonschema_specifications-2025.9.1-py3-none-any.whl.metadata (2.9 kB)
2026-10-09T14:20:50.8628316Z Collecting referencing>=0.28.4 (from jsonschema<5,>=4.18->ai-novel-studio==0.7.0)
2026-10-09T14:20:50.8761362Z   Downloading referencing-0.37.0-py3-none-any.whl.metadata (2.8 kB)
2026-10-09T14:20:51.1591449Z Collecting rpds-py>=0.25.0 (from jsonschema<5,>=4.18->ai-novel-studio==0.7.0)
2026-10-09T14:20:51.1728475Z   Downloading rpds_py-2026.9.1-cp312-cp312-manylinux_2_17_x86_64.manylinux2014_x86_64.whl.metadata (4.1 kB)
2026-10-09T14:20:51.3594443Z Collecting psycopg-binary==3.3.6 (from psycopg[binary]<4,>=3.2->ai-novel-studio==0.7.0)
2026-10-09T14:20:51.3731460Z   Downloading psycopg_binary-3.3.6-cp312-cp312-manylinux2014_x86_64.manylinux_2_17_x86_64.whl.metadata (2.7 kB)
2026-10-09T14:20:51.3989500Z Collecting python-dotenv>=0.21.0 (from pydantic-settings<3,>=2.6->ai-novel-studio==0.7.0)
2026-10-09T14:20:51.4123322Z   Downloading python_dotenv-1.2.4-py3-none-any.whl.metadata (29 kB)
2026-10-09T14:20:51.4343836Z Collecting iniconfig>=1 (from pytest<9,>=8->ai-novel-studio==0.7.0)
2026-10-09T14:20:51.4477846Z   Downloading iniconfig-2.3.0-py3-none-any.whl.metadata (2.5 kB)
2026-10-09T14:20:51.4711604Z Collecting packaging>=20 (from pytest<9,>=8->ai-novel-studio==0.7.0)
2026-10-09T14:20:51.4852796Z   Downloading packaging-26.3-py3-none-any.whl.metadata (3.5 kB)
2026-10-09T14:20:51.5060114Z Collecting pluggy<2,>=1.5 (from pytest<9,>=8->ai-novel-studio==0.7.0)
2026-10-09T14:20:51.5193716Z   Downloading pluggy-1.6.0-py3-none-any.whl.metadata (4.8 kB)
2026-10-09T14:20:51.5451952Z Collecting pygments>=2.7.2 (from pytest<9,>=8->ai-novel-studio==0.7.0)
2026-10-09T14:20:51.5586641Z   Downloading pygments-2.21.0-py3-none-any.whl.metadata (2.5 kB)
2026-10-09T14:20:51.6934324Z Collecting charset-normalizer (from reportlab<5,>=4.0->ai-novel-studio==0.7.0)
2026-10-09T14:20:51.7071571Z   Downloading charset_normalizer-3.5.2-cp312-cp312-manylinux2014_x86_64.manylinux_2_17_x86_64.manylinux_2_28_x86_64.whl.metadata (46 kB)
2026-10-09T14:20:51.7417019Z Collecting click>=7.0 (from uvicorn<1,>=0.30->ai-novel-studio==0.7.0)
2026-10-09T14:20:51.7549569Z   Downloading click-8.5.0-py3-none-any.whl.metadata (2.6 kB)
2026-10-09T14:20:51.7803670Z Collecting annotated-types>=0.6.0 (from pydantic>=2.9.0->fastapi<1,>=0.115->ai-novel-studio==0.7.0)
2026-10-09T14:20:51.7938844Z   Downloading annotated_types-0.8.0-py3-none-any.whl.metadata (15 kB)
2026-10-09T14:20:52.5286768Z Collecting pydantic-core==2.46.5 (from pydantic>=2.9.0->fastapi<1,>=0.115->ai-novel-studio==0.7.0)
2026-10-09T14:20:52.5423590Z   Downloading pydantic_core-2.46.5-cp312-cp312-manylinux_2_17_x86_64.manylinux2014_x86_64.whl.metadata (6.6 kB)
2026-10-09T14:20:52.5736895Z Downloading fonttools-4.59.1-cp312-cp312-manylinux1_x86_64.manylinux2014_x86_64.manylinux_2_17_x86_64.manylinux_2_5_x86_64.whl (4.9 MB)
2026-10-09T14:20:52.6643820Z    ━━━━━━━━━━━━━━━━━━━━━━━━━━━━━━━━━━━━━━━━ 4.9/4.9 MB 61.4 MB/s  0:00:00
2026-10-09T14:20:52.6801599Z Downloading opentimelineio-0.18.1-cp312-cp312-manylinux2014_x86_64.manylinux_2_17_x86_64.whl (842 kB)
2026-10-09T14:20:52.6857686Z    ━━━━━━━━━━━━━━━━━━━━━━━━━━━━━━━━━━━━━━━━ 842.8/842.8 kB 181.8 MB/s  0:00:00
2026-10-09T14:20:52.6990679Z Downloading pillow-12.3.0-cp312-cp312-manylinux_2_27_x86_64.manylinux_2_28_x86_64.whl (6.9 MB)
2026-10-09T14:20:52.7333703Z    ━━━━━━━━━━━━━━━━━━━━━━━━━━━━━━━━━━━━━━━━ 6.9/6.9 MB 208.1 MB/s  0:00:00
2026-10-09T14:20:52.7466640Z Downloading pypdf-6.19.0-py3-none-any.whl (395 kB)
2026-10-09T14:20:52.7621518Z Downloading fastapi-0.142.2-py3-none-any.whl (144 kB)
2026-10-09T14:20:52.7775507Z Downloading httpx-0.28.1-py3-none-any.whl (73 kB)
2026-10-09T14:20:52.7928035Z Downloading httpcore-1.0.9-py3-none-any.whl (78 kB)
2026-10-09T14:20:52.8081553Z Downloading jsonschema-4.26.0-py3-none-any.whl (90 kB)
2026-10-09T14:20:52.8231476Z Downloading psycopg-3.3.6-py3-none-any.whl (215 kB)
2026-10-09T14:20:52.8388349Z Downloading psycopg_binary-3.3.6-cp312-cp312-manylinux2014_x86_64.manylinux_2_17_x86_64.whl (5.2 MB)
2026-10-09T14:20:52.8550661Z    ━━━━━━━━━━━━━━━━━━━━━━━━━━━━━━━━━━━━━━━━ 5.2/5.2 MB 367.6 MB/s  0:00:00
2026-10-09T14:20:52.8703839Z Downloading pydantic_settings-2.15.0-py3-none-any.whl (69 kB)
2026-10-09T14:20:52.8853188Z Downloading pytest-8.4.2-py3-none-any.whl (365 kB)
2026-10-09T14:20:52.9010293Z Downloading pluggy-1.6.0-py3-none-any.whl (20 kB)
2026-10-09T14:20:52.9163476Z Downloading reportlab-4.5.1-py3-none-any.whl (2.0 MB)
2026-10-09T14:20:52.9246240Z    ━━━━━━━━━━━━━━━━━━━━━━━━━━━━━━━━━━━━━━━━ 2.0/2.0 MB 279.2 MB/s  0:00:00
2026-10-09T14:20:52.9380945Z Downloading sqlalchemy-2.1.3-cp312-cp312-manylinux2014_x86_64.manylinux_2_17_x86_64.manylinux_2_28_x86_64.whl (4.7 MB)
2026-10-09T14:20:52.9526620Z    ━━━━━━━━━━━━━━━━━━━━━━━━━━━━━━━━━━━━━━━━ 4.7/4.7 MB 365.0 MB/s  0:00:00
2026-10-09T14:20:52.9659795Z Downloading uvicorn-0.54.0-py3-none-any.whl (87 kB)
2026-10-09T14:20:52.9843907Z Downloading annotated_doc-0.0.5-py3-none-any.whl (5.3 kB)
2026-10-09T14:20:52.9992444Z Downloading attrs-26.1.0-py3-none-any.whl (67 kB)
2026-10-09T14:20:53.0142053Z Downloading click-8.5.0-py3-none-any.whl (125 kB)
2026-10-09T14:20:53.0292941Z Downloading h11-0.16.0-py3-none-any.whl (37 kB)
2026-10-09T14:20:53.0448444Z Downloading iniconfig-2.3.0-py3-none-any.whl (7.5 kB)
2026-10-09T14:20:53.0598339Z Downloading jsonschema_specifications-2025.9.1-py3-none-any.whl (18 kB)
2026-10-09T14:20:53.0745827Z Downloading opentelemetry_api-1.45.0-py3-none-any.whl (60 kB)
2026-10-09T14:20:53.0899275Z Downloading packaging-26.3-py3-none-any.whl (129 kB)
2026-10-09T14:20:53.1049622Z Downloading pydantic-2.13.5-py3-none-any.whl (472 kB)
2026-10-09T14:20:53.1213437Z Downloading pydantic_core-2.46.5-cp312-cp312-manylinux_2_17_x86_64.manylinux2014_x86_64.whl (2.1 MB)
2026-10-09T14:20:53.1300818Z    ━━━━━━━━━━━━━━━━━━━━━━━━━━━━━━━━━━━━━━━━ 2.1/2.1 MB 281.3 MB/s  0:00:00
2026-10-09T14:20:53.1432518Z Downloading annotated_types-0.8.0-py3-none-any.whl (13 kB)
2026-10-09T14:20:53.1588558Z Downloading pygments-2.21.0-py3-none-any.whl (1.3 MB)
2026-10-09T14:20:53.1651486Z    ━━━━━━━━━━━━━━━━━━━━━━━━━━━━━━━━━━━━━━━━ 1.3/1.3 MB 239.6 MB/s  0:00:00
2026-10-09T14:20:53.1782462Z Downloading python_dotenv-1.2.4-py3-none-any.whl (23 kB)
2026-10-09T14:20:53.1933341Z Downloading referencing-0.37.0-py3-none-any.whl (26 kB)
2026-10-09T14:20:53.2084813Z Downloading rpds_py-2026.9.1-cp312-cp312-manylinux_2_17_x86_64.manylinux2014_x86_64.whl (371 kB)
2026-10-09T14:20:53.2240703Z Downloading starlette-1.7.0-py3-none-any.whl (78 kB)
2026-10-09T14:20:53.2392301Z Downloading anyio-4.15.1-py3-none-any.whl (132 kB)
2026-10-09T14:20:53.2543399Z Downloading idna-3.20-py3-none-any.whl (69 kB)
2026-10-09T14:20:53.2699837Z Downloading typing_extensions-4.16.0-py3-none-any.whl (45 kB)
2026-10-09T14:20:53.2851844Z Downloading typing_inspection-0.4.4-py3-none-any.whl (14 kB)
2026-10-09T14:20:53.3004043Z Downloading certifi-2026.7.22-py3-none-any.whl (136 kB)
2026-10-09T14:20:53.3159538Z Downloading charset_normalizer-3.5.2-cp312-cp312-manylinux2014_x86_64.manylinux_2_17_x86_64.manylinux_2_28_x86_64.whl (257 kB)
2026-10-09T14:20:53.4464978Z Building wheels for collected packages: ai-novel-studio
2026-10-09T14:20:53.4473789Z   Building editable for ai-novel-studio (pyproject.toml): started
2026-10-09T14:20:54.4154009Z   Building editable for ai-novel-studio (pyproject.toml): finished with status 'done'
2026-10-09T14:20:54.4160341Z   Created wheel for ai-novel-studio: filename=ai_novel_studio-0.7.0-0.editable-py3-none-any.whl size=3195 sha256=ab0789f78b614252e386ef1626fbdffdb55bf09711de38ffd0c4040b5de73c9d
2026-10-09T14:20:54.4162932Z   Stored in directory: /home/runner/work/_temp/novel-ci-backend-postgres-shard-0.2SHeSR/project/.runtime/ci-backend/tmp/pip-ephem-wheel-cache-i9cl8pni/wheels/55/a5/54/c4ffcdba205ee3f55c524415ce7dee06490e7945395ee3570f
2026-10-09T14:20:54.4178827Z Successfully built ai-novel-studio
2026-10-09T14:20:54.5212925Z Installing collected packages: typing-extensions, rpds-py, python-dotenv, pypdf, pygments, psycopg-binary, pluggy, Pillow, packaging, opentimelineio, iniconfig, idna, h11, fonttools, click, charset-normalizer, certifi, attrs, annotated-types, annotated-doc, uvicorn, typing-inspection, sqlalchemy, reportlab, referencing, pytest, pydantic-core, psycopg, opentelemetry-api, httpcore, anyio, starlette, pydantic, jsonschema-specifications, httpx, pydantic-settings, jsonschema, fastapi, ai-novel-studio
2026-10-09T14:21:00.7587722Z 
2026-10-09T14:21:00.7626348Z Successfully installed Pillow-12.3.0 ai-novel-studio-0.7.0 annotated-doc-0.0.5 annotated-types-0.8.0 anyio-4.15.1 attrs-26.1.0 certifi-2026.7.22 charset-normalizer-3.5.2 click-8.5.0 fastapi-0.142.2 fonttools-4.59.1 h11-0.16.0 httpcore-1.0.9 httpx-0.28.1 idna-3.20 iniconfig-2.3.0 jsonschema-4.26.0 jsonschema-specifications-2025.9.1 opentelemetry-api-1.45.0 opentimelineio-0.18.1 packaging-26.3 pluggy-1.6.0 psycopg-3.3.6 psycopg-binary-3.3.6 pydantic-2.13.5 pydantic-core-2.46.5 pydantic-settings-2.15.0 pygments-2.21.0 pypdf-6.19.0 pytest-8.4.2 python-dotenv-1.2.4 referencing-0.37.0 reportlab-4.5.1 rpds-py-2026.9.1 sqlalchemy-2.1.3 starlette-1.7.0 typing-extensions-4.16.0 typing-inspection-0.4.4 uvicorn-0.54.0
2026-10-09T14:21:01.5802262Z No broken requirements found.
2026-10-09T14:21:03.2765068Z ##[group]Run sudo apt-get update
2026-10-09T14:21:03.2765389Z [36;1msudo apt-get update[0m
2026-10-09T14:21:03.2765721Z [36;1msudo apt-get install -y --no-install-recommends ffmpeg[0m
2026-10-09T14:21:03.2766146Z [36;1mffmpeg -version > "$CI_RECEIPTS/ffmpeg-version.txt"[0m
2026-10-09T14:21:03.2766555Z [36;1mffprobe -version > "$CI_RECEIPTS/ffprobe-version.txt"[0m
2026-10-09T14:21:03.2767066Z [36;1mpython -c "import shutil; assert shutil.which('ffmpeg') and shutil.which('ffprobe')"[0m
2026-10-09T14:21:03.2831245Z shell: /usr/bin/bash -e {0}
2026-10-09T14:21:03.2831499Z env:
2026-10-09T14:21:03.2831686Z   MOCK_PROVIDER: true
2026-10-09T14:21:03.2831912Z   MOCK_STREAM_DELAY_MS: 0
2026-10-09T14:21:03.2832130Z   ENABLE_CLOUD: false
2026-10-09T14:21:03.2832354Z   CREDENTIAL_VAULT_BACKEND: memory
2026-10-09T14:21:03.2832640Z   CREDENTIAL_VAULT_ALLOW_MEMORY_FALLBACK: true
2026-10-09T14:21:03.2832975Z   PYTHONDONTWRITEBYTECODE: 1
2026-10-09T14:21:03.2833217Z   HF_HUB_OFFLINE: 1
2026-10-09T14:21:03.2833443Z   TRANSFORMERS_OFFLINE: 1
2026-10-09T14:21:03.2833731Z   pythonLocation: /opt/hostedtoolcache/Python/3.12.9/x64
2026-10-09T14:21:03.2834152Z   PKG_CONFIG_PATH: /opt/hostedtoolcache/Python/3.12.9/x64/lib/pkgconfig
2026-10-09T14:21:03.2834561Z   Python_ROOT_DIR: /opt/hostedtoolcache/Python/3.12.9/x64
2026-10-09T14:21:03.2834925Z   Python2_ROOT_DIR: /opt/hostedtoolcache/Python/3.12.9/x64
2026-10-09T14:21:03.2835288Z   Python3_ROOT_DIR: /opt/hostedtoolcache/Python/3.12.9/x64
2026-10-09T14:21:03.2835656Z   LD_LIBRARY_PATH: /opt/hostedtoolcache/Python/3.12.9/x64/lib
2026-10-09T14:21:03.2836053Z   CI_COVERAGE_SHA: 99c43b6892038233c390be2ae61acb669163d0b5
2026-10-09T14:21:03.2836410Z   CI_COVERAGE_TREE: 69d69ffe71838263069d164a0a07b39b5f4a4333
2026-10-09T14:21:03.2836857Z   CI_SANDBOX: /home/runner/work/_temp/novel-ci-backend-postgres-shard-0.2SHeSR
2026-10-09T14:21:03.2837427Z   CI_PROJECT: /home/runner/work/_temp/novel-ci-backend-postgres-shard-0.2SHeSR/project
2026-10-09T14:21:03.2838032Z   CI_RECEIPTS: /home/runner/work/_temp/novel-ci-backend-postgres-shard-0.2SHeSR/receipts
2026-10-09T14:21:03.2838689Z   HOME: /home/runner/work/_temp/novel-ci-backend-postgres-shard-0.2SHeSR/project/.runtime/ci-backend/home
2026-10-09T14:21:03.2839677Z   USERPROFILE: /home/runner/work/_temp/novel-ci-backend-postgres-shard-0.2SHeSR/project/.runtime/ci-backend/home
2026-10-09T14:21:03.2840446Z   APPDATA: /home/runner/work/_temp/novel-ci-backend-postgres-shard-0.2SHeSR/project/.runtime/ci-backend/appdata
2026-10-09T14:21:03.2841243Z   LOCALAPPDATA: /home/runner/work/_temp/novel-ci-backend-postgres-shard-0.2SHeSR/project/.runtime/ci-backend/localappdata
2026-10-09T14:21:03.2842059Z   XDG_CONFIG_HOME: /home/runner/work/_temp/novel-ci-backend-postgres-shard-0.2SHeSR/project/.runtime/ci-backend/config
2026-10-09T14:21:03.2842841Z   XDG_CACHE_HOME: /home/runner/work/_temp/novel-ci-backend-postgres-shard-0.2SHeSR/project/.runtime/ci-backend/cache
2026-10-09T14:21:03.2843810Z   XDG_DATA_HOME: /home/runner/work/_temp/novel-ci-backend-postgres-shard-0.2SHeSR/project/.runtime/ci-backend/data
2026-10-09T14:21:03.2844582Z   XDG_STATE_HOME: /home/runner/work/_temp/novel-ci-backend-postgres-shard-0.2SHeSR/project/.runtime/ci-backend/state
2026-10-09T14:21:03.2845327Z   TMPDIR: /home/runner/work/_temp/novel-ci-backend-postgres-shard-0.2SHeSR/project/.runtime/ci-backend/tmp
2026-10-09T14:21:03.2846033Z   TMP: /home/runner/work/_temp/novel-ci-backend-postgres-shard-0.2SHeSR/project/.runtime/ci-backend/tmp
2026-10-09T14:21:03.2846740Z   TEMP: /home/runner/work/_temp/novel-ci-backend-postgres-shard-0.2SHeSR/project/.runtime/ci-backend/tmp
2026-10-09T14:21:03.2847382Z   PROJECT_ROOT: /home/runner/work/_temp/novel-ci-backend-postgres-shard-0.2SHeSR/project
2026-10-09T14:21:03.2848103Z   NOVEL_DATA_PATH: /home/runner/work/_temp/novel-ci-backend-postgres-shard-0.2SHeSR/project/.runtime/ci-backend/data/novels
2026-10-09T14:21:03.2849312Z   BACKUP_PATH: /home/runner/work/_temp/novel-ci-backend-postgres-shard-0.2SHeSR/project/.runtime/ci-backend/data/backups
2026-10-09T14:21:03.2850278Z   DATABASE_BACKUP_PATH: /home/runner/work/_temp/novel-ci-backend-postgres-shard-0.2SHeSR/project/.runtime/ci-backend/data/database-backups
2026-10-09T14:21:03.2851194Z   KNOWLEDGE_SOURCE_PATH: /home/runner/work/_temp/novel-ci-backend-postgres-shard-0.2SHeSR/project/.runtime/ci-backend/data/novels
2026-10-09T14:21:03.2851991Z   CI_V2_RUNTIME: /home/runner/work/_temp/novel-ci-backend-postgres-shard-0.2SHeSR/project/.runtime/ci-backend
2026-10-09T14:21:03.2852477Z ##[endgroup]
2026-10-09T14:21:03.3730531Z Get:1 file:/etc/apt/apt-mirrors.txt Mirrorlist [144 B]
2026-10-09T14:21:03.4087463Z Hit:2 http://azure.archive.ubuntu.com/ubuntu noble InRelease
2026-10-09T14:21:03.4095783Z Get:3 http://azure.archive.ubuntu.com/ubuntu noble-updates InRelease [126 kB]
2026-10-09T14:21:03.4125121Z Get:6 https://packages.microsoft.com/ubuntu/24.04/prod noble InRelease [3600 B]
2026-10-09T14:21:03.4127981Z Get:4 http://azure.archive.ubuntu.com/ubuntu noble-backports InRelease [126 kB]
2026-10-09T14:21:03.4154954Z Get:5 http://azure.archive.ubuntu.com/ubuntu noble-security InRelease [126 kB]
2026-10-09T14:21:03.5564073Z Get:7 http://azure.archive.ubuntu.com/ubuntu noble-updates/main amd64 Packages [1375 kB]
2026-10-09T14:21:03.5720912Z Get:8 http://azure.archive.ubuntu.com/ubuntu noble-updates/main Translation-en [306 kB]
2026-10-09T14:21:03.5740023Z Get:9 http://azure.archive.ubuntu.com/ubuntu noble-updates/universe amd64 Packages [1702 kB]
2026-10-09T14:21:03.5820304Z Get:10 http://azure.archive.ubuntu.com/ubuntu noble-updates/universe Translation-en [342 kB]
2026-10-09T14:21:03.5840296Z Get:11 http://azure.archive.ubuntu.com/ubuntu noble-updates/restricted amd64 Packages [1761 kB]
2026-10-09T14:21:03.5924683Z Get:12 http://azure.archive.ubuntu.com/ubuntu noble-updates/restricted Translation-en [401 kB]
2026-10-09T14:21:03.5970167Z Get:13 http://azure.archive.ubuntu.com/ubuntu noble-updates/multiverse amd64 Packages [55.0 kB]
2026-10-09T14:21:03.5971144Z Get:14 http://azure.archive.ubuntu.com/ubuntu noble-updates/multiverse Translation-en [14.3 kB]
2026-10-09T14:21:03.6150690Z Get:15 https://packages.microsoft.com/ubuntu/24.04/prod noble/main all Packages [640 B]
2026-10-09T14:21:03.6205302Z Get:16 https://packages.microsoft.com/ubuntu/24.04/prod noble/main armhf Packages [12.3 kB]
2026-10-09T14:21:03.6243592Z Get:17 https://packages.microsoft.com/ubuntu/24.04/prod noble/main amd64 Packages [531 kB]
2026-10-09T14:21:03.6316068Z Get:18 https://packages.microsoft.com/ubuntu/24.04/prod noble/main arm64 Packages [475 kB]
2026-10-09T14:21:03.7164724Z Get:19 http://azure.archive.ubuntu.com/ubuntu noble-security/main amd64 Packages [1121 kB]
2026-10-09T14:21:03.7232479Z Get:20 http://azure.archive.ubuntu.com/ubuntu noble-security/main Translation-en [228 kB]
2026-10-09T14:21:03.7685384Z Get:21 http://azure.archive.ubuntu.com/ubuntu noble-security/universe amd64 Packages [1220 kB]
2026-10-09T14:21:03.7742773Z Get:22 http://azure.archive.ubuntu.com/ubuntu noble-security/universe Translation-en [245 kB]
2026-10-09T14:21:03.7760570Z Get:23 http://azure.archive.ubuntu.com/ubuntu noble-security/restricted amd64 Packages [1669 kB]
2026-10-09T14:21:03.7842277Z Get:24 http://azure.archive.ubuntu.com/ubuntu noble-security/restricted Translation-en [383 kB]
2026-10-09T14:21:03.7863369Z Get:25 http://azure.archive.ubuntu.com/ubuntu noble-security/multiverse amd64 Packages [49.8 kB]
2026-10-09T14:21:03.7870189Z Get:26 http://azure.archive.ubuntu.com/ubuntu noble-security/multiverse Translation-en [12.4 kB]
2026-10-09T14:21:06.6002802Z Fetched 12.3 MB in 1s (9663 kB/s)
2026-10-09T14:21:07.4541935Z Reading package lists...
2026-10-09T14:21:07.4851601Z Reading package lists...
2026-10-09T14:21:07.6658357Z Building dependency tree...
2026-10-09T14:21:07.6666082Z Reading state information...
2026-10-09T14:21:07.8084446Z The following additional packages will be installed:
2026-10-09T14:21:07.8085449Z   libass9 libasyncns0 libavc1394-0 libavcodec60 libavdevice60 libavfilter9
2026-10-09T14:21:07.8086995Z   libavformat60 libavutil58 libblas3 libbluray2 libbs2b0 libcaca0
2026-10-09T14:21:07.8087724Z   libcdio-cdda2t64 libcdio-paranoia2t64 libcdio19t64 libchromaprint1 libcjson1
2026-10-09T14:21:07.8088434Z   libcodec2-1.2 libdav1d7 libdc1394-25 libdecor-0-0 libflac12t64 libflite1
2026-10-09T14:21:07.8089065Z   libgme0 libgsm1 libhwy1t64 libiec61883-0 libjack-jackd2-0 libjxl0.7
2026-10-09T14:21:07.8090240Z   liblapack3 liblilv-0-0 libmbedcrypto7t64 libmp3lame0 libmpg123-0t64
2026-10-09T14:21:07.8090897Z   libmysofa1 libopenal-data libopenal1 libopenmpt0t64 libopus0 libplacebo338
2026-10-09T14:21:07.8091586Z   libpocketsphinx3 libpostproc57 libpulse0 librav1e0 libraw1394-11 librist4
2026-10-09T14:21:07.8092278Z   librsvg2-2 librubberband2 libsamplerate0 libsdl2-2.0-0 libserd-0-0 libshine3
2026-10-09T14:21:07.8096774Z   libsndfile1 libsndio7.0 libsord-0-0 libsoxr0 libspeex1 libsphinxbase3t64
2026-10-09T14:21:07.8097754Z   libsratom-0-0 libsrt1.5-gnutls libssh-gcrypt-4 libsvtav1enc1d1
2026-10-09T14:21:07.8098499Z   libswresample4 libswscale7 libtheora0 libtwolame0 libudfread0 libunibreak5
2026-10-09T14:21:07.8099351Z   libva-drm2 libva-x11-2 libva2 libvdpau1 libvidstab1.1 libvorbisenc2 libvpl2
2026-10-09T14:21:07.8099954Z   libvpx9 libx264-164 libx265-199 libxcb-shape0 libxv1 libxvidcore4 libzimg2
2026-10-09T14:21:07.8100461Z   libzix-0-0 libzvbi-common libzvbi0t64 ocl-icd-libopencl1
2026-10-09T14:21:07.8100920Z Suggested packages:
2026-10-09T14:21:07.8101280Z   ffmpeg-doc libcuda1 libnvcuvid1 libnvidia-encode1 libbluray-bdj jackd2
2026-10-09T14:21:07.8101844Z   libportaudio2 opus-tools pulseaudio libraw1394-doc librsvg2-bin serdi sndiod
2026-10-09T14:21:07.8102292Z   sordi speex opencl-icd
2026-10-09T14:21:07.8102540Z Recommended packages:
2026-10-09T14:21:07.8102860Z   libaacs0 default-libdecor-0-plugin-1 | libdecor-0-plugin-1
2026-10-09T14:21:07.8103392Z   pocketsphinx-en-us librsvg2-common va-driver-all | va-driver
2026-10-09T14:21:07.8103756Z   vdpau-driver-all | vdpau-driver
2026-10-09T14:21:07.8491143Z The following NEW packages will be installed:
2026-10-09T14:21:07.8492039Z   ffmpeg libass9 libasyncns0 libavc1394-0 libavcodec60 libavdevice60
2026-10-09T14:21:07.8493001Z   libavfilter9 libavformat60 libavutil58 libblas3 libbluray2 libbs2b0 libcaca0
2026-10-09T14:21:07.8493927Z   libcdio-cdda2t64 libcdio-paranoia2t64 libcdio19t64 libchromaprint1 libcjson1
2026-10-09T14:21:07.8494713Z   libcodec2-1.2 libdav1d7 libdc1394-25 libdecor-0-0 libflac12t64 libflite1
2026-10-09T14:21:07.8495438Z   libgme0 libgsm1 libhwy1t64 libiec61883-0 libjack-jackd2-0 libjxl0.7
2026-10-09T14:21:07.8495986Z   liblapack3 liblilv-0-0 libmbedcrypto7t64 libmp3lame0 libmpg123-0t64
2026-10-09T14:21:07.8496850Z   libmysofa1 libopenal-data libopenal1 libopenmpt0t64 libopus0 libplacebo338
2026-10-09T14:21:07.8497637Z   libpocketsphinx3 libpostproc57 libpulse0 librav1e0 libraw1394-11 librist4
2026-10-09T14:21:07.8498214Z   librsvg2-2 librubberband2 libsamplerate0 libsdl2-2.0-0 libserd-0-0 libshine3
2026-10-09T14:21:07.8499323Z   libsndfile1 libsndio7.0 libsord-0-0 libsoxr0 libspeex1 libsphinxbase3t64
2026-10-09T14:21:07.8499835Z   libsratom-0-0 libsrt1.5-gnutls libssh-gcrypt-4 libsvtav1enc1d1
2026-10-09T14:21:07.8500404Z   libswresample4 libswscale7 libtheora0 libtwolame0 libudfread0 libunibreak5
2026-10-09T14:21:07.8501289Z   libva-drm2 libva-x11-2 libva2 libvdpau1 libvidstab1.1 libvorbisenc2 libvpl2
2026-10-09T14:21:07.8501914Z   libvpx9 libx264-164 libx265-199 libxcb-shape0 libxv1 libxvidcore4 libzimg2
2026-10-09T14:21:07.8502402Z   libzix-0-0 libzvbi-common libzvbi0t64 ocl-icd-libopencl1
2026-10-09T14:21:07.8697531Z 0 upgraded, 87 newly installed, 0 to remove and 23 not upgraded.
2026-10-09T14:21:07.8698082Z Need to get 62.8 MB of archives.
2026-10-09T14:21:07.8698431Z After this operation, 173 MB of additional disk space will be used.
2026-10-09T14:21:07.8698848Z Get:1 file:/etc/apt/apt-mirrors.txt Mirrorlist [144 B]
2026-10-09T14:21:07.9126505Z Get:2 http://azure.archive.ubuntu.com/ubuntu noble-updates/universe amd64 libva2 amd64 2.20.0-2ubuntu0.2 [66.4 kB]
2026-10-09T14:21:07.9422995Z Get:3 http://azure.archive.ubuntu.com/ubuntu noble-updates/universe amd64 libva-drm2 amd64 2.20.0-2ubuntu0.2 [7124 B]
2026-10-09T14:21:07.9695628Z Get:4 http://azure.archive.ubuntu.com/ubuntu noble-updates/universe amd64 libva-x11-2 amd64 2.20.0-2ubuntu0.2 [12.0 kB]
2026-10-09T14:21:07.9967623Z Get:5 http://azure.archive.ubuntu.com/ubuntu noble/main amd64 libvdpau1 amd64 1.5-2build1 [27.8 kB]
2026-10-09T14:21:08.0247183Z Get:6 http://azure.archive.ubuntu.com/ubuntu noble/universe amd64 libvpl2 amd64 2023.3.0-1build1 [99.8 kB]
2026-10-09T14:21:08.0555958Z Get:7 http://azure.archive.ubuntu.com/ubuntu noble/universe amd64 ocl-icd-libopencl1 amd64 2.3.2-1build1 [38.5 kB]
2026-10-09T14:21:08.0846600Z Get:8 http://azure.archive.ubuntu.com/ubuntu noble/universe amd64 libavutil58 amd64 7:6.1.1-3ubuntu5 [401 kB]
2026-10-09T14:21:08.1298240Z Get:9 http://azure.archive.ubuntu.com/ubuntu noble/universe amd64 libcodec2-1.2 amd64 1.2.0-2build1 [8998 kB]
2026-10-09T14:21:08.2978794Z Get:10 http://azure.archive.ubuntu.com/ubuntu noble/universe amd64 libdav1d7 amd64 1.4.1-1build1 [604 kB]
2026-10-09T14:21:08.3288004Z Get:11 http://azure.archive.ubuntu.com/ubuntu noble/universe amd64 libgsm1 amd64 1.0.22-1build1 [27.8 kB]
2026-10-09T14:21:08.3566728Z Get:12 http://azure.archive.ubuntu.com/ubuntu noble/universe amd64 libhwy1t64 amd64 1.0.7-8.1build1 [584 kB]
2026-10-09T14:21:08.3876335Z Get:13 http://azure.archive.ubuntu.com/ubuntu noble-updates/universe amd64 libjxl0.7 amd64 0.7.0-10.2ubuntu6.1 [1001 kB]
2026-10-09T14:21:08.4203067Z Get:14 http://azure.archive.ubuntu.com/ubuntu noble/main amd64 libmp3lame0 amd64 3.100-6build1 [142 kB]
2026-10-09T14:21:08.4483920Z Get:15 http://azure.archive.ubuntu.com/ubuntu noble/main amd64 libopus0 amd64 1.4-1build1 [208 kB]
2026-10-09T14:21:08.4776887Z Get:16 http://azure.archive.ubuntu.com/ubuntu noble/universe amd64 librav1e0 amd64 0.7.1-2 [1022 kB]
2026-10-09T14:21:08.5116077Z Get:17 http://azure.archive.ubuntu.com/ubuntu noble-updates/main amd64 librsvg2-2 amd64 2.58.0+dfsg-1ubuntu0.1 [2141 kB]
2026-10-09T14:21:08.5518811Z Get:18 http://azure.archive.ubuntu.com/ubuntu noble/universe amd64 libshine3 amd64 3.1.1-2build1 [23.2 kB]
2026-10-09T14:21:08.5811448Z Get:19 http://azure.archive.ubuntu.com/ubuntu noble-updates/main amd64 libspeex1 amd64 1.2.1-2ubuntu2.24.04.1 [59.6 kB]
2026-10-09T14:21:08.6829950Z Get:20 http://azure.archive.ubuntu.com/ubuntu noble/universe amd64 libsvtav1enc1d1 amd64 1.7.0+dfsg-2build1 [2425 kB]
2026-10-09T14:21:08.9493430Z Get:21 http://azure.archive.ubuntu.com/ubuntu noble/universe amd64 libsoxr0 amd64 0.1.3-4build3 [80.0 kB]
2026-10-09T14:21:08.9772067Z Get:22 http://azure.archive.ubuntu.com/ubuntu noble/universe amd64 libswresample4 amd64 7:6.1.1-3ubuntu5 [63.8 kB]
2026-10-09T14:21:09.0049889Z Get:23 http://azure.archive.ubuntu.com/ubuntu noble/main amd64 libtheora0 amd64 1.1.1+dfsg.1-16.1build3 [211 kB]
2026-10-09T14:21:09.0337830Z Get:24 http://azure.archive.ubuntu.com/ubuntu noble/main amd64 libtwolame0 amd64 0.4.0-2build3 [52.3 kB]
2026-10-09T14:21:09.0614042Z Get:25 http://azure.archive.ubuntu.com/ubuntu noble/main amd64 libvorbisenc2 amd64 1.3.7-1build3 [80.8 kB]
2026-10-09T14:21:09.0890773Z Get:26 http://azure.archive.ubuntu.com/ubuntu noble-updates/main amd64 libvpx9 amd64 1.14.0-1ubuntu2.3 [1143 kB]
2026-10-09T14:21:09.1230209Z Get:27 http://azure.archive.ubuntu.com/ubuntu noble/universe amd64 libx264-164 amd64 2:0.164.3108+git31e19f9-1 [604 kB]
2026-10-09T14:21:09.1543643Z Get:28 http://azure.archive.ubuntu.com/ubuntu noble/universe amd64 libx265-199 amd64 3.5-2build1 [1226 kB]
2026-10-09T14:21:09.1905623Z Get:29 http://azure.archive.ubuntu.com/ubuntu noble/universe amd64 libxvidcore4 amd64 2:1.3.7-1build1 [219 kB]
2026-10-09T14:21:09.3306746Z Get:30 http://azure.archive.ubuntu.com/ubuntu noble/universe amd64 libzvbi-common all 0.2.42-2 [42.4 kB]
2026-10-09T14:21:09.4255999Z Get:31 http://azure.archive.ubuntu.com/ubuntu noble/universe amd64 libzvbi0t64 amd64 0.2.42-2 [261 kB]
2026-10-09T14:21:09.4899600Z Get:32 http://azure.archive.ubuntu.com/ubuntu noble/universe amd64 libavcodec60 amd64 7:6.1.1-3ubuntu5 [5851 kB]
2026-10-09T14:21:09.6343651Z Get:33 http://azure.archive.ubuntu.com/ubuntu noble/main amd64 libraw1394-11 amd64 2.1.2-2build3 [26.2 kB]
2026-10-09T14:21:09.6775641Z Get:34 http://azure.archive.ubuntu.com/ubuntu noble/main amd64 libavc1394-0 amd64 0.5.4-5build3 [15.4 kB]
2026-10-09T14:21:09.7395599Z Get:35 http://azure.archive.ubuntu.com/ubuntu noble/universe amd64 libunibreak5 amd64 5.1-2build1 [25.0 kB]
2026-10-09T14:21:09.7870047Z Get:36 http://azure.archive.ubuntu.com/ubuntu noble/universe amd64 libass9 amd64 1:0.17.1-2build1 [104 kB]
2026-10-09T14:21:09.8376045Z Get:37 http://azure.archive.ubuntu.com/ubuntu noble/universe amd64 libudfread0 amd64 1.1.2-1build1 [19.0 kB]
2026-10-09T14:21:09.8811596Z Get:38 http://azure.archive.ubuntu.com/ubuntu noble/universe amd64 libbluray2 amd64 1:1.3.4-1build1 [159 kB]
2026-10-09T14:21:09.9784630Z Get:39 http://azure.archive.ubuntu.com/ubuntu noble/universe amd64 libchromaprint1 amd64 1.5.1-5 [30.5 kB]
2026-10-09T14:21:10.0393420Z Get:40 http://azure.archive.ubuntu.com/ubuntu noble/universe amd64 libgme0 amd64 0.6.3-7build1 [134 kB]
2026-10-09T14:21:10.0897250Z Get:41 http://azure.archive.ubuntu.com/ubuntu noble-updates/main amd64 libmpg123-0t64 amd64 1.32.5-1ubuntu1.1 [169 kB]
2026-10-09T14:21:10.1443522Z Get:42 http://azure.archive.ubuntu.com/ubuntu noble/universe amd64 libopenmpt0t64 amd64 0.7.3-1.1build3 [647 kB]
2026-10-09T14:21:10.2194492Z Get:43 http://azure.archive.ubuntu.com/ubuntu noble/universe amd64 libcjson1 amd64 1.7.17-1 [24.8 kB]
2026-10-09T14:21:10.2474075Z Get:44 http://azure.archive.ubuntu.com/ubuntu noble/universe amd64 libmbedcrypto7t64 amd64 2.28.8-1 [209 kB]
2026-10-09T14:21:10.2801745Z Get:45 http://azure.archive.ubuntu.com/ubuntu noble/universe amd64 librist4 amd64 0.2.10+dfsg-2 [74.9 kB]
2026-10-09T14:21:10.3097986Z Get:46 http://azure.archive.ubuntu.com/ubuntu noble/universe amd64 libsrt1.5-gnutls amd64 1.5.3-1build2 [316 kB]
2026-10-09T14:21:10.3464897Z Get:47 http://azure.archive.ubuntu.com/ubuntu noble-updates/main amd64 libssh-gcrypt-4 amd64 0.10.6-2ubuntu0.5 [226 kB]
2026-10-09T14:21:10.3796319Z Get:48 http://azure.archive.ubuntu.com/ubuntu noble/universe amd64 libavformat60 amd64 7:6.1.1-3ubuntu5 [1153 kB]
2026-10-09T14:21:10.4400539Z Get:49 http://azure.archive.ubuntu.com/ubuntu noble/universe amd64 libbs2b0 amd64 3.1.0+dfsg-7build1 [10.6 kB]
2026-10-09T14:21:10.4675867Z Get:50 http://azure.archive.ubuntu.com/ubuntu noble/universe amd64 libflite1 amd64 2.2-6build3 [13.6 MB]
2026-10-09T14:21:10.6310008Z Get:51 http://azure.archive.ubuntu.com/ubuntu noble/universe amd64 libserd-0-0 amd64 0.32.2-1 [43.6 kB]
2026-10-09T14:21:10.6583597Z Get:52 http://azure.archive.ubuntu.com/ubuntu noble/universe amd64 libzix-0-0 amd64 0.4.2-2build1 [23.6 kB]
2026-10-09T14:21:10.6857134Z Get:53 http://azure.archive.ubuntu.com/ubuntu noble/universe amd64 libsord-0-0 amd64 0.16.16-2build1 [15.8 kB]
2026-10-09T14:21:10.7129808Z Get:54 http://azure.archive.ubuntu.com/ubuntu noble/universe amd64 libsratom-0-0 amd64 0.6.16-1build1 [17.3 kB]
2026-10-09T14:21:10.7404173Z Get:55 http://azure.archive.ubuntu.com/ubuntu noble/universe amd64 liblilv-0-0 amd64 0.24.22-1build1 [41.0 kB]
2026-10-09T14:21:10.7679028Z Get:56 http://azure.archive.ubuntu.com/ubuntu noble/universe amd64 libmysofa1 amd64 1.3.2+dfsg-2ubuntu2 [1158 kB]
2026-10-09T14:21:10.8023750Z Get:57 http://azure.archive.ubuntu.com/ubuntu noble/universe amd64 libplacebo338 amd64 6.338.2-2build1 [2654 kB]
2026-10-09T14:21:10.8903831Z Get:58 http://azure.archive.ubuntu.com/ubuntu noble-updates/main amd64 libblas3 amd64 3.12.0-3build1.1 [238 kB]
2026-10-09T14:21:10.9192222Z Get:59 http://azure.archive.ubuntu.com/ubuntu noble-updates/main amd64 liblapack3 amd64 3.12.0-3build1.1 [2646 kB]
2026-10-09T14:21:10.9620990Z Get:60 http://azure.archive.ubuntu.com/ubuntu noble/main amd64 libasyncns0 amd64 0.8-6build4 [11.3 kB]
2026-10-09T14:21:10.9923456Z Get:61 http://azure.archive.ubuntu.com/ubuntu noble/main amd64 libflac12t64 amd64 1.4.3+ds-2.1ubuntu2 [197 kB]
2026-10-09T14:21:11.0233360Z Get:62 http://azure.archive.ubuntu.com/ubuntu noble-updates/main amd64 libsndfile1 amd64 1.2.2-1ubuntu5.24.04.1 [209 kB]
2026-10-09T14:21:11.0548919Z Get:63 http://azure.archive.ubuntu.com/ubuntu noble-updates/main amd64 libpulse0 amd64 1:16.1+dfsg1-2ubuntu10.1 [292 kB]
2026-10-09T14:21:11.0844121Z Get:64 http://azure.archive.ubuntu.com/ubuntu noble/universe amd64 libsphinxbase3t64 amd64 0.8+5prealpha+1-17build2 [126 kB]
2026-10-09T14:21:11.1127237Z Get:65 http://azure.archive.ubuntu.com/ubuntu noble/universe amd64 libpocketsphinx3 amd64 0.8.0+real5prealpha+1-15ubuntu5 [133 kB]
2026-10-09T14:21:11.1410360Z Get:66 http://azure.archive.ubuntu.com/ubuntu noble/universe amd64 libpostproc57 amd64 7:6.1.1-3ubuntu5 [49.9 kB]
2026-10-09T14:21:11.1687813Z Get:67 http://azure.archive.ubuntu.com/ubuntu noble/main amd64 libsamplerate0 amd64 0.2.2-4build1 [1344 kB]
2026-10-09T14:21:11.2041156Z Get:68 http://azure.archive.ubuntu.com/ubuntu noble/universe amd64 librubberband2 amd64 3.3.0+dfsg-2build1 [130 kB]
2026-10-09T14:21:11.2324640Z Get:69 http://azure.archive.ubuntu.com/ubuntu noble/universe amd64 libswscale7 amd64 7:6.1.1-3ubuntu5 [193 kB]
2026-10-09T14:21:11.2611886Z Get:70 http://azure.archive.ubuntu.com/ubuntu noble/universe amd64 libvidstab1.1 amd64 1.1.0-2build1 [38.5 kB]
2026-10-09T14:21:11.2895359Z Get:71 http://azure.archive.ubuntu.com/ubuntu noble/universe amd64 libzimg2 amd64 3.0.5+ds1-1build1 [254 kB]
2026-10-09T14:21:11.3213278Z Get:72 http://azure.archive.ubuntu.com/ubuntu noble/universe amd64 libavfilter9 amd64 7:6.1.1-3ubuntu5 [4235 kB]
2026-10-09T14:21:11.3904480Z Get:73 http://azure.archive.ubuntu.com/ubuntu noble-updates/main amd64 libcaca0 amd64 0.99.beta20-4ubuntu0.2 [209 kB]
2026-10-09T14:21:11.4188419Z Get:74 http://azure.archive.ubuntu.com/ubuntu noble-updates/main amd64 libcdio19t64 amd64 2.1.0-4.1ubuntu1.2 [62.4 kB]
2026-10-09T14:21:11.4499278Z Get:75 http://azure.archive.ubuntu.com/ubuntu noble/main amd64 libcdio-cdda2t64 amd64 10.2+2.0.1-1.1build2 [16.5 kB]
2026-10-09T14:21:11.5246242Z Get:76 http://azure.archive.ubuntu.com/ubuntu noble/main amd64 libcdio-paranoia2t64 amd64 10.2+2.0.1-1.1build2 [16.6 kB]
2026-10-09T14:21:11.5526738Z Get:77 http://azure.archive.ubuntu.com/ubuntu noble/universe amd64 libdc1394-25 amd64 2.2.6-4build1 [90.1 kB]
2026-10-09T14:21:11.5806453Z Get:78 http://azure.archive.ubuntu.com/ubuntu noble/main amd64 libiec61883-0 amd64 1.2.0-6build1 [24.5 kB]
2026-10-09T14:21:11.6082895Z Get:79 http://azure.archive.ubuntu.com/ubuntu noble/main amd64 libjack-jackd2-0 amd64 1.9.21~dfsg-3ubuntu3 [289 kB]
2026-10-09T14:21:11.6371952Z Get:80 http://azure.archive.ubuntu.com/ubuntu noble/universe amd64 libopenal-data all 1:1.23.1-4build1 [161 kB]
2026-10-09T14:21:11.6655799Z Get:81 http://azure.archive.ubuntu.com/ubuntu noble/universe amd64 libsndio7.0 amd64 1.9.0-0.3build3 [29.6 kB]
2026-10-09T14:21:11.6931558Z Get:82 http://azure.archive.ubuntu.com/ubuntu noble/universe amd64 libopenal1 amd64 1:1.23.1-4build1 [540 kB]
2026-10-09T14:21:11.7234074Z Get:83 http://azure.archive.ubuntu.com/ubuntu noble/main amd64 libdecor-0-0 amd64 0.2.2-1build2 [16.5 kB]
2026-10-09T14:21:11.7508753Z Get:84 http://azure.archive.ubuntu.com/ubuntu noble-updates/main amd64 libsdl2-2.0-0 amd64 2.30.0+dfsg-1ubuntu3.1 [686 kB]
2026-10-09T14:21:11.7822523Z Get:85 http://azure.archive.ubuntu.com/ubuntu noble/main amd64 libxcb-shape0 amd64 1.15-1ubuntu2 [6100 B]
2026-10-09T14:21:11.8096623Z Get:86 http://azure.archive.ubuntu.com/ubuntu noble/main amd64 libxv1 amd64 2:1.0.11-1.1build1 [10.7 kB]
2026-10-09T14:21:11.8370570Z Get:87 http://azure.archive.ubuntu.com/ubuntu noble/universe amd64 libavdevice60 amd64 7:6.1.1-3ubuntu5 [82.3 kB]
2026-10-09T14:21:11.8648930Z Get:88 http://azure.archive.ubuntu.com/ubuntu noble/universe amd64 ffmpeg amd64 7:6.1.1-3ubuntu5 [1879 kB]
2026-10-09T14:21:12.1805366Z Fetched 62.8 MB in 4s (15.6 MB/s)
2026-10-09T14:21:12.2070769Z Selecting previously unselected package libva2:amd64.
2026-10-09T14:21:12.2339912Z (Reading database ... 
2026-10-09T14:21:12.2340606Z (Reading database ... 5%
2026-10-09T14:21:12.2341066Z (Reading database ... 10%
2026-10-09T14:21:12.2341470Z (Reading database ... 15%
2026-10-09T14:21:12.2341837Z (Reading database ... 20%
2026-10-09T14:21:12.2342405Z (Reading database ... 25%
2026-10-09T14:21:12.2342835Z (Reading database ... 30%
2026-10-09T14:21:12.2343241Z (Reading database ... 35%
2026-10-09T14:21:12.2343650Z (Reading database ... 40%
2026-10-09T14:21:12.2344061Z (Reading database ... 45%
2026-10-09T14:21:12.2344443Z (Reading database ... 50%
2026-10-09T14:21:12.2386469Z (Reading database ... 55%
2026-10-09T14:21:12.3082037Z (Reading database ... 60%
2026-10-09T14:21:12.5088944Z (Reading database ... 65%
2026-10-09T14:21:12.6980574Z (Reading database ... 70%
2026-10-09T14:21:12.8621283Z (Reading database ... 75%
2026-10-09T14:21:12.9963785Z (Reading database ... 80%
2026-10-09T14:21:13.1098390Z (Reading database ... 85%
2026-10-09T14:21:13.2110064Z (Reading database ... 90%
2026-10-09T14:21:13.3595960Z (Reading database ... 95%
2026-10-09T14:21:13.3596845Z (Reading database ... 100%
2026-10-09T14:21:13.3597707Z (Reading database ... 203191 files and directories currently installed.)
2026-10-09T14:21:13.3641769Z Preparing to unpack .../00-libva2_2.20.0-2ubuntu0.2_amd64.deb ...
2026-10-09T14:21:13.3681469Z Unpacking libva2:amd64 (2.20.0-2ubuntu0.2) ...
2026-10-09T14:21:13.3951060Z Selecting previously unselected package libva-drm2:amd64.
2026-10-09T14:21:13.4099710Z Preparing to unpack .../01-libva-drm2_2.20.0-2ubuntu0.2_amd64.deb ...
2026-10-09T14:21:13.4109908Z Unpacking libva-drm2:amd64 (2.20.0-2ubuntu0.2) ...
2026-10-09T14:21:13.4306672Z Selecting previously unselected package libva-x11-2:amd64.
2026-10-09T14:21:13.4430731Z Preparing to unpack .../02-libva-x11-2_2.20.0-2ubuntu0.2_amd64.deb ...
2026-10-09T14:21:13.4437999Z Unpacking libva-x11-2:amd64 (2.20.0-2ubuntu0.2) ...
2026-10-09T14:21:13.4631537Z Selecting previously unselected package libvdpau1:amd64.
2026-10-09T14:21:13.4754804Z Preparing to unpack .../03-libvdpau1_1.5-2build1_amd64.deb ...
2026-10-09T14:21:13.4762036Z Unpacking libvdpau1:amd64 (1.5-2build1) ...
2026-10-09T14:21:13.4962543Z Selecting previously unselected package libvpl2.
2026-10-09T14:21:13.5087229Z Preparing to unpack .../04-libvpl2_2023.3.0-1build1_amd64.deb ...
2026-10-09T14:21:13.5095404Z Unpacking libvpl2 (2023.3.0-1build1) ...
2026-10-09T14:21:13.5308011Z Selecting previously unselected package ocl-icd-libopencl1:amd64.
2026-10-09T14:21:13.5430736Z Preparing to unpack .../05-ocl-icd-libopencl1_2.3.2-1build1_amd64.deb ...
2026-10-09T14:21:13.5438612Z Unpacking ocl-icd-libopencl1:amd64 (2.3.2-1build1) ...
2026-10-09T14:21:13.5673102Z Selecting previously unselected package libavutil58:amd64.
2026-10-09T14:21:13.5796686Z Preparing to unpack .../06-libavutil58_7%3a6.1.1-3ubuntu5_amd64.deb ...
2026-10-09T14:21:13.5808883Z Unpacking libavutil58:amd64 (7:6.1.1-3ubuntu5) ...
2026-10-09T14:21:13.6063263Z Selecting previously unselected package libcodec2-1.2:amd64.
2026-10-09T14:21:13.6188049Z Preparing to unpack .../07-libcodec2-1.2_1.2.0-2build1_amd64.deb ...
2026-10-09T14:21:13.6196608Z Unpacking libcodec2-1.2:amd64 (1.2.0-2build1) ...
2026-10-09T14:21:13.6948263Z Selecting previously unselected package libdav1d7:amd64.
2026-10-09T14:21:13.7070203Z Preparing to unpack .../08-libdav1d7_1.4.1-1build1_amd64.deb ...
2026-10-09T14:21:13.7077133Z Unpacking libdav1d7:amd64 (1.4.1-1build1) ...
2026-10-09T14:21:13.7332544Z Selecting previously unselected package libgsm1:amd64.
2026-10-09T14:21:13.7457369Z Preparing to unpack .../09-libgsm1_1.0.22-1build1_amd64.deb ...
2026-10-09T14:21:13.7465358Z Unpacking libgsm1:amd64 (1.0.22-1build1) ...
2026-10-09T14:21:13.7660748Z Selecting previously unselected package libhwy1t64:amd64.
2026-10-09T14:21:13.7784368Z Preparing to unpack .../10-libhwy1t64_1.0.7-8.1build1_amd64.deb ...
2026-10-09T14:21:13.7791511Z Unpacking libhwy1t64:amd64 (1.0.7-8.1build1) ...
2026-10-09T14:21:13.8097024Z Selecting previously unselected package libjxl0.7:amd64.
2026-10-09T14:21:13.8222872Z Preparing to unpack .../11-libjxl0.7_0.7.0-10.2ubuntu6.1_amd64.deb ...
2026-10-09T14:21:13.8229698Z Unpacking libjxl0.7:amd64 (0.7.0-10.2ubuntu6.1) ...
2026-10-09T14:21:13.8545455Z Selecting previously unselected package libmp3lame0:amd64.
2026-10-09T14:21:13.8670917Z Preparing to unpack .../12-libmp3lame0_3.100-6build1_amd64.deb ...
2026-10-09T14:21:13.8677738Z Unpacking libmp3lame0:amd64 (3.100-6build1) ...
2026-10-09T14:21:13.8881854Z Selecting previously unselected package libopus0:amd64.
2026-10-09T14:21:13.9007658Z Preparing to unpack .../13-libopus0_1.4-1build1_amd64.deb ...
2026-10-09T14:21:13.9014852Z Unpacking libopus0:amd64 (1.4-1build1) ...
2026-10-09T14:21:13.9226253Z Selecting previously unselected package librav1e0:amd64.
2026-10-09T14:21:13.9351538Z Preparing to unpack .../14-librav1e0_0.7.1-2_amd64.deb ...
2026-10-09T14:21:13.9359494Z Unpacking librav1e0:amd64 (0.7.1-2) ...
2026-10-09T14:21:13.9670326Z Selecting previously unselected package librsvg2-2:amd64.
2026-10-09T14:21:13.9794976Z Preparing to unpack .../15-librsvg2-2_2.58.0+dfsg-1ubuntu0.1_amd64.deb ...
2026-10-09T14:21:13.9803088Z Unpacking librsvg2-2:amd64 (2.58.0+dfsg-1ubuntu0.1) ...
2026-10-09T14:21:14.0240319Z Selecting previously unselected package libshine3:amd64.
2026-10-09T14:21:14.0365121Z Preparing to unpack .../16-libshine3_3.1.1-2build1_amd64.deb ...
2026-10-09T14:21:14.0375107Z Unpacking libshine3:amd64 (3.1.1-2build1) ...
2026-10-09T14:21:14.0565896Z Selecting previously unselected package libspeex1:amd64.
2026-10-09T14:21:14.0691172Z Preparing to unpack .../17-libspeex1_1.2.1-2ubuntu2.24.04.1_amd64.deb ...
2026-10-09T14:21:14.0698898Z Unpacking libspeex1:amd64 (1.2.1-2ubuntu2.24.04.1) ...
2026-10-09T14:21:14.0897066Z Selecting previously unselected package libsvtav1enc1d1:amd64.
2026-10-09T14:21:14.1021434Z Preparing to unpack .../18-libsvtav1enc1d1_1.7.0+dfsg-2build1_amd64.deb ...
2026-10-09T14:21:14.1029260Z Unpacking libsvtav1enc1d1:amd64 (1.7.0+dfsg-2build1) ...
2026-10-09T14:21:14.1479388Z Selecting previously unselected package libsoxr0:amd64.
2026-10-09T14:21:14.1603940Z Preparing to unpack .../19-libsoxr0_0.1.3-4build3_amd64.deb ...
2026-10-09T14:21:14.1611167Z Unpacking libsoxr0:amd64 (0.1.3-4build3) ...
2026-10-09T14:21:14.1812366Z Selecting previously unselected package libswresample4:amd64.
2026-10-09T14:21:14.1936702Z Preparing to unpack .../20-libswresample4_7%3a6.1.1-3ubuntu5_amd64.deb ...
2026-10-09T14:21:14.1966195Z Unpacking libswresample4:amd64 (7:6.1.1-3ubuntu5) ...
2026-10-09T14:21:14.2170947Z Selecting previously unselected package libtheora0:amd64.
2026-10-09T14:21:14.2295752Z Preparing to unpack .../21-libtheora0_1.1.1+dfsg.1-16.1build3_amd64.deb ...
2026-10-09T14:21:14.2303612Z Unpacking libtheora0:amd64 (1.1.1+dfsg.1-16.1build3) ...
2026-10-09T14:21:14.2532782Z Selecting previously unselected package libtwolame0:amd64.
2026-10-09T14:21:14.2656884Z Preparing to unpack .../22-libtwolame0_0.4.0-2build3_amd64.deb ...
2026-10-09T14:21:14.2664194Z Unpacking libtwolame0:amd64 (0.4.0-2build3) ...
2026-10-09T14:21:14.2861389Z Selecting previously unselected package libvorbisenc2:amd64.
2026-10-09T14:21:14.2983917Z Preparing to unpack .../23-libvorbisenc2_1.3.7-1build3_amd64.deb ...
2026-10-09T14:21:14.2992585Z Unpacking libvorbisenc2:amd64 (1.3.7-1build3) ...
2026-10-09T14:21:14.3228950Z Selecting previously unselected package libvpx9:amd64.
2026-10-09T14:21:14.3353564Z Preparing to unpack .../24-libvpx9_1.14.0-1ubuntu2.3_amd64.deb ...
2026-10-09T14:21:14.3361322Z Unpacking libvpx9:amd64 (1.14.0-1ubuntu2.3) ...
2026-10-09T14:21:14.3672047Z Selecting previously unselected package libx264-164:amd64.
2026-10-09T14:21:14.3826099Z Preparing to unpack .../25-libx264-164_2%3a0.164.3108+git31e19f9-1_amd64.deb ...
2026-10-09T14:21:14.3836266Z Unpacking libx264-164:amd64 (2:0.164.3108+git31e19f9-1) ...
2026-10-09T14:21:14.4130244Z Selecting previously unselected package libx265-199:amd64.
2026-10-09T14:21:14.4254647Z Preparing to unpack .../26-libx265-199_3.5-2build1_amd64.deb ...
2026-10-09T14:21:14.4262351Z Unpacking libx265-199:amd64 (3.5-2build1) ...
2026-10-09T14:21:14.4885998Z Selecting previously unselected package libxvidcore4:amd64.
2026-10-09T14:21:14.5010788Z Preparing to unpack .../27-libxvidcore4_2%3a1.3.7-1build1_amd64.deb ...
2026-10-09T14:21:14.5018374Z Unpacking libxvidcore4:amd64 (2:1.3.7-1build1) ...
2026-10-09T14:21:14.5228875Z Selecting previously unselected package libzvbi-common.
2026-10-09T14:21:14.5352727Z Preparing to unpack .../28-libzvbi-common_0.2.42-2_all.deb ...
2026-10-09T14:21:14.5360444Z Unpacking libzvbi-common (0.2.42-2) ...
2026-10-09T14:21:14.5653337Z Selecting previously unselected package libzvbi0t64:amd64.
2026-10-09T14:21:14.5775834Z Preparing to unpack .../29-libzvbi0t64_0.2.42-2_amd64.deb ...
2026-10-09T14:21:14.5783571Z Unpacking libzvbi0t64:amd64 (0.2.42-2) ...
2026-10-09T14:21:14.6007617Z Selecting previously unselected package libavcodec60:amd64.
2026-10-09T14:21:14.6131423Z Preparing to unpack .../30-libavcodec60_7%3a6.1.1-3ubuntu5_amd64.deb ...
2026-10-09T14:21:14.6139034Z Unpacking libavcodec60:amd64 (7:6.1.1-3ubuntu5) ...
2026-10-09T14:21:14.6903188Z Selecting previously unselected package libraw1394-11:amd64.
2026-10-09T14:21:14.7027676Z Preparing to unpack .../31-libraw1394-11_2.1.2-2build3_amd64.deb ...
2026-10-09T14:21:14.7035250Z Unpacking libraw1394-11:amd64 (2.1.2-2build3) ...
2026-10-09T14:21:14.7227610Z Selecting previously unselected package libavc1394-0:amd64.
2026-10-09T14:21:14.7352967Z Preparing to unpack .../32-libavc1394-0_0.5.4-5build3_amd64.deb ...
2026-10-09T14:21:14.7359685Z Unpacking libavc1394-0:amd64 (0.5.4-5build3) ...
2026-10-09T14:21:14.7552054Z Selecting previously unselected package libunibreak5:amd64.
2026-10-09T14:21:14.7676404Z Preparing to unpack .../33-libunibreak5_5.1-2build1_amd64.deb ...
2026-10-09T14:21:14.7683347Z Unpacking libunibreak5:amd64 (5.1-2build1) ...
2026-10-09T14:21:14.7901809Z Selecting previously unselected package libass9:amd64.
2026-10-09T14:21:14.8025163Z Preparing to unpack .../34-libass9_1%3a0.17.1-2build1_amd64.deb ...
2026-10-09T14:21:14.8032778Z Unpacking libass9:amd64 (1:0.17.1-2build1) ...
2026-10-09T14:21:14.8240753Z Selecting previously unselected package libudfread0:amd64.
2026-10-09T14:21:14.8365295Z Preparing to unpack .../35-libudfread0_1.1.2-1build1_amd64.deb ...
2026-10-09T14:21:14.8374179Z Unpacking libudfread0:amd64 (1.1.2-1build1) ...
2026-10-09T14:21:14.8565695Z Selecting previously unselected package libbluray2:amd64.
2026-10-09T14:21:14.8690861Z Preparing to unpack .../36-libbluray2_1%3a1.3.4-1build1_amd64.deb ...
2026-10-09T14:21:14.8698182Z Unpacking libbluray2:amd64 (1:1.3.4-1build1) ...
2026-10-09T14:21:14.8935214Z Selecting previously unselected package libchromaprint1:amd64.
2026-10-09T14:21:14.9060263Z Preparing to unpack .../37-libchromaprint1_1.5.1-5_amd64.deb ...
2026-10-09T14:21:14.9069599Z Unpacking libchromaprint1:amd64 (1.5.1-5) ...
2026-10-09T14:21:14.9265590Z Selecting previously unselected package libgme0:amd64.
2026-10-09T14:21:14.9389990Z Preparing to unpack .../38-libgme0_0.6.3-7build1_amd64.deb ...
2026-10-09T14:21:14.9396992Z Unpacking libgme0:amd64 (0.6.3-7build1) ...
2026-10-09T14:21:14.9603333Z Selecting previously unselected package libmpg123-0t64:amd64.
2026-10-09T14:21:14.9727533Z Preparing to unpack .../39-libmpg123-0t64_1.32.5-1ubuntu1.1_amd64.deb ...
2026-10-09T14:21:14.9735123Z Unpacking libmpg123-0t64:amd64 (1.32.5-1ubuntu1.1) ...
2026-10-09T14:21:14.9942935Z Selecting previously unselected package libopenmpt0t64:amd64.
2026-10-09T14:21:15.0067090Z Preparing to unpack .../40-libopenmpt0t64_0.7.3-1.1build3_amd64.deb ...
2026-10-09T14:21:15.0073536Z Unpacking libopenmpt0t64:amd64 (0.7.3-1.1build3) ...
2026-10-09T14:21:15.0343242Z Selecting previously unselected package libcjson1:amd64.
2026-10-09T14:21:15.0466019Z Preparing to unpack .../41-libcjson1_1.7.17-1_amd64.deb ...
2026-10-09T14:21:15.0475281Z Unpacking libcjson1:amd64 (1.7.17-1) ...
2026-10-09T14:21:15.0670023Z Selecting previously unselected package libmbedcrypto7t64:amd64.
2026-10-09T14:21:15.0792486Z Preparing to unpack .../42-libmbedcrypto7t64_2.28.8-1_amd64.deb ...
2026-10-09T14:21:15.0803661Z Unpacking libmbedcrypto7t64:amd64 (2.28.8-1) ...
2026-10-09T14:21:15.1026968Z Selecting previously unselected package librist4:amd64.
2026-10-09T14:21:15.1160541Z Preparing to unpack .../43-librist4_0.2.10+dfsg-2_amd64.deb ...
2026-10-09T14:21:15.1161224Z Unpacking librist4:amd64 (0.2.10+dfsg-2) ...
2026-10-09T14:21:15.1373657Z Selecting previously unselected package libsrt1.5-gnutls:amd64.
2026-10-09T14:21:15.1498061Z Preparing to unpack .../44-libsrt1.5-gnutls_1.5.3-1build2_amd64.deb ...
2026-10-09T14:21:15.1505750Z Unpacking libsrt1.5-gnutls:amd64 (1.5.3-1build2) ...
2026-10-09T14:21:15.1738406Z Selecting previously unselected package libssh-gcrypt-4:amd64.
2026-10-09T14:21:15.1861950Z Preparing to unpack .../45-libssh-gcrypt-4_0.10.6-2ubuntu0.5_amd64.deb ...
2026-10-09T14:21:15.1868609Z Unpacking libssh-gcrypt-4:amd64 (0.10.6-2ubuntu0.5) ...
2026-10-09T14:21:15.2086734Z Selecting previously unselected package libavformat60:amd64.
2026-10-09T14:21:15.2209387Z Preparing to unpack .../46-libavformat60_7%3a6.1.1-3ubuntu5_amd64.deb ...
2026-10-09T14:21:15.2218120Z Unpacking libavformat60:amd64 (7:6.1.1-3ubuntu5) ...
2026-10-09T14:21:15.2528860Z Selecting previously unselected package libbs2b0:amd64.
2026-10-09T14:21:15.2655428Z Preparing to unpack .../47-libbs2b0_3.1.0+dfsg-7build1_amd64.deb ...
2026-10-09T14:21:15.2662772Z Unpacking libbs2b0:amd64 (3.1.0+dfsg-7build1) ...
2026-10-09T14:21:15.2882049Z Selecting previously unselected package libflite1:amd64.
2026-10-09T14:21:15.3008001Z Preparing to unpack .../48-libflite1_2.2-6build3_amd64.deb ...
2026-10-09T14:21:15.3015912Z Unpacking libflite1:amd64 (2.2-6build3) ...
2026-10-09T14:21:15.4057305Z Selecting previously unselected package libserd-0-0:amd64.
2026-10-09T14:21:15.4180937Z Preparing to unpack .../49-libserd-0-0_0.32.2-1_amd64.deb ...
2026-10-09T14:21:15.4188090Z Unpacking libserd-0-0:amd64 (0.32.2-1) ...
2026-10-09T14:21:15.4386490Z Selecting previously unselected package libzix-0-0:amd64.
2026-10-09T14:21:15.4513414Z Preparing to unpack .../50-libzix-0-0_0.4.2-2build1_amd64.deb ...
2026-10-09T14:21:15.4521299Z Unpacking libzix-0-0:amd64 (0.4.2-2build1) ...
2026-10-09T14:21:15.4716967Z Selecting previously unselected package libsord-0-0:amd64.
2026-10-09T14:21:15.4842494Z Preparing to unpack .../51-libsord-0-0_0.16.16-2build1_amd64.deb ...
2026-10-09T14:21:15.4850843Z Unpacking libsord-0-0:amd64 (0.16.16-2build1) ...
2026-10-09T14:21:15.5042714Z Selecting previously unselected package libsratom-0-0:amd64.
2026-10-09T14:21:15.5165543Z Preparing to unpack .../52-libsratom-0-0_0.6.16-1build1_amd64.deb ...
2026-10-09T14:21:15.5172538Z Unpacking libsratom-0-0:amd64 (0.6.16-1build1) ...
2026-10-09T14:21:15.5367136Z Selecting previously unselected package liblilv-0-0:amd64.
2026-10-09T14:21:15.5490224Z Preparing to unpack .../53-liblilv-0-0_0.24.22-1build1_amd64.deb ...
2026-10-09T14:21:15.5496823Z Unpacking liblilv-0-0:amd64 (0.24.22-1build1) ...
2026-10-09T14:21:15.5688169Z Selecting previously unselected package libmysofa1:amd64.
2026-10-09T14:21:15.5810888Z Preparing to unpack .../54-libmysofa1_1.3.2+dfsg-2ubuntu2_amd64.deb ...
2026-10-09T14:21:15.5817561Z Unpacking libmysofa1:amd64 (1.3.2+dfsg-2ubuntu2) ...
2026-10-09T14:21:15.6049469Z Selecting previously unselected package libplacebo338:amd64.
2026-10-09T14:21:15.6174260Z Preparing to unpack .../55-libplacebo338_6.338.2-2build1_amd64.deb ...
2026-10-09T14:21:15.6181856Z Unpacking libplacebo338:amd64 (6.338.2-2build1) ...
2026-10-09T14:21:15.6690045Z Selecting previously unselected package libblas3:amd64.
2026-10-09T14:21:15.6816098Z Preparing to unpack .../56-libblas3_3.12.0-3build1.1_amd64.deb ...
2026-10-09T14:21:15.6844479Z Unpacking libblas3:amd64 (3.12.0-3build1.1) ...
2026-10-09T14:21:15.7069781Z Selecting previously unselected package liblapack3:amd64.
2026-10-09T14:21:15.7196887Z Preparing to unpack .../57-liblapack3_3.12.0-3build1.1_amd64.deb ...
2026-10-09T14:21:15.7227072Z Unpacking liblapack3:amd64 (3.12.0-3build1.1) ...
2026-10-09T14:21:15.7692089Z Selecting previously unselected package libasyncns0:amd64.
2026-10-09T14:21:15.7816225Z Preparing to unpack .../58-libasyncns0_0.8-6build4_amd64.deb ...
2026-10-09T14:21:15.7823700Z Unpacking libasyncns0:amd64 (0.8-6build4) ...
2026-10-09T14:21:15.8019119Z Selecting previously unselected package libflac12t64:amd64.
2026-10-09T14:21:15.8143249Z Preparing to unpack .../59-libflac12t64_1.4.3+ds-2.1ubuntu2_amd64.deb ...
2026-10-09T14:21:15.8150996Z Unpacking libflac12t64:amd64 (1.4.3+ds-2.1ubuntu2) ...
2026-10-09T14:21:15.8366769Z Selecting previously unselected package libsndfile1:amd64.
2026-10-09T14:21:15.8492153Z Preparing to unpack .../60-libsndfile1_1.2.2-1ubuntu5.24.04.1_amd64.deb ...
2026-10-09T14:21:15.8500277Z Unpacking libsndfile1:amd64 (1.2.2-1ubuntu5.24.04.1) ...
2026-10-09T14:21:15.8729597Z Selecting previously unselected package libpulse0:amd64.
2026-10-09T14:21:15.8854894Z Preparing to unpack .../61-libpulse0_1%3a16.1+dfsg1-2ubuntu10.1_amd64.deb ...
2026-10-09T14:21:15.8921836Z Unpacking libpulse0:amd64 (1:16.1+dfsg1-2ubuntu10.1) ...
2026-10-09T14:21:15.9157096Z Selecting previously unselected package libsphinxbase3t64:amd64.
2026-10-09T14:21:15.9282550Z Preparing to unpack .../62-libsphinxbase3t64_0.8+5prealpha+1-17build2_amd64.deb ...
2026-10-09T14:21:15.9289782Z Unpacking libsphinxbase3t64:amd64 (0.8+5prealpha+1-17build2) ...
2026-10-09T14:21:15.9554700Z Selecting previously unselected package libpocketsphinx3:amd64.
2026-10-09T14:21:15.9678477Z Preparing to unpack .../63-libpocketsphinx3_0.8.0+real5prealpha+1-15ubuntu5_amd64.deb ...
2026-10-09T14:21:15.9685940Z Unpacking libpocketsphinx3:amd64 (0.8.0+real5prealpha+1-15ubuntu5) ...
2026-10-09T14:21:15.9891946Z Selecting previously unselected package libpostproc57:amd64.
2026-10-09T14:21:16.0015868Z Preparing to unpack .../64-libpostproc57_7%3a6.1.1-3ubuntu5_amd64.deb ...
2026-10-09T14:21:16.0024211Z Unpacking libpostproc57:amd64 (7:6.1.1-3ubuntu5) ...
2026-10-09T14:21:16.0225541Z Selecting previously unselected package libsamplerate0:amd64.
2026-10-09T14:21:16.0347570Z Preparing to unpack .../65-libsamplerate0_0.2.2-4build1_amd64.deb ...
2026-10-09T14:21:16.0355429Z Unpacking libsamplerate0:amd64 (0.2.2-4build1) ...
2026-10-09T14:21:16.0630357Z Selecting previously unselected package librubberband2:amd64.
2026-10-09T14:21:16.0755204Z Preparing to unpack .../66-librubberband2_3.3.0+dfsg-2build1_amd64.deb ...
2026-10-09T14:21:16.0772003Z Unpacking librubberband2:amd64 (3.3.0+dfsg-2build1) ...
2026-10-09T14:21:16.0978525Z Selecting previously unselected package libswscale7:amd64.
2026-10-09T14:21:16.1102195Z Preparing to unpack .../67-libswscale7_7%3a6.1.1-3ubuntu5_amd64.deb ...
2026-10-09T14:21:16.1110669Z Unpacking libswscale7:amd64 (7:6.1.1-3ubuntu5) ...
2026-10-09T14:21:16.1327748Z Selecting previously unselected package libvidstab1.1:amd64.
2026-10-09T14:21:16.1450875Z Preparing to unpack .../68-libvidstab1.1_1.1.0-2build1_amd64.deb ...
2026-10-09T14:21:16.1458759Z Unpacking libvidstab1.1:amd64 (1.1.0-2build1) ...
2026-10-09T14:21:16.1674476Z Selecting previously unselected package libzimg2:amd64.
2026-10-09T14:21:16.1798008Z Preparing to unpack .../69-libzimg2_3.0.5+ds1-1build1_amd64.deb ...
2026-10-09T14:21:16.1805684Z Unpacking libzimg2:amd64 (3.0.5+ds1-1build1) ...
2026-10-09T14:21:16.2112038Z Selecting previously unselected package libavfilter9:amd64.
2026-10-09T14:21:16.2235411Z Preparing to unpack .../70-libavfilter9_7%3a6.1.1-3ubuntu5_amd64.deb ...
2026-10-09T14:21:16.2242248Z Unpacking libavfilter9:amd64 (7:6.1.1-3ubuntu5) ...
2026-10-09T14:21:16.2890078Z Selecting previously unselected package libcaca0:amd64.
2026-10-09T14:21:16.3015923Z Preparing to unpack .../71-libcaca0_0.99.beta20-4ubuntu0.2_amd64.deb ...
2026-10-09T14:21:16.3022986Z Unpacking libcaca0:amd64 (0.99.beta20-4ubuntu0.2) ...
2026-10-09T14:21:16.3269057Z Selecting previously unselected package libcdio19t64:amd64.
2026-10-09T14:21:16.3392769Z Preparing to unpack .../72-libcdio19t64_2.1.0-4.1ubuntu1.2_amd64.deb ...
2026-10-09T14:21:16.3401317Z Unpacking libcdio19t64:amd64 (2.1.0-4.1ubuntu1.2) ...
2026-10-09T14:21:16.3601732Z Selecting previously unselected package libcdio-cdda2t64:amd64.
2026-10-09T14:21:16.3725461Z Preparing to unpack .../73-libcdio-cdda2t64_10.2+2.0.1-1.1build2_amd64.deb ...
2026-10-09T14:21:16.3733699Z Unpacking libcdio-cdda2t64:amd64 (10.2+2.0.1-1.1build2) ...
2026-10-09T14:21:16.3977157Z Selecting previously unselected package libcdio-paranoia2t64:amd64.
2026-10-09T14:21:16.4101093Z Preparing to unpack .../74-libcdio-paranoia2t64_10.2+2.0.1-1.1build2_amd64.deb ...
2026-10-09T14:21:16.4108246Z Unpacking libcdio-paranoia2t64:amd64 (10.2+2.0.1-1.1build2) ...
2026-10-09T14:21:16.4303284Z Selecting previously unselected package libdc1394-25:amd64.
2026-10-09T14:21:16.4428926Z Preparing to unpack .../75-libdc1394-25_2.2.6-4build1_amd64.deb ...
2026-10-09T14:21:16.4437561Z Unpacking libdc1394-25:amd64 (2.2.6-4build1) ...
2026-10-09T14:21:16.4644344Z Selecting previously unselected package libiec61883-0:amd64.
2026-10-09T14:21:16.4767173Z Preparing to unpack .../76-libiec61883-0_1.2.0-6build1_amd64.deb ...
2026-10-09T14:21:16.4775184Z Unpacking libiec61883-0:amd64 (1.2.0-6build1) ...
2026-10-09T14:21:16.4976359Z Selecting previously unselected package libjack-jackd2-0:amd64.
2026-10-09T14:21:16.5101108Z Preparing to unpack .../77-libjack-jackd2-0_1.9.21~dfsg-3ubuntu3_amd64.deb ...
2026-10-09T14:21:16.5109376Z Unpacking libjack-jackd2-0:amd64 (1.9.21~dfsg-3ubuntu3) ...
2026-10-09T14:21:16.5356645Z Selecting previously unselected package libopenal-data.
2026-10-09T14:21:16.5480429Z Preparing to unpack .../78-libopenal-data_1%3a1.23.1-4build1_all.deb ...
2026-10-09T14:21:16.5488653Z Unpacking libopenal-data (1:1.23.1-4build1) ...
2026-10-09T14:21:16.5731936Z Selecting previously unselected package libsndio7.0:amd64.
2026-10-09T14:21:16.5856931Z Preparing to unpack .../79-libsndio7.0_1.9.0-0.3build3_amd64.deb ...
2026-10-09T14:21:16.5865670Z Unpacking libsndio7.0:amd64 (1.9.0-0.3build3) ...
2026-10-09T14:21:16.6068291Z Selecting previously unselected package libopenal1:amd64.
2026-10-09T14:21:16.6192486Z Preparing to unpack .../80-libopenal1_1%3a1.23.1-4build1_amd64.deb ...
2026-10-09T14:21:16.6201210Z Unpacking libopenal1:amd64 (1:1.23.1-4build1) ...
2026-10-09T14:21:16.6450434Z Selecting previously unselected package libdecor-0-0:amd64.
2026-10-09T14:21:16.6575568Z Preparing to unpack .../81-libdecor-0-0_0.2.2-1build2_amd64.deb ...
2026-10-09T14:21:16.6583601Z Unpacking libdecor-0-0:amd64 (0.2.2-1build2) ...
2026-10-09T14:21:16.6784100Z Selecting previously unselected package libsdl2-2.0-0:amd64.
2026-10-09T14:21:16.6910268Z Preparing to unpack .../82-libsdl2-2.0-0_2.30.0+dfsg-1ubuntu3.1_amd64.deb ...
2026-10-09T14:21:16.6920373Z Unpacking libsdl2-2.0-0:amd64 (2.30.0+dfsg-1ubuntu3.1) ...
2026-10-09T14:21:16.7453005Z Selecting previously unselected package libxcb-shape0:amd64.
2026-10-09T14:21:16.7577743Z Preparing to unpack .../83-libxcb-shape0_1.15-1ubuntu2_amd64.deb ...
2026-10-09T14:21:16.7585893Z Unpacking libxcb-shape0:amd64 (1.15-1ubuntu2) ...
2026-10-09T14:21:16.7773017Z Selecting previously unselected package libxv1:amd64.
2026-10-09T14:21:16.7896330Z Preparing to unpack .../84-libxv1_2%3a1.0.11-1.1build1_amd64.deb ...
2026-10-09T14:21:16.7904245Z Unpacking libxv1:amd64 (2:1.0.11-1.1build1) ...
2026-10-09T14:21:16.8107954Z Selecting previously unselected package libavdevice60:amd64.
2026-10-09T14:21:16.8232448Z Preparing to unpack .../85-libavdevice60_7%3a6.1.1-3ubuntu5_amd64.deb ...
2026-10-09T14:21:16.8241325Z Unpacking libavdevice60:amd64 (7:6.1.1-3ubuntu5) ...
2026-10-09T14:21:16.8437646Z Selecting previously unselected package ffmpeg.
2026-10-09T14:21:16.8561874Z Preparing to unpack .../86-ffmpeg_7%3a6.1.1-3ubuntu5_amd64.deb ...
2026-10-09T14:21:16.8570836Z Unpacking ffmpeg (7:6.1.1-3ubuntu5) ...
2026-10-09T14:21:16.9147877Z Setting up libgme0:amd64 (0.6.3-7build1) ...
2026-10-09T14:21:16.9177248Z Setting up libchromaprint1:amd64 (1.5.1-5) ...
2026-10-09T14:21:16.9199710Z Setting up libssh-gcrypt-4:amd64 (0.10.6-2ubuntu0.5) ...
2026-10-09T14:21:16.9221960Z Setting up libhwy1t64:amd64 (1.0.7-8.1build1) ...
2026-10-09T14:21:16.9240953Z Setting up libudfread0:amd64 (1.1.2-1build1) ...
2026-10-09T14:21:16.9262732Z Setting up libraw1394-11:amd64 (2.1.2-2build3) ...
2026-10-09T14:21:16.9283156Z Setting up libspeex1:amd64 (1.2.1-2ubuntu2.24.04.1) ...
2026-10-09T14:21:16.9302675Z Setting up libshine3:amd64 (3.1.1-2build1) ...
2026-10-09T14:21:16.9324904Z Setting up libcaca0:amd64 (0.99.beta20-4ubuntu0.2) ...
2026-10-09T14:21:16.9343192Z Setting up libvpl2 (2023.3.0-1build1) ...
2026-10-09T14:21:16.9360154Z Setting up libx264-164:amd64 (2:0.164.3108+git31e19f9-1) ...
2026-10-09T14:21:16.9381387Z Setting up libtwolame0:amd64 (0.4.0-2build3) ...
2026-10-09T14:21:16.9398108Z Setting up libmbedcrypto7t64:amd64 (2.28.8-1) ...
2026-10-09T14:21:16.9417366Z Setting up libgsm1:amd64 (1.0.22-1build1) ...
2026-10-09T14:21:16.9439027Z Setting up libsoxr0:amd64 (0.1.3-4build3) ...
2026-10-09T14:21:16.9461738Z Setting up libzix-0-0:amd64 (0.4.2-2build1) ...
2026-10-09T14:21:16.9483787Z Setting up libcodec2-1.2:amd64 (1.2.0-2build1) ...
2026-10-09T14:21:16.9500941Z Setting up libmysofa1:amd64 (1.3.2+dfsg-2ubuntu2) ...
2026-10-09T14:21:16.9521980Z Setting up libxcb-shape0:amd64 (1.15-1ubuntu2) ...
2026-10-09T14:21:16.9539883Z Setting up libcdio19t64:amd64 (2.1.0-4.1ubuntu1.2) ...
2026-10-09T14:21:16.9558344Z Setting up libsvtav1enc1d1:amd64 (1.7.0+dfsg-2build1) ...
2026-10-09T14:21:16.9581268Z Setting up libmpg123-0t64:amd64 (1.32.5-1ubuntu1.1) ...
2026-10-09T14:21:16.9601310Z Setting up libcjson1:amd64 (1.7.17-1) ...
2026-10-09T14:21:16.9619912Z Setting up libxvidcore4:amd64 (2:1.3.7-1build1) ...
2026-10-09T14:21:16.9637299Z Setting up librav1e0:amd64 (0.7.1-2) ...
2026-10-09T14:21:16.9654064Z Setting up libcdio-cdda2t64:amd64 (10.2+2.0.1-1.1build2) ...
2026-10-09T14:21:16.9673478Z Setting up librist4:amd64 (0.2.10+dfsg-2) ...
2026-10-09T14:21:16.9691052Z Setting up librsvg2-2:amd64 (2.58.0+dfsg-1ubuntu0.1) ...
2026-10-09T14:21:16.9708158Z Setting up libblas3:amd64 (3.12.0-3build1.1) ...
2026-10-09T14:21:16.9769950Z update-alternatives: using /usr/lib/x86_64-linux-gnu/blas/libblas.so.3 to provide /usr/lib/x86_64-linux-gnu/libblas.so.3 (libblas.so.3-x86_64-linux-gnu) in auto mode
2026-10-09T14:21:16.9784695Z Setting up libplacebo338:amd64 (6.338.2-2build1) ...
2026-10-09T14:21:16.9802160Z Setting up libva2:amd64 (2.20.0-2ubuntu0.2) ...
2026-10-09T14:21:16.9821709Z Setting up libopus0:amd64 (1.4-1build1) ...
2026-10-09T14:21:16.9841538Z Setting up libcdio-paranoia2t64:amd64 (10.2+2.0.1-1.1build2) ...
2026-10-09T14:21:16.9863868Z Setting up libdc1394-25:amd64 (2.2.6-4build1) ...
2026-10-09T14:21:16.9885395Z Setting up libxv1:amd64 (2:1.0.11-1.1build1) ...
2026-10-09T14:21:16.9907335Z Setting up libunibreak5:amd64 (5.1-2build1) ...
2026-10-09T14:21:16.9930638Z Setting up libjxl0.7:amd64 (0.7.0-10.2ubuntu6.1) ...
2026-10-09T14:21:16.9950058Z Setting up libx265-199:amd64 (3.5-2build1) ...
2026-10-09T14:21:16.9969210Z Setting up libsndio7.0:amd64 (1.9.0-0.3build3) ...
2026-10-09T14:21:16.9989925Z Setting up libvidstab1.1:amd64 (1.1.0-2build1) ...
2026-10-09T14:21:17.0008225Z Setting up libvpx9:amd64 (1.14.0-1ubuntu2.3) ...
2026-10-09T14:21:17.0027781Z Setting up libsrt1.5-gnutls:amd64 (1.5.3-1build2) ...
2026-10-09T14:21:17.0046854Z Setting up libflite1:amd64 (2.2-6build3) ...
2026-10-09T14:21:17.0073157Z Setting up libdav1d7:amd64 (1.4.1-1build1) ...
2026-10-09T14:21:17.0092460Z Setting up libva-drm2:amd64 (2.20.0-2ubuntu0.2) ...
2026-10-09T14:21:17.0111533Z Setting up ocl-icd-libopencl1:amd64 (2.3.2-1build1) ...
2026-10-09T14:21:17.0131623Z Setting up libasyncns0:amd64 (0.8-6build4) ...
2026-10-09T14:21:17.0150013Z Setting up libvdpau1:amd64 (1.5-2build1) ...
2026-10-09T14:21:17.0177665Z Setting up libbs2b0:amd64 (3.1.0+dfsg-7build1) ...
2026-10-09T14:21:17.0196064Z Setting up libtheora0:amd64 (1.1.1+dfsg.1-16.1build3) ...
2026-10-09T14:21:17.0218049Z Setting up libdecor-0-0:amd64 (0.2.2-1build2) ...
2026-10-09T14:21:17.0238811Z Setting up libzimg2:amd64 (3.0.5+ds1-1build1) ...
2026-10-09T14:21:17.0258404Z Setting up libopenal-data (1:1.23.1-4build1) ...
2026-10-09T14:21:17.0291847Z Setting up libflac12t64:amd64 (1.4.3+ds-2.1ubuntu2) ...
2026-10-09T14:21:17.0312230Z Setting up libbluray2:amd64 (1:1.3.4-1build1) ...
2026-10-09T14:21:17.0333996Z Setting up libsamplerate0:amd64 (0.2.2-4build1) ...
2026-10-09T14:21:17.0352910Z Setting up libva-x11-2:amd64 (2.20.0-2ubuntu0.2) ...
2026-10-09T14:21:17.0371616Z Setting up libopenmpt0t64:amd64 (0.7.3-1.1build3) ...
2026-10-09T14:21:17.0421934Z Setting up libzvbi-common (0.2.42-2) ...
2026-10-09T14:21:17.0440961Z Setting up libmp3lame0:amd64 (3.100-6build1) ...
2026-10-09T14:21:17.0460587Z Setting up libvorbisenc2:amd64 (1.3.7-1build3) ...
2026-10-09T14:21:17.0478971Z Setting up libiec61883-0:amd64 (1.2.0-6build1) ...
2026-10-09T14:21:17.0498529Z Setting up libserd-0-0:amd64 (0.32.2-1) ...
2026-10-09T14:21:17.0515851Z Setting up libavc1394-0:amd64 (0.5.4-5build3) ...
2026-10-09T14:21:17.0536311Z Setting up liblapack3:amd64 (3.12.0-3build1.1) ...
2026-10-09T14:21:17.0602439Z update-alternatives: using /usr/lib/x86_64-linux-gnu/lapack/liblapack.so.3 to provide /usr/lib/x86_64-linux-gnu/liblapack.so.3 (liblapack.so.3-x86_64-linux-gnu) in auto mode
2026-10-09T14:21:17.0617625Z Setting up libzvbi0t64:amd64 (0.2.42-2) ...
2026-10-09T14:21:17.0637506Z Setting up libavutil58:amd64 (7:6.1.1-3ubuntu5) ...
2026-10-09T14:21:17.0666140Z Setting up libopenal1:amd64 (1:1.23.1-4build1) ...
2026-10-09T14:21:17.0685859Z Setting up libass9:amd64 (1:0.17.1-2build1) ...
2026-10-09T14:21:17.0712244Z Setting up libswresample4:amd64 (7:6.1.1-3ubuntu5) ...
2026-10-09T14:21:17.0731672Z Setting up libavcodec60:amd64 (7:6.1.1-3ubuntu5) ...
2026-10-09T14:21:17.0750034Z Setting up librubberband2:amd64 (3.3.0+dfsg-2build1) ...
2026-10-09T14:21:17.0768571Z Setting up libjack-jackd2-0:amd64 (1.9.21~dfsg-3ubuntu3) ...
2026-10-09T14:21:17.0786127Z Setting up libsord-0-0:amd64 (0.16.16-2build1) ...
2026-10-09T14:21:17.0805947Z Setting up libpostproc57:amd64 (7:6.1.1-3ubuntu5) ...
2026-10-09T14:21:17.0824519Z Setting up libsratom-0-0:amd64 (0.6.16-1build1) ...
2026-10-09T14:21:17.0841462Z Setting up libsndfile1:amd64 (1.2.2-1ubuntu5.24.04.1) ...
2026-10-09T14:21:17.0863489Z Setting up liblilv-0-0:amd64 (0.24.22-1build1) ...
2026-10-09T14:21:17.0882370Z Setting up libswscale7:amd64 (7:6.1.1-3ubuntu5) ...
2026-10-09T14:21:17.0902240Z Setting up libpulse0:amd64 (1:16.1+dfsg1-2ubuntu10.1) ...
2026-10-09T14:21:17.0973011Z Setting up libavformat60:amd64 (7:6.1.1-3ubuntu5) ...
2026-10-09T14:21:17.0991395Z Setting up libsphinxbase3t64:amd64 (0.8+5prealpha+1-17build2) ...
2026-10-09T14:21:17.1013754Z Setting up libsdl2-2.0-0:amd64 (2.30.0+dfsg-1ubuntu3.1) ...
2026-10-09T14:21:17.1267591Z Setting up libpocketsphinx3:amd64 (0.8.0+real5prealpha+1-15ubuntu5) ...
2026-10-09T14:21:17.1285266Z Setting up libavfilter9:amd64 (7:6.1.1-3ubuntu5) ...
2026-10-09T14:21:17.1304494Z Setting up libavdevice60:amd64 (7:6.1.1-3ubuntu5) ...
2026-10-09T14:21:17.1327150Z Setting up ffmpeg (7:6.1.1-3ubuntu5) ...
2026-10-09T14:21:17.1348956Z Processing triggers for man-db (2.12.0-4build2) ...
2026-10-09T14:21:17.1370310Z Not building database; man-db/auto-update is not 'true'.
2026-10-09T14:21:17.1383747Z Processing triggers for libc-bin (2.39-0ubuntu8.9) ...
2026-10-09T14:21:17.8417697Z 
2026-10-09T14:21:17.8418740Z Running kernel seems to be up-to-date.
2026-10-09T14:21:17.8419411Z 
2026-10-09T14:21:17.8419623Z No services need to be restarted.
2026-10-09T14:21:17.8419919Z 
2026-10-09T14:21:17.8420092Z No containers need to be restarted.
2026-10-09T14:21:17.8420377Z 
2026-10-09T14:21:17.8420590Z No user sessions are running outdated binaries.
2026-10-09T14:21:17.8420933Z 
2026-10-09T14:21:17.8421250Z No VM guests are running outdated hypervisor (qemu) binaries on this host.
2026-10-09T14:21:19.1257624Z ##[group]Run sudo apt-get update
2026-10-09T14:21:19.1257947Z [36;1msudo apt-get update[0m
2026-10-09T14:21:19.1258252Z [36;1msudo apt-get install -y postgresql-client-16[0m
2026-10-09T14:21:19.1258668Z [36;1mecho "/usr/lib/postgresql/16/bin" >> "$GITHUB_PATH"[0m
2026-10-09T14:21:19.1323184Z shell: /usr/bin/bash -e {0}
2026-10-09T14:21:19.1323432Z env:
2026-10-09T14:21:19.1323623Z   MOCK_PROVIDER: true
2026-10-09T14:21:19.1323846Z   MOCK_STREAM_DELAY_MS: 0
2026-10-09T14:21:19.1324075Z   ENABLE_CLOUD: false
2026-10-09T14:21:19.1324297Z   CREDENTIAL_VAULT_BACKEND: memory
2026-10-09T14:21:19.1324584Z   CREDENTIAL_VAULT_ALLOW_MEMORY_FALLBACK: true
2026-10-09T14:21:19.1324893Z   PYTHONDONTWRITEBYTECODE: 1
2026-10-09T14:21:19.1325130Z   HF_HUB_OFFLINE: 1
2026-10-09T14:21:19.1325343Z   TRANSFORMERS_OFFLINE: 1
2026-10-09T14:21:19.1325627Z   pythonLocation: /opt/hostedtoolcache/Python/3.12.9/x64
2026-10-09T14:21:19.1326087Z   PKG_CONFIG_PATH: /opt/hostedtoolcache/Python/3.12.9/x64/lib/pkgconfig
2026-10-09T14:21:19.1326500Z   Python_ROOT_DIR: /opt/hostedtoolcache/Python/3.12.9/x64
2026-10-09T14:21:19.1326866Z   Python2_ROOT_DIR: /opt/hostedtoolcache/Python/3.12.9/x64
2026-10-09T14:21:19.1327241Z   Python3_ROOT_DIR: /opt/hostedtoolcache/Python/3.12.9/x64
2026-10-09T14:21:19.1327613Z   LD_LIBRARY_PATH: /opt/hostedtoolcache/Python/3.12.9/x64/lib
2026-10-09T14:21:19.1327988Z   CI_COVERAGE_SHA: 99c43b6892038233c390be2ae61acb669163d0b5
2026-10-09T14:21:19.1328363Z   CI_COVERAGE_TREE: 69d69ffe71838263069d164a0a07b39b5f4a4333
2026-10-09T14:21:19.1328811Z   CI_SANDBOX: /home/runner/work/_temp/novel-ci-backend-postgres-shard-0.2SHeSR
2026-10-09T14:21:19.1329676Z   CI_PROJECT: /home/runner/work/_temp/novel-ci-backend-postgres-shard-0.2SHeSR/project
2026-10-09T14:21:19.1330262Z   CI_RECEIPTS: /home/runner/work/_temp/novel-ci-backend-postgres-shard-0.2SHeSR/receipts
2026-10-09T14:21:19.1330922Z   HOME: /home/runner/work/_temp/novel-ci-backend-postgres-shard-0.2SHeSR/project/.runtime/ci-backend/home
2026-10-09T14:21:19.1331669Z   USERPROFILE: /home/runner/work/_temp/novel-ci-backend-postgres-shard-0.2SHeSR/project/.runtime/ci-backend/home
2026-10-09T14:21:19.1332438Z   APPDATA: /home/runner/work/_temp/novel-ci-backend-postgres-shard-0.2SHeSR/project/.runtime/ci-backend/appdata
2026-10-09T14:21:19.1333244Z   LOCALAPPDATA: /home/runner/work/_temp/novel-ci-backend-postgres-shard-0.2SHeSR/project/.runtime/ci-backend/localappdata
2026-10-09T14:21:19.1334067Z   XDG_CONFIG_HOME: /home/runner/work/_temp/novel-ci-backend-postgres-shard-0.2SHeSR/project/.runtime/ci-backend/config
2026-10-09T14:21:19.1334851Z   XDG_CACHE_HOME: /home/runner/work/_temp/novel-ci-backend-postgres-shard-0.2SHeSR/project/.runtime/ci-backend/cache
2026-10-09T14:21:19.1335614Z   XDG_DATA_HOME: /home/runner/work/_temp/novel-ci-backend-postgres-shard-0.2SHeSR/project/.runtime/ci-backend/data
2026-10-09T14:21:19.1336381Z   XDG_STATE_HOME: /home/runner/work/_temp/novel-ci-backend-postgres-shard-0.2SHeSR/project/.runtime/ci-backend/state
2026-10-09T14:21:19.1337125Z   TMPDIR: /home/runner/work/_temp/novel-ci-backend-postgres-shard-0.2SHeSR/project/.runtime/ci-backend/tmp
2026-10-09T14:21:19.1337834Z   TMP: /home/runner/work/_temp/novel-ci-backend-postgres-shard-0.2SHeSR/project/.runtime/ci-backend/tmp
2026-10-09T14:21:19.1338712Z   TEMP: /home/runner/work/_temp/novel-ci-backend-postgres-shard-0.2SHeSR/project/.runtime/ci-backend/tmp
2026-10-09T14:21:19.1339623Z   PROJECT_ROOT: /home/runner/work/_temp/novel-ci-backend-postgres-shard-0.2SHeSR/project
2026-10-09T14:21:19.1340339Z   NOVEL_DATA_PATH: /home/runner/work/_temp/novel-ci-backend-postgres-shard-0.2SHeSR/project/.runtime/ci-backend/data/novels
2026-10-09T14:21:19.1341169Z   BACKUP_PATH: /home/runner/work/_temp/novel-ci-backend-postgres-shard-0.2SHeSR/project/.runtime/ci-backend/data/backups
2026-10-09T14:21:19.1342046Z   DATABASE_BACKUP_PATH: /home/runner/work/_temp/novel-ci-backend-postgres-shard-0.2SHeSR/project/.runtime/ci-backend/data/database-backups
2026-10-09T14:21:19.1343151Z   KNOWLEDGE_SOURCE_PATH: /home/runner/work/_temp/novel-ci-backend-postgres-shard-0.2SHeSR/project/.runtime/ci-backend/data/novels
2026-10-09T14:21:19.1343969Z   CI_V2_RUNTIME: /home/runner/work/_temp/novel-ci-backend-postgres-shard-0.2SHeSR/project/.runtime/ci-backend
2026-10-09T14:21:19.1344467Z ##[endgroup]
2026-10-09T14:21:19.2055722Z Get:1 file:/etc/apt/apt-mirrors.txt Mirrorlist [144 B]
2026-10-09T14:21:19.2343653Z Hit:2 http://azure.archive.ubuntu.com/ubuntu noble InRelease
2026-10-09T14:21:19.2360020Z Hit:6 https://packages.microsoft.com/ubuntu/24.04/prod noble InRelease
2026-10-09T14:21:19.2419986Z Hit:3 http://azure.archive.ubuntu.com/ubuntu noble-updates InRelease
2026-10-09T14:21:19.2430110Z Hit:4 http://azure.archive.ubuntu.com/ubuntu noble-backports InRelease
2026-10-09T14:21:19.2441335Z Hit:5 http://azure.archive.ubuntu.com/ubuntu noble-security InRelease
2026-10-09T14:21:20.4869382Z Reading package lists...
2026-10-09T14:21:20.5156732Z Reading package lists...
2026-10-09T14:21:20.6966206Z Building dependency tree...
2026-10-09T14:21:20.6974508Z Reading state information...
2026-10-09T14:21:20.8624609Z postgresql-client-16 is already the newest version (16.15-1.pgdg24.04+2).
2026-10-09T14:21:20.8625117Z postgresql-client-16 set to manually installed.
2026-10-09T14:21:20.8625551Z 0 upgraded, 0 newly installed, 0 to remove and 23 not upgraded.
2026-10-09T14:21:20.8695112Z ##[group]Run python - <<'PY'
2026-10-09T14:21:20.8695431Z [36;1mpython - <<'PY'[0m
2026-10-09T14:21:20.8695660Z [36;1mimport os[0m
2026-10-09T14:21:20.8695880Z [36;1mfrom pathlib import Path[0m
2026-10-09T14:21:20.8696136Z [36;1mimport psycopg[0m
2026-10-09T14:21:20.8696523Z [36;1mwith psycopg.connect(os.environ['DATABASE_URL'], autocommit=True) as connection:[0m
2026-10-09T14:21:20.8697044Z [36;1m    assert connection.execute('SELECT 1').fetchone() == (1,)[0m
2026-10-09T14:21:20.8697526Z [36;1m    for migration in sorted(Path('database/migrations').glob('*.sql')):[0m
2026-10-09T14:21:20.8698019Z [36;1m        connection.execute(migration.read_text(encoding='utf-8'))[0m
2026-10-09T14:21:20.8698418Z [36;1m        print('Applied', migration.name)[0m
2026-10-09T14:21:20.8698703Z [36;1mPY[0m
2026-10-09T14:21:20.8762129Z shell: /usr/bin/bash -e {0}
2026-10-09T14:21:20.8762397Z env:
2026-10-09T14:21:20.8762596Z   MOCK_PROVIDER: true
2026-10-09T14:21:20.8762866Z   MOCK_STREAM_DELAY_MS: 0
2026-10-09T14:21:20.8763088Z   ENABLE_CLOUD: false
2026-10-09T14:21:20.8763310Z   CREDENTIAL_VAULT_BACKEND: memory
2026-10-09T14:21:20.8763595Z   CREDENTIAL_VAULT_ALLOW_MEMORY_FALLBACK: true
2026-10-09T14:21:20.8763903Z   PYTHONDONTWRITEBYTECODE: 1
2026-10-09T14:21:20.8764140Z   HF_HUB_OFFLINE: 1
2026-10-09T14:21:20.8764343Z   TRANSFORMERS_OFFLINE: 1
2026-10-09T14:21:20.8764625Z   pythonLocation: /opt/hostedtoolcache/Python/3.12.9/x64
2026-10-09T14:21:20.8765055Z   PKG_CONFIG_PATH: /opt/hostedtoolcache/Python/3.12.9/x64/lib/pkgconfig
2026-10-09T14:21:20.8765487Z   Python_ROOT_DIR: /opt/hostedtoolcache/Python/3.12.9/x64
2026-10-09T14:21:20.8765856Z   Python2_ROOT_DIR: /opt/hostedtoolcache/Python/3.12.9/x64
2026-10-09T14:21:20.8766225Z   Python3_ROOT_DIR: /opt/hostedtoolcache/Python/3.12.9/x64
2026-10-09T14:21:20.8766597Z   LD_LIBRARY_PATH: /opt/hostedtoolcache/Python/3.12.9/x64/lib
2026-10-09T14:21:20.8767138Z   CI_COVERAGE_SHA: 99c43b6892038233c390be2ae61acb669163d0b5
2026-10-09T14:21:20.8767509Z   CI_COVERAGE_TREE: 69d69ffe71838263069d164a0a07b39b5f4a4333
2026-10-09T14:21:20.8767949Z   CI_SANDBOX: /home/runner/work/_temp/novel-ci-backend-postgres-shard-0.2SHeSR
2026-10-09T14:21:20.8768523Z   CI_PROJECT: /home/runner/work/_temp/novel-ci-backend-postgres-shard-0.2SHeSR/project
2026-10-09T14:21:20.8769436Z   CI_RECEIPTS: /home/runner/work/_temp/novel-ci-backend-postgres-shard-0.2SHeSR/receipts
2026-10-09T14:21:20.8770357Z   HOME: /home/runner/work/_temp/novel-ci-backend-postgres-shard-0.2SHeSR/project/.runtime/ci-backend/home
2026-10-09T14:21:20.8771107Z   USERPROFILE: /home/runner/work/_temp/novel-ci-backend-postgres-shard-0.2SHeSR/project/.runtime/ci-backend/home
2026-10-09T14:21:20.8771874Z   APPDATA: /home/runner/work/_temp/novel-ci-backend-postgres-shard-0.2SHeSR/project/.runtime/ci-backend/appdata
2026-10-09T14:21:20.8772697Z   LOCALAPPDATA: /home/runner/work/_temp/novel-ci-backend-postgres-shard-0.2SHeSR/project/.runtime/ci-backend/localappdata
2026-10-09T14:21:20.8773551Z   XDG_CONFIG_HOME: /home/runner/work/_temp/novel-ci-backend-postgres-shard-0.2SHeSR/project/.runtime/ci-backend/config
2026-10-09T14:21:20.8774353Z   XDG_CACHE_HOME: /home/runner/work/_temp/novel-ci-backend-postgres-shard-0.2SHeSR/project/.runtime/ci-backend/cache
2026-10-09T14:21:20.8775122Z   XDG_DATA_HOME: /home/runner/work/_temp/novel-ci-backend-postgres-shard-0.2SHeSR/project/.runtime/ci-backend/data
2026-10-09T14:21:20.8775888Z   XDG_STATE_HOME: /home/runner/work/_temp/novel-ci-backend-postgres-shard-0.2SHeSR/project/.runtime/ci-backend/state
2026-10-09T14:21:20.8776637Z   TMPDIR: /home/runner/work/_temp/novel-ci-backend-postgres-shard-0.2SHeSR/project/.runtime/ci-backend/tmp
2026-10-09T14:21:20.8777353Z   TMP: /home/runner/work/_temp/novel-ci-backend-postgres-shard-0.2SHeSR/project/.runtime/ci-backend/tmp
2026-10-09T14:21:20.8778046Z   TEMP: /home/runner/work/_temp/novel-ci-backend-postgres-shard-0.2SHeSR/project/.runtime/ci-backend/tmp
2026-10-09T14:21:20.8778883Z   PROJECT_ROOT: /home/runner/work/_temp/novel-ci-backend-postgres-shard-0.2SHeSR/project
2026-10-09T14:21:20.8779895Z   NOVEL_DATA_PATH: /home/runner/work/_temp/novel-ci-backend-postgres-shard-0.2SHeSR/project/.runtime/ci-backend/data/novels
2026-10-09T14:21:20.8780718Z   BACKUP_PATH: /home/runner/work/_temp/novel-ci-backend-postgres-shard-0.2SHeSR/project/.runtime/ci-backend/data/backups
2026-10-09T14:21:20.8781598Z   DATABASE_BACKUP_PATH: /home/runner/work/_temp/novel-ci-backend-postgres-shard-0.2SHeSR/project/.runtime/ci-backend/data/database-backups
2026-10-09T14:21:20.8782514Z   KNOWLEDGE_SOURCE_PATH: /home/runner/work/_temp/novel-ci-backend-postgres-shard-0.2SHeSR/project/.runtime/ci-backend/data/novels
2026-10-09T14:21:20.8783309Z   CI_V2_RUNTIME: /home/runner/work/_temp/novel-ci-backend-postgres-shard-0.2SHeSR/project/.runtime/ci-backend
2026-10-09T14:21:20.8784224Z   DATABASE_URL: ***127.0.0.1:5432/novel_ci
2026-10-09T14:21:20.8784509Z ##[endgroup]
2026-10-09T14:21:21.8770340Z Applied 001_initial.sql
2026-10-09T14:21:21.8770846Z Applied 002_runtime_jobs.sql
2026-10-09T14:21:21.8771171Z Applied 003_document_versions.sql
2026-10-09T14:21:21.8771482Z Applied 004_lore_foundation.sql
2026-10-09T14:21:21.8771772Z Applied 005_lore_memory.sql
2026-10-09T14:21:21.8772039Z Applied 006_context_intelligence.sql
2026-10-09T14:21:21.8772363Z Applied 007_continuity_foundations.sql
2026-10-09T14:21:21.8772692Z Applied 008_narrative_state.sql
2026-10-09T14:21:21.8772996Z Applied 009_narrative_findings.sql
2026-10-09T14:21:21.8773327Z Applied 010_narrative_progress.sql
2026-10-09T14:21:21.8773662Z Applied 011_narrative_change_proposals.sql
2026-10-09T14:21:21.8774009Z Applied 012_collaboration_scope_foundation.sql
2026-10-09T14:21:21.8774388Z Applied 013_branch_revision_optimistic_concurrency.sql
2026-10-09T14:21:21.8774792Z Applied 014_scope_authorization_foundation.sql
2026-10-09T14:21:21.8775148Z Applied 015_collaboration_runtime_foundation.sql
2026-10-09T14:21:21.8775807Z Applied 016_generation_snapshot_ownership.sql
2026-10-09T14:21:21.8776158Z Applied 017_chapter_archive_state.sql
2026-10-09T14:21:21.8776454Z Applied 018_context_privacy.sql
2026-10-09T14:21:21.8776752Z Applied 019_experimental_scope_documents.sql
2026-10-09T14:21:21.8777079Z Applied 020_stable_chapter_identity.sql
2026-10-09T14:21:21.9077622Z ##[group]Run python scripts/prepare_pdf_font.py --output "$CI_SANDBOX/fonts" > "$CI_RECEIPTS/font-manifest.json"
2026-10-09T14:21:21.9078460Z [36;1mpython scripts/prepare_pdf_font.py --output "$CI_SANDBOX/fonts" > "$CI_RECEIPTS/font-manifest.json"[0m
2026-10-09T14:21:21.9079365Z [36;1mecho "R2_TEST_FONT_FILE=$CI_SANDBOX/fonts/NotoSansSC-Regular.ttf" >> "$GITHUB_ENV"[0m
2026-10-09T14:21:21.9141828Z shell: /usr/bin/bash -e {0}
2026-10-09T14:21:21.9142081Z env:
2026-10-09T14:21:21.9142272Z   MOCK_PROVIDER: true
2026-10-09T14:21:21.9142512Z   MOCK_STREAM_DELAY_MS: 0
2026-10-09T14:21:21.9142746Z   ENABLE_CLOUD: false
2026-10-09T14:21:21.9142994Z   CREDENTIAL_VAULT_BACKEND: memory
2026-10-09T14:21:21.9143299Z   CREDENTIAL_VAULT_ALLOW_MEMORY_FALLBACK: true
2026-10-09T14:21:21.9143606Z   PYTHONDONTWRITEBYTECODE: 1
2026-10-09T14:21:21.9143844Z   HF_HUB_OFFLINE: 1
2026-10-09T14:21:21.9144047Z   TRANSFORMERS_OFFLINE: 1
2026-10-09T14:21:21.9144378Z   pythonLocation: /opt/hostedtoolcache/Python/3.12.9/x64
2026-10-09T14:21:21.9144826Z   PKG_CONFIG_PATH: /opt/hostedtoolcache/Python/3.12.9/x64/lib/pkgconfig
2026-10-09T14:21:21.9145253Z   Python_ROOT_DIR: /opt/hostedtoolcache/Python/3.12.9/x64
2026-10-09T14:21:21.9145630Z   Python2_ROOT_DIR: /opt/hostedtoolcache/Python/3.12.9/x64
2026-10-09T14:21:21.9146010Z   Python3_ROOT_DIR: /opt/hostedtoolcache/Python/3.12.9/x64
2026-10-09T14:21:21.9146388Z   LD_LIBRARY_PATH: /opt/hostedtoolcache/Python/3.12.9/x64/lib
2026-10-09T14:21:21.9146778Z   CI_COVERAGE_SHA: 99c43b6892038233c390be2ae61acb669163d0b5
2026-10-09T14:21:21.9147146Z   CI_COVERAGE_TREE: 69d69ffe71838263069d164a0a07b39b5f4a4333
2026-10-09T14:21:21.9147621Z   CI_SANDBOX: /home/runner/work/_temp/novel-ci-backend-postgres-shard-0.2SHeSR
2026-10-09T14:21:21.9148203Z   CI_PROJECT: /home/runner/work/_temp/novel-ci-backend-postgres-shard-0.2SHeSR/project
2026-10-09T14:21:21.9148814Z   CI_RECEIPTS: /home/runner/work/_temp/novel-ci-backend-postgres-shard-0.2SHeSR/receipts
2026-10-09T14:21:21.9149812Z   HOME: /home/runner/work/_temp/novel-ci-backend-postgres-shard-0.2SHeSR/project/.runtime/ci-backend/home
2026-10-09T14:21:21.9150594Z   USERPROFILE: /home/runner/work/_temp/novel-ci-backend-postgres-shard-0.2SHeSR/project/.runtime/ci-backend/home
2026-10-09T14:21:21.9151389Z   APPDATA: /home/runner/work/_temp/novel-ci-backend-postgres-shard-0.2SHeSR/project/.runtime/ci-backend/appdata
2026-10-09T14:21:21.9152216Z   LOCALAPPDATA: /home/runner/work/_temp/novel-ci-backend-postgres-shard-0.2SHeSR/project/.runtime/ci-backend/localappdata
2026-10-09T14:21:21.9153056Z   XDG_CONFIG_HOME: /home/runner/work/_temp/novel-ci-backend-postgres-shard-0.2SHeSR/project/.runtime/ci-backend/config
2026-10-09T14:21:21.9153869Z   XDG_CACHE_HOME: /home/runner/work/_temp/novel-ci-backend-postgres-shard-0.2SHeSR/project/.runtime/ci-backend/cache
2026-10-09T14:21:21.9154655Z   XDG_DATA_HOME: /home/runner/work/_temp/novel-ci-backend-postgres-shard-0.2SHeSR/project/.runtime/ci-backend/data
2026-10-09T14:21:21.9155445Z   XDG_STATE_HOME: /home/runner/work/_temp/novel-ci-backend-postgres-shard-0.2SHeSR/project/.runtime/ci-backend/state
2026-10-09T14:21:21.9156215Z   TMPDIR: /home/runner/work/_temp/novel-ci-backend-postgres-shard-0.2SHeSR/project/.runtime/ci-backend/tmp
2026-10-09T14:21:21.9156949Z   TMP: /home/runner/work/_temp/novel-ci-backend-postgres-shard-0.2SHeSR/project/.runtime/ci-backend/tmp
2026-10-09T14:21:21.9157670Z   TEMP: /home/runner/work/_temp/novel-ci-backend-postgres-shard-0.2SHeSR/project/.runtime/ci-backend/tmp
2026-10-09T14:21:21.9158330Z   PROJECT_ROOT: /home/runner/work/_temp/novel-ci-backend-postgres-shard-0.2SHeSR/project
2026-10-09T14:21:21.9159189Z   NOVEL_DATA_PATH: /home/runner/work/_temp/novel-ci-backend-postgres-shard-0.2SHeSR/project/.runtime/ci-backend/data/novels
2026-10-09T14:21:21.9160272Z   BACKUP_PATH: /home/runner/work/_temp/novel-ci-backend-postgres-shard-0.2SHeSR/project/.runtime/ci-backend/data/backups
2026-10-09T14:21:21.9161345Z   DATABASE_BACKUP_PATH: /home/runner/work/_temp/novel-ci-backend-postgres-shard-0.2SHeSR/project/.runtime/ci-backend/data/database-backups
2026-10-09T14:21:21.9162295Z   KNOWLEDGE_SOURCE_PATH: /home/runner/work/_temp/novel-ci-backend-postgres-shard-0.2SHeSR/project/.runtime/ci-backend/data/novels
2026-10-09T14:21:21.9163124Z   CI_V2_RUNTIME: /home/runner/work/_temp/novel-ci-backend-postgres-shard-0.2SHeSR/project/.runtime/ci-backend
2026-10-09T14:21:21.9163630Z ##[endgroup]
2026-10-09T14:21:42.9617217Z ##[group]Run python -m pytest -p no:cacheprovider --basetemp="$CI_SANDBOX/coverage-selftest" -q \
2026-10-09T14:21:42.9617981Z [36;1mpython -m pytest -p no:cacheprovider --basetemp="$CI_SANDBOX/coverage-selftest" -q \[0m
2026-10-09T14:21:42.9618604Z [36;1m  .github/ci/test_suite_coverage.py .github/ci/test_coverage_reconcile.py \[0m
2026-10-09T14:21:42.9619482Z [36;1m  .github/ci/test_v2_manifest_extension.py .github/ci/test_v2_check_runner.py \[0m
2026-10-09T14:21:42.9619945Z [36;1m  .github/ci/test_v2_browser_job.py \[0m
2026-10-09T14:21:42.9620297Z [36;1m  --junitxml="$CI_RECEIPTS/coverage-harness.xml"[0m
2026-10-09T14:21:42.9682450Z shell: /usr/bin/bash -e {0}
2026-10-09T14:21:42.9682710Z env:
2026-10-09T14:21:42.9682903Z   MOCK_PROVIDER: true
2026-10-09T14:21:42.9683133Z   MOCK_STREAM_DELAY_MS: 0
2026-10-09T14:21:42.9683356Z   ENABLE_CLOUD: false
2026-10-09T14:21:42.9683579Z   CREDENTIAL_VAULT_BACKEND: memory
2026-10-09T14:21:42.9683918Z   CREDENTIAL_VAULT_ALLOW_MEMORY_FALLBACK: true
2026-10-09T14:21:42.9684226Z   PYTHONDONTWRITEBYTECODE: 1
2026-10-09T14:21:42.9684462Z   HF_HUB_OFFLINE: 1
2026-10-09T14:21:42.9684672Z   TRANSFORMERS_OFFLINE: 1
2026-10-09T14:21:42.9684955Z   pythonLocation: /opt/hostedtoolcache/Python/3.12.9/x64
2026-10-09T14:21:42.9685402Z   PKG_CONFIG_PATH: /opt/hostedtoolcache/Python/3.12.9/x64/lib/pkgconfig
2026-10-09T14:21:42.9685827Z   Python_ROOT_DIR: /opt/hostedtoolcache/Python/3.12.9/x64
2026-10-09T14:21:42.9686203Z   Python2_ROOT_DIR: /opt/hostedtoolcache/Python/3.12.9/x64
2026-10-09T14:21:42.9686577Z   Python3_ROOT_DIR: /opt/hostedtoolcache/Python/3.12.9/x64
2026-10-09T14:21:42.9686947Z   LD_LIBRARY_PATH: /opt/hostedtoolcache/Python/3.12.9/x64/lib
2026-10-09T14:21:42.9687324Z   CI_COVERAGE_SHA: 99c43b6892038233c390be2ae61acb669163d0b5
2026-10-09T14:21:42.9687683Z   CI_COVERAGE_TREE: 69d69ffe71838263069d164a0a07b39b5f4a4333
2026-10-09T14:21:42.9688121Z   CI_SANDBOX: /home/runner/work/_temp/novel-ci-backend-postgres-shard-0.2SHeSR
2026-10-09T14:21:42.9688667Z   CI_PROJECT: /home/runner/work/_temp/novel-ci-backend-postgres-shard-0.2SHeSR/project
2026-10-09T14:21:42.9689443Z   CI_RECEIPTS: /home/runner/work/_temp/novel-ci-backend-postgres-shard-0.2SHeSR/receipts
2026-10-09T14:21:42.9690138Z   HOME: /home/runner/work/_temp/novel-ci-backend-postgres-shard-0.2SHeSR/project/.runtime/ci-backend/home
2026-10-09T14:21:42.9690902Z   USERPROFILE: /home/runner/work/_temp/novel-ci-backend-postgres-shard-0.2SHeSR/project/.runtime/ci-backend/home
2026-10-09T14:21:42.9691698Z   APPDATA: /home/runner/work/_temp/novel-ci-backend-postgres-shard-0.2SHeSR/project/.runtime/ci-backend/appdata
2026-10-09T14:21:42.9692521Z   LOCALAPPDATA: /home/runner/work/_temp/novel-ci-backend-postgres-shard-0.2SHeSR/project/.runtime/ci-backend/localappdata
2026-10-09T14:21:42.9693341Z   XDG_CONFIG_HOME: /home/runner/work/_temp/novel-ci-backend-postgres-shard-0.2SHeSR/project/.runtime/ci-backend/config
2026-10-09T14:21:42.9694142Z   XDG_CACHE_HOME: /home/runner/work/_temp/novel-ci-backend-postgres-shard-0.2SHeSR/project/.runtime/ci-backend/cache
2026-10-09T14:21:42.9694914Z   XDG_DATA_HOME: /home/runner/work/_temp/novel-ci-backend-postgres-shard-0.2SHeSR/project/.runtime/ci-backend/data
2026-10-09T14:21:42.9695679Z   XDG_STATE_HOME: /home/runner/work/_temp/novel-ci-backend-postgres-shard-0.2SHeSR/project/.runtime/ci-backend/state
2026-10-09T14:21:42.9696616Z   TMPDIR: /home/runner/work/_temp/novel-ci-backend-postgres-shard-0.2SHeSR/project/.runtime/ci-backend/tmp
2026-10-09T14:21:42.9697332Z   TMP: /home/runner/work/_temp/novel-ci-backend-postgres-shard-0.2SHeSR/project/.runtime/ci-backend/tmp
2026-10-09T14:21:42.9698034Z   TEMP: /home/runner/work/_temp/novel-ci-backend-postgres-shard-0.2SHeSR/project/.runtime/ci-backend/tmp
2026-10-09T14:21:42.9698681Z   PROJECT_ROOT: /home/runner/work/_temp/novel-ci-backend-postgres-shard-0.2SHeSR/project
2026-10-09T14:21:42.9699525Z   NOVEL_DATA_PATH: /home/runner/work/_temp/novel-ci-backend-postgres-shard-0.2SHeSR/project/.runtime/ci-backend/data/novels
2026-10-09T14:21:42.9700512Z   BACKUP_PATH: /home/runner/work/_temp/novel-ci-backend-postgres-shard-0.2SHeSR/project/.runtime/ci-backend/data/backups
2026-10-09T14:21:42.9701404Z   DATABASE_BACKUP_PATH: /home/runner/work/_temp/novel-ci-backend-postgres-shard-0.2SHeSR/project/.runtime/ci-backend/data/database-backups
2026-10-09T14:21:42.9702323Z   KNOWLEDGE_SOURCE_PATH: /home/runner/work/_temp/novel-ci-backend-postgres-shard-0.2SHeSR/project/.runtime/ci-backend/data/novels
2026-10-09T14:21:42.9703130Z   CI_V2_RUNTIME: /home/runner/work/_temp/novel-ci-backend-postgres-shard-0.2SHeSR/project/.runtime/ci-backend
2026-10-09T14:21:42.9703867Z   R2_TEST_FONT_FILE: /home/runner/work/_temp/novel-ci-backend-postgres-shard-0.2SHeSR/fonts/NotoSansSC-Regular.ttf
2026-10-09T14:21:42.9704375Z ##[endgroup]
2026-10-09T14:21:54.1243662Z ........................................................................ [ 41%]
2026-10-09T14:21:54.4736654Z ........................................................................ [ 82%]
2026-10-09T14:21:56.6838916Z ..............................                                           [100%]
2026-10-09T14:21:56.6840345Z - generated xml file: /home/runner/work/_temp/novel-ci-backend-postgres-shard-0.2SHeSR/receipts/coverage-harness.xml -
2026-10-09T14:21:56.6841197Z 174 passed in 12.81s
2026-10-09T14:21:56.7199829Z ##[group]Run set -o pipefail
2026-10-09T14:21:56.7200180Z [36;1mset -o pipefail[0m
2026-10-09T14:21:56.7200904Z [36;1mPYTHONPATH="$CI_PROJECT/.github/ci:$CI_PROJECT" python -m pytest -p postgres_gate -p suite_coverage -p no:cacheprovider --basetemp="$CI_V2_RUNTIME/pytest" -q -ra --tb=short \[0m
2026-10-09T14:21:56.7201787Z [36;1m  --ci-coverage-manifest=.github/ci/coverage_manifest_v2.json.gz \[0m
2026-10-09T14:21:56.7202280Z [36;1m  --ci-scope=backend --ci-shard-index=0 --ci-shard-count=2 \[0m
2026-10-09T14:21:56.7202899Z [36;1m  --ci-coverage-dir="$CI_RECEIPTS" --junitxml="$CI_RECEIPTS/backend.xml" 2>&1 | tee "$CI_RECEIPTS/backend.log"[0m
2026-10-09T14:21:56.7266005Z shell: /usr/bin/bash -e {0}
2026-10-09T14:21:56.7266254Z env:
2026-10-09T14:21:56.7266442Z   MOCK_PROVIDER: true
2026-10-09T14:21:56.7266671Z   MOCK_STREAM_DELAY_MS: 0
2026-10-09T14:21:56.7266905Z   ENABLE_CLOUD: false
2026-10-09T14:21:56.7267137Z   CREDENTIAL_VAULT_BACKEND: memory
2026-10-09T14:21:56.7267463Z   CREDENTIAL_VAULT_ALLOW_MEMORY_FALLBACK: true
2026-10-09T14:21:56.7267766Z   PYTHONDONTWRITEBYTECODE: 1
2026-10-09T14:21:56.7268012Z   HF_HUB_OFFLINE: 1
2026-10-09T14:21:56.7268214Z   TRANSFORMERS_OFFLINE: 1
2026-10-09T14:21:56.7268492Z   pythonLocation: /opt/hostedtoolcache/Python/3.12.9/x64
2026-10-09T14:21:56.7268904Z   PKG_CONFIG_PATH: /opt/hostedtoolcache/Python/3.12.9/x64/lib/pkgconfig
2026-10-09T14:21:56.7269523Z   Python_ROOT_DIR: /opt/hostedtoolcache/Python/3.12.9/x64
2026-10-09T14:21:56.7269907Z   Python2_ROOT_DIR: /opt/hostedtoolcache/Python/3.12.9/x64
2026-10-09T14:21:56.7270283Z   Python3_ROOT_DIR: /opt/hostedtoolcache/Python/3.12.9/x64
2026-10-09T14:21:56.7270654Z   LD_LIBRARY_PATH: /opt/hostedtoolcache/Python/3.12.9/x64/lib
2026-10-09T14:21:56.7271030Z   CI_COVERAGE_SHA: 99c43b6892038233c390be2ae61acb669163d0b5
2026-10-09T14:21:56.7271394Z   CI_COVERAGE_TREE: 69d69ffe71838263069d164a0a07b39b5f4a4333
2026-10-09T14:21:56.7271854Z   CI_SANDBOX: /home/runner/work/_temp/novel-ci-backend-postgres-shard-0.2SHeSR
2026-10-09T14:21:56.7272583Z   CI_PROJECT: /home/runner/work/_temp/novel-ci-backend-postgres-shard-0.2SHeSR/project
2026-10-09T14:21:56.7273154Z   CI_RECEIPTS: /home/runner/work/_temp/novel-ci-backend-postgres-shard-0.2SHeSR/receipts
2026-10-09T14:21:56.7273808Z   HOME: /home/runner/work/_temp/novel-ci-backend-postgres-shard-0.2SHeSR/project/.runtime/ci-backend/home
2026-10-09T14:21:56.7274560Z   USERPROFILE: /home/runner/work/_temp/novel-ci-backend-postgres-shard-0.2SHeSR/project/.runtime/ci-backend/home
2026-10-09T14:21:56.7275326Z   APPDATA: /home/runner/work/_temp/novel-ci-backend-postgres-shard-0.2SHeSR/project/.runtime/ci-backend/appdata
2026-10-09T14:21:56.7276134Z   LOCALAPPDATA: /home/runner/work/_temp/novel-ci-backend-postgres-shard-0.2SHeSR/project/.runtime/ci-backend/localappdata
2026-10-09T14:21:56.7276958Z   XDG_CONFIG_HOME: /home/runner/work/_temp/novel-ci-backend-postgres-shard-0.2SHeSR/project/.runtime/ci-backend/config
2026-10-09T14:21:56.7277757Z   XDG_CACHE_HOME: /home/runner/work/_temp/novel-ci-backend-postgres-shard-0.2SHeSR/project/.runtime/ci-backend/cache
2026-10-09T14:21:56.7278526Z   XDG_DATA_HOME: /home/runner/work/_temp/novel-ci-backend-postgres-shard-0.2SHeSR/project/.runtime/ci-backend/data
2026-10-09T14:21:56.7279531Z   XDG_STATE_HOME: /home/runner/work/_temp/novel-ci-backend-postgres-shard-0.2SHeSR/project/.runtime/ci-backend/state
2026-10-09T14:21:56.7280297Z   TMPDIR: /home/runner/work/_temp/novel-ci-backend-postgres-shard-0.2SHeSR/project/.runtime/ci-backend/tmp
2026-10-09T14:21:56.7281032Z   TMP: /home/runner/work/_temp/novel-ci-backend-postgres-shard-0.2SHeSR/project/.runtime/ci-backend/tmp
2026-10-09T14:21:56.7281735Z   TEMP: /home/runner/work/_temp/novel-ci-backend-postgres-shard-0.2SHeSR/project/.runtime/ci-backend/tmp
2026-10-09T14:21:56.7282370Z   PROJECT_ROOT: /home/runner/work/_temp/novel-ci-backend-postgres-shard-0.2SHeSR/project
2026-10-09T14:21:56.7283254Z   NOVEL_DATA_PATH: /home/runner/work/_temp/novel-ci-backend-postgres-shard-0.2SHeSR/project/.runtime/ci-backend/data/novels
2026-10-09T14:21:56.7284129Z   BACKUP_PATH: /home/runner/work/_temp/novel-ci-backend-postgres-shard-0.2SHeSR/project/.runtime/ci-backend/data/backups
2026-10-09T14:21:56.7285028Z   DATABASE_BACKUP_PATH: /home/runner/work/_temp/novel-ci-backend-postgres-shard-0.2SHeSR/project/.runtime/ci-backend/data/database-backups
2026-10-09T14:21:56.7285944Z   KNOWLEDGE_SOURCE_PATH: /home/runner/work/_temp/novel-ci-backend-postgres-shard-0.2SHeSR/project/.runtime/ci-backend/data/novels
2026-10-09T14:21:56.7286738Z   CI_V2_RUNTIME: /home/runner/work/_temp/novel-ci-backend-postgres-shard-0.2SHeSR/project/.runtime/ci-backend
2026-10-09T14:21:56.7287474Z   R2_TEST_FONT_FILE: /home/runner/work/_temp/novel-ci-backend-postgres-shard-0.2SHeSR/fonts/NotoSansSC-Regular.ttf
2026-10-09T14:21:56.7287990Z   STORAGE_BACKEND: postgres
2026-10-09T14:21:56.7288465Z   DATABASE_URL: ***127.0.0.1:5432/novel_ci
2026-10-09T14:21:56.7289026Z   TEST_POSTGRES_DATABASE_URL: ***127.0.0.1:5432/novel_ci
2026-10-09T14:21:56.7289517Z ##[endgroup]
2026-10-09T14:22:32.2418198Z ss...s.ss...sssss..sssssssss....sssss.......ssssssssss......ss..s.ssss.. [  1%]
2026-10-09T14:22:41.4744970Z ..sss..ss..s.s..ss....ss.s..ss..sss..sss...ss..ss..sss..s...ss..ss...sss [  2%]
2026-10-09T14:22:50.6411815Z ss.s.s.....ssss..s..ss......ss..........s.ssss...s.s.sss................ [  4%]
2026-10-09T14:22:52.3983604Z ........................................................................ [  5%]
2026-10-09T14:22:53.3662441Z ........s........s..ssss..........................s..................... [  7%]
2026-10-09T14:23:03.0982814Z .............................ssssssssssssss..............s.............. [  8%]
2026-10-09T14:23:05.3759713Z .................................................ss..................... [  9%]
2026-10-09T14:23:09.6953640Z ........................................................................ [ 11%]
2026-10-09T14:23:10.5418512Z ........................................................................ [ 12%]
2026-10-09T14:24:25.6059899Z ..................................................................sssss. [ 14%]
2026-10-09T14:30:07.9375276Z ....s.s.s.sss.ss.s.ss.sss....s..s.ss.ss.s.s.s..s.sssss....s..........ss. [ 15%]
2026-10-09T14:30:14.3699538Z ...s....s............................................................... [ 16%]
2026-10-09T14:30:15.2025855Z ......ssss..........s................................................... [ 18%]
2026-10-09T14:30:31.0916855Z ........................................................................ [ 19%]
2026-10-09T14:30:41.4494101Z ........................................................................ [ 21%]
2026-10-09T14:30:52.9647390Z ........................................................................ [ 22%]
2026-10-09T14:31:13.0948659Z ..ss....ssss..sss..s.ss..s..s..sss..s..sss..s..s...ss...ss..ss....sss.s. [ 24%]
2026-10-09T14:31:34.8049876Z sss...ss.ss..ss..ss.s..ss.s..s..s..s...s..s..sss..s...ss.ss.ss.....ss.ss [ 25%]
2026-10-09T14:33:48.9293510Z ..ss.ss.s.ss.sss...s..s..s.s.s..ss.s...sss..s..s...s..ss.s.ss.s.s..s.... [ 26%]
2026-10-09T14:34:20.7385461Z ss.ss.....ss.ss.ss.s..ss..sss.ss.sssss....ss....ss.......s.ss.s.....s... [ 28%]
2026-10-09T14:35:23.3936904Z ...s.s.s..ss..sssssss....s...s..ssss...ss.ssssss..s.s...s.ssss.......... [ 29%]
2026-10-09T14:35:37.3527514Z sss.ss.ss..sss...s.ss..ss..s.s.......................................... [ 31%]
2026-10-09T14:35:39.7261624Z .s...................................................................... [ 32%]
2026-10-09T14:35:42.2907676Z ........................................................................ [ 33%]
2026-10-09T14:35:43.6266766Z ........................................................................ [ 35%]
2026-10-09T14:35:55.9993662Z ..................s......s.s.s.....ss.s.s............................... [ 36%]
2026-10-09T14:36:17.1210619Z ..s.s..s.s.s.s..s.sss.s...ss.s.s.s.s......s.ssss.....s.ss..s.s.s.s.s.s.. [ 38%]
2026-10-09T14:36:28.5324262Z s.s............................s.s..ss.s.ss...........s.ss.....ssssss.s. [ 39%]
2026-10-09T14:37:37.0291615Z ..sss......sss.ss.s.s..sss.ss.ssss......ss...ss....s.s.s.sss.s.ss...s.s. [ 41%]
2026-10-09T14:37:45.7550336Z ss..ssss..sssssss.....ss.ss.s.s....s.s....s..sssss...s.s..s...ss..ss..ss [ 42%]
2026-10-09T14:38:16.7816097Z ..ssss.ss.ssssssssssss...........sss.s.ssss..s.ss...ss..s.sss.s.sssss... [ 43%]
2026-10-09T14:38:38.3322175Z ...ss..s.s..sss.s...ss.s.sss..........s.ss.ss.s.s.s..ss..ss...ss...s..ss [ 45%]
2026-10-09T14:39:02.8169491Z .s.ss.....s.ss........s..s.s.ss.s..s...ss...sss.......s.ss..ss..s.s.s..s [ 46%]
2026-10-09T14:39:22.5514644Z s.ssss.ss..s.ss.s...s.s.ss..s....s...s..sss.ssss..ss.................... [ 48%]
2026-10-09T14:39:35.2654510Z ....s.s.s...ss.s..s.ss...ssss..s....sss.s......ssss.s.s.s.s..ss.ssss.s.. [ 49%]
2026-10-09T14:39:50.1618376Z sss.ss...ss...s.s..s.ss.s.s.sss.ss.s....sss.s.sss.s.ssssss.........s..ss [ 50%]
2026-10-09T14:42:24.0479664Z .s.ssssssssssss...............s.s......ss..ss..ss.s.s.....sss....ss..s.s [ 52%]
2026-10-09T14:42:33.6807367Z s.s...sssss..s.ss.s..ss.ss.ssss..........s..s..s..s.s.s.s.s...sss....s.. [ 53%]
2026-10-09T14:42:48.2895102Z ss...s.s.s.ss.s.s.s.ss.ss....sss.s.s.s.s..s.sssss.....s.sss........s...s [ 55%]
2026-10-09T14:43:18.3667666Z .ss.s.ss....s.s...s...s.s...ssssssss.ssssss....sss......s...ss...s.s.... [ 56%]
2026-10-09T14:43:34.7431651Z ..........ss..s.ss..ss...sss..s..ss.s.ss..s.s.s.s....s.s.......s.ss....s [ 58%]
2026-10-09T14:44:14.4193590Z s..ss..ss.ssss.s.ss..s.s.s.s.ss.ss...sss.s..s...s..s..sss.s.s.s..ss..s.s [ 59%]
2026-10-09T14:44:33.2590286Z s..s.ssss..s..s.s.sss...s..ss.....ss.s..s...s.s..s.ssss.ss..sssssss....s [ 60%]
2026-10-09T14:45:20.6588872Z ss..ss.s..ss...s.s.s.ss........sss.s.ssssss.s.ss..s.....s.ss.s....s..sss [ 62%]
2026-10-09T14:45:46.1505790Z ss..ss.s.....s...s....ss..................s...ss........................ [ 63%]
2026-10-09T14:46:38.4422174Z ssssssssssssss.............ssss...ss.s..s....s..s.s.ss..s.ssss....ssssss [ 65%]
2026-10-09T14:46:42.4875139Z sssssssssssssssssssssssssssss..............................ssssssssss... [ 66%]
2026-10-09T14:46:49.0896214Z ....ssss......sss...ssssssssss....ss...s.s.s.ss.ssss........sss..s.sssss [ 67%]
2026-10-09T14:47:40.1544435Z sssssssssssssssssssssss....................................sssssssssssss [ 69%]
2026-10-09T14:48:18.4843313Z ssssssssssssssssss......................................ssssssssssssssss [ 70%]
2026-10-09T14:49:18.1714493Z ss...............ssss......ssssss........ssssss.........ssssssss..s.ssss [ 72%]
2026-10-09T14:52:52.5201168Z ssssssssssssssssssssssssssssssssss...................................... [ 73%]
2026-10-09T14:53:28.4554256Z ..ssss.......ssssssssssssssssss.................ssssssss....ssssssssssss [ 74%]
2026-10-09T14:56:09.8864624Z ssssssssssss......................ssssss............................sss. [ 76%]
2026-10-09T14:56:40.4948589Z .s....s.s.ss.s.sss.s.s..s..s.sss.....sss....ss.s.sssss.ssss.....s.s....s [ 77%]
2026-10-09T14:58:58.7270339Z .s....ss.ss..sss..s.s...ss..ss..ssssss...sss..ssssss.......ss.s.ss.....s [ 79%]
2026-10-09T15:00:16.3560541Z sss...sss..sss...ss...sssssss......sssss......ssss...s..ss....ss..ss..ss [ 80%]
2026-10-09T15:01:13.8411946Z .s..s.s..s.s.ss..s...ss....ssss....s..ss.ss...ss...s..ss.......ss....sss [ 82%]
2026-10-09T15:01:35.0998901Z s..sssss........sssss.....sss..sss..sss..ss.s...sss.s.ss..sssss....s..s. [ 83%]
2026-10-09T15:02:08.1143294Z .sss...s...ss.sss.ss.ssss.s.....s.s.s.s.s.s.ss.....ss..s..ssss....s....s [ 84%]
2026-10-09T15:04:02.1863607Z s....s.ss.s.ss..s.s.ss.ss..s.s.s.s.s.....sss..ss....ss..s....sss.s.ss.ss [ 86%]
2026-10-09T15:04:33.0774915Z ....s...s..sss..s..s.sss.ss.s.ssss.ss..ssss.........ss..ss.s..ssssssss.. [ 87%]
2026-10-09T15:05:04.0915430Z ...s..s..s.ss..s..s.s..ss..ss..s.ss.s.sss...ss.s.ssss....s.ss.s......... [ 89%]
2026-10-09T15:05:10.2335733Z ......................................sssss...s..ss.sssssss.......ss...s [ 90%]
2026-10-09T15:05:37.9584316Z .s.ssssssss.ss.s.s.s..s..s.ss.sss.s.ssss..s..s.sss..s.s.s..ss.ss..s..sss [ 91%]
2026-10-09T15:06:13.4250476Z ...ss.s.s............................................................... [ 93%]
2026-10-09T15:06:22.7470048Z ..................................................s.s.s.s...s..s.s.s.sss [ 94%]
2026-10-09T15:08:15.7896727Z ssss....ss.s.s.s....ssssss..s...ss.s...sssss......ss....s....ss.s..s.s.. [ 96%]
2026-10-09T15:08:25.7593107Z s.s.s....ss..ss.ss.ss...sssss....s.sssssssssss....sss...ss.s..s.ss.s.... [ 97%]
2026-10-09T15:08:46.0715243Z ss.s....s....s..sss.s.....s.ss.ss..sss.....s..ss..s.ss..........sss.s... [ 99%]
2026-10-09T15:08:48.8539828Z .s...sssss....s..............................s.s.                        [100%]
2026-10-09T15:08:48.8541797Z =============================== warnings summary ===============================
2026-10-09T15:08:48.8543135Z ../../../../../../opt/hostedtoolcache/Python/3.12.9/x64/lib/python3.12/site-packages/fastapi/testclient.py:1
2026-10-09T15:08:48.8545108Z   /opt/hostedtoolcache/Python/3.12.9/x64/lib/python3.12/site-packages/fastapi/testclient.py:1: StarletteDeprecationWarning: Using `httpx` with `starlette.testclient` is deprecated; install `httpx2` instead.
2026-10-09T15:08:48.8546286Z     from starlette.testclient import TestClient as TestClient  # noqa
2026-10-09T15:08:48.8546594Z 
2026-10-09T15:08:48.8546950Z tests/test_r4_incremental_search.py::test_large_project_warm_search_does_not_project_manuscript[postgres]
2026-10-09T15:08:48.8548100Z   tests/test_r4_incremental_search.py:206: PytestWarning: record_property is incompatible with junit_family 'xunit2' (use 'legacy' or 'xunit1')
2026-10-09T15:08:48.8549002Z     def test_large_project_warm_search_does_not_project_manuscript(source_env, monkeypatch, record_property):
2026-10-09T15:08:48.8549855Z 
2026-10-09T15:08:48.8550224Z tests/test_r4_portable_batches.py::test_media_flag_revocation_hides_only_dependent_batch_and_export_cache[postgres]
2026-10-09T15:08:48.8552325Z   /home/runner/work/_temp/novel-ci-backend-postgres-shard-0.2SHeSR/project/app/experimental/ux.py:159: DocumentProjectionWarning: Editor coordinate projection excludes non-text media; export projection retains media descriptions and omission markers.
2026-10-09T15:08:48.8553930Z     return plain_text(document)
2026-10-09T15:08:48.8554099Z 
2026-10-09T15:08:48.8554326Z -- Docs: https://docs.pytest.org/en/stable/how-to/capture-warnings.html
2026-10-09T15:08:48.8554972Z - generated xml file: /home/runner/work/_temp/novel-ci-backend-postgres-shard-0.2SHeSR/receipts/backend.xml -
2026-10-09T15:08:48.8555555Z =========================== short test summary info ============================
2026-10-09T15:08:48.8556175Z SKIPPED [5] tests/test_a43_context_identity.py: File-backend implementation contract; covered by the default/File full suite
2026-10-09T15:08:48.8557015Z SKIPPED [2] tests/test_a43_context_identity.py:133: File-backend implementation contract; covered by the default/File full suite
2026-10-09T15:08:48.8557839Z SKIPPED [3] tests/test_a43_context_identity.py:178: File-backend implementation contract; covered by the default/File full suite
2026-10-09T15:08:48.8558695Z SKIPPED [2] tests/test_a43_drive_prefix_identity.py:16: File-backend implementation contract; covered by the default/File full suite
2026-10-09T15:08:48.8559801Z SKIPPED [2] tests/test_a43_drive_prefix_identity.py:38: File-backend implementation contract; covered by the default/File full suite
2026-10-09T15:08:48.8560647Z SKIPPED [1] tests/test_a43_drive_prefix_identity.py:51: File-backend implementation contract; covered by the default/File full suite
2026-10-09T15:08:48.8561476Z SKIPPED [4] tests/test_a43_duplicate_heading.py:44: File-backend implementation contract; covered by the default/File full suite
2026-10-09T15:08:48.8562291Z SKIPPED [5] tests/test_a43_duplicate_heading.py:64: File-backend implementation contract; covered by the default/File full suite
2026-10-09T15:08:48.8563108Z SKIPPED [10] tests/test_a43_file_identity.py: File-backend implementation contract; covered by the default/File full suite
2026-10-09T15:08:48.8564081Z SKIPPED [47] tests/test_a43_identity_references.py: File-backend implementation contract; covered by the default/File full suite
2026-10-09T15:08:48.8564934Z SKIPPED [3] tests/test_a43_identity_references.py:525: File-backend implementation contract; covered by the default/File full suite
2026-10-09T15:08:48.8565780Z SKIPPED [1] tests/test_a43_known_document_nodes.py:53: File-backend implementation contract; covered by the default/File full suite
2026-10-09T15:08:48.8566611Z SKIPPED [2] tests/test_a43_known_document_nodes.py:67: File-backend implementation contract; covered by the default/File full suite
2026-10-09T15:08:48.8567445Z SKIPPED [2] tests/test_a43_known_document_nodes.py:113: File-backend implementation contract; covered by the default/File full suite
2026-10-09T15:08:48.8568263Z SKIPPED [3] tests/test_a43_rich_document.py: File-backend implementation contract; covered by the default/File full suite
2026-10-09T15:08:48.8569270Z SKIPPED [4] tests/test_a43_rich_document.py:197: File-backend implementation contract; covered by the default/File full suite
2026-10-09T15:08:48.8570121Z SKIPPED [1] tests/test_a43_rich_document.py:261: File-backend implementation contract; covered by the default/File full suite
2026-10-09T15:08:48.8570966Z SKIPPED [2] tests/test_a43_rich_document.py:326: File-backend implementation contract; covered by the default/File full suite
2026-10-09T15:08:48.8571783Z SKIPPED [1] tests/test_context_intelligence.py:153: File-backend implementation contract; covered by the default/File full suite
2026-10-09T15:08:48.8572598Z SKIPPED [1] tests/test_context_pack_v2.py:103: File-backend implementation contract; covered by the default/File full suite
2026-10-09T15:08:48.8573383Z SKIPPED [1] tests/test_continuity_api.py:16: File-backend implementation contract; covered by the default/File full suite
2026-10-09T15:08:48.8574161Z SKIPPED [1] tests/test_continuity_api.py:24: File-backend implementation contract; covered by the default/File full suite
2026-10-09T15:08:48.8574937Z SKIPPED [1] tests/test_continuity_api.py:38: File-backend implementation contract; covered by the default/File full suite
2026-10-09T15:08:48.8575842Z SKIPPED [1] tests/test_continuity_api.py:49: File-backend implementation contract; covered by the default/File full suite
2026-10-09T15:08:48.8576540Z SKIPPED [1] tests/test_credential_vault.py:229: manual Windows Credential Manager integration only
2026-10-09T15:08:48.8577269Z SKIPPED [2] tests/test_file_project_lifecycle.py:67: File-backend implementation contract; covered by the default/File full suite
2026-10-09T15:08:48.8578104Z SKIPPED [4] tests/test_file_project_lifecycle.py:101: File-backend implementation contract; covered by the default/File full suite
2026-10-09T15:08:48.8578947Z SKIPPED [2] tests/test_file_project_lifecycle.py:169: File-backend implementation contract; covered by the default/File full suite
2026-10-09T15:08:48.8580042Z SKIPPED [3] tests/test_file_project_lifecycle.py: File-backend implementation contract; covered by the default/File full suite
2026-10-09T15:08:48.8580879Z SKIPPED [2] tests/test_file_project_lifecycle.py:327: File-backend implementation contract; covered by the default/File full suite
2026-10-09T15:08:48.8581719Z SKIPPED [1] tests/test_file_project_lifecycle.py:376: File-backend implementation contract; covered by the default/File full suite
2026-10-09T15:08:48.8582588Z SKIPPED [1] tests/test_generation_snapshot_runtime_v056.py:55: File-backend implementation contract; covered by the default/File full suite
2026-10-09T15:08:48.8583415Z SKIPPED [1] tests/test_jobs_v03.py:15: File-backend implementation contract; covered by the default/File full suite
2026-10-09T15:08:48.8584145Z SKIPPED [1] tests/test_jobs_v03.py:27: File-backend implementation contract; covered by the default/File full suite
2026-10-09T15:08:48.8584953Z SKIPPED [5] tests/test_local_interop_desktop_runtime.py:60: File-backend implementation contract; covered by the default/File full suite
2026-10-09T15:08:48.8585831Z SKIPPED [6] tests/test_local_interop_desktop_runtime.py: File-backend implementation contract; covered by the default/File full suite
2026-10-09T15:08:48.8586844Z SKIPPED [2] tests/test_local_interop_desktop_runtime.py:261: File-backend implementation contract; covered by the default/File full suite
2026-10-09T15:08:48.8587699Z SKIPPED [9] tests/test_local_interop_host.py: File-backend implementation contract; covered by the default/File full suite
2026-10-09T15:08:48.8588505Z SKIPPED [2] tests/test_local_interop_host.py:173: File-backend implementation contract; covered by the default/File full suite
2026-10-09T15:08:48.8589594Z SKIPPED [3] tests/test_local_interop_host.py:203: File-backend implementation contract; covered by the default/File full suite
2026-10-09T15:08:48.8590423Z SKIPPED [2] tests/test_local_interop_host.py:395: File-backend implementation contract; covered by the default/File full suite
2026-10-09T15:08:48.8591224Z SKIPPED [1] tests/test_local_interop_host.py:528: File-backend implementation contract; covered by the default/File full suite
2026-10-09T15:08:48.8592030Z SKIPPED [5] tests/test_local_interop_host.py:611: File-backend implementation contract; covered by the default/File full suite
2026-10-09T15:08:48.8592844Z SKIPPED [1] tests/test_lore_context_contract.py:78: File-backend implementation contract; covered by the default/File full suite
2026-10-09T15:08:48.8593666Z SKIPPED [1] tests/test_lore_context_contract.py:89: File-backend implementation contract; covered by the default/File full suite
2026-10-09T15:08:48.8594378Z SKIPPED [1] tests/test_lore_contract.py:79: Migration 004 is intentionally absent in Phase 1
2026-10-09T15:08:48.8595077Z SKIPPED [1] tests/test_memory_agent_contract.py:49: File-backend implementation contract; covered by the default/File full suite
2026-10-09T15:08:48.8595881Z SKIPPED [1] tests/test_narrative_api.py:8: File-backend implementation contract; covered by the default/File full suite
2026-10-09T15:08:48.8596656Z SKIPPED [1] tests/test_narrative_api.py:18: File-backend implementation contract; covered by the default/File full suite
2026-10-09T15:08:48.8597586Z SKIPPED [1] tests/test_narrative_context.py:29: File-backend implementation contract; covered by the default/File full suite
2026-10-09T15:08:48.8598382Z SKIPPED [1] tests/test_narrative_context.py:66: File-backend implementation contract; covered by the default/File full suite
2026-10-09T15:08:48.8599436Z SKIPPED [1] tests/test_narrative_progress_api.py:19: File-backend implementation contract; covered by the default/File full suite
2026-10-09T15:08:48.8600324Z SKIPPED [2] tests/test_post_interop_author_added_sources.py:87: File-backend implementation contract; covered by the default/File full suite
2026-10-09T15:08:48.8601237Z SKIPPED [4] tests/test_post_interop_author_added_sources.py:106: File-backend implementation contract; covered by the default/File full suite
2026-10-09T15:08:48.8602144Z SKIPPED [11] tests/test_post_interop_author_added_sources.py: File-backend implementation contract; covered by the default/File full suite
2026-10-09T15:08:48.8603032Z SKIPPED [5] tests/test_post_interop_creation_mounted.py: File-backend implementation contract; covered by the default/File full suite
2026-10-09T15:08:48.8603904Z SKIPPED [1] tests/test_post_interop_creation_tasks.py:9: File-backend implementation contract; covered by the default/File full suite
2026-10-09T15:08:48.8604768Z SKIPPED [2] tests/test_post_interop_creation_upgrade.py: File-backend implementation contract; covered by the default/File full suite
2026-10-09T15:08:48.8605681Z SKIPPED [2] tests/test_post_interop_embedding_feature_isolation.py:54: File-backend implementation contract; covered by the default/File full suite
2026-10-09T15:08:48.8606644Z SKIPPED [2] tests/test_post_interop_embedding_feature_isolation.py:76: File-backend implementation contract; covered by the default/File full suite
2026-10-09T15:08:48.8607603Z SKIPPED [2] tests/test_post_interop_embedding_feature_isolation.py:99: File-backend implementation contract; covered by the default/File full suite
2026-10-09T15:08:48.8608634Z SKIPPED [8] tests/test_post_interop_extended_mounted.py: File-backend implementation contract; covered by the default/File full suite
2026-10-09T15:08:48.8609737Z SKIPPED [3] tests/test_post_interop_extended_mounted.py:51: File-backend implementation contract; covered by the default/File full suite
2026-10-09T15:08:48.8610628Z SKIPPED [2] tests/test_post_interop_interactive_history.py: File-backend implementation contract; covered by the default/File full suite
2026-10-09T15:08:48.8611516Z SKIPPED [6] tests/test_post_interop_media_continuation.py: File-backend implementation contract; covered by the default/File full suite
2026-10-09T15:08:48.8612392Z SKIPPED [1] tests/test_post_interop_media_visibility.py: File-backend implementation contract; covered by the default/File full suite
2026-10-09T15:08:48.8613264Z SKIPPED [1] tests/test_post_interop_media_visibility.py:125: File-backend implementation contract; covered by the default/File full suite
2026-10-09T15:08:48.8614156Z SKIPPED [1] tests/test_post_interop_media_visibility.py:158: File-backend implementation contract; covered by the default/File full suite
2026-10-09T15:08:48.8615041Z SKIPPED [3] tests/test_post_interop_revision_compare.py:40: File-backend implementation contract; covered by the default/File full suite
2026-10-09T15:08:48.8615919Z SKIPPED [1] tests/test_post_interop_revision_compare.py:50: File-backend implementation contract; covered by the default/File full suite
2026-10-09T15:08:48.8616781Z SKIPPED [4] tests/test_post_interop_revision_compare.py: File-backend implementation contract; covered by the default/File full suite
2026-10-09T15:08:48.8617636Z SKIPPED [9] tests/test_post_interop_revision_model.py: File-backend implementation contract; covered by the default/File full suite
2026-10-09T15:08:48.8618480Z SKIPPED [6] tests/test_post_interop_scene_mind.py: File-backend implementation contract; covered by the default/File full suite
2026-10-09T15:08:48.8619526Z SKIPPED [3] tests/test_post_interop_scene_mind.py:85: File-backend implementation contract; covered by the default/File full suite
2026-10-09T15:08:48.8620512Z SKIPPED [1] tests/test_post_interop_scene_mind.py:174: File-backend implementation contract; covered by the default/File full suite
2026-10-09T15:08:48.8621372Z SKIPPED [4] tests/test_post_interop_shared_universe.py: File-backend implementation contract; covered by the default/File full suite
2026-10-09T15:08:48.8622236Z SKIPPED [2] tests/test_post_interop_shared_universe.py:97: File-backend implementation contract; covered by the default/File full suite
2026-10-09T15:08:48.8623115Z SKIPPED [4] tests/test_post_interop_structured_search.py: File-backend implementation contract; covered by the default/File full suite
2026-10-09T15:08:48.8623959Z SKIPPED [5] tests/test_post_interop_style_judge.py: File-backend implementation contract; covered by the default/File full suite
2026-10-09T15:08:48.8624815Z SKIPPED [2] tests/test_post_interop_style_judge_mounted.py: File-backend implementation contract; covered by the default/File full suite
2026-10-09T15:08:48.8625672Z SKIPPED [16] tests/test_post_interop_style_model.py: File-backend implementation contract; covered by the default/File full suite
2026-10-09T15:08:48.8626521Z SKIPPED [2] tests/test_post_interop_style_model.py:112: File-backend implementation contract; covered by the default/File full suite
2026-10-09T15:08:48.8627363Z SKIPPED [3] tests/test_post_interop_style_model.py:227: File-backend implementation contract; covered by the default/File full suite
2026-10-09T15:08:48.8628198Z SKIPPED [4] tests/test_post_interop_task_reopen.py:16: File-backend implementation contract; covered by the default/File full suite
2026-10-09T15:08:48.8629031Z SKIPPED [2] tests/test_post_interop_task_reopen.py: File-backend implementation contract; covered by the default/File full suite
2026-10-09T15:08:48.8630146Z SKIPPED [3] tests/test_post_interop_translation_memory.py: File-backend implementation contract; covered by the default/File full suite
2026-10-09T15:08:48.8631135Z SKIPPED [3] tests/test_post_interop_wave3_broker.py: File-backend implementation contract; covered by the default/File full suite
2026-10-09T15:08:48.8631998Z SKIPPED [1] tests/test_post_interop_wave3_broker.py:36: File-backend implementation contract; covered by the default/File full suite
2026-10-09T15:08:48.8632851Z SKIPPED [4] tests/test_post_interop_wave3_research.py: File-backend implementation contract; covered by the default/File full suite
2026-10-09T15:08:48.8633743Z SKIPPED [6] tests/test_post_interop_wave5_templates_sdk_comics.py: File-backend implementation contract; covered by the default/File full suite
2026-10-09T15:08:48.8634688Z SKIPPED [7] tests/test_post_interop_wave5_templates_sdk_comics.py:77: File-backend implementation contract; covered by the default/File full suite
2026-10-09T15:08:48.8635636Z SKIPPED [3] tests/test_post_interop_wave5_templates_sdk_comics.py:217: File-backend implementation contract; covered by the default/File full suite
2026-10-09T15:08:48.8636536Z SKIPPED [9] tests/test_post_interop_workspace_ux.py: File-backend implementation contract; covered by the default/File full suite
2026-10-09T15:08:48.8637386Z SKIPPED [4] tests/test_post_interop_workspace_ux.py:206: File-backend implementation contract; covered by the default/File full suite
2026-10-09T15:08:48.8638252Z SKIPPED [3] tests/test_project_authority_validation.py:75: File-backend implementation contract; covered by the default/File full suite
2026-10-09T15:08:48.8639330Z SKIPPED [8] tests/test_project_authority_validation.py: File-backend implementation contract; covered by the default/File full suite
2026-10-09T15:08:48.8640212Z SKIPPED [1] tests/test_project_authority_validation.py:123: File-backend implementation contract; covered by the default/File full suite
2026-10-09T15:08:48.8641090Z SKIPPED [3] tests/test_project_authority_validation.py:133: File-backend implementation contract; covered by the default/File full suite
2026-10-09T15:08:48.8641970Z SKIPPED [2] tests/test_project_authority_validation.py:155: File-backend implementation contract; covered by the default/File full suite
2026-10-09T15:08:48.8642886Z SKIPPED [1] tests/test_provider_runtime_v2_host_hardware_inventory.py:407: real Windows native acceptance
2026-10-09T15:08:48.8643648Z SKIPPED [3] tests/test_r3_audiobook_preparation.py: File-backend implementation contract; covered by the default/File full suite
2026-10-09T15:08:48.8644477Z SKIPPED [5] tests/test_r3_embedding_contracts.py: File-backend implementation contract; covered by the default/File full suite
2026-10-09T15:08:48.8645300Z SKIPPED [2] tests/test_r3_media_workflows.py: File-backend implementation contract; covered by the default/File full suite
2026-10-09T15:08:48.8646092Z SKIPPED [9] tests/test_r3_mounted_contracts.py: File-backend implementation contract; covered by the default/File full suite
2026-10-09T15:08:48.8646871Z SKIPPED [6] tests/test_r3_planning.py: File-backend implementation contract; covered by the default/File full suite
2026-10-09T15:08:48.8647625Z SKIPPED [6] tests/test_r3_team_recipes.py: File-backend implementation contract; covered by the default/File full suite
2026-10-09T15:08:48.8648412Z SKIPPED [4] tests/test_r3_team_recipes.py:112: File-backend implementation contract; covered by the default/File full suite
2026-10-09T15:08:48.8649370Z SKIPPED [6] tests/test_r3_world.py: File-backend implementation contract; covered by the default/File full suite
2026-10-09T15:08:48.8650178Z SKIPPED [7] tests/test_r4_author_scope_variants_mounted.py: File-backend implementation contract; covered by the default/File full suite
2026-10-09T15:08:48.8651054Z SKIPPED [3] tests/test_r4_author_source_items_mounted.py: File-backend implementation contract; covered by the default/File full suite
2026-10-09T15:08:48.8651906Z SKIPPED [7] tests/test_r4_author_task_projection.py: File-backend implementation contract; covered by the default/File full suite
2026-10-09T15:08:48.8652757Z SKIPPED [3] tests/test_r4_author_task_projection.py:179: File-backend implementation contract; covered by the default/File full suite
2026-10-09T15:08:48.8653822Z SKIPPED [11] tests/test_r4_batch_admission.py: File-backend implementation contract; covered by the default/File full suite
2026-10-09T15:08:48.8654651Z SKIPPED [3] tests/test_r4_batch_admission_mounted.py: File-backend implementation contract; covered by the default/File full suite
2026-10-09T15:08:48.8655690Z SKIPPED [2] tests/test_r4_broker_cancel_dispatch.py: File-backend implementation contract; covered by the default/File full suite
2026-10-09T15:08:48.8656839Z SKIPPED [4] tests/test_r4_broker_mounted.py: File-backend implementation contract; covered by the default/File full suite
2026-10-09T15:08:48.8657621Z SKIPPED [8] tests/test_r4_change_impact.py: File-backend implementation contract; covered by the default/File full suite
2026-10-09T15:08:48.8658420Z SKIPPED [1] tests/test_r4_change_impact_mounted.py: File-backend implementation contract; covered by the default/File full suite
2026-10-09T15:08:48.8659463Z SKIPPED [2] tests/test_r4_character_author_api.py: File-backend implementation contract; covered by the default/File full suite
2026-10-09T15:08:48.8660315Z SKIPPED [2] tests/test_r4_character_author_api.py:81: File-backend implementation contract; covered by the default/File full suite
2026-10-09T15:08:48.8661145Z SKIPPED [4] tests/test_r4_character_author_api.py:93: File-backend implementation contract; covered by the default/File full suite
2026-10-09T15:08:48.8661982Z SKIPPED [4] tests/test_r4_character_author_context.py: File-backend implementation contract; covered by the default/File full suite
2026-10-09T15:08:48.8662845Z SKIPPED [5] tests/test_r4_character_author_context.py:70: File-backend implementation contract; covered by the default/File full suite
2026-10-09T15:08:48.8663703Z SKIPPED [2] tests/test_r4_character_author_context.py:97: File-backend implementation contract; covered by the default/File full suite
2026-10-09T15:08:48.8664562Z SKIPPED [1] tests/test_r4_character_author_dispatch.py: File-backend implementation contract; covered by the default/File full suite
2026-10-09T15:08:48.8665436Z SKIPPED [1] tests/test_r4_character_author_dispatch.py:110: File-backend implementation contract; covered by the default/File full suite
2026-10-09T15:08:48.8666412Z SKIPPED [2] tests/test_r4_director.py: File-backend implementation contract; covered by the default/File full suite
2026-10-09T15:08:48.8667213Z SKIPPED [3] tests/test_r4_director_exchange_mounted.py: File-backend implementation contract; covered by the default/File full suite
2026-10-09T15:08:48.8668072Z SKIPPED [4] tests/test_r4_director_exchange_mounted.py:72: File-backend implementation contract; covered by the default/File full suite
2026-10-09T15:08:48.8668911Z SKIPPED [14] tests/test_r4_first_use_mounted.py: File-backend implementation contract; covered by the default/File full suite
2026-10-09T15:08:48.8669981Z SKIPPED [2] tests/test_r4_first_use_mounted.py:144: File-backend implementation contract; covered by the default/File full suite
2026-10-09T15:08:48.8670837Z SKIPPED [10] tests/test_r4_generation_origin_guards.py:22: File-backend implementation contract; covered by the default/File full suite
2026-10-09T15:08:48.8671707Z SKIPPED [9] tests/test_r4_generation_origin_guards.py: File-backend implementation contract; covered by the default/File full suite
2026-10-09T15:08:48.8672581Z SKIPPED [2] tests/test_r4_generation_origin_regression.py:5: File-backend implementation contract; covered by the default/File full suite
2026-10-09T15:08:48.8673462Z SKIPPED [2] tests/test_r4_generation_origin_regression.py: File-backend implementation contract; covered by the default/File full suite
2026-10-09T15:08:48.8674304Z SKIPPED [6] tests/test_r4_incremental_search.py: File-backend implementation contract; covered by the default/File full suite
2026-10-09T15:08:48.8675138Z SKIPPED [1] tests/test_r4_incremental_search_mounted.py: File-backend implementation contract; covered by the default/File full suite
2026-10-09T15:08:48.8675978Z SKIPPED [2] tests/test_r4_judge_legacy_fence.py:12: File-backend implementation contract; covered by the default/File full suite
2026-10-09T15:08:48.8676897Z SKIPPED [15] tests/test_r4_judge_model.py: File-backend implementation contract; covered by the default/File full suite
2026-10-09T15:08:48.8677679Z SKIPPED [1] tests/test_r4_media_evidence.py: File-backend implementation contract; covered by the default/File full suite
2026-10-09T15:08:48.8678452Z SKIPPED [12] tests/test_r4_model_broker.py: File-backend implementation contract; covered by the default/File full suite
2026-10-09T15:08:48.8679505Z SKIPPED [1] tests/test_r4_mounted_inspection.py: File-backend implementation contract; covered by the default/File full suite
2026-10-09T15:08:48.8680343Z SKIPPED [6] tests/test_r4_mounted_workspaces.py: File-backend implementation contract; covered by the default/File full suite
2026-10-09T15:08:48.8681156Z SKIPPED [3] tests/test_r4_planning_authority.py: File-backend implementation contract; covered by the default/File full suite
2026-10-09T15:08:48.8681967Z SKIPPED [7] tests/test_r4_portable_batches.py: File-backend implementation contract; covered by the default/File full suite
2026-10-09T15:08:48.8682798Z SKIPPED [5] tests/test_r4_portable_batches_mounted.py: File-backend implementation contract; covered by the default/File full suite
2026-10-09T15:08:48.8683656Z SKIPPED [3] tests/test_r4_portable_batches_mounted.py:77: File-backend implementation contract; covered by the default/File full suite
2026-10-09T15:08:48.8684502Z SKIPPED [3] tests/test_r4_portable_maintenance.py: File-backend implementation contract; covered by the default/File full suite
2026-10-09T15:08:48.8685318Z SKIPPED [11] tests/test_r4_production_lineage.py: File-backend implementation contract; covered by the default/File full suite
2026-10-09T15:08:48.8686133Z SKIPPED [5] tests/test_r4_production_mounted.py: File-backend implementation contract; covered by the default/File full suite
2026-10-09T15:08:48.8686937Z SKIPPED [5] tests/test_r4_reader_sessions.py: File-backend implementation contract; covered by the default/File full suite
2026-10-09T15:08:48.8687735Z SKIPPED [1] tests/test_r4_reader_sessions.py:290: File-backend implementation contract; covered by the default/File full suite
2026-10-09T15:08:48.8688687Z SKIPPED [6] tests/test_r4_registered_local_media.py: File-backend implementation contract; covered by the default/File full suite
2026-10-09T15:08:48.8689653Z SKIPPED [2] tests/test_r4_registered_media_mounted.py: File-backend implementation contract; covered by the default/File full suite
2026-10-09T15:08:48.8690483Z SKIPPED [8] tests/test_r4_research_library.py: File-backend implementation contract; covered by the default/File full suite
2026-10-09T15:08:48.8691292Z SKIPPED [1] tests/test_r4_research_library.py:92: File-backend implementation contract; covered by the default/File full suite
2026-10-09T15:08:48.8692116Z SKIPPED [2] tests/test_r4_research_library_mounted.py: File-backend implementation contract; covered by the default/File full suite
2026-10-09T15:08:48.8692978Z SKIPPED [2] tests/test_r4_research_library_mounted.py:68: File-backend implementation contract; covered by the default/File full suite
2026-10-09T15:08:48.8693843Z SKIPPED [1] tests/test_r4_research_library_mounted.py:83: File-backend implementation contract; covered by the default/File full suite
2026-10-09T15:08:48.8694691Z SKIPPED [3] tests/test_r4_revision_intelligence.py:96: File-backend implementation contract; covered by the default/File full suite
2026-10-09T15:08:48.8695531Z SKIPPED [11] tests/test_r4_revision_intelligence.py: File-backend implementation contract; covered by the default/File full suite
2026-10-09T15:08:48.8696400Z SKIPPED [5] tests/test_r4_revision_intelligence_mounted.py: File-backend implementation contract; covered by the default/File full suite
2026-10-09T15:08:48.8697268Z SKIPPED [1] tests/test_r4_selection_author_binding.py: File-backend implementation contract; covered by the default/File full suite
2026-10-09T15:08:48.8698121Z SKIPPED [2] tests/test_r4_selection_author_binding.py:99: File-backend implementation contract; covered by the default/File full suite
2026-10-09T15:08:48.8699228Z SKIPPED [2] tests/test_r4_selection_author_binding.py:112: File-backend implementation contract; covered by the default/File full suite
2026-10-09T15:08:48.8700128Z SKIPPED [2] tests/test_r4_selection_author_binding.py:126: File-backend implementation contract; covered by the default/File full suite
2026-10-09T15:08:48.8700947Z SKIPPED [13] tests/test_r4_story_graph.py: File-backend implementation contract; covered by the default/File full suite
2026-10-09T15:08:48.8701742Z SKIPPED [4] tests/test_r4_story_graph_mounted.py: File-backend implementation contract; covered by the default/File full suite
2026-10-09T15:08:48.8702540Z SKIPPED [6] tests/test_r4_story_simulator.py: File-backend implementation contract; covered by the default/File full suite
2026-10-09T15:08:48.8703336Z SKIPPED [6] tests/test_r4_story_simulator.py:118: File-backend implementation contract; covered by the default/File full suite
2026-10-09T15:08:48.8704158Z SKIPPED [12] tests/test_r4_story_simulator_model.py: File-backend implementation contract; covered by the default/File full suite
2026-10-09T15:08:48.8705008Z SKIPPED [12] tests/test_r4_story_simulator_model.py:108: File-backend implementation contract; covered by the default/File full suite
2026-10-09T15:08:48.8705855Z SKIPPED [1] tests/test_r4_story_simulator_model.py:166: File-backend implementation contract; covered by the default/File full suite
2026-10-09T15:08:48.8706698Z SKIPPED [2] tests/test_r4_story_simulator_model.py:184: File-backend implementation contract; covered by the default/File full suite
2026-10-09T15:08:48.8707541Z SKIPPED [2] tests/test_r4_story_simulator_model.py:238: File-backend implementation contract; covered by the default/File full suite
2026-10-09T15:08:48.8708380Z SKIPPED [4] tests/test_r4_story_simulator_mounted.py: File-backend implementation contract; covered by the default/File full suite
2026-10-09T15:08:48.8709330Z SKIPPED [5] tests/test_r4_style_judge.py:87: File-backend implementation contract; covered by the default/File full suite
2026-10-09T15:08:48.8710235Z SKIPPED [7] tests/test_r4_style_judge.py: File-backend implementation contract; covered by the default/File full suite
2026-10-09T15:08:48.8711065Z SKIPPED [2] tests/test_r4_style_judge_mounted.py: File-backend implementation contract; covered by the default/File full suite
2026-10-09T15:08:48.8711877Z SKIPPED [3] tests/test_r4_style_judge_mounted.py:71: File-backend implementation contract; covered by the default/File full suite
2026-10-09T15:08:48.8712692Z SKIPPED [2] tests/test_r4_timeline_exchange.py: File-backend implementation contract; covered by the default/File full suite
2026-10-09T15:08:48.8713492Z SKIPPED [5] tests/test_r4_workspace_resume.py: File-backend implementation contract; covered by the default/File full suite
2026-10-09T15:08:48.8714302Z SKIPPED [1] tests/test_r4_workspace_resume.py:177: File-backend implementation contract; covered by the default/File full suite
2026-10-09T15:08:48.8715136Z SKIPPED [2] tests/test_r4_workspace_resume_mounted.py: File-backend implementation contract; covered by the default/File full suite
2026-10-09T15:08:48.8715966Z SKIPPED [5] tests/test_r4_workspace_tools.py: File-backend implementation contract; covered by the default/File full suite
2026-10-09T15:08:48.8716747Z SKIPPED [10] tests/test_r4_writing_focus.py: File-backend implementation contract; covered by the default/File full suite
2026-10-09T15:08:48.8717520Z SKIPPED [5] tests/test_r5_comic_layouts.py: File-backend implementation contract; covered by the default/File full suite
2026-10-09T15:08:48.8718314Z SKIPPED [3] tests/test_r5_comic_layouts.py:126: File-backend implementation contract; covered by the default/File full suite
2026-10-09T15:08:48.8719216Z SKIPPED [2] tests/test_r5_comic_mounted.py: File-backend implementation contract; covered by the default/File full suite
2026-10-09T15:08:48.8720001Z SKIPPED [5] tests/test_r5_comic_mounted.py:49: File-backend implementation contract; covered by the default/File full suite
2026-10-09T15:08:48.8720897Z SKIPPED [3] tests/test_r5_comic_mounted.py:68: File-backend implementation contract; covered by the default/File full suite
2026-10-09T15:08:48.8721722Z SKIPPED [1] tests/test_r5_declarative_job_bounds.py: File-backend implementation contract; covered by the default/File full suite
2026-10-09T15:08:48.8722540Z SKIPPED [12] tests/test_r5_declarative_model.py: File-backend implementation contract; covered by the default/File full suite
2026-10-09T15:08:48.8723344Z SKIPPED [7] tests/test_r5_declarative_mounted.py: File-backend implementation contract; covered by the default/File full suite
2026-10-09T15:08:48.8724169Z SKIPPED [6] tests/test_r5_declarative_templates.py: File-backend implementation contract; covered by the default/File full suite
2026-10-09T15:08:48.8725010Z SKIPPED [5] tests/test_r5_declarative_templates.py:91: File-backend implementation contract; covered by the default/File full suite
2026-10-09T15:08:48.8725863Z SKIPPED [3] tests/test_r5_declarative_templates.py:177: File-backend implementation contract; covered by the default/File full suite
2026-10-09T15:08:48.8726700Z SKIPPED [2] tests/test_r5_interactive_story.py:89: File-backend implementation contract; covered by the default/File full suite
2026-10-09T15:08:48.8727500Z SKIPPED [7] tests/test_r5_interactive_story.py: File-backend implementation contract; covered by the default/File full suite
2026-10-09T15:08:48.8728303Z SKIPPED [1] tests/test_r5_interactive_story.py:122: File-backend implementation contract; covered by the default/File full suite
2026-10-09T15:08:48.8729371Z SKIPPED [7] tests/test_r5_interactive_story_mounted.py: File-backend implementation contract; covered by the default/File full suite
2026-10-09T15:08:48.8730213Z SKIPPED [4] tests/test_r5_multilingual_editions.py: File-backend implementation contract; covered by the default/File full suite
2026-10-09T15:08:48.8731049Z SKIPPED [1] tests/test_r5_multilingual_editions.py:118: File-backend implementation contract; covered by the default/File full suite
2026-10-09T15:08:48.8732058Z SKIPPED [4] tests/test_r5_multilingual_editions_mounted.py: File-backend implementation contract; covered by the default/File full suite
2026-10-09T15:08:48.8732964Z SKIPPED [1] tests/test_r5_multilingual_editions_mounted.py:84: File-backend implementation contract; covered by the default/File full suite
2026-10-09T15:08:48.8733862Z SKIPPED [2] tests/test_r5_multilingual_editions_mounted.py:99: File-backend implementation contract; covered by the default/File full suite
2026-10-09T15:08:48.8734745Z SKIPPED [20] tests/test_r5_multilingual_translation.py: File-backend implementation contract; covered by the default/File full suite
2026-10-09T15:08:48.8735616Z SKIPPED [1] tests/test_r5_multilingual_translation.py:263: File-backend implementation contract; covered by the default/File full suite
2026-10-09T15:08:48.8736438Z SKIPPED [11] tests/test_r5_offline_sync.py: File-backend implementation contract; covered by the default/File full suite
2026-10-09T15:08:48.8737237Z SKIPPED [7] tests/test_r5_offline_sync_mounted.py: File-backend implementation contract; covered by the default/File full suite
2026-10-09T15:08:48.8738065Z SKIPPED [4] tests/test_r5_offline_sync_mounted.py:77: File-backend implementation contract; covered by the default/File full suite
2026-10-09T15:08:48.8738895Z SKIPPED [3] tests/test_r5_offline_sync_mounted.py:140: File-backend implementation contract; covered by the default/File full suite
2026-10-09T15:08:48.8739871Z SKIPPED [1] tests/test_r5_offline_sync_tcp.py:122: explicit real-loopback subprocess gate; not an in-process substitute
2026-10-09T15:08:48.8740654Z SKIPPED [2] tests/test_r5_pause_aware_audio.py: File-backend implementation contract; covered by the default/File full suite
2026-10-09T15:08:48.8741437Z SKIPPED [8] tests/test_r5_project_forks.py: File-backend implementation contract; covered by the default/File full suite
2026-10-09T15:08:48.8742210Z SKIPPED [1] tests/test_r5_project_forks.py:130: File-backend implementation contract; covered by the default/File full suite
2026-10-09T15:08:48.8743145Z SKIPPED [7] tests/test_r5_project_forks_mounted.py: File-backend implementation contract; covered by the default/File full suite
2026-10-09T15:08:48.8743978Z SKIPPED [5] tests/test_r5_project_forks_mounted.py:74: File-backend implementation contract; covered by the default/File full suite
2026-10-09T15:08:48.8744792Z SKIPPED [5] tests/test_r5_structured_forks.py: File-backend implementation contract; covered by the default/File full suite
2026-10-09T15:08:48.8745595Z SKIPPED [1] tests/test_r5_structured_forks.py:115: File-backend implementation contract; covered by the default/File full suite
2026-10-09T15:08:48.8746406Z SKIPPED [2] tests/test_r5_structured_forks.py:174: File-backend implementation contract; covered by the default/File full suite
2026-10-09T15:08:48.8747231Z SKIPPED [2] tests/test_r5_structured_forks_mounted.py: File-backend implementation contract; covered by the default/File full suite
2026-10-09T15:08:48.8748091Z SKIPPED [2] tests/test_r5_structured_forks_mounted.py:53: File-backend implementation contract; covered by the default/File full suite
2026-10-09T15:08:48.8748924Z SKIPPED [9] tests/test_r5_voice_subtitles.py: File-backend implementation contract; covered by the default/File full suite
2026-10-09T15:08:48.8749868Z SKIPPED [4] tests/test_r5_voice_subtitles.py:180: File-backend implementation contract; covered by the default/File full suite
2026-10-09T15:08:48.8750693Z SKIPPED [6] tests/test_r5_voice_subtitles_mounted.py: File-backend implementation contract; covered by the default/File full suite
2026-10-09T15:08:48.8751526Z SKIPPED [10] tests/test_r5_writer_room_mounted.py: File-backend implementation contract; covered by the default/File full suite
2026-10-09T15:08:48.8752361Z SKIPPED [2] tests/test_rc_packaged_default_chapter.py: File-backend implementation contract; covered by the default/File full suite
2026-10-09T15:08:48.8753768Z SKIPPED [1] tests/test_runtime_ownership_foundation_v070.py:173: Windows exclusive loopback port reservation is not executed on this platform. Missing socket.SO_EXCLUSIVEADDRUSE AttributeError on Linux is an implementation accident, not a documented unsupported-platform contract.
2026-10-09T15:08:48.8755144Z SKIPPED [1] tests/test_runtime_ownership_foundation_v070.py:295: Windows Job Object contract
2026-10-09T15:08:48.8755750Z SKIPPED [1] tests/test_runtime_ownership_foundation_v070.py:309: Windows process identity contract
2026-10-09T15:08:48.8756540Z SKIPPED [14] tests/test_shared_generation_stream_authority.py:262: File-backend implementation contract; covered by the default/File full suite
2026-10-09T15:08:48.8757474Z SKIPPED [4] tests/test_shared_generation_stream_authority.py:292: File-backend implementation contract; covered by the default/File full suite
2026-10-09T15:08:48.8758393Z SKIPPED [10] tests/test_shared_generation_stream_authority.py: File-backend implementation contract; covered by the default/File full suite
2026-10-09T15:08:48.8759427Z SKIPPED [4] tests/test_shared_generation_stream_authority.py:513: File-backend implementation contract; covered by the default/File full suite
2026-10-09T15:08:48.8760362Z SKIPPED [35] tests/test_shared_generation_terminal_protocol.py:82: File-backend implementation contract; covered by the default/File full suite
2026-10-09T15:08:48.8761293Z SKIPPED [10] tests/test_shared_generation_terminal_protocol.py:108: File-backend implementation contract; covered by the default/File full suite
2026-10-09T15:08:48.8762226Z SKIPPED [4] tests/test_shared_generation_terminal_protocol.py:158: File-backend implementation contract; covered by the default/File full suite
2026-10-09T15:08:48.8763153Z SKIPPED [3] tests/test_shared_generation_terminal_protocol.py:175: File-backend implementation contract; covered by the default/File full suite
2026-10-09T15:08:48.8764080Z SKIPPED [10] tests/test_shared_generation_terminal_protocol.py:196: File-backend implementation contract; covered by the default/File full suite
2026-10-09T15:08:48.8765158Z SKIPPED [2] tests/test_shared_generation_terminal_protocol.py:221: File-backend implementation contract; covered by the default/File full suite
2026-10-09T15:08:48.8766094Z SKIPPED [6] tests/test_shared_generation_terminal_protocol.py: File-backend implementation contract; covered by the default/File full suite
2026-10-09T15:08:48.8767020Z SKIPPED [4] tests/test_shared_generation_terminal_protocol.py:345: File-backend implementation contract; covered by the default/File full suite
2026-10-09T15:08:48.8767949Z SKIPPED [3] tests/test_shared_generation_terminal_protocol.py:357: File-backend implementation contract; covered by the default/File full suite
2026-10-09T15:08:48.8768871Z SKIPPED [28] tests/test_shared_project_route_authority.py:103: File-backend implementation contract; covered by the default/File full suite
2026-10-09T15:08:48.8769896Z SKIPPED [31] tests/test_shared_project_route_authority.py:120: File-backend implementation contract; covered by the default/File full suite
2026-10-09T15:08:48.8770800Z SKIPPED [18] tests/test_shared_project_route_authority.py:143: File-backend implementation contract; covered by the default/File full suite
2026-10-09T15:08:48.8771693Z SKIPPED [43] tests/test_shared_project_route_authority.py: File-backend implementation contract; covered by the default/File full suite
2026-10-09T15:08:48.8772583Z SKIPPED [38] tests/test_shared_project_route_authority.py:283: File-backend implementation contract; covered by the default/File full suite
2026-10-09T15:08:48.8773483Z SKIPPED [18] tests/test_shared_project_route_authority.py:352: File-backend implementation contract; covered by the default/File full suite
2026-10-09T15:08:48.8774374Z SKIPPED [24] tests/test_shared_project_route_authority.py:388: File-backend implementation contract; covered by the default/File full suite
2026-10-09T15:08:48.8775236Z SKIPPED [3] tests/test_structured_record_cas.py:12: File-backend implementation contract; covered by the default/File full suite
2026-10-09T15:08:48.8776059Z SKIPPED [1] tests/test_structured_record_cas.py: File-backend implementation contract; covered by the default/File full suite
2026-10-09T15:08:48.8777034Z SKIPPED [11] tests/test_surface_adaptation_lifecycle.py: File-backend implementation contract; covered by the default/File full suite
2026-10-09T15:08:48.8777912Z SKIPPED [1] tests/test_surface_adaptation_projection.py: File-backend implementation contract; covered by the default/File full suite
2026-10-09T15:08:48.8778775Z SKIPPED [6] tests/test_surface_adapter_capacity.py:74: File-backend implementation contract; covered by the default/File full suite
2026-10-09T15:08:48.8779758Z SKIPPED [15] tests/test_surface_adapter_capacity.py: File-backend implementation contract; covered by the default/File full suite
2026-10-09T15:08:48.8780603Z SKIPPED [9] tests/test_surface_adapter_capacity.py:110: File-backend implementation contract; covered by the default/File full suite
2026-10-09T15:08:48.8781449Z SKIPPED [1] tests/test_surface_adapter_projection.py:53: File-backend implementation contract; covered by the default/File full suite
2026-10-09T15:08:48.8782313Z SKIPPED [2] tests/test_surface_adapter_projection.py:84: File-backend implementation contract; covered by the default/File full suite
2026-10-09T15:08:48.8783179Z SKIPPED [2] tests/test_surface_adapter_projection.py:101: File-backend implementation contract; covered by the default/File full suite
2026-10-09T15:08:48.8784046Z SKIPPED [6] tests/test_surface_adapter_projection.py:122: File-backend implementation contract; covered by the default/File full suite
2026-10-09T15:08:48.8784907Z SKIPPED [3] tests/test_surface_adapter_projection.py:138: File-backend implementation contract; covered by the default/File full suite
2026-10-09T15:08:48.8785767Z SKIPPED [6] tests/test_surface_adapter_projection.py:147: File-backend implementation contract; covered by the default/File full suite
2026-10-09T15:08:48.8786623Z SKIPPED [2] tests/test_surface_adapter_projection.py:171: File-backend implementation contract; covered by the default/File full suite
2026-10-09T15:08:48.8787600Z SKIPPED [1] tests/test_surface_adapter_projection.py:185: File-backend implementation contract; covered by the default/File full suite
2026-10-09T15:08:48.8788475Z SKIPPED [2] tests/test_surface_adapter_projection.py:203: File-backend implementation contract; covered by the default/File full suite
2026-10-09T15:08:48.8789477Z SKIPPED [4] tests/test_surface_adapter_projection.py:236: File-backend implementation contract; covered by the default/File full suite
2026-10-09T15:08:48.8790342Z SKIPPED [3] tests/test_surface_adapter_projection.py:264: File-backend implementation contract; covered by the default/File full suite
2026-10-09T15:08:48.8791199Z SKIPPED [3] tests/test_surface_adapter_projection.py:273: File-backend implementation contract; covered by the default/File full suite
2026-10-09T15:08:48.8792056Z SKIPPED [2] tests/test_surface_adapter_projection.py:286: File-backend implementation contract; covered by the default/File full suite
2026-10-09T15:08:48.8792919Z SKIPPED [3] tests/test_surface_adapter_projection.py:302: File-backend implementation contract; covered by the default/File full suite
2026-10-09T15:08:48.8793789Z SKIPPED [4] tests/test_surface_adapter_projection.py:317: File-backend implementation contract; covered by the default/File full suite
2026-10-09T15:08:48.8794672Z SKIPPED [5] tests/test_surface_branch_generation_stream.py:47: File-backend implementation contract; covered by the default/File full suite
2026-10-09T15:08:48.8795570Z SKIPPED [6] tests/test_surface_branch_generation_stream.py: File-backend implementation contract; covered by the default/File full suite
2026-10-09T15:08:48.8796461Z SKIPPED [3] tests/test_surface_branch_generation_stream.py:94: File-backend implementation contract; covered by the default/File full suite
2026-10-09T15:08:48.8797370Z SKIPPED [2] tests/test_surface_branch_generation_stream.py:144: File-backend implementation contract; covered by the default/File full suite
2026-10-09T15:08:48.8798256Z SKIPPED [6] tests/test_surface_branch_manuscript.py: File-backend implementation contract; covered by the default/File full suite
2026-10-09T15:08:48.8799361Z SKIPPED [10] tests/test_surface_branch_manuscript_mounted.py: File-backend implementation contract; covered by the default/File full suite
2026-10-09T15:08:48.8800280Z SKIPPED [3] tests/test_surface_branch_manuscript_mounted.py:273: File-backend implementation contract; covered by the default/File full suite
2026-10-09T15:08:48.8801230Z SKIPPED [2] tests/test_surface_continuity_timeline_identity.py:45: File-backend implementation contract; covered by the default/File full suite
2026-10-09T15:08:48.8802157Z SKIPPED [5] tests/test_surface_continuity_timeline_identity.py: File-backend implementation contract; covered by the default/File full suite
2026-10-09T15:08:48.8803059Z SKIPPED [2] tests/test_surface_core_story_record_api.py:24: File-backend implementation contract; covered by the default/File full suite
2026-10-09T15:08:48.8803931Z SKIPPED [4] tests/test_surface_core_story_record_api.py:56: File-backend implementation contract; covered by the default/File full suite
2026-10-09T15:08:48.8804810Z SKIPPED [5] tests/test_surface_core_story_record_api.py:78: File-backend implementation contract; covered by the default/File full suite
2026-10-09T15:08:48.8805671Z SKIPPED [5] tests/test_surface_core_story_record_api.py:94: File-backend implementation contract; covered by the default/File full suite
2026-10-09T15:08:48.8806529Z SKIPPED [3] tests/test_surface_core_story_records.py:53: File-backend implementation contract; covered by the default/File full suite
2026-10-09T15:08:48.8807383Z SKIPPED [3] tests/test_surface_core_story_records.py:86: File-backend implementation contract; covered by the default/File full suite
2026-10-09T15:08:48.8808236Z SKIPPED [3] tests/test_surface_core_story_records.py:106: File-backend implementation contract; covered by the default/File full suite
2026-10-09T15:08:48.8809203Z SKIPPED [4] tests/test_surface_core_story_records.py: File-backend implementation contract; covered by the default/File full suite
2026-10-09T15:08:48.8810181Z SKIPPED [1] tests/test_surface_core_story_records.py:166: File-backend implementation contract; covered by the default/File full suite
2026-10-09T15:08:48.8811044Z SKIPPED [2] tests/test_surface_core_story_records.py:193: File-backend implementation contract; covered by the default/File full suite
2026-10-09T15:08:48.8811900Z SKIPPED [2] tests/test_surface_core_story_records.py:217: File-backend implementation contract; covered by the default/File full suite
2026-10-09T15:08:48.8812808Z SKIPPED [2] tests/test_surface_embedding_invalidation_receipts.py:20: File-backend implementation contract; covered by the default/File full suite
2026-10-09T15:08:48.8813764Z SKIPPED [1] tests/test_surface_embedding_invalidation_receipts.py: File-backend implementation contract; covered by the default/File full suite
2026-10-09T15:08:48.8814658Z SKIPPED [2] tests/test_surface_finding_review.py:55: File-backend implementation contract; covered by the default/File full suite
2026-10-09T15:08:48.8815495Z SKIPPED [9] tests/test_surface_finding_review.py: File-backend implementation contract; covered by the default/File full suite
2026-10-09T15:08:48.8816329Z SKIPPED [3] tests/test_surface_finding_review.py:117: File-backend implementation contract; covered by the default/File full suite
2026-10-09T15:08:48.8817160Z SKIPPED [2] tests/test_surface_finding_review.py:229: File-backend implementation contract; covered by the default/File full suite
2026-10-09T15:08:48.8817989Z SKIPPED [4] tests/test_surface_finding_review.py:241: File-backend implementation contract; covered by the default/File full suite
2026-10-09T15:08:48.8818833Z SKIPPED [8] tests/test_surface_findings_canon_inbox.py: File-backend implementation contract; covered by the default/File full suite
2026-10-09T15:08:48.8819824Z SKIPPED [2] tests/test_surface_flag_discovery.py: File-backend implementation contract; covered by the default/File full suite
2026-10-09T15:08:48.8820698Z SKIPPED [7] tests/test_surface_freeze_media_engine_adapters.py: File-backend implementation contract; covered by the default/File full suite
2026-10-09T15:08:48.8821753Z SKIPPED [2] tests/test_surface_freeze_media_engine_adapters.py:187: File-backend implementation contract; covered by the default/File full suite
2026-10-09T15:08:48.8822684Z SKIPPED [2] tests/test_surface_freeze_media_engine_adapters.py:403: File-backend implementation contract; covered by the default/File full suite
2026-10-09T15:08:48.8823616Z SKIPPED [1] tests/test_surface_freeze_media_engine_adapters.py:472: File-backend implementation contract; covered by the default/File full suite
2026-10-09T15:08:48.8824521Z SKIPPED [3] tests/test_surface_hybrid_read_authority.py: File-backend implementation contract; covered by the default/File full suite
2026-10-09T15:08:48.8825408Z SKIPPED [1] tests/test_surface_hybrid_read_authority.py:102: File-backend implementation contract; covered by the default/File full suite
2026-10-09T15:08:48.8826296Z SKIPPED [6] tests/test_surface_interop_branch_authority.py: File-backend implementation contract; covered by the default/File full suite
2026-10-09T15:08:48.8827200Z SKIPPED [2] tests/test_surface_interop_branch_authority.py:146: File-backend implementation contract; covered by the default/File full suite
2026-10-09T15:08:48.8828100Z SKIPPED [1] tests/test_surface_interop_branch_authority.py:329: File-backend implementation contract; covered by the default/File full suite
2026-10-09T15:08:48.8828981Z SKIPPED [14] tests/test_surface_pending_canon_review.py: File-backend implementation contract; covered by the default/File full suite
2026-10-09T15:08:48.8829993Z SKIPPED [2] tests/test_surface_pending_canon_review.py:299: File-backend implementation contract; covered by the default/File full suite
2026-10-09T15:08:48.8830843Z SKIPPED [8] tests/test_surface_production_sync.py: File-backend implementation contract; covered by the default/File full suite
2026-10-09T15:08:48.8831708Z SKIPPED [16] tests/test_surface_realtime_collaboration.py: File-backend implementation contract; covered by the default/File full suite
2026-10-09T15:08:48.8832772Z SKIPPED [4] tests/test_surface_realtime_collaboration.py:176: File-backend implementation contract; covered by the default/File full suite
2026-10-09T15:08:48.8833678Z SKIPPED [13] tests/test_surface_search_visual_research.py: File-backend implementation contract; covered by the default/File full suite
2026-10-09T15:08:48.8834566Z SKIPPED [5] tests/test_surface_search_visual_research.py:127: File-backend implementation contract; covered by the default/File full suite
2026-10-09T15:08:48.8835462Z SKIPPED [1] tests/test_surface_search_visual_research.py:182: File-backend implementation contract; covered by the default/File full suite
2026-10-09T15:08:48.8836348Z SKIPPED [1] tests/test_surface_search_visual_research.py:242: File-backend implementation contract; covered by the default/File full suite
2026-10-09T15:08:48.8837209Z SKIPPED [6] tests/test_surface_story_record_api.py: File-backend implementation contract; covered by the default/File full suite
2026-10-09T15:08:48.8838078Z SKIPPED [1] tests/test_surface_story_record_versions.py:37: File-backend implementation contract; covered by the default/File full suite
2026-10-09T15:08:48.8838962Z SKIPPED [1] tests/test_surface_story_record_versions.py:147: File-backend implementation contract; covered by the default/File full suite
2026-10-09T15:08:48.8839968Z SKIPPED [1] tests/test_surface_story_record_versions.py:178: File-backend implementation contract; covered by the default/File full suite
2026-10-09T15:08:48.8840847Z SKIPPED [5] tests/test_surface_workspace_interaction.py: File-backend implementation contract; covered by the default/File full suite
2026-10-09T15:08:48.8841724Z SKIPPED [4] tests/test_surface_workspace_interaction.py:78: File-backend implementation contract; covered by the default/File full suite
2026-10-09T15:08:48.8842583Z SKIPPED [5] tests/test_v2_asset_relationships.py:55: File-backend implementation contract; covered by the default/File full suite
2026-10-09T15:08:48.8843419Z SKIPPED [1] tests/test_v2_asset_relationships.py:86: File-backend implementation contract; covered by the default/File full suite
2026-10-09T15:08:48.8844374Z SKIPPED [2] tests/test_v2_asset_relationships.py:118: File-backend implementation contract; covered by the default/File full suite
2026-10-09T15:08:48.8845203Z SKIPPED [9] tests/test_v2_asset_relationships.py: File-backend implementation contract; covered by the default/File full suite
2026-10-09T15:08:48.8846029Z SKIPPED [6] tests/test_v2_asset_relationships.py:164: File-backend implementation contract; covered by the default/File full suite
2026-10-09T15:08:48.8846857Z SKIPPED [2] tests/test_v2_asset_relationships.py:181: File-backend implementation contract; covered by the default/File full suite
2026-10-09T15:08:48.8847686Z SKIPPED [1] tests/test_v2_asset_relationships.py:237: File-backend implementation contract; covered by the default/File full suite
2026-10-09T15:08:48.8848516Z SKIPPED [8] tests/test_v2_asset_relationships.py:334: File-backend implementation contract; covered by the default/File full suite
2026-10-09T15:08:48.8849463Z SKIPPED [2] tests/test_v2_creative_foundation.py:81: File-backend implementation contract; covered by the default/File full suite
2026-10-09T15:08:48.8850285Z SKIPPED [8] tests/test_v2_creative_foundation.py: File-backend implementation contract; covered by the default/File full suite
2026-10-09T15:08:48.8851113Z SKIPPED [4] tests/test_v2_creative_foundation.py:197: File-backend implementation contract; covered by the default/File full suite
2026-10-09T15:08:48.8851939Z SKIPPED [3] tests/test_v2_creative_foundation.py:318: File-backend implementation contract; covered by the default/File full suite
2026-10-09T15:08:48.8852761Z SKIPPED [8] tests/test_v2_creative_graph_api.py: File-backend implementation contract; covered by the default/File full suite
2026-10-09T15:08:48.8853647Z SKIPPED [2] tests/test_v2_creative_graph_api.py:85: File-backend implementation contract; covered by the default/File full suite
2026-10-09T15:08:48.8854587Z SKIPPED [3] tests/test_v2_creative_graph_api.py:134: File-backend implementation contract; covered by the default/File full suite
2026-10-09T15:08:48.8855429Z SKIPPED [8] tests/test_v2_creative_graph_execution.py: File-backend implementation contract; covered by the default/File full suite
2026-10-09T15:08:48.8856299Z SKIPPED [7] tests/test_v2_creative_graph_execution.py:291: File-backend implementation contract; covered by the default/File full suite
2026-10-09T15:08:48.8857166Z SKIPPED [3] tests/test_v2_creative_graph_persistence.py: File-backend implementation contract; covered by the default/File full suite
2026-10-09T15:08:48.8858031Z SKIPPED [2] tests/test_v2_creative_project_lifecycle.py: File-backend implementation contract; covered by the default/File full suite
2026-10-09T15:08:48.8858903Z SKIPPED [3] tests/test_v2_creative_project_lifecycle.py:299: File-backend implementation contract; covered by the default/File full suite
2026-10-09T15:08:48.8859873Z SKIPPED [3] tests/test_v2_creative_workflows.py:38: File-backend implementation contract; covered by the default/File full suite
2026-10-09T15:08:48.8860697Z SKIPPED [1] tests/test_v2_creative_workflows.py:65: File-backend implementation contract; covered by the default/File full suite
2026-10-09T15:08:48.8861509Z SKIPPED [13] tests/test_v2_creative_workflows.py: File-backend implementation contract; covered by the default/File full suite
2026-10-09T15:08:48.8862326Z SKIPPED [5] tests/test_v2_creative_workflows.py:284: File-backend implementation contract; covered by the default/File full suite
2026-10-09T15:08:48.8863156Z SKIPPED [1] tests/test_v2_creative_workflows.py:504: File-backend implementation contract; covered by the default/File full suite
2026-10-09T15:08:48.8863990Z SKIPPED [2] tests/test_v2_independent_workspace.py:218: File-backend implementation contract; covered by the default/File full suite
2026-10-09T15:08:48.8864834Z SKIPPED [18] tests/test_v2_independent_workspace.py: File-backend implementation contract; covered by the default/File full suite
2026-10-09T15:08:48.8865803Z SKIPPED [2] tests/test_v2_independent_workspace.py:398: File-backend implementation contract; covered by the default/File full suite
2026-10-09T15:08:48.8866653Z SKIPPED [5] tests/test_v2_independent_workspace.py:417: File-backend implementation contract; covered by the default/File full suite
2026-10-09T15:08:48.8867499Z SKIPPED [10] tests/test_v2_independent_workspace.py:497: File-backend implementation contract; covered by the default/File full suite
2026-10-09T15:08:48.8868350Z SKIPPED [3] tests/test_v2_independent_workspace.py:512: File-backend implementation contract; covered by the default/File full suite
2026-10-09T15:08:48.8869333Z SKIPPED [3] tests/test_v2_independent_workspace.py:977: File-backend implementation contract; covered by the default/File full suite
2026-10-09T15:08:48.8870187Z SKIPPED [10] tests/test_v2_independent_workspace_api.py: File-backend implementation contract; covered by the default/File full suite
2026-10-09T15:08:48.8871067Z SKIPPED [3] tests/test_v2_independent_workspace_api.py:165: File-backend implementation contract; covered by the default/File full suite
2026-10-09T15:08:48.8871950Z SKIPPED [2] tests/test_v2_independent_workspace_api.py:243: File-backend implementation contract; covered by the default/File full suite
2026-10-09T15:08:48.8872791Z SKIPPED [3] tests/test_v2_storage_admission.py:38: File-backend implementation contract; covered by the default/File full suite
2026-10-09T15:08:48.8873617Z SKIPPED [2] tests/test_v2_storage_admission.py: File-backend implementation contract; covered by the default/File full suite
2026-10-09T15:08:52.3779996Z SKIPPED [5] tests/test_v2_task_router.py:21: File-backend implementation contract; covered by the default/File full suite
2026-10-09T15:08:52.3781348Z SKIPPED [1] tests/test_v2_task_router.py: File-backend implementation contract; covered by the default/File full suite
2026-10-09T15:08:52.3782843Z SKIPPED [2] tests/test_writer_room_comment_authority_seam.py: File-backend implementation contract; covered by the default/File full suite
2026-10-09T15:08:52.3783829Z 3349 passed, 1740 skipped, 5089 deselected, 3 warnings in 2811.10s (0:46:51)
2026-10-09T15:08:55.7116283Z ##[group]Run python .github/ci/receipt.py "$CI_RECEIPTS"
2026-10-09T15:08:55.7116720Z [36;1mpython .github/ci/receipt.py "$CI_RECEIPTS"[0m
2026-10-09T15:08:55.7180369Z shell: /usr/bin/bash -e {0}
2026-10-09T15:08:55.7180628Z env:
2026-10-09T15:08:55.7180813Z   MOCK_PROVIDER: true
2026-10-09T15:08:55.7181033Z   MOCK_STREAM_DELAY_MS: 0
2026-10-09T15:08:55.7181259Z   ENABLE_CLOUD: false
2026-10-09T15:08:55.7181475Z   CREDENTIAL_VAULT_BACKEND: memory
2026-10-09T15:08:55.7181758Z   CREDENTIAL_VAULT_ALLOW_MEMORY_FALLBACK: true
2026-10-09T15:08:55.7182064Z   PYTHONDONTWRITEBYTECODE: 1
2026-10-09T15:08:55.7182296Z   HF_HUB_OFFLINE: 1
2026-10-09T15:08:55.7182495Z   TRANSFORMERS_OFFLINE: 1
2026-10-09T15:08:55.7182772Z   pythonLocation: /opt/hostedtoolcache/Python/3.12.9/x64
2026-10-09T15:08:55.7183194Z   PKG_CONFIG_PATH: /opt/hostedtoolcache/Python/3.12.9/x64/lib/pkgconfig
2026-10-09T15:08:55.7183620Z   Python_ROOT_DIR: /opt/hostedtoolcache/Python/3.12.9/x64
2026-10-09T15:08:55.7184029Z   Python2_ROOT_DIR: /opt/hostedtoolcache/Python/3.12.9/x64
2026-10-09T15:08:55.7184409Z   Python3_ROOT_DIR: /opt/hostedtoolcache/Python/3.12.9/x64
2026-10-09T15:08:55.7184774Z   LD_LIBRARY_PATH: /opt/hostedtoolcache/Python/3.12.9/x64/lib
2026-10-09T15:08:55.7185139Z   CI_COVERAGE_SHA: 99c43b6892038233c390be2ae61acb669163d0b5
2026-10-09T15:08:55.7185497Z   CI_COVERAGE_TREE: 69d69ffe71838263069d164a0a07b39b5f4a4333
2026-10-09T15:08:55.7185937Z   CI_SANDBOX: /home/runner/work/_temp/novel-ci-backend-postgres-shard-0.2SHeSR
2026-10-09T15:08:55.7186480Z   CI_PROJECT: /home/runner/work/_temp/novel-ci-backend-postgres-shard-0.2SHeSR/project
2026-10-09T15:08:55.7187046Z   CI_RECEIPTS: /home/runner/work/_temp/novel-ci-backend-postgres-shard-0.2SHeSR/receipts
2026-10-09T15:08:55.7187689Z   HOME: /home/runner/work/_temp/novel-ci-backend-postgres-shard-0.2SHeSR/project/.runtime/ci-backend/home
2026-10-09T15:08:55.7188645Z   USERPROFILE: /home/runner/work/_temp/novel-ci-backend-postgres-shard-0.2SHeSR/project/.runtime/ci-backend/home
2026-10-09T15:08:55.7189713Z   APPDATA: /home/runner/work/_temp/novel-ci-backend-postgres-shard-0.2SHeSR/project/.runtime/ci-backend/appdata
2026-10-09T15:08:55.7190528Z   LOCALAPPDATA: /home/runner/work/_temp/novel-ci-backend-postgres-shard-0.2SHeSR/project/.runtime/ci-backend/localappdata
2026-10-09T15:08:55.7191353Z   XDG_CONFIG_HOME: /home/runner/work/_temp/novel-ci-backend-postgres-shard-0.2SHeSR/project/.runtime/ci-backend/config
2026-10-09T15:08:55.7192133Z   XDG_CACHE_HOME: /home/runner/work/_temp/novel-ci-backend-postgres-shard-0.2SHeSR/project/.runtime/ci-backend/cache
2026-10-09T15:08:55.7192894Z   XDG_DATA_HOME: /home/runner/work/_temp/novel-ci-backend-postgres-shard-0.2SHeSR/project/.runtime/ci-backend/data
2026-10-09T15:08:55.7193649Z   XDG_STATE_HOME: /home/runner/work/_temp/novel-ci-backend-postgres-shard-0.2SHeSR/project/.runtime/ci-backend/state
2026-10-09T15:08:55.7194397Z   TMPDIR: /home/runner/work/_temp/novel-ci-backend-postgres-shard-0.2SHeSR/project/.runtime/ci-backend/tmp
2026-10-09T15:08:55.7195104Z   TMP: /home/runner/work/_temp/novel-ci-backend-postgres-shard-0.2SHeSR/project/.runtime/ci-backend/tmp
2026-10-09T15:08:55.7195808Z   TEMP: /home/runner/work/_temp/novel-ci-backend-postgres-shard-0.2SHeSR/project/.runtime/ci-backend/tmp
2026-10-09T15:08:55.7196442Z   PROJECT_ROOT: /home/runner/work/_temp/novel-ci-backend-postgres-shard-0.2SHeSR/project
2026-10-09T15:08:55.7197146Z   NOVEL_DATA_PATH: /home/runner/work/_temp/novel-ci-backend-postgres-shard-0.2SHeSR/project/.runtime/ci-backend/data/novels
2026-10-09T15:08:55.7197961Z   BACKUP_PATH: /home/runner/work/_temp/novel-ci-backend-postgres-shard-0.2SHeSR/project/.runtime/ci-backend/data/backups
2026-10-09T15:08:55.7198835Z   DATABASE_BACKUP_PATH: /home/runner/work/_temp/novel-ci-backend-postgres-shard-0.2SHeSR/project/.runtime/ci-backend/data/database-backups
2026-10-09T15:08:55.7200006Z   KNOWLEDGE_SOURCE_PATH: /home/runner/work/_temp/novel-ci-backend-postgres-shard-0.2SHeSR/project/.runtime/ci-backend/data/novels
2026-10-09T15:08:55.7200996Z   CI_V2_RUNTIME: /home/runner/work/_temp/novel-ci-backend-postgres-shard-0.2SHeSR/project/.runtime/ci-backend
2026-10-09T15:08:55.7201738Z   R2_TEST_FONT_FILE: /home/runner/work/_temp/novel-ci-backend-postgres-shard-0.2SHeSR/fonts/NotoSansSC-Regular.ttf
2026-10-09T15:08:55.7202240Z ##[endgroup]
2026-10-09T15:08:55.8067634Z {
2026-10-09T15:08:55.8069854Z   "revision": "checked_out_sha=99c43b6892038233c390be2ae61acb669163d0b5\nevent_sha=99c43b6892038233c390be2ae61acb669163d0b5\nrun_url=https://github.com/1785235376-blip/AI-Novel-Studio/actions/runs/37943398984\njob=backend-postgres-shard-0\nplatform=Linux; native Windows host/AppContainer/installer=NOT RUN\n",
2026-10-09T15:08:55.8071773Z   "test_reports": {
2026-10-09T15:08:55.8072081Z     "backend.xml": {
2026-10-09T15:08:55.8072382Z       "tests": 5089,
2026-10-09T15:08:55.8072707Z       "failures": 0,
2026-10-09T15:08:55.8072982Z       "errors": 0,
2026-10-09T15:08:55.8073279Z       "skipped": 1740
2026-10-09T15:08:55.8073568Z     },
2026-10-09T15:08:55.8073873Z     "coverage-harness.xml": {
2026-10-09T15:08:55.8074219Z       "tests": 174,
2026-10-09T15:08:55.8074508Z       "failures": 0,
2026-10-09T15:08:55.8074803Z       "errors": 0,
2026-10-09T15:08:55.8075097Z       "skipped": 0
2026-10-09T15:08:55.8075384Z     }
2026-10-09T15:08:55.8075642Z   },
2026-10-09T15:08:55.8075907Z   "report_status": "RECORDED",
2026-10-09T15:08:55.8076430Z   "native_windows_host_appcontainer_installer": "NOT RUN",
2026-10-09T15:08:55.8077069Z   "real_model_and_paid_provider_execution": "NOT RUN"
2026-10-09T15:08:55.8077564Z }
2026-10-09T15:08:55.8077736Z 
2026-10-09T15:08:55.8205836Z ##[group]Run actions/upload-artifact@v4.6.2
2026-10-09T15:08:55.8206142Z with:
2026-10-09T15:08:55.8206502Z   name: backend-postgres-shard-0-99c43b6892038233c390be2ae61acb669163d0b5-attempt-1
2026-10-09T15:08:55.8207089Z   path: /home/runner/work/_temp/novel-ci-backend-postgres-shard-0.2SHeSR/receipts
2026-10-09T15:08:55.8207683Z   if-no-files-found: error
2026-10-09T15:08:55.8207919Z   retention-days: 14
2026-10-09T15:08:55.8208128Z   compression-level: 6
2026-10-09T15:08:55.8208334Z   overwrite: false
2026-10-09T15:08:55.8208539Z   include-hidden-files: false
2026-10-09T15:08:55.8208768Z env:
2026-10-09T15:08:55.8208948Z   MOCK_PROVIDER: true
2026-10-09T15:08:55.8209534Z   MOCK_STREAM_DELAY_MS: 0
2026-10-09T15:08:55.8209751Z   ENABLE_CLOUD: false
2026-10-09T15:08:55.8209965Z   CREDENTIAL_VAULT_BACKEND: memory
2026-10-09T15:08:55.8210241Z   CREDENTIAL_VAULT_ALLOW_MEMORY_FALLBACK: true
2026-10-09T15:08:55.8210537Z   PYTHONDONTWRITEBYTECODE: 1
2026-10-09T15:08:55.8210800Z   HF_HUB_OFFLINE: 1
2026-10-09T15:08:55.8211001Z   TRANSFORMERS_OFFLINE: 1
2026-10-09T15:08:55.8211280Z   pythonLocation: /opt/hostedtoolcache/Python/3.12.9/x64
2026-10-09T15:08:55.8211688Z   PKG_CONFIG_PATH: /opt/hostedtoolcache/Python/3.12.9/x64/lib/pkgconfig
2026-10-09T15:08:55.8212094Z   Python_ROOT_DIR: /opt/hostedtoolcache/Python/3.12.9/x64
2026-10-09T15:08:55.8212457Z   Python2_ROOT_DIR: /opt/hostedtoolcache/Python/3.12.9/x64
2026-10-09T15:08:55.8212826Z   Python3_ROOT_DIR: /opt/hostedtoolcache/Python/3.12.9/x64
2026-10-09T15:08:55.8213191Z   LD_LIBRARY_PATH: /opt/hostedtoolcache/Python/3.12.9/x64/lib
2026-10-09T15:08:55.8213561Z   CI_COVERAGE_SHA: 99c43b6892038233c390be2ae61acb669163d0b5
2026-10-09T15:08:55.8213920Z   CI_COVERAGE_TREE: 69d69ffe71838263069d164a0a07b39b5f4a4333
2026-10-09T15:08:55.8214356Z   CI_SANDBOX: /home/runner/work/_temp/novel-ci-backend-postgres-shard-0.2SHeSR
2026-10-09T15:08:55.8214903Z   CI_PROJECT: /home/runner/work/_temp/novel-ci-backend-postgres-shard-0.2SHeSR/project
2026-10-09T15:08:55.8215481Z   CI_RECEIPTS: /home/runner/work/_temp/novel-ci-backend-postgres-shard-0.2SHeSR/receipts
2026-10-09T15:08:55.8216141Z   HOME: /home/runner/work/_temp/novel-ci-backend-postgres-shard-0.2SHeSR/project/.runtime/ci-backend/home
2026-10-09T15:08:55.8216892Z   USERPROFILE: /home/runner/work/_temp/novel-ci-backend-postgres-shard-0.2SHeSR/project/.runtime/ci-backend/home
2026-10-09T15:08:55.8217661Z   APPDATA: /home/runner/work/_temp/novel-ci-backend-postgres-shard-0.2SHeSR/project/.runtime/ci-backend/appdata
2026-10-09T15:08:55.8218456Z   LOCALAPPDATA: /home/runner/work/_temp/novel-ci-backend-postgres-shard-0.2SHeSR/project/.runtime/ci-backend/localappdata
2026-10-09T15:08:55.8219595Z   XDG_CONFIG_HOME: /home/runner/work/_temp/novel-ci-backend-postgres-shard-0.2SHeSR/project/.runtime/ci-backend/config
2026-10-09T15:08:55.8220407Z   XDG_CACHE_HOME: /home/runner/work/_temp/novel-ci-backend-postgres-shard-0.2SHeSR/project/.runtime/ci-backend/cache
2026-10-09T15:08:55.8221192Z   XDG_DATA_HOME: /home/runner/work/_temp/novel-ci-backend-postgres-shard-0.2SHeSR/project/.runtime/ci-backend/data
2026-10-09T15:08:55.8221959Z   XDG_STATE_HOME: /home/runner/work/_temp/novel-ci-backend-postgres-shard-0.2SHeSR/project/.runtime/ci-backend/state
2026-10-09T15:08:55.8222716Z   TMPDIR: /home/runner/work/_temp/novel-ci-backend-postgres-shard-0.2SHeSR/project/.runtime/ci-backend/tmp
2026-10-09T15:08:55.8223465Z   TMP: /home/runner/work/_temp/novel-ci-backend-postgres-shard-0.2SHeSR/project/.runtime/ci-backend/tmp
2026-10-09T15:08:55.8224183Z   TEMP: /home/runner/work/_temp/novel-ci-backend-postgres-shard-0.2SHeSR/project/.runtime/ci-backend/tmp
2026-10-09T15:08:55.8224838Z   PROJECT_ROOT: /home/runner/work/_temp/novel-ci-backend-postgres-shard-0.2SHeSR/project
2026-10-09T15:08:55.8225553Z   NOVEL_DATA_PATH: /home/runner/work/_temp/novel-ci-backend-postgres-shard-0.2SHeSR/project/.runtime/ci-backend/data/novels
2026-10-09T15:08:55.8226570Z   BACKUP_PATH: /home/runner/work/_temp/novel-ci-backend-postgres-shard-0.2SHeSR/project/.runtime/ci-backend/data/backups
2026-10-09T15:08:55.8227469Z   DATABASE_BACKUP_PATH: /home/runner/work/_temp/novel-ci-backend-postgres-shard-0.2SHeSR/project/.runtime/ci-backend/data/database-backups
2026-10-09T15:08:55.8228386Z   KNOWLEDGE_SOURCE_PATH: /home/runner/work/_temp/novel-ci-backend-postgres-shard-0.2SHeSR/project/.runtime/ci-backend/data/novels
2026-10-09T15:08:55.8229445Z   CI_V2_RUNTIME: /home/runner/work/_temp/novel-ci-backend-postgres-shard-0.2SHeSR/project/.runtime/ci-backend
2026-10-09T15:08:55.8230196Z   R2_TEST_FONT_FILE: /home/runner/work/_temp/novel-ci-backend-postgres-shard-0.2SHeSR/fonts/NotoSansSC-Regular.ttf
2026-10-09T15:08:55.8230709Z ##[endgroup]
2026-10-09T15:08:55.9917634Z (node:268421) [DEP0040] DeprecationWarning: The `punycode` module is deprecated. Please use a userland alternative instead.
2026-10-09T15:08:55.9918910Z (Use `node --trace-deprecation ...` to show where the warning was created)
2026-10-09T15:08:55.9997729Z With the provided path, there will be 11 files uploaded
2026-10-09T15:08:56.0002066Z Artifact name is valid!
2026-10-09T15:08:56.0002937Z Root directory input is valid!
2026-10-09T15:08:56.2573740Z Beginning upload of artifact content to blob storage
2026-10-09T15:08:56.4078791Z (node:268421) [DEP0169] DeprecationWarning: `url.parse()` behavior is not standardized and prone to errors that have security implications. Use the WHATWG URL API instead. CVEs are not issued for `url.parse()` vulnerabilities.
2026-10-09T15:08:56.6784660Z Uploaded bytes 593066
2026-10-09T15:08:56.7197128Z Finished uploading artifact content to blob storage!
2026-10-09T15:08:56.7198199Z SHA256 digest of uploaded artifact zip is aab7a0b7143d061c49c70365efd60023202f6532308096aab9e3ea6361783cd9
2026-10-09T15:08:56.7199544Z Finalizing artifact upload
2026-10-09T15:08:57.0154434Z Artifact backend-postgres-shard-0-99c43b6892038233c390be2ae61acb669163d0b5-attempt-1.zip successfully finalized. Artifact ID 11624394732
2026-10-09T15:08:57.0156882Z Artifact backend-postgres-shard-0-99c43b6892038233c390be2ae61acb669163d0b5-attempt-1 has been successfully uploaded! Final size is 593066 bytes. Artifact ID is 11624394732
2026-10-09T15:08:57.0163269Z Artifact download URL: https://github.com/1785235376-blip/AI-Novel-Studio/actions/runs/37943398984/artifacts/11624394732
2026-10-09T15:08:57.0344492Z Post job cleanup.
2026-10-09T15:08:57.1567044Z (node:268433) [DEP0040] DeprecationWarning: The `punycode` module is deprecated. Please use a userland alternative instead.
2026-10-09T15:08:57.1567949Z (Use `node --trace-deprecation ...` to show where the warning was created)
2026-10-09T15:08:57.1756990Z Post job cleanup.
2026-10-09T15:08:57.2779887Z [command]/usr/bin/git version
2026-10-09T15:08:57.2805613Z git version 2.55.0
2026-10-09T15:08:57.2853918Z Temporarily overriding HOME='/home/runner/work/_temp/fd0a1827-cd0a-493f-bd27-f26582b22ce9' before making global git config changes
2026-10-09T15:08:57.2855502Z Adding repository directory to the temporary git global config as a safe directory
2026-10-09T15:08:57.2862109Z [command]/usr/bin/git config --global --add safe.directory /home/runner/work/AI-Novel-Studio/AI-Novel-Studio
2026-10-09T15:08:57.2913648Z [command]/usr/bin/git config --local --name-only --get-regexp core\.sshCommand
2026-10-09T15:08:57.2964972Z [command]/usr/bin/git submodule foreach --recursive sh -c "git config --local --name-only --get-regexp 'core\.sshCommand' && git config --local --unset-all 'core.sshCommand' || :"
2026-10-09T15:08:57.3305489Z [command]/usr/bin/git config --local --name-only --get-regexp http\.https\:\/\/github\.com\/\.extraheader
2026-10-09T15:08:57.3356520Z [command]/usr/bin/git submodule foreach --recursive sh -c "git config --local --name-only --get-regexp 'http\.https\:\/\/github\.com\/\.extraheader' && git config --local --unset-all 'http.https://github.com/.extraheader' || :"
2026-10-09T15:08:57.3815516Z Print service container logs: fd374a10338646cba34244c5072555d5_postgres16alpine_bb7820
2026-10-09T15:08:57.3821330Z ##[command]/usr/bin/docker logs --details 77d2b3807f9105992a35e8608547862fa05bbfe85fe2f668c9cd56bf8730b346
2026-10-09T15:08:57.3969919Z  sh: locale: not found
2026-10-09T15:08:57.3970369Z  2026-10-09 14:20:22.455 UTC [35] WARNING:  no usable system locales were found
2026-10-09T15:08:57.3970920Z  The files belonging to this database system will be owned by user "postgres".
2026-10-09T15:08:57.3971774Z  initdb: warning: enabling "trust" authentication for local connections
2026-10-09T15:08:57.3972503Z  initdb: hint: You can change this by editing pg_hba.conf or using the option -A, or --auth-local and --auth-host, the next time you run initdb.
2026-10-09T15:08:57.3973397Z  2026-10-09 14:20:23.278 UTC [1] LOG:  starting PostgreSQL 16.15 on x86_64-pc-linux-musl, compiled by gcc (Alpine 15.2.0) 15.2.0, 64-bit
2026-10-09T15:08:57.3974087Z  2026-10-09 14:20:23.278 UTC [1] LOG:  listening on IPv4 address "0.0.0.0", port 5432
2026-10-09T15:08:57.3974564Z  2026-10-09 14:20:23.278 UTC [1] LOG:  listening on IPv6 address "::", port 5432
2026-10-09T15:08:57.3975097Z  2026-10-09 14:20:23.279 UTC [1] LOG:  listening on Unix socket "/var/run/postgresql/.s.PGSQL.5432"
2026-10-09T15:08:57.3975659Z  2026-10-09 14:20:23.281 UTC [57] LOG:  database system was shut down at 2026-10-09 14:20:23 UTC
2026-10-09T15:08:57.3976168Z  2026-10-09 14:20:23.287 UTC [1] LOG:  database system is ready to accept connections
2026-10-09T15:08:57.3976624Z  2026-10-09 14:25:23.381 UTC [55] LOG:  checkpoint starting: time
2026-10-09T15:08:57.3977698Z  2026-10-09 14:26:12.180 UTC [55] LOG:  checkpoint complete: wrote 490 buffers (3.0%); 1 WAL file(s) added, 0 removed, 0 recycled; write=48.784 s, sync=0.003 s, total=48.800 s; sync files=364, longest=0.001 s, average=0.001 s; distance=3326 kB, estimate=3326 kB; lsn=0/1C9E450, redo lsn=0/1C65780
2026-10-09T15:08:57.3978769Z  2026-10-09 14:30:23.251 UTC [55] LOG:  checkpoint starting: time
2026-10-09T15:08:57.3980310Z  2026-10-09 14:30:39.690 UTC [55] LOG:  checkpoint complete: wrote 166 buffers (1.0%); 0 WAL file(s) added, 0 removed, 0 recycled; write=16.429 s, sync=0.007 s, total=16.439 s; sync files=188, longest=0.001 s, average=0.001 s; distance=990 kB, estimate=3092 kB; lsn=0/1DB20E0, redo lsn=0/1D5D068
2026-10-09T15:08:57.3981364Z  2026-10-09 14:35:23.790 UTC [55] LOG:  checkpoint starting: time
2026-10-09T15:08:57.3982402Z  2026-10-09 14:35:49.141 UTC [55] LOG:  checkpoint complete: wrote 255 buffers (1.6%); 0 WAL file(s) added, 0 removed, 1 recycled; write=25.343 s, sync=0.007 s, total=25.352 s; sync files=127, longest=0.001 s, average=0.001 s; distance=7342 kB, estimate=7342 kB; lsn=0/256ED20, redo lsn=0/2488BB0
2026-10-09T15:08:57.3983557Z  2026-10-09 14:35:50.547 UTC [77701] LOG:  unexpected EOF on client connection with an open transaction
2026-10-09T15:08:57.3984053Z  2026-10-09 14:40:23.184 UTC [55] LOG:  checkpoint starting: time
2026-10-09T15:08:57.3985094Z  2026-10-09 14:41:34.404 UTC [55] LOG:  checkpoint complete: wrote 714 buffers (4.4%); 0 WAL file(s) added, 0 removed, 1 recycled; write=71.217 s, sync=0.002 s, total=71.221 s; sync files=132, longest=0.001 s, average=0.001 s; distance=16011 kB, estimate=16011 kB; lsn=0/38242D8, redo lsn=0/342B920
2026-10-09T15:08:57.3986133Z  2026-10-09 14:45:23.504 UTC [55] LOG:  checkpoint starting: time
2026-10-09T15:08:57.3987159Z  2026-10-09 14:46:46.732 UTC [55] LOG:  checkpoint complete: wrote 420 buffers (2.6%); 0 WAL file(s) added, 0 removed, 1 recycled; write=83.221 s, sync=0.006 s, total=83.229 s; sync files=106, longest=0.001 s, average=0.001 s; distance=21577 kB, estimate=21577 kB; lsn=0/4AF2958, redo lsn=0/493DD68
2026-10-09T15:08:57.3988195Z  2026-10-09 14:50:23.799 UTC [55] LOG:  checkpoint starting: time
2026-10-09T15:08:57.3989932Z  2026-10-09 14:51:30.311 UTC [55] LOG:  checkpoint complete: wrote 669 buffers (4.1%); 0 WAL file(s) added, 0 removed, 1 recycled; write=66.505 s, sync=0.005 s, total=66.512 s; sync files=100, longest=0.001 s, average=0.001 s; distance=7246 kB, estimate=20144 kB; lsn=0/51B2920, redo lsn=0/5051788
2026-10-09T15:08:57.3991457Z  2026-10-09 14:55:23.412 UTC [55] LOG:  checkpoint starting: time
2026-10-09T15:08:57.3991988Z  2026-10-09 14:56:20.518 UTC [199] ERROR:  duplicate key value violates unique constraint "novels_slug_key"
2026-10-09T15:08:57.3992646Z  2026-10-09 14:56:20.518 UTC [199] DETAIL:  Key (slug)=(945e084f-b951-4534-a848-5d1c208e2bfb) already exists.
2026-10-09T15:08:57.3993956Z  2026-10-09 14:56:20.518 UTC [199] STATEMENT:  INSERT INTO novels (id, slug, chapter_identity_provenance, title, metadata, created_at, updated_at) VALUES ($1::UUID, $2::VARCHAR, $3::VARCHAR, $4::VARCHAR, $5::JSONB, $6::TIMESTAMP WITH TIME ZONE, $7::TIMESTAMP WITH TIME ZONE)
2026-10-09T15:08:57.3995629Z  2026-10-09 14:56:23.038 UTC [55] LOG:  checkpoint complete: wrote 597 buffers (3.6%); 0 WAL file(s) added, 0 removed, 0 recycled; write=59.623 s, sync=0.002 s, total=59.627 s; sync files=82, longest=0.001 s, average=0.001 s; distance=4882 kB, estimate=18617 kB; lsn=0/5587D58, redo lsn=0/5516340
2026-10-09T15:08:57.3996677Z  2026-10-09 15:00:23.137 UTC [55] LOG:  checkpoint starting: time
2026-10-09T15:08:57.3997700Z  2026-10-09 15:00:55.798 UTC [55] LOG:  checkpoint complete: wrote 328 buffers (2.0%); 0 WAL file(s) added, 0 removed, 0 recycled; write=32.657 s, sync=0.003 s, total=32.661 s; sync files=93, longest=0.001 s, average=0.001 s; distance=5079 kB, estimate=17264 kB; lsn=0/5B0E550, redo lsn=0/5A0C248
2026-10-09T15:08:57.3998773Z  2026-10-09 15:05:23.862 UTC [55] LOG:  checkpoint starting: time
2026-10-09T15:08:57.4000050Z  2026-10-09 15:06:15.349 UTC [55] LOG:  checkpoint complete: wrote 518 buffers (3.2%); 0 WAL file(s) added, 0 removed, 0 recycled; write=51.484 s, sync=0.002 s, total=51.488 s; sync files=133, longest=0.001 s, average=0.001 s; distance=5005 kB, estimate=16038 kB; lsn=0/601F448, redo lsn=0/5EEF688
2026-10-09T15:08:57.4001519Z  This user must also own the server process.
2026-10-09T15:08:57.4001826Z  
2026-10-09T15:08:57.4002109Z  The database cluster will be initialized with locale "en_US.utf8".
2026-10-09T15:08:57.4002807Z  The default database encoding has accordingly been set to "UTF8".
2026-10-09T15:08:57.4003237Z  The default text search configuration will be set to "english".
2026-10-09T15:08:57.4003557Z  
2026-10-09T15:08:57.4003745Z  Data page checksums are disabled.
2026-10-09T15:08:57.4003991Z  
2026-10-09T15:08:57.4004285Z  fixing permissions on existing directory /var/lib/postgresql/data ... ok
2026-10-09T15:08:57.4004678Z  creating subdirectories ... ok
2026-10-09T15:08:57.4004989Z  selecting dynamic shared memory implementation ... posix
2026-10-09T15:08:57.4005335Z  selecting default max_connections ... 100
2026-10-09T15:08:57.4005639Z  selecting default shared_buffers ... 128MB
2026-10-09T15:08:57.4005918Z  selecting default time zone ... UTC
2026-10-09T15:08:57.4006188Z  creating configuration files ... ok
2026-10-09T15:08:57.4006450Z  running bootstrap script ... ok
2026-10-09T15:08:57.4006738Z  performing post-bootstrap initialization ... ok
2026-10-09T15:08:57.4007041Z  syncing data to disk ... ok
2026-10-09T15:08:57.4007260Z  
2026-10-09T15:08:57.4007422Z  
2026-10-09T15:08:57.4007645Z  Success. You can now start the database server using:
2026-10-09T15:08:57.4007943Z  
2026-10-09T15:08:57.4008172Z      pg_ctl -D /var/lib/postgresql/data -l logfile start
2026-10-09T15:08:57.4008466Z  
2026-10-09T15:08:57.4009037Z  waiting for server to start....2026-10-09 14:20:23.008 UTC [41] LOG:  starting PostgreSQL 16.15 on x86_64-pc-linux-musl, compiled by gcc (Alpine 15.2.0) 15.2.0, 64-bit
2026-10-09T15:08:57.4010079Z  2026-10-09 14:20:23.008 UTC [41] LOG:  listening on Unix socket "/var/run/postgresql/.s.PGSQL.5432"
2026-10-09T15:08:57.4010665Z  2026-10-09 14:20:23.011 UTC [44] LOG:  database system was shut down at 2026-10-09 14:20:22 UTC
2026-10-09T15:08:57.4011177Z  2026-10-09 14:20:23.015 UTC [41] LOG:  database system is ready to accept connections
2026-10-09T15:08:57.4011715Z   done
2026-10-09T15:08:57.4011900Z  server started
2026-10-09T15:08:57.4012096Z  CREATE DATABASE
2026-10-09T15:08:57.4012281Z  
2026-10-09T15:08:57.4012439Z  
2026-10-09T15:08:57.4012745Z  /usr/local/bin/docker-entrypoint.sh: ignoring /docker-entrypoint-initdb.d/*
2026-10-09T15:08:57.4013138Z  
2026-10-09T15:08:57.4013489Z  waiting for server to shut down....2026-10-09 14:20:23.156 UTC [41] LOG:  received fast shutdown request
2026-10-09T15:08:57.4014132Z  2026-10-09 14:20:23.156 UTC [41] LOG:  aborting any active transactions
2026-10-09T15:08:57.4014708Z  2026-10-09 14:20:23.159 UTC [41] LOG:  background worker "logical replication launcher" (PID 47) exited with exit code 1
2026-10-09T15:08:57.4015235Z  2026-10-09 14:20:23.160 UTC [42] LOG:  shutting down
2026-10-09T15:08:57.4015615Z  2026-10-09 14:20:23.161 UTC [42] LOG:  checkpoint starting: shutdown immediate
2026-10-09T15:08:57.4016702Z  2026-10-09 14:20:23.176 UTC [42] LOG:  checkpoint complete: wrote 926 buffers (5.7%); 0 WAL file(s) added, 0 removed, 0 recycled; write=0.012 s, sync=0.003 s, total=0.016 s; sync files=301, longest=0.002 s, average=0.001 s; distance=4283 kB, estimate=4283 kB; lsn=0/1925D60, redo lsn=0/1925D60
2026-10-09T15:08:57.4017778Z  2026-10-09 14:20:23.187 UTC [41] LOG:  database system is shut down
2026-10-09T15:08:57.4018099Z   done
2026-10-09T15:08:57.4018282Z  server stopped
2026-10-09T15:08:57.4018476Z  
2026-10-09T15:08:57.4018704Z  PostgreSQL init process complete; ready for start up.
2026-10-09T15:08:57.4019009Z  
2026-10-09T15:08:57.4025627Z Stop and remove container: fd374a10338646cba34244c5072555d5_postgres16alpine_bb7820
2026-10-09T15:08:57.4030973Z ##[command]/usr/bin/docker rm --force 77d2b3807f9105992a35e8608547862fa05bbfe85fe2f668c9cd56bf8730b346
2026-10-09T15:08:57.8204142Z 77d2b3807f9105992a35e8608547862fa05bbfe85fe2f668c9cd56bf8730b346
2026-10-09T15:08:57.8233204Z Remove container network: github_network_c1ef87b428cd475ba7be111944f6a2ed
2026-10-09T15:08:57.8237505Z ##[command]/usr/bin/docker network rm github_network_c1ef87b428cd475ba7be111944f6a2ed
2026-10-09T15:08:57.9333967Z github_network_c1ef87b428cd475ba7be111944f6a2ed
2026-10-09T15:08:57.9403538Z Cleaning up orphan processes
2026-10-09T15:08:57.9777836Z ##[warning]Node.js 20 is deprecated. The following actions target Node.js 20 but are being forced to run on Node.js 24: actions/checkout@v4.2.2, actions/setup-python@v5.6.0, actions/upload-artifact@v4.6.2. For more information see: https://github.blog/changelog/2025-09-19-deprecation-of-node-20-on-github-actions-runners/
