2026-10-09T14:21:27.2845036Z Current runner version: '2.337.0'
2026-10-09T14:21:27.2871450Z ##[group]Runner Image Provisioner
2026-10-09T14:21:27.2872340Z Hosted Compute Agent
2026-10-09T14:21:27.2872960Z Version: 20261002.596
2026-10-09T14:21:27.2873639Z Commit: c3d12f3313a95f25162a1503be624f3b0617f8c0
2026-10-09T14:21:27.2874364Z Build Date: 2026-10-02T22:28:27Z
2026-10-09T14:21:27.2875030Z Worker ID: {52932d8a-f5a2-4ed5-b91f-9cada323bc18}
2026-10-09T14:21:27.2875824Z Region: westus2
2026-10-09T14:21:27.2876406Z Cloud: Azure
2026-10-09T14:21:27.2876966Z ##[endgroup]
2026-10-09T14:21:27.2878511Z ##[group]Operating System
2026-10-09T14:21:27.2879121Z Ubuntu
2026-10-09T14:21:27.2880002Z 24.04.5
2026-10-09T14:21:27.2880543Z LTS
2026-10-09T14:21:27.2881081Z ##[endgroup]
2026-10-09T14:21:27.2881639Z ##[group]Runner Image
2026-10-09T14:21:27.2882238Z Image: ubuntu-24.04
2026-10-09T14:21:27.2882854Z Version: 20261004.327.1
2026-10-09T14:21:27.2884128Z Included Software: https://github.com/actions/runner-images/blob/ubuntu24/20261004.327/images/ubuntu/Ubuntu2404-Readme.md
2026-10-09T14:21:27.2885740Z Image Release: https://github.com/actions/runner-images/releases/tag/ubuntu24%2F20261004.327
2026-10-09T14:21:27.2886705Z ##[endgroup]
2026-10-09T14:21:27.2887884Z ##[group]GITHUB_TOKEN Permissions
2026-10-09T14:21:27.2890091Z Contents: read
2026-10-09T14:21:27.2890805Z Metadata: read
2026-10-09T14:21:27.2891395Z ##[endgroup]
2026-10-09T14:21:27.2893616Z Secret source: Actions
2026-10-09T14:21:27.2894587Z Cache mode: write
2026-10-09T14:21:27.2895262Z Prepare workflow directory
2026-10-09T14:21:27.3512524Z Prepare all required actions
2026-10-09T14:21:27.3561434Z Getting action download info
2026-10-09T14:21:27.7022983Z Download action repository 'actions/checkout@v4.2.2' (SHA:11bd71901bbe5b1630ceea73d27597364c9af683)
2026-10-09T14:21:27.8321056Z Download action repository 'actions/setup-python@v5.6.0' (SHA:a26af69be951a213d495a4c3e4e4022e16d87065)
2026-10-09T14:21:27.9129893Z Download action repository 'actions/upload-artifact@v4.6.2' (SHA:ea165f8d65b6e75b540449e92b4886f43607fa02)
2026-10-09T14:21:28.1273977Z Complete job name: Backend execution / postgres / shard 1
2026-10-09T14:21:28.1803929Z ##[group]Checking docker version
2026-10-09T14:21:28.1817460Z ##[command]/usr/bin/docker version --format '{{.Server.APIVersion}}'
2026-10-09T14:21:28.2925093Z '1.48'
2026-10-09T14:21:28.2941319Z Docker daemon API version: '1.48'
2026-10-09T14:21:28.2942112Z ##[command]/usr/bin/docker version --format '{{.Client.APIVersion}}'
2026-10-09T14:21:28.3135743Z '1.48'
2026-10-09T14:21:28.3156524Z Docker client API version: '1.48'
2026-10-09T14:21:28.3164272Z ##[endgroup]
2026-10-09T14:21:28.3168835Z ##[group]Clean up resources from previous jobs
2026-10-09T14:21:28.3177074Z ##[command]/usr/bin/docker ps --all --quiet --no-trunc --filter "label=cc0bc8"
2026-10-09T14:21:28.3340221Z ##[command]/usr/bin/docker network prune --force --filter "label=cc0bc8"
2026-10-09T14:21:28.3498215Z ##[endgroup]
2026-10-09T14:21:28.3498800Z ##[group]Create local container network
2026-10-09T14:21:28.3512220Z ##[command]/usr/bin/docker network create --label cc0bc8 github_network_4cef391a77da4723ba371b891554f65c
2026-10-09T14:21:28.4800152Z e183dc2b56eb519343fb5e284c63a134e067b53fc1e792e0886cb96b636d8cd0
2026-10-09T14:21:28.4817896Z ##[endgroup]
2026-10-09T14:21:28.4842713Z ##[group]Starting postgres service container
2026-10-09T14:21:28.4863591Z ##[command]/usr/bin/docker pull postgres:16-alpine
2026-10-09T14:21:29.4425560Z 16-alpine: Pulling from library/postgres
2026-10-09T14:21:29.7069579Z e2de96513ba9: Already exists
2026-10-09T14:21:29.7104124Z 1b7f9cd581ee: Pulling fs layer
2026-10-09T14:21:29.7104725Z 210b280f9556: Pulling fs layer
2026-10-09T14:21:29.7105133Z 81717818649a: Pulling fs layer
2026-10-09T14:21:29.7105722Z 3ae6141cfd99: Pulling fs layer
2026-10-09T14:21:29.7106457Z 25b77f59fd95: Pulling fs layer
2026-10-09T14:21:29.7106895Z 6c25da34e03f: Pulling fs layer
2026-10-09T14:21:29.7107285Z a88782f92806: Pulling fs layer
2026-10-09T14:21:29.7107671Z d8d21be4bf02: Pulling fs layer
2026-10-09T14:21:29.7108831Z 6117bd39f23f: Pulling fs layer
2026-10-09T14:21:29.7110091Z 509688edf37b: Pulling fs layer
2026-10-09T14:21:29.7110863Z 3ae6141cfd99: Waiting
2026-10-09T14:21:29.7111612Z 25b77f59fd95: Waiting
2026-10-09T14:21:29.7112381Z 6c25da34e03f: Waiting
2026-10-09T14:21:29.7113140Z a88782f92806: Waiting
2026-10-09T14:21:29.7113979Z 6117bd39f23f: Waiting
2026-10-09T14:21:29.7114926Z 509688edf37b: Waiting
2026-10-09T14:21:29.7115428Z d8d21be4bf02: Waiting
2026-10-09T14:21:29.9923888Z 1b7f9cd581ee: Verifying Checksum
2026-10-09T14:21:29.9925111Z 1b7f9cd581ee: Download complete
2026-10-09T14:21:30.0028313Z 81717818649a: Verifying Checksum
2026-10-09T14:21:30.0029088Z 81717818649a: Download complete
2026-10-09T14:21:30.1313982Z 210b280f9556: Verifying Checksum
2026-10-09T14:21:30.1320460Z 210b280f9556: Download complete
2026-10-09T14:21:30.2730165Z 3ae6141cfd99: Download complete
2026-10-09T14:21:30.4015601Z 6c25da34e03f: Verifying Checksum
2026-10-09T14:21:30.4016808Z 6c25da34e03f: Download complete
2026-10-09T14:21:30.5705354Z a88782f92806: Verifying Checksum
2026-10-09T14:21:30.5707156Z a88782f92806: Download complete
2026-10-09T14:21:30.6824633Z d8d21be4bf02: Verifying Checksum
2026-10-09T14:21:30.6835234Z d8d21be4bf02: Download complete
2026-10-09T14:21:30.8663431Z 6117bd39f23f: Verifying Checksum
2026-10-09T14:21:30.8664136Z 6117bd39f23f: Download complete
2026-10-09T14:21:30.9205415Z 25b77f59fd95: Verifying Checksum
2026-10-09T14:21:30.9205822Z 25b77f59fd95: Download complete
2026-10-09T14:21:30.9753661Z 509688edf37b: Download complete
2026-10-09T14:21:32.3380329Z 1b7f9cd581ee: Pull complete
2026-10-09T14:21:32.6354421Z 210b280f9556: Pull complete
2026-10-09T14:21:32.6467607Z 81717818649a: Pull complete
2026-10-09T14:21:32.6553829Z 3ae6141cfd99: Pull complete
2026-10-09T14:21:35.1357079Z 25b77f59fd95: Pull complete
2026-10-09T14:21:35.1503125Z 6c25da34e03f: Pull complete
2026-10-09T14:21:35.1686617Z a88782f92806: Pull complete
2026-10-09T14:21:35.1789804Z d8d21be4bf02: Pull complete
2026-10-09T14:21:35.1904602Z 6117bd39f23f: Pull complete
2026-10-09T14:21:35.1992745Z 509688edf37b: Pull complete
2026-10-09T14:21:35.2040858Z Digest: sha256:721873c34ceb9f8d8fc265984940dc982404c105f19ad51be9fdc5970a6080ea
2026-10-09T14:21:35.2054933Z Status: Downloaded newer image for postgres:16-alpine
2026-10-09T14:21:35.2062631Z docker.io/library/postgres:16-alpine
2026-10-09T14:21:35.2123154Z ##[command]/usr/bin/docker create --name 04ecd4e8e5a84c1fa56824729f330588_postgres16alpine_9f9a89 --label cc0bc8 --network github_network_4cef391a77da4723ba371b891554f65c --network-alias postgres -p 5432:5432 --health-cmd "pg_isready -U ci -d novel_ci" --health-interval 5s --health-timeout 5s --health-retries 12 -e "POSTGRES_USER=ci" -e "POSTGRES_PASSWORD=ci-ephemeral-only" -e "POSTGRES_DB=novel_ci" -e GITHUB_ACTIONS=true -e CI=true postgres:16-alpine
2026-10-09T14:21:35.2397007Z 6225e5f5adb467d406af34fca623e77bd42354c4ecb13181485c82aed441048f
2026-10-09T14:21:35.2418357Z ##[command]/usr/bin/docker start 6225e5f5adb467d406af34fca623e77bd42354c4ecb13181485c82aed441048f
2026-10-09T14:21:35.4738476Z 6225e5f5adb467d406af34fca623e77bd42354c4ecb13181485c82aed441048f
2026-10-09T14:21:35.4756346Z ##[command]/usr/bin/docker ps --all --filter id=6225e5f5adb467d406af34fca623e77bd42354c4ecb13181485c82aed441048f --filter status=running --no-trunc --format "{{.ID}} {{.Status}}"
2026-10-09T14:21:35.4880995Z 6225e5f5adb467d406af34fca623e77bd42354c4ecb13181485c82aed441048f Up Less than a second (health: starting)
2026-10-09T14:21:35.4971904Z ##[command]/usr/bin/docker port 6225e5f5adb467d406af34fca623e77bd42354c4ecb13181485c82aed441048f
2026-10-09T14:21:35.5098840Z 5432/tcp -> 0.0.0.0:5432
2026-10-09T14:21:35.5099900Z 5432/tcp -> [::]:5432
2026-10-09T14:21:35.5146201Z ##[endgroup]
2026-10-09T14:21:35.5154983Z ##[group]Waiting for all services to be ready
2026-10-09T14:21:35.5168662Z ##[command]/usr/bin/docker inspect --format="{{if .Config.Healthcheck}}{{print .State.Health.Status}}{{end}}" 6225e5f5adb467d406af34fca623e77bd42354c4ecb13181485c82aed441048f
2026-10-09T14:21:35.5298408Z starting
2026-10-09T14:21:35.5320852Z postgres service is starting, waiting 2 seconds before checking again.
2026-10-09T14:21:37.5326828Z ##[command]/usr/bin/docker inspect --format="{{if .Config.Healthcheck}}{{print .State.Health.Status}}{{end}}" 6225e5f5adb467d406af34fca623e77bd42354c4ecb13181485c82aed441048f
2026-10-09T14:21:37.5463939Z starting
2026-10-09T14:21:37.5478236Z postgres service is starting, waiting 3 seconds before checking again.
2026-10-09T14:21:41.2032610Z ##[command]/usr/bin/docker inspect --format="{{if .Config.Healthcheck}}{{print .State.Health.Status}}{{end}}" 6225e5f5adb467d406af34fca623e77bd42354c4ecb13181485c82aed441048f
2026-10-09T14:21:41.2158826Z healthy
2026-10-09T14:21:41.2176412Z postgres service is healthy.
2026-10-09T14:21:41.2177508Z ##[endgroup]
2026-10-09T14:21:41.2464145Z ##[group]Run actions/checkout@v4.2.2
2026-10-09T14:21:41.2464734Z with:
2026-10-09T14:21:41.2464960Z   persist-credentials: false
2026-10-09T14:21:41.2465258Z   repository: 1785235376-blip/AI-Novel-Studio
2026-10-09T14:21:41.2468212Z   token: ***
2026-10-09T14:21:41.2468421Z   ssh-strict: true
2026-10-09T14:21:41.2468623Z   ssh-user: git
2026-10-09T14:21:41.2468815Z   clean: true
2026-10-09T14:21:41.2469024Z   sparse-checkout-cone-mode: true
2026-10-09T14:21:41.2469529Z   fetch-depth: 1
2026-10-09T14:21:41.2469728Z   fetch-tags: false
2026-10-09T14:21:41.2469933Z   show-progress: true
2026-10-09T14:21:41.2470152Z   lfs: false
2026-10-09T14:21:41.2470343Z   submodules: false
2026-10-09T14:21:41.2470555Z   set-safe-directory: true
2026-10-09T14:21:41.2471018Z env:
2026-10-09T14:21:41.2471215Z   MOCK_PROVIDER: true
2026-10-09T14:21:41.2471439Z   MOCK_STREAM_DELAY_MS: 0
2026-10-09T14:21:41.2471656Z   ENABLE_CLOUD: false
2026-10-09T14:21:41.2471881Z   CREDENTIAL_VAULT_BACKEND: memory
2026-10-09T14:21:41.2472201Z   CREDENTIAL_VAULT_ALLOW_MEMORY_FALLBACK: true
2026-10-09T14:21:41.2472503Z   PYTHONDONTWRITEBYTECODE: 1
2026-10-09T14:21:41.2472739Z   HF_HUB_OFFLINE: 1
2026-10-09T14:21:41.2472946Z   TRANSFORMERS_OFFLINE: 1
2026-10-09T14:21:41.2473162Z ##[endgroup]
2026-10-09T14:21:41.3507480Z Syncing repository: 1785235376-blip/AI-Novel-Studio
2026-10-09T14:21:41.3510355Z ##[group]Getting Git version info
2026-10-09T14:21:41.3511122Z Working directory is '/home/runner/work/AI-Novel-Studio/AI-Novel-Studio'
2026-10-09T14:21:41.3511939Z [command]/usr/bin/git version
2026-10-09T14:21:41.3605271Z git version 2.55.0
2026-10-09T14:21:41.3662304Z ##[endgroup]
2026-10-09T14:21:41.3680868Z Temporarily overriding HOME='/home/runner/work/_temp/1aa0aff6-b0c1-4cfe-a4b7-0af55090ab91' before making global git config changes
2026-10-09T14:21:41.3682582Z Adding repository directory to the temporary git global config as a safe directory
2026-10-09T14:21:41.3690520Z [command]/usr/bin/git config --global --add safe.directory /home/runner/work/AI-Novel-Studio/AI-Novel-Studio
2026-10-09T14:21:41.3751207Z Deleting the contents of '/home/runner/work/AI-Novel-Studio/AI-Novel-Studio'
2026-10-09T14:21:41.3756116Z ##[group]Initializing the repository
2026-10-09T14:21:41.3762994Z [command]/usr/bin/git init /home/runner/work/AI-Novel-Studio/AI-Novel-Studio
2026-10-09T14:21:41.3918995Z hint: Using 'master' as the name for the initial branch. This default branch name
2026-10-09T14:21:41.3920490Z hint: will change to "main" in Git 3.0. To configure the initial branch name
2026-10-09T14:21:41.3921309Z hint: to use in all of your new repositories, which will suppress this warning,
2026-10-09T14:21:41.3921855Z hint: call:
2026-10-09T14:21:41.3922098Z hint:
2026-10-09T14:21:41.3922450Z hint: 	git config --global init.defaultBranch <name>
2026-10-09T14:21:41.3922921Z hint:
2026-10-09T14:21:41.3923297Z hint: Names commonly chosen instead of 'master' are 'main', 'trunk' and
2026-10-09T14:21:41.3923993Z hint: 'development'. The just-created branch can be renamed via this command:
2026-10-09T14:21:41.3924526Z hint:
2026-10-09T14:21:41.3924992Z hint: 	git branch -m <name>
2026-10-09T14:21:41.3925628Z hint:
2026-10-09T14:21:41.3926702Z hint: Disable this message with "git config set advice.defaultBranchName false"
2026-10-09T14:21:41.3928878Z Initialized empty Git repository in /home/runner/work/AI-Novel-Studio/AI-Novel-Studio/.git/
2026-10-09T14:21:41.3943761Z [command]/usr/bin/git remote add origin https://github.com/1785235376-blip/AI-Novel-Studio
2026-10-09T14:21:41.4007844Z ##[endgroup]
2026-10-09T14:21:41.4008383Z ##[group]Disabling automatic garbage collection
2026-10-09T14:21:41.4014758Z [command]/usr/bin/git config --local gc.auto 0
2026-10-09T14:21:41.4054697Z ##[endgroup]
2026-10-09T14:21:41.4055431Z ##[group]Setting up auth
2026-10-09T14:21:41.4065158Z [command]/usr/bin/git config --local --name-only --get-regexp core\.sshCommand
2026-10-09T14:21:41.4103904Z [command]/usr/bin/git submodule foreach --recursive sh -c "git config --local --name-only --get-regexp 'core\.sshCommand' && git config --local --unset-all 'core.sshCommand' || :"
2026-10-09T14:21:41.4524086Z [command]/usr/bin/git config --local --name-only --get-regexp http\.https\:\/\/github\.com\/\.extraheader
2026-10-09T14:21:41.4561686Z [command]/usr/bin/git submodule foreach --recursive sh -c "git config --local --name-only --get-regexp 'http\.https\:\/\/github\.com\/\.extraheader' && git config --local --unset-all 'http.https://github.com/.extraheader' || :"
2026-10-09T14:21:41.4798421Z [command]/usr/bin/git config --local http.https://github.com/.extraheader AUTHORIZATION: basic ***
2026-10-09T14:21:41.4841923Z ##[endgroup]
2026-10-09T14:21:41.4842395Z ##[group]Fetching the repository
2026-10-09T14:21:41.4853848Z [command]/usr/bin/git -c protocol.version=2 fetch --no-tags --prune --no-recurse-submodules --depth=1 origin +7f0d911549b04e8dbb7cf078316ad74c42095449:refs/remotes/pull/47/merge
2026-10-09T14:21:45.4526505Z From https://github.com/1785235376-blip/AI-Novel-Studio
2026-10-09T14:21:45.4527627Z  * [new ref]         7f0d911549b04e8dbb7cf078316ad74c42095449 -> pull/47/merge
2026-10-09T14:21:45.4533454Z ##[endgroup]
2026-10-09T14:21:45.4534325Z ##[group]Determining the checkout info
2026-10-09T14:21:45.4542425Z ##[endgroup]
2026-10-09T14:21:45.4554181Z [command]/usr/bin/git sparse-checkout disable
2026-10-09T14:21:45.4609282Z [command]/usr/bin/git config --local --unset-all extensions.worktreeConfig
2026-10-09T14:21:45.4651334Z ##[group]Checking out the ref
2026-10-09T14:21:45.4673236Z [command]/usr/bin/git checkout --progress --force refs/remotes/pull/47/merge
2026-10-09T14:21:46.1187599Z Note: switching to 'refs/remotes/pull/47/merge'.
2026-10-09T14:21:46.1187940Z 
2026-10-09T14:21:46.1188497Z You are in 'detached HEAD' state. You can look around, make experimental
2026-10-09T14:21:46.1189773Z changes and commit them, and you can discard any commits you make in this
2026-10-09T14:21:46.1190687Z state without impacting any branches by switching back to a branch.
2026-10-09T14:21:46.1191270Z 
2026-10-09T14:21:46.1191750Z If you want to create a new branch to retain commits you create, you may
2026-10-09T14:21:46.1192528Z do so (now or later) by using -c with the switch command. Example:
2026-10-09T14:21:46.1193005Z 
2026-10-09T14:21:46.1193193Z   git switch -c <new-branch-name>
2026-10-09T14:21:46.1193496Z 
2026-10-09T14:21:46.1193695Z Or undo this operation with:
2026-10-09T14:21:46.1193964Z 
2026-10-09T14:21:46.1194101Z   git switch -
2026-10-09T14:21:46.1194402Z 
2026-10-09T14:21:46.1194759Z Turn off this advice by setting config variable advice.detachedHead to false
2026-10-09T14:21:46.1195307Z 
2026-10-09T14:21:46.1196009Z HEAD is now at 7f0d911 Merge 99c43b6892038233c390be2ae61acb669163d0b5 into fed2404c8e30b44061b7139dced45b7f3301601c
2026-10-09T14:21:46.1234902Z ##[endgroup]
2026-10-09T14:21:46.1284332Z [command]/usr/bin/git log -1 --format=%H
2026-10-09T14:21:46.1312512Z 7f0d911549b04e8dbb7cf078316ad74c42095449
2026-10-09T14:21:46.1323701Z ##[group]Removing auth
2026-10-09T14:21:46.1328913Z [command]/usr/bin/git config --local --name-only --get-regexp core\.sshCommand
2026-10-09T14:21:46.1365191Z [command]/usr/bin/git submodule foreach --recursive sh -c "git config --local --name-only --get-regexp 'core\.sshCommand' && git config --local --unset-all 'core.sshCommand' || :"
2026-10-09T14:21:46.1603429Z [command]/usr/bin/git config --local --name-only --get-regexp http\.https\:\/\/github\.com\/\.extraheader
2026-10-09T14:21:46.1635121Z http.https://github.com/.extraheader
2026-10-09T14:21:46.1651935Z [command]/usr/bin/git config --local --unset-all http.https://github.com/.extraheader
2026-10-09T14:21:46.1682719Z [command]/usr/bin/git submodule foreach --recursive sh -c "git config --local --name-only --get-regexp 'http\.https\:\/\/github\.com\/\.extraheader' && git config --local --unset-all 'http.https://github.com/.extraheader' || :"
2026-10-09T14:21:46.1909987Z ##[endgroup]
2026-10-09T14:21:46.2167676Z ##[group]Run actions/setup-python@v5.6.0
2026-10-09T14:21:46.2168007Z with:
2026-10-09T14:21:46.2168210Z   python-version: 3.12.9
2026-10-09T14:21:46.2168452Z   check-latest: false
2026-10-09T14:21:46.2171491Z   token: ***
2026-10-09T14:21:46.2171713Z   update-environment: true
2026-10-09T14:21:46.2171979Z   allow-prereleases: false
2026-10-09T14:21:46.2172208Z   freethreaded: false
2026-10-09T14:21:46.2172415Z env:
2026-10-09T14:21:46.2172603Z   MOCK_PROVIDER: true
2026-10-09T14:21:46.2172826Z   MOCK_STREAM_DELAY_MS: 0
2026-10-09T14:21:46.2173061Z   ENABLE_CLOUD: false
2026-10-09T14:21:46.2173282Z   CREDENTIAL_VAULT_BACKEND: memory
2026-10-09T14:21:46.2173569Z   CREDENTIAL_VAULT_ALLOW_MEMORY_FALLBACK: true
2026-10-09T14:21:46.2173874Z   PYTHONDONTWRITEBYTECODE: 1
2026-10-09T14:21:46.2174112Z   HF_HUB_OFFLINE: 1
2026-10-09T14:21:46.2174318Z   TRANSFORMERS_OFFLINE: 1
2026-10-09T14:21:46.2174536Z ##[endgroup]
2026-10-09T14:21:46.3523059Z ##[group]Installed versions
2026-10-09T14:21:46.3542906Z Version 3.12.9 was not found in the local cache
2026-10-09T14:21:46.3668815Z (node:2740) [DEP0040] DeprecationWarning: The `punycode` module is deprecated. Please use a userland alternative instead.
2026-10-09T14:21:46.3669870Z (Use `node --trace-deprecation ...` to show where the warning was created)
2026-10-09T14:21:47.1135878Z Version 3.12.9 is available for downloading
2026-10-09T14:21:47.1138123Z Download from "https://github.com/actions/python-versions/releases/download/3.12.9-13149478207/python-3.12.9-linux-24.04-x64.tar.gz"
2026-10-09T14:21:47.7822070Z Extract downloaded archive
2026-10-09T14:21:47.7964352Z [command]/usr/bin/tar xz --warning=no-unknown-keyword --overwrite -C /home/runner/work/_temp/91c93ec1-238d-438d-834f-f85f41f06d61 -f /home/runner/work/_temp/7d328346-6059-401a-9884-da56039da698
2026-10-09T14:21:49.7906504Z Execute installation script
2026-10-09T14:21:49.8009579Z Check if Python hostedtoolcache folder exist...
2026-10-09T14:21:49.8010189Z Create Python 3.12.9 folder
2026-10-09T14:21:49.8023643Z Copy Python binaries to hostedtoolcache folder
2026-10-09T14:21:50.3113860Z Create additional symlinks (Required for the UsePythonVersion Azure Pipelines task and the setup-python GitHub Action)
2026-10-09T14:21:50.3155298Z Upgrading pip...
2026-10-09T14:21:52.6891051Z Looking in links: /tmp/tmpwp3a6kka
2026-10-09T14:21:52.6895473Z Requirement already satisfied: pip in /opt/hostedtoolcache/Python/3.12.9/x64/lib/python3.12/site-packages (24.3.1)
2026-10-09T14:21:54.2086565Z Collecting pip
2026-10-09T14:21:54.2570450Z Downloading pip-26.2.1-py3-none-any.whl.metadata (4.6 kB)
2026-10-09T14:21:54.2683655Z Downloading pip-26.2.1-py3-none-any.whl (1.8 MB)
2026-10-09T14:21:54.3405288Z ━━━━━━━━━━━━━━━━━━━━━━━━━━━━━━━━━━━━━━━━ 1.8/1.8 MB 30.8 MB/s eta 0:00:00
2026-10-09T14:21:54.3405810Z 
2026-10-09T14:21:54.3619997Z Installing collected packages: pip
2026-10-09T14:21:54.3622369Z Attempting uninstall: pip
2026-10-09T14:21:54.3644376Z Found existing installation: pip 24.3.1
2026-10-09T14:21:54.4004057Z Uninstalling pip-24.3.1:
2026-10-09T14:21:54.4099577Z Successfully uninstalled pip-24.3.1
2026-10-09T14:21:55.3025619Z Successfully installed pip-26.2.1
2026-10-09T14:21:55.3518783Z Create complete file
2026-10-09T14:21:55.3580465Z Successfully set up CPython (3.12.9)
2026-10-09T14:21:55.3582111Z ##[endgroup]
2026-10-09T14:21:55.3783967Z ##[group]Run bash .github/ci/prepare.sh backend-postgres-shard-1
2026-10-09T14:21:55.3784540Z [36;1mbash .github/ci/prepare.sh backend-postgres-shard-1[0m
2026-10-09T14:21:55.4014216Z shell: /usr/bin/bash -e {0}
2026-10-09T14:21:55.4014549Z env:
2026-10-09T14:21:55.4014799Z   MOCK_PROVIDER: true
2026-10-09T14:21:55.4015089Z   MOCK_STREAM_DELAY_MS: 0
2026-10-09T14:21:55.4015381Z   ENABLE_CLOUD: false
2026-10-09T14:21:55.4015671Z   CREDENTIAL_VAULT_BACKEND: memory
2026-10-09T14:21:55.4016044Z   CREDENTIAL_VAULT_ALLOW_MEMORY_FALLBACK: true
2026-10-09T14:21:55.4016444Z   PYTHONDONTWRITEBYTECODE: 1
2026-10-09T14:21:55.4016756Z   HF_HUB_OFFLINE: 1
2026-10-09T14:21:55.4017017Z   TRANSFORMERS_OFFLINE: 1
2026-10-09T14:21:55.4017386Z   pythonLocation: /opt/hostedtoolcache/Python/3.12.9/x64
2026-10-09T14:21:55.4017952Z   PKG_CONFIG_PATH: /opt/hostedtoolcache/Python/3.12.9/x64/lib/pkgconfig
2026-10-09T14:21:55.4018507Z   Python_ROOT_DIR: /opt/hostedtoolcache/Python/3.12.9/x64
2026-10-09T14:21:55.4019041Z   Python2_ROOT_DIR: /opt/hostedtoolcache/Python/3.12.9/x64
2026-10-09T14:21:55.4019735Z   Python3_ROOT_DIR: /opt/hostedtoolcache/Python/3.12.9/x64
2026-10-09T14:21:55.4020228Z   LD_LIBRARY_PATH: /opt/hostedtoolcache/Python/3.12.9/x64/lib
2026-10-09T14:21:55.4020656Z ##[endgroup]
2026-10-09T14:21:56.2363405Z ##[group]Run runtime="$CI_PROJECT/.runtime/ci-backend"
2026-10-09T14:21:56.2364254Z [36;1mruntime="$CI_PROJECT/.runtime/ci-backend"[0m
2026-10-09T14:21:56.2365240Z [36;1mmkdir -p "$runtime"/{home,config,cache,data,state,tmp,appdata,localappdata}[0m
2026-10-09T14:21:56.2366159Z [36;1m{[0m
2026-10-09T14:21:56.2366584Z [36;1m  echo "CI_V2_RUNTIME=$runtime"[0m
2026-10-09T14:21:56.2367172Z [36;1m  echo "HOME=$runtime/home"[0m
2026-10-09T14:21:56.2367683Z [36;1m  echo "USERPROFILE=$runtime/home"[0m
2026-10-09T14:21:56.2368182Z [36;1m  echo "APPDATA=$runtime/appdata"[0m
2026-10-09T14:21:56.2368710Z [36;1m  echo "LOCALAPPDATA=$runtime/localappdata"[0m
2026-10-09T14:21:56.2369473Z [36;1m  echo "XDG_CONFIG_HOME=$runtime/config"[0m
2026-10-09T14:21:56.2370001Z [36;1m  echo "XDG_CACHE_HOME=$runtime/cache"[0m
2026-10-09T14:21:56.2370505Z [36;1m  echo "XDG_DATA_HOME=$runtime/data"[0m
2026-10-09T14:21:56.2371011Z [36;1m  echo "XDG_STATE_HOME=$runtime/state"[0m
2026-10-09T14:21:56.2371550Z [36;1m  echo "TMPDIR=$runtime/tmp"[0m
2026-10-09T14:21:56.2371992Z [36;1m  echo "TMP=$runtime/tmp"[0m
2026-10-09T14:21:56.2372439Z [36;1m  echo "TEMP=$runtime/tmp"[0m
2026-10-09T14:21:56.2372931Z [36;1m  echo "NOVEL_DATA_PATH=$runtime/data/novels"[0m
2026-10-09T14:21:56.2373488Z [36;1m  echo "BACKUP_PATH=$runtime/data/backups"[0m
2026-10-09T14:21:56.2374131Z [36;1m  echo "DATABASE_BACKUP_PATH=$runtime/data/database-backups"[0m
2026-10-09T14:21:56.2374851Z [36;1m  echo "KNOWLEDGE_SOURCE_PATH=$runtime/data/novels"[0m
2026-10-09T14:21:56.2375389Z [36;1m} >> "$GITHUB_ENV"[0m
2026-10-09T14:21:56.2446606Z shell: /usr/bin/bash -e {0}
2026-10-09T14:21:56.2446870Z env:
2026-10-09T14:21:56.2447080Z   MOCK_PROVIDER: true
2026-10-09T14:21:56.2447313Z   MOCK_STREAM_DELAY_MS: 0
2026-10-09T14:21:56.2447542Z   ENABLE_CLOUD: false
2026-10-09T14:21:56.2447768Z   CREDENTIAL_VAULT_BACKEND: memory
2026-10-09T14:21:56.2448050Z   CREDENTIAL_VAULT_ALLOW_MEMORY_FALLBACK: true
2026-10-09T14:21:56.2448367Z   PYTHONDONTWRITEBYTECODE: 1
2026-10-09T14:21:56.2448615Z   HF_HUB_OFFLINE: 1
2026-10-09T14:21:56.2448827Z   TRANSFORMERS_OFFLINE: 1
2026-10-09T14:21:56.2449117Z   pythonLocation: /opt/hostedtoolcache/Python/3.12.9/x64
2026-10-09T14:21:56.2449826Z   PKG_CONFIG_PATH: /opt/hostedtoolcache/Python/3.12.9/x64/lib/pkgconfig
2026-10-09T14:21:56.2450268Z   Python_ROOT_DIR: /opt/hostedtoolcache/Python/3.12.9/x64
2026-10-09T14:21:56.2450646Z   Python2_ROOT_DIR: /opt/hostedtoolcache/Python/3.12.9/x64
2026-10-09T14:21:56.2451018Z   Python3_ROOT_DIR: /opt/hostedtoolcache/Python/3.12.9/x64
2026-10-09T14:21:56.2451398Z   LD_LIBRARY_PATH: /opt/hostedtoolcache/Python/3.12.9/x64/lib
2026-10-09T14:21:56.2451795Z   CI_COVERAGE_SHA: 7f0d911549b04e8dbb7cf078316ad74c42095449
2026-10-09T14:21:56.2452379Z   CI_COVERAGE_TREE: 69d69ffe71838263069d164a0a07b39b5f4a4333
2026-10-09T14:21:56.2452854Z   CI_SANDBOX: /home/runner/work/_temp/novel-ci-backend-postgres-shard-1.iGom5p
2026-10-09T14:21:56.2453420Z   CI_PROJECT: /home/runner/work/_temp/novel-ci-backend-postgres-shard-1.iGom5p/project
2026-10-09T14:21:56.2454004Z   CI_RECEIPTS: /home/runner/work/_temp/novel-ci-backend-postgres-shard-1.iGom5p/receipts
2026-10-09T14:21:56.2454561Z   HOME: /home/runner/work/_temp/novel-ci-backend-postgres-shard-1.iGom5p/home
2026-10-09T14:21:56.2455111Z   USERPROFILE: /home/runner/work/_temp/novel-ci-backend-postgres-shard-1.iGom5p/home
2026-10-09T14:21:56.2455678Z   APPDATA: /home/runner/work/_temp/novel-ci-backend-postgres-shard-1.iGom5p/appdata
2026-10-09T14:21:56.2456285Z   LOCALAPPDATA: /home/runner/work/_temp/novel-ci-backend-postgres-shard-1.iGom5p/localappdata
2026-10-09T14:21:56.2456908Z   XDG_CONFIG_HOME: /home/runner/work/_temp/novel-ci-backend-postgres-shard-1.iGom5p/config
2026-10-09T14:21:56.2457505Z   XDG_CACHE_HOME: /home/runner/work/_temp/novel-ci-backend-postgres-shard-1.iGom5p/cache
2026-10-09T14:21:56.2458073Z   XDG_DATA_HOME: /home/runner/work/_temp/novel-ci-backend-postgres-shard-1.iGom5p/data
2026-10-09T14:21:56.2458814Z   XDG_STATE_HOME: /home/runner/work/_temp/novel-ci-backend-postgres-shard-1.iGom5p/state
2026-10-09T14:21:56.2459619Z   TMPDIR: /home/runner/work/_temp/novel-ci-backend-postgres-shard-1.iGom5p/tmp
2026-10-09T14:21:56.2460152Z   TMP: /home/runner/work/_temp/novel-ci-backend-postgres-shard-1.iGom5p/tmp
2026-10-09T14:21:56.2460657Z   TEMP: /home/runner/work/_temp/novel-ci-backend-postgres-shard-1.iGom5p/tmp
2026-10-09T14:21:56.2461199Z   PROJECT_ROOT: /home/runner/work/_temp/novel-ci-backend-postgres-shard-1.iGom5p/project
2026-10-09T14:21:56.2461828Z   NOVEL_DATA_PATH: /home/runner/work/_temp/novel-ci-backend-postgres-shard-1.iGom5p/data/novels
2026-10-09T14:21:56.2462470Z   BACKUP_PATH: /home/runner/work/_temp/novel-ci-backend-postgres-shard-1.iGom5p/data/backups
2026-10-09T14:21:56.2463172Z   DATABASE_BACKUP_PATH: /home/runner/work/_temp/novel-ci-backend-postgres-shard-1.iGom5p/data/database-backups
2026-10-09T14:21:56.2463914Z   KNOWLEDGE_SOURCE_PATH: /home/runner/work/_temp/novel-ci-backend-postgres-shard-1.iGom5p/data/novels
2026-10-09T14:21:56.2464386Z ##[endgroup]
2026-10-09T14:21:56.2885434Z ##[group]Run python -m pip install -c .github/ci/python-constraints.txt -e '.[dev,fontbuild,otio,comic]'
2026-10-09T14:21:56.2886252Z [36;1mpython -m pip install -c .github/ci/python-constraints.txt -e '.[dev,fontbuild,otio,comic]'[0m
2026-10-09T14:21:56.2886777Z [36;1mpython -m pip check[0m
2026-10-09T14:21:56.2887193Z [36;1mpython -m pip freeze --exclude-editable > "$CI_RECEIPTS/python-packages.txt"[0m
2026-10-09T14:21:56.2952926Z shell: /usr/bin/bash -e {0}
2026-10-09T14:21:56.2953344Z env:
2026-10-09T14:21:56.2953686Z   MOCK_PROVIDER: true
2026-10-09T14:21:56.2954079Z   MOCK_STREAM_DELAY_MS: 0
2026-10-09T14:21:56.2954480Z   ENABLE_CLOUD: false
2026-10-09T14:21:56.2954865Z   CREDENTIAL_VAULT_BACKEND: memory
2026-10-09T14:21:56.2955358Z   CREDENTIAL_VAULT_ALLOW_MEMORY_FALLBACK: true
2026-10-09T14:21:56.2955886Z   PYTHONDONTWRITEBYTECODE: 1
2026-10-09T14:21:56.2956294Z   HF_HUB_OFFLINE: 1
2026-10-09T14:21:56.2956661Z   TRANSFORMERS_OFFLINE: 1
2026-10-09T14:21:56.2957210Z   pythonLocation: /opt/hostedtoolcache/Python/3.12.9/x64
2026-10-09T14:21:56.2957952Z   PKG_CONFIG_PATH: /opt/hostedtoolcache/Python/3.12.9/x64/lib/pkgconfig
2026-10-09T14:21:56.2958688Z   Python_ROOT_DIR: /opt/hostedtoolcache/Python/3.12.9/x64
2026-10-09T14:21:56.2959619Z   Python2_ROOT_DIR: /opt/hostedtoolcache/Python/3.12.9/x64
2026-10-09T14:21:56.2960357Z   Python3_ROOT_DIR: /opt/hostedtoolcache/Python/3.12.9/x64
2026-10-09T14:21:56.2961024Z   LD_LIBRARY_PATH: /opt/hostedtoolcache/Python/3.12.9/x64/lib
2026-10-09T14:21:56.2961702Z   CI_COVERAGE_SHA: 7f0d911549b04e8dbb7cf078316ad74c42095449
2026-10-09T14:21:56.2962358Z   CI_COVERAGE_TREE: 69d69ffe71838263069d164a0a07b39b5f4a4333
2026-10-09T14:21:56.2963377Z   CI_SANDBOX: /home/runner/work/_temp/novel-ci-backend-postgres-shard-1.iGom5p
2026-10-09T14:21:56.2964384Z   CI_PROJECT: /home/runner/work/_temp/novel-ci-backend-postgres-shard-1.iGom5p/project
2026-10-09T14:21:56.2965460Z   CI_RECEIPTS: /home/runner/work/_temp/novel-ci-backend-postgres-shard-1.iGom5p/receipts
2026-10-09T14:21:56.2966665Z   HOME: /home/runner/work/_temp/novel-ci-backend-postgres-shard-1.iGom5p/project/.runtime/ci-backend/home
2026-10-09T14:21:56.2968055Z   USERPROFILE: /home/runner/work/_temp/novel-ci-backend-postgres-shard-1.iGom5p/project/.runtime/ci-backend/home
2026-10-09T14:21:56.2969683Z   APPDATA: /home/runner/work/_temp/novel-ci-backend-postgres-shard-1.iGom5p/project/.runtime/ci-backend/appdata
2026-10-09T14:21:56.2971162Z   LOCALAPPDATA: /home/runner/work/_temp/novel-ci-backend-postgres-shard-1.iGom5p/project/.runtime/ci-backend/localappdata
2026-10-09T14:21:56.2972711Z   XDG_CONFIG_HOME: /home/runner/work/_temp/novel-ci-backend-postgres-shard-1.iGom5p/project/.runtime/ci-backend/config
2026-10-09T14:21:56.2974162Z   XDG_CACHE_HOME: /home/runner/work/_temp/novel-ci-backend-postgres-shard-1.iGom5p/project/.runtime/ci-backend/cache
2026-10-09T14:21:56.2975573Z   XDG_DATA_HOME: /home/runner/work/_temp/novel-ci-backend-postgres-shard-1.iGom5p/project/.runtime/ci-backend/data
2026-10-09T14:21:56.2977016Z   XDG_STATE_HOME: /home/runner/work/_temp/novel-ci-backend-postgres-shard-1.iGom5p/project/.runtime/ci-backend/state
2026-10-09T14:21:56.2978407Z   TMPDIR: /home/runner/work/_temp/novel-ci-backend-postgres-shard-1.iGom5p/project/.runtime/ci-backend/tmp
2026-10-09T14:21:56.2979923Z   TMP: /home/runner/work/_temp/novel-ci-backend-postgres-shard-1.iGom5p/project/.runtime/ci-backend/tmp
2026-10-09T14:21:56.2981210Z   TEMP: /home/runner/work/_temp/novel-ci-backend-postgres-shard-1.iGom5p/project/.runtime/ci-backend/tmp
2026-10-09T14:21:56.2982393Z   PROJECT_ROOT: /home/runner/work/_temp/novel-ci-backend-postgres-shard-1.iGom5p/project
2026-10-09T14:21:56.2983695Z   NOVEL_DATA_PATH: /home/runner/work/_temp/novel-ci-backend-postgres-shard-1.iGom5p/project/.runtime/ci-backend/data/novels
2026-10-09T14:21:56.2985235Z   BACKUP_PATH: /home/runner/work/_temp/novel-ci-backend-postgres-shard-1.iGom5p/project/.runtime/ci-backend/data/backups
2026-10-09T14:21:56.2987079Z   DATABASE_BACKUP_PATH: /home/runner/work/_temp/novel-ci-backend-postgres-shard-1.iGom5p/project/.runtime/ci-backend/data/database-backups
2026-10-09T14:21:56.2988814Z   KNOWLEDGE_SOURCE_PATH: /home/runner/work/_temp/novel-ci-backend-postgres-shard-1.iGom5p/project/.runtime/ci-backend/data/novels
2026-10-09T14:21:56.2990069Z   CI_V2_RUNTIME: /home/runner/work/_temp/novel-ci-backend-postgres-shard-1.iGom5p/project/.runtime/ci-backend
2026-10-09T14:21:56.2990597Z ##[endgroup]
2026-10-09T14:21:57.4511663Z Obtaining file:///home/runner/work/_temp/novel-ci-backend-postgres-shard-1.iGom5p/project
2026-10-09T14:21:57.4529323Z   Installing build dependencies: started
2026-10-09T14:21:58.7266116Z   Installing build dependencies: finished with status 'done'
2026-10-09T14:21:58.7272207Z   Checking if build backend supports build_editable: started
2026-10-09T14:21:59.4192377Z   Checking if build backend supports build_editable: finished with status 'done'
2026-10-09T14:21:59.4201064Z   Getting requirements to build editable: started
2026-10-09T14:22:00.3303425Z   Getting requirements to build editable: finished with status 'done'
2026-10-09T14:22:00.3312717Z   Preparing editable metadata (pyproject.toml): started
2026-10-09T14:22:01.2867042Z   Preparing editable metadata (pyproject.toml): finished with status 'done'
2026-10-09T14:22:01.3987045Z Collecting fastapi<1,>=0.115 (from ai-novel-studio==0.7.0)
2026-10-09T14:22:01.4564583Z   Downloading fastapi-0.142.2-py3-none-any.whl.metadata (27 kB)
2026-10-09T14:22:01.4952188Z Collecting uvicorn<1,>=0.30 (from ai-novel-studio==0.7.0)
2026-10-09T14:22:01.5022298Z   Downloading uvicorn-0.54.0-py3-none-any.whl.metadata (6.6 kB)
2026-10-09T14:22:01.5217803Z Collecting psycopg<4,>=3.2 (from psycopg[binary]<4,>=3.2->ai-novel-studio==0.7.0)
2026-10-09T14:22:01.5288953Z   Downloading psycopg-3.3.6-py3-none-any.whl.metadata (4.4 kB)
2026-10-09T14:22:01.8630445Z Collecting sqlalchemy<3,>=2.0 (from ai-novel-studio==0.7.0)
2026-10-09T14:22:01.8706373Z   Downloading sqlalchemy-2.1.3-cp312-cp312-manylinux2014_x86_64.manylinux_2_17_x86_64.manylinux_2_28_x86_64.whl.metadata (9.7 kB)
2026-10-09T14:22:01.8971490Z Collecting httpx<1,>=0.27 (from ai-novel-studio==0.7.0)
2026-10-09T14:22:01.9045776Z   Downloading httpx-0.28.1-py3-none-any.whl.metadata (7.1 kB)
2026-10-09T14:22:01.9236599Z Collecting pydantic-settings<3,>=2.6 (from ai-novel-studio==0.7.0)
2026-10-09T14:22:01.9306877Z   Downloading pydantic_settings-2.15.0-py3-none-any.whl.metadata (3.9 kB)
2026-10-09T14:22:02.0396544Z Collecting reportlab<5,>=4.0 (from ai-novel-studio==0.7.0)
2026-10-09T14:22:02.0473812Z   Downloading reportlab-4.5.1-py3-none-any.whl.metadata (1.7 kB)
2026-10-09T14:22:02.0708794Z Collecting pypdf==6.19.0 (from ai-novel-studio==0.7.0)
2026-10-09T14:22:02.0779598Z   Downloading pypdf-6.19.0-py3-none-any.whl.metadata (7.5 kB)
2026-10-09T14:22:02.1034016Z Collecting jsonschema<5,>=4.18 (from ai-novel-studio==0.7.0)
2026-10-09T14:22:02.1103143Z   Downloading jsonschema-4.26.0-py3-none-any.whl.metadata (7.6 kB)
2026-10-09T14:22:02.1411583Z Collecting pytest<9,>=8 (from ai-novel-studio==0.7.0)
2026-10-09T14:22:02.1482259Z   Downloading pytest-8.4.2-py3-none-any.whl.metadata (7.7 kB)
2026-10-09T14:22:02.2964507Z Collecting fonttools==4.59.1 (from ai-novel-studio==0.7.0)
2026-10-09T14:22:02.3053982Z   Downloading fonttools-4.59.1-cp312-cp312-manylinux1_x86_64.manylinux2014_x86_64.manylinux_2_17_x86_64.manylinux_2_5_x86_64.whl.metadata (108 kB)
2026-10-09T14:22:02.3490414Z Collecting opentimelineio==0.18.1 (from ai-novel-studio==0.7.0)
2026-10-09T14:22:02.3566384Z   Downloading opentimelineio-0.18.1-cp312-cp312-manylinux2014_x86_64.manylinux_2_17_x86_64.whl.metadata (2.6 kB)
2026-10-09T14:22:02.5460444Z Collecting Pillow==12.3.0 (from ai-novel-studio==0.7.0)
2026-10-09T14:22:02.5539366Z   Downloading pillow-12.3.0-cp312-cp312-manylinux_2_27_x86_64.manylinux_2_28_x86_64.whl.metadata (9.1 kB)
2026-10-09T14:22:02.5845849Z Collecting starlette>=0.46.0 (from fastapi<1,>=0.115->ai-novel-studio==0.7.0)
2026-10-09T14:22:02.5918412Z   Downloading starlette-1.7.0-py3-none-any.whl.metadata (6.6 kB)
2026-10-09T14:22:02.6954820Z Collecting pydantic>=2.9.0 (from fastapi<1,>=0.115->ai-novel-studio==0.7.0)
2026-10-09T14:22:02.7028846Z   Downloading pydantic-2.13.5-py3-none-any.whl.metadata (110 kB)
2026-10-09T14:22:02.7332189Z Collecting typing-extensions>=4.8.0 (from fastapi<1,>=0.115->ai-novel-studio==0.7.0)
2026-10-09T14:22:02.7403421Z   Downloading typing_extensions-4.16.0-py3-none-any.whl.metadata (3.3 kB)
2026-10-09T14:22:02.7546423Z Collecting typing-inspection>=0.4.2 (from fastapi<1,>=0.115->ai-novel-studio==0.7.0)
2026-10-09T14:22:02.7614898Z   Downloading typing_inspection-0.4.4-py3-none-any.whl.metadata (2.6 kB)
2026-10-09T14:22:02.7769682Z Collecting annotated-doc>=0.0.2 (from fastapi<1,>=0.115->ai-novel-studio==0.7.0)
2026-10-09T14:22:02.7839545Z   Downloading annotated_doc-0.0.5-py3-none-any.whl.metadata (6.5 kB)
2026-10-09T14:22:02.8048922Z Collecting opentelemetry-api>=1.44.0 (from fastapi<1,>=0.115->ai-novel-studio==0.7.0)
2026-10-09T14:22:02.8118046Z   Downloading opentelemetry_api-1.45.0-py3-none-any.whl.metadata (1.4 kB)
2026-10-09T14:22:02.8346453Z Collecting anyio (from httpx<1,>=0.27->ai-novel-studio==0.7.0)
2026-10-09T14:22:02.8416303Z   Downloading anyio-4.15.1-py3-none-any.whl.metadata (4.7 kB)
2026-10-09T14:22:02.8613007Z Collecting certifi (from httpx<1,>=0.27->ai-novel-studio==0.7.0)
2026-10-09T14:22:02.8682441Z   Downloading certifi-2026.7.22-py3-none-any.whl.metadata (2.5 kB)
2026-10-09T14:22:02.8864115Z Collecting httpcore==1.* (from httpx<1,>=0.27->ai-novel-studio==0.7.0)
2026-10-09T14:22:02.8942182Z   Downloading httpcore-1.0.9-py3-none-any.whl.metadata (21 kB)
2026-10-09T14:22:02.9124553Z Collecting idna (from httpx<1,>=0.27->ai-novel-studio==0.7.0)
2026-10-09T14:22:02.9195472Z   Downloading idna-3.20-py3-none-any.whl.metadata (7.2 kB)
2026-10-09T14:22:02.9353326Z Collecting h11>=0.16 (from httpcore==1.*->httpx<1,>=0.27->ai-novel-studio==0.7.0)
2026-10-09T14:22:02.9421970Z   Downloading h11-0.16.0-py3-none-any.whl.metadata (8.3 kB)
2026-10-09T14:22:02.9590218Z Collecting attrs>=22.2.0 (from jsonschema<5,>=4.18->ai-novel-studio==0.7.0)
2026-10-09T14:22:02.9667968Z   Downloading attrs-26.1.0-py3-none-any.whl.metadata (8.8 kB)
2026-10-09T14:22:02.9826456Z Collecting jsonschema-specifications>=2023.03.6 (from jsonschema<5,>=4.18->ai-novel-studio==0.7.0)
2026-10-09T14:22:02.9900848Z   Downloading jsonschema_specifications-2025.9.1-py3-none-any.whl.metadata (2.9 kB)
2026-10-09T14:22:03.0138460Z Collecting referencing>=0.28.4 (from jsonschema<5,>=4.18->ai-novel-studio==0.7.0)
2026-10-09T14:22:03.0209006Z   Downloading referencing-0.37.0-py3-none-any.whl.metadata (2.8 kB)
2026-10-09T14:22:03.2825215Z Collecting rpds-py>=0.25.0 (from jsonschema<5,>=4.18->ai-novel-studio==0.7.0)
2026-10-09T14:22:03.2900703Z   Downloading rpds_py-2026.9.1-cp312-cp312-manylinux_2_17_x86_64.manylinux2014_x86_64.whl.metadata (4.1 kB)
2026-10-09T14:22:03.4689762Z Collecting psycopg-binary==3.3.6 (from psycopg[binary]<4,>=3.2->ai-novel-studio==0.7.0)
2026-10-09T14:22:03.4762934Z   Downloading psycopg_binary-3.3.6-cp312-cp312-manylinux2014_x86_64.manylinux_2_17_x86_64.whl.metadata (2.7 kB)
2026-10-09T14:22:03.4979916Z Collecting python-dotenv>=0.21.0 (from pydantic-settings<3,>=2.6->ai-novel-studio==0.7.0)
2026-10-09T14:22:03.5051401Z   Downloading python_dotenv-1.2.4-py3-none-any.whl.metadata (29 kB)
2026-10-09T14:22:03.5225061Z Collecting iniconfig>=1 (from pytest<9,>=8->ai-novel-studio==0.7.0)
2026-10-09T14:22:03.5292745Z   Downloading iniconfig-2.3.0-py3-none-any.whl.metadata (2.5 kB)
2026-10-09T14:22:03.5467938Z Collecting packaging>=20 (from pytest<9,>=8->ai-novel-studio==0.7.0)
2026-10-09T14:22:03.5537137Z   Downloading packaging-26.3-py3-none-any.whl.metadata (3.5 kB)
2026-10-09T14:22:03.5686230Z Collecting pluggy<2,>=1.5 (from pytest<9,>=8->ai-novel-studio==0.7.0)
2026-10-09T14:22:03.5757353Z   Downloading pluggy-1.6.0-py3-none-any.whl.metadata (4.8 kB)
2026-10-09T14:22:03.5963046Z Collecting pygments>=2.7.2 (from pytest<9,>=8->ai-novel-studio==0.7.0)
2026-10-09T14:22:03.6032296Z   Downloading pygments-2.21.0-py3-none-any.whl.metadata (2.5 kB)
2026-10-09T14:22:03.7233194Z Collecting charset-normalizer (from reportlab<5,>=4.0->ai-novel-studio==0.7.0)
2026-10-09T14:22:03.7306393Z   Downloading charset_normalizer-3.5.2-cp312-cp312-manylinux2014_x86_64.manylinux_2_17_x86_64.manylinux_2_28_x86_64.whl.metadata (46 kB)
2026-10-09T14:22:03.7538588Z Collecting click>=7.0 (from uvicorn<1,>=0.30->ai-novel-studio==0.7.0)
2026-10-09T14:22:03.7608396Z   Downloading click-8.5.0-py3-none-any.whl.metadata (2.6 kB)
2026-10-09T14:22:03.7803232Z Collecting annotated-types>=0.6.0 (from pydantic>=2.9.0->fastapi<1,>=0.115->ai-novel-studio==0.7.0)
2026-10-09T14:22:03.7870600Z   Downloading annotated_types-0.8.0-py3-none-any.whl.metadata (15 kB)
2026-10-09T14:22:04.4527478Z Collecting pydantic-core==2.46.5 (from pydantic>=2.9.0->fastapi<1,>=0.115->ai-novel-studio==0.7.0)
2026-10-09T14:22:04.4602732Z   Downloading pydantic_core-2.46.5-cp312-cp312-manylinux_2_17_x86_64.manylinux2014_x86_64.whl.metadata (6.6 kB)
2026-10-09T14:22:04.4856477Z Downloading fonttools-4.59.1-cp312-cp312-manylinux1_x86_64.manylinux2014_x86_64.manylinux_2_17_x86_64.manylinux_2_5_x86_64.whl (4.9 MB)
2026-10-09T14:22:04.6574876Z    ━━━━━━━━━━━━━━━━━━━━━━━━━━━━━━━━━━━━━━━━ 4.9/4.9 MB 30.8 MB/s  0:00:00
2026-10-09T14:22:04.6653113Z Downloading opentimelineio-0.18.1-cp312-cp312-manylinux2014_x86_64.manylinux_2_17_x86_64.whl (842 kB)
2026-10-09T14:22:04.6818854Z    ━━━━━━━━━━━━━━━━━━━━━━━━━━━━━━━━━━━━━━━━ 842.8/842.8 kB 47.4 MB/s  0:00:00
2026-10-09T14:22:04.6888666Z Downloading pillow-12.3.0-cp312-cp312-manylinux_2_27_x86_64.manylinux_2_28_x86_64.whl (6.9 MB)
2026-10-09T14:22:04.7834642Z    ━━━━━━━━━━━━━━━━━━━━━━━━━━━━━━━━━━━━━━━━ 6.9/6.9 MB 73.7 MB/s  0:00:00
2026-10-09T14:22:04.7905022Z Downloading pypdf-6.19.0-py3-none-any.whl (395 kB)
2026-10-09T14:22:04.8042088Z Downloading fastapi-0.142.2-py3-none-any.whl (144 kB)
2026-10-09T14:22:04.8136503Z Downloading httpx-0.28.1-py3-none-any.whl (73 kB)
2026-10-09T14:22:04.8229688Z Downloading httpcore-1.0.9-py3-none-any.whl (78 kB)
2026-10-09T14:22:04.8314346Z Downloading jsonschema-4.26.0-py3-none-any.whl (90 kB)
2026-10-09T14:22:04.8399809Z Downloading psycopg-3.3.6-py3-none-any.whl (215 kB)
2026-10-09T14:22:04.8504129Z Downloading psycopg_binary-3.3.6-cp312-cp312-manylinux2014_x86_64.manylinux_2_17_x86_64.whl (5.2 MB)
2026-10-09T14:22:04.9257077Z    ━━━━━━━━━━━━━━━━━━━━━━━━━━━━━━━━━━━━━━━━ 5.2/5.2 MB 69.9 MB/s  0:00:00
2026-10-09T14:22:04.9325499Z Downloading pydantic_settings-2.15.0-py3-none-any.whl (69 kB)
2026-10-09T14:22:04.9414734Z Downloading pytest-8.4.2-py3-none-any.whl (365 kB)
2026-10-09T14:22:04.9531517Z Downloading pluggy-1.6.0-py3-none-any.whl (20 kB)
2026-10-09T14:22:04.9616514Z Downloading reportlab-4.5.1-py3-none-any.whl (2.0 MB)
2026-10-09T14:22:04.9899413Z    ━━━━━━━━━━━━━━━━━━━━━━━━━━━━━━━━━━━━━━━━ 2.0/2.0 MB 69.0 MB/s  0:00:00
2026-10-09T14:22:04.9970366Z Downloading sqlalchemy-2.1.3-cp312-cp312-manylinux2014_x86_64.manylinux_2_17_x86_64.manylinux_2_28_x86_64.whl (4.7 MB)
2026-10-09T14:22:05.0627763Z    ━━━━━━━━━━━━━━━━━━━━━━━━━━━━━━━━━━━━━━━━ 4.7/4.7 MB 71.9 MB/s  0:00:00
2026-10-09T14:22:05.0696740Z Downloading uvicorn-0.54.0-py3-none-any.whl (87 kB)
2026-10-09T14:22:05.0796850Z Downloading annotated_doc-0.0.5-py3-none-any.whl (5.3 kB)
2026-10-09T14:22:05.0885211Z Downloading attrs-26.1.0-py3-none-any.whl (67 kB)
2026-10-09T14:22:05.0974344Z Downloading click-8.5.0-py3-none-any.whl (125 kB)
2026-10-09T14:22:05.1066358Z Downloading h11-0.16.0-py3-none-any.whl (37 kB)
2026-10-09T14:22:05.1157253Z Downloading iniconfig-2.3.0-py3-none-any.whl (7.5 kB)
2026-10-09T14:22:05.1243776Z Downloading jsonschema_specifications-2025.9.1-py3-none-any.whl (18 kB)
2026-10-09T14:22:05.1332581Z Downloading opentelemetry_api-1.45.0-py3-none-any.whl (60 kB)
2026-10-09T14:22:05.1420696Z Downloading packaging-26.3-py3-none-any.whl (129 kB)
2026-10-09T14:22:05.1517006Z Downloading pydantic-2.13.5-py3-none-any.whl (472 kB)
2026-10-09T14:22:05.1674929Z Downloading pydantic_core-2.46.5-cp312-cp312-manylinux_2_17_x86_64.manylinux2014_x86_64.whl (2.1 MB)
2026-10-09T14:22:05.2001378Z    ━━━━━━━━━━━━━━━━━━━━━━━━━━━━━━━━━━━━━━━━ 2.1/2.1 MB 61.9 MB/s  0:00:00
2026-10-09T14:22:05.2077675Z Downloading annotated_types-0.8.0-py3-none-any.whl (13 kB)
2026-10-09T14:22:05.2165652Z Downloading pygments-2.21.0-py3-none-any.whl (1.3 MB)
2026-10-09T14:22:05.2364326Z    ━━━━━━━━━━━━━━━━━━━━━━━━━━━━━━━━━━━━━━━━ 1.3/1.3 MB 60.2 MB/s  0:00:00
2026-10-09T14:22:05.2434512Z Downloading python_dotenv-1.2.4-py3-none-any.whl (23 kB)
2026-10-09T14:22:05.2525255Z Downloading referencing-0.37.0-py3-none-any.whl (26 kB)
2026-10-09T14:22:05.2618402Z Downloading rpds_py-2026.9.1-cp312-cp312-manylinux_2_17_x86_64.manylinux2014_x86_64.whl (371 kB)
2026-10-09T14:22:05.2734151Z Downloading starlette-1.7.0-py3-none-any.whl (78 kB)
2026-10-09T14:22:05.2823137Z Downloading anyio-4.15.1-py3-none-any.whl (132 kB)
2026-10-09T14:22:05.2918422Z Downloading idna-3.20-py3-none-any.whl (69 kB)
2026-10-09T14:22:05.3006627Z Downloading typing_extensions-4.16.0-py3-none-any.whl (45 kB)
2026-10-09T14:22:05.3096082Z Downloading typing_inspection-0.4.4-py3-none-any.whl (14 kB)
2026-10-09T14:22:05.3184114Z Downloading certifi-2026.7.22-py3-none-any.whl (136 kB)
2026-10-09T14:22:05.3281256Z Downloading charset_normalizer-3.5.2-cp312-cp312-manylinux2014_x86_64.manylinux_2_17_x86_64.manylinux_2_28_x86_64.whl (257 kB)
2026-10-09T14:22:05.4608434Z Building wheels for collected packages: ai-novel-studio
2026-10-09T14:22:05.4617326Z   Building editable for ai-novel-studio (pyproject.toml): started
2026-10-09T14:22:06.4374985Z   Building editable for ai-novel-studio (pyproject.toml): finished with status 'done'
2026-10-09T14:22:06.4381576Z   Created wheel for ai-novel-studio: filename=ai_novel_studio-0.7.0-0.editable-py3-none-any.whl size=3196 sha256=d799f0fd99248b9d88663215a1da05dd891b4e51632919ba2a623af71a959351
2026-10-09T14:22:06.4383834Z   Stored in directory: /home/runner/work/_temp/novel-ci-backend-postgres-shard-1.iGom5p/project/.runtime/ci-backend/tmp/pip-ephem-wheel-cache-_y6s0uyg/wheels/8a/5a/b8/f8bb3e61b5ab81798ed527df5c85c7618cccf1a6ad580a7037
2026-10-09T14:22:06.4399080Z Successfully built ai-novel-studio
2026-10-09T14:22:06.5418304Z Installing collected packages: typing-extensions, rpds-py, python-dotenv, pypdf, pygments, psycopg-binary, pluggy, Pillow, packaging, opentimelineio, iniconfig, idna, h11, fonttools, click, charset-normalizer, certifi, attrs, annotated-types, annotated-doc, uvicorn, typing-inspection, sqlalchemy, reportlab, referencing, pytest, pydantic-core, psycopg, opentelemetry-api, httpcore, anyio, starlette, pydantic, jsonschema-specifications, httpx, pydantic-settings, jsonschema, fastapi, ai-novel-studio
2026-10-09T14:22:12.9506829Z 
2026-10-09T14:22:12.9545830Z Successfully installed Pillow-12.3.0 ai-novel-studio-0.7.0 annotated-doc-0.0.5 annotated-types-0.8.0 anyio-4.15.1 attrs-26.1.0 certifi-2026.7.22 charset-normalizer-3.5.2 click-8.5.0 fastapi-0.142.2 fonttools-4.59.1 h11-0.16.0 httpcore-1.0.9 httpx-0.28.1 idna-3.20 iniconfig-2.3.0 jsonschema-4.26.0 jsonschema-specifications-2025.9.1 opentelemetry-api-1.45.0 opentimelineio-0.18.1 packaging-26.3 pluggy-1.6.0 psycopg-3.3.6 psycopg-binary-3.3.6 pydantic-2.13.5 pydantic-core-2.46.5 pydantic-settings-2.15.0 pygments-2.21.0 pypdf-6.19.0 pytest-8.4.2 python-dotenv-1.2.4 referencing-0.37.0 reportlab-4.5.1 rpds-py-2026.9.1 sqlalchemy-2.1.3 starlette-1.7.0 typing-extensions-4.16.0 typing-inspection-0.4.4 uvicorn-0.54.0
2026-10-09T14:22:13.8427221Z No broken requirements found.
2026-10-09T14:22:15.1886457Z ##[group]Run sudo apt-get update
2026-10-09T14:22:15.1886806Z [36;1msudo apt-get update[0m
2026-10-09T14:22:15.1887201Z [36;1msudo apt-get install -y --no-install-recommends ffmpeg[0m
2026-10-09T14:22:15.1887672Z [36;1mffmpeg -version > "$CI_RECEIPTS/ffmpeg-version.txt"[0m
2026-10-09T14:22:15.1888117Z [36;1mffprobe -version > "$CI_RECEIPTS/ffprobe-version.txt"[0m
2026-10-09T14:22:15.1888644Z [36;1mpython -c "import shutil; assert shutil.which('ffmpeg') and shutil.which('ffprobe')"[0m
2026-10-09T14:22:15.1953190Z shell: /usr/bin/bash -e {0}
2026-10-09T14:22:15.1953456Z env:
2026-10-09T14:22:15.1953647Z   MOCK_PROVIDER: true
2026-10-09T14:22:15.1953876Z   MOCK_STREAM_DELAY_MS: 0
2026-10-09T14:22:15.1954104Z   ENABLE_CLOUD: false
2026-10-09T14:22:15.1954330Z   CREDENTIAL_VAULT_BACKEND: memory
2026-10-09T14:22:15.1954614Z   CREDENTIAL_VAULT_ALLOW_MEMORY_FALLBACK: true
2026-10-09T14:22:15.1954923Z   PYTHONDONTWRITEBYTECODE: 1
2026-10-09T14:22:15.1955160Z   HF_HUB_OFFLINE: 1
2026-10-09T14:22:15.1955389Z   TRANSFORMERS_OFFLINE: 1
2026-10-09T14:22:15.1955685Z   pythonLocation: /opt/hostedtoolcache/Python/3.12.9/x64
2026-10-09T14:22:15.1956115Z   PKG_CONFIG_PATH: /opt/hostedtoolcache/Python/3.12.9/x64/lib/pkgconfig
2026-10-09T14:22:15.1956538Z   Python_ROOT_DIR: /opt/hostedtoolcache/Python/3.12.9/x64
2026-10-09T14:22:15.1956909Z   Python2_ROOT_DIR: /opt/hostedtoolcache/Python/3.12.9/x64
2026-10-09T14:22:15.1957284Z   Python3_ROOT_DIR: /opt/hostedtoolcache/Python/3.12.9/x64
2026-10-09T14:22:15.1957662Z   LD_LIBRARY_PATH: /opt/hostedtoolcache/Python/3.12.9/x64/lib
2026-10-09T14:22:15.1958044Z   CI_COVERAGE_SHA: 7f0d911549b04e8dbb7cf078316ad74c42095449
2026-10-09T14:22:15.1958409Z   CI_COVERAGE_TREE: 69d69ffe71838263069d164a0a07b39b5f4a4333
2026-10-09T14:22:15.1958883Z   CI_SANDBOX: /home/runner/work/_temp/novel-ci-backend-postgres-shard-1.iGom5p
2026-10-09T14:22:15.1959728Z   CI_PROJECT: /home/runner/work/_temp/novel-ci-backend-postgres-shard-1.iGom5p/project
2026-10-09T14:22:15.1960330Z   CI_RECEIPTS: /home/runner/work/_temp/novel-ci-backend-postgres-shard-1.iGom5p/receipts
2026-10-09T14:22:15.1961001Z   HOME: /home/runner/work/_temp/novel-ci-backend-postgres-shard-1.iGom5p/project/.runtime/ci-backend/home
2026-10-09T14:22:15.1961976Z   USERPROFILE: /home/runner/work/_temp/novel-ci-backend-postgres-shard-1.iGom5p/project/.runtime/ci-backend/home
2026-10-09T14:22:15.1962760Z   APPDATA: /home/runner/work/_temp/novel-ci-backend-postgres-shard-1.iGom5p/project/.runtime/ci-backend/appdata
2026-10-09T14:22:15.1963635Z   LOCALAPPDATA: /home/runner/work/_temp/novel-ci-backend-postgres-shard-1.iGom5p/project/.runtime/ci-backend/localappdata
2026-10-09T14:22:15.1964486Z   XDG_CONFIG_HOME: /home/runner/work/_temp/novel-ci-backend-postgres-shard-1.iGom5p/project/.runtime/ci-backend/config
2026-10-09T14:22:15.1965298Z   XDG_CACHE_HOME: /home/runner/work/_temp/novel-ci-backend-postgres-shard-1.iGom5p/project/.runtime/ci-backend/cache
2026-10-09T14:22:15.1966099Z   XDG_DATA_HOME: /home/runner/work/_temp/novel-ci-backend-postgres-shard-1.iGom5p/project/.runtime/ci-backend/data
2026-10-09T14:22:15.1966881Z   XDG_STATE_HOME: /home/runner/work/_temp/novel-ci-backend-postgres-shard-1.iGom5p/project/.runtime/ci-backend/state
2026-10-09T14:22:15.1967659Z   TMPDIR: /home/runner/work/_temp/novel-ci-backend-postgres-shard-1.iGom5p/project/.runtime/ci-backend/tmp
2026-10-09T14:22:15.1968388Z   TMP: /home/runner/work/_temp/novel-ci-backend-postgres-shard-1.iGom5p/project/.runtime/ci-backend/tmp
2026-10-09T14:22:15.1969114Z   TEMP: /home/runner/work/_temp/novel-ci-backend-postgres-shard-1.iGom5p/project/.runtime/ci-backend/tmp
2026-10-09T14:22:15.1970050Z   PROJECT_ROOT: /home/runner/work/_temp/novel-ci-backend-postgres-shard-1.iGom5p/project
2026-10-09T14:22:15.1970791Z   NOVEL_DATA_PATH: /home/runner/work/_temp/novel-ci-backend-postgres-shard-1.iGom5p/project/.runtime/ci-backend/data/novels
2026-10-09T14:22:15.1971808Z   BACKUP_PATH: /home/runner/work/_temp/novel-ci-backend-postgres-shard-1.iGom5p/project/.runtime/ci-backend/data/backups
2026-10-09T14:22:15.1972744Z   DATABASE_BACKUP_PATH: /home/runner/work/_temp/novel-ci-backend-postgres-shard-1.iGom5p/project/.runtime/ci-backend/data/database-backups
2026-10-09T14:22:15.1973688Z   KNOWLEDGE_SOURCE_PATH: /home/runner/work/_temp/novel-ci-backend-postgres-shard-1.iGom5p/project/.runtime/ci-backend/data/novels
2026-10-09T14:22:15.1974516Z   CI_V2_RUNTIME: /home/runner/work/_temp/novel-ci-backend-postgres-shard-1.iGom5p/project/.runtime/ci-backend
2026-10-09T14:22:15.1975022Z ##[endgroup]
2026-10-09T14:22:15.2770118Z Get:1 file:/etc/apt/apt-mirrors.txt Mirrorlist [144 B]
2026-10-09T14:22:15.3081877Z Hit:2 http://azure.archive.ubuntu.com/ubuntu noble InRelease
2026-10-09T14:22:15.3083150Z Get:6 https://packages.microsoft.com/ubuntu/24.04/prod noble InRelease [3600 B]
2026-10-09T14:22:15.3140317Z Get:3 http://azure.archive.ubuntu.com/ubuntu noble-updates InRelease [126 kB]
2026-10-09T14:22:15.3210703Z Get:4 http://azure.archive.ubuntu.com/ubuntu noble-backports InRelease [126 kB]
2026-10-09T14:22:15.3258969Z Get:5 http://azure.archive.ubuntu.com/ubuntu noble-security InRelease [126 kB]
2026-10-09T14:22:15.4300199Z Get:7 https://packages.microsoft.com/ubuntu/24.04/prod noble/main armhf Packages [12.3 kB]
2026-10-09T14:22:15.4423195Z Get:8 https://packages.microsoft.com/ubuntu/24.04/prod noble/main amd64 Packages [531 kB]
2026-10-09T14:22:15.4501680Z Get:9 https://packages.microsoft.com/ubuntu/24.04/prod noble/main arm64 Packages [475 kB]
2026-10-09T14:22:15.4590175Z Get:10 https://packages.microsoft.com/ubuntu/24.04/prod noble/main all Packages [640 B]
2026-10-09T14:22:15.4834741Z Get:11 http://azure.archive.ubuntu.com/ubuntu noble-updates/main amd64 Packages [1375 kB]
2026-10-09T14:22:15.4930121Z Get:12 http://azure.archive.ubuntu.com/ubuntu noble-updates/main Translation-en [306 kB]
2026-10-09T14:22:15.4959949Z Get:13 http://azure.archive.ubuntu.com/ubuntu noble-updates/universe amd64 Packages [1702 kB]
2026-10-09T14:22:15.5058073Z Get:14 http://azure.archive.ubuntu.com/ubuntu noble-updates/universe Translation-en [342 kB]
2026-10-09T14:22:15.5086232Z Get:15 http://azure.archive.ubuntu.com/ubuntu noble-updates/restricted amd64 Packages [1761 kB]
2026-10-09T14:22:15.5200178Z Get:16 http://azure.archive.ubuntu.com/ubuntu noble-updates/restricted Translation-en [401 kB]
2026-10-09T14:22:15.5226486Z Get:17 http://azure.archive.ubuntu.com/ubuntu noble-updates/multiverse amd64 Packages [55.0 kB]
2026-10-09T14:22:15.5261448Z Get:18 http://azure.archive.ubuntu.com/ubuntu noble-updates/multiverse Translation-en [14.3 kB]
2026-10-09T14:22:15.5918265Z Get:19 http://azure.archive.ubuntu.com/ubuntu noble-security/main amd64 Packages [1121 kB]
2026-10-09T14:22:15.5985306Z Get:20 http://azure.archive.ubuntu.com/ubuntu noble-security/main Translation-en [228 kB]
2026-10-09T14:22:15.6479393Z Get:21 http://azure.archive.ubuntu.com/ubuntu noble-security/universe amd64 Packages [1220 kB]
2026-10-09T14:22:15.6543932Z Get:22 http://azure.archive.ubuntu.com/ubuntu noble-security/universe Translation-en [245 kB]
2026-10-09T14:22:15.6571304Z Get:23 http://azure.archive.ubuntu.com/ubuntu noble-security/restricted amd64 Packages [1669 kB]
2026-10-09T14:22:15.6655805Z Get:24 http://azure.archive.ubuntu.com/ubuntu noble-security/restricted Translation-en [383 kB]
2026-10-09T14:22:15.6686894Z Get:25 http://azure.archive.ubuntu.com/ubuntu noble-security/multiverse amd64 Packages [49.8 kB]
2026-10-09T14:22:15.6706119Z Get:26 http://azure.archive.ubuntu.com/ubuntu noble-security/multiverse Translation-en [12.4 kB]
2026-10-09T14:22:18.5132685Z Fetched 12.3 MB in 1s (9864 kB/s)
2026-10-09T14:22:19.3823877Z Reading package lists...
2026-10-09T14:22:19.4146987Z Reading package lists...
2026-10-09T14:22:19.6046778Z Building dependency tree...
2026-10-09T14:22:19.6053945Z Reading state information...
2026-10-09T14:22:19.7454437Z The following additional packages will be installed:
2026-10-09T14:22:19.7455525Z   libass9 libasyncns0 libavc1394-0 libavcodec60 libavdevice60 libavfilter9
2026-10-09T14:22:19.7457243Z   libavformat60 libavutil58 libblas3 libbluray2 libbs2b0 libcaca0
2026-10-09T14:22:19.7458472Z   libcdio-cdda2t64 libcdio-paranoia2t64 libcdio19t64 libchromaprint1 libcjson1
2026-10-09T14:22:19.7459684Z   libcodec2-1.2 libdav1d7 libdc1394-25 libdecor-0-0 libflac12t64 libflite1
2026-10-09T14:22:19.7460511Z   libgme0 libgsm1 libhwy1t64 libiec61883-0 libjack-jackd2-0 libjxl0.7
2026-10-09T14:22:19.7461097Z   liblapack3 liblilv-0-0 libmbedcrypto7t64 libmp3lame0 libmpg123-0t64
2026-10-09T14:22:19.7461711Z   libmysofa1 libopenal-data libopenal1 libopenmpt0t64 libopus0 libplacebo338
2026-10-09T14:22:19.7462354Z   libpocketsphinx3 libpostproc57 libpulse0 librav1e0 libraw1394-11 librist4
2026-10-09T14:22:19.7463006Z   librsvg2-2 librubberband2 libsamplerate0 libsdl2-2.0-0 libserd-0-0 libshine3
2026-10-09T14:22:19.7463643Z   libsndfile1 libsndio7.0 libsord-0-0 libsoxr0 libspeex1 libsphinxbase3t64
2026-10-09T14:22:19.7464226Z   libsratom-0-0 libsrt1.5-gnutls libssh-gcrypt-4 libsvtav1enc1d1
2026-10-09T14:22:19.7464820Z   libswresample4 libswscale7 libtheora0 libtwolame0 libudfread0 libunibreak5
2026-10-09T14:22:19.7465460Z   libva-drm2 libva-x11-2 libva2 libvdpau1 libvidstab1.1 libvorbisenc2 libvpl2
2026-10-09T14:22:19.7466082Z   libvpx9 libx264-164 libx265-199 libxcb-shape0 libxv1 libxvidcore4 libzimg2
2026-10-09T14:22:19.7466627Z   libzix-0-0 libzvbi-common libzvbi0t64 ocl-icd-libopencl1
2026-10-09T14:22:19.7467272Z Suggested packages:
2026-10-09T14:22:19.7467779Z   ffmpeg-doc libcuda1 libnvcuvid1 libnvidia-encode1 libbluray-bdj jackd2
2026-10-09T14:22:19.7468417Z   libportaudio2 opus-tools pulseaudio libraw1394-doc librsvg2-bin serdi sndiod
2026-10-09T14:22:19.7468892Z   sordi speex opencl-icd
2026-10-09T14:22:19.7469132Z Recommended packages:
2026-10-09T14:22:19.7469678Z   libaacs0 default-libdecor-0-plugin-1 | libdecor-0-plugin-1
2026-10-09T14:22:19.7470142Z   pocketsphinx-en-us librsvg2-common va-driver-all | va-driver
2026-10-09T14:22:19.7470517Z   vdpau-driver-all | vdpau-driver
2026-10-09T14:22:19.7871913Z The following NEW packages will be installed:
2026-10-09T14:22:19.7872891Z   ffmpeg libass9 libasyncns0 libavc1394-0 libavcodec60 libavdevice60
2026-10-09T14:22:19.7874080Z   libavfilter9 libavformat60 libavutil58 libblas3 libbluray2 libbs2b0 libcaca0
2026-10-09T14:22:19.7875312Z   libcdio-cdda2t64 libcdio-paranoia2t64 libcdio19t64 libchromaprint1 libcjson1
2026-10-09T14:22:19.7876159Z   libcodec2-1.2 libdav1d7 libdc1394-25 libdecor-0-0 libflac12t64 libflite1
2026-10-09T14:22:19.7877295Z   libgme0 libgsm1 libhwy1t64 libiec61883-0 libjack-jackd2-0 libjxl0.7
2026-10-09T14:22:19.7878351Z   liblapack3 liblilv-0-0 libmbedcrypto7t64 libmp3lame0 libmpg123-0t64
2026-10-09T14:22:19.7879635Z   libmysofa1 libopenal-data libopenal1 libopenmpt0t64 libopus0 libplacebo338
2026-10-09T14:22:19.7880730Z   libpocketsphinx3 libpostproc57 libpulse0 librav1e0 libraw1394-11 librist4
2026-10-09T14:22:19.7881836Z   librsvg2-2 librubberband2 libsamplerate0 libsdl2-2.0-0 libserd-0-0 libshine3
2026-10-09T14:22:19.7882934Z   libsndfile1 libsndio7.0 libsord-0-0 libsoxr0 libspeex1 libsphinxbase3t64
2026-10-09T14:22:19.7883791Z   libsratom-0-0 libsrt1.5-gnutls libssh-gcrypt-4 libsvtav1enc1d1
2026-10-09T14:22:19.7884433Z   libswresample4 libswscale7 libtheora0 libtwolame0 libudfread0 libunibreak5
2026-10-09T14:22:19.7885140Z   libva-drm2 libva-x11-2 libva2 libvdpau1 libvidstab1.1 libvorbisenc2 libvpl2
2026-10-09T14:22:19.7885807Z   libvpx9 libx264-164 libx265-199 libxcb-shape0 libxv1 libxvidcore4 libzimg2
2026-10-09T14:22:19.7886392Z   libzix-0-0 libzvbi-common libzvbi0t64 ocl-icd-libopencl1
2026-10-09T14:22:19.8077342Z 0 upgraded, 87 newly installed, 0 to remove and 23 not upgraded.
2026-10-09T14:22:19.8078001Z Need to get 62.8 MB of archives.
2026-10-09T14:22:19.8078423Z After this operation, 173 MB of additional disk space will be used.
2026-10-09T14:22:19.8078850Z Get:1 file:/etc/apt/apt-mirrors.txt Mirrorlist [144 B]
2026-10-09T14:22:19.9624044Z Get:2 http://azure.archive.ubuntu.com/ubuntu noble-updates/universe amd64 libva2 amd64 2.20.0-2ubuntu0.2 [66.4 kB]
2026-10-09T14:22:20.1030350Z Get:3 http://azure.archive.ubuntu.com/ubuntu noble-updates/universe amd64 libva-drm2 amd64 2.20.0-2ubuntu0.2 [7124 B]
2026-10-09T14:22:20.2411818Z Get:4 http://azure.archive.ubuntu.com/ubuntu noble-updates/universe amd64 libva-x11-2 amd64 2.20.0-2ubuntu0.2 [12.0 kB]
2026-10-09T14:22:20.3796297Z Get:5 http://azure.archive.ubuntu.com/ubuntu noble/main amd64 libvdpau1 amd64 1.5-2build1 [27.8 kB]
2026-10-09T14:22:20.5178938Z Get:6 http://azure.archive.ubuntu.com/ubuntu noble/universe amd64 libvpl2 amd64 2023.3.0-1build1 [99.8 kB]
2026-10-09T14:22:20.6581503Z Get:7 http://azure.archive.ubuntu.com/ubuntu noble/universe amd64 ocl-icd-libopencl1 amd64 2.3.2-1build1 [38.5 kB]
2026-10-09T14:22:20.7994858Z Get:8 http://azure.archive.ubuntu.com/ubuntu noble/universe amd64 libavutil58 amd64 7:6.1.1-3ubuntu5 [401 kB]
2026-10-09T14:22:20.9417634Z Get:9 http://azure.archive.ubuntu.com/ubuntu noble/universe amd64 libcodec2-1.2 amd64 1.2.0-2build1 [8998 kB]
2026-10-09T14:22:21.3989671Z Get:10 http://azure.archive.ubuntu.com/ubuntu noble/universe amd64 libdav1d7 amd64 1.4.1-1build1 [604 kB]
2026-10-09T14:22:21.5570225Z Get:11 http://azure.archive.ubuntu.com/ubuntu noble/universe amd64 libgsm1 amd64 1.0.22-1build1 [27.8 kB]
2026-10-09T14:22:21.6923297Z Get:12 http://azure.archive.ubuntu.com/ubuntu noble/universe amd64 libhwy1t64 amd64 1.0.7-8.1build1 [584 kB]
2026-10-09T14:22:21.8493860Z Get:13 http://azure.archive.ubuntu.com/ubuntu noble-updates/universe amd64 libjxl0.7 amd64 0.7.0-10.2ubuntu6.1 [1001 kB]
2026-10-09T14:22:22.0232015Z Get:14 http://azure.archive.ubuntu.com/ubuntu noble/main amd64 libmp3lame0 amd64 3.100-6build1 [142 kB]
2026-10-09T14:22:22.1628857Z Get:15 http://azure.archive.ubuntu.com/ubuntu noble/main amd64 libopus0 amd64 1.4-1build1 [208 kB]
2026-10-09T14:22:22.3050914Z Get:16 http://azure.archive.ubuntu.com/ubuntu noble/universe amd64 librav1e0 amd64 0.7.1-2 [1022 kB]
2026-10-09T14:22:22.4799678Z Get:17 http://azure.archive.ubuntu.com/ubuntu noble-updates/main amd64 librsvg2-2 amd64 2.58.0+dfsg-1ubuntu0.1 [2141 kB]
2026-10-09T14:22:22.6994253Z Get:18 http://azure.archive.ubuntu.com/ubuntu noble/universe amd64 libshine3 amd64 3.1.1-2build1 [23.2 kB]
2026-10-09T14:22:22.8345650Z Get:19 http://azure.archive.ubuntu.com/ubuntu noble-updates/main amd64 libspeex1 amd64 1.2.1-2ubuntu2.24.04.1 [59.6 kB]
2026-10-09T14:22:22.9714142Z Get:20 http://azure.archive.ubuntu.com/ubuntu noble/universe amd64 libsvtav1enc1d1 amd64 1.7.0+dfsg-2build1 [2425 kB]
2026-10-09T14:22:23.1924655Z Get:21 http://azure.archive.ubuntu.com/ubuntu noble/universe amd64 libsoxr0 amd64 0.1.3-4build3 [80.0 kB]
2026-10-09T14:22:23.3292362Z Get:22 http://azure.archive.ubuntu.com/ubuntu noble/universe amd64 libswresample4 amd64 7:6.1.1-3ubuntu5 [63.8 kB]
2026-10-09T14:22:23.4657626Z Get:23 http://azure.archive.ubuntu.com/ubuntu noble/main amd64 libtheora0 amd64 1.1.1+dfsg.1-16.1build3 [211 kB]
2026-10-09T14:22:23.6065088Z Get:24 http://azure.archive.ubuntu.com/ubuntu noble/main amd64 libtwolame0 amd64 0.4.0-2build3 [52.3 kB]
2026-10-09T14:22:23.7430571Z Get:25 http://azure.archive.ubuntu.com/ubuntu noble/main amd64 libvorbisenc2 amd64 1.3.7-1build3 [80.8 kB]
2026-10-09T14:22:23.8806839Z Get:26 http://azure.archive.ubuntu.com/ubuntu noble-updates/main amd64 libvpx9 amd64 1.14.0-1ubuntu2.3 [1143 kB]
2026-10-09T14:22:24.0510888Z Get:27 http://azure.archive.ubuntu.com/ubuntu noble/universe amd64 libx264-164 amd64 2:0.164.3108+git31e19f9-1 [604 kB]
2026-10-09T14:22:24.2042778Z Get:28 http://azure.archive.ubuntu.com/ubuntu noble/universe amd64 libx265-199 amd64 3.5-2build1 [1226 kB]
2026-10-09T14:22:24.3771394Z Get:29 http://azure.archive.ubuntu.com/ubuntu noble/universe amd64 libxvidcore4 amd64 2:1.3.7-1build1 [219 kB]
2026-10-09T14:22:24.5174690Z Get:30 http://azure.archive.ubuntu.com/ubuntu noble/universe amd64 libzvbi-common all 0.2.42-2 [42.4 kB]
2026-10-09T14:22:24.6534791Z Get:31 http://azure.archive.ubuntu.com/ubuntu noble/universe amd64 libzvbi0t64 amd64 0.2.42-2 [261 kB]
2026-10-09T14:22:24.7958383Z Get:32 http://azure.archive.ubuntu.com/ubuntu noble/universe amd64 libavcodec60 amd64 7:6.1.1-3ubuntu5 [5851 kB]
2026-10-09T14:22:25.1589555Z Get:33 http://azure.archive.ubuntu.com/ubuntu noble/main amd64 libraw1394-11 amd64 2.1.2-2build3 [26.2 kB]
2026-10-09T14:22:25.2948251Z Get:34 http://azure.archive.ubuntu.com/ubuntu noble/main amd64 libavc1394-0 amd64 0.5.4-5build3 [15.4 kB]
2026-10-09T14:22:25.4298684Z Get:35 http://azure.archive.ubuntu.com/ubuntu noble/universe amd64 libunibreak5 amd64 5.1-2build1 [25.0 kB]
2026-10-09T14:22:25.5646454Z Get:36 http://azure.archive.ubuntu.com/ubuntu noble/universe amd64 libass9 amd64 1:0.17.1-2build1 [104 kB]
2026-10-09T14:22:25.7003323Z Get:37 http://azure.archive.ubuntu.com/ubuntu noble/universe amd64 libudfread0 amd64 1.1.2-1build1 [19.0 kB]
2026-10-09T14:22:25.8356077Z Get:38 http://azure.archive.ubuntu.com/ubuntu noble/universe amd64 libbluray2 amd64 1:1.3.4-1build1 [159 kB]
2026-10-09T14:22:25.9730534Z Get:39 http://azure.archive.ubuntu.com/ubuntu noble/universe amd64 libchromaprint1 amd64 1.5.1-5 [30.5 kB]
2026-10-09T14:22:26.1089584Z Get:40 http://azure.archive.ubuntu.com/ubuntu noble/universe amd64 libgme0 amd64 0.6.3-7build1 [134 kB]
2026-10-09T14:22:26.2465957Z Get:41 http://azure.archive.ubuntu.com/ubuntu noble-updates/main amd64 libmpg123-0t64 amd64 1.32.5-1ubuntu1.1 [169 kB]
2026-10-09T14:22:26.3827404Z Get:42 http://azure.archive.ubuntu.com/ubuntu noble/universe amd64 libopenmpt0t64 amd64 0.7.3-1.1build3 [647 kB]
2026-10-09T14:22:26.5272307Z Get:43 http://azure.archive.ubuntu.com/ubuntu noble/universe amd64 libcjson1 amd64 1.7.17-1 [24.8 kB]
2026-10-09T14:22:26.6630558Z Get:44 http://azure.archive.ubuntu.com/ubuntu noble/universe amd64 libmbedcrypto7t64 amd64 2.28.8-1 [209 kB]
2026-10-09T14:22:26.8012159Z Get:45 http://azure.archive.ubuntu.com/ubuntu noble/universe amd64 librist4 amd64 0.2.10+dfsg-2 [74.9 kB]
2026-10-09T14:22:26.9368156Z Get:46 http://azure.archive.ubuntu.com/ubuntu noble/universe amd64 libsrt1.5-gnutls amd64 1.5.3-1build2 [316 kB]
2026-10-09T14:22:27.0770537Z Get:47 http://azure.archive.ubuntu.com/ubuntu noble-updates/main amd64 libssh-gcrypt-4 amd64 0.10.6-2ubuntu0.5 [226 kB]
2026-10-09T14:22:27.2154940Z Get:48 http://azure.archive.ubuntu.com/ubuntu noble/universe amd64 libavformat60 amd64 7:6.1.1-3ubuntu5 [1153 kB]
2026-10-09T14:22:27.3661158Z Get:49 http://azure.archive.ubuntu.com/ubuntu noble/universe amd64 libbs2b0 amd64 3.1.0+dfsg-7build1 [10.6 kB]
2026-10-09T14:22:27.5008319Z Get:50 http://azure.archive.ubuntu.com/ubuntu noble/universe amd64 libflite1 amd64 2.2-6build3 [13.6 MB]
2026-10-09T14:22:28.2146502Z Get:51 http://azure.archive.ubuntu.com/ubuntu noble/universe amd64 libserd-0-0 amd64 0.32.2-1 [43.6 kB]
2026-10-09T14:22:28.3502898Z Get:52 http://azure.archive.ubuntu.com/ubuntu noble/universe amd64 libzix-0-0 amd64 0.4.2-2build1 [23.6 kB]
2026-10-09T14:22:28.5129844Z Get:53 http://azure.archive.ubuntu.com/ubuntu noble/universe amd64 libsord-0-0 amd64 0.16.16-2build1 [15.8 kB]
2026-10-09T14:22:28.6480783Z Get:54 http://azure.archive.ubuntu.com/ubuntu noble/universe amd64 libsratom-0-0 amd64 0.6.16-1build1 [17.3 kB]
2026-10-09T14:22:28.7837748Z Get:55 http://azure.archive.ubuntu.com/ubuntu noble/universe amd64 liblilv-0-0 amd64 0.24.22-1build1 [41.0 kB]
2026-10-09T14:22:28.9199659Z Get:56 http://azure.archive.ubuntu.com/ubuntu noble/universe amd64 libmysofa1 amd64 1.3.2+dfsg-2ubuntu2 [1158 kB]
2026-10-09T14:22:29.1039597Z Get:57 http://azure.archive.ubuntu.com/ubuntu noble/universe amd64 libplacebo338 amd64 6.338.2-2build1 [2654 kB]
2026-10-09T14:22:29.3510068Z Get:58 http://azure.archive.ubuntu.com/ubuntu noble-updates/main amd64 libblas3 amd64 3.12.0-3build1.1 [238 kB]
2026-10-09T14:22:29.4958228Z Get:59 http://azure.archive.ubuntu.com/ubuntu noble-updates/main amd64 liblapack3 amd64 3.12.0-3build1.1 [2646 kB]
2026-10-09T14:22:29.7449950Z Get:60 http://azure.archive.ubuntu.com/ubuntu noble/main amd64 libasyncns0 amd64 0.8-6build4 [11.3 kB]
2026-10-09T14:22:29.8802452Z Get:61 http://azure.archive.ubuntu.com/ubuntu noble/main amd64 libflac12t64 amd64 1.4.3+ds-2.1ubuntu2 [197 kB]
2026-10-09T14:22:30.0226745Z Get:62 http://azure.archive.ubuntu.com/ubuntu noble-updates/main amd64 libsndfile1 amd64 1.2.2-1ubuntu5.24.04.1 [209 kB]
2026-10-09T14:22:30.1658045Z Get:63 http://azure.archive.ubuntu.com/ubuntu noble-updates/main amd64 libpulse0 amd64 1:16.1+dfsg1-2ubuntu10.1 [292 kB]
2026-10-09T14:22:30.3135550Z Get:64 http://azure.archive.ubuntu.com/ubuntu noble/universe amd64 libsphinxbase3t64 amd64 0.8+5prealpha+1-17build2 [126 kB]
2026-10-09T14:22:30.4530130Z Get:65 http://azure.archive.ubuntu.com/ubuntu noble/universe amd64 libpocketsphinx3 amd64 0.8.0+real5prealpha+1-15ubuntu5 [133 kB]
2026-10-09T14:22:30.5928963Z Get:66 http://azure.archive.ubuntu.com/ubuntu noble/universe amd64 libpostproc57 amd64 7:6.1.1-3ubuntu5 [49.9 kB]
2026-10-09T14:22:30.7295121Z Get:67 http://azure.archive.ubuntu.com/ubuntu noble/main amd64 libsamplerate0 amd64 0.2.2-4build1 [1344 kB]
2026-10-09T14:22:30.9206934Z Get:68 http://azure.archive.ubuntu.com/ubuntu noble/universe amd64 librubberband2 amd64 3.3.0+dfsg-2build1 [130 kB]
2026-10-09T14:22:31.0608408Z Get:69 http://azure.archive.ubuntu.com/ubuntu noble/universe amd64 libswscale7 amd64 7:6.1.1-3ubuntu5 [193 kB]
2026-10-09T14:22:31.2081451Z Get:70 http://azure.archive.ubuntu.com/ubuntu noble/universe amd64 libvidstab1.1 amd64 1.1.0-2build1 [38.5 kB]
2026-10-09T14:22:31.3448249Z Get:71 http://azure.archive.ubuntu.com/ubuntu noble/universe amd64 libzimg2 amd64 3.0.5+ds1-1build1 [254 kB]
2026-10-09T14:22:31.4971985Z Get:72 http://azure.archive.ubuntu.com/ubuntu noble/universe amd64 libavfilter9 amd64 7:6.1.1-3ubuntu5 [4235 kB]
2026-10-09T14:22:31.9070431Z Get:73 http://azure.archive.ubuntu.com/ubuntu noble-updates/main amd64 libcaca0 amd64 0.99.beta20-4ubuntu0.2 [209 kB]
2026-10-09T14:22:32.0524914Z Get:74 http://azure.archive.ubuntu.com/ubuntu noble-updates/main amd64 libcdio19t64 amd64 2.1.0-4.1ubuntu1.2 [62.4 kB]
2026-10-09T14:22:32.1919995Z Get:75 http://azure.archive.ubuntu.com/ubuntu noble/main amd64 libcdio-cdda2t64 amd64 10.2+2.0.1-1.1build2 [16.5 kB]
2026-10-09T14:22:32.3304284Z Get:76 http://azure.archive.ubuntu.com/ubuntu noble/main amd64 libcdio-paranoia2t64 amd64 10.2+2.0.1-1.1build2 [16.6 kB]
2026-10-09T14:22:32.4679061Z Get:77 http://azure.archive.ubuntu.com/ubuntu noble/universe amd64 libdc1394-25 amd64 2.2.6-4build1 [90.1 kB]
2026-10-09T14:22:32.6084493Z Get:78 http://azure.archive.ubuntu.com/ubuntu noble/main amd64 libiec61883-0 amd64 1.2.0-6build1 [24.5 kB]
2026-10-09T14:22:32.7474815Z Get:79 http://azure.archive.ubuntu.com/ubuntu noble/main amd64 libjack-jackd2-0 amd64 1.9.21~dfsg-3ubuntu3 [289 kB]
2026-10-09T14:22:32.8977915Z Get:80 http://azure.archive.ubuntu.com/ubuntu noble/universe amd64 libopenal-data all 1:1.23.1-4build1 [161 kB]
2026-10-09T14:22:33.0429779Z Get:81 http://azure.archive.ubuntu.com/ubuntu noble/universe amd64 libsndio7.0 amd64 1.9.0-0.3build3 [29.6 kB]
2026-10-09T14:22:33.1831113Z Get:82 http://azure.archive.ubuntu.com/ubuntu noble/universe amd64 libopenal1 amd64 1:1.23.1-4build1 [540 kB]
2026-10-09T14:22:33.3423885Z Get:83 http://azure.archive.ubuntu.com/ubuntu noble/main amd64 libdecor-0-0 amd64 0.2.2-1build2 [16.5 kB]
2026-10-09T14:22:33.4803685Z Get:84 http://azure.archive.ubuntu.com/ubuntu noble-updates/main amd64 libsdl2-2.0-0 amd64 2.30.0+dfsg-1ubuntu3.1 [686 kB]
2026-10-09T14:22:33.6460058Z Get:85 http://azure.archive.ubuntu.com/ubuntu noble/main amd64 libxcb-shape0 amd64 1.15-1ubuntu2 [6100 B]
2026-10-09T14:22:33.7840198Z Get:86 http://azure.archive.ubuntu.com/ubuntu noble/main amd64 libxv1 amd64 2:1.0.11-1.1build1 [10.7 kB]
2026-10-09T14:22:33.9214317Z Get:87 http://azure.archive.ubuntu.com/ubuntu noble/universe amd64 libavdevice60 amd64 7:6.1.1-3ubuntu5 [82.3 kB]
2026-10-09T14:22:34.0613924Z Get:88 http://azure.archive.ubuntu.com/ubuntu noble/universe amd64 ffmpeg amd64 7:6.1.1-3ubuntu5 [1879 kB]
2026-10-09T14:22:34.4412644Z Fetched 62.8 MB in 14s (4381 kB/s)
2026-10-09T14:22:34.4686042Z Selecting previously unselected package libva2:amd64.
2026-10-09T14:22:34.5004606Z (Reading database ... 
2026-10-09T14:22:34.5005308Z (Reading database ... 5%
2026-10-09T14:22:34.5005651Z (Reading database ... 10%
2026-10-09T14:22:34.5005943Z (Reading database ... 15%
2026-10-09T14:22:34.5006233Z (Reading database ... 20%
2026-10-09T14:22:34.5006519Z (Reading database ... 25%
2026-10-09T14:22:34.5006787Z (Reading database ... 30%
2026-10-09T14:22:34.5007223Z (Reading database ... 35%
2026-10-09T14:22:34.5007583Z (Reading database ... 40%
2026-10-09T14:22:34.5007901Z (Reading database ... 45%
2026-10-09T14:22:34.5008183Z (Reading database ... 50%
2026-10-09T14:22:34.5062919Z (Reading database ... 55%
2026-10-09T14:22:34.5837877Z (Reading database ... 60%
2026-10-09T14:22:34.7873321Z (Reading database ... 65%
2026-10-09T14:22:34.9918066Z (Reading database ... 70%
2026-10-09T14:22:35.1742285Z (Reading database ... 75%
2026-10-09T14:22:35.2977429Z (Reading database ... 80%
2026-10-09T14:22:35.4178954Z (Reading database ... 85%
2026-10-09T14:22:35.4961283Z (Reading database ... 90%
2026-10-09T14:22:35.6338042Z (Reading database ... 95%
2026-10-09T14:22:35.6338612Z (Reading database ... 100%
2026-10-09T14:22:35.6339517Z (Reading database ... 203191 files and directories currently installed.)
2026-10-09T14:22:35.6382709Z Preparing to unpack .../00-libva2_2.20.0-2ubuntu0.2_amd64.deb ...
2026-10-09T14:22:35.6419890Z Unpacking libva2:amd64 (2.20.0-2ubuntu0.2) ...
2026-10-09T14:22:35.6634526Z Selecting previously unselected package libva-drm2:amd64.
2026-10-09T14:22:35.6758291Z Preparing to unpack .../01-libva-drm2_2.20.0-2ubuntu0.2_amd64.deb ...
2026-10-09T14:22:35.6788288Z Unpacking libva-drm2:amd64 (2.20.0-2ubuntu0.2) ...
2026-10-09T14:22:35.6975331Z Selecting previously unselected package libva-x11-2:amd64.
2026-10-09T14:22:35.7098806Z Preparing to unpack .../02-libva-x11-2_2.20.0-2ubuntu0.2_amd64.deb ...
2026-10-09T14:22:35.7106191Z Unpacking libva-x11-2:amd64 (2.20.0-2ubuntu0.2) ...
2026-10-09T14:22:35.7300392Z Selecting previously unselected package libvdpau1:amd64.
2026-10-09T14:22:35.7422256Z Preparing to unpack .../03-libvdpau1_1.5-2build1_amd64.deb ...
2026-10-09T14:22:35.7429757Z Unpacking libvdpau1:amd64 (1.5-2build1) ...
2026-10-09T14:22:35.7626935Z Selecting previously unselected package libvpl2.
2026-10-09T14:22:35.7748002Z Preparing to unpack .../04-libvpl2_2023.3.0-1build1_amd64.deb ...
2026-10-09T14:22:35.7755076Z Unpacking libvpl2 (2023.3.0-1build1) ...
2026-10-09T14:22:35.7962980Z Selecting previously unselected package ocl-icd-libopencl1:amd64.
2026-10-09T14:22:35.8084225Z Preparing to unpack .../05-ocl-icd-libopencl1_2.3.2-1build1_amd64.deb ...
2026-10-09T14:22:35.8091534Z Unpacking ocl-icd-libopencl1:amd64 (2.3.2-1build1) ...
2026-10-09T14:22:35.8326773Z Selecting previously unselected package libavutil58:amd64.
2026-10-09T14:22:35.8447020Z Preparing to unpack .../06-libavutil58_7%3a6.1.1-3ubuntu5_amd64.deb ...
2026-10-09T14:22:35.8453531Z Unpacking libavutil58:amd64 (7:6.1.1-3ubuntu5) ...
2026-10-09T14:22:35.8682533Z Selecting previously unselected package libcodec2-1.2:amd64.
2026-10-09T14:22:35.8800456Z Preparing to unpack .../07-libcodec2-1.2_1.2.0-2build1_amd64.deb ...
2026-10-09T14:22:35.8807690Z Unpacking libcodec2-1.2:amd64 (1.2.0-2build1) ...
2026-10-09T14:22:35.9532397Z Selecting previously unselected package libdav1d7:amd64.
2026-10-09T14:22:35.9698832Z Preparing to unpack .../08-libdav1d7_1.4.1-1build1_amd64.deb ...
2026-10-09T14:22:35.9706390Z Unpacking libdav1d7:amd64 (1.4.1-1build1) ...
2026-10-09T14:22:35.9993282Z Selecting previously unselected package libgsm1:amd64.
2026-10-09T14:22:36.0120601Z Preparing to unpack .../09-libgsm1_1.0.22-1build1_amd64.deb ...
2026-10-09T14:22:36.0129471Z Unpacking libgsm1:amd64 (1.0.22-1build1) ...
2026-10-09T14:22:36.0327698Z Selecting previously unselected package libhwy1t64:amd64.
2026-10-09T14:22:36.0450748Z Preparing to unpack .../10-libhwy1t64_1.0.7-8.1build1_amd64.deb ...
2026-10-09T14:22:36.0457995Z Unpacking libhwy1t64:amd64 (1.0.7-8.1build1) ...
2026-10-09T14:22:36.0759069Z Selecting previously unselected package libjxl0.7:amd64.
2026-10-09T14:22:36.0881989Z Preparing to unpack .../11-libjxl0.7_0.7.0-10.2ubuntu6.1_amd64.deb ...
2026-10-09T14:22:36.0890219Z Unpacking libjxl0.7:amd64 (0.7.0-10.2ubuntu6.1) ...
2026-10-09T14:22:36.1222320Z Selecting previously unselected package libmp3lame0:amd64.
2026-10-09T14:22:36.1344564Z Preparing to unpack .../12-libmp3lame0_3.100-6build1_amd64.deb ...
2026-10-09T14:22:36.1351935Z Unpacking libmp3lame0:amd64 (3.100-6build1) ...
2026-10-09T14:22:36.1554028Z Selecting previously unselected package libopus0:amd64.
2026-10-09T14:22:36.1675283Z Preparing to unpack .../13-libopus0_1.4-1build1_amd64.deb ...
2026-10-09T14:22:36.1683086Z Unpacking libopus0:amd64 (1.4-1build1) ...
2026-10-09T14:22:36.1892542Z Selecting previously unselected package librav1e0:amd64.
2026-10-09T14:22:36.2012760Z Preparing to unpack .../14-librav1e0_0.7.1-2_amd64.deb ...
2026-10-09T14:22:36.2020111Z Unpacking librav1e0:amd64 (0.7.1-2) ...
2026-10-09T14:22:36.2321859Z Selecting previously unselected package librsvg2-2:amd64.
2026-10-09T14:22:36.2444098Z Preparing to unpack .../15-librsvg2-2_2.58.0+dfsg-1ubuntu0.1_amd64.deb ...
2026-10-09T14:22:36.2451508Z Unpacking librsvg2-2:amd64 (2.58.0+dfsg-1ubuntu0.1) ...
2026-10-09T14:22:36.2904796Z Selecting previously unselected package libshine3:amd64.
2026-10-09T14:22:36.3028605Z Preparing to unpack .../16-libshine3_3.1.1-2build1_amd64.deb ...
2026-10-09T14:22:36.3036040Z Unpacking libshine3:amd64 (3.1.1-2build1) ...
2026-10-09T14:22:36.3226558Z Selecting previously unselected package libspeex1:amd64.
2026-10-09T14:22:36.3350568Z Preparing to unpack .../17-libspeex1_1.2.1-2ubuntu2.24.04.1_amd64.deb ...
2026-10-09T14:22:36.3357424Z Unpacking libspeex1:amd64 (1.2.1-2ubuntu2.24.04.1) ...
2026-10-09T14:22:36.3548688Z Selecting previously unselected package libsvtav1enc1d1:amd64.
2026-10-09T14:22:36.3670922Z Preparing to unpack .../18-libsvtav1enc1d1_1.7.0+dfsg-2build1_amd64.deb ...
2026-10-09T14:22:36.3680879Z Unpacking libsvtav1enc1d1:amd64 (1.7.0+dfsg-2build1) ...
2026-10-09T14:22:36.4131802Z Selecting previously unselected package libsoxr0:amd64.
2026-10-09T14:22:36.4255650Z Preparing to unpack .../19-libsoxr0_0.1.3-4build3_amd64.deb ...
2026-10-09T14:22:36.4263651Z Unpacking libsoxr0:amd64 (0.1.3-4build3) ...
2026-10-09T14:22:36.4465043Z Selecting previously unselected package libswresample4:amd64.
2026-10-09T14:22:36.4589420Z Preparing to unpack .../20-libswresample4_7%3a6.1.1-3ubuntu5_amd64.deb ...
2026-10-09T14:22:36.4597820Z Unpacking libswresample4:amd64 (7:6.1.1-3ubuntu5) ...
2026-10-09T14:22:36.4805086Z Selecting previously unselected package libtheora0:amd64.
2026-10-09T14:22:36.4927023Z Preparing to unpack .../21-libtheora0_1.1.1+dfsg.1-16.1build3_amd64.deb ...
2026-10-09T14:22:36.4933983Z Unpacking libtheora0:amd64 (1.1.1+dfsg.1-16.1build3) ...
2026-10-09T14:22:36.5153471Z Selecting previously unselected package libtwolame0:amd64.
2026-10-09T14:22:36.5276386Z Preparing to unpack .../22-libtwolame0_0.4.0-2build3_amd64.deb ...
2026-10-09T14:22:36.5282954Z Unpacking libtwolame0:amd64 (0.4.0-2build3) ...
2026-10-09T14:22:36.5484325Z Selecting previously unselected package libvorbisenc2:amd64.
2026-10-09T14:22:36.5607804Z Preparing to unpack .../23-libvorbisenc2_1.3.7-1build3_amd64.deb ...
2026-10-09T14:22:36.5616644Z Unpacking libvorbisenc2:amd64 (1.3.7-1build3) ...
2026-10-09T14:22:36.5831007Z Selecting previously unselected package libvpx9:amd64.
2026-10-09T14:22:36.5953483Z Preparing to unpack .../24-libvpx9_1.14.0-1ubuntu2.3_amd64.deb ...
2026-10-09T14:22:36.5961560Z Unpacking libvpx9:amd64 (1.14.0-1ubuntu2.3) ...
2026-10-09T14:22:36.6271933Z Selecting previously unselected package libx264-164:amd64.
2026-10-09T14:22:36.6395074Z Preparing to unpack .../25-libx264-164_2%3a0.164.3108+git31e19f9-1_amd64.deb ...
2026-10-09T14:22:36.6402579Z Unpacking libx264-164:amd64 (2:0.164.3108+git31e19f9-1) ...
2026-10-09T14:22:36.6708174Z Selecting previously unselected package libx265-199:amd64.
2026-10-09T14:22:36.6831934Z Preparing to unpack .../26-libx265-199_3.5-2build1_amd64.deb ...
2026-10-09T14:22:36.6838947Z Unpacking libx265-199:amd64 (3.5-2build1) ...
2026-10-09T14:22:36.7472909Z Selecting previously unselected package libxvidcore4:amd64.
2026-10-09T14:22:36.7597053Z Preparing to unpack .../27-libxvidcore4_2%3a1.3.7-1build1_amd64.deb ...
2026-10-09T14:22:36.7604419Z Unpacking libxvidcore4:amd64 (2:1.3.7-1build1) ...
2026-10-09T14:22:36.7814842Z Selecting previously unselected package libzvbi-common.
2026-10-09T14:22:36.7935599Z Preparing to unpack .../28-libzvbi-common_0.2.42-2_all.deb ...
2026-10-09T14:22:36.7942993Z Unpacking libzvbi-common (0.2.42-2) ...
2026-10-09T14:22:36.8277989Z Selecting previously unselected package libzvbi0t64:amd64.
2026-10-09T14:22:36.8398283Z Preparing to unpack .../29-libzvbi0t64_0.2.42-2_amd64.deb ...
2026-10-09T14:22:36.8407179Z Unpacking libzvbi0t64:amd64 (0.2.42-2) ...
2026-10-09T14:22:36.8628026Z Selecting previously unselected package libavcodec60:amd64.
2026-10-09T14:22:36.8748403Z Preparing to unpack .../30-libavcodec60_7%3a6.1.1-3ubuntu5_amd64.deb ...
2026-10-09T14:22:36.8755541Z Unpacking libavcodec60:amd64 (7:6.1.1-3ubuntu5) ...
2026-10-09T14:22:36.9604406Z Selecting previously unselected package libraw1394-11:amd64.
2026-10-09T14:22:36.9731551Z Preparing to unpack .../31-libraw1394-11_2.1.2-2build3_amd64.deb ...
2026-10-09T14:22:36.9738279Z Unpacking libraw1394-11:amd64 (2.1.2-2build3) ...
2026-10-09T14:22:36.9930523Z Selecting previously unselected package libavc1394-0:amd64.
2026-10-09T14:22:37.0054805Z Preparing to unpack .../32-libavc1394-0_0.5.4-5build3_amd64.deb ...
2026-10-09T14:22:37.0061574Z Unpacking libavc1394-0:amd64 (0.5.4-5build3) ...
2026-10-09T14:22:37.0253404Z Selecting previously unselected package libunibreak5:amd64.
2026-10-09T14:22:37.0374618Z Preparing to unpack .../33-libunibreak5_5.1-2build1_amd64.deb ...
2026-10-09T14:22:37.0381640Z Unpacking libunibreak5:amd64 (5.1-2build1) ...
2026-10-09T14:22:37.0575743Z Selecting previously unselected package libass9:amd64.
2026-10-09T14:22:37.0696572Z Preparing to unpack .../34-libass9_1%3a0.17.1-2build1_amd64.deb ...
2026-10-09T14:22:37.0703779Z Unpacking libass9:amd64 (1:0.17.1-2build1) ...
2026-10-09T14:22:37.0904183Z Selecting previously unselected package libudfread0:amd64.
2026-10-09T14:22:37.1023614Z Preparing to unpack .../35-libudfread0_1.1.2-1build1_amd64.deb ...
2026-10-09T14:22:37.1030692Z Unpacking libudfread0:amd64 (1.1.2-1build1) ...
2026-10-09T14:22:37.1238580Z Selecting previously unselected package libbluray2:amd64.
2026-10-09T14:22:37.1357562Z Preparing to unpack .../36-libbluray2_1%3a1.3.4-1build1_amd64.deb ...
2026-10-09T14:22:37.1365992Z Unpacking libbluray2:amd64 (1:1.3.4-1build1) ...
2026-10-09T14:22:37.1573951Z Selecting previously unselected package libchromaprint1:amd64.
2026-10-09T14:22:37.1691921Z Preparing to unpack .../37-libchromaprint1_1.5.1-5_amd64.deb ...
2026-10-09T14:22:37.1699116Z Unpacking libchromaprint1:amd64 (1.5.1-5) ...
2026-10-09T14:22:37.1895256Z Selecting previously unselected package libgme0:amd64.
2026-10-09T14:22:37.2016107Z Preparing to unpack .../38-libgme0_0.6.3-7build1_amd64.deb ...
2026-10-09T14:22:37.2023628Z Unpacking libgme0:amd64 (0.6.3-7build1) ...
2026-10-09T14:22:37.2256906Z Selecting previously unselected package libmpg123-0t64:amd64.
2026-10-09T14:22:37.2378368Z Preparing to unpack .../39-libmpg123-0t64_1.32.5-1ubuntu1.1_amd64.deb ...
2026-10-09T14:22:37.2386062Z Unpacking libmpg123-0t64:amd64 (1.32.5-1ubuntu1.1) ...
2026-10-09T14:22:37.2602157Z Selecting previously unselected package libopenmpt0t64:amd64.
2026-10-09T14:22:37.2723976Z Preparing to unpack .../40-libopenmpt0t64_0.7.3-1.1build3_amd64.deb ...
2026-10-09T14:22:37.2731276Z Unpacking libopenmpt0t64:amd64 (0.7.3-1.1build3) ...
2026-10-09T14:22:37.2984890Z Selecting previously unselected package libcjson1:amd64.
2026-10-09T14:22:37.3106585Z Preparing to unpack .../41-libcjson1_1.7.17-1_amd64.deb ...
2026-10-09T14:22:37.3113771Z Unpacking libcjson1:amd64 (1.7.17-1) ...
2026-10-09T14:22:37.3306495Z Selecting previously unselected package libmbedcrypto7t64:amd64.
2026-10-09T14:22:37.3427727Z Preparing to unpack .../42-libmbedcrypto7t64_2.28.8-1_amd64.deb ...
2026-10-09T14:22:37.3435211Z Unpacking libmbedcrypto7t64:amd64 (2.28.8-1) ...
2026-10-09T14:22:37.3650785Z Selecting previously unselected package librist4:amd64.
2026-10-09T14:22:37.3771035Z Preparing to unpack .../43-librist4_0.2.10+dfsg-2_amd64.deb ...
2026-10-09T14:22:37.3778524Z Unpacking librist4:amd64 (0.2.10+dfsg-2) ...
2026-10-09T14:22:37.3970887Z Selecting previously unselected package libsrt1.5-gnutls:amd64.
2026-10-09T14:22:37.4091844Z Preparing to unpack .../44-libsrt1.5-gnutls_1.5.3-1build2_amd64.deb ...
2026-10-09T14:22:37.4099596Z Unpacking libsrt1.5-gnutls:amd64 (1.5.3-1build2) ...
2026-10-09T14:22:37.4329071Z Selecting previously unselected package libssh-gcrypt-4:amd64.
2026-10-09T14:22:37.4452126Z Preparing to unpack .../45-libssh-gcrypt-4_0.10.6-2ubuntu0.5_amd64.deb ...
2026-10-09T14:22:37.4460154Z Unpacking libssh-gcrypt-4:amd64 (0.10.6-2ubuntu0.5) ...
2026-10-09T14:22:37.4679440Z Selecting previously unselected package libavformat60:amd64.
2026-10-09T14:22:37.4806380Z Preparing to unpack .../46-libavformat60_7%3a6.1.1-3ubuntu5_amd64.deb ...
2026-10-09T14:22:37.4814561Z Unpacking libavformat60:amd64 (7:6.1.1-3ubuntu5) ...
2026-10-09T14:22:37.5124332Z Selecting previously unselected package libbs2b0:amd64.
2026-10-09T14:22:37.5251086Z Preparing to unpack .../47-libbs2b0_3.1.0+dfsg-7build1_amd64.deb ...
2026-10-09T14:22:37.5260702Z Unpacking libbs2b0:amd64 (3.1.0+dfsg-7build1) ...
2026-10-09T14:22:37.5486148Z Selecting previously unselected package libflite1:amd64.
2026-10-09T14:22:37.5610500Z Preparing to unpack .../48-libflite1_2.2-6build3_amd64.deb ...
2026-10-09T14:22:37.5618943Z Unpacking libflite1:amd64 (2.2-6build3) ...
2026-10-09T14:22:37.6706587Z Selecting previously unselected package libserd-0-0:amd64.
2026-10-09T14:22:37.6836772Z Preparing to unpack .../49-libserd-0-0_0.32.2-1_amd64.deb ...
2026-10-09T14:22:37.6844419Z Unpacking libserd-0-0:amd64 (0.32.2-1) ...
2026-10-09T14:22:37.7045130Z Selecting previously unselected package libzix-0-0:amd64.
2026-10-09T14:22:37.7176303Z Preparing to unpack .../50-libzix-0-0_0.4.2-2build1_amd64.deb ...
2026-10-09T14:22:37.7183415Z Unpacking libzix-0-0:amd64 (0.4.2-2build1) ...
2026-10-09T14:22:37.7379961Z Selecting previously unselected package libsord-0-0:amd64.
2026-10-09T14:22:37.7500256Z Preparing to unpack .../51-libsord-0-0_0.16.16-2build1_amd64.deb ...
2026-10-09T14:22:37.7508680Z Unpacking libsord-0-0:amd64 (0.16.16-2build1) ...
2026-10-09T14:22:37.7698144Z Selecting previously unselected package libsratom-0-0:amd64.
2026-10-09T14:22:37.7818701Z Preparing to unpack .../52-libsratom-0-0_0.6.16-1build1_amd64.deb ...
2026-10-09T14:22:37.7827388Z Unpacking libsratom-0-0:amd64 (0.6.16-1build1) ...
2026-10-09T14:22:37.8019901Z Selecting previously unselected package liblilv-0-0:amd64.
2026-10-09T14:22:37.8140204Z Preparing to unpack .../53-liblilv-0-0_0.24.22-1build1_amd64.deb ...
2026-10-09T14:22:37.8148465Z Unpacking liblilv-0-0:amd64 (0.24.22-1build1) ...
2026-10-09T14:22:37.8346527Z Selecting previously unselected package libmysofa1:amd64.
2026-10-09T14:22:37.8466751Z Preparing to unpack .../54-libmysofa1_1.3.2+dfsg-2ubuntu2_amd64.deb ...
2026-10-09T14:22:37.8474625Z Unpacking libmysofa1:amd64 (1.3.2+dfsg-2ubuntu2) ...
2026-10-09T14:22:37.8713599Z Selecting previously unselected package libplacebo338:amd64.
2026-10-09T14:22:37.8835093Z Preparing to unpack .../55-libplacebo338_6.338.2-2build1_amd64.deb ...
2026-10-09T14:22:37.8866889Z Unpacking libplacebo338:amd64 (6.338.2-2build1) ...
2026-10-09T14:22:37.9394820Z Selecting previously unselected package libblas3:amd64.
2026-10-09T14:22:37.9519244Z Preparing to unpack .../56-libblas3_3.12.0-3build1.1_amd64.deb ...
2026-10-09T14:22:37.9548115Z Unpacking libblas3:amd64 (3.12.0-3build1.1) ...
2026-10-09T14:22:37.9784322Z Selecting previously unselected package liblapack3:amd64.
2026-10-09T14:22:37.9907538Z Preparing to unpack .../57-liblapack3_3.12.0-3build1.1_amd64.deb ...
2026-10-09T14:22:37.9936691Z Unpacking liblapack3:amd64 (3.12.0-3build1.1) ...
2026-10-09T14:22:38.0392430Z Selecting previously unselected package libasyncns0:amd64.
2026-10-09T14:22:38.0516008Z Preparing to unpack .../58-libasyncns0_0.8-6build4_amd64.deb ...
2026-10-09T14:22:38.0523242Z Unpacking libasyncns0:amd64 (0.8-6build4) ...
2026-10-09T14:22:38.0713390Z Selecting previously unselected package libflac12t64:amd64.
2026-10-09T14:22:38.0836997Z Preparing to unpack .../59-libflac12t64_1.4.3+ds-2.1ubuntu2_amd64.deb ...
2026-10-09T14:22:38.0843705Z Unpacking libflac12t64:amd64 (1.4.3+ds-2.1ubuntu2) ...
2026-10-09T14:22:38.1076232Z Selecting previously unselected package libsndfile1:amd64.
2026-10-09T14:22:38.1199566Z Preparing to unpack .../60-libsndfile1_1.2.2-1ubuntu5.24.04.1_amd64.deb ...
2026-10-09T14:22:38.1207266Z Unpacking libsndfile1:amd64 (1.2.2-1ubuntu5.24.04.1) ...
2026-10-09T14:22:38.1431122Z Selecting previously unselected package libpulse0:amd64.
2026-10-09T14:22:38.1551276Z Preparing to unpack .../61-libpulse0_1%3a16.1+dfsg1-2ubuntu10.1_amd64.deb ...
2026-10-09T14:22:38.1616793Z Unpacking libpulse0:amd64 (1:16.1+dfsg1-2ubuntu10.1) ...
2026-10-09T14:22:38.1852539Z Selecting previously unselected package libsphinxbase3t64:amd64.
2026-10-09T14:22:38.1972808Z Preparing to unpack .../62-libsphinxbase3t64_0.8+5prealpha+1-17build2_amd64.deb ...
2026-10-09T14:22:38.1981160Z Unpacking libsphinxbase3t64:amd64 (0.8+5prealpha+1-17build2) ...
2026-10-09T14:22:38.2188197Z Selecting previously unselected package libpocketsphinx3:amd64.
2026-10-09T14:22:38.2309844Z Preparing to unpack .../63-libpocketsphinx3_0.8.0+real5prealpha+1-15ubuntu5_amd64.deb ...
2026-10-09T14:22:38.2317269Z Unpacking libpocketsphinx3:amd64 (0.8.0+real5prealpha+1-15ubuntu5) ...
2026-10-09T14:22:38.2519991Z Selecting previously unselected package libpostproc57:amd64.
2026-10-09T14:22:38.2638561Z Preparing to unpack .../64-libpostproc57_7%3a6.1.1-3ubuntu5_amd64.deb ...
2026-10-09T14:22:38.2646219Z Unpacking libpostproc57:amd64 (7:6.1.1-3ubuntu5) ...
2026-10-09T14:22:38.2843212Z Selecting previously unselected package libsamplerate0:amd64.
2026-10-09T14:22:38.2960907Z Preparing to unpack .../65-libsamplerate0_0.2.2-4build1_amd64.deb ...
2026-10-09T14:22:38.2969585Z Unpacking libsamplerate0:amd64 (0.2.2-4build1) ...
2026-10-09T14:22:38.3214680Z Selecting previously unselected package librubberband2:amd64.
2026-10-09T14:22:38.3332899Z Preparing to unpack .../66-librubberband2_3.3.0+dfsg-2build1_amd64.deb ...
2026-10-09T14:22:38.3340200Z Unpacking librubberband2:amd64 (3.3.0+dfsg-2build1) ...
2026-10-09T14:22:38.3543083Z Selecting previously unselected package libswscale7:amd64.
2026-10-09T14:22:38.3661037Z Preparing to unpack .../67-libswscale7_7%3a6.1.1-3ubuntu5_amd64.deb ...
2026-10-09T14:22:38.3668367Z Unpacking libswscale7:amd64 (7:6.1.1-3ubuntu5) ...
2026-10-09T14:22:38.3882981Z Selecting previously unselected package libvidstab1.1:amd64.
2026-10-09T14:22:38.4000900Z Preparing to unpack .../68-libvidstab1.1_1.1.0-2build1_amd64.deb ...
2026-10-09T14:22:38.4007534Z Unpacking libvidstab1.1:amd64 (1.1.0-2build1) ...
2026-10-09T14:22:38.4200065Z Selecting previously unselected package libzimg2:amd64.
2026-10-09T14:22:38.4318117Z Preparing to unpack .../69-libzimg2_3.0.5+ds1-1build1_amd64.deb ...
2026-10-09T14:22:38.4325243Z Unpacking libzimg2:amd64 (3.0.5+ds1-1build1) ...
2026-10-09T14:22:38.4548494Z Selecting previously unselected package libavfilter9:amd64.
2026-10-09T14:22:38.4665523Z Preparing to unpack .../70-libavfilter9_7%3a6.1.1-3ubuntu5_amd64.deb ...
2026-10-09T14:22:38.4672853Z Unpacking libavfilter9:amd64 (7:6.1.1-3ubuntu5) ...
2026-10-09T14:22:38.5325343Z Selecting previously unselected package libcaca0:amd64.
2026-10-09T14:22:38.5452127Z Preparing to unpack .../71-libcaca0_0.99.beta20-4ubuntu0.2_amd64.deb ...
2026-10-09T14:22:38.5486602Z Unpacking libcaca0:amd64 (0.99.beta20-4ubuntu0.2) ...
2026-10-09T14:22:38.5718142Z Selecting previously unselected package libcdio19t64:amd64.
2026-10-09T14:22:38.5842992Z Preparing to unpack .../72-libcdio19t64_2.1.0-4.1ubuntu1.2_amd64.deb ...
2026-10-09T14:22:38.5850554Z Unpacking libcdio19t64:amd64 (2.1.0-4.1ubuntu1.2) ...
2026-10-09T14:22:38.6051548Z Selecting previously unselected package libcdio-cdda2t64:amd64.
2026-10-09T14:22:38.6173488Z Preparing to unpack .../73-libcdio-cdda2t64_10.2+2.0.1-1.1build2_amd64.deb ...
2026-10-09T14:22:38.6180677Z Unpacking libcdio-cdda2t64:amd64 (10.2+2.0.1-1.1build2) ...
2026-10-09T14:22:38.6374266Z Selecting previously unselected package libcdio-paranoia2t64:amd64.
2026-10-09T14:22:38.6495595Z Preparing to unpack .../74-libcdio-paranoia2t64_10.2+2.0.1-1.1build2_amd64.deb ...
2026-10-09T14:22:38.6502362Z Unpacking libcdio-paranoia2t64:amd64 (10.2+2.0.1-1.1build2) ...
2026-10-09T14:22:38.6693240Z Selecting previously unselected package libdc1394-25:amd64.
2026-10-09T14:22:38.6813460Z Preparing to unpack .../75-libdc1394-25_2.2.6-4build1_amd64.deb ...
2026-10-09T14:22:38.6820691Z Unpacking libdc1394-25:amd64 (2.2.6-4build1) ...
2026-10-09T14:22:38.7059540Z Selecting previously unselected package libiec61883-0:amd64.
2026-10-09T14:22:38.7184063Z Preparing to unpack .../76-libiec61883-0_1.2.0-6build1_amd64.deb ...
2026-10-09T14:22:38.7193258Z Unpacking libiec61883-0:amd64 (1.2.0-6build1) ...
2026-10-09T14:22:38.7385481Z Selecting previously unselected package libjack-jackd2-0:amd64.
2026-10-09T14:22:38.7509535Z Preparing to unpack .../77-libjack-jackd2-0_1.9.21~dfsg-3ubuntu3_amd64.deb ...
2026-10-09T14:22:38.7517344Z Unpacking libjack-jackd2-0:amd64 (1.9.21~dfsg-3ubuntu3) ...
2026-10-09T14:22:38.7824842Z Selecting previously unselected package libopenal-data.
2026-10-09T14:22:38.7946519Z Preparing to unpack .../78-libopenal-data_1%3a1.23.1-4build1_all.deb ...
2026-10-09T14:22:38.7955206Z Unpacking libopenal-data (1:1.23.1-4build1) ...
2026-10-09T14:22:38.8167346Z Selecting previously unselected package libsndio7.0:amd64.
2026-10-09T14:22:38.8287865Z Preparing to unpack .../79-libsndio7.0_1.9.0-0.3build3_amd64.deb ...
2026-10-09T14:22:38.8294825Z Unpacking libsndio7.0:amd64 (1.9.0-0.3build3) ...
2026-10-09T14:22:38.8487396Z Selecting previously unselected package libopenal1:amd64.
2026-10-09T14:22:38.8607567Z Preparing to unpack .../80-libopenal1_1%3a1.23.1-4build1_amd64.deb ...
2026-10-09T14:22:38.8614956Z Unpacking libopenal1:amd64 (1:1.23.1-4build1) ...
2026-10-09T14:22:38.8891917Z Selecting previously unselected package libdecor-0-0:amd64.
2026-10-09T14:22:38.9011373Z Preparing to unpack .../81-libdecor-0-0_0.2.2-1build2_amd64.deb ...
2026-10-09T14:22:38.9018469Z Unpacking libdecor-0-0:amd64 (0.2.2-1build2) ...
2026-10-09T14:22:38.9207714Z Selecting previously unselected package libsdl2-2.0-0:amd64.
2026-10-09T14:22:38.9342699Z Preparing to unpack .../82-libsdl2-2.0-0_2.30.0+dfsg-1ubuntu3.1_amd64.deb ...
2026-10-09T14:22:38.9371681Z Unpacking libsdl2-2.0-0:amd64 (2.30.0+dfsg-1ubuntu3.1) ...
2026-10-09T14:22:39.0200494Z Selecting previously unselected package libxcb-shape0:amd64.
2026-10-09T14:22:39.0327954Z Preparing to unpack .../83-libxcb-shape0_1.15-1ubuntu2_amd64.deb ...
2026-10-09T14:22:39.0336202Z Unpacking libxcb-shape0:amd64 (1.15-1ubuntu2) ...
2026-10-09T14:22:39.0526555Z Selecting previously unselected package libxv1:amd64.
2026-10-09T14:22:39.0652894Z Preparing to unpack .../84-libxv1_2%3a1.0.11-1.1build1_amd64.deb ...
2026-10-09T14:22:39.0665611Z Unpacking libxv1:amd64 (2:1.0.11-1.1build1) ...
2026-10-09T14:22:39.0863536Z Selecting previously unselected package libavdevice60:amd64.
2026-10-09T14:22:39.0989668Z Preparing to unpack .../85-libavdevice60_7%3a6.1.1-3ubuntu5_amd64.deb ...
2026-10-09T14:22:39.0998561Z Unpacking libavdevice60:amd64 (7:6.1.1-3ubuntu5) ...
2026-10-09T14:22:39.1197906Z Selecting previously unselected package ffmpeg.
2026-10-09T14:22:39.1322702Z Preparing to unpack .../86-ffmpeg_7%3a6.1.1-3ubuntu5_amd64.deb ...
2026-10-09T14:22:39.1329971Z Unpacking ffmpeg (7:6.1.1-3ubuntu5) ...
2026-10-09T14:22:39.1925239Z Setting up libgme0:amd64 (0.6.3-7build1) ...
2026-10-09T14:22:39.1954433Z Setting up libchromaprint1:amd64 (1.5.1-5) ...
2026-10-09T14:22:39.1972458Z Setting up libssh-gcrypt-4:amd64 (0.10.6-2ubuntu0.5) ...
2026-10-09T14:22:39.1995618Z Setting up libhwy1t64:amd64 (1.0.7-8.1build1) ...
2026-10-09T14:22:39.2013139Z Setting up libudfread0:amd64 (1.1.2-1build1) ...
2026-10-09T14:22:39.2031787Z Setting up libraw1394-11:amd64 (2.1.2-2build3) ...
2026-10-09T14:22:39.2057383Z Setting up libspeex1:amd64 (1.2.1-2ubuntu2.24.04.1) ...
2026-10-09T14:22:39.2076572Z Setting up libshine3:amd64 (3.1.1-2build1) ...
2026-10-09T14:22:39.2117273Z Setting up libcaca0:amd64 (0.99.beta20-4ubuntu0.2) ...
2026-10-09T14:22:39.2138047Z Setting up libvpl2 (2023.3.0-1build1) ...
2026-10-09T14:22:39.2157767Z Setting up libx264-164:amd64 (2:0.164.3108+git31e19f9-1) ...
2026-10-09T14:22:39.2178229Z Setting up libtwolame0:amd64 (0.4.0-2build3) ...
2026-10-09T14:22:39.2198399Z Setting up libmbedcrypto7t64:amd64 (2.28.8-1) ...
2026-10-09T14:22:39.2217089Z Setting up libgsm1:amd64 (1.0.22-1build1) ...
2026-10-09T14:22:39.2236541Z Setting up libsoxr0:amd64 (0.1.3-4build3) ...
2026-10-09T14:22:39.2261632Z Setting up libzix-0-0:amd64 (0.4.2-2build1) ...
2026-10-09T14:22:39.2282163Z Setting up libcodec2-1.2:amd64 (1.2.0-2build1) ...
2026-10-09T14:22:39.2302019Z Setting up libmysofa1:amd64 (1.3.2+dfsg-2ubuntu2) ...
2026-10-09T14:22:39.2321399Z Setting up libxcb-shape0:amd64 (1.15-1ubuntu2) ...
2026-10-09T14:22:39.2341482Z Setting up libcdio19t64:amd64 (2.1.0-4.1ubuntu1.2) ...
2026-10-09T14:22:39.2359428Z Setting up libsvtav1enc1d1:amd64 (1.7.0+dfsg-2build1) ...
2026-10-09T14:22:39.2377801Z Setting up libmpg123-0t64:amd64 (1.32.5-1ubuntu1.1) ...
2026-10-09T14:22:39.2400958Z Setting up libcjson1:amd64 (1.7.17-1) ...
2026-10-09T14:22:39.2419644Z Setting up libxvidcore4:amd64 (2:1.3.7-1build1) ...
2026-10-09T14:22:39.2441123Z Setting up librav1e0:amd64 (0.7.1-2) ...
2026-10-09T14:22:39.2459656Z Setting up libcdio-cdda2t64:amd64 (10.2+2.0.1-1.1build2) ...
2026-10-09T14:22:39.2477573Z Setting up librist4:amd64 (0.2.10+dfsg-2) ...
2026-10-09T14:22:39.2499634Z Setting up librsvg2-2:amd64 (2.58.0+dfsg-1ubuntu0.1) ...
2026-10-09T14:22:39.2519375Z Setting up libblas3:amd64 (3.12.0-3build1.1) ...
2026-10-09T14:22:39.2580091Z update-alternatives: using /usr/lib/x86_64-linux-gnu/blas/libblas.so.3 to provide /usr/lib/x86_64-linux-gnu/libblas.so.3 (libblas.so.3-x86_64-linux-gnu) in auto mode
2026-10-09T14:22:39.2595323Z Setting up libplacebo338:amd64 (6.338.2-2build1) ...
2026-10-09T14:22:39.2615118Z Setting up libva2:amd64 (2.20.0-2ubuntu0.2) ...
2026-10-09T14:22:39.2634645Z Setting up libopus0:amd64 (1.4-1build1) ...
2026-10-09T14:22:39.2653684Z Setting up libcdio-paranoia2t64:amd64 (10.2+2.0.1-1.1build2) ...
2026-10-09T14:22:39.2673966Z Setting up libdc1394-25:amd64 (2.2.6-4build1) ...
2026-10-09T14:22:39.2696154Z Setting up libxv1:amd64 (2:1.0.11-1.1build1) ...
2026-10-09T14:22:39.2716080Z Setting up libunibreak5:amd64 (5.1-2build1) ...
2026-10-09T14:22:39.2736987Z Setting up libjxl0.7:amd64 (0.7.0-10.2ubuntu6.1) ...
2026-10-09T14:22:39.2754719Z Setting up libx265-199:amd64 (3.5-2build1) ...
2026-10-09T14:22:39.2772732Z Setting up libsndio7.0:amd64 (1.9.0-0.3build3) ...
2026-10-09T14:22:39.2791728Z Setting up libvidstab1.1:amd64 (1.1.0-2build1) ...
2026-10-09T14:22:39.2810069Z Setting up libvpx9:amd64 (1.14.0-1ubuntu2.3) ...
2026-10-09T14:22:39.2828867Z Setting up libsrt1.5-gnutls:amd64 (1.5.3-1build2) ...
2026-10-09T14:22:39.2846837Z Setting up libflite1:amd64 (2.2-6build3) ...
2026-10-09T14:22:39.2868308Z Setting up libdav1d7:amd64 (1.4.1-1build1) ...
2026-10-09T14:22:39.2886276Z Setting up libva-drm2:amd64 (2.20.0-2ubuntu0.2) ...
2026-10-09T14:22:39.2904496Z Setting up ocl-icd-libopencl1:amd64 (2.3.2-1build1) ...
2026-10-09T14:22:39.2923816Z Setting up libasyncns0:amd64 (0.8-6build4) ...
2026-10-09T14:22:39.2941387Z Setting up libvdpau1:amd64 (1.5-2build1) ...
2026-10-09T14:22:39.2966263Z Setting up libbs2b0:amd64 (3.1.0+dfsg-7build1) ...
2026-10-09T14:22:39.2986660Z Setting up libtheora0:amd64 (1.1.1+dfsg.1-16.1build3) ...
2026-10-09T14:22:39.3006624Z Setting up libdecor-0-0:amd64 (0.2.2-1build2) ...
2026-10-09T14:22:39.3027183Z Setting up libzimg2:amd64 (3.0.5+ds1-1build1) ...
2026-10-09T14:22:39.3046139Z Setting up libopenal-data (1:1.23.1-4build1) ...
2026-10-09T14:22:39.3074568Z Setting up libflac12t64:amd64 (1.4.3+ds-2.1ubuntu2) ...
2026-10-09T14:22:39.3093094Z Setting up libbluray2:amd64 (1:1.3.4-1build1) ...
2026-10-09T14:22:39.3110478Z Setting up libsamplerate0:amd64 (0.2.2-4build1) ...
2026-10-09T14:22:39.3130465Z Setting up libva-x11-2:amd64 (2.20.0-2ubuntu0.2) ...
2026-10-09T14:22:39.3147415Z Setting up libopenmpt0t64:amd64 (0.7.3-1.1build3) ...
2026-10-09T14:22:39.3220954Z Setting up libzvbi-common (0.2.42-2) ...
2026-10-09T14:22:39.3241024Z Setting up libmp3lame0:amd64 (3.100-6build1) ...
2026-10-09T14:22:39.3259495Z Setting up libvorbisenc2:amd64 (1.3.7-1build3) ...
2026-10-09T14:22:39.3280772Z Setting up libiec61883-0:amd64 (1.2.0-6build1) ...
2026-10-09T14:22:39.3300286Z Setting up libserd-0-0:amd64 (0.32.2-1) ...
2026-10-09T14:22:39.3328543Z Setting up libavc1394-0:amd64 (0.5.4-5build3) ...
2026-10-09T14:22:39.3348551Z Setting up liblapack3:amd64 (3.12.0-3build1.1) ...
2026-10-09T14:22:39.3407878Z update-alternatives: using /usr/lib/x86_64-linux-gnu/lapack/liblapack.so.3 to provide /usr/lib/x86_64-linux-gnu/liblapack.so.3 (liblapack.so.3-x86_64-linux-gnu) in auto mode
2026-10-09T14:22:39.3425066Z Setting up libzvbi0t64:amd64 (0.2.42-2) ...
2026-10-09T14:22:39.3445039Z Setting up libavutil58:amd64 (7:6.1.1-3ubuntu5) ...
2026-10-09T14:22:39.3463070Z Setting up libopenal1:amd64 (1:1.23.1-4build1) ...
2026-10-09T14:22:39.3483447Z Setting up libass9:amd64 (1:0.17.1-2build1) ...
2026-10-09T14:22:39.3503518Z Setting up libswresample4:amd64 (7:6.1.1-3ubuntu5) ...
2026-10-09T14:22:39.3522814Z Setting up libavcodec60:amd64 (7:6.1.1-3ubuntu5) ...
2026-10-09T14:22:39.3542817Z Setting up librubberband2:amd64 (3.3.0+dfsg-2build1) ...
2026-10-09T14:22:39.3562160Z Setting up libjack-jackd2-0:amd64 (1.9.21~dfsg-3ubuntu3) ...
2026-10-09T14:22:39.3582788Z Setting up libsord-0-0:amd64 (0.16.16-2build1) ...
2026-10-09T14:22:39.3600761Z Setting up libpostproc57:amd64 (7:6.1.1-3ubuntu5) ...
2026-10-09T14:22:39.3620421Z Setting up libsratom-0-0:amd64 (0.6.16-1build1) ...
2026-10-09T14:22:39.3642855Z Setting up libsndfile1:amd64 (1.2.2-1ubuntu5.24.04.1) ...
2026-10-09T14:22:39.3663978Z Setting up liblilv-0-0:amd64 (0.24.22-1build1) ...
2026-10-09T14:22:39.3684893Z Setting up libswscale7:amd64 (7:6.1.1-3ubuntu5) ...
2026-10-09T14:22:39.3703731Z Setting up libpulse0:amd64 (1:16.1+dfsg1-2ubuntu10.1) ...
2026-10-09T14:22:39.3773243Z Setting up libavformat60:amd64 (7:6.1.1-3ubuntu5) ...
2026-10-09T14:22:39.3792710Z Setting up libsphinxbase3t64:amd64 (0.8+5prealpha+1-17build2) ...
2026-10-09T14:22:39.3813816Z Setting up libsdl2-2.0-0:amd64 (2.30.0+dfsg-1ubuntu3.1) ...
2026-10-09T14:22:39.4063915Z Setting up libpocketsphinx3:amd64 (0.8.0+real5prealpha+1-15ubuntu5) ...
2026-10-09T14:22:39.4083137Z Setting up libavfilter9:amd64 (7:6.1.1-3ubuntu5) ...
2026-10-09T14:22:39.4099950Z Setting up libavdevice60:amd64 (7:6.1.1-3ubuntu5) ...
2026-10-09T14:22:39.4119328Z Setting up ffmpeg (7:6.1.1-3ubuntu5) ...
2026-10-09T14:22:39.4151401Z Processing triggers for man-db (2.12.0-4build2) ...
2026-10-09T14:22:39.4175663Z Not building database; man-db/auto-update is not 'true'.
2026-10-09T14:22:39.4187102Z Processing triggers for libc-bin (2.39-0ubuntu8.9) ...
2026-10-09T14:22:40.1382298Z 
2026-10-09T14:22:40.1383000Z Running kernel seems to be up-to-date.
2026-10-09T14:22:40.1383394Z 
2026-10-09T14:22:40.1383590Z No services need to be restarted.
2026-10-09T14:22:40.1383896Z 
2026-10-09T14:22:40.1384080Z No containers need to be restarted.
2026-10-09T14:22:40.1384394Z 
2026-10-09T14:22:40.1384609Z No user sessions are running outdated binaries.
2026-10-09T14:22:40.1384985Z 
2026-10-09T14:22:40.1385332Z No VM guests are running outdated hypervisor (qemu) binaries on this host.
2026-10-09T14:22:41.5889135Z ##[group]Run sudo apt-get update
2026-10-09T14:22:41.5889814Z [36;1msudo apt-get update[0m
2026-10-09T14:22:41.5890146Z [36;1msudo apt-get install -y postgresql-client-16[0m
2026-10-09T14:22:41.5890555Z [36;1mecho "/usr/lib/postgresql/16/bin" >> "$GITHUB_PATH"[0m
2026-10-09T14:22:41.5955494Z shell: /usr/bin/bash -e {0}
2026-10-09T14:22:41.5955748Z env:
2026-10-09T14:22:41.5955939Z   MOCK_PROVIDER: true
2026-10-09T14:22:41.5956178Z   MOCK_STREAM_DELAY_MS: 0
2026-10-09T14:22:41.5956407Z   ENABLE_CLOUD: false
2026-10-09T14:22:41.5956636Z   CREDENTIAL_VAULT_BACKEND: memory
2026-10-09T14:22:41.5956919Z   CREDENTIAL_VAULT_ALLOW_MEMORY_FALLBACK: true
2026-10-09T14:22:41.5957220Z   PYTHONDONTWRITEBYTECODE: 1
2026-10-09T14:22:41.5957460Z   HF_HUB_OFFLINE: 1
2026-10-09T14:22:41.5957667Z   TRANSFORMERS_OFFLINE: 1
2026-10-09T14:22:41.5957954Z   pythonLocation: /opt/hostedtoolcache/Python/3.12.9/x64
2026-10-09T14:22:41.5958434Z   PKG_CONFIG_PATH: /opt/hostedtoolcache/Python/3.12.9/x64/lib/pkgconfig
2026-10-09T14:22:41.5958882Z   Python_ROOT_DIR: /opt/hostedtoolcache/Python/3.12.9/x64
2026-10-09T14:22:41.5959584Z   Python2_ROOT_DIR: /opt/hostedtoolcache/Python/3.12.9/x64
2026-10-09T14:22:41.5959991Z   Python3_ROOT_DIR: /opt/hostedtoolcache/Python/3.12.9/x64
2026-10-09T14:22:41.5960388Z   LD_LIBRARY_PATH: /opt/hostedtoolcache/Python/3.12.9/x64/lib
2026-10-09T14:22:41.5960781Z   CI_COVERAGE_SHA: 7f0d911549b04e8dbb7cf078316ad74c42095449
2026-10-09T14:22:41.5961177Z   CI_COVERAGE_TREE: 69d69ffe71838263069d164a0a07b39b5f4a4333
2026-10-09T14:22:41.5961648Z   CI_SANDBOX: /home/runner/work/_temp/novel-ci-backend-postgres-shard-1.iGom5p
2026-10-09T14:22:41.5962232Z   CI_PROJECT: /home/runner/work/_temp/novel-ci-backend-postgres-shard-1.iGom5p/project
2026-10-09T14:22:41.5962837Z   CI_RECEIPTS: /home/runner/work/_temp/novel-ci-backend-postgres-shard-1.iGom5p/receipts
2026-10-09T14:22:41.5963520Z   HOME: /home/runner/work/_temp/novel-ci-backend-postgres-shard-1.iGom5p/project/.runtime/ci-backend/home
2026-10-09T14:22:41.5964302Z   USERPROFILE: /home/runner/work/_temp/novel-ci-backend-postgres-shard-1.iGom5p/project/.runtime/ci-backend/home
2026-10-09T14:22:41.5965108Z   APPDATA: /home/runner/work/_temp/novel-ci-backend-postgres-shard-1.iGom5p/project/.runtime/ci-backend/appdata
2026-10-09T14:22:41.5965957Z   LOCALAPPDATA: /home/runner/work/_temp/novel-ci-backend-postgres-shard-1.iGom5p/project/.runtime/ci-backend/localappdata
2026-10-09T14:22:41.5966820Z   XDG_CONFIG_HOME: /home/runner/work/_temp/novel-ci-backend-postgres-shard-1.iGom5p/project/.runtime/ci-backend/config
2026-10-09T14:22:41.5967840Z   XDG_CACHE_HOME: /home/runner/work/_temp/novel-ci-backend-postgres-shard-1.iGom5p/project/.runtime/ci-backend/cache
2026-10-09T14:22:41.5968652Z   XDG_DATA_HOME: /home/runner/work/_temp/novel-ci-backend-postgres-shard-1.iGom5p/project/.runtime/ci-backend/data
2026-10-09T14:22:41.5969718Z   XDG_STATE_HOME: /home/runner/work/_temp/novel-ci-backend-postgres-shard-1.iGom5p/project/.runtime/ci-backend/state
2026-10-09T14:22:41.5970505Z   TMPDIR: /home/runner/work/_temp/novel-ci-backend-postgres-shard-1.iGom5p/project/.runtime/ci-backend/tmp
2026-10-09T14:22:41.5971231Z   TMP: /home/runner/work/_temp/novel-ci-backend-postgres-shard-1.iGom5p/project/.runtime/ci-backend/tmp
2026-10-09T14:22:41.5971937Z   TEMP: /home/runner/work/_temp/novel-ci-backend-postgres-shard-1.iGom5p/project/.runtime/ci-backend/tmp
2026-10-09T14:22:41.5972594Z   PROJECT_ROOT: /home/runner/work/_temp/novel-ci-backend-postgres-shard-1.iGom5p/project
2026-10-09T14:22:41.5973314Z   NOVEL_DATA_PATH: /home/runner/work/_temp/novel-ci-backend-postgres-shard-1.iGom5p/project/.runtime/ci-backend/data/novels
2026-10-09T14:22:41.5974136Z   BACKUP_PATH: /home/runner/work/_temp/novel-ci-backend-postgres-shard-1.iGom5p/project/.runtime/ci-backend/data/backups
2026-10-09T14:22:41.5975026Z   DATABASE_BACKUP_PATH: /home/runner/work/_temp/novel-ci-backend-postgres-shard-1.iGom5p/project/.runtime/ci-backend/data/database-backups
2026-10-09T14:22:41.5976137Z   KNOWLEDGE_SOURCE_PATH: /home/runner/work/_temp/novel-ci-backend-postgres-shard-1.iGom5p/project/.runtime/ci-backend/data/novels
2026-10-09T14:22:41.5976974Z   CI_V2_RUNTIME: /home/runner/work/_temp/novel-ci-backend-postgres-shard-1.iGom5p/project/.runtime/ci-backend
2026-10-09T14:22:41.5977472Z ##[endgroup]
2026-10-09T14:22:41.6671094Z Get:1 file:/etc/apt/apt-mirrors.txt Mirrorlist [144 B]
2026-10-09T14:22:41.7043626Z Hit:6 https://packages.microsoft.com/ubuntu/24.04/prod noble InRelease
2026-10-09T14:22:41.7045108Z Hit:2 http://azure.archive.ubuntu.com/ubuntu noble InRelease
2026-10-09T14:22:41.7061338Z Hit:3 http://azure.archive.ubuntu.com/ubuntu noble-updates InRelease
2026-10-09T14:22:41.7076299Z Hit:4 http://azure.archive.ubuntu.com/ubuntu noble-backports InRelease
2026-10-09T14:22:41.7096640Z Hit:5 http://azure.archive.ubuntu.com/ubuntu noble-security InRelease
2026-10-09T14:22:42.9359919Z Reading package lists...
2026-10-09T14:22:42.9656941Z Reading package lists...
2026-10-09T14:22:43.1574550Z Building dependency tree...
2026-10-09T14:22:43.1582897Z Reading state information...
2026-10-09T14:22:43.3522668Z postgresql-client-16 is already the newest version (16.15-1.pgdg24.04+2).
2026-10-09T14:22:43.3523177Z postgresql-client-16 set to manually installed.
2026-10-09T14:22:43.3523568Z 0 upgraded, 0 newly installed, 0 to remove and 23 not upgraded.
2026-10-09T14:22:43.3587013Z ##[group]Run python - <<'PY'
2026-10-09T14:22:43.3587349Z [36;1mpython - <<'PY'[0m
2026-10-09T14:22:43.3587592Z [36;1mimport os[0m
2026-10-09T14:22:43.3587820Z [36;1mfrom pathlib import Path[0m
2026-10-09T14:22:43.3588080Z [36;1mimport psycopg[0m
2026-10-09T14:22:43.3588467Z [36;1mwith psycopg.connect(os.environ['DATABASE_URL'], autocommit=True) as connection:[0m
2026-10-09T14:22:43.3588989Z [36;1m    assert connection.execute('SELECT 1').fetchone() == (1,)[0m
2026-10-09T14:22:43.3589758Z [36;1m    for migration in sorted(Path('database/migrations').glob('*.sql')):[0m
2026-10-09T14:22:43.3590246Z [36;1m        connection.execute(migration.read_text(encoding='utf-8'))[0m
2026-10-09T14:22:43.3590644Z [36;1m        print('Applied', migration.name)[0m
2026-10-09T14:22:43.3590923Z [36;1mPY[0m
2026-10-09T14:22:43.3655699Z shell: /usr/bin/bash -e {0}
2026-10-09T14:22:43.3655974Z env:
2026-10-09T14:22:43.3656173Z   MOCK_PROVIDER: true
2026-10-09T14:22:43.3656464Z   MOCK_STREAM_DELAY_MS: 0
2026-10-09T14:22:43.3656701Z   ENABLE_CLOUD: false
2026-10-09T14:22:43.3656935Z   CREDENTIAL_VAULT_BACKEND: memory
2026-10-09T14:22:43.3657445Z   CREDENTIAL_VAULT_ALLOW_MEMORY_FALLBACK: true
2026-10-09T14:22:43.3657768Z   PYTHONDONTWRITEBYTECODE: 1
2026-10-09T14:22:43.3658019Z   HF_HUB_OFFLINE: 1
2026-10-09T14:22:43.3658232Z   TRANSFORMERS_OFFLINE: 1
2026-10-09T14:22:43.3658535Z   pythonLocation: /opt/hostedtoolcache/Python/3.12.9/x64
2026-10-09T14:22:43.3658988Z   PKG_CONFIG_PATH: /opt/hostedtoolcache/Python/3.12.9/x64/lib/pkgconfig
2026-10-09T14:22:43.3659721Z   Python_ROOT_DIR: /opt/hostedtoolcache/Python/3.12.9/x64
2026-10-09T14:22:43.3660172Z   Python2_ROOT_DIR: /opt/hostedtoolcache/Python/3.12.9/x64
2026-10-09T14:22:43.3660571Z   Python3_ROOT_DIR: /opt/hostedtoolcache/Python/3.12.9/x64
2026-10-09T14:22:43.3660971Z   LD_LIBRARY_PATH: /opt/hostedtoolcache/Python/3.12.9/x64/lib
2026-10-09T14:22:43.3661380Z   CI_COVERAGE_SHA: 7f0d911549b04e8dbb7cf078316ad74c42095449
2026-10-09T14:22:43.3661777Z   CI_COVERAGE_TREE: 69d69ffe71838263069d164a0a07b39b5f4a4333
2026-10-09T14:22:43.3662259Z   CI_SANDBOX: /home/runner/work/_temp/novel-ci-backend-postgres-shard-1.iGom5p
2026-10-09T14:22:43.3662863Z   CI_PROJECT: /home/runner/work/_temp/novel-ci-backend-postgres-shard-1.iGom5p/project
2026-10-09T14:22:43.3663490Z   CI_RECEIPTS: /home/runner/work/_temp/novel-ci-backend-postgres-shard-1.iGom5p/receipts
2026-10-09T14:22:43.3664207Z   HOME: /home/runner/work/_temp/novel-ci-backend-postgres-shard-1.iGom5p/project/.runtime/ci-backend/home
2026-10-09T14:22:43.3665025Z   USERPROFILE: /home/runner/work/_temp/novel-ci-backend-postgres-shard-1.iGom5p/project/.runtime/ci-backend/home
2026-10-09T14:22:43.3665864Z   APPDATA: /home/runner/work/_temp/novel-ci-backend-postgres-shard-1.iGom5p/project/.runtime/ci-backend/appdata
2026-10-09T14:22:43.3666737Z   LOCALAPPDATA: /home/runner/work/_temp/novel-ci-backend-postgres-shard-1.iGom5p/project/.runtime/ci-backend/localappdata
2026-10-09T14:22:43.3667643Z   XDG_CONFIG_HOME: /home/runner/work/_temp/novel-ci-backend-postgres-shard-1.iGom5p/project/.runtime/ci-backend/config
2026-10-09T14:22:43.3668507Z   XDG_CACHE_HOME: /home/runner/work/_temp/novel-ci-backend-postgres-shard-1.iGom5p/project/.runtime/ci-backend/cache
2026-10-09T14:22:43.3669570Z   XDG_DATA_HOME: /home/runner/work/_temp/novel-ci-backend-postgres-shard-1.iGom5p/project/.runtime/ci-backend/data
2026-10-09T14:22:43.3670418Z   XDG_STATE_HOME: /home/runner/work/_temp/novel-ci-backend-postgres-shard-1.iGom5p/project/.runtime/ci-backend/state
2026-10-09T14:22:43.3671246Z   TMPDIR: /home/runner/work/_temp/novel-ci-backend-postgres-shard-1.iGom5p/project/.runtime/ci-backend/tmp
2026-10-09T14:22:43.3671998Z   TMP: /home/runner/work/_temp/novel-ci-backend-postgres-shard-1.iGom5p/project/.runtime/ci-backend/tmp
2026-10-09T14:22:43.3672700Z   TEMP: /home/runner/work/_temp/novel-ci-backend-postgres-shard-1.iGom5p/project/.runtime/ci-backend/tmp
2026-10-09T14:22:43.3673568Z   PROJECT_ROOT: /home/runner/work/_temp/novel-ci-backend-postgres-shard-1.iGom5p/project
2026-10-09T14:22:43.3674314Z   NOVEL_DATA_PATH: /home/runner/work/_temp/novel-ci-backend-postgres-shard-1.iGom5p/project/.runtime/ci-backend/data/novels
2026-10-09T14:22:43.3675163Z   BACKUP_PATH: /home/runner/work/_temp/novel-ci-backend-postgres-shard-1.iGom5p/project/.runtime/ci-backend/data/backups
2026-10-09T14:22:43.3676053Z   DATABASE_BACKUP_PATH: /home/runner/work/_temp/novel-ci-backend-postgres-shard-1.iGom5p/project/.runtime/ci-backend/data/database-backups
2026-10-09T14:22:43.3677028Z   KNOWLEDGE_SOURCE_PATH: /home/runner/work/_temp/novel-ci-backend-postgres-shard-1.iGom5p/project/.runtime/ci-backend/data/novels
2026-10-09T14:22:43.3677879Z   CI_V2_RUNTIME: /home/runner/work/_temp/novel-ci-backend-postgres-shard-1.iGom5p/project/.runtime/ci-backend
2026-10-09T14:22:43.3679043Z   DATABASE_URL: ***127.0.0.1:5432/novel_ci
2026-10-09T14:22:43.3679546Z ##[endgroup]
2026-10-09T14:22:44.4258863Z Applied 001_initial.sql
2026-10-09T14:22:44.4260029Z Applied 002_runtime_jobs.sql
2026-10-09T14:22:44.4260589Z Applied 003_document_versions.sql
2026-10-09T14:22:44.4261164Z Applied 004_lore_foundation.sql
2026-10-09T14:22:44.4262046Z Applied 005_lore_memory.sql
2026-10-09T14:22:44.4262432Z Applied 006_context_intelligence.sql
2026-10-09T14:22:44.4262898Z Applied 007_continuity_foundations.sql
2026-10-09T14:22:44.4263327Z Applied 008_narrative_state.sql
2026-10-09T14:22:44.4263747Z Applied 009_narrative_findings.sql
2026-10-09T14:22:44.4264180Z Applied 010_narrative_progress.sql
2026-10-09T14:22:44.4264605Z Applied 011_narrative_change_proposals.sql
2026-10-09T14:22:44.4265102Z Applied 012_collaboration_scope_foundation.sql
2026-10-09T14:22:44.4265692Z Applied 013_branch_revision_optimistic_concurrency.sql
2026-10-09T14:22:44.4266348Z Applied 014_scope_authorization_foundation.sql
2026-10-09T14:22:44.4267106Z Applied 015_collaboration_runtime_foundation.sql
2026-10-09T14:22:44.4267853Z Applied 016_generation_snapshot_ownership.sql
2026-10-09T14:22:44.4268496Z Applied 017_chapter_archive_state.sql
2026-10-09T14:22:44.4269022Z Applied 018_context_privacy.sql
2026-10-09T14:22:44.4269667Z Applied 019_experimental_scope_documents.sql
2026-10-09T14:22:44.4270144Z Applied 020_stable_chapter_identity.sql
2026-10-09T14:22:44.4605599Z ##[group]Run python scripts/prepare_pdf_font.py --output "$CI_SANDBOX/fonts" > "$CI_RECEIPTS/font-manifest.json"
2026-10-09T14:22:44.4606514Z [36;1mpython scripts/prepare_pdf_font.py --output "$CI_SANDBOX/fonts" > "$CI_RECEIPTS/font-manifest.json"[0m
2026-10-09T14:22:44.4607181Z [36;1mecho "R2_TEST_FONT_FILE=$CI_SANDBOX/fonts/NotoSansSC-Regular.ttf" >> "$GITHUB_ENV"[0m
2026-10-09T14:22:44.4670372Z shell: /usr/bin/bash -e {0}
2026-10-09T14:22:44.4670627Z env:
2026-10-09T14:22:44.4670817Z   MOCK_PROVIDER: true
2026-10-09T14:22:44.4671047Z   MOCK_STREAM_DELAY_MS: 0
2026-10-09T14:22:44.4671273Z   ENABLE_CLOUD: false
2026-10-09T14:22:44.4671498Z   CREDENTIAL_VAULT_BACKEND: memory
2026-10-09T14:22:44.4671800Z   CREDENTIAL_VAULT_ALLOW_MEMORY_FALLBACK: true
2026-10-09T14:22:44.4672108Z   PYTHONDONTWRITEBYTECODE: 1
2026-10-09T14:22:44.4672352Z   HF_HUB_OFFLINE: 1
2026-10-09T14:22:44.4672557Z   TRANSFORMERS_OFFLINE: 1
2026-10-09T14:22:44.4672882Z   pythonLocation: /opt/hostedtoolcache/Python/3.12.9/x64
2026-10-09T14:22:44.4673318Z   PKG_CONFIG_PATH: /opt/hostedtoolcache/Python/3.12.9/x64/lib/pkgconfig
2026-10-09T14:22:44.4673753Z   Python_ROOT_DIR: /opt/hostedtoolcache/Python/3.12.9/x64
2026-10-09T14:22:44.4674124Z   Python2_ROOT_DIR: /opt/hostedtoolcache/Python/3.12.9/x64
2026-10-09T14:22:44.4674495Z   Python3_ROOT_DIR: /opt/hostedtoolcache/Python/3.12.9/x64
2026-10-09T14:22:44.4674872Z   LD_LIBRARY_PATH: /opt/hostedtoolcache/Python/3.12.9/x64/lib
2026-10-09T14:22:44.4675257Z   CI_COVERAGE_SHA: 7f0d911549b04e8dbb7cf078316ad74c42095449
2026-10-09T14:22:44.4675620Z   CI_COVERAGE_TREE: 69d69ffe71838263069d164a0a07b39b5f4a4333
2026-10-09T14:22:44.4676066Z   CI_SANDBOX: /home/runner/work/_temp/novel-ci-backend-postgres-shard-1.iGom5p
2026-10-09T14:22:44.4676626Z   CI_PROJECT: /home/runner/work/_temp/novel-ci-backend-postgres-shard-1.iGom5p/project
2026-10-09T14:22:44.4677212Z   CI_RECEIPTS: /home/runner/work/_temp/novel-ci-backend-postgres-shard-1.iGom5p/receipts
2026-10-09T14:22:44.4677887Z   HOME: /home/runner/work/_temp/novel-ci-backend-postgres-shard-1.iGom5p/project/.runtime/ci-backend/home
2026-10-09T14:22:44.4678649Z   USERPROFILE: /home/runner/work/_temp/novel-ci-backend-postgres-shard-1.iGom5p/project/.runtime/ci-backend/home
2026-10-09T14:22:44.4679735Z   APPDATA: /home/runner/work/_temp/novel-ci-backend-postgres-shard-1.iGom5p/project/.runtime/ci-backend/appdata
2026-10-09T14:22:44.4680560Z   LOCALAPPDATA: /home/runner/work/_temp/novel-ci-backend-postgres-shard-1.iGom5p/project/.runtime/ci-backend/localappdata
2026-10-09T14:22:44.4681393Z   XDG_CONFIG_HOME: /home/runner/work/_temp/novel-ci-backend-postgres-shard-1.iGom5p/project/.runtime/ci-backend/config
2026-10-09T14:22:44.4682210Z   XDG_CACHE_HOME: /home/runner/work/_temp/novel-ci-backend-postgres-shard-1.iGom5p/project/.runtime/ci-backend/cache
2026-10-09T14:22:44.4683019Z   XDG_DATA_HOME: /home/runner/work/_temp/novel-ci-backend-postgres-shard-1.iGom5p/project/.runtime/ci-backend/data
2026-10-09T14:22:44.4683981Z   XDG_STATE_HOME: /home/runner/work/_temp/novel-ci-backend-postgres-shard-1.iGom5p/project/.runtime/ci-backend/state
2026-10-09T14:22:44.4684753Z   TMPDIR: /home/runner/work/_temp/novel-ci-backend-postgres-shard-1.iGom5p/project/.runtime/ci-backend/tmp
2026-10-09T14:22:44.4685477Z   TMP: /home/runner/work/_temp/novel-ci-backend-postgres-shard-1.iGom5p/project/.runtime/ci-backend/tmp
2026-10-09T14:22:44.4686191Z   TEMP: /home/runner/work/_temp/novel-ci-backend-postgres-shard-1.iGom5p/project/.runtime/ci-backend/tmp
2026-10-09T14:22:44.4686848Z   PROJECT_ROOT: /home/runner/work/_temp/novel-ci-backend-postgres-shard-1.iGom5p/project
2026-10-09T14:22:44.4687584Z   NOVEL_DATA_PATH: /home/runner/work/_temp/novel-ci-backend-postgres-shard-1.iGom5p/project/.runtime/ci-backend/data/novels
2026-10-09T14:22:44.4688431Z   BACKUP_PATH: /home/runner/work/_temp/novel-ci-backend-postgres-shard-1.iGom5p/project/.runtime/ci-backend/data/backups
2026-10-09T14:22:44.4689634Z   DATABASE_BACKUP_PATH: /home/runner/work/_temp/novel-ci-backend-postgres-shard-1.iGom5p/project/.runtime/ci-backend/data/database-backups
2026-10-09T14:22:44.4690605Z   KNOWLEDGE_SOURCE_PATH: /home/runner/work/_temp/novel-ci-backend-postgres-shard-1.iGom5p/project/.runtime/ci-backend/data/novels
2026-10-09T14:22:44.4691429Z   CI_V2_RUNTIME: /home/runner/work/_temp/novel-ci-backend-postgres-shard-1.iGom5p/project/.runtime/ci-backend
2026-10-09T14:22:44.4691925Z ##[endgroup]
2026-10-09T14:23:04.5527358Z ##[group]Run python -m pytest -p no:cacheprovider --basetemp="$CI_SANDBOX/coverage-selftest" -q \
2026-10-09T14:23:04.5528123Z [36;1mpython -m pytest -p no:cacheprovider --basetemp="$CI_SANDBOX/coverage-selftest" -q \[0m
2026-10-09T14:23:04.5528725Z [36;1m  .github/ci/test_suite_coverage.py .github/ci/test_coverage_reconcile.py \[0m
2026-10-09T14:23:04.5529765Z [36;1m  .github/ci/test_v2_manifest_extension.py .github/ci/test_v2_check_runner.py \[0m
2026-10-09T14:23:04.5530233Z [36;1m  .github/ci/test_v2_browser_job.py \[0m
2026-10-09T14:23:04.5530605Z [36;1m  --junitxml="$CI_RECEIPTS/coverage-harness.xml"[0m
2026-10-09T14:23:04.5593433Z shell: /usr/bin/bash -e {0}
2026-10-09T14:23:04.5593691Z env:
2026-10-09T14:23:04.5593905Z   MOCK_PROVIDER: true
2026-10-09T14:23:04.5594136Z   MOCK_STREAM_DELAY_MS: 0
2026-10-09T14:23:04.5594368Z   ENABLE_CLOUD: false
2026-10-09T14:23:04.5594597Z   CREDENTIAL_VAULT_BACKEND: memory
2026-10-09T14:23:04.5594942Z   CREDENTIAL_VAULT_ALLOW_MEMORY_FALLBACK: true
2026-10-09T14:23:04.5595267Z   PYTHONDONTWRITEBYTECODE: 1
2026-10-09T14:23:04.5595517Z   HF_HUB_OFFLINE: 1
2026-10-09T14:23:04.5595724Z   TRANSFORMERS_OFFLINE: 1
2026-10-09T14:23:04.5596016Z   pythonLocation: /opt/hostedtoolcache/Python/3.12.9/x64
2026-10-09T14:23:04.5596453Z   PKG_CONFIG_PATH: /opt/hostedtoolcache/Python/3.12.9/x64/lib/pkgconfig
2026-10-09T14:23:04.5596898Z   Python_ROOT_DIR: /opt/hostedtoolcache/Python/3.12.9/x64
2026-10-09T14:23:04.5597295Z   Python2_ROOT_DIR: /opt/hostedtoolcache/Python/3.12.9/x64
2026-10-09T14:23:04.5597689Z   Python3_ROOT_DIR: /opt/hostedtoolcache/Python/3.12.9/x64
2026-10-09T14:23:04.5598079Z   LD_LIBRARY_PATH: /opt/hostedtoolcache/Python/3.12.9/x64/lib
2026-10-09T14:23:04.5598474Z   CI_COVERAGE_SHA: 7f0d911549b04e8dbb7cf078316ad74c42095449
2026-10-09T14:23:04.5598868Z   CI_COVERAGE_TREE: 69d69ffe71838263069d164a0a07b39b5f4a4333
2026-10-09T14:23:04.5599625Z   CI_SANDBOX: /home/runner/work/_temp/novel-ci-backend-postgres-shard-1.iGom5p
2026-10-09T14:23:04.5600247Z   CI_PROJECT: /home/runner/work/_temp/novel-ci-backend-postgres-shard-1.iGom5p/project
2026-10-09T14:23:04.5600883Z   CI_RECEIPTS: /home/runner/work/_temp/novel-ci-backend-postgres-shard-1.iGom5p/receipts
2026-10-09T14:23:04.5601605Z   HOME: /home/runner/work/_temp/novel-ci-backend-postgres-shard-1.iGom5p/project/.runtime/ci-backend/home
2026-10-09T14:23:04.5602425Z   USERPROFILE: /home/runner/work/_temp/novel-ci-backend-postgres-shard-1.iGom5p/project/.runtime/ci-backend/home
2026-10-09T14:23:04.5603474Z   APPDATA: /home/runner/work/_temp/novel-ci-backend-postgres-shard-1.iGom5p/project/.runtime/ci-backend/appdata
2026-10-09T14:23:04.5604374Z   LOCALAPPDATA: /home/runner/work/_temp/novel-ci-backend-postgres-shard-1.iGom5p/project/.runtime/ci-backend/localappdata
2026-10-09T14:23:04.5605276Z   XDG_CONFIG_HOME: /home/runner/work/_temp/novel-ci-backend-postgres-shard-1.iGom5p/project/.runtime/ci-backend/config
2026-10-09T14:23:04.5606158Z   XDG_CACHE_HOME: /home/runner/work/_temp/novel-ci-backend-postgres-shard-1.iGom5p/project/.runtime/ci-backend/cache
2026-10-09T14:23:04.5607010Z   XDG_DATA_HOME: /home/runner/work/_temp/novel-ci-backend-postgres-shard-1.iGom5p/project/.runtime/ci-backend/data
2026-10-09T14:23:04.5607856Z   XDG_STATE_HOME: /home/runner/work/_temp/novel-ci-backend-postgres-shard-1.iGom5p/project/.runtime/ci-backend/state
2026-10-09T14:23:04.5608684Z   TMPDIR: /home/runner/work/_temp/novel-ci-backend-postgres-shard-1.iGom5p/project/.runtime/ci-backend/tmp
2026-10-09T14:23:04.5609724Z   TMP: /home/runner/work/_temp/novel-ci-backend-postgres-shard-1.iGom5p/project/.runtime/ci-backend/tmp
2026-10-09T14:23:04.5610448Z   TEMP: /home/runner/work/_temp/novel-ci-backend-postgres-shard-1.iGom5p/project/.runtime/ci-backend/tmp
2026-10-09T14:23:04.5611113Z   PROJECT_ROOT: /home/runner/work/_temp/novel-ci-backend-postgres-shard-1.iGom5p/project
2026-10-09T14:23:04.5611832Z   NOVEL_DATA_PATH: /home/runner/work/_temp/novel-ci-backend-postgres-shard-1.iGom5p/project/.runtime/ci-backend/data/novels
2026-10-09T14:23:04.5612852Z   BACKUP_PATH: /home/runner/work/_temp/novel-ci-backend-postgres-shard-1.iGom5p/project/.runtime/ci-backend/data/backups
2026-10-09T14:23:04.5613763Z   DATABASE_BACKUP_PATH: /home/runner/work/_temp/novel-ci-backend-postgres-shard-1.iGom5p/project/.runtime/ci-backend/data/database-backups
2026-10-09T14:23:04.5614687Z   KNOWLEDGE_SOURCE_PATH: /home/runner/work/_temp/novel-ci-backend-postgres-shard-1.iGom5p/project/.runtime/ci-backend/data/novels
2026-10-09T14:23:04.5615508Z   CI_V2_RUNTIME: /home/runner/work/_temp/novel-ci-backend-postgres-shard-1.iGom5p/project/.runtime/ci-backend
2026-10-09T14:23:04.5616263Z   R2_TEST_FONT_FILE: /home/runner/work/_temp/novel-ci-backend-postgres-shard-1.iGom5p/fonts/NotoSansSC-Regular.ttf
2026-10-09T14:23:04.5616775Z ##[endgroup]
2026-10-09T14:23:15.8027027Z ........................................................................ [ 41%]
2026-10-09T14:23:16.1533059Z ........................................................................ [ 82%]
2026-10-09T14:23:18.3796088Z ..............................                                           [100%]
2026-10-09T14:23:18.3797842Z - generated xml file: /home/runner/work/_temp/novel-ci-backend-postgres-shard-1.iGom5p/receipts/coverage-harness.xml -
2026-10-09T14:23:18.3799392Z 174 passed in 12.87s
2026-10-09T14:23:18.4167264Z ##[group]Run set -o pipefail
2026-10-09T14:23:18.4167603Z [36;1mset -o pipefail[0m
2026-10-09T14:23:18.4168357Z [36;1mPYTHONPATH="$CI_PROJECT/.github/ci:$CI_PROJECT" python -m pytest -p postgres_gate -p suite_coverage -p no:cacheprovider --basetemp="$CI_V2_RUNTIME/pytest" -q -ra --tb=short \[0m
2026-10-09T14:23:18.4169572Z [36;1m  --ci-coverage-manifest=.github/ci/coverage_manifest_v2.json.gz \[0m
2026-10-09T14:23:18.4170082Z [36;1m  --ci-scope=backend --ci-shard-index=1 --ci-shard-count=2 \[0m
2026-10-09T14:23:18.4170705Z [36;1m  --ci-coverage-dir="$CI_RECEIPTS" --junitxml="$CI_RECEIPTS/backend.xml" 2>&1 | tee "$CI_RECEIPTS/backend.log"[0m
2026-10-09T14:23:18.4233562Z shell: /usr/bin/bash -e {0}
2026-10-09T14:23:18.4233822Z env:
2026-10-09T14:23:18.4234016Z   MOCK_PROVIDER: true
2026-10-09T14:23:18.4234253Z   MOCK_STREAM_DELAY_MS: 0
2026-10-09T14:23:18.4234484Z   ENABLE_CLOUD: false
2026-10-09T14:23:18.4234715Z   CREDENTIAL_VAULT_BACKEND: memory
2026-10-09T14:23:18.4235034Z   CREDENTIAL_VAULT_ALLOW_MEMORY_FALLBACK: true
2026-10-09T14:23:18.4235350Z   PYTHONDONTWRITEBYTECODE: 1
2026-10-09T14:23:18.4235601Z   HF_HUB_OFFLINE: 1
2026-10-09T14:23:18.4235809Z   TRANSFORMERS_OFFLINE: 1
2026-10-09T14:23:18.4236271Z   pythonLocation: /opt/hostedtoolcache/Python/3.12.9/x64
2026-10-09T14:23:18.4236719Z   PKG_CONFIG_PATH: /opt/hostedtoolcache/Python/3.12.9/x64/lib/pkgconfig
2026-10-09T14:23:18.4237148Z   Python_ROOT_DIR: /opt/hostedtoolcache/Python/3.12.9/x64
2026-10-09T14:23:18.4237553Z   Python2_ROOT_DIR: /opt/hostedtoolcache/Python/3.12.9/x64
2026-10-09T14:23:18.4237933Z   Python3_ROOT_DIR: /opt/hostedtoolcache/Python/3.12.9/x64
2026-10-09T14:23:18.4238318Z   LD_LIBRARY_PATH: /opt/hostedtoolcache/Python/3.12.9/x64/lib
2026-10-09T14:23:18.4238710Z   CI_COVERAGE_SHA: 7f0d911549b04e8dbb7cf078316ad74c42095449
2026-10-09T14:23:18.4239102Z   CI_COVERAGE_TREE: 69d69ffe71838263069d164a0a07b39b5f4a4333
2026-10-09T14:23:18.4239768Z   CI_SANDBOX: /home/runner/work/_temp/novel-ci-backend-postgres-shard-1.iGom5p
2026-10-09T14:23:18.4240366Z   CI_PROJECT: /home/runner/work/_temp/novel-ci-backend-postgres-shard-1.iGom5p/project
2026-10-09T14:23:18.4240989Z   CI_RECEIPTS: /home/runner/work/_temp/novel-ci-backend-postgres-shard-1.iGom5p/receipts
2026-10-09T14:23:18.4241732Z   HOME: /home/runner/work/_temp/novel-ci-backend-postgres-shard-1.iGom5p/project/.runtime/ci-backend/home
2026-10-09T14:23:18.4242551Z   USERPROFILE: /home/runner/work/_temp/novel-ci-backend-postgres-shard-1.iGom5p/project/.runtime/ci-backend/home
2026-10-09T14:23:18.4243418Z   APPDATA: /home/runner/work/_temp/novel-ci-backend-postgres-shard-1.iGom5p/project/.runtime/ci-backend/appdata
2026-10-09T14:23:18.4244313Z   LOCALAPPDATA: /home/runner/work/_temp/novel-ci-backend-postgres-shard-1.iGom5p/project/.runtime/ci-backend/localappdata
2026-10-09T14:23:18.4245252Z   XDG_CONFIG_HOME: /home/runner/work/_temp/novel-ci-backend-postgres-shard-1.iGom5p/project/.runtime/ci-backend/config
2026-10-09T14:23:18.4246134Z   XDG_CACHE_HOME: /home/runner/work/_temp/novel-ci-backend-postgres-shard-1.iGom5p/project/.runtime/ci-backend/cache
2026-10-09T14:23:18.4246988Z   XDG_DATA_HOME: /home/runner/work/_temp/novel-ci-backend-postgres-shard-1.iGom5p/project/.runtime/ci-backend/data
2026-10-09T14:23:18.4247842Z   XDG_STATE_HOME: /home/runner/work/_temp/novel-ci-backend-postgres-shard-1.iGom5p/project/.runtime/ci-backend/state
2026-10-09T14:23:18.4248670Z   TMPDIR: /home/runner/work/_temp/novel-ci-backend-postgres-shard-1.iGom5p/project/.runtime/ci-backend/tmp
2026-10-09T14:23:18.4249602Z   TMP: /home/runner/work/_temp/novel-ci-backend-postgres-shard-1.iGom5p/project/.runtime/ci-backend/tmp
2026-10-09T14:23:18.4250333Z   TEMP: /home/runner/work/_temp/novel-ci-backend-postgres-shard-1.iGom5p/project/.runtime/ci-backend/tmp
2026-10-09T14:23:18.4250992Z   PROJECT_ROOT: /home/runner/work/_temp/novel-ci-backend-postgres-shard-1.iGom5p/project
2026-10-09T14:23:18.4251881Z   NOVEL_DATA_PATH: /home/runner/work/_temp/novel-ci-backend-postgres-shard-1.iGom5p/project/.runtime/ci-backend/data/novels
2026-10-09T14:23:18.4252725Z   BACKUP_PATH: /home/runner/work/_temp/novel-ci-backend-postgres-shard-1.iGom5p/project/.runtime/ci-backend/data/backups
2026-10-09T14:23:18.4253618Z   DATABASE_BACKUP_PATH: /home/runner/work/_temp/novel-ci-backend-postgres-shard-1.iGom5p/project/.runtime/ci-backend/data/database-backups
2026-10-09T14:23:18.4254543Z   KNOWLEDGE_SOURCE_PATH: /home/runner/work/_temp/novel-ci-backend-postgres-shard-1.iGom5p/project/.runtime/ci-backend/data/novels
2026-10-09T14:23:18.4255357Z   CI_V2_RUNTIME: /home/runner/work/_temp/novel-ci-backend-postgres-shard-1.iGom5p/project/.runtime/ci-backend
2026-10-09T14:23:18.4256113Z   R2_TEST_FONT_FILE: /home/runner/work/_temp/novel-ci-backend-postgres-shard-1.iGom5p/fonts/NotoSansSC-Regular.ttf
2026-10-09T14:23:18.4256641Z   STORAGE_BACKEND: postgres
2026-10-09T14:23:18.4257161Z   DATABASE_URL: ***127.0.0.1:5432/novel_ci
2026-10-09T14:23:18.4257683Z   TEST_POSTGRES_DATABASE_URL: ***127.0.0.1:5432/novel_ci
2026-10-09T14:23:18.4257990Z ##[endgroup]
2026-10-09T14:23:57.1628515Z .sss.ss...ss...ss.......ssssssss..sssssss.....sssss........ss..sss...... [  1%]
2026-10-09T14:24:04.9341099Z ssss.ss....sss..ss..sss...sss..ssss...sss..ss..s..s.ss..ss..s..sss.ss..s [  2%]
2026-10-09T14:24:13.5431025Z s.s....ss...sss...sss.ssss..sss....ssssssss.ss.s......ssss....s.ss.....s [  4%]
2026-10-09T14:24:18.3510849Z .s.s..s................................................................. [  5%]
2026-10-09T14:24:18.9680266Z ........s............................................................... [  7%]
2026-10-09T14:24:26.0163277Z .............................sssssssssssss......s.............s......... [  8%]
2026-10-09T14:24:30.4822085Z ........................................................................ [  9%]
2026-10-09T14:24:35.7336557Z ........................................................................ [ 11%]
2026-10-09T14:24:35.8966504Z ........................................................................ [ 12%]
2026-10-09T14:28:18.1183906Z s...sss............................sssss......s.s.s....s.s..sss....ss.s. [ 14%]
2026-10-09T14:29:47.2227275Z s........s.ss....s.sss...ss.s...ss.......s..........s................... [ 15%]
2026-10-09T14:29:49.5244878Z .....................................................ss.s..ss......s.... [ 16%]
2026-10-09T14:29:50.0237652Z ........................................................................ [ 18%]
2026-10-09T14:30:03.2728596Z ........................................................................ [ 19%]
2026-10-09T14:30:04.3314021Z ........................................................................ [ 21%]
2026-10-09T14:30:07.3509835Z ........................................................................ [ 22%]
2026-10-09T14:30:24.0019767Z .ss.ssssss....s..s..ss.sss...ss.s..sssss..s.sssss...s.s.sss.....s...ss.. [ 24%]
2026-10-09T14:30:47.6003002Z s.s.ss.ss.s.ssss.s.ssss.....sss..s.s..s..s....ss..s..s..ss..ss.s....s.ss [ 25%]
2026-10-09T14:32:25.7173971Z ss.....sss.ss.sss...ss.s.ss.sss.s..s.s.s.s.s.s.ss..s.s......ssss...s..s. [ 26%]
2026-10-09T14:32:39.2442081Z ss....s...ssss....ss..s...........s..ssss.s.s...ss.s.s.s.s.s..ssss..sss. [ 28%]
2026-10-09T14:34:04.9649684Z .....s......s.sss....s.s.s.s..s....s..s.ss.s.sss.s...........s....s..sss [ 29%]
2026-10-09T14:34:13.4627583Z ..s.s.ss..s..ss.s.ssss.................................................. [ 31%]
2026-10-09T14:34:23.3613245Z ........................................................................ [ 32%]
2026-10-09T14:34:25.5068203Z ........................................................................ [ 33%]
2026-10-09T14:34:31.8442698Z ........................................................................ [ 35%]
2026-10-09T14:34:40.4575705Z .......ssssss.s.s.s.s..sssss....................................ss.s.ss. [ 36%]
2026-10-09T14:35:04.1049781Z s.s.ss.s.s.ss...s.s.ss.s.s.s.s..sssssssss....s.s.s..s.s.ss.s.s.s.ss..... [ 38%]
2026-10-09T14:35:25.0270707Z ....................................ss..s.ss..s.s.ss......s..sssss....s. [ 39%]
2026-10-09T14:37:54.7983573Z .ss...s.sssss...s..s..s.s..s.s..s..ss.s..s..ss...ss.s..s...s.s.s...ss.s. [ 41%]
2026-10-09T14:38:17.4173144Z s..s.s.sssss...s....s..ssss....s.s....s.ss.sss..ss.s.s.ssss.s.ss.s..ss.. [ 42%]
2026-10-09T14:38:41.8378789Z .ss..ss..s.ssss.s..sss.....s..s.ss....ssssss.....s...s...ss..s..ss.ss..s [ 43%]
2026-10-09T14:39:00.6272153Z ..s.s.s....sss.....s..ss.ss...sss..s.s..................s..s.s.s..s.ss.s [ 45%]
2026-10-09T14:39:58.6297391Z s.s.sss.s..ss.s..s......s.s.s.s.s.....s..s.s.sss.s..s.ss.ssss..s..sss.ss [ 46%]
2026-10-09T14:40:47.3667177Z s..ss.ss.ss.s...s.ss.s.ss...s.s.ss.ss.s.s..s...s.s.s.s..ss..ss..s.sss.s. [ 48%]
2026-10-09T14:41:29.6993257Z s..s.ss.ss.s.sss.sss.ssss.....s.s..ss..............s.ss.ss.s...ssss...ss [ 49%]
2026-10-09T14:41:44.2700973Z ..sssss...s.ss....s....ss..s.ss.s.s.s....s.ss...ss.ss..ss.ss.s.s.....s.. [ 50%]
2026-10-09T14:42:47.1917992Z sssss...s...ss....sssss..ss.ss.s.s.ssssss......ssss.s.sssssss..s..s.ss.s [ 52%]
2026-10-09T14:43:40.6462064Z s...s.sssssss.....s..sssss..s.s.s....s..ss.s..s.s.s..ss.s..sssssssss.... [ 53%]
2026-10-09T14:43:53.6838321Z ...s.....s.s.ssss...ss.ssss..s.s.ss.ss..s.s..s..s..sssss.s.s...s.s.s.ss. [ 55%]
2026-10-09T14:44:26.6490660Z sss...s.s.ss.....s.ss.s..s.sss.sss.s.sss.sss.s......s....s.sss.....s.ss. [ 56%]
2026-10-09T14:44:39.3571789Z s.sssssss....ss.s..s.s....ssss.....sssss.....s.s.s.s....s.ssss..s.s..ss. [ 58%]
2026-10-09T14:45:12.1468443Z s..s.ssss.s.s.ss.....ssss.s.s..sssss...ss..s....s.s.s..ss.s.s.s..s..sss. [ 59%]
2026-10-09T14:45:31.0107120Z ..sss...ss.sss.s.s.ss...s.ss.s.s.s.ss.s.s.ssss......ss.s.sss...sss.s...s [ 60%]
2026-10-09T14:45:54.5553376Z .s.s.ssss.s.s.s.s.s.s..ss.s.....sss......sss...s.ss..s.ssss..s.s.ssssss. [ 62%]
2026-10-09T14:46:53.0456323Z .ss..s...s....s...sssssss.s..ssss....s.s.ss..sssss.sss..ss.............. [ 63%]
2026-10-09T14:47:16.0351516Z ...........s......s......................ssssssssssssssss............... [ 65%]
2026-10-09T14:47:48.5622950Z ..ss....ssssss..s..sss.s.s.ssssssss........sssssssssssssssssssssssssssss [ 66%]
2026-10-09T14:47:55.9696678Z ss....................................ssssssss...........ss..ssss..s.ss. [ 67%]
2026-10-09T14:48:02.4454725Z .......ssss...s.s.s.s..s.ssssss..sssss......s.ssssssssssssssssssssssssss [ 69%]
2026-10-09T14:48:53.4526624Z ssssssssssssssssss....................................ssssssssssssssssss [ 70%]
2026-10-09T14:49:29.2209371Z sssssssssssssssssssssss..................................sssssssssssssss [ 72%]
2026-10-09T14:50:31.6226727Z sss.....................ssssssss......ssssss....ssssss...ssss..........s [ 73%]
2026-10-09T14:54:02.9754874Z ..ssssssssssssssssssssssssssssssssss................................ssss [ 74%]
2026-10-09T14:54:36.2418517Z ssss.....ssssssssssssssssss...................ssss........ssssssssssssss [ 76%]
2026-10-09T14:55:21.1777561Z ssssssssss..........................ssssss.............................s [ 77%]
2026-10-09T14:56:02.6787477Z .....s.s..s..s..s.ss..sssss.sss...s.s.....ss.s.s.ss..ssss.s..sss..ss.s.. [ 79%]
2026-10-09T14:58:16.1621217Z s.sss.ss..ss..ss.....s..ssss.....ssss...sss...ssss.ssss.....s..s.ss.s... [ 80%]
2026-10-09T14:59:19.7039502Z .ssss......sssss....s..sssss.....sssssssss........ss..ss.s.s.s.s.ss.ss.. [ 82%]
2026-10-09T15:00:20.9052944Z sss..sssss....s.ss..ss..ssss...ss.s.......ssss..ss....sssssss....s.....s [ 83%]
2026-10-09T15:00:39.8607248Z s.s..s.s...s..sssss.s.ss...s.ss...ss.....sssss.s.s.s.s.s.s....ss.s..s..s [ 84%]
2026-10-09T15:02:05.8094269Z .sss..ss.ss.ssss.ss.ss..s..s.sss.....sss...s..s..ssss.sss..sssss..s.s... [ 86%]
2026-10-09T15:02:55.5340248Z ss.ss..sss.ssss...sss....s....ssssss.ss..s..s.s..s..sss...ssss..s.sss..s [ 87%]
2026-10-09T15:03:19.6350373Z .ss..s.s..s.ss....s..sss.s.ss.s..s.s.s.ss...s.s.s.ss..s................. [ 89%]
2026-10-09T15:03:27.2892828Z ..............ss............................ss....ss..s..ssss....s.ssss. [ 90%]
2026-10-09T15:04:26.3532547Z .s.s.s.........sss..ss.s...s.s...ssss.....s.ss.s...s.sss...ss..s.s...... [ 91%]
2026-10-09T15:04:26.4361669Z ........................................................................ [ 93%]
2026-10-09T15:04:38.2215866Z ........................s.s.s.s.sss.ss.s..s.sssssss..........s.s.s..s.ss [ 94%]
2026-10-09T15:05:43.8433762Z .s.s.sss.ss.s.sss.ssss...s.s.s..s.s.ssssssssssss........sss.ss.ss.ss.s.s [ 96%]
2026-10-09T15:06:11.6985660Z sssss.....ss..s..sssss....ssss......s.s.sss.........ss....ss..sssss..ss. [ 97%]
2026-10-09T15:06:34.0526250Z sssss.ssssss......s.ssssss..s..s.ssss.ssssss...........s...ssss...ssss.s [ 99%]
2026-10-09T15:06:36.3898512Z s....ss..ss.s................................s.s.                        [100%]
2026-10-09T15:06:36.3900088Z =============================== warnings summary ===============================
2026-10-09T15:06:36.3901740Z ../../../../../../opt/hostedtoolcache/Python/3.12.9/x64/lib/python3.12/site-packages/fastapi/testclient.py:1
2026-10-09T15:06:36.3904527Z   /opt/hostedtoolcache/Python/3.12.9/x64/lib/python3.12/site-packages/fastapi/testclient.py:1: StarletteDeprecationWarning: Using `httpx` with `starlette.testclient` is deprecated; install `httpx2` instead.
2026-10-09T15:06:36.3906430Z     from starlette.testclient import TestClient as TestClient  # noqa
2026-10-09T15:06:36.3906880Z 
2026-10-09T15:06:36.3907450Z tests/test_r4_portable_batches.py::test_archive_symlink_duplicate_compression_bomb_size_member_limit_and_xml_html
2026-10-09T15:06:36.3908946Z   /opt/hostedtoolcache/Python/3.12.9/x64/lib/python3.12/zipfile/__init__.py:1612: UserWarning: Duplicate name: 'manifest.json'
2026-10-09T15:06:36.3910150Z     return self._open_to_write(zinfo, force_zip64=force_zip64)
2026-10-09T15:06:36.3910518Z 
2026-10-09T15:06:36.3910849Z -- Docs: https://docs.pytest.org/en/stable/how-to/capture-warnings.html
2026-10-09T15:06:36.3911814Z - generated xml file: /home/runner/work/_temp/novel-ci-backend-postgres-shard-1.iGom5p/receipts/backend.xml -
2026-10-09T15:06:36.3912685Z =========================== short test summary info ============================
2026-10-09T15:06:36.3913617Z SKIPPED [3] tests/test_a43_context_identity.py: File-backend implementation contract; covered by the default/File full suite
2026-10-09T15:06:36.3914716Z SKIPPED [2] tests/test_a43_context_identity.py:133: File-backend implementation contract; covered by the default/File full suite
2026-10-09T15:06:36.3915613Z SKIPPED [1] tests/test_a43_context_identity.py:165: File-backend implementation contract; covered by the default/File full suite
2026-10-09T15:06:36.3916482Z SKIPPED [1] tests/test_a43_context_identity.py:178: File-backend implementation contract; covered by the default/File full suite
2026-10-09T15:06:36.3917405Z SKIPPED [2] tests/test_a43_detached_generation_acceptance.py:19: File-backend implementation contract; covered by the default/File full suite
2026-10-09T15:06:36.3918344Z SKIPPED [4] tests/test_a43_drive_prefix_identity.py:16: File-backend implementation contract; covered by the default/File full suite
2026-10-09T15:06:36.3919663Z SKIPPED [1] tests/test_a43_drive_prefix_identity.py:38: File-backend implementation contract; covered by the default/File full suite
2026-10-09T15:06:36.3920613Z SKIPPED [1] tests/test_a43_drive_prefix_identity.py:51: File-backend implementation contract; covered by the default/File full suite
2026-10-09T15:06:36.3921503Z SKIPPED [2] tests/test_a43_duplicate_heading.py:44: File-backend implementation contract; covered by the default/File full suite
2026-10-09T15:06:36.3922367Z SKIPPED [7] tests/test_a43_duplicate_heading.py:64: File-backend implementation contract; covered by the default/File full suite
2026-10-09T15:06:36.3923211Z SKIPPED [5] tests/test_a43_file_identity.py: File-backend implementation contract; covered by the default/File full suite
2026-10-09T15:06:36.3924071Z SKIPPED [61] tests/test_a43_identity_references.py: File-backend implementation contract; covered by the default/File full suite
2026-10-09T15:06:36.3924927Z SKIPPED [1] tests/test_a43_identity_references.py:424: File-backend implementation contract; covered by the default/File full suite
2026-10-09T15:06:36.3925953Z SKIPPED [4] tests/test_a43_identity_references.py:467: File-backend implementation contract; covered by the default/File full suite
2026-10-09T15:06:36.3926850Z SKIPPED [3] tests/test_a43_identity_references.py:525: File-backend implementation contract; covered by the default/File full suite
2026-10-09T15:06:36.3927688Z SKIPPED [2] tests/test_a43_known_document_nodes.py:53: File-backend implementation contract; covered by the default/File full suite
2026-10-09T15:06:36.3928509Z SKIPPED [1] tests/test_a43_known_document_nodes.py:67: File-backend implementation contract; covered by the default/File full suite
2026-10-09T15:06:36.3929654Z SKIPPED [4] tests/test_a43_known_document_nodes.py:113: File-backend implementation contract; covered by the default/File full suite
2026-10-09T15:06:36.3930487Z SKIPPED [2] tests/test_a43_rich_document.py: File-backend implementation contract; covered by the default/File full suite
2026-10-09T15:06:36.3931288Z SKIPPED [2] tests/test_a43_rich_document.py:197: File-backend implementation contract; covered by the default/File full suite
2026-10-09T15:06:36.3932090Z SKIPPED [1] tests/test_a43_rich_document.py:261: File-backend implementation contract; covered by the default/File full suite
2026-10-09T15:06:36.3933024Z SKIPPED [1] tests/test_a43_rich_document.py:278: File-backend implementation contract; covered by the default/File full suite
2026-10-09T15:06:36.3933812Z SKIPPED [1] tests/test_a43_rich_document.py:326: File-backend implementation contract; covered by the default/File full suite
2026-10-09T15:06:36.3934631Z SKIPPED [1] tests/test_collaboration_scope_api.py:12: File-backend implementation contract; covered by the default/File full suite
2026-10-09T15:06:36.3935469Z SKIPPED [2] tests/test_file_project_lifecycle.py:67: File-backend implementation contract; covered by the default/File full suite
2026-10-09T15:06:36.3936307Z SKIPPED [4] tests/test_file_project_lifecycle.py:101: File-backend implementation contract; covered by the default/File full suite
2026-10-09T15:06:36.3937149Z SKIPPED [2] tests/test_file_project_lifecycle.py:169: File-backend implementation contract; covered by the default/File full suite
2026-10-09T15:06:36.3937976Z SKIPPED [2] tests/test_file_project_lifecycle.py: File-backend implementation contract; covered by the default/File full suite
2026-10-09T15:06:36.3938810Z SKIPPED [2] tests/test_file_project_lifecycle.py:288: File-backend implementation contract; covered by the default/File full suite
2026-10-09T15:06:36.3939867Z SKIPPED [1] tests/test_file_project_lifecycle.py:376: File-backend implementation contract; covered by the default/File full suite
2026-10-09T15:06:36.3940710Z SKIPPED [1] tests/test_full_recovery_core_chain.py:237: File-backend implementation contract; covered by the default/File full suite
2026-10-09T15:06:36.3941590Z SKIPPED [1] tests/test_generation_snapshot_runtime_v056.py:72: File-backend implementation contract; covered by the default/File full suite
2026-10-09T15:06:36.3942499Z SKIPPED [1] tests/test_local_interop_cross_process_host.py: File-backend implementation contract; covered by the default/File full suite
2026-10-09T15:06:36.3943427Z SKIPPED [2] tests/test_local_interop_desktop_api_projection_races.py:15: File-backend implementation contract; covered by the default/File full suite
2026-10-09T15:06:36.3944401Z SKIPPED [1] tests/test_local_interop_desktop_api_projection_races.py: File-backend implementation contract; covered by the default/File full suite
2026-10-09T15:06:36.3945312Z SKIPPED [4] tests/test_local_interop_desktop_runtime.py: File-backend implementation contract; covered by the default/File full suite
2026-10-09T15:06:36.3946180Z SKIPPED [4] tests/test_local_interop_desktop_runtime.py:60: File-backend implementation contract; covered by the default/File full suite
2026-10-09T15:06:36.3947064Z SKIPPED [1] tests/test_local_interop_desktop_runtime.py:261: File-backend implementation contract; covered by the default/File full suite
2026-10-09T15:06:36.3948048Z SKIPPED [1] tests/test_local_interop_host.py:173: File-backend implementation contract; covered by the default/File full suite
2026-10-09T15:06:36.3948864Z SKIPPED [3] tests/test_local_interop_host.py:203: File-backend implementation contract; covered by the default/File full suite
2026-10-09T15:06:36.3949797Z SKIPPED [10] tests/test_local_interop_host.py: File-backend implementation contract; covered by the default/File full suite
2026-10-09T15:06:36.3950598Z SKIPPED [2] tests/test_local_interop_host.py:395: File-backend implementation contract; covered by the default/File full suite
2026-10-09T15:06:36.3951397Z SKIPPED [3] tests/test_local_interop_host.py:528: File-backend implementation contract; covered by the default/File full suite
2026-10-09T15:06:36.3952188Z SKIPPED [1] tests/test_local_interop_host.py:611: File-backend implementation contract; covered by the default/File full suite
2026-10-09T15:06:36.3953007Z SKIPPED [1] tests/test_lore_context_contract.py:107: File-backend implementation contract; covered by the default/File full suite
2026-10-09T15:06:36.3953839Z SKIPPED [1] tests/test_memory_agent_contract.py:42: File-backend implementation contract; covered by the default/File full suite
2026-10-09T15:06:36.3954655Z SKIPPED [1] tests/test_narrative_context.py:41: File-backend implementation contract; covered by the default/File full suite
2026-10-09T15:06:36.3955579Z SKIPPED [1] tests/test_narrative_context.py:48: File-backend implementation contract; covered by the default/File full suite
2026-10-09T15:06:36.3956372Z SKIPPED [1] tests/test_narrative_context.py:80: File-backend implementation contract; covered by the default/File full suite
2026-10-09T15:06:36.3957181Z SKIPPED [1] tests/test_narrative_finding_api.py:9: File-backend implementation contract; covered by the default/File full suite
2026-10-09T15:06:36.3958003Z SKIPPED [1] tests/test_narrative_finding_api.py:79: File-backend implementation contract; covered by the default/File full suite
2026-10-09T15:06:36.3958831Z SKIPPED [1] tests/test_narrative_proposal_api.py:15: File-backend implementation contract; covered by the default/File full suite
2026-10-09T15:06:36.3959973Z SKIPPED [13] tests/test_post_interop_author_added_sources.py: File-backend implementation contract; covered by the default/File full suite
2026-10-09T15:06:36.3960891Z SKIPPED [2] tests/test_post_interop_author_added_sources.py:87: File-backend implementation contract; covered by the default/File full suite
2026-10-09T15:06:36.3961802Z SKIPPED [2] tests/test_post_interop_author_added_sources.py:106: File-backend implementation contract; covered by the default/File full suite
2026-10-09T15:06:36.3962706Z SKIPPED [3] tests/test_post_interop_creation_mounted.py: File-backend implementation contract; covered by the default/File full suite
2026-10-09T15:06:36.3963573Z SKIPPED [3] tests/test_post_interop_creation_tasks.py:9: File-backend implementation contract; covered by the default/File full suite
2026-10-09T15:06:36.3964439Z SKIPPED [2] tests/test_post_interop_creation_upgrade.py: File-backend implementation contract; covered by the default/File full suite
2026-10-09T15:06:36.3965349Z SKIPPED [2] tests/test_post_interop_embedding_feature_isolation.py: File-backend implementation contract; covered by the default/File full suite
2026-10-09T15:06:36.3966313Z SKIPPED [2] tests/test_post_interop_embedding_feature_isolation.py:76: File-backend implementation contract; covered by the default/File full suite
2026-10-09T15:06:36.3967233Z SKIPPED [2] tests/test_post_interop_extended_mounted.py: File-backend implementation contract; covered by the default/File full suite
2026-10-09T15:06:36.3968116Z SKIPPED [3] tests/test_post_interop_extended_mounted.py:51: File-backend implementation contract; covered by the default/File full suite
2026-10-09T15:06:36.3969002Z SKIPPED [1] tests/test_post_interop_interactive_history.py: File-backend implementation contract; covered by the default/File full suite
2026-10-09T15:06:36.3970008Z SKIPPED [6] tests/test_post_interop_media_continuation.py: File-backend implementation contract; covered by the default/File full suite
2026-10-09T15:06:36.3971026Z SKIPPED [2] tests/test_post_interop_media_visibility.py:49: File-backend implementation contract; covered by the default/File full suite
2026-10-09T15:06:36.3971910Z SKIPPED [2] tests/test_post_interop_media_visibility.py: File-backend implementation contract; covered by the default/File full suite
2026-10-09T15:06:36.3972804Z SKIPPED [1] tests/test_post_interop_media_visibility.py:125: File-backend implementation contract; covered by the default/File full suite
2026-10-09T15:06:36.3973698Z SKIPPED [2] tests/test_post_interop_media_visibility.py:158: File-backend implementation contract; covered by the default/File full suite
2026-10-09T15:06:36.3974577Z SKIPPED [3] tests/test_post_interop_revision_compare.py: File-backend implementation contract; covered by the default/File full suite
2026-10-09T15:06:36.3975443Z SKIPPED [4] tests/test_post_interop_revision_compare.py:40: File-backend implementation contract; covered by the default/File full suite
2026-10-09T15:06:36.3976319Z SKIPPED [3] tests/test_post_interop_revision_compare.py:50: File-backend implementation contract; covered by the default/File full suite
2026-10-09T15:06:36.3977189Z SKIPPED [11] tests/test_post_interop_revision_model.py: File-backend implementation contract; covered by the default/File full suite
2026-10-09T15:06:36.3978155Z SKIPPED [5] tests/test_post_interop_scene_mind.py: File-backend implementation contract; covered by the default/File full suite
2026-10-09T15:06:36.3978996Z SKIPPED [4] tests/test_post_interop_scene_mind.py:85: File-backend implementation contract; covered by the default/File full suite
2026-10-09T15:06:36.3980121Z SKIPPED [1] tests/test_post_interop_scene_mind.py:174: File-backend implementation contract; covered by the default/File full suite
2026-10-09T15:06:36.3980975Z SKIPPED [3] tests/test_post_interop_shared_universe.py: File-backend implementation contract; covered by the default/File full suite
2026-10-09T15:06:36.3981852Z SKIPPED [2] tests/test_post_interop_shared_universe.py:97: File-backend implementation contract; covered by the default/File full suite
2026-10-09T15:06:36.3982729Z SKIPPED [6] tests/test_post_interop_structured_search.py: File-backend implementation contract; covered by the default/File full suite
2026-10-09T15:06:36.3983586Z SKIPPED [5] tests/test_post_interop_style_judge.py: File-backend implementation contract; covered by the default/File full suite
2026-10-09T15:06:36.3984451Z SKIPPED [4] tests/test_post_interop_style_judge_mounted.py: File-backend implementation contract; covered by the default/File full suite
2026-10-09T15:06:36.3985306Z SKIPPED [6] tests/test_post_interop_style_model.py: File-backend implementation contract; covered by the default/File full suite
2026-10-09T15:06:36.3986144Z SKIPPED [4] tests/test_post_interop_style_model.py:112: File-backend implementation contract; covered by the default/File full suite
2026-10-09T15:06:36.3986987Z SKIPPED [1] tests/test_post_interop_style_model.py:227: File-backend implementation contract; covered by the default/File full suite
2026-10-09T15:06:36.3987832Z SKIPPED [4] tests/test_post_interop_task_reopen.py:16: File-backend implementation contract; covered by the default/File full suite
2026-10-09T15:06:36.3988696Z SKIPPED [3] tests/test_post_interop_translation_memory.py: File-backend implementation contract; covered by the default/File full suite
2026-10-09T15:06:36.3989691Z SKIPPED [3] tests/test_post_interop_wave3_broker.py: File-backend implementation contract; covered by the default/File full suite
2026-10-09T15:06:36.3990532Z SKIPPED [4] tests/test_post_interop_wave3_broker.py:36: File-backend implementation contract; covered by the default/File full suite
2026-10-09T15:06:36.3991413Z SKIPPED [1] tests/test_post_interop_wave3_embedding_adapter.py: File-backend implementation contract; covered by the default/File full suite
2026-10-09T15:06:36.3992298Z SKIPPED [6] tests/test_post_interop_wave3_research.py: File-backend implementation contract; covered by the default/File full suite
2026-10-09T15:06:36.3993333Z SKIPPED [4] tests/test_post_interop_wave5_templates_sdk_comics.py:62: File-backend implementation contract; covered by the default/File full suite
2026-10-09T15:06:36.3994291Z SKIPPED [3] tests/test_post_interop_wave5_templates_sdk_comics.py:77: File-backend implementation contract; covered by the default/File full suite
2026-10-09T15:06:36.3995236Z SKIPPED [5] tests/test_post_interop_wave5_templates_sdk_comics.py: File-backend implementation contract; covered by the default/File full suite
2026-10-09T15:06:36.3996181Z SKIPPED [3] tests/test_post_interop_wave5_templates_sdk_comics.py:217: File-backend implementation contract; covered by the default/File full suite
2026-10-09T15:06:36.3997082Z SKIPPED [11] tests/test_post_interop_workspace_ux.py: File-backend implementation contract; covered by the default/File full suite
2026-10-09T15:06:36.3997943Z SKIPPED [1] tests/test_project_authority_validation.py:75: File-backend implementation contract; covered by the default/File full suite
2026-10-09T15:06:36.3998823Z SKIPPED [6] tests/test_project_authority_validation.py: File-backend implementation contract; covered by the default/File full suite
2026-10-09T15:06:36.3999918Z SKIPPED [3] tests/test_project_authority_validation.py:123: File-backend implementation contract; covered by the default/File full suite
2026-10-09T15:06:36.4000935Z SKIPPED [1] tests/test_project_authority_validation.py:133: File-backend implementation contract; covered by the default/File full suite
2026-10-09T15:06:36.4001812Z SKIPPED [2] tests/test_project_authority_validation.py:155: File-backend implementation contract; covered by the default/File full suite
2026-10-09T15:06:36.4002684Z SKIPPED [4] tests/test_project_authority_validation.py:219: File-backend implementation contract; covered by the default/File full suite
2026-10-09T15:06:36.4003541Z SKIPPED [8] tests/test_r3_audiobook_preparation.py: File-backend implementation contract; covered by the default/File full suite
2026-10-09T15:06:36.4004412Z SKIPPED [3] tests/test_r3_embedding_contracts.py: File-backend implementation contract; covered by the default/File full suite
2026-10-09T15:06:36.4005252Z SKIPPED [4] tests/test_r3_embedding_contracts.py:98: File-backend implementation contract; covered by the default/File full suite
2026-10-09T15:06:36.4006075Z SKIPPED [8] tests/test_r3_media_workflows.py: File-backend implementation contract; covered by the default/File full suite
2026-10-09T15:06:36.4006878Z SKIPPED [9] tests/test_r3_mounted_contracts.py: File-backend implementation contract; covered by the default/File full suite
2026-10-09T15:06:36.4007660Z SKIPPED [4] tests/test_r3_planning.py: File-backend implementation contract; covered by the default/File full suite
2026-10-09T15:06:36.4008427Z SKIPPED [4] tests/test_r3_team_recipes.py:68: File-backend implementation contract; covered by the default/File full suite
2026-10-09T15:06:36.4009336Z SKIPPED [5] tests/test_r3_team_recipes.py:112: File-backend implementation contract; covered by the default/File full suite
2026-10-09T15:06:36.4018989Z SKIPPED [9] tests/test_r3_team_recipes.py: File-backend implementation contract; covered by the default/File full suite
2026-10-09T15:06:36.4020370Z SKIPPED [3] tests/test_r3_world.py: File-backend implementation contract; covered by the default/File full suite
2026-10-09T15:06:36.4021228Z SKIPPED [9] tests/test_r4_author_scope_variants_mounted.py: File-backend implementation contract; covered by the default/File full suite
2026-10-09T15:06:36.4022129Z SKIPPED [3] tests/test_r4_author_source_items_mounted.py: File-backend implementation contract; covered by the default/File full suite
2026-10-09T15:06:36.4022990Z SKIPPED [7] tests/test_r4_author_task_projection.py: File-backend implementation contract; covered by the default/File full suite
2026-10-09T15:06:36.4023842Z SKIPPED [5] tests/test_r4_author_task_projection.py:179: File-backend implementation contract; covered by the default/File full suite
2026-10-09T15:06:36.4024850Z SKIPPED [6] tests/test_r4_batch_admission.py: File-backend implementation contract; covered by the default/File full suite
2026-10-09T15:06:36.4025690Z SKIPPED [5] tests/test_r4_batch_admission_mounted.py: File-backend implementation contract; covered by the default/File full suite
2026-10-09T15:06:36.4026610Z SKIPPED [2] tests/test_r4_broker_cancel_dispatch.py: File-backend implementation contract; covered by the default/File full suite
2026-10-09T15:06:36.4027430Z SKIPPED [4] tests/test_r4_broker_mounted.py: File-backend implementation contract; covered by the default/File full suite
2026-10-09T15:06:36.4028314Z SKIPPED [8] tests/test_r4_change_impact.py: File-backend implementation contract; covered by the default/File full suite
2026-10-09T15:06:36.4029119Z SKIPPED [3] tests/test_r4_change_impact_mounted.py: File-backend implementation contract; covered by the default/File full suite
2026-10-09T15:06:36.4030098Z SKIPPED [3] tests/test_r4_character_author_api.py:81: File-backend implementation contract; covered by the default/File full suite
2026-10-09T15:06:36.4030955Z SKIPPED [1] tests/test_r4_character_author_api.py:93: File-backend implementation contract; covered by the default/File full suite
2026-10-09T15:06:36.4031805Z SKIPPED [3] tests/test_r4_character_author_context.py: File-backend implementation contract; covered by the default/File full suite
2026-10-09T15:06:36.4032901Z SKIPPED [4] tests/test_r4_character_author_context.py:70: File-backend implementation contract; covered by the default/File full suite
2026-10-09T15:06:36.4033767Z SKIPPED [1] tests/test_r4_character_author_context.py:97: File-backend implementation contract; covered by the default/File full suite
2026-10-09T15:06:36.4034631Z SKIPPED [2] tests/test_r4_character_author_dispatch.py: File-backend implementation contract; covered by the default/File full suite
2026-10-09T15:06:36.4035519Z SKIPPED [3] tests/test_r4_character_author_dispatch.py:110: File-backend implementation contract; covered by the default/File full suite
2026-10-09T15:06:36.4036346Z SKIPPED [8] tests/test_r4_director.py: File-backend implementation contract; covered by the default/File full suite
2026-10-09T15:06:36.4037156Z SKIPPED [9] tests/test_r4_director_exchange_mounted.py: File-backend implementation contract; covered by the default/File full suite
2026-10-09T15:06:36.4038033Z SKIPPED [2] tests/test_r4_director_exchange_mounted.py:72: File-backend implementation contract; covered by the default/File full suite
2026-10-09T15:06:36.4038883Z SKIPPED [10] tests/test_r4_first_use_mounted.py: File-backend implementation contract; covered by the default/File full suite
2026-10-09T15:06:36.4039952Z SKIPPED [2] tests/test_r4_first_use_mounted.py:144: File-backend implementation contract; covered by the default/File full suite
2026-10-09T15:06:36.4040801Z SKIPPED [6] tests/test_r4_generation_origin_guards.py:22: File-backend implementation contract; covered by the default/File full suite
2026-10-09T15:06:36.4041664Z SKIPPED [7] tests/test_r4_generation_origin_guards.py: File-backend implementation contract; covered by the default/File full suite
2026-10-09T15:06:36.4042541Z SKIPPED [2] tests/test_r4_generation_origin_regression.py:5: File-backend implementation contract; covered by the default/File full suite
2026-10-09T15:06:36.4043397Z SKIPPED [4] tests/test_r4_incremental_search.py: File-backend implementation contract; covered by the default/File full suite
2026-10-09T15:06:36.4044206Z SKIPPED [13] tests/test_r4_judge_model.py: File-backend implementation contract; covered by the default/File full suite
2026-10-09T15:06:36.4044980Z SKIPPED [1] tests/test_r4_media_evidence.py: File-backend implementation contract; covered by the default/File full suite
2026-10-09T15:06:36.4045748Z SKIPPED [8] tests/test_r4_model_broker.py: File-backend implementation contract; covered by the default/File full suite
2026-10-09T15:06:36.4046544Z SKIPPED [3] tests/test_r4_mounted_inspection.py: File-backend implementation contract; covered by the default/File full suite
2026-10-09T15:06:36.4047482Z SKIPPED [6] tests/test_r4_mounted_workspaces.py: File-backend implementation contract; covered by the default/File full suite
2026-10-09T15:06:36.4048318Z SKIPPED [1] tests/test_r4_performance_harness.py:68: File-backend implementation contract; covered by the default/File full suite
2026-10-09T15:06:36.4049139Z SKIPPED [16] tests/test_r4_portable_batches.py: File-backend implementation contract; covered by the default/File full suite
2026-10-09T15:06:36.4050094Z SKIPPED [13] tests/test_r4_portable_batches_mounted.py: File-backend implementation contract; covered by the default/File full suite
2026-10-09T15:06:36.4050955Z SKIPPED [3] tests/test_r4_portable_batches_mounted.py:77: File-backend implementation contract; covered by the default/File full suite
2026-10-09T15:06:36.4051800Z SKIPPED [9] tests/test_r4_portable_maintenance.py: File-backend implementation contract; covered by the default/File full suite
2026-10-09T15:06:36.4052632Z SKIPPED [2] tests/test_r4_portable_maintenance.py:124: File-backend implementation contract; covered by the default/File full suite
2026-10-09T15:06:36.4053473Z SKIPPED [11] tests/test_r4_production_lineage.py: File-backend implementation contract; covered by the default/File full suite
2026-10-09T15:06:36.4054283Z SKIPPED [7] tests/test_r4_production_mounted.py: File-backend implementation contract; covered by the default/File full suite
2026-10-09T15:06:36.4055213Z SKIPPED [13] tests/test_r4_reader_sessions.py: File-backend implementation contract; covered by the default/File full suite
2026-10-09T15:06:36.4056012Z SKIPPED [1] tests/test_r4_reader_sessions.py:200: File-backend implementation contract; covered by the default/File full suite
2026-10-09T15:06:36.4056832Z SKIPPED [1] tests/test_r4_reader_sessions_mounted.py: File-backend implementation contract; covered by the default/File full suite
2026-10-09T15:06:36.4057669Z SKIPPED [5] tests/test_r4_registered_local_media.py: File-backend implementation contract; covered by the default/File full suite
2026-10-09T15:06:36.4058485Z SKIPPED [5] tests/test_r4_research_library.py: File-backend implementation contract; covered by the default/File full suite
2026-10-09T15:06:36.4059497Z SKIPPED [1] tests/test_r4_research_library.py:92: File-backend implementation contract; covered by the default/File full suite
2026-10-09T15:06:36.4060339Z SKIPPED [4] tests/test_r4_research_library_mounted.py: File-backend implementation contract; covered by the default/File full suite
2026-10-09T15:06:36.4061197Z SKIPPED [2] tests/test_r4_research_library_mounted.py:68: File-backend implementation contract; covered by the default/File full suite
2026-10-09T15:06:36.4062051Z SKIPPED [5] tests/test_r4_research_library_mounted.py:83: File-backend implementation contract; covered by the default/File full suite
2026-10-09T15:06:36.4062894Z SKIPPED [11] tests/test_r4_revision_intelligence.py: File-backend implementation contract; covered by the default/File full suite
2026-10-09T15:06:36.4063734Z SKIPPED [1] tests/test_r4_revision_intelligence.py:96: File-backend implementation contract; covered by the default/File full suite
2026-10-09T15:06:36.4064601Z SKIPPED [1] tests/test_r4_revision_intelligence_mounted.py: File-backend implementation contract; covered by the default/File full suite
2026-10-09T15:06:36.4065471Z SKIPPED [2] tests/test_r4_selection_author_binding.py:99: File-backend implementation contract; covered by the default/File full suite
2026-10-09T15:06:36.4066344Z SKIPPED [2] tests/test_r4_selection_author_binding.py:112: File-backend implementation contract; covered by the default/File full suite
2026-10-09T15:06:36.4067206Z SKIPPED [2] tests/test_r4_selection_author_binding.py:126: File-backend implementation contract; covered by the default/File full suite
2026-10-09T15:06:36.4068057Z SKIPPED [2] tests/test_r4_selection_author_binding.py: File-backend implementation contract; covered by the default/File full suite
2026-10-09T15:06:36.4068859Z SKIPPED [5] tests/test_r4_story_graph.py: File-backend implementation contract; covered by the default/File full suite
2026-10-09T15:06:36.4069888Z SKIPPED [6] tests/test_r4_story_graph_mounted.py: File-backend implementation contract; covered by the default/File full suite
2026-10-09T15:06:36.4070700Z SKIPPED [2] tests/test_r4_story_simulator.py:118: File-backend implementation contract; covered by the default/File full suite
2026-10-09T15:06:36.4071505Z SKIPPED [5] tests/test_r4_story_simulator.py: File-backend implementation contract; covered by the default/File full suite
2026-10-09T15:06:36.4072298Z SKIPPED [4] tests/test_r4_story_simulator.py:151: File-backend implementation contract; covered by the default/File full suite
2026-10-09T15:06:36.4073109Z SKIPPED [18] tests/test_r4_story_simulator_model.py: File-backend implementation contract; covered by the default/File full suite
2026-10-09T15:06:36.4073945Z SKIPPED [6] tests/test_r4_story_simulator_model.py:108: File-backend implementation contract; covered by the default/File full suite
2026-10-09T15:06:36.4074789Z SKIPPED [5] tests/test_r4_story_simulator_model.py:166: File-backend implementation contract; covered by the default/File full suite
2026-10-09T15:06:36.4075625Z SKIPPED [2] tests/test_r4_story_simulator_model.py:184: File-backend implementation contract; covered by the default/File full suite
2026-10-09T15:06:36.4076465Z SKIPPED [2] tests/test_r4_story_simulator_model.py:238: File-backend implementation contract; covered by the default/File full suite
2026-10-09T15:06:36.4077426Z SKIPPED [6] tests/test_r4_story_simulator_model.py:316: File-backend implementation contract; covered by the default/File full suite
2026-10-09T15:06:36.4078263Z SKIPPED [2] tests/test_r4_story_simulator_mounted.py: File-backend implementation contract; covered by the default/File full suite
2026-10-09T15:06:36.4079057Z SKIPPED [8] tests/test_r4_style_judge.py: File-backend implementation contract; covered by the default/File full suite
2026-10-09T15:06:36.4080123Z SKIPPED [4] tests/test_r4_style_judge_mounted.py: File-backend implementation contract; covered by the default/File full suite
2026-10-09T15:06:36.4080942Z SKIPPED [9] tests/test_r4_style_judge_mounted.py:71: File-backend implementation contract; covered by the default/File full suite
2026-10-09T15:06:36.4081761Z SKIPPED [1] tests/test_r4_timeline_exchange.py: File-backend implementation contract; covered by the default/File full suite
2026-10-09T15:06:36.4082569Z SKIPPED [3] tests/test_r4_workspace_resume.py: File-backend implementation contract; covered by the default/File full suite
2026-10-09T15:06:36.4083374Z SKIPPED [3] tests/test_r4_workspace_resume.py:177: File-backend implementation contract; covered by the default/File full suite
2026-10-09T15:06:36.4084180Z SKIPPED [10] tests/test_r4_workspace_tools.py: File-backend implementation contract; covered by the default/File full suite
2026-10-09T15:06:36.4084964Z SKIPPED [5] tests/test_r4_writing_focus.py: File-backend implementation contract; covered by the default/File full suite
2026-10-09T15:06:36.4085736Z SKIPPED [8] tests/test_r5_comic_layouts.py: File-backend implementation contract; covered by the default/File full suite
2026-10-09T15:06:36.4086517Z SKIPPED [3] tests/test_r5_comic_layouts.py:105: File-backend implementation contract; covered by the default/File full suite
2026-10-09T15:06:36.4087303Z SKIPPED [1] tests/test_r5_comic_layouts.py:126: File-backend implementation contract; covered by the default/File full suite
2026-10-09T15:06:36.4088079Z SKIPPED [4] tests/test_r5_comic_mounted.py: File-backend implementation contract; covered by the default/File full suite
2026-10-09T15:06:36.4088849Z SKIPPED [3] tests/test_r5_comic_mounted.py:49: File-backend implementation contract; covered by the default/File full suite
2026-10-09T15:06:36.4089748Z SKIPPED [1] tests/test_r5_comic_mounted.py:68: File-backend implementation contract; covered by the default/File full suite
2026-10-09T15:06:36.4090551Z SKIPPED [3] tests/test_r5_declarative_job_bounds.py: File-backend implementation contract; covered by the default/File full suite
2026-10-09T15:06:36.4091511Z SKIPPED [16] tests/test_r5_declarative_model.py: File-backend implementation contract; covered by the default/File full suite
2026-10-09T15:06:36.4092324Z SKIPPED [1] tests/test_r5_declarative_mounted.py: File-backend implementation contract; covered by the default/File full suite
2026-10-09T15:06:36.4093156Z SKIPPED [9] tests/test_r5_declarative_templates.py: File-backend implementation contract; covered by the default/File full suite
2026-10-09T15:06:36.4093993Z SKIPPED [3] tests/test_r5_declarative_templates.py:91: File-backend implementation contract; covered by the default/File full suite
2026-10-09T15:06:36.4094846Z SKIPPED [7] tests/test_r5_declarative_templates.py:177: File-backend implementation contract; covered by the default/File full suite
2026-10-09T15:06:36.4095669Z SKIPPED [8] tests/test_r5_interactive_story.py: File-backend implementation contract; covered by the default/File full suite
2026-10-09T15:06:36.4096479Z SKIPPED [4] tests/test_r5_interactive_story.py:89: File-backend implementation contract; covered by the default/File full suite
2026-10-09T15:06:36.4097299Z SKIPPED [5] tests/test_r5_interactive_story.py:122: File-backend implementation contract; covered by the default/File full suite
2026-10-09T15:06:36.4098135Z SKIPPED [7] tests/test_r5_interactive_story_mounted.py: File-backend implementation contract; covered by the default/File full suite
2026-10-09T15:06:36.4099247Z SKIPPED [6] tests/test_r5_multilingual_editions.py: File-backend implementation contract; covered by the default/File full suite
2026-10-09T15:06:36.4100086Z SKIPPED [3] tests/test_r5_multilingual_editions.py:118: File-backend implementation contract; covered by the default/File full suite
2026-10-09T15:06:36.4100950Z SKIPPED [8] tests/test_r5_multilingual_editions_mounted.py: File-backend implementation contract; covered by the default/File full suite
2026-10-09T15:06:36.4101848Z SKIPPED [3] tests/test_r5_multilingual_editions_mounted.py:84: File-backend implementation contract; covered by the default/File full suite
2026-10-09T15:06:36.4102750Z SKIPPED [2] tests/test_r5_multilingual_editions_mounted.py:99: File-backend implementation contract; covered by the default/File full suite
2026-10-09T15:06:36.4103630Z SKIPPED [14] tests/test_r5_multilingual_translation.py: File-backend implementation contract; covered by the default/File full suite
2026-10-09T15:06:36.4104502Z SKIPPED [3] tests/test_r5_multilingual_translation.py:263: File-backend implementation contract; covered by the default/File full suite
2026-10-09T15:06:36.4105322Z SKIPPED [16] tests/test_r5_offline_sync.py: File-backend implementation contract; covered by the default/File full suite
2026-10-09T15:06:36.4106116Z SKIPPED [5] tests/test_r5_offline_sync_mounted.py: File-backend implementation contract; covered by the default/File full suite
2026-10-09T15:06:36.4106945Z SKIPPED [4] tests/test_r5_offline_sync_mounted.py:77: File-backend implementation contract; covered by the default/File full suite
2026-10-09T15:06:36.4107780Z SKIPPED [3] tests/test_r5_offline_sync_mounted.py:140: File-backend implementation contract; covered by the default/File full suite
2026-10-09T15:06:36.4108583Z SKIPPED [1] tests/test_r5_offline_sync_tcp.py:78: explicit real-loopback subprocess gate; not an in-process substitute
2026-10-09T15:06:36.4109494Z SKIPPED [7] tests/test_r5_pause_aware_audio.py: File-backend implementation contract; covered by the default/File full suite
2026-10-09T15:06:36.4110289Z SKIPPED [11] tests/test_r5_project_forks.py: File-backend implementation contract; covered by the default/File full suite
2026-10-09T15:06:36.4111074Z SKIPPED [1] tests/test_r5_project_forks.py:130: File-backend implementation contract; covered by the default/File full suite
2026-10-09T15:06:36.4111894Z SKIPPED [3] tests/test_r5_project_forks_mounted.py:74: File-backend implementation contract; covered by the default/File full suite
2026-10-09T15:06:36.4112719Z SKIPPED [3] tests/test_r5_project_forks_mounted.py: File-backend implementation contract; covered by the default/File full suite
2026-10-09T15:06:36.4113649Z SKIPPED [3] tests/test_r5_structured_forks.py: File-backend implementation contract; covered by the default/File full suite
2026-10-09T15:06:36.4114458Z SKIPPED [2] tests/test_r5_structured_forks.py:115: File-backend implementation contract; covered by the default/File full suite
2026-10-09T15:06:36.4115267Z SKIPPED [3] tests/test_r5_structured_forks.py:174: File-backend implementation contract; covered by the default/File full suite
2026-10-09T15:06:36.4116127Z SKIPPED [4] tests/test_r5_structured_forks_mounted.py: File-backend implementation contract; covered by the default/File full suite
2026-10-09T15:06:36.4117001Z SKIPPED [6] tests/test_r5_structured_forks_mounted.py:53: File-backend implementation contract; covered by the default/File full suite
2026-10-09T15:06:36.4117832Z SKIPPED [4] tests/test_r5_voice_subtitles.py: File-backend implementation contract; covered by the default/File full suite
2026-10-09T15:06:36.4118653Z SKIPPED [1] tests/test_r5_voice_subtitles.py:180: File-backend implementation contract; covered by the default/File full suite
2026-10-09T15:06:36.4119755Z SKIPPED [10] tests/test_r5_voice_subtitles_mounted.py: File-backend implementation contract; covered by the default/File full suite
2026-10-09T15:06:36.4120595Z SKIPPED [14] tests/test_r5_writer_room_mounted.py: File-backend implementation contract; covered by the default/File full suite
2026-10-09T15:06:36.4121445Z SKIPPED [1] tests/test_runtime_ownership_foundation_v070.py:141: Windows named mutex contract
2026-10-09T15:06:36.4122045Z SKIPPED [1] tests/test_runtime_ownership_foundation_v070.py:289: Windows Job Object contract
2026-10-09T15:06:36.4122814Z SKIPPED [16] tests/test_shared_generation_stream_authority.py:262: File-backend implementation contract; covered by the default/File full suite
2026-10-09T15:06:36.4123753Z SKIPPED [2] tests/test_shared_generation_stream_authority.py:292: File-backend implementation contract; covered by the default/File full suite
2026-10-09T15:06:36.4124685Z SKIPPED [8] tests/test_shared_generation_stream_authority.py: File-backend implementation contract; covered by the default/File full suite
2026-10-09T15:06:36.4125600Z SKIPPED [4] tests/test_shared_generation_stream_authority.py:362: File-backend implementation contract; covered by the default/File full suite
2026-10-09T15:06:36.4126528Z SKIPPED [8] tests/test_shared_generation_stream_authority.py:513: File-backend implementation contract; covered by the default/File full suite
2026-10-09T15:06:36.4127491Z SKIPPED [31] tests/test_shared_generation_terminal_protocol.py:82: File-backend implementation contract; covered by the default/File full suite
2026-10-09T15:06:36.4128426Z SKIPPED [8] tests/test_shared_generation_terminal_protocol.py:108: File-backend implementation contract; covered by the default/File full suite
2026-10-09T15:06:36.4129469Z SKIPPED [8] tests/test_shared_generation_terminal_protocol.py: File-backend implementation contract; covered by the default/File full suite
2026-10-09T15:06:36.4130396Z SKIPPED [4] tests/test_shared_generation_terminal_protocol.py:158: File-backend implementation contract; covered by the default/File full suite
2026-10-09T15:06:36.4131349Z SKIPPED [1] tests/test_shared_generation_terminal_protocol.py:175: File-backend implementation contract; covered by the default/File full suite
2026-10-09T15:06:36.4132293Z SKIPPED [2] tests/test_shared_generation_terminal_protocol.py:196: File-backend implementation contract; covered by the default/File full suite
2026-10-09T15:06:36.4133220Z SKIPPED [4] tests/test_shared_generation_terminal_protocol.py:221: File-backend implementation contract; covered by the default/File full suite
2026-10-09T15:06:36.4134147Z SKIPPED [6] tests/test_shared_generation_terminal_protocol.py:345: File-backend implementation contract; covered by the default/File full suite
2026-10-09T15:06:36.4135074Z SKIPPED [5] tests/test_shared_generation_terminal_protocol.py:357: File-backend implementation contract; covered by the default/File full suite
2026-10-09T15:06:36.4136110Z SKIPPED [44] tests/test_shared_project_route_authority.py:103: File-backend implementation contract; covered by the default/File full suite
2026-10-09T15:06:36.4137015Z SKIPPED [41] tests/test_shared_project_route_authority.py:120: File-backend implementation contract; covered by the default/File full suite
2026-10-09T15:06:36.4137922Z SKIPPED [18] tests/test_shared_project_route_authority.py:143: File-backend implementation contract; covered by the default/File full suite
2026-10-09T15:06:36.4138811Z SKIPPED [43] tests/test_shared_project_route_authority.py: File-backend implementation contract; covered by the default/File full suite
2026-10-09T15:06:36.4139924Z SKIPPED [34] tests/test_shared_project_route_authority.py:283: File-backend implementation contract; covered by the default/File full suite
2026-10-09T15:06:36.4140820Z SKIPPED [18] tests/test_shared_project_route_authority.py:352: File-backend implementation contract; covered by the default/File full suite
2026-10-09T15:06:36.4141719Z SKIPPED [24] tests/test_shared_project_route_authority.py:388: File-backend implementation contract; covered by the default/File full suite
2026-10-09T15:06:36.4142576Z SKIPPED [1] tests/test_structured_record_cas.py: File-backend implementation contract; covered by the default/File full suite
2026-10-09T15:06:36.4143574Z SKIPPED [8] tests/test_surface_adaptation_lifecycle.py: File-backend implementation contract; covered by the default/File full suite
2026-10-09T15:06:36.4144449Z SKIPPED [1] tests/test_surface_adaptation_projection.py: File-backend implementation contract; covered by the default/File full suite
2026-10-09T15:06:36.4145319Z SKIPPED [6] tests/test_surface_adapter_capacity.py:74: File-backend implementation contract; covered by the default/File full suite
2026-10-09T15:06:36.4146169Z SKIPPED [17] tests/test_surface_adapter_capacity.py: File-backend implementation contract; covered by the default/File full suite
2026-10-09T15:06:36.4147024Z SKIPPED [3] tests/test_surface_adapter_capacity.py:110: File-backend implementation contract; covered by the default/File full suite
2026-10-09T15:06:36.4147884Z SKIPPED [3] tests/test_surface_adapter_projection.py:53: File-backend implementation contract; covered by the default/File full suite
2026-10-09T15:06:36.4148745Z SKIPPED [2] tests/test_surface_adapter_projection.py:84: File-backend implementation contract; covered by the default/File full suite
2026-10-09T15:06:36.4149740Z SKIPPED [2] tests/test_surface_adapter_projection.py:101: File-backend implementation contract; covered by the default/File full suite
2026-10-09T15:06:36.4150606Z SKIPPED [2] tests/test_surface_adapter_projection.py:122: File-backend implementation contract; covered by the default/File full suite
2026-10-09T15:06:36.4151465Z SKIPPED [1] tests/test_surface_adapter_projection.py:138: File-backend implementation contract; covered by the default/File full suite
2026-10-09T15:06:36.4152331Z SKIPPED [4] tests/test_surface_adapter_projection.py:147: File-backend implementation contract; covered by the default/File full suite
2026-10-09T15:06:36.4153193Z SKIPPED [4] tests/test_surface_adapter_projection.py: File-backend implementation contract; covered by the default/File full suite
2026-10-09T15:06:36.4154055Z SKIPPED [2] tests/test_surface_adapter_projection.py:171: File-backend implementation contract; covered by the default/File full suite
2026-10-09T15:06:36.4154923Z SKIPPED [3] tests/test_surface_adapter_projection.py:185: File-backend implementation contract; covered by the default/File full suite
2026-10-09T15:06:36.4155786Z SKIPPED [2] tests/test_surface_adapter_projection.py:203: File-backend implementation contract; covered by the default/File full suite
2026-10-09T15:06:36.4156648Z SKIPPED [4] tests/test_surface_adapter_projection.py:236: File-backend implementation contract; covered by the default/File full suite
2026-10-09T15:06:36.4157509Z SKIPPED [1] tests/test_surface_adapter_projection.py:264: File-backend implementation contract; covered by the default/File full suite
2026-10-09T15:06:36.4158493Z SKIPPED [1] tests/test_surface_adapter_projection.py:273: File-backend implementation contract; covered by the default/File full suite
2026-10-09T15:06:36.4159650Z SKIPPED [2] tests/test_surface_adapter_projection.py:286: File-backend implementation contract; covered by the default/File full suite
2026-10-09T15:06:36.4160534Z SKIPPED [1] tests/test_surface_adapter_projection.py:302: File-backend implementation contract; covered by the default/File full suite
2026-10-09T15:06:36.4161395Z SKIPPED [4] tests/test_surface_adapter_projection.py:317: File-backend implementation contract; covered by the default/File full suite
2026-10-09T15:06:36.4162281Z SKIPPED [5] tests/test_surface_branch_generation_stream.py:47: File-backend implementation contract; covered by the default/File full suite
2026-10-09T15:06:36.4163186Z SKIPPED [2] tests/test_surface_branch_generation_stream.py: File-backend implementation contract; covered by the default/File full suite
2026-10-09T15:06:36.4164085Z SKIPPED [5] tests/test_surface_branch_generation_stream.py:94: File-backend implementation contract; covered by the default/File full suite
2026-10-09T15:06:36.4164999Z SKIPPED [8] tests/test_surface_branch_generation_stream.py:144: File-backend implementation contract; covered by the default/File full suite
2026-10-09T15:06:36.4166017Z SKIPPED [6] tests/test_surface_branch_manuscript.py: File-backend implementation contract; covered by the default/File full suite
2026-10-09T15:06:36.4166895Z SKIPPED [12] tests/test_surface_branch_manuscript_mounted.py: File-backend implementation contract; covered by the default/File full suite
2026-10-09T15:06:36.4167807Z SKIPPED [5] tests/test_surface_branch_manuscript_mounted.py:273: File-backend implementation contract; covered by the default/File full suite
2026-10-09T15:06:36.4168723Z SKIPPED [2] tests/test_surface_browser_authority_contracts.py: File-backend implementation contract; covered by the default/File full suite
2026-10-09T15:06:36.4170247Z SKIPPED [4] tests/test_surface_continuity_timeline_identity.py:45: File-backend implementation contract; covered by the default/File full suite
2026-10-09T15:06:36.4171230Z SKIPPED [3] tests/test_surface_continuity_timeline_identity.py: File-backend implementation contract; covered by the default/File full suite
2026-10-09T15:06:36.4172140Z SKIPPED [4] tests/test_surface_core_story_record_api.py:24: File-backend implementation contract; covered by the default/File full suite
2026-10-09T15:06:36.4173013Z SKIPPED [2] tests/test_surface_core_story_record_api.py:56: File-backend implementation contract; covered by the default/File full suite
2026-10-09T15:06:36.4173877Z SKIPPED [7] tests/test_surface_core_story_record_api.py:78: File-backend implementation contract; covered by the default/File full suite
2026-10-09T15:06:36.4174738Z SKIPPED [1] tests/test_surface_core_story_record_api.py:94: File-backend implementation contract; covered by the default/File full suite
2026-10-09T15:06:36.4175613Z SKIPPED [2] tests/test_surface_core_story_records.py:166: File-backend implementation contract; covered by the default/File full suite
2026-10-09T15:06:36.4176473Z SKIPPED [1] tests/test_surface_core_story_records.py:193: File-backend implementation contract; covered by the default/File full suite
2026-10-09T15:06:36.4177331Z SKIPPED [1] tests/test_surface_core_story_records.py:217: File-backend implementation contract; covered by the default/File full suite
2026-10-09T15:06:36.4178192Z SKIPPED [1] tests/test_surface_core_story_records.py: File-backend implementation contract; covered by the default/File full suite
2026-10-09T15:06:36.4179103Z SKIPPED [1] tests/test_surface_embedding_invalidation_receipts.py: File-backend implementation contract; covered by the default/File full suite
2026-10-09T15:06:36.4180214Z SKIPPED [2] tests/test_surface_finding_review.py:55: File-backend implementation contract; covered by the default/File full suite
2026-10-09T15:06:36.4181050Z SKIPPED [7] tests/test_surface_finding_review.py: File-backend implementation contract; covered by the default/File full suite
2026-10-09T15:06:36.4182065Z SKIPPED [1] tests/test_surface_finding_review.py:117: File-backend implementation contract; covered by the default/File full suite
2026-10-09T15:06:36.4182942Z SKIPPED [2] tests/test_surface_finding_review.py:229: File-backend implementation contract; covered by the default/File full suite
2026-10-09T15:06:36.4183772Z SKIPPED [2] tests/test_surface_finding_review.py:241: File-backend implementation contract; covered by the default/File full suite
2026-10-09T15:06:36.4184630Z SKIPPED [4] tests/test_surface_findings_canon_inbox.py:27: File-backend implementation contract; covered by the default/File full suite
2026-10-09T15:06:36.4185500Z SKIPPED [6] tests/test_surface_findings_canon_inbox.py: File-backend implementation contract; covered by the default/File full suite
2026-10-09T15:06:36.4186390Z SKIPPED [18] tests/test_surface_freeze_media_engine_adapters.py: File-backend implementation contract; covered by the default/File full suite
2026-10-09T15:06:36.4187327Z SKIPPED [2] tests/test_surface_freeze_media_engine_adapters.py:403: File-backend implementation contract; covered by the default/File full suite
2026-10-09T15:06:36.4188264Z SKIPPED [1] tests/test_surface_freeze_media_engine_adapters.py:472: File-backend implementation contract; covered by the default/File full suite
2026-10-09T15:06:36.4189403Z SKIPPED [1] tests/test_surface_hybrid_read_authority.py: File-backend implementation contract; covered by the default/File full suite
2026-10-09T15:06:36.4190294Z SKIPPED [3] tests/test_surface_hybrid_read_authority.py:102: File-backend implementation contract; covered by the default/File full suite
2026-10-09T15:06:36.4191190Z SKIPPED [3] tests/test_surface_interop_branch_authority.py:146: File-backend implementation contract; covered by the default/File full suite
2026-10-09T15:06:40.1419590Z SKIPPED [3] tests/test_surface_interop_branch_authority.py: File-backend implementation contract; covered by the default/File full suite
2026-10-09T15:06:40.1421055Z SKIPPED [3] tests/test_surface_interop_branch_authority.py:329: File-backend implementation contract; covered by the default/File full suite
2026-10-09T15:06:40.1422337Z SKIPPED [14] tests/test_surface_pending_canon_review.py: File-backend implementation contract; covered by the default/File full suite
2026-10-09T15:06:40.1423585Z SKIPPED [2] tests/test_surface_pending_canon_review.py:299: File-backend implementation contract; covered by the default/File full suite
2026-10-09T15:06:40.1424787Z SKIPPED [8] tests/test_surface_production_sync.py: File-backend implementation contract; covered by the default/File full suite
2026-10-09T15:06:40.1425990Z SKIPPED [8] tests/test_surface_realtime_collaboration.py: File-backend implementation contract; covered by the default/File full suite
2026-10-09T15:06:40.1427246Z SKIPPED [4] tests/test_surface_realtime_collaboration.py:176: File-backend implementation contract; covered by the default/File full suite
2026-10-09T15:06:40.1428496Z SKIPPED [7] tests/test_surface_search_visual_research.py: File-backend implementation contract; covered by the default/File full suite
2026-10-09T15:06:40.1429972Z SKIPPED [3] tests/test_surface_search_visual_research.py:127: File-backend implementation contract; covered by the default/File full suite
2026-10-09T15:06:40.1431239Z SKIPPED [3] tests/test_surface_search_visual_research.py:182: File-backend implementation contract; covered by the default/File full suite
2026-10-09T15:06:40.1432479Z SKIPPED [3] tests/test_surface_search_visual_research.py:242: File-backend implementation contract; covered by the default/File full suite
2026-10-09T15:06:40.1433686Z SKIPPED [4] tests/test_surface_story_record_api.py: File-backend implementation contract; covered by the default/File full suite
2026-10-09T15:06:40.1434848Z SKIPPED [1] tests/test_surface_story_record_versions.py:37: File-backend implementation contract; covered by the default/File full suite
2026-10-09T15:06:40.1435918Z SKIPPED [4] tests/test_surface_story_record_versions.py: File-backend implementation contract; covered by the default/File full suite
2026-10-09T15:06:40.1436797Z SKIPPED [2] tests/test_surface_story_record_versions.py:83: File-backend implementation contract; covered by the default/File full suite
2026-10-09T15:06:40.1437677Z SKIPPED [1] tests/test_surface_story_record_versions.py:147: File-backend implementation contract; covered by the default/File full suite
2026-10-09T15:06:40.1438559Z SKIPPED [1] tests/test_surface_story_record_versions.py:178: File-backend implementation contract; covered by the default/File full suite
2026-10-09T15:06:40.1439687Z SKIPPED [8] tests/test_surface_workspace_interaction.py: File-backend implementation contract; covered by the default/File full suite
2026-10-09T15:06:40.1440569Z SKIPPED [2] tests/test_surface_workspace_interaction.py:78: File-backend implementation contract; covered by the default/File full suite
2026-10-09T15:06:40.1441453Z SKIPPED [1] tests/test_v060_project_path_persistence.py:10: File-backend implementation contract; covered by the default/File full suite
2026-10-09T15:06:40.1442323Z SKIPPED [1] tests/test_v060_project_path_persistence.py:31: File-backend implementation contract; covered by the default/File full suite
2026-10-09T15:06:40.1443186Z SKIPPED [2] tests/test_v2_asset_relationships.py:55: File-backend implementation contract; covered by the default/File full suite
2026-10-09T15:06:40.1444179Z SKIPPED [2] tests/test_v2_asset_relationships.py:86: File-backend implementation contract; covered by the default/File full suite
2026-10-09T15:06:40.1445018Z SKIPPED [9] tests/test_v2_asset_relationships.py: File-backend implementation contract; covered by the default/File full suite
2026-10-09T15:06:40.1445846Z SKIPPED [4] tests/test_v2_asset_relationships.py:164: File-backend implementation contract; covered by the default/File full suite
2026-10-09T15:06:40.1446678Z SKIPPED [2] tests/test_v2_asset_relationships.py:217: File-backend implementation contract; covered by the default/File full suite
2026-10-09T15:06:40.1447514Z SKIPPED [2] tests/test_v2_asset_relationships.py:237: File-backend implementation contract; covered by the default/File full suite
2026-10-09T15:06:40.1448349Z SKIPPED [1] tests/test_v2_asset_relationships.py:334: File-backend implementation contract; covered by the default/File full suite
2026-10-09T15:06:40.1449309Z SKIPPED [1] tests/test_v2_creative_foundation.py:81: File-backend implementation contract; covered by the default/File full suite
2026-10-09T15:06:40.1450134Z SKIPPED [8] tests/test_v2_creative_foundation.py: File-backend implementation contract; covered by the default/File full suite
2026-10-09T15:06:40.1450952Z SKIPPED [3] tests/test_v2_creative_foundation.py:197: File-backend implementation contract; covered by the default/File full suite
2026-10-09T15:06:40.1451767Z SKIPPED [4] tests/test_v2_creative_graph_api.py: File-backend implementation contract; covered by the default/File full suite
2026-10-09T15:06:40.1452580Z SKIPPED [2] tests/test_v2_creative_graph_api.py:85: File-backend implementation contract; covered by the default/File full suite
2026-10-09T15:06:40.1453398Z SKIPPED [1] tests/test_v2_creative_graph_api.py:134: File-backend implementation contract; covered by the default/File full suite
2026-10-09T15:06:40.1454238Z SKIPPED [12] tests/test_v2_creative_graph_execution.py: File-backend implementation contract; covered by the default/File full suite
2026-10-09T15:06:40.1455111Z SKIPPED [6] tests/test_v2_creative_graph_execution.py:291: File-backend implementation contract; covered by the default/File full suite
2026-10-09T15:06:40.1455981Z SKIPPED [8] tests/test_v2_creative_graph_persistence.py: File-backend implementation contract; covered by the default/File full suite
2026-10-09T15:06:40.1456835Z SKIPPED [6] tests/test_v2_creative_project_lifecycle.py: File-backend implementation contract; covered by the default/File full suite
2026-10-09T15:06:40.1457713Z SKIPPED [3] tests/test_v2_creative_project_lifecycle.py:299: File-backend implementation contract; covered by the default/File full suite
2026-10-09T15:06:40.1458695Z SKIPPED [4] tests/test_v2_creative_workflows.py:65: File-backend implementation contract; covered by the default/File full suite
2026-10-09T15:06:40.1459793Z SKIPPED [19] tests/test_v2_creative_workflows.py: File-backend implementation contract; covered by the default/File full suite
2026-10-09T15:06:40.1460641Z SKIPPED [9] tests/test_v2_creative_workflows.py:284: File-backend implementation contract; covered by the default/File full suite
2026-10-09T15:06:40.1461473Z SKIPPED [5] tests/test_v2_creative_workflows.py:504: File-backend implementation contract; covered by the default/File full suite
2026-10-09T15:06:40.1462306Z SKIPPED [11] tests/test_v2_independent_workspace.py: File-backend implementation contract; covered by the default/File full suite
2026-10-09T15:06:40.1463161Z SKIPPED [1] tests/test_v2_independent_workspace.py:218: File-backend implementation contract; covered by the default/File full suite
2026-10-09T15:06:40.1464023Z SKIPPED [5] tests/test_v2_independent_workspace.py:398: File-backend implementation contract; covered by the default/File full suite
2026-10-09T15:06:40.1464871Z SKIPPED [4] tests/test_v2_independent_workspace.py:417: File-backend implementation contract; covered by the default/File full suite
2026-10-09T15:06:40.1465854Z SKIPPED [3] tests/test_v2_independent_workspace.py:497: File-backend implementation contract; covered by the default/File full suite
2026-10-09T15:06:40.1466702Z SKIPPED [2] tests/test_v2_independent_workspace.py:512: File-backend implementation contract; covered by the default/File full suite
2026-10-09T15:06:40.1467549Z SKIPPED [2] tests/test_v2_independent_workspace.py:552: File-backend implementation contract; covered by the default/File full suite
2026-10-09T15:06:40.1468398Z SKIPPED [5] tests/test_v2_independent_workspace.py:673: File-backend implementation contract; covered by the default/File full suite
2026-10-09T15:06:40.1469380Z SKIPPED [2] tests/test_v2_independent_workspace.py:755: File-backend implementation contract; covered by the default/File full suite
2026-10-09T15:06:40.1470235Z SKIPPED [4] tests/test_v2_independent_workspace.py:977: File-backend implementation contract; covered by the default/File full suite
2026-10-09T15:06:40.1471092Z SKIPPED [8] tests/test_v2_independent_workspace_api.py: File-backend implementation contract; covered by the default/File full suite
2026-10-09T15:06:40.1471966Z SKIPPED [4] tests/test_v2_independent_workspace_api.py:79: File-backend implementation contract; covered by the default/File full suite
2026-10-09T15:06:40.1472847Z SKIPPED [1] tests/test_v2_independent_workspace_api.py:165: File-backend implementation contract; covered by the default/File full suite
2026-10-09T15:06:40.1473732Z SKIPPED [6] tests/test_v2_independent_workspace_api.py:243: File-backend implementation contract; covered by the default/File full suite
2026-10-09T15:06:40.1474585Z SKIPPED [6] tests/test_v2_storage_admission.py: File-backend implementation contract; covered by the default/File full suite
2026-10-09T15:06:40.1475413Z SKIPPED [3] tests/test_v2_storage_admission.py:84: File-backend implementation contract; covered by the default/File full suite
2026-10-09T15:06:40.1476216Z SKIPPED [2] tests/test_v2_task_router.py:21: File-backend implementation contract; covered by the default/File full suite
2026-10-09T15:06:40.1476990Z SKIPPED [5] tests/test_v2_task_router.py: File-backend implementation contract; covered by the default/File full suite
2026-10-09T15:06:40.1477824Z SKIPPED [2] tests/test_writer_room_comment_authority_seam.py: File-backend implementation contract; covered by the default/File full suite
2026-10-09T15:06:40.1478539Z 3289 passed, 1800 skipped, 5089 deselected, 2 warnings in 2596.95s (0:43:16)
2026-10-09T15:06:43.8377075Z ##[group]Run python .github/ci/receipt.py "$CI_RECEIPTS"
2026-10-09T15:06:43.8377528Z [36;1mpython .github/ci/receipt.py "$CI_RECEIPTS"[0m
2026-10-09T15:06:43.8442557Z shell: /usr/bin/bash -e {0}
2026-10-09T15:06:43.8442828Z env:
2026-10-09T15:06:43.8443024Z   MOCK_PROVIDER: true
2026-10-09T15:06:43.8443265Z   MOCK_STREAM_DELAY_MS: 0
2026-10-09T15:06:43.8443521Z   ENABLE_CLOUD: false
2026-10-09T15:06:43.8443773Z   CREDENTIAL_VAULT_BACKEND: memory
2026-10-09T15:06:43.8444090Z   CREDENTIAL_VAULT_ALLOW_MEMORY_FALLBACK: true
2026-10-09T15:06:43.8444447Z   PYTHONDONTWRITEBYTECODE: 1
2026-10-09T15:06:43.8444710Z   HF_HUB_OFFLINE: 1
2026-10-09T15:06:43.8444938Z   TRANSFORMERS_OFFLINE: 1
2026-10-09T15:06:43.8445298Z   pythonLocation: /opt/hostedtoolcache/Python/3.12.9/x64
2026-10-09T15:06:43.8445784Z   PKG_CONFIG_PATH: /opt/hostedtoolcache/Python/3.12.9/x64/lib/pkgconfig
2026-10-09T15:06:43.8446261Z   Python_ROOT_DIR: /opt/hostedtoolcache/Python/3.12.9/x64
2026-10-09T15:06:43.8446718Z   Python2_ROOT_DIR: /opt/hostedtoolcache/Python/3.12.9/x64
2026-10-09T15:06:43.8447137Z   Python3_ROOT_DIR: /opt/hostedtoolcache/Python/3.12.9/x64
2026-10-09T15:06:43.8447563Z   LD_LIBRARY_PATH: /opt/hostedtoolcache/Python/3.12.9/x64/lib
2026-10-09T15:06:43.8447991Z   CI_COVERAGE_SHA: 7f0d911549b04e8dbb7cf078316ad74c42095449
2026-10-09T15:06:43.8448401Z   CI_COVERAGE_TREE: 69d69ffe71838263069d164a0a07b39b5f4a4333
2026-10-09T15:06:43.8448903Z   CI_SANDBOX: /home/runner/work/_temp/novel-ci-backend-postgres-shard-1.iGom5p
2026-10-09T15:06:43.8449893Z   CI_PROJECT: /home/runner/work/_temp/novel-ci-backend-postgres-shard-1.iGom5p/project
2026-10-09T15:06:43.8450766Z   CI_RECEIPTS: /home/runner/work/_temp/novel-ci-backend-postgres-shard-1.iGom5p/receipts
2026-10-09T15:06:43.8451563Z   HOME: /home/runner/work/_temp/novel-ci-backend-postgres-shard-1.iGom5p/project/.runtime/ci-backend/home
2026-10-09T15:06:43.8452449Z   USERPROFILE: /home/runner/work/_temp/novel-ci-backend-postgres-shard-1.iGom5p/project/.runtime/ci-backend/home
2026-10-09T15:06:43.8453355Z   APPDATA: /home/runner/work/_temp/novel-ci-backend-postgres-shard-1.iGom5p/project/.runtime/ci-backend/appdata
2026-10-09T15:06:43.8454290Z   LOCALAPPDATA: /home/runner/work/_temp/novel-ci-backend-postgres-shard-1.iGom5p/project/.runtime/ci-backend/localappdata
2026-10-09T15:06:43.8455106Z   XDG_CONFIG_HOME: /home/runner/work/_temp/novel-ci-backend-postgres-shard-1.iGom5p/project/.runtime/ci-backend/config
2026-10-09T15:06:43.8455897Z   XDG_CACHE_HOME: /home/runner/work/_temp/novel-ci-backend-postgres-shard-1.iGom5p/project/.runtime/ci-backend/cache
2026-10-09T15:06:43.8456678Z   XDG_DATA_HOME: /home/runner/work/_temp/novel-ci-backend-postgres-shard-1.iGom5p/project/.runtime/ci-backend/data
2026-10-09T15:06:43.8457454Z   XDG_STATE_HOME: /home/runner/work/_temp/novel-ci-backend-postgres-shard-1.iGom5p/project/.runtime/ci-backend/state
2026-10-09T15:06:43.8458217Z   TMPDIR: /home/runner/work/_temp/novel-ci-backend-postgres-shard-1.iGom5p/project/.runtime/ci-backend/tmp
2026-10-09T15:06:43.8458937Z   TMP: /home/runner/work/_temp/novel-ci-backend-postgres-shard-1.iGom5p/project/.runtime/ci-backend/tmp
2026-10-09T15:06:43.8459890Z   TEMP: /home/runner/work/_temp/novel-ci-backend-postgres-shard-1.iGom5p/project/.runtime/ci-backend/tmp
2026-10-09T15:06:43.8460549Z   PROJECT_ROOT: /home/runner/work/_temp/novel-ci-backend-postgres-shard-1.iGom5p/project
2026-10-09T15:06:43.8461268Z   NOVEL_DATA_PATH: /home/runner/work/_temp/novel-ci-backend-postgres-shard-1.iGom5p/project/.runtime/ci-backend/data/novels
2026-10-09T15:06:43.8462095Z   BACKUP_PATH: /home/runner/work/_temp/novel-ci-backend-postgres-shard-1.iGom5p/project/.runtime/ci-backend/data/backups
2026-10-09T15:06:43.8462979Z   DATABASE_BACKUP_PATH: /home/runner/work/_temp/novel-ci-backend-postgres-shard-1.iGom5p/project/.runtime/ci-backend/data/database-backups
2026-10-09T15:06:43.8463910Z   KNOWLEDGE_SOURCE_PATH: /home/runner/work/_temp/novel-ci-backend-postgres-shard-1.iGom5p/project/.runtime/ci-backend/data/novels
2026-10-09T15:06:43.8464906Z   CI_V2_RUNTIME: /home/runner/work/_temp/novel-ci-backend-postgres-shard-1.iGom5p/project/.runtime/ci-backend
2026-10-09T15:06:43.8465661Z   R2_TEST_FONT_FILE: /home/runner/work/_temp/novel-ci-backend-postgres-shard-1.iGom5p/fonts/NotoSansSC-Regular.ttf
2026-10-09T15:06:43.8466177Z ##[endgroup]
2026-10-09T15:06:44.0015101Z {
2026-10-09T15:06:44.0017214Z   "revision": "checked_out_sha=7f0d911549b04e8dbb7cf078316ad74c42095449\nevent_sha=7f0d911549b04e8dbb7cf078316ad74c42095449\nrun_url=https://github.com/1785235376-blip/AI-Novel-Studio/actions/runs/37943412489\njob=backend-postgres-shard-1\nplatform=Linux; native Windows host/AppContainer/installer=NOT RUN\n",
2026-10-09T15:06:44.0019620Z   "test_reports": {
2026-10-09T15:06:44.0019962Z     "backend.xml": {
2026-10-09T15:06:44.0020287Z       "tests": 5089,
2026-10-09T15:06:44.0020587Z       "failures": 0,
2026-10-09T15:06:44.0020884Z       "errors": 0,
2026-10-09T15:06:44.0021183Z       "skipped": 1800
2026-10-09T15:06:44.0021488Z     },
2026-10-09T15:06:44.0021797Z     "coverage-harness.xml": {
2026-10-09T15:06:44.0022161Z       "tests": 174,
2026-10-09T15:06:44.0022458Z       "failures": 0,
2026-10-09T15:06:44.0022762Z       "errors": 0,
2026-10-09T15:06:44.0023052Z       "skipped": 0
2026-10-09T15:06:44.0023335Z     }
2026-10-09T15:06:44.0023590Z   },
2026-10-09T15:06:44.0023872Z   "report_status": "RECORDED",
2026-10-09T15:06:44.0024336Z   "native_windows_host_appcontainer_installer": "NOT RUN",
2026-10-09T15:06:44.0024991Z   "real_model_and_paid_provider_execution": "NOT RUN"
2026-10-09T15:06:44.0025809Z }
2026-10-09T15:06:44.0025972Z 
2026-10-09T15:06:44.0143782Z ##[group]Run actions/upload-artifact@v4.6.2
2026-10-09T15:06:44.0144107Z with:
2026-10-09T15:06:44.0144487Z   name: backend-postgres-shard-1-7f0d911549b04e8dbb7cf078316ad74c42095449-attempt-1
2026-10-09T15:06:44.0145093Z   path: /home/runner/work/_temp/novel-ci-backend-postgres-shard-1.iGom5p/receipts
2026-10-09T15:06:44.0145514Z   if-no-files-found: error
2026-10-09T15:06:44.0145745Z   retention-days: 14
2026-10-09T15:06:44.0145958Z   compression-level: 6
2026-10-09T15:06:44.0146169Z   overwrite: false
2026-10-09T15:06:44.0146377Z   include-hidden-files: false
2026-10-09T15:06:44.0146608Z env:
2026-10-09T15:06:44.0146786Z   MOCK_PROVIDER: true
2026-10-09T15:06:44.0147011Z   MOCK_STREAM_DELAY_MS: 0
2026-10-09T15:06:44.0147227Z   ENABLE_CLOUD: false
2026-10-09T15:06:44.0147441Z   CREDENTIAL_VAULT_BACKEND: memory
2026-10-09T15:06:44.0147727Z   CREDENTIAL_VAULT_ALLOW_MEMORY_FALLBACK: true
2026-10-09T15:06:44.0148027Z   PYTHONDONTWRITEBYTECODE: 1
2026-10-09T15:06:44.0148313Z   HF_HUB_OFFLINE: 1
2026-10-09T15:06:44.0148517Z   TRANSFORMERS_OFFLINE: 1
2026-10-09T15:06:44.0148798Z   pythonLocation: /opt/hostedtoolcache/Python/3.12.9/x64
2026-10-09T15:06:44.0149463Z   PKG_CONFIG_PATH: /opt/hostedtoolcache/Python/3.12.9/x64/lib/pkgconfig
2026-10-09T15:06:44.0149880Z   Python_ROOT_DIR: /opt/hostedtoolcache/Python/3.12.9/x64
2026-10-09T15:06:44.0150244Z   Python2_ROOT_DIR: /opt/hostedtoolcache/Python/3.12.9/x64
2026-10-09T15:06:44.0150607Z   Python3_ROOT_DIR: /opt/hostedtoolcache/Python/3.12.9/x64
2026-10-09T15:06:44.0150975Z   LD_LIBRARY_PATH: /opt/hostedtoolcache/Python/3.12.9/x64/lib
2026-10-09T15:06:44.0151350Z   CI_COVERAGE_SHA: 7f0d911549b04e8dbb7cf078316ad74c42095449
2026-10-09T15:06:44.0151713Z   CI_COVERAGE_TREE: 69d69ffe71838263069d164a0a07b39b5f4a4333
2026-10-09T15:06:44.0152173Z   CI_SANDBOX: /home/runner/work/_temp/novel-ci-backend-postgres-shard-1.iGom5p
2026-10-09T15:06:44.0152727Z   CI_PROJECT: /home/runner/work/_temp/novel-ci-backend-postgres-shard-1.iGom5p/project
2026-10-09T15:06:44.0153341Z   CI_RECEIPTS: /home/runner/work/_temp/novel-ci-backend-postgres-shard-1.iGom5p/receipts
2026-10-09T15:06:44.0154021Z   HOME: /home/runner/work/_temp/novel-ci-backend-postgres-shard-1.iGom5p/project/.runtime/ci-backend/home
2026-10-09T15:06:44.0154775Z   USERPROFILE: /home/runner/work/_temp/novel-ci-backend-postgres-shard-1.iGom5p/project/.runtime/ci-backend/home
2026-10-09T15:06:44.0155545Z   APPDATA: /home/runner/work/_temp/novel-ci-backend-postgres-shard-1.iGom5p/project/.runtime/ci-backend/appdata
2026-10-09T15:06:44.0156349Z   LOCALAPPDATA: /home/runner/work/_temp/novel-ci-backend-postgres-shard-1.iGom5p/project/.runtime/ci-backend/localappdata
2026-10-09T15:06:44.0157179Z   XDG_CONFIG_HOME: /home/runner/work/_temp/novel-ci-backend-postgres-shard-1.iGom5p/project/.runtime/ci-backend/config
2026-10-09T15:06:44.0157963Z   XDG_CACHE_HOME: /home/runner/work/_temp/novel-ci-backend-postgres-shard-1.iGom5p/project/.runtime/ci-backend/cache
2026-10-09T15:06:44.0158748Z   XDG_DATA_HOME: /home/runner/work/_temp/novel-ci-backend-postgres-shard-1.iGom5p/project/.runtime/ci-backend/data
2026-10-09T15:06:44.0159780Z   XDG_STATE_HOME: /home/runner/work/_temp/novel-ci-backend-postgres-shard-1.iGom5p/project/.runtime/ci-backend/state
2026-10-09T15:06:44.0160556Z   TMPDIR: /home/runner/work/_temp/novel-ci-backend-postgres-shard-1.iGom5p/project/.runtime/ci-backend/tmp
2026-10-09T15:06:44.0161283Z   TMP: /home/runner/work/_temp/novel-ci-backend-postgres-shard-1.iGom5p/project/.runtime/ci-backend/tmp
2026-10-09T15:06:44.0161993Z   TEMP: /home/runner/work/_temp/novel-ci-backend-postgres-shard-1.iGom5p/project/.runtime/ci-backend/tmp
2026-10-09T15:06:44.0162642Z   PROJECT_ROOT: /home/runner/work/_temp/novel-ci-backend-postgres-shard-1.iGom5p/project
2026-10-09T15:06:44.0163364Z   NOVEL_DATA_PATH: /home/runner/work/_temp/novel-ci-backend-postgres-shard-1.iGom5p/project/.runtime/ci-backend/data/novels
2026-10-09T15:06:44.0164386Z   BACKUP_PATH: /home/runner/work/_temp/novel-ci-backend-postgres-shard-1.iGom5p/project/.runtime/ci-backend/data/backups
2026-10-09T15:06:44.0165434Z   DATABASE_BACKUP_PATH: /home/runner/work/_temp/novel-ci-backend-postgres-shard-1.iGom5p/project/.runtime/ci-backend/data/database-backups
2026-10-09T15:06:44.0166348Z   KNOWLEDGE_SOURCE_PATH: /home/runner/work/_temp/novel-ci-backend-postgres-shard-1.iGom5p/project/.runtime/ci-backend/data/novels
2026-10-09T15:06:44.0167152Z   CI_V2_RUNTIME: /home/runner/work/_temp/novel-ci-backend-postgres-shard-1.iGom5p/project/.runtime/ci-backend
2026-10-09T15:06:44.0167904Z   R2_TEST_FONT_FILE: /home/runner/work/_temp/novel-ci-backend-postgres-shard-1.iGom5p/fonts/NotoSansSC-Regular.ttf
2026-10-09T15:06:44.0168413Z ##[endgroup]
2026-10-09T15:06:44.2042852Z (node:245252) [DEP0040] DeprecationWarning: The `punycode` module is deprecated. Please use a userland alternative instead.
2026-10-09T15:06:44.2044093Z (Use `node --trace-deprecation ...` to show where the warning was created)
2026-10-09T15:06:44.2123088Z With the provided path, there will be 11 files uploaded
2026-10-09T15:06:44.2131766Z Artifact name is valid!
2026-10-09T15:06:44.2132639Z Root directory input is valid!
2026-10-09T15:06:44.6240368Z Beginning upload of artifact content to blob storage
2026-10-09T15:06:44.9551516Z (node:245252) [DEP0169] DeprecationWarning: `url.parse()` behavior is not standardized and prone to errors that have security implications. Use the WHATWG URL API instead. CVEs are not issued for `url.parse()` vulnerabilities.
2026-10-09T15:06:45.6065711Z Uploaded bytes 635168
2026-10-09T15:06:45.6869373Z Finished uploading artifact content to blob storage!
2026-10-09T15:06:45.6870801Z SHA256 digest of uploaded artifact zip is ec3e1f3043f17ee5560b228703ea079b1191fd08cf7877e653607c66e6ab7fba
2026-10-09T15:06:45.6872132Z Finalizing artifact upload
2026-10-09T15:06:45.9756557Z Artifact backend-postgres-shard-1-7f0d911549b04e8dbb7cf078316ad74c42095449-attempt-1.zip successfully finalized. Artifact ID 11624928504
2026-10-09T15:06:45.9758649Z Artifact backend-postgres-shard-1-7f0d911549b04e8dbb7cf078316ad74c42095449-attempt-1 has been successfully uploaded! Final size is 635168 bytes. Artifact ID is 11624928504
2026-10-09T15:06:45.9764182Z Artifact download URL: https://github.com/1785235376-blip/AI-Novel-Studio/actions/runs/37943412489/artifacts/11624928504
2026-10-09T15:06:45.9982293Z Post job cleanup.
2026-10-09T15:06:46.1209640Z (node:245284) [DEP0040] DeprecationWarning: The `punycode` module is deprecated. Please use a userland alternative instead.
2026-10-09T15:06:46.1210729Z (Use `node --trace-deprecation ...` to show where the warning was created)
2026-10-09T15:06:46.1367644Z Post job cleanup.
2026-10-09T15:06:46.2331574Z [command]/usr/bin/git version
2026-10-09T15:06:46.2389971Z git version 2.55.0
2026-10-09T15:06:46.2482088Z Temporarily overriding HOME='/home/runner/work/_temp/b14933f2-1441-4f44-9381-84bc7be16e32' before making global git config changes
2026-10-09T15:06:46.2510241Z Adding repository directory to the temporary git global config as a safe directory
2026-10-09T15:06:46.2540460Z [command]/usr/bin/git config --global --add safe.directory /home/runner/work/AI-Novel-Studio/AI-Novel-Studio
2026-10-09T15:06:46.2566755Z [command]/usr/bin/git config --local --name-only --get-regexp core\.sshCommand
2026-10-09T15:06:46.2568871Z [command]/usr/bin/git submodule foreach --recursive sh -c "git config --local --name-only --get-regexp 'core\.sshCommand' && git config --local --unset-all 'core.sshCommand' || :"
2026-10-09T15:06:46.2877056Z [command]/usr/bin/git config --local --name-only --get-regexp http\.https\:\/\/github\.com\/\.extraheader
2026-10-09T15:06:46.2921153Z [command]/usr/bin/git submodule foreach --recursive sh -c "git config --local --name-only --get-regexp 'http\.https\:\/\/github\.com\/\.extraheader' && git config --local --unset-all 'http.https://github.com/.extraheader' || :"
2026-10-09T15:06:46.3319069Z Print service container logs: 04ecd4e8e5a84c1fa56824729f330588_postgres16alpine_9f9a89
2026-10-09T15:06:46.3325740Z ##[command]/usr/bin/docker logs --details 6225e5f5adb467d406af34fca623e77bd42354c4ecb13181485c82aed441048f
2026-10-09T15:06:46.3482943Z  sh: locale: not found
2026-10-09T15:06:46.3483409Z  2026-10-09 14:21:36.403 UTC [35] WARNING:  no usable system locales were found
2026-10-09T15:06:46.3483952Z  initdb: warning: enabling "trust" authentication for local connections
2026-10-09T15:06:46.3484726Z  initdb: hint: You can change this by editing pg_hba.conf or using the option -A, or --auth-local and --auth-host, the next time you run initdb.
2026-10-09T15:06:46.3485579Z  The files belonging to this database system will be owned by user "postgres".
2026-10-09T15:06:46.3490846Z  2026-10-09 14:21:37.246 UTC [1] LOG:  starting PostgreSQL 16.15 on x86_64-pc-linux-musl, compiled by gcc (Alpine 15.2.0) 15.2.0, 64-bit
2026-10-09T15:06:46.3492001Z  This user must also own the server process.
2026-10-09T15:06:46.3492352Z  
2026-10-09T15:06:46.3492652Z  The database cluster will be initialized with locale "en_US.utf8".
2026-10-09T15:06:46.3493123Z  The default database encoding has accordingly been set to "UTF8".
2026-10-09T15:06:46.3493559Z  The default text search configuration will be set to "english".
2026-10-09T15:06:46.3493902Z  
2026-10-09T15:06:46.3494100Z  Data page checksums are disabled.
2026-10-09T15:06:46.3494363Z  
2026-10-09T15:06:46.3494661Z  fixing permissions on existing directory /var/lib/postgresql/data ... ok
2026-10-09T15:06:46.3495072Z  creating subdirectories ... ok
2026-10-09T15:06:46.3495394Z  selecting dynamic shared memory implementation ... posix
2026-10-09T15:06:46.3495754Z  selecting default max_connections ... 100
2026-10-09T15:06:46.3496063Z  selecting default shared_buffers ... 128MB
2026-10-09T15:06:46.3496356Z  selecting default time zone ... UTC
2026-10-09T15:06:46.3496631Z  creating configuration files ... ok
2026-10-09T15:06:46.3496909Z  running bootstrap script ... ok
2026-10-09T15:06:46.3497207Z  performing post-bootstrap initialization ... ok
2026-10-09T15:06:46.3497514Z  syncing data to disk ... ok
2026-10-09T15:06:46.3497745Z  
2026-10-09T15:06:46.3497916Z  
2026-10-09T15:06:46.3498146Z  Success. You can now start the database server using:
2026-10-09T15:06:46.3498443Z  
2026-10-09T15:06:46.3498686Z      pg_ctl -D /var/lib/postgresql/data -l logfile start
2026-10-09T15:06:46.3498985Z  
2026-10-09T15:06:46.3500117Z  waiting for server to start....2026-10-09 14:21:36.975 UTC [41] LOG:  starting PostgreSQL 16.15 on x86_64-pc-linux-musl, compiled by gcc (Alpine 15.2.0) 15.2.0, 64-bit
2026-10-09T15:06:46.3501371Z  2026-10-09 14:21:36.976 UTC [41] LOG:  listening on Unix socket "/var/run/postgresql/.s.PGSQL.5432"
2026-10-09T15:06:46.3501970Z  2026-10-09 14:21:36.978 UTC [44] LOG:  database system was shut down at 2026-10-09 14:21:36 UTC
2026-10-09T15:06:46.3502490Z  2026-10-09 14:21:36.983 UTC [41] LOG:  database system is ready to accept connections
2026-10-09T15:06:46.3502878Z   done
2026-10-09T15:06:46.3503061Z  server started
2026-10-09T15:06:46.3503259Z  CREATE DATABASE
2026-10-09T15:06:46.3503451Z  
2026-10-09T15:06:46.3503625Z  
2026-10-09T15:06:46.3503944Z  /usr/local/bin/docker-entrypoint.sh: ignoring /docker-entrypoint-initdb.d/*
2026-10-09T15:06:46.3504340Z  
2026-10-09T15:06:46.3504709Z  waiting for server to shut down....2026-10-09 14:21:37.125 UTC [41] LOG:  received fast shutdown request
2026-10-09T15:06:46.3505253Z  2026-10-09 14:21:37.125 UTC [41] LOG:  aborting any active transactions
2026-10-09T15:06:46.3506424Z  2026-10-09 14:21:37.127 UTC [41] LOG:  background worker "logical replication launcher" (PID 47) exited with exit code 1
2026-10-09T15:06:46.3507383Z  2026-10-09 14:21:37.129 UTC [42] LOG:  shutting down
2026-10-09T15:06:46.3508072Z  2026-10-09 14:21:37.130 UTC [42] LOG:  checkpoint starting: shutdown immediate
2026-10-09T15:06:46.3510571Z  2026-10-09 14:21:37.149 UTC [42] LOG:  checkpoint complete: wrote 926 buffers (5.7%); 0 WAL file(s) added, 0 removed, 0 recycled; write=0.013 s, sync=0.006 s, total=0.020 s; sync files=301, longest=0.004 s, average=0.001 s; distance=4283 kB, estimate=4283 kB; lsn=0/1925D60, redo lsn=0/1925D60
2026-10-09T15:06:46.3511868Z  2026-10-09 14:21:37.156 UTC [41] LOG:  database system is shut down
2026-10-09T15:06:46.3512203Z   done
2026-10-09T15:06:46.3512390Z  server stopped
2026-10-09T15:06:46.3512596Z  
2026-10-09T15:06:46.3512837Z  PostgreSQL init process complete; ready for start up.
2026-10-09T15:06:46.3513146Z  
2026-10-09T15:06:46.3513476Z  2026-10-09 14:21:37.246 UTC [1] LOG:  listening on IPv4 address "0.0.0.0", port 5432
2026-10-09T15:06:46.3513966Z  2026-10-09 14:21:37.246 UTC [1] LOG:  listening on IPv6 address "::", port 5432
2026-10-09T15:06:46.3514519Z  2026-10-09 14:21:37.247 UTC [1] LOG:  listening on Unix socket "/var/run/postgresql/.s.PGSQL.5432"
2026-10-09T15:06:46.3515104Z  2026-10-09 14:21:37.250 UTC [57] LOG:  database system was shut down at 2026-10-09 14:21:37 UTC
2026-10-09T15:06:46.3515634Z  2026-10-09 14:21:37.255 UTC [1] LOG:  database system is ready to accept connections
2026-10-09T15:06:46.3516089Z  2026-10-09 14:26:37.349 UTC [55] LOG:  checkpoint starting: time
2026-10-09T15:06:46.3517164Z  2026-10-09 14:27:28.955 UTC [55] LOG:  checkpoint complete: wrote 518 buffers (3.2%); 1 WAL file(s) added, 0 removed, 0 recycled; write=51.589 s, sync=0.004 s, total=51.607 s; sync files=401, longest=0.001 s, average=0.001 s; distance=3614 kB, estimate=3614 kB; lsn=0/1CD7C20, redo lsn=0/1CAD8C8
2026-10-09T15:06:46.3518215Z  2026-10-09 14:31:38.055 UTC [55] LOG:  checkpoint starting: time
2026-10-09T15:06:46.3519517Z  2026-10-09 14:32:05.915 UTC [55] LOG:  checkpoint complete: wrote 280 buffers (1.7%); 0 WAL file(s) added, 0 removed, 1 recycled; write=27.850 s, sync=0.003 s, total=27.861 s; sync files=331, longest=0.001 s, average=0.001 s; distance=7057 kB, estimate=7057 kB; lsn=0/2392918, redo lsn=0/2392028
2026-10-09T15:06:46.3520838Z  2026-10-09 14:34:27.839 UTC [58938] ERROR:  new row for relation "foreshadowing" violates check constraint "foreshadowing_privacy_policy_valid"
2026-10-09T15:06:46.3521832Z  2026-10-09 14:34:27.839 UTC [58938] DETAIL:  Failing row contains (2fdd9652-ae81-445a-8d7b-3833e6e21140, a6c392c5-778c-497a-8f3c-2c8a61e2ae10, bad, null, null, OPEN, {}).
2026-10-09T15:06:46.3522762Z  2026-10-09 14:34:27.839 UTC [58938] STATEMENT:  INSERT INTO foreshadowing(novel_id,title,details) VALUES ($1,'bad','{}')
2026-10-09T15:06:46.3523375Z  2026-10-09 14:34:28.955 UTC [55] LOG:  checkpoint starting: immediate force wait
2026-10-09T15:06:46.3524481Z  2026-10-09 14:34:28.966 UTC [55] LOG:  checkpoint complete: wrote 218 buffers (1.3%); 0 WAL file(s) added, 0 removed, 1 recycled; write=0.004 s, sync=0.003 s, total=0.011 s; sync files=190, longest=0.001 s, average=0.001 s; distance=12840 kB, estimate=12840 kB; lsn=0/301C1A0, redo lsn=0/301C168
2026-10-09T15:06:46.3525620Z  2026-10-09 14:34:29.857 UTC [58947] FATAL:  terminating connection due to administrator command
2026-10-09T15:06:46.3526143Z  2026-10-09 14:34:29.958 UTC [55] LOG:  checkpoint starting: immediate force wait
2026-10-09T15:06:46.3527212Z  2026-10-09 14:34:29.961 UTC [55] LOG:  checkpoint complete: wrote 4 buffers (0.0%); 0 WAL file(s) added, 0 removed, 0 recycled; write=0.001 s, sync=0.001 s, total=0.003 s; sync files=4, longest=0.001 s, average=0.001 s; distance=5747 kB, estimate=12131 kB; lsn=0/35B8F88, redo lsn=0/35B8F50
2026-10-09T15:06:46.3528269Z  2026-10-09 14:34:31.634 UTC [55] LOG:  checkpoint starting: immediate force wait
2026-10-09T15:06:46.3529563Z  2026-10-09 14:34:31.655 UTC [55] LOG:  checkpoint complete: wrote 1045 buffers (6.4%); 0 WAL file(s) added, 0 removed, 1 recycled; write=0.013 s, sync=0.006 s, total=0.021 s; sync files=565, longest=0.002 s, average=0.001 s; distance=11463 kB, estimate=12064 kB; lsn=0/40EAF20, redo lsn=0/40EAEE8
2026-10-09T15:06:46.3530657Z  2026-10-09 14:34:31.679 UTC [55] LOG:  checkpoint starting: immediate force wait
2026-10-09T15:06:46.3531855Z  2026-10-09 14:34:31.681 UTC [55] LOG:  checkpoint complete: wrote 2 buffers (0.0%); 0 WAL file(s) added, 0 removed, 0 recycled; write=0.001 s, sync=0.001 s, total=0.003 s; sync files=2, longest=0.001 s, average=0.001 s; distance=1 kB, estimate=10858 kB; lsn=0/40EB678, redo lsn=0/40EB640
2026-10-09T15:06:46.3532996Z  2026-10-09 14:39:31.716 UTC [55] LOG:  checkpoint starting: time
2026-10-09T15:06:46.3534037Z  2026-10-09 14:39:56.963 UTC [55] LOG:  checkpoint complete: wrote 255 buffers (1.6%); 0 WAL file(s) added, 0 removed, 0 recycled; write=25.243 s, sync=0.003 s, total=25.248 s; sync files=125, longest=0.001 s, average=0.001 s; distance=10911 kB, estimate=10911 kB; lsn=0/4C32F20, redo lsn=0/4B933B8
2026-10-09T15:06:46.3535080Z  2026-10-09 14:44:31.988 UTC [55] LOG:  checkpoint starting: time
2026-10-09T15:06:46.3536123Z  2026-10-09 14:44:53.833 UTC [55] LOG:  checkpoint complete: wrote 220 buffers (1.3%); 0 WAL file(s) added, 0 removed, 1 recycled; write=21.837 s, sync=0.007 s, total=21.845 s; sync files=96, longest=0.002 s, average=0.001 s; distance=14305 kB, estimate=14305 kB; lsn=0/5B37298, redo lsn=0/598B9A8
2026-10-09T15:06:46.3537158Z  2026-10-09 14:49:31.933 UTC [55] LOG:  checkpoint starting: time
2026-10-09T15:06:46.3538193Z  2026-10-09 14:50:23.723 UTC [55] LOG:  checkpoint complete: wrote 523 buffers (3.2%); 0 WAL file(s) added, 0 removed, 1 recycled; write=51.785 s, sync=0.005 s, total=51.791 s; sync files=109, longest=0.001 s, average=0.001 s; distance=13700 kB, estimate=14244 kB; lsn=0/68A74F8, redo lsn=0/66ECAB0
2026-10-09T15:06:46.3539499Z  2026-10-09 14:54:31.820 UTC [55] LOG:  checkpoint starting: time
2026-10-09T15:06:46.3540602Z  2026-10-09 14:55:36.929 UTC [55] LOG:  checkpoint complete: wrote 650 buffers (4.0%); 0 WAL file(s) added, 0 removed, 0 recycled; write=65.101 s, sync=0.007 s, total=65.110 s; sync files=82, longest=0.001 s, average=0.001 s; distance=5216 kB, estimate=13342 kB; lsn=0/6EFA270, redo lsn=0/6C04DC8
2026-10-09T15:06:46.3541646Z  2026-10-09 14:59:32.028 UTC [55] LOG:  checkpoint starting: time
2026-10-09T15:06:46.3542678Z  2026-10-09 15:00:29.236 UTC [55] LOG:  checkpoint complete: wrote 573 buffers (3.5%); 0 WAL file(s) added, 0 removed, 1 recycled; write=57.193 s, sync=0.013 s, total=57.208 s; sync files=119, longest=0.002 s, average=0.001 s; distance=5604 kB, estimate=12568 kB; lsn=0/732BA18, redo lsn=0/717E160
2026-10-09T15:06:46.3543926Z  2026-10-09 15:03:19.315 UTC [199248] ERROR:  duplicate key value violates unique constraint "authorization_audit_events_pkey"
2026-10-09T15:06:46.3544686Z  2026-10-09 15:03:19.315 UTC [199248] DETAIL:  Key (id)=(duplicate-e0e0bb22-70a3-4dd1-959b-c0a163e141a8) already exists.
2026-10-09T15:06:46.3545457Z  2026-10-09 15:03:19.315 UTC [199248] STATEMENT:  INSERT INTO authorization_audit_events(id,payload) VALUES ($1,CAST($2 AS jsonb))
2026-10-09T15:06:46.3546057Z  2026-10-09 15:04:32.273 UTC [55] LOG:  checkpoint starting: time
2026-10-09T15:06:46.3547102Z  2026-10-09 15:05:15.857 UTC [55] LOG:  checkpoint complete: wrote 438 buffers (2.7%); 0 WAL file(s) added, 0 removed, 0 recycled; write=43.580 s, sync=0.003 s, total=43.585 s; sync files=127, longest=0.001 s, average=0.001 s; distance=4376 kB, estimate=11749 kB; lsn=0/77E9D48, redo lsn=0/75C44E0
2026-10-09T15:06:46.3554222Z Stop and remove container: 04ecd4e8e5a84c1fa56824729f330588_postgres16alpine_9f9a89
2026-10-09T15:06:46.3559696Z ##[command]/usr/bin/docker rm --force 6225e5f5adb467d406af34fca623e77bd42354c4ecb13181485c82aed441048f
2026-10-09T15:06:46.7101800Z 6225e5f5adb467d406af34fca623e77bd42354c4ecb13181485c82aed441048f
2026-10-09T15:06:46.7137711Z Remove container network: github_network_4cef391a77da4723ba371b891554f65c
2026-10-09T15:06:46.7143262Z ##[command]/usr/bin/docker network rm github_network_4cef391a77da4723ba371b891554f65c
2026-10-09T15:06:46.8315253Z github_network_4cef391a77da4723ba371b891554f65c
2026-10-09T15:06:46.8393769Z Cleaning up orphan processes
2026-10-09T15:06:46.8850885Z ##[warning]Node.js 20 is deprecated. The following actions target Node.js 20 but are being forced to run on Node.js 24: actions/checkout@v4.2.2, actions/setup-python@v5.6.0, actions/upload-artifact@v4.6.2. For more information see: https://github.blog/changelog/2025-09-19-deprecation-of-node-20-on-github-actions-runners/
