2026-10-09T14:21:27.7278421Z Current runner version: '2.337.0'
2026-10-09T14:21:27.7301030Z ##[group]Runner Image Provisioner
2026-10-09T14:21:27.7302061Z Hosted Compute Agent
2026-10-09T14:21:27.7302639Z Version: 20261002.596
2026-10-09T14:21:27.7303129Z Commit: c3d12f3313a95f25162a1503be624f3b0617f8c0
2026-10-09T14:21:27.7303776Z Build Date: 2026-10-02T22:28:27Z
2026-10-09T14:21:27.7304576Z Worker ID: {87601df8-57ea-4cd5-ac0c-413f352c8829}
2026-10-09T14:21:27.7305171Z Region: centralus
2026-10-09T14:21:27.7305660Z Cloud: Azure
2026-10-09T14:21:27.7306102Z ##[endgroup]
2026-10-09T14:21:27.7307887Z ##[group]Operating System
2026-10-09T14:21:27.7308398Z Ubuntu
2026-10-09T14:21:27.7308860Z 24.04.5
2026-10-09T14:21:27.7309303Z LTS
2026-10-09T14:21:27.7309730Z ##[endgroup]
2026-10-09T14:21:27.7310198Z ##[group]Runner Image
2026-10-09T14:21:27.7310691Z Image: ubuntu-24.04
2026-10-09T14:21:27.7311148Z Version: 20261004.327.1
2026-10-09T14:21:27.7312194Z Included Software: https://github.com/actions/runner-images/blob/ubuntu24/20261004.327/images/ubuntu/Ubuntu2404-Readme.md
2026-10-09T14:21:27.7313442Z Image Release: https://github.com/actions/runner-images/releases/tag/ubuntu24%2F20261004.327
2026-10-09T14:21:27.7314370Z ##[endgroup]
2026-10-09T14:21:27.7315276Z ##[group]GITHUB_TOKEN Permissions
2026-10-09T14:21:27.7317305Z Contents: read
2026-10-09T14:21:27.7317768Z Metadata: read
2026-10-09T14:21:27.7318245Z ##[endgroup]
2026-10-09T14:21:27.7319856Z Secret source: Actions
2026-10-09T14:21:27.7320546Z Cache mode: write
2026-10-09T14:21:27.7321282Z Prepare workflow directory
2026-10-09T14:21:27.7725696Z Prepare all required actions
2026-10-09T14:21:27.7773480Z Getting action download info
2026-10-09T14:21:28.0254436Z Download action repository 'actions/checkout@v4.2.2' (SHA:11bd71901bbe5b1630ceea73d27597364c9af683)
2026-10-09T14:21:28.1220429Z Download action repository 'actions/setup-python@v5.6.0' (SHA:a26af69be951a213d495a4c3e4e4022e16d87065)
2026-10-09T14:21:28.2586294Z Download action repository 'actions/upload-artifact@v4.6.2' (SHA:ea165f8d65b6e75b540449e92b4886f43607fa02)
2026-10-09T14:21:28.4400157Z Complete job name: Backend execution / postgres / shard 0
2026-10-09T14:21:28.4741486Z ##[group]Checking docker version
2026-10-09T14:21:28.4750622Z ##[command]/usr/bin/docker version --format '{{.Server.APIVersion}}'
2026-10-09T14:21:28.5547751Z '1.48'
2026-10-09T14:21:28.5559437Z Docker daemon API version: '1.48'
2026-10-09T14:21:28.5560073Z ##[command]/usr/bin/docker version --format '{{.Client.APIVersion}}'
2026-10-09T14:21:28.5706451Z '1.48'
2026-10-09T14:21:28.5712906Z Docker client API version: '1.48'
2026-10-09T14:21:28.5717201Z ##[endgroup]
2026-10-09T14:21:28.5718789Z ##[group]Clean up resources from previous jobs
2026-10-09T14:21:28.5722437Z ##[command]/usr/bin/docker ps --all --quiet --no-trunc --filter "label=daf4c6"
2026-10-09T14:21:28.5840682Z ##[command]/usr/bin/docker network prune --force --filter "label=daf4c6"
2026-10-09T14:21:28.5937327Z ##[endgroup]
2026-10-09T14:21:28.5937825Z ##[group]Create local container network
2026-10-09T14:21:28.5945175Z ##[command]/usr/bin/docker network create --label daf4c6 github_network_2a176ceee3b8478dbff37daddeaad6a2
2026-10-09T14:21:28.6289325Z f83683e168f5306a37640b94611061426cecf344c9041f5228e51e48c599bd36
2026-10-09T14:21:28.6300556Z ##[endgroup]
2026-10-09T14:21:28.6324355Z ##[group]Starting postgres service container
2026-10-09T14:21:28.6340861Z ##[command]/usr/bin/docker pull postgres:16-alpine
2026-10-09T14:21:29.2385794Z 16-alpine: Pulling from library/postgres
2026-10-09T14:21:29.4048990Z e2de96513ba9: Already exists
2026-10-09T14:21:29.4084430Z 1b7f9cd581ee: Pulling fs layer
2026-10-09T14:21:29.4085762Z 210b280f9556: Pulling fs layer
2026-10-09T14:21:29.4086904Z 81717818649a: Pulling fs layer
2026-10-09T14:21:29.4087819Z 3ae6141cfd99: Pulling fs layer
2026-10-09T14:21:29.4088671Z 25b77f59fd95: Pulling fs layer
2026-10-09T14:21:29.4089401Z 6c25da34e03f: Pulling fs layer
2026-10-09T14:21:29.4090121Z a88782f92806: Pulling fs layer
2026-10-09T14:21:29.4090801Z d8d21be4bf02: Pulling fs layer
2026-10-09T14:21:29.4091795Z 6117bd39f23f: Pulling fs layer
2026-10-09T14:21:29.4092564Z 509688edf37b: Pulling fs layer
2026-10-09T14:21:29.4093260Z 3ae6141cfd99: Waiting
2026-10-09T14:21:29.4093880Z 25b77f59fd95: Waiting
2026-10-09T14:21:29.4094830Z 6c25da34e03f: Waiting
2026-10-09T14:21:29.4095684Z a88782f92806: Waiting
2026-10-09T14:21:29.4096321Z d8d21be4bf02: Waiting
2026-10-09T14:21:29.4096966Z 509688edf37b: Waiting
2026-10-09T14:21:29.4097602Z 6117bd39f23f: Waiting
2026-10-09T14:21:29.5437068Z 81717818649a: Verifying Checksum
2026-10-09T14:21:29.5503610Z 81717818649a: Download complete
2026-10-09T14:21:29.5505077Z 1b7f9cd581ee: Verifying Checksum
2026-10-09T14:21:29.6185229Z 210b280f9556: Verifying Checksum
2026-10-09T14:21:29.6186998Z 210b280f9556: Download complete
2026-10-09T14:21:29.6400327Z 1b7f9cd581ee: Pull complete
2026-10-09T14:21:29.7072714Z 3ae6141cfd99: Verifying Checksum
2026-10-09T14:21:29.7074437Z 3ae6141cfd99: Download complete
2026-10-09T14:21:29.7116527Z 210b280f9556: Pull complete
2026-10-09T14:21:29.7226647Z 81717818649a: Pull complete
2026-10-09T14:21:29.7306590Z 3ae6141cfd99: Pull complete
2026-10-09T14:21:29.7801154Z 6c25da34e03f: Download complete
2026-10-09T14:21:29.8647322Z a88782f92806: Verifying Checksum
2026-10-09T14:21:29.8650576Z a88782f92806: Download complete
2026-10-09T14:21:29.9242152Z d8d21be4bf02: Verifying Checksum
2026-10-09T14:21:29.9243087Z d8d21be4bf02: Download complete
2026-10-09T14:21:29.9950711Z 6117bd39f23f: Verifying Checksum
2026-10-09T14:21:29.9951992Z 6117bd39f23f: Download complete
2026-10-09T14:21:30.0541475Z 25b77f59fd95: Verifying Checksum
2026-10-09T14:21:30.0542736Z 25b77f59fd95: Download complete
2026-10-09T14:21:30.0888347Z 509688edf37b: Verifying Checksum
2026-10-09T14:21:30.0888816Z 509688edf37b: Download complete
2026-10-09T14:21:32.9862274Z 25b77f59fd95: Pull complete
2026-10-09T14:21:32.9988479Z 6c25da34e03f: Pull complete
2026-10-09T14:21:33.0245156Z a88782f92806: Pull complete
2026-10-09T14:21:33.0352007Z d8d21be4bf02: Pull complete
2026-10-09T14:21:33.0456916Z 6117bd39f23f: Pull complete
2026-10-09T14:21:33.0555215Z 509688edf37b: Pull complete
2026-10-09T14:21:33.0600067Z Digest: sha256:721873c34ceb9f8d8fc265984940dc982404c105f19ad51be9fdc5970a6080ea
2026-10-09T14:21:33.0624513Z Status: Downloaded newer image for postgres:16-alpine
2026-10-09T14:21:33.0633575Z docker.io/library/postgres:16-alpine
2026-10-09T14:21:33.0676511Z ##[command]/usr/bin/docker create --name 4f81437bb8e648bf944e90329649a787_postgres16alpine_e6137e --label daf4c6 --network github_network_2a176ceee3b8478dbff37daddeaad6a2 --network-alias postgres -p 5432:5432 --health-cmd "pg_isready -U ci -d novel_ci" --health-interval 5s --health-timeout 5s --health-retries 12 -e "POSTGRES_USER=ci" -e "POSTGRES_PASSWORD=ci-ephemeral-only" -e "POSTGRES_DB=novel_ci" -e GITHUB_ACTIONS=true -e CI=true postgres:16-alpine
2026-10-09T14:21:33.0924242Z abc14b940a9e0d1d47816e11ac23339f79fee148bc2d6ce0257ba2273c0bd022
2026-10-09T14:21:33.0938057Z ##[command]/usr/bin/docker start abc14b940a9e0d1d47816e11ac23339f79fee148bc2d6ce0257ba2273c0bd022
2026-10-09T14:21:33.3795144Z abc14b940a9e0d1d47816e11ac23339f79fee148bc2d6ce0257ba2273c0bd022
2026-10-09T14:21:33.3807373Z ##[command]/usr/bin/docker ps --all --filter id=abc14b940a9e0d1d47816e11ac23339f79fee148bc2d6ce0257ba2273c0bd022 --filter status=running --no-trunc --format "{{.ID}} {{.Status}}"
2026-10-09T14:21:33.3915205Z abc14b940a9e0d1d47816e11ac23339f79fee148bc2d6ce0257ba2273c0bd022 Up Less than a second (health: starting)
2026-10-09T14:21:33.3928307Z ##[command]/usr/bin/docker port abc14b940a9e0d1d47816e11ac23339f79fee148bc2d6ce0257ba2273c0bd022
2026-10-09T14:21:33.4030414Z 5432/tcp -> 0.0.0.0:5432
2026-10-09T14:21:33.4030718Z 5432/tcp -> [::]:5432
2026-10-09T14:21:33.4060331Z ##[endgroup]
2026-10-09T14:21:33.4067180Z ##[group]Waiting for all services to be ready
2026-10-09T14:21:33.4077404Z ##[command]/usr/bin/docker inspect --format="{{if .Config.Healthcheck}}{{print .State.Health.Status}}{{end}}" abc14b940a9e0d1d47816e11ac23339f79fee148bc2d6ce0257ba2273c0bd022
2026-10-09T14:21:33.4175101Z starting
2026-10-09T14:21:33.4187775Z postgres service is starting, waiting 2 seconds before checking again.
2026-10-09T14:21:35.4198319Z ##[command]/usr/bin/docker inspect --format="{{if .Config.Healthcheck}}{{print .State.Health.Status}}{{end}}" abc14b940a9e0d1d47816e11ac23339f79fee148bc2d6ce0257ba2273c0bd022
2026-10-09T14:21:35.4313351Z starting
2026-10-09T14:21:35.4320940Z postgres service is starting, waiting 4 seconds before checking again.
2026-10-09T14:21:39.6985117Z ##[command]/usr/bin/docker inspect --format="{{if .Config.Healthcheck}}{{print .State.Health.Status}}{{end}}" abc14b940a9e0d1d47816e11ac23339f79fee148bc2d6ce0257ba2273c0bd022
2026-10-09T14:21:39.7113644Z healthy
2026-10-09T14:21:39.7124671Z postgres service is healthy.
2026-10-09T14:21:39.7125432Z ##[endgroup]
2026-10-09T14:21:39.7367423Z ##[group]Run actions/checkout@v4.2.2
2026-10-09T14:21:39.7367968Z with:
2026-10-09T14:21:39.7368236Z   persist-credentials: false
2026-10-09T14:21:39.7368631Z   repository: 1785235376-blip/AI-Novel-Studio
2026-10-09T14:21:39.7370723Z   token: ***
2026-10-09T14:21:39.7370960Z   ssh-strict: true
2026-10-09T14:21:39.7371288Z   ssh-user: git
2026-10-09T14:21:39.7371540Z   clean: true
2026-10-09T14:21:39.7371824Z   sparse-checkout-cone-mode: true
2026-10-09T14:21:39.7372176Z   fetch-depth: 1
2026-10-09T14:21:39.7372415Z   fetch-tags: false
2026-10-09T14:21:39.7372697Z   show-progress: true
2026-10-09T14:21:39.7372954Z   lfs: false
2026-10-09T14:21:39.7373237Z   submodules: false
2026-10-09T14:21:39.7373506Z   set-safe-directory: true
2026-10-09T14:21:39.7373880Z env:
2026-10-09T14:21:39.7374411Z   MOCK_PROVIDER: true
2026-10-09T14:21:39.7374685Z   MOCK_STREAM_DELAY_MS: 0
2026-10-09T14:21:39.7374966Z   ENABLE_CLOUD: false
2026-10-09T14:21:39.7375309Z   CREDENTIAL_VAULT_BACKEND: memory
2026-10-09T14:21:39.7375680Z   CREDENTIAL_VAULT_ALLOW_MEMORY_FALLBACK: true
2026-10-09T14:21:39.7376071Z   PYTHONDONTWRITEBYTECODE: 1
2026-10-09T14:21:39.7376376Z   HF_HUB_OFFLINE: 1
2026-10-09T14:21:39.7376648Z   TRANSFORMERS_OFFLINE: 1
2026-10-09T14:21:39.7376913Z ##[endgroup]
2026-10-09T14:21:39.8228119Z Syncing repository: 1785235376-blip/AI-Novel-Studio
2026-10-09T14:21:39.8229975Z ##[group]Getting Git version info
2026-10-09T14:21:39.8230533Z Working directory is '/home/runner/work/AI-Novel-Studio/AI-Novel-Studio'
2026-10-09T14:21:39.8231295Z [command]/usr/bin/git version
2026-10-09T14:21:39.8301850Z git version 2.55.0
2026-10-09T14:21:39.8317335Z ##[endgroup]
2026-10-09T14:21:39.8329443Z Temporarily overriding HOME='/home/runner/work/_temp/f5dc6fb4-7f5e-4bc6-8089-f4f88caefe9f' before making global git config changes
2026-10-09T14:21:39.8330575Z Adding repository directory to the temporary git global config as a safe directory
2026-10-09T14:21:39.8335308Z [command]/usr/bin/git config --global --add safe.directory /home/runner/work/AI-Novel-Studio/AI-Novel-Studio
2026-10-09T14:21:39.8375838Z Deleting the contents of '/home/runner/work/AI-Novel-Studio/AI-Novel-Studio'
2026-10-09T14:21:39.8379864Z ##[group]Initializing the repository
2026-10-09T14:21:39.8383798Z [command]/usr/bin/git init /home/runner/work/AI-Novel-Studio/AI-Novel-Studio
2026-10-09T14:21:39.8472620Z hint: Using 'master' as the name for the initial branch. This default branch name
2026-10-09T14:21:39.8473595Z hint: will change to "main" in Git 3.0. To configure the initial branch name
2026-10-09T14:21:39.8474657Z hint: to use in all of your new repositories, which will suppress this warning,
2026-10-09T14:21:39.8475184Z hint: call:
2026-10-09T14:21:39.8475458Z hint:
2026-10-09T14:21:39.8475948Z hint: 	git config --global init.defaultBranch <name>
2026-10-09T14:21:39.8476420Z hint:
2026-10-09T14:21:39.8476855Z hint: Names commonly chosen instead of 'master' are 'main', 'trunk' and
2026-10-09T14:21:39.8477579Z hint: 'development'. The just-created branch can be renamed via this command:
2026-10-09T14:21:39.8478087Z hint:
2026-10-09T14:21:39.8478476Z hint: 	git branch -m <name>
2026-10-09T14:21:39.8478841Z hint:
2026-10-09T14:21:39.8479517Z hint: Disable this message with "git config set advice.defaultBranchName false"
2026-10-09T14:21:39.8480494Z Initialized empty Git repository in /home/runner/work/AI-Novel-Studio/AI-Novel-Studio/.git/
2026-10-09T14:21:39.8485807Z [command]/usr/bin/git remote add origin https://github.com/1785235376-blip/AI-Novel-Studio
2026-10-09T14:21:39.8532358Z ##[endgroup]
2026-10-09T14:21:39.8533241Z ##[group]Disabling automatic garbage collection
2026-10-09T14:21:39.8540978Z [command]/usr/bin/git config --local gc.auto 0
2026-10-09T14:21:39.8567148Z ##[endgroup]
2026-10-09T14:21:39.8567710Z ##[group]Setting up auth
2026-10-09T14:21:39.8578315Z [command]/usr/bin/git config --local --name-only --get-regexp core\.sshCommand
2026-10-09T14:21:39.8626207Z [command]/usr/bin/git submodule foreach --recursive sh -c "git config --local --name-only --get-regexp 'core\.sshCommand' && git config --local --unset-all 'core.sshCommand' || :"
2026-10-09T14:21:39.8892398Z [command]/usr/bin/git config --local --name-only --get-regexp http\.https\:\/\/github\.com\/\.extraheader
2026-10-09T14:21:39.8917331Z [command]/usr/bin/git submodule foreach --recursive sh -c "git config --local --name-only --get-regexp 'http\.https\:\/\/github\.com\/\.extraheader' && git config --local --unset-all 'http.https://github.com/.extraheader' || :"
2026-10-09T14:21:39.9080313Z [command]/usr/bin/git config --local http.https://github.com/.extraheader AUTHORIZATION: basic ***
2026-10-09T14:21:39.9118149Z ##[endgroup]
2026-10-09T14:21:39.9118720Z ##[group]Fetching the repository
2026-10-09T14:21:39.9125761Z [command]/usr/bin/git -c protocol.version=2 fetch --no-tags --prune --no-recurse-submodules --depth=1 origin +7f0d911549b04e8dbb7cf078316ad74c42095449:refs/remotes/pull/47/merge
2026-10-09T14:21:43.7872510Z From https://github.com/1785235376-blip/AI-Novel-Studio
2026-10-09T14:21:43.7873274Z  * [new ref]         7f0d911549b04e8dbb7cf078316ad74c42095449 -> pull/47/merge
2026-10-09T14:21:43.7876995Z ##[endgroup]
2026-10-09T14:21:43.7877515Z ##[group]Determining the checkout info
2026-10-09T14:21:43.7881450Z ##[endgroup]
2026-10-09T14:21:43.7886175Z [command]/usr/bin/git sparse-checkout disable
2026-10-09T14:21:43.7940662Z [command]/usr/bin/git config --local --unset-all extensions.worktreeConfig
2026-10-09T14:21:43.7967226Z ##[group]Checking out the ref
2026-10-09T14:21:43.7970512Z [command]/usr/bin/git checkout --progress --force refs/remotes/pull/47/merge
2026-10-09T14:21:44.2083321Z Note: switching to 'refs/remotes/pull/47/merge'.
2026-10-09T14:21:44.2083745Z 
2026-10-09T14:21:44.2083984Z You are in 'detached HEAD' state. You can look around, make experimental
2026-10-09T14:21:44.2084815Z changes and commit them, and you can discard any commits you make in this
2026-10-09T14:21:44.2085311Z state without impacting any branches by switching back to a branch.
2026-10-09T14:21:44.2085591Z 
2026-10-09T14:21:44.2085832Z If you want to create a new branch to retain commits you create, you may
2026-10-09T14:21:44.2086301Z do so (now or later) by using -c with the switch command. Example:
2026-10-09T14:21:44.2086579Z 
2026-10-09T14:21:44.2086705Z   git switch -c <new-branch-name>
2026-10-09T14:21:44.2086899Z 
2026-10-09T14:21:44.2087029Z Or undo this operation with:
2026-10-09T14:21:44.2087195Z 
2026-10-09T14:21:44.2087303Z   git switch -
2026-10-09T14:21:44.2087431Z 
2026-10-09T14:21:44.2087626Z Turn off this advice by setting config variable advice.detachedHead to false
2026-10-09T14:21:44.2087833Z 
2026-10-09T14:21:44.2088146Z HEAD is now at 7f0d911 Merge 99c43b6892038233c390be2ae61acb669163d0b5 into fed2404c8e30b44061b7139dced45b7f3301601c
2026-10-09T14:21:44.2104649Z ##[endgroup]
2026-10-09T14:21:44.2141875Z [command]/usr/bin/git log -1 --format=%H
2026-10-09T14:21:44.2161382Z 7f0d911549b04e8dbb7cf078316ad74c42095449
2026-10-09T14:21:44.2167207Z ##[group]Removing auth
2026-10-09T14:21:44.2170478Z [command]/usr/bin/git config --local --name-only --get-regexp core\.sshCommand
2026-10-09T14:21:44.2191940Z [command]/usr/bin/git submodule foreach --recursive sh -c "git config --local --name-only --get-regexp 'core\.sshCommand' && git config --local --unset-all 'core.sshCommand' || :"
2026-10-09T14:21:44.2343815Z [command]/usr/bin/git config --local --name-only --get-regexp http\.https\:\/\/github\.com\/\.extraheader
2026-10-09T14:21:44.2363448Z http.https://github.com/.extraheader
2026-10-09T14:21:44.2368103Z [command]/usr/bin/git config --local --unset-all http.https://github.com/.extraheader
2026-10-09T14:21:44.2391504Z [command]/usr/bin/git submodule foreach --recursive sh -c "git config --local --name-only --get-regexp 'http\.https\:\/\/github\.com\/\.extraheader' && git config --local --unset-all 'http.https://github.com/.extraheader' || :"
2026-10-09T14:21:44.2532802Z ##[endgroup]
2026-10-09T14:21:44.2709507Z ##[group]Run actions/setup-python@v5.6.0
2026-10-09T14:21:44.2709818Z with:
2026-10-09T14:21:44.2710047Z   python-version: 3.12.9
2026-10-09T14:21:44.2710282Z   check-latest: false
2026-10-09T14:21:44.2712074Z   token: ***
2026-10-09T14:21:44.2712276Z   update-environment: true
2026-10-09T14:21:44.2712548Z   allow-prereleases: false
2026-10-09T14:21:44.2712799Z   freethreaded: false
2026-10-09T14:21:44.2713001Z env:
2026-10-09T14:21:44.2713210Z   MOCK_PROVIDER: true
2026-10-09T14:21:44.2713426Z   MOCK_STREAM_DELAY_MS: 0
2026-10-09T14:21:44.2713657Z   ENABLE_CLOUD: false
2026-10-09T14:21:44.2713923Z   CREDENTIAL_VAULT_BACKEND: memory
2026-10-09T14:21:44.2714369Z   CREDENTIAL_VAULT_ALLOW_MEMORY_FALLBACK: true
2026-10-09T14:21:44.2714655Z   PYTHONDONTWRITEBYTECODE: 1
2026-10-09T14:21:44.2714890Z   HF_HUB_OFFLINE: 1
2026-10-09T14:21:44.2715117Z   TRANSFORMERS_OFFLINE: 1
2026-10-09T14:21:44.2715359Z ##[endgroup]
2026-10-09T14:21:44.3677846Z ##[group]Installed versions
2026-10-09T14:21:44.3692792Z Version 3.12.9 was not found in the local cache
2026-10-09T14:21:44.3782906Z (node:2536) [DEP0040] DeprecationWarning: The `punycode` module is deprecated. Please use a userland alternative instead.
2026-10-09T14:21:44.3783620Z (Use `node --trace-deprecation ...` to show where the warning was created)
2026-10-09T14:21:45.3420410Z Version 3.12.9 is available for downloading
2026-10-09T14:21:45.3422031Z Download from "https://github.com/actions/python-versions/releases/download/3.12.9-13149478207/python-3.12.9-linux-24.04-x64.tar.gz"
2026-10-09T14:21:46.0720994Z Extract downloaded archive
2026-10-09T14:21:46.0815357Z [command]/usr/bin/tar xz --warning=no-unknown-keyword --overwrite -C /home/runner/work/_temp/9767cd2d-3aa3-43a6-9aee-7e2e5bb7c2be -f /home/runner/work/_temp/e714438c-364b-4246-8c7d-e8d602052848
2026-10-09T14:21:47.8070785Z Execute installation script
2026-10-09T14:21:47.8142838Z Check if Python hostedtoolcache folder exist...
2026-10-09T14:21:47.8143527Z Create Python 3.12.9 folder
2026-10-09T14:21:47.8151363Z Copy Python binaries to hostedtoolcache folder
2026-10-09T14:21:48.0339122Z Create additional symlinks (Required for the UsePythonVersion Azure Pipelines task and the setup-python GitHub Action)
2026-10-09T14:21:48.0367878Z Upgrading pip...
2026-10-09T14:21:49.9398056Z Looking in links: /tmp/tmpyqmepaug
2026-10-09T14:21:49.9399690Z Requirement already satisfied: pip in /opt/hostedtoolcache/Python/3.12.9/x64/lib/python3.12/site-packages (24.3.1)
2026-10-09T14:21:51.5037223Z Collecting pip
2026-10-09T14:21:51.5570672Z Downloading pip-26.2.1-py3-none-any.whl.metadata (4.6 kB)
2026-10-09T14:21:51.5703613Z Downloading pip-26.2.1-py3-none-any.whl (1.8 MB)
2026-10-09T14:21:51.6554190Z ━━━━━━━━━━━━━━━━━━━━━━━━━━━━━━━━━━━━━━━━ 1.8/1.8 MB 27.8 MB/s eta 0:00:00
2026-10-09T14:21:51.6554638Z 
2026-10-09T14:21:51.6700780Z Installing collected packages: pip
2026-10-09T14:21:51.6701123Z Attempting uninstall: pip
2026-10-09T14:21:51.6712618Z Found existing installation: pip 24.3.1
2026-10-09T14:21:51.6875546Z Uninstalling pip-24.3.1:
2026-10-09T14:21:51.6905241Z Successfully uninstalled pip-24.3.1
2026-10-09T14:21:52.2141027Z Successfully installed pip-26.2.1
2026-10-09T14:21:52.2670803Z Create complete file
2026-10-09T14:21:52.2699956Z Successfully set up CPython (3.12.9)
2026-10-09T14:21:52.2701419Z ##[endgroup]
2026-10-09T14:21:52.2834498Z ##[group]Run bash .github/ci/prepare.sh backend-postgres-shard-0
2026-10-09T14:21:52.2835042Z [36;1mbash .github/ci/prepare.sh backend-postgres-shard-0[0m
2026-10-09T14:21:52.2961407Z shell: /usr/bin/bash -e {0}
2026-10-09T14:21:52.2961736Z env:
2026-10-09T14:21:52.2961963Z   MOCK_PROVIDER: true
2026-10-09T14:21:52.2962180Z   MOCK_STREAM_DELAY_MS: 0
2026-10-09T14:21:52.2962411Z   ENABLE_CLOUD: false
2026-10-09T14:21:52.2962624Z   CREDENTIAL_VAULT_BACKEND: memory
2026-10-09T14:21:52.2962878Z   CREDENTIAL_VAULT_ALLOW_MEMORY_FALLBACK: true
2026-10-09T14:21:52.2963181Z   PYTHONDONTWRITEBYTECODE: 1
2026-10-09T14:21:52.2963406Z   HF_HUB_OFFLINE: 1
2026-10-09T14:21:52.2963614Z   TRANSFORMERS_OFFLINE: 1
2026-10-09T14:21:52.2963888Z   pythonLocation: /opt/hostedtoolcache/Python/3.12.9/x64
2026-10-09T14:21:52.2964436Z   PKG_CONFIG_PATH: /opt/hostedtoolcache/Python/3.12.9/x64/lib/pkgconfig
2026-10-09T14:21:52.2964823Z   Python_ROOT_DIR: /opt/hostedtoolcache/Python/3.12.9/x64
2026-10-09T14:21:52.2965224Z   Python2_ROOT_DIR: /opt/hostedtoolcache/Python/3.12.9/x64
2026-10-09T14:21:52.2965550Z   Python3_ROOT_DIR: /opt/hostedtoolcache/Python/3.12.9/x64
2026-10-09T14:21:52.2965862Z   LD_LIBRARY_PATH: /opt/hostedtoolcache/Python/3.12.9/x64/lib
2026-10-09T14:21:52.2966125Z ##[endgroup]
2026-10-09T14:21:52.7673051Z ##[group]Run runtime="$CI_PROJECT/.runtime/ci-backend"
2026-10-09T14:21:52.7673475Z [36;1mruntime="$CI_PROJECT/.runtime/ci-backend"[0m
2026-10-09T14:21:52.7673852Z [36;1mmkdir -p "$runtime"/{home,config,cache,data,state,tmp,appdata,localappdata}[0m
2026-10-09T14:21:52.7674403Z [36;1m{[0m
2026-10-09T14:21:52.7674676Z [36;1m  echo "CI_V2_RUNTIME=$runtime"[0m
2026-10-09T14:21:52.7674936Z [36;1m  echo "HOME=$runtime/home"[0m
2026-10-09T14:21:52.7675210Z [36;1m  echo "USERPROFILE=$runtime/home"[0m
2026-10-09T14:21:52.7675488Z [36;1m  echo "APPDATA=$runtime/appdata"[0m
2026-10-09T14:21:52.7675838Z [36;1m  echo "LOCALAPPDATA=$runtime/localappdata"[0m
2026-10-09T14:21:52.7676136Z [36;1m  echo "XDG_CONFIG_HOME=$runtime/config"[0m
2026-10-09T14:21:52.7676413Z [36;1m  echo "XDG_CACHE_HOME=$runtime/cache"[0m
2026-10-09T14:21:52.7676697Z [36;1m  echo "XDG_DATA_HOME=$runtime/data"[0m
2026-10-09T14:21:52.7676971Z [36;1m  echo "XDG_STATE_HOME=$runtime/state"[0m
2026-10-09T14:21:52.7677353Z [36;1m  echo "TMPDIR=$runtime/tmp"[0m
2026-10-09T14:21:52.7677609Z [36;1m  echo "TMP=$runtime/tmp"[0m
2026-10-09T14:21:52.7677870Z [36;1m  echo "TEMP=$runtime/tmp"[0m
2026-10-09T14:21:52.7678141Z [36;1m  echo "NOVEL_DATA_PATH=$runtime/data/novels"[0m
2026-10-09T14:21:52.7678474Z [36;1m  echo "BACKUP_PATH=$runtime/data/backups"[0m
2026-10-09T14:21:52.7678804Z [36;1m  echo "DATABASE_BACKUP_PATH=$runtime/data/database-backups"[0m
2026-10-09T14:21:52.7679150Z [36;1m  echo "KNOWLEDGE_SOURCE_PATH=$runtime/data/novels"[0m
2026-10-09T14:21:52.7679445Z [36;1m} >> "$GITHUB_ENV"[0m
2026-10-09T14:21:52.7715033Z shell: /usr/bin/bash -e {0}
2026-10-09T14:21:52.7715340Z env:
2026-10-09T14:21:52.7715577Z   MOCK_PROVIDER: true
2026-10-09T14:21:52.7715821Z   MOCK_STREAM_DELAY_MS: 0
2026-10-09T14:21:52.7716050Z   ENABLE_CLOUD: false
2026-10-09T14:21:52.7716328Z   CREDENTIAL_VAULT_BACKEND: memory
2026-10-09T14:21:52.7716607Z   CREDENTIAL_VAULT_ALLOW_MEMORY_FALLBACK: true
2026-10-09T14:21:52.7716905Z   PYTHONDONTWRITEBYTECODE: 1
2026-10-09T14:21:52.7717158Z   HF_HUB_OFFLINE: 1
2026-10-09T14:21:52.7717379Z   TRANSFORMERS_OFFLINE: 1
2026-10-09T14:21:52.7717656Z   pythonLocation: /opt/hostedtoolcache/Python/3.12.9/x64
2026-10-09T14:21:52.7718031Z   PKG_CONFIG_PATH: /opt/hostedtoolcache/Python/3.12.9/x64/lib/pkgconfig
2026-10-09T14:21:52.7718370Z   Python_ROOT_DIR: /opt/hostedtoolcache/Python/3.12.9/x64
2026-10-09T14:21:52.7718733Z   Python2_ROOT_DIR: /opt/hostedtoolcache/Python/3.12.9/x64
2026-10-09T14:21:52.7719077Z   Python3_ROOT_DIR: /opt/hostedtoolcache/Python/3.12.9/x64
2026-10-09T14:21:52.7719387Z   LD_LIBRARY_PATH: /opt/hostedtoolcache/Python/3.12.9/x64/lib
2026-10-09T14:21:52.7719868Z   CI_COVERAGE_SHA: 7f0d911549b04e8dbb7cf078316ad74c42095449
2026-10-09T14:21:52.7720189Z   CI_COVERAGE_TREE: 69d69ffe71838263069d164a0a07b39b5f4a4333
2026-10-09T14:21:52.7720905Z   CI_SANDBOX: /home/runner/work/_temp/novel-ci-backend-postgres-shard-0.1iVI8X
2026-10-09T14:21:52.7721401Z   CI_PROJECT: /home/runner/work/_temp/novel-ci-backend-postgres-shard-0.1iVI8X/project
2026-10-09T14:21:52.7721866Z   CI_RECEIPTS: /home/runner/work/_temp/novel-ci-backend-postgres-shard-0.1iVI8X/receipts
2026-10-09T14:21:52.7722330Z   HOME: /home/runner/work/_temp/novel-ci-backend-postgres-shard-0.1iVI8X/home
2026-10-09T14:21:52.7722790Z   USERPROFILE: /home/runner/work/_temp/novel-ci-backend-postgres-shard-0.1iVI8X/home
2026-10-09T14:21:52.7723237Z   APPDATA: /home/runner/work/_temp/novel-ci-backend-postgres-shard-0.1iVI8X/appdata
2026-10-09T14:21:52.7723720Z   LOCALAPPDATA: /home/runner/work/_temp/novel-ci-backend-postgres-shard-0.1iVI8X/localappdata
2026-10-09T14:21:52.7724380Z   XDG_CONFIG_HOME: /home/runner/work/_temp/novel-ci-backend-postgres-shard-0.1iVI8X/config
2026-10-09T14:21:52.7724879Z   XDG_CACHE_HOME: /home/runner/work/_temp/novel-ci-backend-postgres-shard-0.1iVI8X/cache
2026-10-09T14:21:52.7725317Z   XDG_DATA_HOME: /home/runner/work/_temp/novel-ci-backend-postgres-shard-0.1iVI8X/data
2026-10-09T14:21:52.7725869Z   XDG_STATE_HOME: /home/runner/work/_temp/novel-ci-backend-postgres-shard-0.1iVI8X/state
2026-10-09T14:21:52.7726331Z   TMPDIR: /home/runner/work/_temp/novel-ci-backend-postgres-shard-0.1iVI8X/tmp
2026-10-09T14:21:52.7726738Z   TMP: /home/runner/work/_temp/novel-ci-backend-postgres-shard-0.1iVI8X/tmp
2026-10-09T14:21:52.7727205Z   TEMP: /home/runner/work/_temp/novel-ci-backend-postgres-shard-0.1iVI8X/tmp
2026-10-09T14:21:52.7727657Z   PROJECT_ROOT: /home/runner/work/_temp/novel-ci-backend-postgres-shard-0.1iVI8X/project
2026-10-09T14:21:52.7728121Z   NOVEL_DATA_PATH: /home/runner/work/_temp/novel-ci-backend-postgres-shard-0.1iVI8X/data/novels
2026-10-09T14:21:52.7728627Z   BACKUP_PATH: /home/runner/work/_temp/novel-ci-backend-postgres-shard-0.1iVI8X/data/backups
2026-10-09T14:21:52.7729146Z   DATABASE_BACKUP_PATH: /home/runner/work/_temp/novel-ci-backend-postgres-shard-0.1iVI8X/data/database-backups
2026-10-09T14:21:52.7729685Z   KNOWLEDGE_SOURCE_PATH: /home/runner/work/_temp/novel-ci-backend-postgres-shard-0.1iVI8X/data/novels
2026-10-09T14:21:52.7730066Z ##[endgroup]
2026-10-09T14:21:52.7827175Z ##[group]Run python -m pip install -c .github/ci/python-constraints.txt -e '.[dev,fontbuild,otio,comic]'
2026-10-09T14:21:52.7827745Z [36;1mpython -m pip install -c .github/ci/python-constraints.txt -e '.[dev,fontbuild,otio,comic]'[0m
2026-10-09T14:21:52.7828146Z [36;1mpython -m pip check[0m
2026-10-09T14:21:52.7828469Z [36;1mpython -m pip freeze --exclude-editable > "$CI_RECEIPTS/python-packages.txt"[0m
2026-10-09T14:21:52.7855893Z shell: /usr/bin/bash -e {0}
2026-10-09T14:21:52.7856222Z env:
2026-10-09T14:21:52.7856482Z   MOCK_PROVIDER: true
2026-10-09T14:21:52.7856715Z   MOCK_STREAM_DELAY_MS: 0
2026-10-09T14:21:52.7856969Z   ENABLE_CLOUD: false
2026-10-09T14:21:52.7857197Z   CREDENTIAL_VAULT_BACKEND: memory
2026-10-09T14:21:52.7857482Z   CREDENTIAL_VAULT_ALLOW_MEMORY_FALLBACK: true
2026-10-09T14:21:52.7857802Z   PYTHONDONTWRITEBYTECODE: 1
2026-10-09T14:21:52.7858038Z   HF_HUB_OFFLINE: 1
2026-10-09T14:21:52.7858281Z   TRANSFORMERS_OFFLINE: 1
2026-10-09T14:21:52.7858643Z   pythonLocation: /opt/hostedtoolcache/Python/3.12.9/x64
2026-10-09T14:21:52.7859022Z   PKG_CONFIG_PATH: /opt/hostedtoolcache/Python/3.12.9/x64/lib/pkgconfig
2026-10-09T14:21:52.7859371Z   Python_ROOT_DIR: /opt/hostedtoolcache/Python/3.12.9/x64
2026-10-09T14:21:52.7859707Z   Python2_ROOT_DIR: /opt/hostedtoolcache/Python/3.12.9/x64
2026-10-09T14:21:52.7860033Z   Python3_ROOT_DIR: /opt/hostedtoolcache/Python/3.12.9/x64
2026-10-09T14:21:52.7860341Z   LD_LIBRARY_PATH: /opt/hostedtoolcache/Python/3.12.9/x64/lib
2026-10-09T14:21:52.7860706Z   CI_COVERAGE_SHA: 7f0d911549b04e8dbb7cf078316ad74c42095449
2026-10-09T14:21:52.7861052Z   CI_COVERAGE_TREE: 69d69ffe71838263069d164a0a07b39b5f4a4333
2026-10-09T14:21:52.7861580Z   CI_SANDBOX: /home/runner/work/_temp/novel-ci-backend-postgres-shard-0.1iVI8X
2026-10-09T14:21:52.7862017Z   CI_PROJECT: /home/runner/work/_temp/novel-ci-backend-postgres-shard-0.1iVI8X/project
2026-10-09T14:21:52.7862457Z   CI_RECEIPTS: /home/runner/work/_temp/novel-ci-backend-postgres-shard-0.1iVI8X/receipts
2026-10-09T14:21:52.7863019Z   HOME: /home/runner/work/_temp/novel-ci-backend-postgres-shard-0.1iVI8X/project/.runtime/ci-backend/home
2026-10-09T14:21:52.7863569Z   USERPROFILE: /home/runner/work/_temp/novel-ci-backend-postgres-shard-0.1iVI8X/project/.runtime/ci-backend/home
2026-10-09T14:21:52.7864315Z   APPDATA: /home/runner/work/_temp/novel-ci-backend-postgres-shard-0.1iVI8X/project/.runtime/ci-backend/appdata
2026-10-09T14:21:52.7864904Z   LOCALAPPDATA: /home/runner/work/_temp/novel-ci-backend-postgres-shard-0.1iVI8X/project/.runtime/ci-backend/localappdata
2026-10-09T14:21:52.7865500Z   XDG_CONFIG_HOME: /home/runner/work/_temp/novel-ci-backend-postgres-shard-0.1iVI8X/project/.runtime/ci-backend/config
2026-10-09T14:21:52.7866121Z   XDG_CACHE_HOME: /home/runner/work/_temp/novel-ci-backend-postgres-shard-0.1iVI8X/project/.runtime/ci-backend/cache
2026-10-09T14:21:52.7866688Z   XDG_DATA_HOME: /home/runner/work/_temp/novel-ci-backend-postgres-shard-0.1iVI8X/project/.runtime/ci-backend/data
2026-10-09T14:21:52.7867326Z   XDG_STATE_HOME: /home/runner/work/_temp/novel-ci-backend-postgres-shard-0.1iVI8X/project/.runtime/ci-backend/state
2026-10-09T14:21:52.7867883Z   TMPDIR: /home/runner/work/_temp/novel-ci-backend-postgres-shard-0.1iVI8X/project/.runtime/ci-backend/tmp
2026-10-09T14:21:52.7868418Z   TMP: /home/runner/work/_temp/novel-ci-backend-postgres-shard-0.1iVI8X/project/.runtime/ci-backend/tmp
2026-10-09T14:21:52.7869008Z   TEMP: /home/runner/work/_temp/novel-ci-backend-postgres-shard-0.1iVI8X/project/.runtime/ci-backend/tmp
2026-10-09T14:21:52.7869497Z   PROJECT_ROOT: /home/runner/work/_temp/novel-ci-backend-postgres-shard-0.1iVI8X/project
2026-10-09T14:21:52.7870064Z   NOVEL_DATA_PATH: /home/runner/work/_temp/novel-ci-backend-postgres-shard-0.1iVI8X/project/.runtime/ci-backend/data/novels
2026-10-09T14:21:52.7870657Z   BACKUP_PATH: /home/runner/work/_temp/novel-ci-backend-postgres-shard-0.1iVI8X/project/.runtime/ci-backend/data/backups
2026-10-09T14:21:52.7871423Z   DATABASE_BACKUP_PATH: /home/runner/work/_temp/novel-ci-backend-postgres-shard-0.1iVI8X/project/.runtime/ci-backend/data/database-backups
2026-10-09T14:21:52.7872101Z   KNOWLEDGE_SOURCE_PATH: /home/runner/work/_temp/novel-ci-backend-postgres-shard-0.1iVI8X/project/.runtime/ci-backend/data/novels
2026-10-09T14:21:52.7872732Z   CI_V2_RUNTIME: /home/runner/work/_temp/novel-ci-backend-postgres-shard-0.1iVI8X/project/.runtime/ci-backend
2026-10-09T14:21:52.7873123Z ##[endgroup]
2026-10-09T14:21:53.4228139Z Obtaining file:///home/runner/work/_temp/novel-ci-backend-postgres-shard-0.1iVI8X/project
2026-10-09T14:21:53.4239421Z   Installing build dependencies: started
2026-10-09T14:21:54.8670742Z   Installing build dependencies: finished with status 'done'
2026-10-09T14:21:54.8675284Z   Checking if build backend supports build_editable: started
2026-10-09T14:21:55.3063979Z   Checking if build backend supports build_editable: finished with status 'done'
2026-10-09T14:21:55.3070089Z   Getting requirements to build editable: started
2026-10-09T14:21:55.8789789Z   Getting requirements to build editable: finished with status 'done'
2026-10-09T14:21:55.8797272Z   Preparing editable metadata (pyproject.toml): started
2026-10-09T14:21:56.4705892Z   Preparing editable metadata (pyproject.toml): finished with status 'done'
2026-10-09T14:21:56.8107608Z Collecting fastapi<1,>=0.115 (from ai-novel-studio==0.7.0)
2026-10-09T14:21:56.8819579Z   Downloading fastapi-0.142.2-py3-none-any.whl.metadata (27 kB)
2026-10-09T14:21:57.0217578Z Collecting uvicorn<1,>=0.30 (from ai-novel-studio==0.7.0)
2026-10-09T14:21:57.0350840Z   Downloading uvicorn-0.54.0-py3-none-any.whl.metadata (6.6 kB)
2026-10-09T14:21:57.1700133Z Collecting psycopg<4,>=3.2 (from psycopg[binary]<4,>=3.2->ai-novel-studio==0.7.0)
2026-10-09T14:21:57.1842157Z   Downloading psycopg-3.3.6-py3-none-any.whl.metadata (4.4 kB)
2026-10-09T14:21:57.7303388Z Collecting sqlalchemy<3,>=2.0 (from ai-novel-studio==0.7.0)
2026-10-09T14:21:57.7471697Z   Downloading sqlalchemy-2.1.3-cp312-cp312-manylinux2014_x86_64.manylinux_2_17_x86_64.manylinux_2_28_x86_64.whl.metadata (9.7 kB)
2026-10-09T14:21:58.0781306Z Collecting httpx<1,>=0.27 (from ai-novel-studio==0.7.0)
2026-10-09T14:21:58.0957174Z   Downloading httpx-0.28.1-py3-none-any.whl.metadata (7.1 kB)
2026-10-09T14:21:58.2268137Z Collecting pydantic-settings<3,>=2.6 (from ai-novel-studio==0.7.0)
2026-10-09T14:21:58.2397100Z   Downloading pydantic_settings-2.15.0-py3-none-any.whl.metadata (3.9 kB)
2026-10-09T14:21:58.3372064Z Collecting reportlab<5,>=4.0 (from ai-novel-studio==0.7.0)
2026-10-09T14:21:58.3503366Z   Downloading reportlab-4.5.1-py3-none-any.whl.metadata (1.7 kB)
2026-10-09T14:21:58.4304719Z Collecting pypdf==6.19.0 (from ai-novel-studio==0.7.0)
2026-10-09T14:21:58.4433267Z   Downloading pypdf-6.19.0-py3-none-any.whl.metadata (7.5 kB)
2026-10-09T14:21:58.5589309Z Collecting jsonschema<5,>=4.18 (from ai-novel-studio==0.7.0)
2026-10-09T14:21:58.5718065Z   Downloading jsonschema-4.26.0-py3-none-any.whl.metadata (7.6 kB)
2026-10-09T14:21:58.6643156Z Collecting pytest<9,>=8 (from ai-novel-studio==0.7.0)
2026-10-09T14:21:58.6771767Z   Downloading pytest-8.4.2-py3-none-any.whl.metadata (7.7 kB)
2026-10-09T14:21:58.7663443Z Collecting fonttools==4.59.1 (from ai-novel-studio==0.7.0)
2026-10-09T14:21:58.7811042Z   Downloading fonttools-4.59.1-cp312-cp312-manylinux1_x86_64.manylinux2014_x86_64.manylinux_2_17_x86_64.manylinux_2_5_x86_64.whl.metadata (108 kB)
2026-10-09T14:21:58.8282219Z Collecting opentimelineio==0.18.1 (from ai-novel-studio==0.7.0)
2026-10-09T14:21:58.8412310Z   Downloading opentimelineio-0.18.1-cp312-cp312-manylinux2014_x86_64.manylinux_2_17_x86_64.whl.metadata (2.6 kB)
2026-10-09T14:21:59.0312660Z Collecting Pillow==12.3.0 (from ai-novel-studio==0.7.0)
2026-10-09T14:21:59.0442407Z   Downloading pillow-12.3.0-cp312-cp312-manylinux_2_27_x86_64.manylinux_2_28_x86_64.whl.metadata (9.1 kB)
2026-10-09T14:21:59.0734943Z Collecting starlette>=0.46.0 (from fastapi<1,>=0.115->ai-novel-studio==0.7.0)
2026-10-09T14:21:59.0863020Z   Downloading starlette-1.7.0-py3-none-any.whl.metadata (6.6 kB)
2026-10-09T14:21:59.1533065Z Collecting pydantic>=2.9.0 (from fastapi<1,>=0.115->ai-novel-studio==0.7.0)
2026-10-09T14:21:59.1661554Z   Downloading pydantic-2.13.5-py3-none-any.whl.metadata (110 kB)
2026-10-09T14:21:59.1939863Z Collecting typing-extensions>=4.8.0 (from fastapi<1,>=0.115->ai-novel-studio==0.7.0)
2026-10-09T14:21:59.2069809Z   Downloading typing_extensions-4.16.0-py3-none-any.whl.metadata (3.3 kB)
2026-10-09T14:21:59.2287407Z Collecting typing-inspection>=0.4.2 (from fastapi<1,>=0.115->ai-novel-studio==0.7.0)
2026-10-09T14:21:59.2414627Z   Downloading typing_inspection-0.4.4-py3-none-any.whl.metadata (2.6 kB)
2026-10-09T14:21:59.2618287Z Collecting annotated-doc>=0.0.2 (from fastapi<1,>=0.115->ai-novel-studio==0.7.0)
2026-10-09T14:21:59.2746387Z   Downloading annotated_doc-0.0.5-py3-none-any.whl.metadata (6.5 kB)
2026-10-09T14:21:59.2987175Z Collecting opentelemetry-api>=1.44.0 (from fastapi<1,>=0.115->ai-novel-studio==0.7.0)
2026-10-09T14:21:59.3114407Z   Downloading opentelemetry_api-1.45.0-py3-none-any.whl.metadata (1.4 kB)
2026-10-09T14:21:59.3359801Z Collecting anyio (from httpx<1,>=0.27->ai-novel-studio==0.7.0)
2026-10-09T14:21:59.3489391Z   Downloading anyio-4.15.1-py3-none-any.whl.metadata (4.7 kB)
2026-10-09T14:21:59.3727514Z Collecting certifi (from httpx<1,>=0.27->ai-novel-studio==0.7.0)
2026-10-09T14:21:59.3855877Z   Downloading certifi-2026.7.22-py3-none-any.whl.metadata (2.5 kB)
2026-10-09T14:21:59.4078165Z Collecting httpcore==1.* (from httpx<1,>=0.27->ai-novel-studio==0.7.0)
2026-10-09T14:21:59.4205176Z   Downloading httpcore-1.0.9-py3-none-any.whl.metadata (21 kB)
2026-10-09T14:21:59.4431552Z Collecting idna (from httpx<1,>=0.27->ai-novel-studio==0.7.0)
2026-10-09T14:21:59.4563161Z   Downloading idna-3.20-py3-none-any.whl.metadata (7.2 kB)
2026-10-09T14:21:59.4779557Z Collecting h11>=0.16 (from httpcore==1.*->httpx<1,>=0.27->ai-novel-studio==0.7.0)
2026-10-09T14:21:59.4905636Z   Downloading h11-0.16.0-py3-none-any.whl.metadata (8.3 kB)
2026-10-09T14:21:59.5131250Z Collecting attrs>=22.2.0 (from jsonschema<5,>=4.18->ai-novel-studio==0.7.0)
2026-10-09T14:21:59.5258460Z   Downloading attrs-26.1.0-py3-none-any.whl.metadata (8.8 kB)
2026-10-09T14:21:59.5471649Z Collecting jsonschema-specifications>=2023.03.6 (from jsonschema<5,>=4.18->ai-novel-studio==0.7.0)
2026-10-09T14:21:59.5598451Z   Downloading jsonschema_specifications-2025.9.1-py3-none-any.whl.metadata (2.9 kB)
2026-10-09T14:21:59.5851142Z Collecting referencing>=0.28.4 (from jsonschema<5,>=4.18->ai-novel-studio==0.7.0)
2026-10-09T14:21:59.5980483Z   Downloading referencing-0.37.0-py3-none-any.whl.metadata (2.8 kB)
2026-10-09T14:21:59.7483392Z Collecting rpds-py>=0.25.0 (from jsonschema<5,>=4.18->ai-novel-studio==0.7.0)
2026-10-09T14:21:59.7614448Z   Downloading rpds_py-2026.9.1-cp312-cp312-manylinux_2_17_x86_64.manylinux2014_x86_64.whl.metadata (4.1 kB)
2026-10-09T14:21:59.8845051Z Collecting psycopg-binary==3.3.6 (from psycopg[binary]<4,>=3.2->ai-novel-studio==0.7.0)
2026-10-09T14:21:59.8978497Z   Downloading psycopg_binary-3.3.6-cp312-cp312-manylinux2014_x86_64.manylinux_2_17_x86_64.whl.metadata (2.7 kB)
2026-10-09T14:21:59.9224895Z Collecting python-dotenv>=0.21.0 (from pydantic-settings<3,>=2.6->ai-novel-studio==0.7.0)
2026-10-09T14:21:59.9352792Z   Downloading python_dotenv-1.2.4-py3-none-any.whl.metadata (29 kB)
2026-10-09T14:21:59.9579215Z Collecting iniconfig>=1 (from pytest<9,>=8->ai-novel-studio==0.7.0)
2026-10-09T14:21:59.9705415Z   Downloading iniconfig-2.3.0-py3-none-any.whl.metadata (2.5 kB)
2026-10-09T14:21:59.9936932Z Collecting packaging>=20 (from pytest<9,>=8->ai-novel-studio==0.7.0)
2026-10-09T14:22:00.0063980Z   Downloading packaging-26.3-py3-none-any.whl.metadata (3.5 kB)
2026-10-09T14:22:00.0276142Z Collecting pluggy<2,>=1.5 (from pytest<9,>=8->ai-novel-studio==0.7.0)
2026-10-09T14:22:00.0402895Z   Downloading pluggy-1.6.0-py3-none-any.whl.metadata (4.8 kB)
2026-10-09T14:22:00.0741331Z Collecting pygments>=2.7.2 (from pytest<9,>=8->ai-novel-studio==0.7.0)
2026-10-09T14:22:00.0868674Z   Downloading pygments-2.21.0-py3-none-any.whl.metadata (2.5 kB)
2026-10-09T14:22:00.1667358Z Collecting charset-normalizer (from reportlab<5,>=4.0->ai-novel-studio==0.7.0)
2026-10-09T14:22:00.1794945Z   Downloading charset_normalizer-3.5.2-cp312-cp312-manylinux2014_x86_64.manylinux_2_17_x86_64.manylinux_2_28_x86_64.whl.metadata (46 kB)
2026-10-09T14:22:00.2076540Z Collecting click>=7.0 (from uvicorn<1,>=0.30->ai-novel-studio==0.7.0)
2026-10-09T14:22:00.2203152Z   Downloading click-8.5.0-py3-none-any.whl.metadata (2.6 kB)
2026-10-09T14:22:00.2441668Z Collecting annotated-types>=0.6.0 (from pydantic>=2.9.0->fastapi<1,>=0.115->ai-novel-studio==0.7.0)
2026-10-09T14:22:00.2572451Z   Downloading annotated_types-0.8.0-py3-none-any.whl.metadata (15 kB)
2026-10-09T14:22:00.6546246Z Collecting pydantic-core==2.46.5 (from pydantic>=2.9.0->fastapi<1,>=0.115->ai-novel-studio==0.7.0)
2026-10-09T14:22:00.6681563Z   Downloading pydantic_core-2.46.5-cp312-cp312-manylinux_2_17_x86_64.manylinux2014_x86_64.whl.metadata (6.6 kB)
2026-10-09T14:22:00.6944678Z Downloading fonttools-4.59.1-cp312-cp312-manylinux1_x86_64.manylinux2014_x86_64.manylinux_2_17_x86_64.manylinux_2_5_x86_64.whl (4.9 MB)
2026-10-09T14:22:00.7957559Z    ━━━━━━━━━━━━━━━━━━━━━━━━━━━━━━━━━━━━━━━━ 4.9/4.9 MB 53.7 MB/s  0:00:00
2026-10-09T14:22:00.8092154Z Downloading opentimelineio-0.18.1-cp312-cp312-manylinux2014_x86_64.manylinux_2_17_x86_64.whl (842 kB)
2026-10-09T14:22:00.8151764Z    ━━━━━━━━━━━━━━━━━━━━━━━━━━━━━━━━━━━━━━━━ 842.8/842.8 kB 159.2 MB/s  0:00:00
2026-10-09T14:22:00.8287804Z Downloading pillow-12.3.0-cp312-cp312-manylinux_2_27_x86_64.manylinux_2_28_x86_64.whl (6.9 MB)
2026-10-09T14:22:00.8857840Z    ━━━━━━━━━━━━━━━━━━━━━━━━━━━━━━━━━━━━━━━━ 6.9/6.9 MB 122.6 MB/s  0:00:00
2026-10-09T14:22:00.8985776Z Downloading pypdf-6.19.0-py3-none-any.whl (395 kB)
2026-10-09T14:22:00.9139028Z Downloading fastapi-0.142.2-py3-none-any.whl (144 kB)
2026-10-09T14:22:00.9285183Z Downloading httpx-0.28.1-py3-none-any.whl (73 kB)
2026-10-09T14:22:00.9489914Z Downloading httpcore-1.0.9-py3-none-any.whl (78 kB)
2026-10-09T14:22:00.9636768Z Downloading jsonschema-4.26.0-py3-none-any.whl (90 kB)
2026-10-09T14:22:00.9782754Z Downloading psycopg-3.3.6-py3-none-any.whl (215 kB)
2026-10-09T14:22:00.9934296Z Downloading psycopg_binary-3.3.6-cp312-cp312-manylinux2014_x86_64.manylinux_2_17_x86_64.whl (5.2 MB)
2026-10-09T14:22:01.0260919Z    ━━━━━━━━━━━━━━━━━━━━━━━━━━━━━━━━━━━━━━━━ 5.2/5.2 MB 163.3 MB/s  0:00:00
2026-10-09T14:22:01.0401883Z Downloading pydantic_settings-2.15.0-py3-none-any.whl (69 kB)
2026-10-09T14:22:01.0555238Z Downloading pytest-8.4.2-py3-none-any.whl (365 kB)
2026-10-09T14:22:01.0712262Z Downloading pluggy-1.6.0-py3-none-any.whl (20 kB)
2026-10-09T14:22:01.0859520Z Downloading reportlab-4.5.1-py3-none-any.whl (2.0 MB)
2026-10-09T14:22:01.0944800Z    ━━━━━━━━━━━━━━━━━━━━━━━━━━━━━━━━━━━━━━━━ 2.0/2.0 MB 253.4 MB/s  0:00:00
2026-10-09T14:22:01.1076776Z Downloading sqlalchemy-2.1.3-cp312-cp312-manylinux2014_x86_64.manylinux_2_17_x86_64.manylinux_2_28_x86_64.whl (4.7 MB)
2026-10-09T14:22:01.1354353Z    ━━━━━━━━━━━━━━━━━━━━━━━━━━━━━━━━━━━━━━━━ 4.7/4.7 MB 172.4 MB/s  0:00:00
2026-10-09T14:22:01.1482545Z Downloading uvicorn-0.54.0-py3-none-any.whl (87 kB)
2026-10-09T14:22:01.1632335Z Downloading annotated_doc-0.0.5-py3-none-any.whl (5.3 kB)
2026-10-09T14:22:01.1778806Z Downloading attrs-26.1.0-py3-none-any.whl (67 kB)
2026-10-09T14:22:01.1926609Z Downloading click-8.5.0-py3-none-any.whl (125 kB)
2026-10-09T14:22:01.2075242Z Downloading h11-0.16.0-py3-none-any.whl (37 kB)
2026-10-09T14:22:01.2223855Z Downloading iniconfig-2.3.0-py3-none-any.whl (7.5 kB)
2026-10-09T14:22:01.2370026Z Downloading jsonschema_specifications-2025.9.1-py3-none-any.whl (18 kB)
2026-10-09T14:22:01.2523120Z Downloading opentelemetry_api-1.45.0-py3-none-any.whl (60 kB)
2026-10-09T14:22:01.2672648Z Downloading packaging-26.3-py3-none-any.whl (129 kB)
2026-10-09T14:22:01.2822497Z Downloading pydantic-2.13.5-py3-none-any.whl (472 kB)
2026-10-09T14:22:01.2980818Z Downloading pydantic_core-2.46.5-cp312-cp312-manylinux_2_17_x86_64.manylinux2014_x86_64.whl (2.1 MB)
2026-10-09T14:22:01.3061012Z    ━━━━━━━━━━━━━━━━━━━━━━━━━━━━━━━━━━━━━━━━ 2.1/2.1 MB 300.0 MB/s  0:00:00
2026-10-09T14:22:01.3188804Z Downloading annotated_types-0.8.0-py3-none-any.whl (13 kB)
2026-10-09T14:22:01.3338349Z Downloading pygments-2.21.0-py3-none-any.whl (1.3 MB)
2026-10-09T14:22:01.3396439Z    ━━━━━━━━━━━━━━━━━━━━━━━━━━━━━━━━━━━━━━━━ 1.3/1.3 MB 242.9 MB/s  0:00:00
2026-10-09T14:22:01.3531692Z Downloading python_dotenv-1.2.4-py3-none-any.whl (23 kB)
2026-10-09T14:22:01.3678264Z Downloading referencing-0.37.0-py3-none-any.whl (26 kB)
2026-10-09T14:22:01.4234476Z Downloading rpds_py-2026.9.1-cp312-cp312-manylinux_2_17_x86_64.manylinux2014_x86_64.whl (371 kB)
2026-10-09T14:22:01.5696978Z Downloading starlette-1.7.0-py3-none-any.whl (78 kB)
2026-10-09T14:22:01.5846539Z Downloading anyio-4.15.1-py3-none-any.whl (132 kB)
2026-10-09T14:22:01.5994294Z Downloading idna-3.20-py3-none-any.whl (69 kB)
2026-10-09T14:22:01.6143620Z Downloading typing_extensions-4.16.0-py3-none-any.whl (45 kB)
2026-10-09T14:22:01.6290239Z Downloading typing_inspection-0.4.4-py3-none-any.whl (14 kB)
2026-10-09T14:22:01.6434201Z Downloading certifi-2026.7.22-py3-none-any.whl (136 kB)
2026-10-09T14:22:01.6583566Z Downloading charset_normalizer-3.5.2-cp312-cp312-manylinux2014_x86_64.manylinux_2_17_x86_64.manylinux_2_28_x86_64.whl (257 kB)
2026-10-09T14:22:01.7455240Z Building wheels for collected packages: ai-novel-studio
2026-10-09T14:22:01.7460837Z   Building editable for ai-novel-studio (pyproject.toml): started
2026-10-09T14:22:02.3414414Z   Building editable for ai-novel-studio (pyproject.toml): finished with status 'done'
2026-10-09T14:22:02.3417798Z   Created wheel for ai-novel-studio: filename=ai_novel_studio-0.7.0-0.editable-py3-none-any.whl size=3197 sha256=148f8871b4545a829ed0770a55b511c68c84afe8f468e9a8a78afbc154de56bf
2026-10-09T14:22:02.3419415Z   Stored in directory: /home/runner/work/_temp/novel-ci-backend-postgres-shard-0.1iVI8X/project/.runtime/ci-backend/tmp/pip-ephem-wheel-cache-n4q3gu5w/wheels/3e/9f/2d/08d6fae2dbbc920c24536a4caa8bb74a624a4ca78d42472b0c
2026-10-09T14:22:02.3430287Z Successfully built ai-novel-studio
2026-10-09T14:22:02.4068561Z Installing collected packages: typing-extensions, rpds-py, python-dotenv, pypdf, pygments, psycopg-binary, pluggy, Pillow, packaging, opentimelineio, iniconfig, idna, h11, fonttools, click, charset-normalizer, certifi, attrs, annotated-types, annotated-doc, uvicorn, typing-inspection, sqlalchemy, reportlab, referencing, pytest, pydantic-core, psycopg, opentelemetry-api, httpcore, anyio, starlette, pydantic, jsonschema-specifications, httpx, pydantic-settings, jsonschema, fastapi, ai-novel-studio
2026-10-09T14:22:06.2757638Z 
2026-10-09T14:22:06.2780437Z Successfully installed Pillow-12.3.0 ai-novel-studio-0.7.0 annotated-doc-0.0.5 annotated-types-0.8.0 anyio-4.15.1 attrs-26.1.0 certifi-2026.7.22 charset-normalizer-3.5.2 click-8.5.0 fastapi-0.142.2 fonttools-4.59.1 h11-0.16.0 httpcore-1.0.9 httpx-0.28.1 idna-3.20 iniconfig-2.3.0 jsonschema-4.26.0 jsonschema-specifications-2025.9.1 opentelemetry-api-1.45.0 opentimelineio-0.18.1 packaging-26.3 pluggy-1.6.0 psycopg-3.3.6 psycopg-binary-3.3.6 pydantic-2.13.5 pydantic-core-2.46.5 pydantic-settings-2.15.0 pygments-2.21.0 pypdf-6.19.0 pytest-8.4.2 python-dotenv-1.2.4 referencing-0.37.0 reportlab-4.5.1 rpds-py-2026.9.1 sqlalchemy-2.1.3 starlette-1.7.0 typing-extensions-4.16.0 typing-inspection-0.4.4 uvicorn-0.54.0
2026-10-09T14:22:06.8167788Z No broken requirements found.
2026-10-09T14:22:08.3710651Z ##[group]Run sudo apt-get update
2026-10-09T14:22:08.3710960Z [36;1msudo apt-get update[0m
2026-10-09T14:22:08.3711267Z [36;1msudo apt-get install -y --no-install-recommends ffmpeg[0m
2026-10-09T14:22:08.3711643Z [36;1mffmpeg -version > "$CI_RECEIPTS/ffmpeg-version.txt"[0m
2026-10-09T14:22:08.3711979Z [36;1mffprobe -version > "$CI_RECEIPTS/ffprobe-version.txt"[0m
2026-10-09T14:22:08.3712394Z [36;1mpython -c "import shutil; assert shutil.which('ffmpeg') and shutil.which('ffprobe')"[0m
2026-10-09T14:22:08.3746562Z shell: /usr/bin/bash -e {0}
2026-10-09T14:22:08.3746842Z env:
2026-10-09T14:22:08.3747121Z   MOCK_PROVIDER: true
2026-10-09T14:22:08.3747352Z   MOCK_STREAM_DELAY_MS: 0
2026-10-09T14:22:08.3747585Z   ENABLE_CLOUD: false
2026-10-09T14:22:08.3747841Z   CREDENTIAL_VAULT_BACKEND: memory
2026-10-09T14:22:08.3748106Z   CREDENTIAL_VAULT_ALLOW_MEMORY_FALLBACK: true
2026-10-09T14:22:08.3748427Z   PYTHONDONTWRITEBYTECODE: 1
2026-10-09T14:22:08.3748663Z   HF_HUB_OFFLINE: 1
2026-10-09T14:22:08.3748963Z   TRANSFORMERS_OFFLINE: 1
2026-10-09T14:22:08.3749235Z   pythonLocation: /opt/hostedtoolcache/Python/3.12.9/x64
2026-10-09T14:22:08.3749590Z   PKG_CONFIG_PATH: /opt/hostedtoolcache/Python/3.12.9/x64/lib/pkgconfig
2026-10-09T14:22:08.3749938Z   Python_ROOT_DIR: /opt/hostedtoolcache/Python/3.12.9/x64
2026-10-09T14:22:08.3750247Z   Python2_ROOT_DIR: /opt/hostedtoolcache/Python/3.12.9/x64
2026-10-09T14:22:08.3750580Z   Python3_ROOT_DIR: /opt/hostedtoolcache/Python/3.12.9/x64
2026-10-09T14:22:08.3750898Z   LD_LIBRARY_PATH: /opt/hostedtoolcache/Python/3.12.9/x64/lib
2026-10-09T14:22:08.3751197Z   CI_COVERAGE_SHA: 7f0d911549b04e8dbb7cf078316ad74c42095449
2026-10-09T14:22:08.3751547Z   CI_COVERAGE_TREE: 69d69ffe71838263069d164a0a07b39b5f4a4333
2026-10-09T14:22:08.3751900Z   CI_SANDBOX: /home/runner/work/_temp/novel-ci-backend-postgres-shard-0.1iVI8X
2026-10-09T14:22:08.3752324Z   CI_PROJECT: /home/runner/work/_temp/novel-ci-backend-postgres-shard-0.1iVI8X/project
2026-10-09T14:22:08.3752783Z   CI_RECEIPTS: /home/runner/work/_temp/novel-ci-backend-postgres-shard-0.1iVI8X/receipts
2026-10-09T14:22:08.3753266Z   HOME: /home/runner/work/_temp/novel-ci-backend-postgres-shard-0.1iVI8X/project/.runtime/ci-backend/home
2026-10-09T14:22:08.3753989Z   USERPROFILE: /home/runner/work/_temp/novel-ci-backend-postgres-shard-0.1iVI8X/project/.runtime/ci-backend/home
2026-10-09T14:22:08.3754649Z   APPDATA: /home/runner/work/_temp/novel-ci-backend-postgres-shard-0.1iVI8X/project/.runtime/ci-backend/appdata
2026-10-09T14:22:08.3755248Z   LOCALAPPDATA: /home/runner/work/_temp/novel-ci-backend-postgres-shard-0.1iVI8X/project/.runtime/ci-backend/localappdata
2026-10-09T14:22:08.3755832Z   XDG_CONFIG_HOME: /home/runner/work/_temp/novel-ci-backend-postgres-shard-0.1iVI8X/project/.runtime/ci-backend/config
2026-10-09T14:22:08.3756420Z   XDG_CACHE_HOME: /home/runner/work/_temp/novel-ci-backend-postgres-shard-0.1iVI8X/project/.runtime/ci-backend/cache
2026-10-09T14:22:08.3757003Z   XDG_DATA_HOME: /home/runner/work/_temp/novel-ci-backend-postgres-shard-0.1iVI8X/project/.runtime/ci-backend/data
2026-10-09T14:22:08.3757589Z   XDG_STATE_HOME: /home/runner/work/_temp/novel-ci-backend-postgres-shard-0.1iVI8X/project/.runtime/ci-backend/state
2026-10-09T14:22:08.3758159Z   TMPDIR: /home/runner/work/_temp/novel-ci-backend-postgres-shard-0.1iVI8X/project/.runtime/ci-backend/tmp
2026-10-09T14:22:08.3758680Z   TMP: /home/runner/work/_temp/novel-ci-backend-postgres-shard-0.1iVI8X/project/.runtime/ci-backend/tmp
2026-10-09T14:22:08.3759181Z   TEMP: /home/runner/work/_temp/novel-ci-backend-postgres-shard-0.1iVI8X/project/.runtime/ci-backend/tmp
2026-10-09T14:22:08.3759668Z   PROJECT_ROOT: /home/runner/work/_temp/novel-ci-backend-postgres-shard-0.1iVI8X/project
2026-10-09T14:22:08.3760202Z   NOVEL_DATA_PATH: /home/runner/work/_temp/novel-ci-backend-postgres-shard-0.1iVI8X/project/.runtime/ci-backend/data/novels
2026-10-09T14:22:08.3760918Z   BACKUP_PATH: /home/runner/work/_temp/novel-ci-backend-postgres-shard-0.1iVI8X/project/.runtime/ci-backend/data/backups
2026-10-09T14:22:08.3761535Z   DATABASE_BACKUP_PATH: /home/runner/work/_temp/novel-ci-backend-postgres-shard-0.1iVI8X/project/.runtime/ci-backend/data/database-backups
2026-10-09T14:22:08.3762167Z   KNOWLEDGE_SOURCE_PATH: /home/runner/work/_temp/novel-ci-backend-postgres-shard-0.1iVI8X/project/.runtime/ci-backend/data/novels
2026-10-09T14:22:08.3762754Z   CI_V2_RUNTIME: /home/runner/work/_temp/novel-ci-backend-postgres-shard-0.1iVI8X/project/.runtime/ci-backend
2026-10-09T14:22:08.3763136Z ##[endgroup]
2026-10-09T14:22:08.4433885Z Get:1 file:/etc/apt/apt-mirrors.txt Mirrorlist [144 B]
2026-10-09T14:22:08.4802392Z Hit:2 http://azure.archive.ubuntu.com/ubuntu noble InRelease
2026-10-09T14:22:08.4809919Z Get:3 http://azure.archive.ubuntu.com/ubuntu noble-updates InRelease [126 kB]
2026-10-09T14:22:08.4830586Z Get:4 http://azure.archive.ubuntu.com/ubuntu noble-backports InRelease [126 kB]
2026-10-09T14:22:08.4855182Z Get:5 http://azure.archive.ubuntu.com/ubuntu noble-security InRelease [126 kB]
2026-10-09T14:22:08.5328203Z Get:6 https://packages.microsoft.com/ubuntu/24.04/prod noble InRelease [3600 B]
2026-10-09T14:22:08.5552178Z Get:7 http://azure.archive.ubuntu.com/ubuntu noble-updates/main amd64 Packages [1375 kB]
2026-10-09T14:22:08.5646493Z Get:8 http://azure.archive.ubuntu.com/ubuntu noble-updates/main Translation-en [306 kB]
2026-10-09T14:22:08.5660357Z Get:9 http://azure.archive.ubuntu.com/ubuntu noble-updates/universe amd64 Packages [1702 kB]
2026-10-09T14:22:08.5747257Z Get:10 http://azure.archive.ubuntu.com/ubuntu noble-updates/universe Translation-en [342 kB]
2026-10-09T14:22:08.5796096Z Get:11 http://azure.archive.ubuntu.com/ubuntu noble-updates/restricted amd64 Packages [1761 kB]
2026-10-09T14:22:08.5878346Z Get:12 http://azure.archive.ubuntu.com/ubuntu noble-updates/restricted Translation-en [401 kB]
2026-10-09T14:22:08.5908263Z Get:13 http://azure.archive.ubuntu.com/ubuntu noble-updates/multiverse amd64 Packages [55.0 kB]
2026-10-09T14:22:08.5935141Z Get:14 http://azure.archive.ubuntu.com/ubuntu noble-updates/multiverse Translation-en [14.3 kB]
2026-10-09T14:22:08.6442273Z Get:15 http://azure.archive.ubuntu.com/ubuntu noble-security/main amd64 Packages [1121 kB]
2026-10-09T14:22:08.6495155Z Get:16 http://azure.archive.ubuntu.com/ubuntu noble-security/main Translation-en [228 kB]
2026-10-09T14:22:08.6816463Z Get:23 https://packages.microsoft.com/ubuntu/24.04/prod noble/main arm64 Packages [475 kB]
2026-10-09T14:22:08.6901524Z Get:24 https://packages.microsoft.com/ubuntu/24.04/prod noble/main all Packages [640 B]
2026-10-09T14:22:08.6910646Z Get:17 http://azure.archive.ubuntu.com/ubuntu noble-security/universe amd64 Packages [1220 kB]
2026-10-09T14:22:08.6928861Z Get:25 https://packages.microsoft.com/ubuntu/24.04/prod noble/main armhf Packages [12.3 kB]
2026-10-09T14:22:08.6971780Z Get:26 https://packages.microsoft.com/ubuntu/24.04/prod noble/main amd64 Packages [531 kB]
2026-10-09T14:22:08.6972625Z Get:18 http://azure.archive.ubuntu.com/ubuntu noble-security/universe Translation-en [245 kB]
2026-10-09T14:22:08.6977018Z Get:19 http://azure.archive.ubuntu.com/ubuntu noble-security/restricted amd64 Packages [1669 kB]
2026-10-09T14:22:08.7051331Z Get:20 http://azure.archive.ubuntu.com/ubuntu noble-security/restricted Translation-en [383 kB]
2026-10-09T14:22:08.7068062Z Get:21 http://azure.archive.ubuntu.com/ubuntu noble-security/multiverse amd64 Packages [49.8 kB]
2026-10-09T14:22:08.7074166Z Get:22 http://azure.archive.ubuntu.com/ubuntu noble-security/multiverse Translation-en [12.4 kB]
2026-10-09T14:22:13.7330636Z Fetched 12.3 MB in 1s (12.6 MB/s)
2026-10-09T14:22:14.3867715Z Reading package lists...
2026-10-09T14:22:14.4133238Z Reading package lists...
2026-10-09T14:22:14.5585525Z Building dependency tree...
2026-10-09T14:22:14.5589756Z Reading state information...
2026-10-09T14:22:14.6974431Z The following additional packages will be installed:
2026-10-09T14:22:14.6975104Z   libass9 libasyncns0 libavc1394-0 libavcodec60 libavdevice60 libavfilter9
2026-10-09T14:22:14.6975954Z   libavformat60 libavutil58 libblas3 libbluray2 libbs2b0 libcaca0
2026-10-09T14:22:14.6976371Z   libcdio-cdda2t64 libcdio-paranoia2t64 libcdio19t64 libchromaprint1 libcjson1
2026-10-09T14:22:14.6976806Z   libcodec2-1.2 libdav1d7 libdc1394-25 libdecor-0-0 libflac12t64 libflite1
2026-10-09T14:22:14.6977186Z   libgme0 libgsm1 libhwy1t64 libiec61883-0 libjack-jackd2-0 libjxl0.7
2026-10-09T14:22:14.6985860Z   liblapack3 liblilv-0-0 libmbedcrypto7t64 libmp3lame0 libmpg123-0t64
2026-10-09T14:22:14.6986745Z   libmysofa1 libopenal-data libopenal1 libopenmpt0t64 libopus0 libplacebo338
2026-10-09T14:22:14.6987637Z   libpocketsphinx3 libpostproc57 libpulse0 librav1e0 libraw1394-11 librist4
2026-10-09T14:22:14.6988337Z   librsvg2-2 librubberband2 libsamplerate0 libsdl2-2.0-0 libserd-0-0 libshine3
2026-10-09T14:22:14.6988845Z   libsndfile1 libsndio7.0 libsord-0-0 libsoxr0 libspeex1 libsphinxbase3t64
2026-10-09T14:22:14.6989355Z   libsratom-0-0 libsrt1.5-gnutls libssh-gcrypt-4 libsvtav1enc1d1
2026-10-09T14:22:14.6989872Z   libswresample4 libswscale7 libtheora0 libtwolame0 libudfread0 libunibreak5
2026-10-09T14:22:14.6990372Z   libva-drm2 libva-x11-2 libva2 libvdpau1 libvidstab1.1 libvorbisenc2 libvpl2
2026-10-09T14:22:14.6990828Z   libvpx9 libx264-164 libx265-199 libxcb-shape0 libxv1 libxvidcore4 libzimg2
2026-10-09T14:22:14.6991201Z   libzix-0-0 libzvbi-common libzvbi0t64 ocl-icd-libopencl1
2026-10-09T14:22:14.6991568Z Suggested packages:
2026-10-09T14:22:14.6991943Z   ffmpeg-doc libcuda1 libnvcuvid1 libnvidia-encode1 libbluray-bdj jackd2
2026-10-09T14:22:14.6992336Z   libportaudio2 opus-tools pulseaudio libraw1394-doc librsvg2-bin serdi sndiod
2026-10-09T14:22:14.6992724Z   sordi speex opencl-icd
2026-10-09T14:22:14.6992988Z Recommended packages:
2026-10-09T14:22:14.6993282Z   libaacs0 default-libdecor-0-plugin-1 | libdecor-0-plugin-1
2026-10-09T14:22:14.6993643Z   pocketsphinx-en-us librsvg2-common va-driver-all | va-driver
2026-10-09T14:22:14.6994168Z   vdpau-driver-all | vdpau-driver
2026-10-09T14:22:14.7230038Z The following NEW packages will be installed:
2026-10-09T14:22:14.7231279Z   ffmpeg libass9 libasyncns0 libavc1394-0 libavcodec60 libavdevice60
2026-10-09T14:22:14.7232267Z   libavfilter9 libavformat60 libavutil58 libblas3 libbluray2 libbs2b0 libcaca0
2026-10-09T14:22:14.7233922Z   libcdio-cdda2t64 libcdio-paranoia2t64 libcdio19t64 libchromaprint1 libcjson1
2026-10-09T14:22:14.7235154Z   libcodec2-1.2 libdav1d7 libdc1394-25 libdecor-0-0 libflac12t64 libflite1
2026-10-09T14:22:14.7236098Z   libgme0 libgsm1 libhwy1t64 libiec61883-0 libjack-jackd2-0 libjxl0.7
2026-10-09T14:22:14.7236873Z   liblapack3 liblilv-0-0 libmbedcrypto7t64 libmp3lame0 libmpg123-0t64
2026-10-09T14:22:14.7237709Z   libmysofa1 libopenal-data libopenal1 libopenmpt0t64 libopus0 libplacebo338
2026-10-09T14:22:14.7238670Z   libpocketsphinx3 libpostproc57 libpulse0 librav1e0 libraw1394-11 librist4
2026-10-09T14:22:14.7239739Z   librsvg2-2 librubberband2 libsamplerate0 libsdl2-2.0-0 libserd-0-0 libshine3
2026-10-09T14:22:14.7240789Z   libsndfile1 libsndio7.0 libsord-0-0 libsoxr0 libspeex1 libsphinxbase3t64
2026-10-09T14:22:14.7241700Z   libsratom-0-0 libsrt1.5-gnutls libssh-gcrypt-4 libsvtav1enc1d1
2026-10-09T14:22:14.7242601Z   libswresample4 libswscale7 libtheora0 libtwolame0 libudfread0 libunibreak5
2026-10-09T14:22:14.7243511Z   libva-drm2 libva-x11-2 libva2 libvdpau1 libvidstab1.1 libvorbisenc2 libvpl2
2026-10-09T14:22:14.7244597Z   libvpx9 libx264-164 libx265-199 libxcb-shape0 libxv1 libxvidcore4 libzimg2
2026-10-09T14:22:14.7245411Z   libzix-0-0 libzvbi-common libzvbi0t64 ocl-icd-libopencl1
2026-10-09T14:22:14.7387216Z 0 upgraded, 87 newly installed, 0 to remove and 23 not upgraded.
2026-10-09T14:22:14.7387687Z Need to get 62.8 MB of archives.
2026-10-09T14:22:14.7387996Z After this operation, 173 MB of additional disk space will be used.
2026-10-09T14:22:14.7388383Z Get:1 file:/etc/apt/apt-mirrors.txt Mirrorlist [144 B]
2026-10-09T14:22:14.7926271Z Get:2 http://azure.archive.ubuntu.com/ubuntu noble-updates/universe amd64 libva2 amd64 2.20.0-2ubuntu0.2 [66.4 kB]
2026-10-09T14:22:14.8251932Z Get:3 http://azure.archive.ubuntu.com/ubuntu noble-updates/universe amd64 libva-drm2 amd64 2.20.0-2ubuntu0.2 [7124 B]
2026-10-09T14:22:14.8565638Z Get:4 http://azure.archive.ubuntu.com/ubuntu noble-updates/universe amd64 libva-x11-2 amd64 2.20.0-2ubuntu0.2 [12.0 kB]
2026-10-09T14:22:14.8877201Z Get:5 http://azure.archive.ubuntu.com/ubuntu noble/main amd64 libvdpau1 amd64 1.5-2build1 [27.8 kB]
2026-10-09T14:22:14.9188763Z Get:6 http://azure.archive.ubuntu.com/ubuntu noble/universe amd64 libvpl2 amd64 2023.3.0-1build1 [99.8 kB]
2026-10-09T14:22:14.9500780Z Get:7 http://azure.archive.ubuntu.com/ubuntu noble/universe amd64 ocl-icd-libopencl1 amd64 2.3.2-1build1 [38.5 kB]
2026-10-09T14:22:14.9816118Z Get:8 http://azure.archive.ubuntu.com/ubuntu noble/universe amd64 libavutil58 amd64 7:6.1.1-3ubuntu5 [401 kB]
2026-10-09T14:22:15.0146606Z Get:9 http://azure.archive.ubuntu.com/ubuntu noble/universe amd64 libcodec2-1.2 amd64 1.2.0-2build1 [8998 kB]
2026-10-09T14:22:15.1720101Z Get:10 http://azure.archive.ubuntu.com/ubuntu noble/universe amd64 libdav1d7 amd64 1.4.1-1build1 [604 kB]
2026-10-09T14:22:15.2056714Z Get:11 http://azure.archive.ubuntu.com/ubuntu noble/universe amd64 libgsm1 amd64 1.0.22-1build1 [27.8 kB]
2026-10-09T14:22:15.2372648Z Get:12 http://azure.archive.ubuntu.com/ubuntu noble/universe amd64 libhwy1t64 amd64 1.0.7-8.1build1 [584 kB]
2026-10-09T14:22:15.2710290Z Get:13 http://azure.archive.ubuntu.com/ubuntu noble-updates/universe amd64 libjxl0.7 amd64 0.7.0-10.2ubuntu6.1 [1001 kB]
2026-10-09T14:22:15.3386548Z Get:14 http://azure.archive.ubuntu.com/ubuntu noble/main amd64 libmp3lame0 amd64 3.100-6build1 [142 kB]
2026-10-09T14:22:15.4816742Z Get:15 http://azure.archive.ubuntu.com/ubuntu noble/main amd64 libopus0 amd64 1.4-1build1 [208 kB]
2026-10-09T14:22:15.5510745Z Get:16 http://azure.archive.ubuntu.com/ubuntu noble/universe amd64 librav1e0 amd64 0.7.1-2 [1022 kB]
2026-10-09T14:22:15.6521132Z Get:17 http://azure.archive.ubuntu.com/ubuntu noble-updates/main amd64 librsvg2-2 amd64 2.58.0+dfsg-1ubuntu0.1 [2141 kB]
2026-10-09T14:22:15.7292270Z Get:18 http://azure.archive.ubuntu.com/ubuntu noble/universe amd64 libshine3 amd64 3.1.1-2build1 [23.2 kB]
2026-10-09T14:22:15.7607553Z Get:19 http://azure.archive.ubuntu.com/ubuntu noble-updates/main amd64 libspeex1 amd64 1.2.1-2ubuntu2.24.04.1 [59.6 kB]
2026-10-09T14:22:15.8340025Z Get:20 http://azure.archive.ubuntu.com/ubuntu noble/universe amd64 libsvtav1enc1d1 amd64 1.7.0+dfsg-2build1 [2425 kB]
2026-10-09T14:22:15.8844574Z Get:21 http://azure.archive.ubuntu.com/ubuntu noble/universe amd64 libsoxr0 amd64 0.1.3-4build3 [80.0 kB]
2026-10-09T14:22:15.9163367Z Get:22 http://azure.archive.ubuntu.com/ubuntu noble/universe amd64 libswresample4 amd64 7:6.1.1-3ubuntu5 [63.8 kB]
2026-10-09T14:22:15.9479337Z Get:23 http://azure.archive.ubuntu.com/ubuntu noble/main amd64 libtheora0 amd64 1.1.1+dfsg.1-16.1build3 [211 kB]
2026-10-09T14:22:15.9810080Z Get:24 http://azure.archive.ubuntu.com/ubuntu noble/main amd64 libtwolame0 amd64 0.4.0-2build3 [52.3 kB]
2026-10-09T14:22:16.0123868Z Get:25 http://azure.archive.ubuntu.com/ubuntu noble/main amd64 libvorbisenc2 amd64 1.3.7-1build3 [80.8 kB]
2026-10-09T14:22:16.0442484Z Get:26 http://azure.archive.ubuntu.com/ubuntu noble-updates/main amd64 libvpx9 amd64 1.14.0-1ubuntu2.3 [1143 kB]
2026-10-09T14:22:16.0835161Z Get:27 http://azure.archive.ubuntu.com/ubuntu noble/universe amd64 libx264-164 amd64 2:0.164.3108+git31e19f9-1 [604 kB]
2026-10-09T14:22:16.1197735Z Get:28 http://azure.archive.ubuntu.com/ubuntu noble/universe amd64 libx265-199 amd64 3.5-2build1 [1226 kB]
2026-10-09T14:22:16.1590247Z Get:29 http://azure.archive.ubuntu.com/ubuntu noble/universe amd64 libxvidcore4 amd64 2:1.3.7-1build1 [219 kB]
2026-10-09T14:22:16.1915296Z Get:30 http://azure.archive.ubuntu.com/ubuntu noble/universe amd64 libzvbi-common all 0.2.42-2 [42.4 kB]
2026-10-09T14:22:16.2232615Z Get:31 http://azure.archive.ubuntu.com/ubuntu noble/universe amd64 libzvbi0t64 amd64 0.2.42-2 [261 kB]
2026-10-09T14:22:16.2563681Z Get:32 http://azure.archive.ubuntu.com/ubuntu noble/universe amd64 libavcodec60 amd64 7:6.1.1-3ubuntu5 [5851 kB]
2026-10-09T14:22:16.3536264Z Get:33 http://azure.archive.ubuntu.com/ubuntu noble/main amd64 libraw1394-11 amd64 2.1.2-2build3 [26.2 kB]
2026-10-09T14:22:16.3852033Z Get:34 http://azure.archive.ubuntu.com/ubuntu noble/main amd64 libavc1394-0 amd64 0.5.4-5build3 [15.4 kB]
2026-10-09T14:22:16.4168122Z Get:35 http://azure.archive.ubuntu.com/ubuntu noble/universe amd64 libunibreak5 amd64 5.1-2build1 [25.0 kB]
2026-10-09T14:22:16.4485822Z Get:36 http://azure.archive.ubuntu.com/ubuntu noble/universe amd64 libass9 amd64 1:0.17.1-2build1 [104 kB]
2026-10-09T14:22:16.4806033Z Get:37 http://azure.archive.ubuntu.com/ubuntu noble/universe amd64 libudfread0 amd64 1.1.2-1build1 [19.0 kB]
2026-10-09T14:22:16.5147011Z Get:38 http://azure.archive.ubuntu.com/ubuntu noble/universe amd64 libbluray2 amd64 1:1.3.4-1build1 [159 kB]
2026-10-09T14:22:16.5905466Z Get:39 http://azure.archive.ubuntu.com/ubuntu noble/universe amd64 libchromaprint1 amd64 1.5.1-5 [30.5 kB]
2026-10-09T14:22:16.6227008Z Get:40 http://azure.archive.ubuntu.com/ubuntu noble/universe amd64 libgme0 amd64 0.6.3-7build1 [134 kB]
2026-10-09T14:22:16.6550519Z Get:41 http://azure.archive.ubuntu.com/ubuntu noble-updates/main amd64 libmpg123-0t64 amd64 1.32.5-1ubuntu1.1 [169 kB]
2026-10-09T14:22:16.6883214Z Get:42 http://azure.archive.ubuntu.com/ubuntu noble/universe amd64 libopenmpt0t64 amd64 0.7.3-1.1build3 [647 kB]
2026-10-09T14:22:16.7269340Z Get:43 http://azure.archive.ubuntu.com/ubuntu noble/universe amd64 libcjson1 amd64 1.7.17-1 [24.8 kB]
2026-10-09T14:22:16.7584884Z Get:44 http://azure.archive.ubuntu.com/ubuntu noble/universe amd64 libmbedcrypto7t64 amd64 2.28.8-1 [209 kB]
2026-10-09T14:22:16.7921274Z Get:45 http://azure.archive.ubuntu.com/ubuntu noble/universe amd64 librist4 amd64 0.2.10+dfsg-2 [74.9 kB]
2026-10-09T14:22:16.8242759Z Get:46 http://azure.archive.ubuntu.com/ubuntu noble/universe amd64 libsrt1.5-gnutls amd64 1.5.3-1build2 [316 kB]
2026-10-09T14:22:16.8590646Z Get:47 http://azure.archive.ubuntu.com/ubuntu noble-updates/main amd64 libssh-gcrypt-4 amd64 0.10.6-2ubuntu0.5 [226 kB]
2026-10-09T14:22:16.8932305Z Get:48 http://azure.archive.ubuntu.com/ubuntu noble/universe amd64 libavformat60 amd64 7:6.1.1-3ubuntu5 [1153 kB]
2026-10-09T14:22:16.9375175Z Get:49 http://azure.archive.ubuntu.com/ubuntu noble/universe amd64 libbs2b0 amd64 3.1.0+dfsg-7build1 [10.6 kB]
2026-10-09T14:22:16.9695304Z Get:50 http://azure.archive.ubuntu.com/ubuntu noble/universe amd64 libflite1 amd64 2.2-6build3 [13.6 MB]
2026-10-09T14:22:17.1606575Z Get:51 http://azure.archive.ubuntu.com/ubuntu noble/universe amd64 libserd-0-0 amd64 0.32.2-1 [43.6 kB]
2026-10-09T14:22:17.1924714Z Get:52 http://azure.archive.ubuntu.com/ubuntu noble/universe amd64 libzix-0-0 amd64 0.4.2-2build1 [23.6 kB]
2026-10-09T14:22:17.2250107Z Get:53 http://azure.archive.ubuntu.com/ubuntu noble/universe amd64 libsord-0-0 amd64 0.16.16-2build1 [15.8 kB]
2026-10-09T14:22:17.2569701Z Get:54 http://azure.archive.ubuntu.com/ubuntu noble/universe amd64 libsratom-0-0 amd64 0.6.16-1build1 [17.3 kB]
2026-10-09T14:22:17.2886032Z Get:55 http://azure.archive.ubuntu.com/ubuntu noble/universe amd64 liblilv-0-0 amd64 0.24.22-1build1 [41.0 kB]
2026-10-09T14:22:17.3205504Z Get:56 http://azure.archive.ubuntu.com/ubuntu noble/universe amd64 libmysofa1 amd64 1.3.2+dfsg-2ubuntu2 [1158 kB]
2026-10-09T14:22:17.3679566Z Get:57 http://azure.archive.ubuntu.com/ubuntu noble/universe amd64 libplacebo338 amd64 6.338.2-2build1 [2654 kB]
2026-10-09T14:22:17.4782142Z Get:58 http://azure.archive.ubuntu.com/ubuntu noble-updates/main amd64 libblas3 amd64 3.12.0-3build1.1 [238 kB]
2026-10-09T14:22:17.5105782Z Get:59 http://azure.archive.ubuntu.com/ubuntu noble-updates/main amd64 liblapack3 amd64 3.12.0-3build1.1 [2646 kB]
2026-10-09T14:22:17.5565534Z Get:60 http://azure.archive.ubuntu.com/ubuntu noble/main amd64 libasyncns0 amd64 0.8-6build4 [11.3 kB]
2026-10-09T14:22:17.5886324Z Get:61 http://azure.archive.ubuntu.com/ubuntu noble/main amd64 libflac12t64 amd64 1.4.3+ds-2.1ubuntu2 [197 kB]
2026-10-09T14:22:17.6206552Z Get:62 http://azure.archive.ubuntu.com/ubuntu noble-updates/main amd64 libsndfile1 amd64 1.2.2-1ubuntu5.24.04.1 [209 kB]
2026-10-09T14:22:17.6528947Z Get:63 http://azure.archive.ubuntu.com/ubuntu noble-updates/main amd64 libpulse0 amd64 1:16.1+dfsg1-2ubuntu10.1 [292 kB]
2026-10-09T14:22:17.6855266Z Get:64 http://azure.archive.ubuntu.com/ubuntu noble/universe amd64 libsphinxbase3t64 amd64 0.8+5prealpha+1-17build2 [126 kB]
2026-10-09T14:22:17.7177247Z Get:65 http://azure.archive.ubuntu.com/ubuntu noble/universe amd64 libpocketsphinx3 amd64 0.8.0+real5prealpha+1-15ubuntu5 [133 kB]
2026-10-09T14:22:17.7494379Z Get:66 http://azure.archive.ubuntu.com/ubuntu noble/universe amd64 libpostproc57 amd64 7:6.1.1-3ubuntu5 [49.9 kB]
2026-10-09T14:22:17.7808389Z Get:67 http://azure.archive.ubuntu.com/ubuntu noble/main amd64 libsamplerate0 amd64 0.2.2-4build1 [1344 kB]
2026-10-09T14:22:17.8181481Z Get:68 http://azure.archive.ubuntu.com/ubuntu noble/universe amd64 librubberband2 amd64 3.3.0+dfsg-2build1 [130 kB]
2026-10-09T14:22:17.8500036Z Get:69 http://azure.archive.ubuntu.com/ubuntu noble/universe amd64 libswscale7 amd64 7:6.1.1-3ubuntu5 [193 kB]
2026-10-09T14:22:17.8819201Z Get:70 http://azure.archive.ubuntu.com/ubuntu noble/universe amd64 libvidstab1.1 amd64 1.1.0-2build1 [38.5 kB]
2026-10-09T14:22:17.9133253Z Get:71 http://azure.archive.ubuntu.com/ubuntu noble/universe amd64 libzimg2 amd64 3.0.5+ds1-1build1 [254 kB]
2026-10-09T14:22:17.9458632Z Get:72 http://azure.archive.ubuntu.com/ubuntu noble/universe amd64 libavfilter9 amd64 7:6.1.1-3ubuntu5 [4235 kB]
2026-10-09T14:22:18.0150843Z Get:73 http://azure.archive.ubuntu.com/ubuntu noble-updates/main amd64 libcaca0 amd64 0.99.beta20-4ubuntu0.2 [209 kB]
2026-10-09T14:22:18.0471396Z Get:74 http://azure.archive.ubuntu.com/ubuntu noble-updates/main amd64 libcdio19t64 amd64 2.1.0-4.1ubuntu1.2 [62.4 kB]
2026-10-09T14:22:18.0785434Z Get:75 http://azure.archive.ubuntu.com/ubuntu noble/main amd64 libcdio-cdda2t64 amd64 10.2+2.0.1-1.1build2 [16.5 kB]
2026-10-09T14:22:18.1576106Z Get:76 http://azure.archive.ubuntu.com/ubuntu noble/main amd64 libcdio-paranoia2t64 amd64 10.2+2.0.1-1.1build2 [16.6 kB]
2026-10-09T14:22:18.1890612Z Get:77 http://azure.archive.ubuntu.com/ubuntu noble/universe amd64 libdc1394-25 amd64 2.2.6-4build1 [90.1 kB]
2026-10-09T14:22:18.2206917Z Get:78 http://azure.archive.ubuntu.com/ubuntu noble/main amd64 libiec61883-0 amd64 1.2.0-6build1 [24.5 kB]
2026-10-09T14:22:18.2522487Z Get:79 http://azure.archive.ubuntu.com/ubuntu noble/main amd64 libjack-jackd2-0 amd64 1.9.21~dfsg-3ubuntu3 [289 kB]
2026-10-09T14:22:18.2846078Z Get:80 http://azure.archive.ubuntu.com/ubuntu noble/universe amd64 libopenal-data all 1:1.23.1-4build1 [161 kB]
2026-10-09T14:22:18.3165152Z Get:81 http://azure.archive.ubuntu.com/ubuntu noble/universe amd64 libsndio7.0 amd64 1.9.0-0.3build3 [29.6 kB]
2026-10-09T14:22:18.3483806Z Get:82 http://azure.archive.ubuntu.com/ubuntu noble/universe amd64 libopenal1 amd64 1:1.23.1-4build1 [540 kB]
2026-10-09T14:22:18.3821169Z Get:83 http://azure.archive.ubuntu.com/ubuntu noble/main amd64 libdecor-0-0 amd64 0.2.2-1build2 [16.5 kB]
2026-10-09T14:22:18.4132091Z Get:84 http://azure.archive.ubuntu.com/ubuntu noble-updates/main amd64 libsdl2-2.0-0 amd64 2.30.0+dfsg-1ubuntu3.1 [686 kB]
2026-10-09T14:22:18.4475048Z Get:85 http://azure.archive.ubuntu.com/ubuntu noble/main amd64 libxcb-shape0 amd64 1.15-1ubuntu2 [6100 B]
2026-10-09T14:22:18.4788453Z Get:86 http://azure.archive.ubuntu.com/ubuntu noble/main amd64 libxv1 amd64 2:1.0.11-1.1build1 [10.7 kB]
2026-10-09T14:22:18.5417268Z Get:87 http://azure.archive.ubuntu.com/ubuntu noble/universe amd64 libavdevice60 amd64 7:6.1.1-3ubuntu5 [82.3 kB]
2026-10-09T14:22:18.6599325Z Get:88 http://azure.archive.ubuntu.com/ubuntu noble/universe amd64 ffmpeg amd64 7:6.1.1-3ubuntu5 [1879 kB]
2026-10-09T14:22:19.0702709Z Fetched 62.8 MB in 4s (15.4 MB/s)
2026-10-09T14:22:19.0881319Z Selecting previously unselected package libva2:amd64.
2026-10-09T14:22:19.1059826Z (Reading database ... 
2026-10-09T14:22:19.1060849Z (Reading database ... 5%
2026-10-09T14:22:19.1061211Z (Reading database ... 10%
2026-10-09T14:22:19.1061592Z (Reading database ... 15%
2026-10-09T14:22:19.1061829Z (Reading database ... 20%
2026-10-09T14:22:19.1062115Z (Reading database ... 25%
2026-10-09T14:22:19.1062511Z (Reading database ... 30%
2026-10-09T14:22:19.1062925Z (Reading database ... 35%
2026-10-09T14:22:19.1063294Z (Reading database ... 40%
2026-10-09T14:22:19.1063523Z (Reading database ... 45%
2026-10-09T14:22:19.1063766Z (Reading database ... 50%
2026-10-09T14:22:19.1105453Z (Reading database ... 55%
2026-10-09T14:22:19.2488721Z (Reading database ... 60%
2026-10-09T14:22:19.4381762Z (Reading database ... 65%
2026-10-09T14:22:19.6440675Z (Reading database ... 70%
2026-10-09T14:22:19.8445526Z (Reading database ... 75%
2026-10-09T14:22:19.9864556Z (Reading database ... 80%
2026-10-09T14:22:20.1929202Z (Reading database ... 85%
2026-10-09T14:22:20.4004953Z (Reading database ... 90%
2026-10-09T14:22:20.5512392Z (Reading database ... 95%
2026-10-09T14:22:20.5512816Z (Reading database ... 100%
2026-10-09T14:22:20.5513315Z (Reading database ... 203191 files and directories currently installed.)
2026-10-09T14:22:20.5553320Z Preparing to unpack .../00-libva2_2.20.0-2ubuntu0.2_amd64.deb ...
2026-10-09T14:22:20.5582037Z Unpacking libva2:amd64 (2.20.0-2ubuntu0.2) ...
2026-10-09T14:22:20.5758416Z Selecting previously unselected package libva-drm2:amd64.
2026-10-09T14:22:20.5849761Z Preparing to unpack .../01-libva-drm2_2.20.0-2ubuntu0.2_amd64.deb ...
2026-10-09T14:22:20.5858253Z Unpacking libva-drm2:amd64 (2.20.0-2ubuntu0.2) ...
2026-10-09T14:22:20.6012173Z Selecting previously unselected package libva-x11-2:amd64.
2026-10-09T14:22:20.6104824Z Preparing to unpack .../02-libva-x11-2_2.20.0-2ubuntu0.2_amd64.deb ...
2026-10-09T14:22:20.6112907Z Unpacking libva-x11-2:amd64 (2.20.0-2ubuntu0.2) ...
2026-10-09T14:22:20.6263793Z Selecting previously unselected package libvdpau1:amd64.
2026-10-09T14:22:20.6351346Z Preparing to unpack .../03-libvdpau1_1.5-2build1_amd64.deb ...
2026-10-09T14:22:20.6359238Z Unpacking libvdpau1:amd64 (1.5-2build1) ...
2026-10-09T14:22:20.6505503Z Selecting previously unselected package libvpl2.
2026-10-09T14:22:20.6591346Z Preparing to unpack .../04-libvpl2_2023.3.0-1build1_amd64.deb ...
2026-10-09T14:22:20.6599761Z Unpacking libvpl2 (2023.3.0-1build1) ...
2026-10-09T14:22:20.6762752Z Selecting previously unselected package ocl-icd-libopencl1:amd64.
2026-10-09T14:22:20.6848261Z Preparing to unpack .../05-ocl-icd-libopencl1_2.3.2-1build1_amd64.deb ...
2026-10-09T14:22:20.6856431Z Unpacking ocl-icd-libopencl1:amd64 (2.3.2-1build1) ...
2026-10-09T14:22:20.7036301Z Selecting previously unselected package libavutil58:amd64.
2026-10-09T14:22:20.7121812Z Preparing to unpack .../06-libavutil58_7%3a6.1.1-3ubuntu5_amd64.deb ...
2026-10-09T14:22:20.7129881Z Unpacking libavutil58:amd64 (7:6.1.1-3ubuntu5) ...
2026-10-09T14:22:20.7318401Z Selecting previously unselected package libcodec2-1.2:amd64.
2026-10-09T14:22:20.7408630Z Preparing to unpack .../07-libcodec2-1.2_1.2.0-2build1_amd64.deb ...
2026-10-09T14:22:20.7416600Z Unpacking libcodec2-1.2:amd64 (1.2.0-2build1) ...
2026-10-09T14:22:20.8768900Z Selecting previously unselected package libdav1d7:amd64.
2026-10-09T14:22:20.8872353Z Preparing to unpack .../08-libdav1d7_1.4.1-1build1_amd64.deb ...
2026-10-09T14:22:20.8882354Z Unpacking libdav1d7:amd64 (1.4.1-1build1) ...
2026-10-09T14:22:20.9099897Z Selecting previously unselected package libgsm1:amd64.
2026-10-09T14:22:20.9201527Z Preparing to unpack .../09-libgsm1_1.0.22-1build1_amd64.deb ...
2026-10-09T14:22:20.9211746Z Unpacking libgsm1:amd64 (1.0.22-1build1) ...
2026-10-09T14:22:20.9364751Z Selecting previously unselected package libhwy1t64:amd64.
2026-10-09T14:22:20.9466684Z Preparing to unpack .../10-libhwy1t64_1.0.7-8.1build1_amd64.deb ...
2026-10-09T14:22:20.9474514Z Unpacking libhwy1t64:amd64 (1.0.7-8.1build1) ...
2026-10-09T14:22:20.9778485Z Selecting previously unselected package libjxl0.7:amd64.
2026-10-09T14:22:20.9877167Z Preparing to unpack .../11-libjxl0.7_0.7.0-10.2ubuntu6.1_amd64.deb ...
2026-10-09T14:22:20.9884861Z Unpacking libjxl0.7:amd64 (0.7.0-10.2ubuntu6.1) ...
2026-10-09T14:22:21.0177519Z Selecting previously unselected package libmp3lame0:amd64.
2026-10-09T14:22:21.0274975Z Preparing to unpack .../12-libmp3lame0_3.100-6build1_amd64.deb ...
2026-10-09T14:22:21.0284664Z Unpacking libmp3lame0:amd64 (3.100-6build1) ...
2026-10-09T14:22:21.0450998Z Selecting previously unselected package libopus0:amd64.
2026-10-09T14:22:21.0546415Z Preparing to unpack .../13-libopus0_1.4-1build1_amd64.deb ...
2026-10-09T14:22:21.0555074Z Unpacking libopus0:amd64 (1.4-1build1) ...
2026-10-09T14:22:21.0720077Z Selecting previously unselected package librav1e0:amd64.
2026-10-09T14:22:21.0813067Z Preparing to unpack .../14-librav1e0_0.7.1-2_amd64.deb ...
2026-10-09T14:22:21.0822608Z Unpacking librav1e0:amd64 (0.7.1-2) ...
2026-10-09T14:22:21.1165497Z Selecting previously unselected package librsvg2-2:amd64.
2026-10-09T14:22:21.1260058Z Preparing to unpack .../15-librsvg2-2_2.58.0+dfsg-1ubuntu0.1_amd64.deb ...
2026-10-09T14:22:21.1269340Z Unpacking librsvg2-2:amd64 (2.58.0+dfsg-1ubuntu0.1) ...
2026-10-09T14:22:21.1826802Z Selecting previously unselected package libshine3:amd64.
2026-10-09T14:22:21.1922484Z Preparing to unpack .../16-libshine3_3.1.1-2build1_amd64.deb ...
2026-10-09T14:22:21.1931924Z Unpacking libshine3:amd64 (3.1.1-2build1) ...
2026-10-09T14:22:21.2077893Z Selecting previously unselected package libspeex1:amd64.
2026-10-09T14:22:21.2170916Z Preparing to unpack .../17-libspeex1_1.2.1-2ubuntu2.24.04.1_amd64.deb ...
2026-10-09T14:22:21.2178972Z Unpacking libspeex1:amd64 (1.2.1-2ubuntu2.24.04.1) ...
2026-10-09T14:22:21.2328896Z Selecting previously unselected package libsvtav1enc1d1:amd64.
2026-10-09T14:22:21.2420089Z Preparing to unpack .../18-libsvtav1enc1d1_1.7.0+dfsg-2build1_amd64.deb ...
2026-10-09T14:22:21.2429045Z Unpacking libsvtav1enc1d1:amd64 (1.7.0+dfsg-2build1) ...
2026-10-09T14:22:21.3069743Z Selecting previously unselected package libsoxr0:amd64.
2026-10-09T14:22:21.3163958Z Preparing to unpack .../19-libsoxr0_0.1.3-4build3_amd64.deb ...
2026-10-09T14:22:21.3172339Z Unpacking libsoxr0:amd64 (0.1.3-4build3) ...
2026-10-09T14:22:21.3327790Z Selecting previously unselected package libswresample4:amd64.
2026-10-09T14:22:21.3421545Z Preparing to unpack .../20-libswresample4_7%3a6.1.1-3ubuntu5_amd64.deb ...
2026-10-09T14:22:21.3429653Z Unpacking libswresample4:amd64 (7:6.1.1-3ubuntu5) ...
2026-10-09T14:22:21.3586603Z Selecting previously unselected package libtheora0:amd64.
2026-10-09T14:22:21.3674745Z Preparing to unpack .../21-libtheora0_1.1.1+dfsg.1-16.1build3_amd64.deb ...
2026-10-09T14:22:21.3682761Z Unpacking libtheora0:amd64 (1.1.1+dfsg.1-16.1build3) ...
2026-10-09T14:22:21.3851139Z Selecting previously unselected package libtwolame0:amd64.
2026-10-09T14:22:21.3937271Z Preparing to unpack .../22-libtwolame0_0.4.0-2build3_amd64.deb ...
2026-10-09T14:22:21.3946322Z Unpacking libtwolame0:amd64 (0.4.0-2build3) ...
2026-10-09T14:22:21.4087761Z Selecting previously unselected package libvorbisenc2:amd64.
2026-10-09T14:22:21.4171293Z Preparing to unpack .../23-libvorbisenc2_1.3.7-1build3_amd64.deb ...
2026-10-09T14:22:21.4179367Z Unpacking libvorbisenc2:amd64 (1.3.7-1build3) ...
2026-10-09T14:22:21.4378560Z Selecting previously unselected package libvpx9:amd64.
2026-10-09T14:22:21.4459739Z Preparing to unpack .../24-libvpx9_1.14.0-1ubuntu2.3_amd64.deb ...
2026-10-09T14:22:21.4468390Z Unpacking libvpx9:amd64 (1.14.0-1ubuntu2.3) ...
2026-10-09T14:22:21.4746356Z Selecting previously unselected package libx264-164:amd64.
2026-10-09T14:22:21.4829529Z Preparing to unpack .../25-libx264-164_2%3a0.164.3108+git31e19f9-1_amd64.deb ...
2026-10-09T14:22:21.4837959Z Unpacking libx264-164:amd64 (2:0.164.3108+git31e19f9-1) ...
2026-10-09T14:22:21.5037719Z Selecting previously unselected package libx265-199:amd64.
2026-10-09T14:22:21.5119988Z Preparing to unpack .../26-libx265-199_3.5-2build1_amd64.deb ...
2026-10-09T14:22:21.5127965Z Unpacking libx265-199:amd64 (3.5-2build1) ...
2026-10-09T14:22:21.6288902Z Selecting previously unselected package libxvidcore4:amd64.
2026-10-09T14:22:21.6388705Z Preparing to unpack .../27-libxvidcore4_2%3a1.3.7-1build1_amd64.deb ...
2026-10-09T14:22:21.6397318Z Unpacking libxvidcore4:amd64 (2:1.3.7-1build1) ...
2026-10-09T14:22:21.6573670Z Selecting previously unselected package libzvbi-common.
2026-10-09T14:22:21.6666376Z Preparing to unpack .../28-libzvbi-common_0.2.42-2_all.deb ...
2026-10-09T14:22:21.6675488Z Unpacking libzvbi-common (0.2.42-2) ...
2026-10-09T14:22:21.6880796Z Selecting previously unselected package libzvbi0t64:amd64.
2026-10-09T14:22:21.6967891Z Preparing to unpack .../29-libzvbi0t64_0.2.42-2_amd64.deb ...
2026-10-09T14:22:21.6976468Z Unpacking libzvbi0t64:amd64 (0.2.42-2) ...
2026-10-09T14:22:21.7156146Z Selecting previously unselected package libavcodec60:amd64.
2026-10-09T14:22:21.7243108Z Preparing to unpack .../30-libavcodec60_7%3a6.1.1-3ubuntu5_amd64.deb ...
2026-10-09T14:22:21.7251970Z Unpacking libavcodec60:amd64 (7:6.1.1-3ubuntu5) ...
2026-10-09T14:22:21.8677674Z Selecting previously unselected package libraw1394-11:amd64.
2026-10-09T14:22:21.8775582Z Preparing to unpack .../31-libraw1394-11_2.1.2-2build3_amd64.deb ...
2026-10-09T14:22:21.8784556Z Unpacking libraw1394-11:amd64 (2.1.2-2build3) ...
2026-10-09T14:22:21.8933143Z Selecting previously unselected package libavc1394-0:amd64.
2026-10-09T14:22:21.9027394Z Preparing to unpack .../32-libavc1394-0_0.5.4-5build3_amd64.deb ...
2026-10-09T14:22:21.9036199Z Unpacking libavc1394-0:amd64 (0.5.4-5build3) ...
2026-10-09T14:22:21.9183443Z Selecting previously unselected package libunibreak5:amd64.
2026-10-09T14:22:21.9270242Z Preparing to unpack .../33-libunibreak5_5.1-2build1_amd64.deb ...
2026-10-09T14:22:21.9279458Z Unpacking libunibreak5:amd64 (5.1-2build1) ...
2026-10-09T14:22:21.9431232Z Selecting previously unselected package libass9:amd64.
2026-10-09T14:22:21.9516922Z Preparing to unpack .../34-libass9_1%3a0.17.1-2build1_amd64.deb ...
2026-10-09T14:22:21.9528295Z Unpacking libass9:amd64 (1:0.17.1-2build1) ...
2026-10-09T14:22:21.9685452Z Selecting previously unselected package libudfread0:amd64.
2026-10-09T14:22:21.9769666Z Preparing to unpack .../35-libudfread0_1.1.2-1build1_amd64.deb ...
2026-10-09T14:22:21.9778562Z Unpacking libudfread0:amd64 (1.1.2-1build1) ...
2026-10-09T14:22:21.9924769Z Selecting previously unselected package libbluray2:amd64.
2026-10-09T14:22:22.0007683Z Preparing to unpack .../36-libbluray2_1%3a1.3.4-1build1_amd64.deb ...
2026-10-09T14:22:22.0016713Z Unpacking libbluray2:amd64 (1:1.3.4-1build1) ...
2026-10-09T14:22:22.0176214Z Selecting previously unselected package libchromaprint1:amd64.
2026-10-09T14:22:22.0259582Z Preparing to unpack .../37-libchromaprint1_1.5.1-5_amd64.deb ...
2026-10-09T14:22:22.0268202Z Unpacking libchromaprint1:amd64 (1.5.1-5) ...
2026-10-09T14:22:22.0416901Z Selecting previously unselected package libgme0:amd64.
2026-10-09T14:22:22.0500594Z Preparing to unpack .../38-libgme0_0.6.3-7build1_amd64.deb ...
2026-10-09T14:22:22.0510630Z Unpacking libgme0:amd64 (0.6.3-7build1) ...
2026-10-09T14:22:22.0667991Z Selecting previously unselected package libmpg123-0t64:amd64.
2026-10-09T14:22:22.0750053Z Preparing to unpack .../39-libmpg123-0t64_1.32.5-1ubuntu1.1_amd64.deb ...
2026-10-09T14:22:22.0758425Z Unpacking libmpg123-0t64:amd64 (1.32.5-1ubuntu1.1) ...
2026-10-09T14:22:22.0924708Z Selecting previously unselected package libopenmpt0t64:amd64.
2026-10-09T14:22:22.1004770Z Preparing to unpack .../40-libopenmpt0t64_0.7.3-1.1build3_amd64.deb ...
2026-10-09T14:22:22.1013098Z Unpacking libopenmpt0t64:amd64 (0.7.3-1.1build3) ...
2026-10-09T14:22:22.1227525Z Selecting previously unselected package libcjson1:amd64.
2026-10-09T14:22:22.1309067Z Preparing to unpack .../41-libcjson1_1.7.17-1_amd64.deb ...
2026-10-09T14:22:22.1316364Z Unpacking libcjson1:amd64 (1.7.17-1) ...
2026-10-09T14:22:22.1477085Z Selecting previously unselected package libmbedcrypto7t64:amd64.
2026-10-09T14:22:22.1558265Z Preparing to unpack .../42-libmbedcrypto7t64_2.28.8-1_amd64.deb ...
2026-10-09T14:22:22.1570272Z Unpacking libmbedcrypto7t64:amd64 (2.28.8-1) ...
2026-10-09T14:22:22.1748210Z Selecting previously unselected package librist4:amd64.
2026-10-09T14:22:22.1829672Z Preparing to unpack .../43-librist4_0.2.10+dfsg-2_amd64.deb ...
2026-10-09T14:22:22.1837538Z Unpacking librist4:amd64 (0.2.10+dfsg-2) ...
2026-10-09T14:22:22.1996166Z Selecting previously unselected package libsrt1.5-gnutls:amd64.
2026-10-09T14:22:22.2077334Z Preparing to unpack .../44-libsrt1.5-gnutls_1.5.3-1build2_amd64.deb ...
2026-10-09T14:22:22.2085457Z Unpacking libsrt1.5-gnutls:amd64 (1.5.3-1build2) ...
2026-10-09T14:22:22.2274268Z Selecting previously unselected package libssh-gcrypt-4:amd64.
2026-10-09T14:22:22.2356102Z Preparing to unpack .../45-libssh-gcrypt-4_0.10.6-2ubuntu0.5_amd64.deb ...
2026-10-09T14:22:22.2368710Z Unpacking libssh-gcrypt-4:amd64 (0.10.6-2ubuntu0.5) ...
2026-10-09T14:22:22.2547612Z Selecting previously unselected package libavformat60:amd64.
2026-10-09T14:22:22.2630344Z Preparing to unpack .../46-libavformat60_7%3a6.1.1-3ubuntu5_amd64.deb ...
2026-10-09T14:22:22.2642831Z Unpacking libavformat60:amd64 (7:6.1.1-3ubuntu5) ...
2026-10-09T14:22:22.2966163Z Selecting previously unselected package libbs2b0:amd64.
2026-10-09T14:22:22.3052684Z Preparing to unpack .../47-libbs2b0_3.1.0+dfsg-7build1_amd64.deb ...
2026-10-09T14:22:22.3064695Z Unpacking libbs2b0:amd64 (3.1.0+dfsg-7build1) ...
2026-10-09T14:22:22.3245370Z Selecting previously unselected package libflite1:amd64.
2026-10-09T14:22:22.3332543Z Preparing to unpack .../48-libflite1_2.2-6build3_amd64.deb ...
2026-10-09T14:22:22.3345304Z Unpacking libflite1:amd64 (2.2-6build3) ...
2026-10-09T14:22:22.4847728Z Selecting previously unselected package libserd-0-0:amd64.
2026-10-09T14:22:22.4951871Z Preparing to unpack .../49-libserd-0-0_0.32.2-1_amd64.deb ...
2026-10-09T14:22:22.4959826Z Unpacking libserd-0-0:amd64 (0.32.2-1) ...
2026-10-09T14:22:22.5138010Z Selecting previously unselected package libzix-0-0:amd64.
2026-10-09T14:22:22.5239499Z Preparing to unpack .../50-libzix-0-0_0.4.2-2build1_amd64.deb ...
2026-10-09T14:22:22.5251793Z Unpacking libzix-0-0:amd64 (0.4.2-2build1) ...
2026-10-09T14:22:22.5425466Z Selecting previously unselected package libsord-0-0:amd64.
2026-10-09T14:22:22.5521530Z Preparing to unpack .../51-libsord-0-0_0.16.16-2build1_amd64.deb ...
2026-10-09T14:22:22.5530697Z Unpacking libsord-0-0:amd64 (0.16.16-2build1) ...
2026-10-09T14:22:22.5699816Z Selecting previously unselected package libsratom-0-0:amd64.
2026-10-09T14:22:22.5795886Z Preparing to unpack .../52-libsratom-0-0_0.6.16-1build1_amd64.deb ...
2026-10-09T14:22:22.5804796Z Unpacking libsratom-0-0:amd64 (0.6.16-1build1) ...
2026-10-09T14:22:22.5971788Z Selecting previously unselected package liblilv-0-0:amd64.
2026-10-09T14:22:22.6064961Z Preparing to unpack .../53-liblilv-0-0_0.24.22-1build1_amd64.deb ...
2026-10-09T14:22:22.6072624Z Unpacking liblilv-0-0:amd64 (0.24.22-1build1) ...
2026-10-09T14:22:22.6233792Z Selecting previously unselected package libmysofa1:amd64.
2026-10-09T14:22:22.6324668Z Preparing to unpack .../54-libmysofa1_1.3.2+dfsg-2ubuntu2_amd64.deb ...
2026-10-09T14:22:22.6337779Z Unpacking libmysofa1:amd64 (1.3.2+dfsg-2ubuntu2) ...
2026-10-09T14:22:22.6537276Z Selecting previously unselected package libplacebo338:amd64.
2026-10-09T14:22:22.6629295Z Preparing to unpack .../55-libplacebo338_6.338.2-2build1_amd64.deb ...
2026-10-09T14:22:22.6638134Z Unpacking libplacebo338:amd64 (6.338.2-2build1) ...
2026-10-09T14:22:22.7468015Z Selecting previously unselected package libblas3:amd64.
2026-10-09T14:22:22.7567875Z Preparing to unpack .../56-libblas3_3.12.0-3build1.1_amd64.deb ...
2026-10-09T14:22:22.7591241Z Unpacking libblas3:amd64 (3.12.0-3build1.1) ...
2026-10-09T14:22:22.7790771Z Selecting previously unselected package liblapack3:amd64.
2026-10-09T14:22:22.7887188Z Preparing to unpack .../57-liblapack3_3.12.0-3build1.1_amd64.deb ...
2026-10-09T14:22:22.7913137Z Unpacking liblapack3:amd64 (3.12.0-3build1.1) ...
2026-10-09T14:22:22.8619817Z Selecting previously unselected package libasyncns0:amd64.
2026-10-09T14:22:22.8718099Z Preparing to unpack .../58-libasyncns0_0.8-6build4_amd64.deb ...
2026-10-09T14:22:22.8729408Z Unpacking libasyncns0:amd64 (0.8-6build4) ...
2026-10-09T14:22:22.8895699Z Selecting previously unselected package libflac12t64:amd64.
2026-10-09T14:22:22.8992559Z Preparing to unpack .../59-libflac12t64_1.4.3+ds-2.1ubuntu2_amd64.deb ...
2026-10-09T14:22:22.9005099Z Unpacking libflac12t64:amd64 (1.4.3+ds-2.1ubuntu2) ...
2026-10-09T14:22:22.9188627Z Selecting previously unselected package libsndfile1:amd64.
2026-10-09T14:22:22.9283268Z Preparing to unpack .../60-libsndfile1_1.2.2-1ubuntu5.24.04.1_amd64.deb ...
2026-10-09T14:22:22.9296358Z Unpacking libsndfile1:amd64 (1.2.2-1ubuntu5.24.04.1) ...
2026-10-09T14:22:22.9512072Z Selecting previously unselected package libpulse0:amd64.
2026-10-09T14:22:22.9605478Z Preparing to unpack .../61-libpulse0_1%3a16.1+dfsg1-2ubuntu10.1_amd64.deb ...
2026-10-09T14:22:22.9655448Z Unpacking libpulse0:amd64 (1:16.1+dfsg1-2ubuntu10.1) ...
2026-10-09T14:22:22.9851642Z Selecting previously unselected package libsphinxbase3t64:amd64.
2026-10-09T14:22:22.9940842Z Preparing to unpack .../62-libsphinxbase3t64_0.8+5prealpha+1-17build2_amd64.deb ...
2026-10-09T14:22:22.9948488Z Unpacking libsphinxbase3t64:amd64 (0.8+5prealpha+1-17build2) ...
2026-10-09T14:22:23.0123042Z Selecting previously unselected package libpocketsphinx3:amd64.
2026-10-09T14:22:23.0210561Z Preparing to unpack .../63-libpocketsphinx3_0.8.0+real5prealpha+1-15ubuntu5_amd64.deb ...
2026-10-09T14:22:23.0219779Z Unpacking libpocketsphinx3:amd64 (0.8.0+real5prealpha+1-15ubuntu5) ...
2026-10-09T14:22:23.0389624Z Selecting previously unselected package libpostproc57:amd64.
2026-10-09T14:22:23.0477811Z Preparing to unpack .../64-libpostproc57_7%3a6.1.1-3ubuntu5_amd64.deb ...
2026-10-09T14:22:23.0486880Z Unpacking libpostproc57:amd64 (7:6.1.1-3ubuntu5) ...
2026-10-09T14:22:23.0653047Z Selecting previously unselected package libsamplerate0:amd64.
2026-10-09T14:22:23.0738154Z Preparing to unpack .../65-libsamplerate0_0.2.2-4build1_amd64.deb ...
2026-10-09T14:22:23.0749814Z Unpacking libsamplerate0:amd64 (0.2.2-4build1) ...
2026-10-09T14:22:23.0966876Z Selecting previously unselected package librubberband2:amd64.
2026-10-09T14:22:23.1048757Z Preparing to unpack .../66-librubberband2_3.3.0+dfsg-2build1_amd64.deb ...
2026-10-09T14:22:23.1057668Z Unpacking librubberband2:amd64 (3.3.0+dfsg-2build1) ...
2026-10-09T14:22:23.1227016Z Selecting previously unselected package libswscale7:amd64.
2026-10-09T14:22:23.1308530Z Preparing to unpack .../67-libswscale7_7%3a6.1.1-3ubuntu5_amd64.deb ...
2026-10-09T14:22:23.1316564Z Unpacking libswscale7:amd64 (7:6.1.1-3ubuntu5) ...
2026-10-09T14:22:23.1492855Z Selecting previously unselected package libvidstab1.1:amd64.
2026-10-09T14:22:23.1574786Z Preparing to unpack .../68-libvidstab1.1_1.1.0-2build1_amd64.deb ...
2026-10-09T14:22:23.1587849Z Unpacking libvidstab1.1:amd64 (1.1.0-2build1) ...
2026-10-09T14:22:23.1749004Z Selecting previously unselected package libzimg2:amd64.
2026-10-09T14:22:23.1830501Z Preparing to unpack .../69-libzimg2_3.0.5+ds1-1build1_amd64.deb ...
2026-10-09T14:22:23.1840506Z Unpacking libzimg2:amd64 (3.0.5+ds1-1build1) ...
2026-10-09T14:22:23.2029960Z Selecting previously unselected package libavfilter9:amd64.
2026-10-09T14:22:23.2110785Z Preparing to unpack .../70-libavfilter9_7%3a6.1.1-3ubuntu5_amd64.deb ...
2026-10-09T14:22:23.2128399Z Unpacking libavfilter9:amd64 (7:6.1.1-3ubuntu5) ...
2026-10-09T14:22:23.3300403Z Selecting previously unselected package libcaca0:amd64.
2026-10-09T14:22:23.3397400Z Preparing to unpack .../71-libcaca0_0.99.beta20-4ubuntu0.2_amd64.deb ...
2026-10-09T14:22:23.3406692Z Unpacking libcaca0:amd64 (0.99.beta20-4ubuntu0.2) ...
2026-10-09T14:22:23.3606991Z Selecting previously unselected package libcdio19t64:amd64.
2026-10-09T14:22:23.3701337Z Preparing to unpack .../72-libcdio19t64_2.1.0-4.1ubuntu1.2_amd64.deb ...
2026-10-09T14:22:23.3710368Z Unpacking libcdio19t64:amd64 (2.1.0-4.1ubuntu1.2) ...
2026-10-09T14:22:23.3873241Z Selecting previously unselected package libcdio-cdda2t64:amd64.
2026-10-09T14:22:23.3965407Z Preparing to unpack .../73-libcdio-cdda2t64_10.2+2.0.1-1.1build2_amd64.deb ...
2026-10-09T14:22:23.3978561Z Unpacking libcdio-cdda2t64:amd64 (10.2+2.0.1-1.1build2) ...
2026-10-09T14:22:23.4147694Z Selecting previously unselected package libcdio-paranoia2t64:amd64.
2026-10-09T14:22:23.4235612Z Preparing to unpack .../74-libcdio-paranoia2t64_10.2+2.0.1-1.1build2_amd64.deb ...
2026-10-09T14:22:23.4244328Z Unpacking libcdio-paranoia2t64:amd64 (10.2+2.0.1-1.1build2) ...
2026-10-09T14:22:23.4411423Z Selecting previously unselected package libdc1394-25:amd64.
2026-10-09T14:22:23.4497281Z Preparing to unpack .../75-libdc1394-25_2.2.6-4build1_amd64.deb ...
2026-10-09T14:22:23.4506152Z Unpacking libdc1394-25:amd64 (2.2.6-4build1) ...
2026-10-09T14:22:23.4722206Z Selecting previously unselected package libiec61883-0:amd64.
2026-10-09T14:22:23.4805132Z Preparing to unpack .../76-libiec61883-0_1.2.0-6build1_amd64.deb ...
2026-10-09T14:22:23.4812735Z Unpacking libiec61883-0:amd64 (1.2.0-6build1) ...
2026-10-09T14:22:23.4954239Z Selecting previously unselected package libjack-jackd2-0:amd64.
2026-10-09T14:22:23.5035992Z Preparing to unpack .../77-libjack-jackd2-0_1.9.21~dfsg-3ubuntu3_amd64.deb ...
2026-10-09T14:22:23.5044108Z Unpacking libjack-jackd2-0:amd64 (1.9.21~dfsg-3ubuntu3) ...
2026-10-09T14:22:23.5221500Z Selecting previously unselected package libopenal-data.
2026-10-09T14:22:23.5305549Z Preparing to unpack .../78-libopenal-data_1%3a1.23.1-4build1_all.deb ...
2026-10-09T14:22:23.5314775Z Unpacking libopenal-data (1:1.23.1-4build1) ...
2026-10-09T14:22:23.5480763Z Selecting previously unselected package libsndio7.0:amd64.
2026-10-09T14:22:23.5564360Z Preparing to unpack .../79-libsndio7.0_1.9.0-0.3build3_amd64.deb ...
2026-10-09T14:22:23.5572199Z Unpacking libsndio7.0:amd64 (1.9.0-0.3build3) ...
2026-10-09T14:22:23.5843475Z Selecting previously unselected package libopenal1:amd64.
2026-10-09T14:22:23.5929080Z Preparing to unpack .../80-libopenal1_1%3a1.23.1-4build1_amd64.deb ...
2026-10-09T14:22:23.5937201Z Unpacking libopenal1:amd64 (1:1.23.1-4build1) ...
2026-10-09T14:22:23.6132684Z Selecting previously unselected package libdecor-0-0:amd64.
2026-10-09T14:22:23.6217063Z Preparing to unpack .../81-libdecor-0-0_0.2.2-1build2_amd64.deb ...
2026-10-09T14:22:23.6225664Z Unpacking libdecor-0-0:amd64 (0.2.2-1build2) ...
2026-10-09T14:22:23.6442420Z Selecting previously unselected package libsdl2-2.0-0:amd64.
2026-10-09T14:22:23.6525475Z Preparing to unpack .../82-libsdl2-2.0-0_2.30.0+dfsg-1ubuntu3.1_amd64.deb ...
2026-10-09T14:22:23.6535032Z Unpacking libsdl2-2.0-0:amd64 (2.30.0+dfsg-1ubuntu3.1) ...
2026-10-09T14:22:23.7609321Z Selecting previously unselected package libxcb-shape0:amd64.
2026-10-09T14:22:23.7707570Z Preparing to unpack .../83-libxcb-shape0_1.15-1ubuntu2_amd64.deb ...
2026-10-09T14:22:23.7715953Z Unpacking libxcb-shape0:amd64 (1.15-1ubuntu2) ...
2026-10-09T14:22:23.7861511Z Selecting previously unselected package libxv1:amd64.
2026-10-09T14:22:23.7955857Z Preparing to unpack .../84-libxv1_2%3a1.0.11-1.1build1_amd64.deb ...
2026-10-09T14:22:23.7963882Z Unpacking libxv1:amd64 (2:1.0.11-1.1build1) ...
2026-10-09T14:22:23.8115126Z Selecting previously unselected package libavdevice60:amd64.
2026-10-09T14:22:23.8208485Z Preparing to unpack .../85-libavdevice60_7%3a6.1.1-3ubuntu5_amd64.deb ...
2026-10-09T14:22:23.8216942Z Unpacking libavdevice60:amd64 (7:6.1.1-3ubuntu5) ...
2026-10-09T14:22:23.8363792Z Selecting previously unselected package ffmpeg.
2026-10-09T14:22:23.8453323Z Preparing to unpack .../86-ffmpeg_7%3a6.1.1-3ubuntu5_amd64.deb ...
2026-10-09T14:22:23.8461840Z Unpacking ffmpeg (7:6.1.1-3ubuntu5) ...
2026-10-09T14:22:23.8913822Z Setting up libgme0:amd64 (0.6.3-7build1) ...
2026-10-09T14:22:23.8939943Z Setting up libchromaprint1:amd64 (1.5.1-5) ...
2026-10-09T14:22:23.8968255Z Setting up libssh-gcrypt-4:amd64 (0.10.6-2ubuntu0.5) ...
2026-10-09T14:22:23.8991079Z Setting up libhwy1t64:amd64 (1.0.7-8.1build1) ...
2026-10-09T14:22:23.9014494Z Setting up libudfread0:amd64 (1.1.2-1build1) ...
2026-10-09T14:22:23.9044362Z Setting up libraw1394-11:amd64 (2.1.2-2build3) ...
2026-10-09T14:22:23.9069659Z Setting up libspeex1:amd64 (1.2.1-2ubuntu2.24.04.1) ...
2026-10-09T14:22:23.9091568Z Setting up libshine3:amd64 (3.1.1-2build1) ...
2026-10-09T14:22:23.9124413Z Setting up libcaca0:amd64 (0.99.beta20-4ubuntu0.2) ...
2026-10-09T14:22:23.9151305Z Setting up libvpl2 (2023.3.0-1build1) ...
2026-10-09T14:22:23.9179199Z Setting up libx264-164:amd64 (2:0.164.3108+git31e19f9-1) ...
2026-10-09T14:22:23.9206409Z Setting up libtwolame0:amd64 (0.4.0-2build3) ...
2026-10-09T14:22:23.9231568Z Setting up libmbedcrypto7t64:amd64 (2.28.8-1) ...
2026-10-09T14:22:23.9257694Z Setting up libgsm1:amd64 (1.0.22-1build1) ...
2026-10-09T14:22:23.9283588Z Setting up libsoxr0:amd64 (0.1.3-4build3) ...
2026-10-09T14:22:23.9303643Z Setting up libzix-0-0:amd64 (0.4.2-2build1) ...
2026-10-09T14:22:23.9326510Z Setting up libcodec2-1.2:amd64 (1.2.0-2build1) ...
2026-10-09T14:22:23.9347594Z Setting up libmysofa1:amd64 (1.3.2+dfsg-2ubuntu2) ...
2026-10-09T14:22:23.9368858Z Setting up libxcb-shape0:amd64 (1.15-1ubuntu2) ...
2026-10-09T14:22:23.9393190Z Setting up libcdio19t64:amd64 (2.1.0-4.1ubuntu1.2) ...
2026-10-09T14:22:23.9414024Z Setting up libsvtav1enc1d1:amd64 (1.7.0+dfsg-2build1) ...
2026-10-09T14:22:23.9440265Z Setting up libmpg123-0t64:amd64 (1.32.5-1ubuntu1.1) ...
2026-10-09T14:22:23.9460226Z Setting up libcjson1:amd64 (1.7.17-1) ...
2026-10-09T14:22:23.9479662Z Setting up libxvidcore4:amd64 (2:1.3.7-1build1) ...
2026-10-09T14:22:23.9504195Z Setting up librav1e0:amd64 (0.7.1-2) ...
2026-10-09T14:22:23.9524457Z Setting up libcdio-cdda2t64:amd64 (10.2+2.0.1-1.1build2) ...
2026-10-09T14:22:23.9549515Z Setting up librist4:amd64 (0.2.10+dfsg-2) ...
2026-10-09T14:22:23.9570614Z Setting up librsvg2-2:amd64 (2.58.0+dfsg-1ubuntu0.1) ...
2026-10-09T14:22:23.9591946Z Setting up libblas3:amd64 (3.12.0-3build1.1) ...
2026-10-09T14:22:23.9641313Z update-alternatives: using /usr/lib/x86_64-linux-gnu/blas/libblas.so.3 to provide /usr/lib/x86_64-linux-gnu/libblas.so.3 (libblas.so.3-x86_64-linux-gnu) in auto mode
2026-10-09T14:22:23.9662692Z Setting up libplacebo338:amd64 (6.338.2-2build1) ...
2026-10-09T14:22:23.9683704Z Setting up libva2:amd64 (2.20.0-2ubuntu0.2) ...
2026-10-09T14:22:23.9709870Z Setting up libopus0:amd64 (1.4-1build1) ...
2026-10-09T14:22:23.9731938Z Setting up libcdio-paranoia2t64:amd64 (10.2+2.0.1-1.1build2) ...
2026-10-09T14:22:23.9756685Z Setting up libdc1394-25:amd64 (2.2.6-4build1) ...
2026-10-09T14:22:23.9778154Z Setting up libxv1:amd64 (2:1.0.11-1.1build1) ...
2026-10-09T14:22:23.9799505Z Setting up libunibreak5:amd64 (5.1-2build1) ...
2026-10-09T14:22:23.9823285Z Setting up libjxl0.7:amd64 (0.7.0-10.2ubuntu6.1) ...
2026-10-09T14:22:23.9844768Z Setting up libx265-199:amd64 (3.5-2build1) ...
2026-10-09T14:22:23.9871047Z Setting up libsndio7.0:amd64 (1.9.0-0.3build3) ...
2026-10-09T14:22:23.9891704Z Setting up libvidstab1.1:amd64 (1.1.0-2build1) ...
2026-10-09T14:22:23.9913802Z Setting up libvpx9:amd64 (1.14.0-1ubuntu2.3) ...
2026-10-09T14:22:23.9937089Z Setting up libsrt1.5-gnutls:amd64 (1.5.3-1build2) ...
2026-10-09T14:22:23.9956951Z Setting up libflite1:amd64 (2.2-6build3) ...
2026-10-09T14:22:23.9980634Z Setting up libdav1d7:amd64 (1.4.1-1build1) ...
2026-10-09T14:22:24.0002104Z Setting up libva-drm2:amd64 (2.20.0-2ubuntu0.2) ...
2026-10-09T14:22:24.0024619Z Setting up ocl-icd-libopencl1:amd64 (2.3.2-1build1) ...
2026-10-09T14:22:24.0048596Z Setting up libasyncns0:amd64 (0.8-6build4) ...
2026-10-09T14:22:24.0073704Z Setting up libvdpau1:amd64 (1.5-2build1) ...
2026-10-09T14:22:24.0105713Z Setting up libbs2b0:amd64 (3.1.0+dfsg-7build1) ...
2026-10-09T14:22:24.0130318Z Setting up libtheora0:amd64 (1.1.1+dfsg.1-16.1build3) ...
2026-10-09T14:22:24.0152812Z Setting up libdecor-0-0:amd64 (0.2.2-1build2) ...
2026-10-09T14:22:24.0176805Z Setting up libzimg2:amd64 (3.0.5+ds1-1build1) ...
2026-10-09T14:22:24.0200100Z Setting up libopenal-data (1:1.23.1-4build1) ...
2026-10-09T14:22:24.0232811Z Setting up libflac12t64:amd64 (1.4.3+ds-2.1ubuntu2) ...
2026-10-09T14:22:24.0258358Z Setting up libbluray2:amd64 (1:1.3.4-1build1) ...
2026-10-09T14:22:24.0279978Z Setting up libsamplerate0:amd64 (0.2.2-4build1) ...
2026-10-09T14:22:24.0307875Z Setting up libva-x11-2:amd64 (2.20.0-2ubuntu0.2) ...
2026-10-09T14:22:24.0330097Z Setting up libopenmpt0t64:amd64 (0.7.3-1.1build3) ...
2026-10-09T14:22:24.0356081Z Setting up libzvbi-common (0.2.42-2) ...
2026-10-09T14:22:24.0378334Z Setting up libmp3lame0:amd64 (3.100-6build1) ...
2026-10-09T14:22:24.0399535Z Setting up libvorbisenc2:amd64 (1.3.7-1build3) ...
2026-10-09T14:22:24.0426061Z Setting up libiec61883-0:amd64 (1.2.0-6build1) ...
2026-10-09T14:22:24.0449202Z Setting up libserd-0-0:amd64 (0.32.2-1) ...
2026-10-09T14:22:24.0472747Z Setting up libavc1394-0:amd64 (0.5.4-5build3) ...
2026-10-09T14:22:24.0498096Z Setting up liblapack3:amd64 (3.12.0-3build1.1) ...
2026-10-09T14:22:24.0543360Z update-alternatives: using /usr/lib/x86_64-linux-gnu/lapack/liblapack.so.3 to provide /usr/lib/x86_64-linux-gnu/liblapack.so.3 (liblapack.so.3-x86_64-linux-gnu) in auto mode
2026-10-09T14:22:24.0569797Z Setting up libzvbi0t64:amd64 (0.2.42-2) ...
2026-10-09T14:22:24.0595190Z Setting up libavutil58:amd64 (7:6.1.1-3ubuntu5) ...
2026-10-09T14:22:24.0617957Z Setting up libopenal1:amd64 (1:1.23.1-4build1) ...
2026-10-09T14:22:24.0643098Z Setting up libass9:amd64 (1:0.17.1-2build1) ...
2026-10-09T14:22:24.0667985Z Setting up libswresample4:amd64 (7:6.1.1-3ubuntu5) ...
2026-10-09T14:22:24.0689909Z Setting up libavcodec60:amd64 (7:6.1.1-3ubuntu5) ...
2026-10-09T14:22:24.0713578Z Setting up librubberband2:amd64 (3.3.0+dfsg-2build1) ...
2026-10-09T14:22:24.0734536Z Setting up libjack-jackd2-0:amd64 (1.9.21~dfsg-3ubuntu3) ...
2026-10-09T14:22:24.0756575Z Setting up libsord-0-0:amd64 (0.16.16-2build1) ...
2026-10-09T14:22:24.0781951Z Setting up libpostproc57:amd64 (7:6.1.1-3ubuntu5) ...
2026-10-09T14:22:24.0806650Z Setting up libsratom-0-0:amd64 (0.6.16-1build1) ...
2026-10-09T14:22:24.0832674Z Setting up libsndfile1:amd64 (1.2.2-1ubuntu5.24.04.1) ...
2026-10-09T14:22:24.0853753Z Setting up liblilv-0-0:amd64 (0.24.22-1build1) ...
2026-10-09T14:22:24.0878188Z Setting up libswscale7:amd64 (7:6.1.1-3ubuntu5) ...
2026-10-09T14:22:24.0900459Z Setting up libpulse0:amd64 (1:16.1+dfsg1-2ubuntu10.1) ...
2026-10-09T14:22:24.0965724Z Setting up libavformat60:amd64 (7:6.1.1-3ubuntu5) ...
2026-10-09T14:22:24.0989984Z Setting up libsphinxbase3t64:amd64 (0.8+5prealpha+1-17build2) ...
2026-10-09T14:22:24.1011165Z Setting up libsdl2-2.0-0:amd64 (2.30.0+dfsg-1ubuntu3.1) ...
2026-10-09T14:22:24.1825581Z Setting up libpocketsphinx3:amd64 (0.8.0+real5prealpha+1-15ubuntu5) ...
2026-10-09T14:22:24.1851670Z Setting up libavfilter9:amd64 (7:6.1.1-3ubuntu5) ...
2026-10-09T14:22:24.1874356Z Setting up libavdevice60:amd64 (7:6.1.1-3ubuntu5) ...
2026-10-09T14:22:24.1898178Z Setting up ffmpeg (7:6.1.1-3ubuntu5) ...
2026-10-09T14:22:24.1927236Z Processing triggers for man-db (2.12.0-4build2) ...
2026-10-09T14:22:24.1948861Z Not building database; man-db/auto-update is not 'true'.
2026-10-09T14:22:24.1961099Z Processing triggers for libc-bin (2.39-0ubuntu8.9) ...
2026-10-09T14:22:24.8323219Z 
2026-10-09T14:22:24.8324338Z Running kernel seems to be up-to-date.
2026-10-09T14:22:24.8324784Z 
2026-10-09T14:22:24.8324928Z No services need to be restarted.
2026-10-09T14:22:24.8325114Z 
2026-10-09T14:22:24.8325209Z No containers need to be restarted.
2026-10-09T14:22:24.8325382Z 
2026-10-09T14:22:24.8325529Z No user sessions are running outdated binaries.
2026-10-09T14:22:24.8325709Z 
2026-10-09T14:22:24.8325891Z No VM guests are running outdated hypervisor (qemu) binaries on this host.
2026-10-09T14:22:25.9456771Z ##[group]Run sudo apt-get update
2026-10-09T14:22:25.9457270Z [36;1msudo apt-get update[0m
2026-10-09T14:22:25.9457718Z [36;1msudo apt-get install -y postgresql-client-16[0m
2026-10-09T14:22:25.9458242Z [36;1mecho "/usr/lib/postgresql/16/bin" >> "$GITHUB_PATH"[0m
2026-10-09T14:22:25.9498330Z shell: /usr/bin/bash -e {0}
2026-10-09T14:22:25.9498662Z env:
2026-10-09T14:22:25.9498995Z   MOCK_PROVIDER: true
2026-10-09T14:22:25.9499280Z   MOCK_STREAM_DELAY_MS: 0
2026-10-09T14:22:25.9499537Z   ENABLE_CLOUD: false
2026-10-09T14:22:25.9499860Z   CREDENTIAL_VAULT_BACKEND: memory
2026-10-09T14:22:25.9500174Z   CREDENTIAL_VAULT_ALLOW_MEMORY_FALLBACK: true
2026-10-09T14:22:25.9500525Z   PYTHONDONTWRITEBYTECODE: 1
2026-10-09T14:22:25.9500795Z   HF_HUB_OFFLINE: 1
2026-10-09T14:22:25.9501027Z   TRANSFORMERS_OFFLINE: 1
2026-10-09T14:22:25.9501373Z   pythonLocation: /opt/hostedtoolcache/Python/3.12.9/x64
2026-10-09T14:22:25.9501894Z   PKG_CONFIG_PATH: /opt/hostedtoolcache/Python/3.12.9/x64/lib/pkgconfig
2026-10-09T14:22:25.9502324Z   Python_ROOT_DIR: /opt/hostedtoolcache/Python/3.12.9/x64
2026-10-09T14:22:25.9502698Z   Python2_ROOT_DIR: /opt/hostedtoolcache/Python/3.12.9/x64
2026-10-09T14:22:25.9632704Z   Python3_ROOT_DIR: /opt/hostedtoolcache/Python/3.12.9/x64
2026-10-09T14:22:25.9633265Z   LD_LIBRARY_PATH: /opt/hostedtoolcache/Python/3.12.9/x64/lib
2026-10-09T14:22:25.9633644Z   CI_COVERAGE_SHA: 7f0d911549b04e8dbb7cf078316ad74c42095449
2026-10-09T14:22:25.9634017Z   CI_COVERAGE_TREE: 69d69ffe71838263069d164a0a07b39b5f4a4333
2026-10-09T14:22:25.9634557Z   CI_SANDBOX: /home/runner/work/_temp/novel-ci-backend-postgres-shard-0.1iVI8X
2026-10-09T14:22:25.9634975Z   CI_PROJECT: /home/runner/work/_temp/novel-ci-backend-postgres-shard-0.1iVI8X/project
2026-10-09T14:22:25.9635426Z   CI_RECEIPTS: /home/runner/work/_temp/novel-ci-backend-postgres-shard-0.1iVI8X/receipts
2026-10-09T14:22:25.9635921Z   HOME: /home/runner/work/_temp/novel-ci-backend-postgres-shard-0.1iVI8X/project/.runtime/ci-backend/home
2026-10-09T14:22:25.9636490Z   USERPROFILE: /home/runner/work/_temp/novel-ci-backend-postgres-shard-0.1iVI8X/project/.runtime/ci-backend/home
2026-10-09T14:22:25.9637061Z   APPDATA: /home/runner/work/_temp/novel-ci-backend-postgres-shard-0.1iVI8X/project/.runtime/ci-backend/appdata
2026-10-09T14:22:25.9637694Z   LOCALAPPDATA: /home/runner/work/_temp/novel-ci-backend-postgres-shard-0.1iVI8X/project/.runtime/ci-backend/localappdata
2026-10-09T14:22:25.9638551Z   XDG_CONFIG_HOME: /home/runner/work/_temp/novel-ci-backend-postgres-shard-0.1iVI8X/project/.runtime/ci-backend/config
2026-10-09T14:22:25.9639140Z   XDG_CACHE_HOME: /home/runner/work/_temp/novel-ci-backend-postgres-shard-0.1iVI8X/project/.runtime/ci-backend/cache
2026-10-09T14:22:25.9639709Z   XDG_DATA_HOME: /home/runner/work/_temp/novel-ci-backend-postgres-shard-0.1iVI8X/project/.runtime/ci-backend/data
2026-10-09T14:22:25.9640279Z   XDG_STATE_HOME: /home/runner/work/_temp/novel-ci-backend-postgres-shard-0.1iVI8X/project/.runtime/ci-backend/state
2026-10-09T14:22:25.9640845Z   TMPDIR: /home/runner/work/_temp/novel-ci-backend-postgres-shard-0.1iVI8X/project/.runtime/ci-backend/tmp
2026-10-09T14:22:25.9641384Z   TMP: /home/runner/work/_temp/novel-ci-backend-postgres-shard-0.1iVI8X/project/.runtime/ci-backend/tmp
2026-10-09T14:22:25.9641951Z   TEMP: /home/runner/work/_temp/novel-ci-backend-postgres-shard-0.1iVI8X/project/.runtime/ci-backend/tmp
2026-10-09T14:22:25.9642463Z   PROJECT_ROOT: /home/runner/work/_temp/novel-ci-backend-postgres-shard-0.1iVI8X/project
2026-10-09T14:22:25.9643003Z   NOVEL_DATA_PATH: /home/runner/work/_temp/novel-ci-backend-postgres-shard-0.1iVI8X/project/.runtime/ci-backend/data/novels
2026-10-09T14:22:25.9643623Z   BACKUP_PATH: /home/runner/work/_temp/novel-ci-backend-postgres-shard-0.1iVI8X/project/.runtime/ci-backend/data/backups
2026-10-09T14:22:25.9644522Z   DATABASE_BACKUP_PATH: /home/runner/work/_temp/novel-ci-backend-postgres-shard-0.1iVI8X/project/.runtime/ci-backend/data/database-backups
2026-10-09T14:22:25.9645486Z   KNOWLEDGE_SOURCE_PATH: /home/runner/work/_temp/novel-ci-backend-postgres-shard-0.1iVI8X/project/.runtime/ci-backend/data/novels
2026-10-09T14:22:25.9646103Z   CI_V2_RUNTIME: /home/runner/work/_temp/novel-ci-backend-postgres-shard-0.1iVI8X/project/.runtime/ci-backend
2026-10-09T14:22:25.9646470Z ##[endgroup]
2026-10-09T14:22:26.1147970Z Get:1 file:/etc/apt/apt-mirrors.txt Mirrorlist [144 B]
2026-10-09T14:22:26.1655275Z Hit:2 http://azure.archive.ubuntu.com/ubuntu noble InRelease
2026-10-09T14:22:26.1655916Z Hit:3 http://azure.archive.ubuntu.com/ubuntu noble-updates InRelease
2026-10-09T14:22:26.1656605Z Hit:4 http://azure.archive.ubuntu.com/ubuntu noble-backports InRelease
2026-10-09T14:22:26.1657114Z Hit:5 http://azure.archive.ubuntu.com/ubuntu noble-security InRelease
2026-10-09T14:22:26.1716883Z Hit:6 https://packages.microsoft.com/ubuntu/24.04/prod noble InRelease
2026-10-09T14:22:27.1649342Z Reading package lists...
2026-10-09T14:22:27.1913005Z Reading package lists...
2026-10-09T14:22:27.3445312Z Building dependency tree...
2026-10-09T14:22:27.3453565Z Reading state information...
2026-10-09T14:22:27.5193178Z postgresql-client-16 is already the newest version (16.15-1.pgdg24.04+2).
2026-10-09T14:22:27.5193703Z postgresql-client-16 set to manually installed.
2026-10-09T14:22:27.5194191Z 0 upgraded, 0 newly installed, 0 to remove and 23 not upgraded.
2026-10-09T14:22:27.5268745Z ##[group]Run python - <<'PY'
2026-10-09T14:22:27.5269016Z [36;1mpython - <<'PY'[0m
2026-10-09T14:22:27.5269219Z [36;1mimport os[0m
2026-10-09T14:22:27.5269399Z [36;1mfrom pathlib import Path[0m
2026-10-09T14:22:27.5269606Z [36;1mimport psycopg[0m
2026-10-09T14:22:27.5269906Z [36;1mwith psycopg.connect(os.environ['DATABASE_URL'], autocommit=True) as connection:[0m
2026-10-09T14:22:27.5270299Z [36;1m    assert connection.execute('SELECT 1').fetchone() == (1,)[0m
2026-10-09T14:22:27.5270654Z [36;1m    for migration in sorted(Path('database/migrations').glob('*.sql')):[0m
2026-10-09T14:22:27.5271018Z [36;1m        connection.execute(migration.read_text(encoding='utf-8'))[0m
2026-10-09T14:22:27.5271329Z [36;1m        print('Applied', migration.name)[0m
2026-10-09T14:22:27.5271547Z [36;1mPY[0m
2026-10-09T14:22:27.5308661Z shell: /usr/bin/bash -e {0}
2026-10-09T14:22:27.5308887Z env:
2026-10-09T14:22:27.5309063Z   MOCK_PROVIDER: true
2026-10-09T14:22:27.5309305Z   MOCK_STREAM_DELAY_MS: 0
2026-10-09T14:22:27.5309489Z   ENABLE_CLOUD: false
2026-10-09T14:22:27.5309672Z   CREDENTIAL_VAULT_BACKEND: memory
2026-10-09T14:22:27.5310051Z   CREDENTIAL_VAULT_ALLOW_MEMORY_FALLBACK: true
2026-10-09T14:22:27.5310294Z   PYTHONDONTWRITEBYTECODE: 1
2026-10-09T14:22:27.5310487Z   HF_HUB_OFFLINE: 1
2026-10-09T14:22:27.5310656Z   TRANSFORMERS_OFFLINE: 1
2026-10-09T14:22:27.5310886Z   pythonLocation: /opt/hostedtoolcache/Python/3.12.9/x64
2026-10-09T14:22:27.5311219Z   PKG_CONFIG_PATH: /opt/hostedtoolcache/Python/3.12.9/x64/lib/pkgconfig
2026-10-09T14:22:27.5311542Z   Python_ROOT_DIR: /opt/hostedtoolcache/Python/3.12.9/x64
2026-10-09T14:22:27.5311831Z   Python2_ROOT_DIR: /opt/hostedtoolcache/Python/3.12.9/x64
2026-10-09T14:22:27.5312117Z   Python3_ROOT_DIR: /opt/hostedtoolcache/Python/3.12.9/x64
2026-10-09T14:22:27.5312408Z   LD_LIBRARY_PATH: /opt/hostedtoolcache/Python/3.12.9/x64/lib
2026-10-09T14:22:27.5312705Z   CI_COVERAGE_SHA: 7f0d911549b04e8dbb7cf078316ad74c42095449
2026-10-09T14:22:27.5313028Z   CI_COVERAGE_TREE: 69d69ffe71838263069d164a0a07b39b5f4a4333
2026-10-09T14:22:27.5313377Z   CI_SANDBOX: /home/runner/work/_temp/novel-ci-backend-postgres-shard-0.1iVI8X
2026-10-09T14:22:27.5313796Z   CI_PROJECT: /home/runner/work/_temp/novel-ci-backend-postgres-shard-0.1iVI8X/project
2026-10-09T14:22:27.5314405Z   CI_RECEIPTS: /home/runner/work/_temp/novel-ci-backend-postgres-shard-0.1iVI8X/receipts
2026-10-09T14:22:27.5314912Z   HOME: /home/runner/work/_temp/novel-ci-backend-postgres-shard-0.1iVI8X/project/.runtime/ci-backend/home
2026-10-09T14:22:27.5315486Z   USERPROFILE: /home/runner/work/_temp/novel-ci-backend-postgres-shard-0.1iVI8X/project/.runtime/ci-backend/home
2026-10-09T14:22:27.5316062Z   APPDATA: /home/runner/work/_temp/novel-ci-backend-postgres-shard-0.1iVI8X/project/.runtime/ci-backend/appdata
2026-10-09T14:22:27.5316652Z   LOCALAPPDATA: /home/runner/work/_temp/novel-ci-backend-postgres-shard-0.1iVI8X/project/.runtime/ci-backend/localappdata
2026-10-09T14:22:27.5317264Z   XDG_CONFIG_HOME: /home/runner/work/_temp/novel-ci-backend-postgres-shard-0.1iVI8X/project/.runtime/ci-backend/config
2026-10-09T14:22:27.5317843Z   XDG_CACHE_HOME: /home/runner/work/_temp/novel-ci-backend-postgres-shard-0.1iVI8X/project/.runtime/ci-backend/cache
2026-10-09T14:22:27.5318420Z   XDG_DATA_HOME: /home/runner/work/_temp/novel-ci-backend-postgres-shard-0.1iVI8X/project/.runtime/ci-backend/data
2026-10-09T14:22:27.5318984Z   XDG_STATE_HOME: /home/runner/work/_temp/novel-ci-backend-postgres-shard-0.1iVI8X/project/.runtime/ci-backend/state
2026-10-09T14:22:27.5319543Z   TMPDIR: /home/runner/work/_temp/novel-ci-backend-postgres-shard-0.1iVI8X/project/.runtime/ci-backend/tmp
2026-10-09T14:22:27.5320072Z   TMP: /home/runner/work/_temp/novel-ci-backend-postgres-shard-0.1iVI8X/project/.runtime/ci-backend/tmp
2026-10-09T14:22:27.5320594Z   TEMP: /home/runner/work/_temp/novel-ci-backend-postgres-shard-0.1iVI8X/project/.runtime/ci-backend/tmp
2026-10-09T14:22:27.5321182Z   PROJECT_ROOT: /home/runner/work/_temp/novel-ci-backend-postgres-shard-0.1iVI8X/project
2026-10-09T14:22:27.5321730Z   NOVEL_DATA_PATH: /home/runner/work/_temp/novel-ci-backend-postgres-shard-0.1iVI8X/project/.runtime/ci-backend/data/novels
2026-10-09T14:22:27.5322337Z   BACKUP_PATH: /home/runner/work/_temp/novel-ci-backend-postgres-shard-0.1iVI8X/project/.runtime/ci-backend/data/backups
2026-10-09T14:22:27.5322987Z   DATABASE_BACKUP_PATH: /home/runner/work/_temp/novel-ci-backend-postgres-shard-0.1iVI8X/project/.runtime/ci-backend/data/database-backups
2026-10-09T14:22:27.5323658Z   KNOWLEDGE_SOURCE_PATH: /home/runner/work/_temp/novel-ci-backend-postgres-shard-0.1iVI8X/project/.runtime/ci-backend/data/novels
2026-10-09T14:22:27.5324439Z   CI_V2_RUNTIME: /home/runner/work/_temp/novel-ci-backend-postgres-shard-0.1iVI8X/project/.runtime/ci-backend
2026-10-09T14:22:27.5325276Z   DATABASE_URL: ***127.0.0.1:5432/novel_ci
2026-10-09T14:22:27.5325486Z ##[endgroup]
2026-10-09T14:22:28.2740658Z Applied 001_initial.sql
2026-10-09T14:22:28.2741093Z Applied 002_runtime_jobs.sql
2026-10-09T14:22:28.2741406Z Applied 003_document_versions.sql
2026-10-09T14:22:28.2741709Z Applied 004_lore_foundation.sql
2026-10-09T14:22:28.2742437Z Applied 005_lore_memory.sql
2026-10-09T14:22:28.2742722Z Applied 006_context_intelligence.sql
2026-10-09T14:22:28.2743047Z Applied 007_continuity_foundations.sql
2026-10-09T14:22:28.2743380Z Applied 008_narrative_state.sql
2026-10-09T14:22:28.2743641Z Applied 009_narrative_findings.sql
2026-10-09T14:22:28.2743900Z Applied 010_narrative_progress.sql
2026-10-09T14:22:28.2744371Z Applied 011_narrative_change_proposals.sql
2026-10-09T14:22:28.2744728Z Applied 012_collaboration_scope_foundation.sql
2026-10-09T14:22:28.2745118Z Applied 013_branch_revision_optimistic_concurrency.sql
2026-10-09T14:22:28.2745467Z Applied 014_scope_authorization_foundation.sql
2026-10-09T14:22:28.2745800Z Applied 015_collaboration_runtime_foundation.sql
2026-10-09T14:22:28.2746128Z Applied 016_generation_snapshot_ownership.sql
2026-10-09T14:22:28.2746471Z Applied 017_chapter_archive_state.sql
2026-10-09T14:22:28.2746787Z Applied 018_context_privacy.sql
2026-10-09T14:22:28.2747110Z Applied 019_experimental_scope_documents.sql
2026-10-09T14:22:28.2747575Z Applied 020_stable_chapter_identity.sql
2026-10-09T14:22:28.3142059Z ##[group]Run python scripts/prepare_pdf_font.py --output "$CI_SANDBOX/fonts" > "$CI_RECEIPTS/font-manifest.json"
2026-10-09T14:22:28.3142653Z [36;1mpython scripts/prepare_pdf_font.py --output "$CI_SANDBOX/fonts" > "$CI_RECEIPTS/font-manifest.json"[0m
2026-10-09T14:22:28.3143123Z [36;1mecho "R2_TEST_FONT_FILE=$CI_SANDBOX/fonts/NotoSansSC-Regular.ttf" >> "$GITHUB_ENV"[0m
2026-10-09T14:22:28.3178916Z shell: /usr/bin/bash -e {0}
2026-10-09T14:22:28.3179125Z env:
2026-10-09T14:22:28.3179288Z   MOCK_PROVIDER: true
2026-10-09T14:22:28.3179470Z   MOCK_STREAM_DELAY_MS: 0
2026-10-09T14:22:28.3179663Z   ENABLE_CLOUD: false
2026-10-09T14:22:28.3179846Z   CREDENTIAL_VAULT_BACKEND: memory
2026-10-09T14:22:28.3180073Z   CREDENTIAL_VAULT_ALLOW_MEMORY_FALLBACK: true
2026-10-09T14:22:28.3180310Z   PYTHONDONTWRITEBYTECODE: 1
2026-10-09T14:22:28.3180502Z   HF_HUB_OFFLINE: 1
2026-10-09T14:22:28.3180682Z   TRANSFORMERS_OFFLINE: 1
2026-10-09T14:22:28.3180970Z   pythonLocation: /opt/hostedtoolcache/Python/3.12.9/x64
2026-10-09T14:22:28.3181291Z   PKG_CONFIG_PATH: /opt/hostedtoolcache/Python/3.12.9/x64/lib/pkgconfig
2026-10-09T14:22:28.3181603Z   Python_ROOT_DIR: /opt/hostedtoolcache/Python/3.12.9/x64
2026-10-09T14:22:28.3181887Z   Python2_ROOT_DIR: /opt/hostedtoolcache/Python/3.12.9/x64
2026-10-09T14:22:28.3182167Z   Python3_ROOT_DIR: /opt/hostedtoolcache/Python/3.12.9/x64
2026-10-09T14:22:28.3182455Z   LD_LIBRARY_PATH: /opt/hostedtoolcache/Python/3.12.9/x64/lib
2026-10-09T14:22:28.3182753Z   CI_COVERAGE_SHA: 7f0d911549b04e8dbb7cf078316ad74c42095449
2026-10-09T14:22:28.3183037Z   CI_COVERAGE_TREE: 69d69ffe71838263069d164a0a07b39b5f4a4333
2026-10-09T14:22:28.3183374Z   CI_SANDBOX: /home/runner/work/_temp/novel-ci-backend-postgres-shard-0.1iVI8X
2026-10-09T14:22:28.3183782Z   CI_PROJECT: /home/runner/work/_temp/novel-ci-backend-postgres-shard-0.1iVI8X/project
2026-10-09T14:22:28.3184342Z   CI_RECEIPTS: /home/runner/work/_temp/novel-ci-backend-postgres-shard-0.1iVI8X/receipts
2026-10-09T14:22:28.3184848Z   HOME: /home/runner/work/_temp/novel-ci-backend-postgres-shard-0.1iVI8X/project/.runtime/ci-backend/home
2026-10-09T14:22:28.3185408Z   USERPROFILE: /home/runner/work/_temp/novel-ci-backend-postgres-shard-0.1iVI8X/project/.runtime/ci-backend/home
2026-10-09T14:22:28.3185987Z   APPDATA: /home/runner/work/_temp/novel-ci-backend-postgres-shard-0.1iVI8X/project/.runtime/ci-backend/appdata
2026-10-09T14:22:28.3186568Z   LOCALAPPDATA: /home/runner/work/_temp/novel-ci-backend-postgres-shard-0.1iVI8X/project/.runtime/ci-backend/localappdata
2026-10-09T14:22:28.3187179Z   XDG_CONFIG_HOME: /home/runner/work/_temp/novel-ci-backend-postgres-shard-0.1iVI8X/project/.runtime/ci-backend/config
2026-10-09T14:22:28.3187755Z   XDG_CACHE_HOME: /home/runner/work/_temp/novel-ci-backend-postgres-shard-0.1iVI8X/project/.runtime/ci-backend/cache
2026-10-09T14:22:28.3188316Z   XDG_DATA_HOME: /home/runner/work/_temp/novel-ci-backend-postgres-shard-0.1iVI8X/project/.runtime/ci-backend/data
2026-10-09T14:22:28.3189029Z   XDG_STATE_HOME: /home/runner/work/_temp/novel-ci-backend-postgres-shard-0.1iVI8X/project/.runtime/ci-backend/state
2026-10-09T14:22:28.3189597Z   TMPDIR: /home/runner/work/_temp/novel-ci-backend-postgres-shard-0.1iVI8X/project/.runtime/ci-backend/tmp
2026-10-09T14:22:28.3190131Z   TMP: /home/runner/work/_temp/novel-ci-backend-postgres-shard-0.1iVI8X/project/.runtime/ci-backend/tmp
2026-10-09T14:22:28.3190658Z   TEMP: /home/runner/work/_temp/novel-ci-backend-postgres-shard-0.1iVI8X/project/.runtime/ci-backend/tmp
2026-10-09T14:22:28.3191139Z   PROJECT_ROOT: /home/runner/work/_temp/novel-ci-backend-postgres-shard-0.1iVI8X/project
2026-10-09T14:22:28.3191671Z   NOVEL_DATA_PATH: /home/runner/work/_temp/novel-ci-backend-postgres-shard-0.1iVI8X/project/.runtime/ci-backend/data/novels
2026-10-09T14:22:28.3192284Z   BACKUP_PATH: /home/runner/work/_temp/novel-ci-backend-postgres-shard-0.1iVI8X/project/.runtime/ci-backend/data/backups
2026-10-09T14:22:28.3193035Z   DATABASE_BACKUP_PATH: /home/runner/work/_temp/novel-ci-backend-postgres-shard-0.1iVI8X/project/.runtime/ci-backend/data/database-backups
2026-10-09T14:22:28.3193702Z   KNOWLEDGE_SOURCE_PATH: /home/runner/work/_temp/novel-ci-backend-postgres-shard-0.1iVI8X/project/.runtime/ci-backend/data/novels
2026-10-09T14:22:28.3194466Z   CI_V2_RUNTIME: /home/runner/work/_temp/novel-ci-backend-postgres-shard-0.1iVI8X/project/.runtime/ci-backend
2026-10-09T14:22:28.3194837Z ##[endgroup]
2026-10-09T14:22:40.7407557Z ##[group]Run python -m pytest -p no:cacheprovider --basetemp="$CI_SANDBOX/coverage-selftest" -q \
2026-10-09T14:22:40.7408044Z [36;1mpython -m pytest -p no:cacheprovider --basetemp="$CI_SANDBOX/coverage-selftest" -q \[0m
2026-10-09T14:22:40.7408444Z [36;1m  .github/ci/test_suite_coverage.py .github/ci/test_coverage_reconcile.py \[0m
2026-10-09T14:22:40.7408811Z [36;1m  .github/ci/test_v2_manifest_extension.py .github/ci/test_v2_check_runner.py \[0m
2026-10-09T14:22:40.7409126Z [36;1m  .github/ci/test_v2_browser_job.py \[0m
2026-10-09T14:22:40.7409390Z [36;1m  --junitxml="$CI_RECEIPTS/coverage-harness.xml"[0m
2026-10-09T14:22:40.7442833Z shell: /usr/bin/bash -e {0}
2026-10-09T14:22:40.7443042Z env:
2026-10-09T14:22:40.7443202Z   MOCK_PROVIDER: true
2026-10-09T14:22:40.7443371Z   MOCK_STREAM_DELAY_MS: 0
2026-10-09T14:22:40.7443542Z   ENABLE_CLOUD: false
2026-10-09T14:22:40.7443708Z   CREDENTIAL_VAULT_BACKEND: memory
2026-10-09T14:22:40.7443979Z   CREDENTIAL_VAULT_ALLOW_MEMORY_FALLBACK: true
2026-10-09T14:22:40.7444323Z   PYTHONDONTWRITEBYTECODE: 1
2026-10-09T14:22:40.7444604Z   HF_HUB_OFFLINE: 1
2026-10-09T14:22:40.7444764Z   TRANSFORMERS_OFFLINE: 1
2026-10-09T14:22:40.7444976Z   pythonLocation: /opt/hostedtoolcache/Python/3.12.9/x64
2026-10-09T14:22:40.7445308Z   PKG_CONFIG_PATH: /opt/hostedtoolcache/Python/3.12.9/x64/lib/pkgconfig
2026-10-09T14:22:40.7445590Z   Python_ROOT_DIR: /opt/hostedtoolcache/Python/3.12.9/x64
2026-10-09T14:22:40.7445856Z   Python2_ROOT_DIR: /opt/hostedtoolcache/Python/3.12.9/x64
2026-10-09T14:22:40.7446127Z   Python3_ROOT_DIR: /opt/hostedtoolcache/Python/3.12.9/x64
2026-10-09T14:22:40.7446387Z   LD_LIBRARY_PATH: /opt/hostedtoolcache/Python/3.12.9/x64/lib
2026-10-09T14:22:40.7446652Z   CI_COVERAGE_SHA: 7f0d911549b04e8dbb7cf078316ad74c42095449
2026-10-09T14:22:40.7446908Z   CI_COVERAGE_TREE: 69d69ffe71838263069d164a0a07b39b5f4a4333
2026-10-09T14:22:40.7447219Z   CI_SANDBOX: /home/runner/work/_temp/novel-ci-backend-postgres-shard-0.1iVI8X
2026-10-09T14:22:40.7447591Z   CI_PROJECT: /home/runner/work/_temp/novel-ci-backend-postgres-shard-0.1iVI8X/project
2026-10-09T14:22:40.7447979Z   CI_RECEIPTS: /home/runner/work/_temp/novel-ci-backend-postgres-shard-0.1iVI8X/receipts
2026-10-09T14:22:40.7448425Z   HOME: /home/runner/work/_temp/novel-ci-backend-postgres-shard-0.1iVI8X/project/.runtime/ci-backend/home
2026-10-09T14:22:40.7448916Z   USERPROFILE: /home/runner/work/_temp/novel-ci-backend-postgres-shard-0.1iVI8X/project/.runtime/ci-backend/home
2026-10-09T14:22:40.7449557Z   APPDATA: /home/runner/work/_temp/novel-ci-backend-postgres-shard-0.1iVI8X/project/.runtime/ci-backend/appdata
2026-10-09T14:22:40.7450086Z   LOCALAPPDATA: /home/runner/work/_temp/novel-ci-backend-postgres-shard-0.1iVI8X/project/.runtime/ci-backend/localappdata
2026-10-09T14:22:40.7450623Z   XDG_CONFIG_HOME: /home/runner/work/_temp/novel-ci-backend-postgres-shard-0.1iVI8X/project/.runtime/ci-backend/config
2026-10-09T14:22:40.7451156Z   XDG_CACHE_HOME: /home/runner/work/_temp/novel-ci-backend-postgres-shard-0.1iVI8X/project/.runtime/ci-backend/cache
2026-10-09T14:22:40.7451665Z   XDG_DATA_HOME: /home/runner/work/_temp/novel-ci-backend-postgres-shard-0.1iVI8X/project/.runtime/ci-backend/data
2026-10-09T14:22:40.7452169Z   XDG_STATE_HOME: /home/runner/work/_temp/novel-ci-backend-postgres-shard-0.1iVI8X/project/.runtime/ci-backend/state
2026-10-09T14:22:40.7452665Z   TMPDIR: /home/runner/work/_temp/novel-ci-backend-postgres-shard-0.1iVI8X/project/.runtime/ci-backend/tmp
2026-10-09T14:22:40.7453136Z   TMP: /home/runner/work/_temp/novel-ci-backend-postgres-shard-0.1iVI8X/project/.runtime/ci-backend/tmp
2026-10-09T14:22:40.7453609Z   TEMP: /home/runner/work/_temp/novel-ci-backend-postgres-shard-0.1iVI8X/project/.runtime/ci-backend/tmp
2026-10-09T14:22:40.7454123Z   PROJECT_ROOT: /home/runner/work/_temp/novel-ci-backend-postgres-shard-0.1iVI8X/project
2026-10-09T14:22:40.7454600Z   NOVEL_DATA_PATH: /home/runner/work/_temp/novel-ci-backend-postgres-shard-0.1iVI8X/project/.runtime/ci-backend/data/novels
2026-10-09T14:22:40.7455265Z   BACKUP_PATH: /home/runner/work/_temp/novel-ci-backend-postgres-shard-0.1iVI8X/project/.runtime/ci-backend/data/backups
2026-10-09T14:22:40.7455847Z   DATABASE_BACKUP_PATH: /home/runner/work/_temp/novel-ci-backend-postgres-shard-0.1iVI8X/project/.runtime/ci-backend/data/database-backups
2026-10-09T14:22:40.7456440Z   KNOWLEDGE_SOURCE_PATH: /home/runner/work/_temp/novel-ci-backend-postgres-shard-0.1iVI8X/project/.runtime/ci-backend/data/novels
2026-10-09T14:22:40.7456970Z   CI_V2_RUNTIME: /home/runner/work/_temp/novel-ci-backend-postgres-shard-0.1iVI8X/project/.runtime/ci-backend
2026-10-09T14:22:40.7457462Z   R2_TEST_FONT_FILE: /home/runner/work/_temp/novel-ci-backend-postgres-shard-0.1iVI8X/fonts/NotoSansSC-Regular.ttf
2026-10-09T14:22:40.7457803Z ##[endgroup]
2026-10-09T14:22:48.2913106Z ........................................................................ [ 41%]
2026-10-09T14:22:48.4608070Z ........................................................................ [ 82%]
2026-10-09T14:22:49.9289945Z ..............................                                           [100%]
2026-10-09T14:22:49.9291258Z - generated xml file: /home/runner/work/_temp/novel-ci-backend-postgres-shard-0.1iVI8X/receipts/coverage-harness.xml -
2026-10-09T14:22:49.9292326Z 174 passed in 8.53s
2026-10-09T14:22:49.9723645Z ##[group]Run set -o pipefail
2026-10-09T14:22:49.9723982Z [36;1mset -o pipefail[0m
2026-10-09T14:22:49.9724875Z [36;1mPYTHONPATH="$CI_PROJECT/.github/ci:$CI_PROJECT" python -m pytest -p postgres_gate -p suite_coverage -p no:cacheprovider --basetemp="$CI_V2_RUNTIME/pytest" -q -ra --tb=short \[0m
2026-10-09T14:22:49.9725730Z [36;1m  --ci-coverage-manifest=.github/ci/coverage_manifest_v2.json.gz \[0m
2026-10-09T14:22:49.9726202Z [36;1m  --ci-scope=backend --ci-shard-index=0 --ci-shard-count=2 \[0m
2026-10-09T14:22:49.9726822Z [36;1m  --ci-coverage-dir="$CI_RECEIPTS" --junitxml="$CI_RECEIPTS/backend.xml" 2>&1 | tee "$CI_RECEIPTS/backend.log"[0m
2026-10-09T14:22:49.9773964Z shell: /usr/bin/bash -e {0}
2026-10-09T14:22:49.9774415Z env:
2026-10-09T14:22:49.9774615Z   MOCK_PROVIDER: true
2026-10-09T14:22:49.9774843Z   MOCK_STREAM_DELAY_MS: 0
2026-10-09T14:22:49.9775067Z   ENABLE_CLOUD: false
2026-10-09T14:22:49.9775305Z   CREDENTIAL_VAULT_BACKEND: memory
2026-10-09T14:22:49.9775643Z   CREDENTIAL_VAULT_ALLOW_MEMORY_FALLBACK: true
2026-10-09T14:22:49.9775962Z   PYTHONDONTWRITEBYTECODE: 1
2026-10-09T14:22:49.9776207Z   HF_HUB_OFFLINE: 1
2026-10-09T14:22:49.9776424Z   TRANSFORMERS_OFFLINE: 1
2026-10-09T14:22:49.9776915Z   pythonLocation: /opt/hostedtoolcache/Python/3.12.9/x64
2026-10-09T14:22:49.9777344Z   PKG_CONFIG_PATH: /opt/hostedtoolcache/Python/3.12.9/x64/lib/pkgconfig
2026-10-09T14:22:49.9777759Z   Python_ROOT_DIR: /opt/hostedtoolcache/Python/3.12.9/x64
2026-10-09T14:22:49.9778153Z   Python2_ROOT_DIR: /opt/hostedtoolcache/Python/3.12.9/x64
2026-10-09T14:22:49.9778541Z   Python3_ROOT_DIR: /opt/hostedtoolcache/Python/3.12.9/x64
2026-10-09T14:22:49.9778929Z   LD_LIBRARY_PATH: /opt/hostedtoolcache/Python/3.12.9/x64/lib
2026-10-09T14:22:49.9779324Z   CI_COVERAGE_SHA: 7f0d911549b04e8dbb7cf078316ad74c42095449
2026-10-09T14:22:49.9779710Z   CI_COVERAGE_TREE: 69d69ffe71838263069d164a0a07b39b5f4a4333
2026-10-09T14:22:49.9780151Z   CI_SANDBOX: /home/runner/work/_temp/novel-ci-backend-postgres-shard-0.1iVI8X
2026-10-09T14:22:49.9780717Z   CI_PROJECT: /home/runner/work/_temp/novel-ci-backend-postgres-shard-0.1iVI8X/project
2026-10-09T14:22:49.9781244Z   CI_RECEIPTS: /home/runner/work/_temp/novel-ci-backend-postgres-shard-0.1iVI8X/receipts
2026-10-09T14:22:49.9781915Z   HOME: /home/runner/work/_temp/novel-ci-backend-postgres-shard-0.1iVI8X/project/.runtime/ci-backend/home
2026-10-09T14:22:49.9782621Z   USERPROFILE: /home/runner/work/_temp/novel-ci-backend-postgres-shard-0.1iVI8X/project/.runtime/ci-backend/home
2026-10-09T14:22:49.9783322Z   APPDATA: /home/runner/work/_temp/novel-ci-backend-postgres-shard-0.1iVI8X/project/.runtime/ci-backend/appdata
2026-10-09T14:22:49.9784270Z   LOCALAPPDATA: /home/runner/work/_temp/novel-ci-backend-postgres-shard-0.1iVI8X/project/.runtime/ci-backend/localappdata
2026-10-09T14:22:49.9785077Z   XDG_CONFIG_HOME: /home/runner/work/_temp/novel-ci-backend-postgres-shard-0.1iVI8X/project/.runtime/ci-backend/config
2026-10-09T14:22:49.9785863Z   XDG_CACHE_HOME: /home/runner/work/_temp/novel-ci-backend-postgres-shard-0.1iVI8X/project/.runtime/ci-backend/cache
2026-10-09T14:22:49.9786568Z   XDG_DATA_HOME: /home/runner/work/_temp/novel-ci-backend-postgres-shard-0.1iVI8X/project/.runtime/ci-backend/data
2026-10-09T14:22:49.9787285Z   XDG_STATE_HOME: /home/runner/work/_temp/novel-ci-backend-postgres-shard-0.1iVI8X/project/.runtime/ci-backend/state
2026-10-09T14:22:49.9787974Z   TMPDIR: /home/runner/work/_temp/novel-ci-backend-postgres-shard-0.1iVI8X/project/.runtime/ci-backend/tmp
2026-10-09T14:22:49.9788664Z   TMP: /home/runner/work/_temp/novel-ci-backend-postgres-shard-0.1iVI8X/project/.runtime/ci-backend/tmp
2026-10-09T14:22:49.9789334Z   TEMP: /home/runner/work/_temp/novel-ci-backend-postgres-shard-0.1iVI8X/project/.runtime/ci-backend/tmp
2026-10-09T14:22:49.9789947Z   PROJECT_ROOT: /home/runner/work/_temp/novel-ci-backend-postgres-shard-0.1iVI8X/project
2026-10-09T14:22:49.9790914Z   NOVEL_DATA_PATH: /home/runner/work/_temp/novel-ci-backend-postgres-shard-0.1iVI8X/project/.runtime/ci-backend/data/novels
2026-10-09T14:22:49.9791738Z   BACKUP_PATH: /home/runner/work/_temp/novel-ci-backend-postgres-shard-0.1iVI8X/project/.runtime/ci-backend/data/backups
2026-10-09T14:22:49.9792575Z   DATABASE_BACKUP_PATH: /home/runner/work/_temp/novel-ci-backend-postgres-shard-0.1iVI8X/project/.runtime/ci-backend/data/database-backups
2026-10-09T14:22:49.9793482Z   KNOWLEDGE_SOURCE_PATH: /home/runner/work/_temp/novel-ci-backend-postgres-shard-0.1iVI8X/project/.runtime/ci-backend/data/novels
2026-10-09T14:22:49.9794454Z   CI_V2_RUNTIME: /home/runner/work/_temp/novel-ci-backend-postgres-shard-0.1iVI8X/project/.runtime/ci-backend
2026-10-09T14:22:49.9795150Z   R2_TEST_FONT_FILE: /home/runner/work/_temp/novel-ci-backend-postgres-shard-0.1iVI8X/fonts/NotoSansSC-Regular.ttf
2026-10-09T14:22:49.9795664Z   STORAGE_BACKEND: postgres
2026-10-09T14:22:49.9796213Z   DATABASE_URL: ***127.0.0.1:5432/novel_ci
2026-10-09T14:22:49.9796706Z   TEST_POSTGRES_DATABASE_URL: ***127.0.0.1:5432/novel_ci
2026-10-09T14:22:49.9797029Z ##[endgroup]
2026-10-09T14:23:14.6892887Z ss...s.ss...sssss..sssssssss....sssss.......ssssssssss......ss..s.ssss.. [  1%]
2026-10-09T14:23:22.1914912Z ..sss..ss..s.s..ss....ss.s..ss..sss..sss...ss..ss..sss..s...ss..ss...sss [  2%]
2026-10-09T14:23:28.9106383Z ss.s.s.....ssss..s..ss......ss..........s.ssss...s.s.sss................ [  4%]
2026-10-09T14:23:30.3403282Z ........................................................................ [  5%]
2026-10-09T14:23:30.9602408Z ........s........s..ssss..........................s..................... [  7%]
2026-10-09T14:23:38.0038010Z .............................ssssssssssssss..............s.............. [  8%]
2026-10-09T14:23:39.6194786Z .................................................ss..................... [  9%]
2026-10-09T14:23:42.5989450Z ........................................................................ [ 11%]
2026-10-09T14:23:43.1286872Z ........................................................................ [ 12%]
2026-10-09T14:24:36.6446352Z ..................................................................sssss. [ 14%]
2026-10-09T14:28:41.9502027Z ....s.s.s.sss.ss.s.ss.sss....s..s.ss.ss.s.s.s..s.sssss....s..........ss. [ 15%]
2026-10-09T14:28:47.2729446Z ...s....s............................................................... [ 16%]
2026-10-09T14:28:47.7949353Z ......ssss..........s................................................... [ 18%]
2026-10-09T14:28:58.6586071Z ........................................................................ [ 19%]
2026-10-09T14:29:06.4898130Z ........................................................................ [ 21%]
2026-10-09T14:29:15.5853817Z ........................................................................ [ 22%]
2026-10-09T14:29:30.1441158Z ..ss....ssss..sss..s.ss..s..s..sss..s..sss..s..s...ss...ss..ss....sss.s. [ 24%]
2026-10-09T14:29:45.9229202Z sss...ss.ss..ss..ss.s..ss.s..s..s..s...s..s..sss..s...ss.ss.ss.....ss.ss [ 25%]
2026-10-09T14:31:22.0613662Z ..ss.ss.s.ss.sss...s..s..s.s.s..ss.s...sss..s..s...s..ss.s.ss.s.s..s.... [ 26%]
2026-10-09T14:31:45.2599204Z ss.ss.....ss.ss.ss.s..ss..sss.ss.sssss....ss....ss.......s.ss.s.....s... [ 28%]
2026-10-09T14:32:30.6818801Z ...s.s.s..ss..sssssss....s...s..ssss...ss.ssssss..s.s...s.ssss.......... [ 29%]
2026-10-09T14:32:40.8337326Z sss.ss.ss..sss...s.ss..ss..s.s.......................................... [ 31%]
2026-10-09T14:32:42.6930813Z .s...................................................................... [ 32%]
2026-10-09T14:32:44.5630388Z ........................................................................ [ 33%]
2026-10-09T14:32:45.5229332Z ........................................................................ [ 35%]
2026-10-09T14:32:54.3358651Z ..................s......s.s.s.....ss.s.s............................... [ 36%]
2026-10-09T14:33:09.2011271Z ..s.s..s.s.s.s..s.sss.s...ss.s.s.s.s......s.ssss.....s.ss..s.s.s.s.s.s.. [ 38%]
2026-10-09T14:33:17.7049032Z s.s............................s.s..ss.s.ss...........s.ss.....ssssss.s. [ 39%]
2026-10-09T14:34:05.9823853Z ..sss......sss.ss.s.s..sss.ss.ssss......ss...ss....s.s.s.sss.s.ss...s.s. [ 41%]
2026-10-09T14:34:12.2025497Z ss..ssss..sssssss.....ss.ss.s.s....s.s....s..sssss...s.s..s...ss..ss..ss [ 42%]
2026-10-09T14:34:34.8488497Z ..ssss.ss.ssssssssssss...........sss.s.ssss..s.ss...ss..s.sss.s.sssss... [ 43%]
2026-10-09T14:34:50.5037193Z ...ss..s.s..sss.s...ss.s.sss..........s.ss.ss.s.s.s..ss..ss...ss...s..ss [ 45%]
2026-10-09T14:35:08.3977524Z .s.ss.....s.ss........s..s.s.ss.s..s...ss...sss.......s.ss..ss..s.s.s..s [ 46%]
2026-10-09T14:35:22.5290503Z s.ssss.ss..s.ss.s...s.s.ss..s....s...s..sss.ssss..ss.................... [ 48%]
2026-10-09T14:35:31.8071010Z ....s.s.s...ss.s..s.ss...ssss..s....sss.s......ssss.s.s.s.s..ss.ssss.s.. [ 49%]
2026-10-09T14:35:42.6497185Z sss.ss...ss...s.s..s.ss.s.s.sss.ss.s....sss.s.sss.s.ssssss.........s..ss [ 50%]
2026-10-09T14:37:37.2528711Z .s.ssssssssssss...............s.s......ss..ss..ss.s.s.....sss....ss..s.s [ 52%]
2026-10-09T14:37:44.2312242Z s.s...sssss..s.ss.s..ss.ss.ssss..........s..s..s..s.s.s.s.s...sss....s.. [ 53%]
2026-10-09T14:37:55.1429800Z ss...s.s.s.ss.s.s.s.ss.ss....sss.s.s.s.s..s.sssss.....s.sss........s...s [ 55%]
2026-10-09T14:38:17.4630959Z .ss.s.ss....s.s...s...s.s...ssssssss.ssssss....sss......s...ss...s.s.... [ 56%]
2026-10-09T14:38:29.8869606Z ..........ss..s.ss..ss...sss..s..ss.s.ss..s.s.s.s....s.s.......s.ss....s [ 58%]
2026-10-09T14:38:58.6860601Z s..ss..ss.ssss.s.ss..s.s.s.s.ss.ss...sss.s..s...s..s..sss.s.s.s..ss..s.s [ 59%]
2026-10-09T14:39:12.3080154Z s..s.ssss..s..s.s.sss...s..ss.....ss.s..s...s.s..s.ssss.ss..sssssss....s [ 60%]
2026-10-09T14:39:46.8749412Z ss..ss.s..ss...s.s.s.ss........sss.s.ssssss.s.ss..s.....s.ss.s....s..sss [ 62%]
2026-10-09T14:40:04.9442895Z ss..ss.s.....s...s....ss..................s...ss........................ [ 63%]
2026-10-09T14:40:43.5837146Z ssssssssssssss.............ssss...ss.s..s....s..s.s.ss..s.ssss....ssssss [ 65%]
2026-10-09T14:40:47.2952391Z sssssssssssssssssssssssssssss..............................ssssssssss... [ 66%]
2026-10-09T14:40:52.3578448Z ....ssss......sss...ssssssssss....ss...s.s.s.ss.ssss........sss..s.sssss [ 67%]
2026-10-09T14:41:29.4817234Z sssssssssssssssssssssss....................................sssssssssssss [ 69%]
2026-10-09T14:41:56.9124570Z ssssssssssssssssss......................................ssssssssssssssss [ 70%]
2026-10-09T14:42:40.3513470Z ss...............ssss......ssssss........ssssss.........ssssssss..s.ssss [ 72%]
2026-10-09T14:45:11.9887887Z ssssssssssssssssssssssssssssssssss...................................... [ 73%]
2026-10-09T14:45:37.8188785Z ..ssss.......ssssssssssssssssss.................ssssssss....ssssssssssss [ 74%]
2026-10-09T14:47:21.9395298Z ssssssssssss......................ssssss............................sss. [ 76%]
2026-10-09T14:47:43.3820503Z .s....s.s.ss.s.sss.s.s..s..s.sss.....sss....ss.s.sssss.ssss.....s.s....s [ 77%]
2026-10-09T14:49:21.3154275Z .s....ss.ss..sss..s.s...ss..ss..ssssss...sss..ssssss.......ss.s.ss.....s [ 79%]
2026-10-09T14:50:16.3706554Z sss...sss..sss...ss...sssssss......sssss......ssss...s..ss....ss..ss..ss [ 80%]
2026-10-09T14:50:56.8280826Z .s..s.s..s.s.ss..s...ss....ssss....s..ss.ss...ss...s..ss.......ss....sss [ 82%]
2026-10-09T14:51:11.6302507Z s..sssss........sssss.....sss..sss..sss..ss.s...sss.s.ss..sssss....s..s. [ 83%]
2026-10-09T14:51:34.6469510Z .sss...s...ss.sss.ss.ssss.s.....s.s.s.s.s.s.ss.....ss..s..ssss....s....s [ 84%]
2026-10-09T14:52:55.1136701Z s....s.ss.s.ss..s.s.ss.ss..s.s.s.s.s.....sss..ss....ss..s....sss.s.ss.ss [ 86%]
2026-10-09T14:53:17.0033346Z ....s...s..sss..s..s.sss.ss.s.ssss.ss..ssss.........ss..ss.s..ssssssss.. [ 87%]
2026-10-09T14:53:39.5919953Z ...s..s..s.ss..s..s.s..ss..ss..s.ss.s.sss...ss.s.ssss....s.ss.s......... [ 89%]
2026-10-09T14:53:44.1736260Z ......................................sssss...s..ss.sssssss.......ss...s [ 90%]
2026-10-09T14:54:03.8835013Z .s.ssssssss.ss.s.s.s..s..s.ss.sss.s.ssss..s..s.sss..s.s.s..ss.ss..s..sss [ 91%]
2026-10-09T14:54:29.1864272Z ...ss.s.s............................................................... [ 93%]
2026-10-09T14:54:35.7749851Z ..................................................s.s.s.s...s..s.s.s.sss [ 94%]
2026-10-09T14:55:53.2352619Z ssss....ss.s.s.s....ssssss..s...ss.s...sssss......ss....s....ss.s..s.s.. [ 96%]
2026-10-09T14:56:00.0092755Z s.s.s....ss..ss.ss.ss...sssss....s.sssssssssss....sss...ss.s..s.ss.s.... [ 97%]
2026-10-09T14:56:17.4157737Z ss.s....s....s..sss.s.....s.ss.ss..sss.....s..ss..s.ss..........sss.s... [ 99%]
2026-10-09T14:56:19.2664000Z .s...sssss....s..............................s.s.                        [100%]
2026-10-09T14:56:19.2664666Z =============================== warnings summary ===============================
2026-10-09T14:56:19.2665270Z ../../../../../../opt/hostedtoolcache/Python/3.12.9/x64/lib/python3.12/site-packages/fastapi/testclient.py:1
2026-10-09T14:56:19.2666467Z   /opt/hostedtoolcache/Python/3.12.9/x64/lib/python3.12/site-packages/fastapi/testclient.py:1: StarletteDeprecationWarning: Using `httpx` with `starlette.testclient` is deprecated; install `httpx2` instead.
2026-10-09T14:56:19.2667406Z     from starlette.testclient import TestClient as TestClient  # noqa
2026-10-09T14:56:19.2667670Z 
2026-10-09T14:56:19.2667993Z tests/test_r4_incremental_search.py::test_large_project_warm_search_does_not_project_manuscript[postgres]
2026-10-09T14:56:19.2669017Z   tests/test_r4_incremental_search.py:206: PytestWarning: record_property is incompatible with junit_family 'xunit2' (use 'legacy' or 'xunit1')
2026-10-09T14:56:19.2669768Z     def test_large_project_warm_search_does_not_project_manuscript(source_env, monkeypatch, record_property):
2026-10-09T14:56:19.2670150Z 
2026-10-09T14:56:19.2670470Z tests/test_r4_portable_batches.py::test_media_flag_revocation_hides_only_dependent_batch_and_export_cache[postgres]
2026-10-09T14:56:19.2671602Z   /home/runner/work/_temp/novel-ci-backend-postgres-shard-0.1iVI8X/project/app/experimental/ux.py:159: DocumentProjectionWarning: Editor coordinate projection excludes non-text media; export projection retains media descriptions and omission markers.
2026-10-09T14:56:19.2672636Z     return plain_text(document)
2026-10-09T14:56:19.2672804Z 
2026-10-09T14:56:19.2673019Z -- Docs: https://docs.pytest.org/en/stable/how-to/capture-warnings.html
2026-10-09T14:56:19.2673633Z - generated xml file: /home/runner/work/_temp/novel-ci-backend-postgres-shard-0.1iVI8X/receipts/backend.xml -
2026-10-09T14:56:19.2674254Z =========================== short test summary info ============================
2026-10-09T14:56:19.2674765Z SKIPPED [5] tests/test_a43_context_identity.py: File-backend implementation contract; covered by the default/File full suite
2026-10-09T14:56:19.2675464Z SKIPPED [2] tests/test_a43_context_identity.py:133: File-backend implementation contract; covered by the default/File full suite
2026-10-09T14:56:19.2676237Z SKIPPED [3] tests/test_a43_context_identity.py:178: File-backend implementation contract; covered by the default/File full suite
2026-10-09T14:56:19.2677042Z SKIPPED [2] tests/test_a43_drive_prefix_identity.py:16: File-backend implementation contract; covered by the default/File full suite
2026-10-09T14:56:19.2677850Z SKIPPED [2] tests/test_a43_drive_prefix_identity.py:38: File-backend implementation contract; covered by the default/File full suite
2026-10-09T14:56:19.2678580Z SKIPPED [1] tests/test_a43_drive_prefix_identity.py:51: File-backend implementation contract; covered by the default/File full suite
2026-10-09T14:56:19.2679244Z SKIPPED [4] tests/test_a43_duplicate_heading.py:44: File-backend implementation contract; covered by the default/File full suite
2026-10-09T14:56:19.2679955Z SKIPPED [5] tests/test_a43_duplicate_heading.py:64: File-backend implementation contract; covered by the default/File full suite
2026-10-09T14:56:19.2680634Z SKIPPED [10] tests/test_a43_file_identity.py: File-backend implementation contract; covered by the default/File full suite
2026-10-09T14:56:19.2681461Z SKIPPED [47] tests/test_a43_identity_references.py: File-backend implementation contract; covered by the default/File full suite
2026-10-09T14:56:19.2682189Z SKIPPED [3] tests/test_a43_identity_references.py:525: File-backend implementation contract; covered by the default/File full suite
2026-10-09T14:56:19.2682894Z SKIPPED [1] tests/test_a43_known_document_nodes.py:53: File-backend implementation contract; covered by the default/File full suite
2026-10-09T14:56:19.2683683Z SKIPPED [2] tests/test_a43_known_document_nodes.py:67: File-backend implementation contract; covered by the default/File full suite
2026-10-09T14:56:19.2684573Z SKIPPED [2] tests/test_a43_known_document_nodes.py:113: File-backend implementation contract; covered by the default/File full suite
2026-10-09T14:56:19.2685234Z SKIPPED [3] tests/test_a43_rich_document.py: File-backend implementation contract; covered by the default/File full suite
2026-10-09T14:56:19.2685911Z SKIPPED [4] tests/test_a43_rich_document.py:197: File-backend implementation contract; covered by the default/File full suite
2026-10-09T14:56:19.2686609Z SKIPPED [1] tests/test_a43_rich_document.py:261: File-backend implementation contract; covered by the default/File full suite
2026-10-09T14:56:19.2687302Z SKIPPED [2] tests/test_a43_rich_document.py:326: File-backend implementation contract; covered by the default/File full suite
2026-10-09T14:56:19.2688204Z SKIPPED [1] tests/test_context_intelligence.py:153: File-backend implementation contract; covered by the default/File full suite
2026-10-09T14:56:19.2688887Z SKIPPED [1] tests/test_context_pack_v2.py:103: File-backend implementation contract; covered by the default/File full suite
2026-10-09T14:56:19.2689561Z SKIPPED [1] tests/test_continuity_api.py:16: File-backend implementation contract; covered by the default/File full suite
2026-10-09T14:56:19.2690238Z SKIPPED [1] tests/test_continuity_api.py:24: File-backend implementation contract; covered by the default/File full suite
2026-10-09T14:56:19.2690948Z SKIPPED [1] tests/test_continuity_api.py:38: File-backend implementation contract; covered by the default/File full suite
2026-10-09T14:56:19.2691636Z SKIPPED [1] tests/test_continuity_api.py:49: File-backend implementation contract; covered by the default/File full suite
2026-10-09T14:56:19.2692256Z SKIPPED [1] tests/test_credential_vault.py:229: manual Windows Credential Manager integration only
2026-10-09T14:56:19.2692875Z SKIPPED [2] tests/test_file_project_lifecycle.py:67: File-backend implementation contract; covered by the default/File full suite
2026-10-09T14:56:19.2693585Z SKIPPED [4] tests/test_file_project_lifecycle.py:101: File-backend implementation contract; covered by the default/File full suite
2026-10-09T14:56:19.2694592Z SKIPPED [2] tests/test_file_project_lifecycle.py:169: File-backend implementation contract; covered by the default/File full suite
2026-10-09T14:56:19.2695313Z SKIPPED [3] tests/test_file_project_lifecycle.py: File-backend implementation contract; covered by the default/File full suite
2026-10-09T14:56:19.2696063Z SKIPPED [2] tests/test_file_project_lifecycle.py:327: File-backend implementation contract; covered by the default/File full suite
2026-10-09T14:56:19.2696904Z SKIPPED [1] tests/test_file_project_lifecycle.py:376: File-backend implementation contract; covered by the default/File full suite
2026-10-09T14:56:19.2697921Z SKIPPED [1] tests/test_generation_snapshot_runtime_v056.py:55: File-backend implementation contract; covered by the default/File full suite
2026-10-09T14:56:19.2698777Z SKIPPED [1] tests/test_jobs_v03.py:15: File-backend implementation contract; covered by the default/File full suite
2026-10-09T14:56:19.2699514Z SKIPPED [1] tests/test_jobs_v03.py:27: File-backend implementation contract; covered by the default/File full suite
2026-10-09T14:56:19.2700314Z SKIPPED [5] tests/test_local_interop_desktop_runtime.py:60: File-backend implementation contract; covered by the default/File full suite
2026-10-09T14:56:19.2701150Z SKIPPED [6] tests/test_local_interop_desktop_runtime.py: File-backend implementation contract; covered by the default/File full suite
2026-10-09T14:56:19.2702117Z SKIPPED [2] tests/test_local_interop_desktop_runtime.py:261: File-backend implementation contract; covered by the default/File full suite
2026-10-09T14:56:19.2702910Z SKIPPED [9] tests/test_local_interop_host.py: File-backend implementation contract; covered by the default/File full suite
2026-10-09T14:56:19.2703669Z SKIPPED [2] tests/test_local_interop_host.py:173: File-backend implementation contract; covered by the default/File full suite
2026-10-09T14:56:19.2704575Z SKIPPED [3] tests/test_local_interop_host.py:203: File-backend implementation contract; covered by the default/File full suite
2026-10-09T14:56:19.2705332Z SKIPPED [2] tests/test_local_interop_host.py:395: File-backend implementation contract; covered by the default/File full suite
2026-10-09T14:56:19.2706097Z SKIPPED [1] tests/test_local_interop_host.py:528: File-backend implementation contract; covered by the default/File full suite
2026-10-09T14:56:19.2706861Z SKIPPED [5] tests/test_local_interop_host.py:611: File-backend implementation contract; covered by the default/File full suite
2026-10-09T14:56:19.2707642Z SKIPPED [1] tests/test_lore_context_contract.py:78: File-backend implementation contract; covered by the default/File full suite
2026-10-09T14:56:19.2708522Z SKIPPED [1] tests/test_lore_context_contract.py:89: File-backend implementation contract; covered by the default/File full suite
2026-10-09T14:56:19.2709192Z SKIPPED [1] tests/test_lore_contract.py:79: Migration 004 is intentionally absent in Phase 1
2026-10-09T14:56:19.2709853Z SKIPPED [1] tests/test_memory_agent_contract.py:49: File-backend implementation contract; covered by the default/File full suite
2026-10-09T14:56:19.2710622Z SKIPPED [1] tests/test_narrative_api.py:8: File-backend implementation contract; covered by the default/File full suite
2026-10-09T14:56:19.2711351Z SKIPPED [1] tests/test_narrative_api.py:18: File-backend implementation contract; covered by the default/File full suite
2026-10-09T14:56:19.2712107Z SKIPPED [1] tests/test_narrative_context.py:29: File-backend implementation contract; covered by the default/File full suite
2026-10-09T14:56:19.2712862Z SKIPPED [1] tests/test_narrative_context.py:66: File-backend implementation contract; covered by the default/File full suite
2026-10-09T14:56:19.2713656Z SKIPPED [1] tests/test_narrative_progress_api.py:19: File-backend implementation contract; covered by the default/File full suite
2026-10-09T14:56:19.2714701Z SKIPPED [2] tests/test_post_interop_author_added_sources.py:87: File-backend implementation contract; covered by the default/File full suite
2026-10-09T14:56:19.2715575Z SKIPPED [4] tests/test_post_interop_author_added_sources.py:106: File-backend implementation contract; covered by the default/File full suite
2026-10-09T14:56:19.2716447Z SKIPPED [11] tests/test_post_interop_author_added_sources.py: File-backend implementation contract; covered by the default/File full suite
2026-10-09T14:56:19.2717353Z SKIPPED [5] tests/test_post_interop_creation_mounted.py: File-backend implementation contract; covered by the default/File full suite
2026-10-09T14:56:19.2718169Z SKIPPED [1] tests/test_post_interop_creation_tasks.py:9: File-backend implementation contract; covered by the default/File full suite
2026-10-09T14:56:19.2718968Z SKIPPED [2] tests/test_post_interop_creation_upgrade.py: File-backend implementation contract; covered by the default/File full suite
2026-10-09T14:56:19.2719818Z SKIPPED [2] tests/test_post_interop_embedding_feature_isolation.py:54: File-backend implementation contract; covered by the default/File full suite
2026-10-09T14:56:19.2720714Z SKIPPED [2] tests/test_post_interop_embedding_feature_isolation.py:76: File-backend implementation contract; covered by the default/File full suite
2026-10-09T14:56:19.2721596Z SKIPPED [2] tests/test_post_interop_embedding_feature_isolation.py:99: File-backend implementation contract; covered by the default/File full suite
2026-10-09T14:56:19.2722532Z SKIPPED [8] tests/test_post_interop_extended_mounted.py: File-backend implementation contract; covered by the default/File full suite
2026-10-09T14:56:19.2723346Z SKIPPED [3] tests/test_post_interop_extended_mounted.py:51: File-backend implementation contract; covered by the default/File full suite
2026-10-09T14:56:19.2724269Z SKIPPED [2] tests/test_post_interop_interactive_history.py: File-backend implementation contract; covered by the default/File full suite
2026-10-09T14:56:19.2725112Z SKIPPED [6] tests/test_post_interop_media_continuation.py: File-backend implementation contract; covered by the default/File full suite
2026-10-09T14:56:19.2725931Z SKIPPED [1] tests/test_post_interop_media_visibility.py: File-backend implementation contract; covered by the default/File full suite
2026-10-09T14:56:19.2726736Z SKIPPED [1] tests/test_post_interop_media_visibility.py:125: File-backend implementation contract; covered by the default/File full suite
2026-10-09T14:56:19.2727549Z SKIPPED [1] tests/test_post_interop_media_visibility.py:158: File-backend implementation contract; covered by the default/File full suite
2026-10-09T14:56:19.2728415Z SKIPPED [3] tests/test_post_interop_revision_compare.py:40: File-backend implementation contract; covered by the default/File full suite
2026-10-09T14:56:19.2729241Z SKIPPED [1] tests/test_post_interop_revision_compare.py:50: File-backend implementation contract; covered by the default/File full suite
2026-10-09T14:56:19.2730150Z SKIPPED [4] tests/test_post_interop_revision_compare.py: File-backend implementation contract; covered by the default/File full suite
2026-10-09T14:56:19.2730986Z SKIPPED [9] tests/test_post_interop_revision_model.py: File-backend implementation contract; covered by the default/File full suite
2026-10-09T14:56:19.2731852Z SKIPPED [6] tests/test_post_interop_scene_mind.py: File-backend implementation contract; covered by the default/File full suite
2026-10-09T14:56:19.2732638Z SKIPPED [3] tests/test_post_interop_scene_mind.py:85: File-backend implementation contract; covered by the default/File full suite
2026-10-09T14:56:19.2733430Z SKIPPED [1] tests/test_post_interop_scene_mind.py:174: File-backend implementation contract; covered by the default/File full suite
2026-10-09T14:56:19.2734335Z SKIPPED [4] tests/test_post_interop_shared_universe.py: File-backend implementation contract; covered by the default/File full suite
2026-10-09T14:56:19.2735170Z SKIPPED [2] tests/test_post_interop_shared_universe.py:97: File-backend implementation contract; covered by the default/File full suite
2026-10-09T14:56:19.2735998Z SKIPPED [4] tests/test_post_interop_structured_search.py: File-backend implementation contract; covered by the default/File full suite
2026-10-09T14:56:19.2736797Z SKIPPED [5] tests/test_post_interop_style_judge.py: File-backend implementation contract; covered by the default/File full suite
2026-10-09T14:56:19.2737599Z SKIPPED [2] tests/test_post_interop_style_judge_mounted.py: File-backend implementation contract; covered by the default/File full suite
2026-10-09T14:56:19.2738408Z SKIPPED [16] tests/test_post_interop_style_model.py: File-backend implementation contract; covered by the default/File full suite
2026-10-09T14:56:19.2739204Z SKIPPED [2] tests/test_post_interop_style_model.py:112: File-backend implementation contract; covered by the default/File full suite
2026-10-09T14:56:19.2740005Z SKIPPED [3] tests/test_post_interop_style_model.py:227: File-backend implementation contract; covered by the default/File full suite
2026-10-09T14:56:19.2740807Z SKIPPED [4] tests/test_post_interop_task_reopen.py:16: File-backend implementation contract; covered by the default/File full suite
2026-10-09T14:56:19.2741596Z SKIPPED [2] tests/test_post_interop_task_reopen.py: File-backend implementation contract; covered by the default/File full suite
2026-10-09T14:56:19.2742406Z SKIPPED [3] tests/test_post_interop_translation_memory.py: File-backend implementation contract; covered by the default/File full suite
2026-10-09T14:56:19.2743335Z SKIPPED [3] tests/test_post_interop_wave3_broker.py: File-backend implementation contract; covered by the default/File full suite
2026-10-09T14:56:19.2744284Z SKIPPED [1] tests/test_post_interop_wave3_broker.py:36: File-backend implementation contract; covered by the default/File full suite
2026-10-09T14:56:19.2745099Z SKIPPED [4] tests/test_post_interop_wave3_research.py: File-backend implementation contract; covered by the default/File full suite
2026-10-09T14:56:19.2745945Z SKIPPED [6] tests/test_post_interop_wave5_templates_sdk_comics.py: File-backend implementation contract; covered by the default/File full suite
2026-10-09T14:56:19.2746824Z SKIPPED [7] tests/test_post_interop_wave5_templates_sdk_comics.py:77: File-backend implementation contract; covered by the default/File full suite
2026-10-09T14:56:19.2747715Z SKIPPED [3] tests/test_post_interop_wave5_templates_sdk_comics.py:217: File-backend implementation contract; covered by the default/File full suite
2026-10-09T14:56:19.2748596Z SKIPPED [9] tests/test_post_interop_workspace_ux.py: File-backend implementation contract; covered by the default/File full suite
2026-10-09T14:56:19.2749364Z SKIPPED [4] tests/test_post_interop_workspace_ux.py:206: File-backend implementation contract; covered by the default/File full suite
2026-10-09T14:56:19.2750156Z SKIPPED [3] tests/test_project_authority_validation.py:75: File-backend implementation contract; covered by the default/File full suite
2026-10-09T14:56:19.2751053Z SKIPPED [8] tests/test_project_authority_validation.py: File-backend implementation contract; covered by the default/File full suite
2026-10-09T14:56:19.2751859Z SKIPPED [1] tests/test_project_authority_validation.py:123: File-backend implementation contract; covered by the default/File full suite
2026-10-09T14:56:19.2752665Z SKIPPED [3] tests/test_project_authority_validation.py:133: File-backend implementation contract; covered by the default/File full suite
2026-10-09T14:56:19.2753470Z SKIPPED [2] tests/test_project_authority_validation.py:155: File-backend implementation contract; covered by the default/File full suite
2026-10-09T14:56:19.2754300Z SKIPPED [1] tests/test_provider_runtime_v2_host_hardware_inventory.py:407: real Windows native acceptance
2026-10-09T14:56:19.2755018Z SKIPPED [3] tests/test_r3_audiobook_preparation.py: File-backend implementation contract; covered by the default/File full suite
2026-10-09T14:56:19.2755786Z SKIPPED [5] tests/test_r3_embedding_contracts.py: File-backend implementation contract; covered by the default/File full suite
2026-10-09T14:56:19.2756531Z SKIPPED [2] tests/test_r3_media_workflows.py: File-backend implementation contract; covered by the default/File full suite
2026-10-09T14:56:19.2757274Z SKIPPED [9] tests/test_r3_mounted_contracts.py: File-backend implementation contract; covered by the default/File full suite
2026-10-09T14:56:19.2757989Z SKIPPED [6] tests/test_r3_planning.py: File-backend implementation contract; covered by the default/File full suite
2026-10-09T14:56:19.2758751Z SKIPPED [6] tests/test_r3_team_recipes.py: File-backend implementation contract; covered by the default/File full suite
2026-10-09T14:56:19.2759489Z SKIPPED [4] tests/test_r3_team_recipes.py:112: File-backend implementation contract; covered by the default/File full suite
2026-10-09T14:56:19.2760194Z SKIPPED [6] tests/test_r3_world.py: File-backend implementation contract; covered by the default/File full suite
2026-10-09T14:56:19.2760961Z SKIPPED [7] tests/test_r4_author_scope_variants_mounted.py: File-backend implementation contract; covered by the default/File full suite
2026-10-09T14:56:19.2761783Z SKIPPED [3] tests/test_r4_author_source_items_mounted.py: File-backend implementation contract; covered by the default/File full suite
2026-10-09T14:56:19.2762577Z SKIPPED [7] tests/test_r4_author_task_projection.py: File-backend implementation contract; covered by the default/File full suite
2026-10-09T14:56:19.2763368Z SKIPPED [3] tests/test_r4_author_task_projection.py:179: File-backend implementation contract; covered by the default/File full suite
2026-10-09T14:56:19.2764355Z SKIPPED [11] tests/test_r4_batch_admission.py: File-backend implementation contract; covered by the default/File full suite
2026-10-09T14:56:19.2765142Z SKIPPED [3] tests/test_r4_batch_admission_mounted.py: File-backend implementation contract; covered by the default/File full suite
2026-10-09T14:56:19.2765927Z SKIPPED [2] tests/test_r4_broker_cancel_dispatch.py: File-backend implementation contract; covered by the default/File full suite
2026-10-09T14:56:19.2766828Z SKIPPED [4] tests/test_r4_broker_mounted.py: File-backend implementation contract; covered by the default/File full suite
2026-10-09T14:56:19.2767562Z SKIPPED [8] tests/test_r4_change_impact.py: File-backend implementation contract; covered by the default/File full suite
2026-10-09T14:56:19.2768315Z SKIPPED [1] tests/test_r4_change_impact_mounted.py: File-backend implementation contract; covered by the default/File full suite
2026-10-09T14:56:19.2769084Z SKIPPED [2] tests/test_r4_character_author_api.py: File-backend implementation contract; covered by the default/File full suite
2026-10-09T14:56:19.2769860Z SKIPPED [2] tests/test_r4_character_author_api.py:81: File-backend implementation contract; covered by the default/File full suite
2026-10-09T14:56:19.2770640Z SKIPPED [4] tests/test_r4_character_author_api.py:93: File-backend implementation contract; covered by the default/File full suite
2026-10-09T14:56:19.2771512Z SKIPPED [4] tests/test_r4_character_author_context.py: File-backend implementation contract; covered by the default/File full suite
2026-10-09T14:56:19.2772320Z SKIPPED [5] tests/test_r4_character_author_context.py:70: File-backend implementation contract; covered by the default/File full suite
2026-10-09T14:56:19.2773127Z SKIPPED [2] tests/test_r4_character_author_context.py:97: File-backend implementation contract; covered by the default/File full suite
2026-10-09T14:56:19.2773930Z SKIPPED [1] tests/test_r4_character_author_dispatch.py: File-backend implementation contract; covered by the default/File full suite
2026-10-09T14:56:19.2774872Z SKIPPED [1] tests/test_r4_character_author_dispatch.py:110: File-backend implementation contract; covered by the default/File full suite
2026-10-09T14:56:19.2775654Z SKIPPED [2] tests/test_r4_director.py: File-backend implementation contract; covered by the default/File full suite
2026-10-09T14:56:19.2776431Z SKIPPED [3] tests/test_r4_director_exchange_mounted.py: File-backend implementation contract; covered by the default/File full suite
2026-10-09T14:56:19.2777259Z SKIPPED [4] tests/test_r4_director_exchange_mounted.py:72: File-backend implementation contract; covered by the default/File full suite
2026-10-09T14:56:19.2778065Z SKIPPED [14] tests/test_r4_first_use_mounted.py: File-backend implementation contract; covered by the default/File full suite
2026-10-09T14:56:19.2778845Z SKIPPED [2] tests/test_r4_first_use_mounted.py:144: File-backend implementation contract; covered by the default/File full suite
2026-10-09T14:56:19.2779653Z SKIPPED [10] tests/test_r4_generation_origin_guards.py:22: File-backend implementation contract; covered by the default/File full suite
2026-10-09T14:56:19.2780461Z SKIPPED [9] tests/test_r4_generation_origin_guards.py: File-backend implementation contract; covered by the default/File full suite
2026-10-09T14:56:19.2781290Z SKIPPED [2] tests/test_r4_generation_origin_regression.py:5: File-backend implementation contract; covered by the default/File full suite
2026-10-09T14:56:19.2782126Z SKIPPED [2] tests/test_r4_generation_origin_regression.py: File-backend implementation contract; covered by the default/File full suite
2026-10-09T14:56:19.2782932Z SKIPPED [6] tests/test_r4_incremental_search.py: File-backend implementation contract; covered by the default/File full suite
2026-10-09T14:56:19.2783721Z SKIPPED [1] tests/test_r4_incremental_search_mounted.py: File-backend implementation contract; covered by the default/File full suite
2026-10-09T14:56:19.2785220Z SKIPPED [2] tests/test_r4_judge_legacy_fence.py:12: File-backend implementation contract; covered by the default/File full suite
2026-10-09T14:56:19.2786125Z SKIPPED [15] tests/test_r4_judge_model.py: File-backend implementation contract; covered by the default/File full suite
2026-10-09T14:56:19.2786655Z SKIPPED [1] tests/test_r4_media_evidence.py: File-backend implementation contract; covered by the default/File full suite
2026-10-09T14:56:19.2787164Z SKIPPED [12] tests/test_r4_model_broker.py: File-backend implementation contract; covered by the default/File full suite
2026-10-09T14:56:19.2787681Z SKIPPED [1] tests/test_r4_mounted_inspection.py: File-backend implementation contract; covered by the default/File full suite
2026-10-09T14:56:19.2788201Z SKIPPED [6] tests/test_r4_mounted_workspaces.py: File-backend implementation contract; covered by the default/File full suite
2026-10-09T14:56:19.2788716Z SKIPPED [3] tests/test_r4_planning_authority.py: File-backend implementation contract; covered by the default/File full suite
2026-10-09T14:56:19.2789235Z SKIPPED [7] tests/test_r4_portable_batches.py: File-backend implementation contract; covered by the default/File full suite
2026-10-09T14:56:19.2789775Z SKIPPED [5] tests/test_r4_portable_batches_mounted.py: File-backend implementation contract; covered by the default/File full suite
2026-10-09T14:56:19.2790322Z SKIPPED [3] tests/test_r4_portable_batches_mounted.py:77: File-backend implementation contract; covered by the default/File full suite
2026-10-09T14:56:19.2790942Z SKIPPED [3] tests/test_r4_portable_maintenance.py: File-backend implementation contract; covered by the default/File full suite
2026-10-09T14:56:19.2791467Z SKIPPED [11] tests/test_r4_production_lineage.py: File-backend implementation contract; covered by the default/File full suite
2026-10-09T14:56:19.2791985Z SKIPPED [5] tests/test_r4_production_mounted.py: File-backend implementation contract; covered by the default/File full suite
2026-10-09T14:56:19.2792495Z SKIPPED [5] tests/test_r4_reader_sessions.py: File-backend implementation contract; covered by the default/File full suite
2026-10-09T14:56:19.2793010Z SKIPPED [1] tests/test_r4_reader_sessions.py:290: File-backend implementation contract; covered by the default/File full suite
2026-10-09T14:56:19.2793537Z SKIPPED [6] tests/test_r4_registered_local_media.py: File-backend implementation contract; covered by the default/File full suite
2026-10-09T14:56:19.2794217Z SKIPPED [2] tests/test_r4_registered_media_mounted.py: File-backend implementation contract; covered by the default/File full suite
2026-10-09T14:56:19.2794755Z SKIPPED [8] tests/test_r4_research_library.py: File-backend implementation contract; covered by the default/File full suite
2026-10-09T14:56:19.2795266Z SKIPPED [1] tests/test_r4_research_library.py:92: File-backend implementation contract; covered by the default/File full suite
2026-10-09T14:56:19.2795796Z SKIPPED [2] tests/test_r4_research_library_mounted.py: File-backend implementation contract; covered by the default/File full suite
2026-10-09T14:56:19.2796351Z SKIPPED [2] tests/test_r4_research_library_mounted.py:68: File-backend implementation contract; covered by the default/File full suite
2026-10-09T14:56:19.2796901Z SKIPPED [1] tests/test_r4_research_library_mounted.py:83: File-backend implementation contract; covered by the default/File full suite
2026-10-09T14:56:19.2797442Z SKIPPED [3] tests/test_r4_revision_intelligence.py:96: File-backend implementation contract; covered by the default/File full suite
2026-10-09T14:56:19.2797985Z SKIPPED [11] tests/test_r4_revision_intelligence.py: File-backend implementation contract; covered by the default/File full suite
2026-10-09T14:56:19.2798541Z SKIPPED [5] tests/test_r4_revision_intelligence_mounted.py: File-backend implementation contract; covered by the default/File full suite
2026-10-09T14:56:19.2799097Z SKIPPED [1] tests/test_r4_selection_author_binding.py: File-backend implementation contract; covered by the default/File full suite
2026-10-09T14:56:19.2799652Z SKIPPED [2] tests/test_r4_selection_author_binding.py:99: File-backend implementation contract; covered by the default/File full suite
2026-10-09T14:56:19.2800260Z SKIPPED [2] tests/test_r4_selection_author_binding.py:112: File-backend implementation contract; covered by the default/File full suite
2026-10-09T14:56:19.2800820Z SKIPPED [2] tests/test_r4_selection_author_binding.py:126: File-backend implementation contract; covered by the default/File full suite
2026-10-09T14:56:19.2801341Z SKIPPED [13] tests/test_r4_story_graph.py: File-backend implementation contract; covered by the default/File full suite
2026-10-09T14:56:19.2801842Z SKIPPED [4] tests/test_r4_story_graph_mounted.py: File-backend implementation contract; covered by the default/File full suite
2026-10-09T14:56:19.2802348Z SKIPPED [6] tests/test_r4_story_simulator.py: File-backend implementation contract; covered by the default/File full suite
2026-10-09T14:56:19.2802941Z SKIPPED [6] tests/test_r4_story_simulator.py:118: File-backend implementation contract; covered by the default/File full suite
2026-10-09T14:56:19.2803497Z SKIPPED [12] tests/test_r4_story_simulator_model.py: File-backend implementation contract; covered by the default/File full suite
2026-10-09T14:56:19.2804189Z SKIPPED [12] tests/test_r4_story_simulator_model.py:108: File-backend implementation contract; covered by the default/File full suite
2026-10-09T14:56:19.2804822Z SKIPPED [1] tests/test_r4_story_simulator_model.py:166: File-backend implementation contract; covered by the default/File full suite
2026-10-09T14:56:19.2805384Z SKIPPED [2] tests/test_r4_story_simulator_model.py:184: File-backend implementation contract; covered by the default/File full suite
2026-10-09T14:56:19.2805941Z SKIPPED [2] tests/test_r4_story_simulator_model.py:238: File-backend implementation contract; covered by the default/File full suite
2026-10-09T14:56:19.2806511Z SKIPPED [4] tests/test_r4_story_simulator_mounted.py: File-backend implementation contract; covered by the default/File full suite
2026-10-09T14:56:19.2807047Z SKIPPED [5] tests/test_r4_style_judge.py:87: File-backend implementation contract; covered by the default/File full suite
2026-10-09T14:56:19.2807567Z SKIPPED [7] tests/test_r4_style_judge.py: File-backend implementation contract; covered by the default/File full suite
2026-10-09T14:56:19.2808095Z SKIPPED [2] tests/test_r4_style_judge_mounted.py: File-backend implementation contract; covered by the default/File full suite
2026-10-09T14:56:19.2808642Z SKIPPED [3] tests/test_r4_style_judge_mounted.py:71: File-backend implementation contract; covered by the default/File full suite
2026-10-09T14:56:19.2809186Z SKIPPED [2] tests/test_r4_timeline_exchange.py: File-backend implementation contract; covered by the default/File full suite
2026-10-09T14:56:19.2809735Z SKIPPED [5] tests/test_r4_workspace_resume.py: File-backend implementation contract; covered by the default/File full suite
2026-10-09T14:56:19.2810276Z SKIPPED [1] tests/test_r4_workspace_resume.py:177: File-backend implementation contract; covered by the default/File full suite
2026-10-09T14:56:19.2810834Z SKIPPED [2] tests/test_r4_workspace_resume_mounted.py: File-backend implementation contract; covered by the default/File full suite
2026-10-09T14:56:19.2811383Z SKIPPED [5] tests/test_r4_workspace_tools.py: File-backend implementation contract; covered by the default/File full suite
2026-10-09T14:56:19.2811906Z SKIPPED [10] tests/test_r4_writing_focus.py: File-backend implementation contract; covered by the default/File full suite
2026-10-09T14:56:19.2812425Z SKIPPED [5] tests/test_r5_comic_layouts.py: File-backend implementation contract; covered by the default/File full suite
2026-10-09T14:56:19.2812967Z SKIPPED [3] tests/test_r5_comic_layouts.py:126: File-backend implementation contract; covered by the default/File full suite
2026-10-09T14:56:19.2813493Z SKIPPED [2] tests/test_r5_comic_mounted.py: File-backend implementation contract; covered by the default/File full suite
2026-10-09T14:56:19.2814017Z SKIPPED [5] tests/test_r5_comic_mounted.py:49: File-backend implementation contract; covered by the default/File full suite
2026-10-09T14:56:19.2814684Z SKIPPED [3] tests/test_r5_comic_mounted.py:68: File-backend implementation contract; covered by the default/File full suite
2026-10-09T14:56:19.2815223Z SKIPPED [1] tests/test_r5_declarative_job_bounds.py: File-backend implementation contract; covered by the default/File full suite
2026-10-09T14:56:19.2815770Z SKIPPED [12] tests/test_r5_declarative_model.py: File-backend implementation contract; covered by the default/File full suite
2026-10-09T14:56:19.2816319Z SKIPPED [7] tests/test_r5_declarative_mounted.py: File-backend implementation contract; covered by the default/File full suite
2026-10-09T14:56:19.2816858Z SKIPPED [6] tests/test_r5_declarative_templates.py: File-backend implementation contract; covered by the default/File full suite
2026-10-09T14:56:19.2817409Z SKIPPED [5] tests/test_r5_declarative_templates.py:91: File-backend implementation contract; covered by the default/File full suite
2026-10-09T14:56:19.2817971Z SKIPPED [3] tests/test_r5_declarative_templates.py:177: File-backend implementation contract; covered by the default/File full suite
2026-10-09T14:56:19.2818518Z SKIPPED [2] tests/test_r5_interactive_story.py:89: File-backend implementation contract; covered by the default/File full suite
2026-10-09T14:56:19.2819054Z SKIPPED [7] tests/test_r5_interactive_story.py: File-backend implementation contract; covered by the default/File full suite
2026-10-09T14:56:19.2819710Z SKIPPED [1] tests/test_r5_interactive_story.py:122: File-backend implementation contract; covered by the default/File full suite
2026-10-09T14:56:19.2820271Z SKIPPED [7] tests/test_r5_interactive_story_mounted.py: File-backend implementation contract; covered by the default/File full suite
2026-10-09T14:56:19.2820836Z SKIPPED [4] tests/test_r5_multilingual_editions.py: File-backend implementation contract; covered by the default/File full suite
2026-10-09T14:56:19.2821394Z SKIPPED [1] tests/test_r5_multilingual_editions.py:118: File-backend implementation contract; covered by the default/File full suite
2026-10-09T14:56:19.2821972Z SKIPPED [4] tests/test_r5_multilingual_editions_mounted.py: File-backend implementation contract; covered by the default/File full suite
2026-10-09T14:56:19.2822559Z SKIPPED [1] tests/test_r5_multilingual_editions_mounted.py:84: File-backend implementation contract; covered by the default/File full suite
2026-10-09T14:56:19.2823167Z SKIPPED [2] tests/test_r5_multilingual_editions_mounted.py:99: File-backend implementation contract; covered by the default/File full suite
2026-10-09T14:56:19.2823749Z SKIPPED [20] tests/test_r5_multilingual_translation.py: File-backend implementation contract; covered by the default/File full suite
2026-10-09T14:56:19.2824438Z SKIPPED [1] tests/test_r5_multilingual_translation.py:263: File-backend implementation contract; covered by the default/File full suite
2026-10-09T14:56:19.2824983Z SKIPPED [11] tests/test_r5_offline_sync.py: File-backend implementation contract; covered by the default/File full suite
2026-10-09T14:56:19.2825521Z SKIPPED [7] tests/test_r5_offline_sync_mounted.py: File-backend implementation contract; covered by the default/File full suite
2026-10-09T14:56:19.2826074Z SKIPPED [4] tests/test_r5_offline_sync_mounted.py:77: File-backend implementation contract; covered by the default/File full suite
2026-10-09T14:56:19.2826643Z SKIPPED [3] tests/test_r5_offline_sync_mounted.py:140: File-backend implementation contract; covered by the default/File full suite
2026-10-09T14:56:19.2827183Z SKIPPED [1] tests/test_r5_offline_sync_tcp.py:122: explicit real-loopback subprocess gate; not an in-process substitute
2026-10-09T14:56:19.2827713Z SKIPPED [2] tests/test_r5_pause_aware_audio.py: File-backend implementation contract; covered by the default/File full suite
2026-10-09T14:56:19.2828237Z SKIPPED [8] tests/test_r5_project_forks.py: File-backend implementation contract; covered by the default/File full suite
2026-10-09T14:56:19.2828760Z SKIPPED [1] tests/test_r5_project_forks.py:130: File-backend implementation contract; covered by the default/File full suite
2026-10-09T14:56:19.2829440Z SKIPPED [7] tests/test_r5_project_forks_mounted.py: File-backend implementation contract; covered by the default/File full suite
2026-10-09T14:56:19.2830011Z SKIPPED [5] tests/test_r5_project_forks_mounted.py:74: File-backend implementation contract; covered by the default/File full suite
2026-10-09T14:56:19.2830555Z SKIPPED [5] tests/test_r5_structured_forks.py: File-backend implementation contract; covered by the default/File full suite
2026-10-09T14:56:19.2831101Z SKIPPED [1] tests/test_r5_structured_forks.py:115: File-backend implementation contract; covered by the default/File full suite
2026-10-09T14:56:19.2831642Z SKIPPED [2] tests/test_r5_structured_forks.py:174: File-backend implementation contract; covered by the default/File full suite
2026-10-09T14:56:19.2832194Z SKIPPED [2] tests/test_r5_structured_forks_mounted.py: File-backend implementation contract; covered by the default/File full suite
2026-10-09T14:56:19.2832766Z SKIPPED [2] tests/test_r5_structured_forks_mounted.py:53: File-backend implementation contract; covered by the default/File full suite
2026-10-09T14:56:19.2833331Z SKIPPED [9] tests/test_r5_voice_subtitles.py: File-backend implementation contract; covered by the default/File full suite
2026-10-09T14:56:19.2833980Z SKIPPED [4] tests/test_r5_voice_subtitles.py:180: File-backend implementation contract; covered by the default/File full suite
2026-10-09T14:56:19.2834585Z SKIPPED [6] tests/test_r5_voice_subtitles_mounted.py: File-backend implementation contract; covered by the default/File full suite
2026-10-09T14:56:19.2835125Z SKIPPED [10] tests/test_r5_writer_room_mounted.py: File-backend implementation contract; covered by the default/File full suite
2026-10-09T14:56:19.2835659Z SKIPPED [2] tests/test_rc_packaged_default_chapter.py: File-backend implementation contract; covered by the default/File full suite
2026-10-09T14:56:19.2836542Z SKIPPED [1] tests/test_runtime_ownership_foundation_v070.py:173: Windows exclusive loopback port reservation is not executed on this platform. Missing socket.SO_EXCLUSIVEADDRUSE AttributeError on Linux is an implementation accident, not a documented unsupported-platform contract.
2026-10-09T14:56:19.2837357Z SKIPPED [1] tests/test_runtime_ownership_foundation_v070.py:295: Windows Job Object contract
2026-10-09T14:56:19.2837761Z SKIPPED [1] tests/test_runtime_ownership_foundation_v070.py:309: Windows process identity contract
2026-10-09T14:56:19.2838267Z SKIPPED [14] tests/test_shared_generation_stream_authority.py:262: File-backend implementation contract; covered by the default/File full suite
2026-10-09T14:56:19.2838861Z SKIPPED [4] tests/test_shared_generation_stream_authority.py:292: File-backend implementation contract; covered by the default/File full suite
2026-10-09T14:56:19.2839447Z SKIPPED [10] tests/test_shared_generation_stream_authority.py: File-backend implementation contract; covered by the default/File full suite
2026-10-09T14:56:19.2840034Z SKIPPED [4] tests/test_shared_generation_stream_authority.py:513: File-backend implementation contract; covered by the default/File full suite
2026-10-09T14:56:19.2840628Z SKIPPED [35] tests/test_shared_generation_terminal_protocol.py:82: File-backend implementation contract; covered by the default/File full suite
2026-10-09T14:56:19.2841227Z SKIPPED [10] tests/test_shared_generation_terminal_protocol.py:108: File-backend implementation contract; covered by the default/File full suite
2026-10-09T14:56:19.2841819Z SKIPPED [4] tests/test_shared_generation_terminal_protocol.py:158: File-backend implementation contract; covered by the default/File full suite
2026-10-09T14:56:19.2842414Z SKIPPED [3] tests/test_shared_generation_terminal_protocol.py:175: File-backend implementation contract; covered by the default/File full suite
2026-10-09T14:56:19.2843001Z SKIPPED [10] tests/test_shared_generation_terminal_protocol.py:196: File-backend implementation contract; covered by the default/File full suite
2026-10-09T14:56:19.2843642Z SKIPPED [2] tests/test_shared_generation_terminal_protocol.py:221: File-backend implementation contract; covered by the default/File full suite
2026-10-09T14:56:19.2844302Z SKIPPED [6] tests/test_shared_generation_terminal_protocol.py: File-backend implementation contract; covered by the default/File full suite
2026-10-09T14:56:19.2844959Z SKIPPED [4] tests/test_shared_generation_terminal_protocol.py:345: File-backend implementation contract; covered by the default/File full suite
2026-10-09T14:56:19.2845560Z SKIPPED [3] tests/test_shared_generation_terminal_protocol.py:357: File-backend implementation contract; covered by the default/File full suite
2026-10-09T14:56:19.2846163Z SKIPPED [28] tests/test_shared_project_route_authority.py:103: File-backend implementation contract; covered by the default/File full suite
2026-10-09T14:56:19.2846758Z SKIPPED [31] tests/test_shared_project_route_authority.py:120: File-backend implementation contract; covered by the default/File full suite
2026-10-09T14:56:19.2847368Z SKIPPED [18] tests/test_shared_project_route_authority.py:143: File-backend implementation contract; covered by the default/File full suite
2026-10-09T14:56:19.2847951Z SKIPPED [43] tests/test_shared_project_route_authority.py: File-backend implementation contract; covered by the default/File full suite
2026-10-09T14:56:19.2848611Z SKIPPED [38] tests/test_shared_project_route_authority.py:283: File-backend implementation contract; covered by the default/File full suite
2026-10-09T14:56:19.2849200Z SKIPPED [18] tests/test_shared_project_route_authority.py:352: File-backend implementation contract; covered by the default/File full suite
2026-10-09T14:56:19.2849795Z SKIPPED [24] tests/test_shared_project_route_authority.py:388: File-backend implementation contract; covered by the default/File full suite
2026-10-09T14:56:19.2850356Z SKIPPED [3] tests/test_structured_record_cas.py:12: File-backend implementation contract; covered by the default/File full suite
2026-10-09T14:56:19.2850911Z SKIPPED [1] tests/test_structured_record_cas.py: File-backend implementation contract; covered by the default/File full suite
2026-10-09T14:56:19.2851485Z SKIPPED [11] tests/test_surface_adaptation_lifecycle.py: File-backend implementation contract; covered by the default/File full suite
2026-10-09T14:56:19.2852067Z SKIPPED [1] tests/test_surface_adaptation_projection.py: File-backend implementation contract; covered by the default/File full suite
2026-10-09T14:56:19.2852649Z SKIPPED [6] tests/test_surface_adapter_capacity.py:74: File-backend implementation contract; covered by the default/File full suite
2026-10-09T14:56:19.2853209Z SKIPPED [15] tests/test_surface_adapter_capacity.py: File-backend implementation contract; covered by the default/File full suite
2026-10-09T14:56:19.2853772Z SKIPPED [9] tests/test_surface_adapter_capacity.py:110: File-backend implementation contract; covered by the default/File full suite
2026-10-09T14:56:19.2854434Z SKIPPED [1] tests/test_surface_adapter_projection.py:53: File-backend implementation contract; covered by the default/File full suite
2026-10-09T14:56:19.2855015Z SKIPPED [2] tests/test_surface_adapter_projection.py:84: File-backend implementation contract; covered by the default/File full suite
2026-10-09T14:56:19.2855592Z SKIPPED [2] tests/test_surface_adapter_projection.py:101: File-backend implementation contract; covered by the default/File full suite
2026-10-09T14:56:19.2856167Z SKIPPED [6] tests/test_surface_adapter_projection.py:122: File-backend implementation contract; covered by the default/File full suite
2026-10-09T14:56:19.2856745Z SKIPPED [3] tests/test_surface_adapter_projection.py:138: File-backend implementation contract; covered by the default/File full suite
2026-10-09T14:56:19.2857330Z SKIPPED [6] tests/test_surface_adapter_projection.py:147: File-backend implementation contract; covered by the default/File full suite
2026-10-09T14:56:19.2857917Z SKIPPED [2] tests/test_surface_adapter_projection.py:171: File-backend implementation contract; covered by the default/File full suite
2026-10-09T14:56:19.2858542Z SKIPPED [1] tests/test_surface_adapter_projection.py:185: File-backend implementation contract; covered by the default/File full suite
2026-10-09T14:56:19.2859108Z SKIPPED [2] tests/test_surface_adapter_projection.py:203: File-backend implementation contract; covered by the default/File full suite
2026-10-09T14:56:19.2859676Z SKIPPED [4] tests/test_surface_adapter_projection.py:236: File-backend implementation contract; covered by the default/File full suite
2026-10-09T14:56:19.2860244Z SKIPPED [3] tests/test_surface_adapter_projection.py:264: File-backend implementation contract; covered by the default/File full suite
2026-10-09T14:56:19.2860834Z SKIPPED [3] tests/test_surface_adapter_projection.py:273: File-backend implementation contract; covered by the default/File full suite
2026-10-09T14:56:19.2861408Z SKIPPED [2] tests/test_surface_adapter_projection.py:286: File-backend implementation contract; covered by the default/File full suite
2026-10-09T14:56:19.2861984Z SKIPPED [3] tests/test_surface_adapter_projection.py:302: File-backend implementation contract; covered by the default/File full suite
2026-10-09T14:56:19.2862549Z SKIPPED [4] tests/test_surface_adapter_projection.py:317: File-backend implementation contract; covered by the default/File full suite
2026-10-09T14:56:19.2863187Z SKIPPED [5] tests/test_surface_branch_generation_stream.py:47: File-backend implementation contract; covered by the default/File full suite
2026-10-09T14:56:19.2863781Z SKIPPED [6] tests/test_surface_branch_generation_stream.py: File-backend implementation contract; covered by the default/File full suite
2026-10-09T14:56:19.2864472Z SKIPPED [3] tests/test_surface_branch_generation_stream.py:94: File-backend implementation contract; covered by the default/File full suite
2026-10-09T14:56:19.2865074Z SKIPPED [2] tests/test_surface_branch_generation_stream.py:144: File-backend implementation contract; covered by the default/File full suite
2026-10-09T14:56:19.2865689Z SKIPPED [6] tests/test_surface_branch_manuscript.py: File-backend implementation contract; covered by the default/File full suite
2026-10-09T14:56:19.2866246Z SKIPPED [10] tests/test_surface_branch_manuscript_mounted.py: File-backend implementation contract; covered by the default/File full suite
2026-10-09T14:56:19.2866834Z SKIPPED [3] tests/test_surface_branch_manuscript_mounted.py:273: File-backend implementation contract; covered by the default/File full suite
2026-10-09T14:56:19.2867424Z SKIPPED [2] tests/test_surface_continuity_timeline_identity.py:45: File-backend implementation contract; covered by the default/File full suite
2026-10-09T14:56:19.2868018Z SKIPPED [5] tests/test_surface_continuity_timeline_identity.py: File-backend implementation contract; covered by the default/File full suite
2026-10-09T14:56:19.2868585Z SKIPPED [2] tests/test_surface_core_story_record_api.py:24: File-backend implementation contract; covered by the default/File full suite
2026-10-09T14:56:19.2869133Z SKIPPED [4] tests/test_surface_core_story_record_api.py:56: File-backend implementation contract; covered by the default/File full suite
2026-10-09T14:56:19.2869689Z SKIPPED [5] tests/test_surface_core_story_record_api.py:78: File-backend implementation contract; covered by the default/File full suite
2026-10-09T14:56:19.2870239Z SKIPPED [5] tests/test_surface_core_story_record_api.py:94: File-backend implementation contract; covered by the default/File full suite
2026-10-09T14:56:19.2870786Z SKIPPED [3] tests/test_surface_core_story_records.py:53: File-backend implementation contract; covered by the default/File full suite
2026-10-09T14:56:19.2871329Z SKIPPED [3] tests/test_surface_core_story_records.py:86: File-backend implementation contract; covered by the default/File full suite
2026-10-09T14:56:19.2871871Z SKIPPED [3] tests/test_surface_core_story_records.py:106: File-backend implementation contract; covered by the default/File full suite
2026-10-09T14:56:19.2872419Z SKIPPED [4] tests/test_surface_core_story_records.py: File-backend implementation contract; covered by the default/File full suite
2026-10-09T14:56:19.2873003Z SKIPPED [1] tests/test_surface_core_story_records.py:166: File-backend implementation contract; covered by the default/File full suite
2026-10-09T14:56:19.2873544Z SKIPPED [2] tests/test_surface_core_story_records.py:193: File-backend implementation contract; covered by the default/File full suite
2026-10-09T14:56:19.2874162Z SKIPPED [2] tests/test_surface_core_story_records.py:217: File-backend implementation contract; covered by the default/File full suite
2026-10-09T14:56:19.2874747Z SKIPPED [2] tests/test_surface_embedding_invalidation_receipts.py:20: File-backend implementation contract; covered by the default/File full suite
2026-10-09T14:56:19.2875352Z SKIPPED [1] tests/test_surface_embedding_invalidation_receipts.py: File-backend implementation contract; covered by the default/File full suite
2026-10-09T14:56:19.2875964Z SKIPPED [2] tests/test_surface_finding_review.py:55: File-backend implementation contract; covered by the default/File full suite
2026-10-09T14:56:19.2876500Z SKIPPED [9] tests/test_surface_finding_review.py: File-backend implementation contract; covered by the default/File full suite
2026-10-09T14:56:19.2877034Z SKIPPED [3] tests/test_surface_finding_review.py:117: File-backend implementation contract; covered by the default/File full suite
2026-10-09T14:56:19.2877612Z SKIPPED [2] tests/test_surface_finding_review.py:229: File-backend implementation contract; covered by the default/File full suite
2026-10-09T14:56:19.2878135Z SKIPPED [4] tests/test_surface_finding_review.py:241: File-backend implementation contract; covered by the default/File full suite
2026-10-09T14:56:19.2878668Z SKIPPED [8] tests/test_surface_findings_canon_inbox.py: File-backend implementation contract; covered by the default/File full suite
2026-10-09T14:56:19.2879235Z SKIPPED [2] tests/test_surface_flag_discovery.py: File-backend implementation contract; covered by the default/File full suite
2026-10-09T14:56:19.2879789Z SKIPPED [7] tests/test_surface_freeze_media_engine_adapters.py: File-backend implementation contract; covered by the default/File full suite
2026-10-09T14:56:19.2880373Z SKIPPED [2] tests/test_surface_freeze_media_engine_adapters.py:187: File-backend implementation contract; covered by the default/File full suite
2026-10-09T14:56:19.2880960Z SKIPPED [2] tests/test_surface_freeze_media_engine_adapters.py:403: File-backend implementation contract; covered by the default/File full suite
2026-10-09T14:56:19.2881549Z SKIPPED [1] tests/test_surface_freeze_media_engine_adapters.py:472: File-backend implementation contract; covered by the default/File full suite
2026-10-09T14:56:19.2882117Z SKIPPED [3] tests/test_surface_hybrid_read_authority.py: File-backend implementation contract; covered by the default/File full suite
2026-10-09T14:56:19.2882673Z SKIPPED [1] tests/test_surface_hybrid_read_authority.py:102: File-backend implementation contract; covered by the default/File full suite
2026-10-09T14:56:19.2883233Z SKIPPED [6] tests/test_surface_interop_branch_authority.py: File-backend implementation contract; covered by the default/File full suite
2026-10-09T14:56:19.2883808Z SKIPPED [2] tests/test_surface_interop_branch_authority.py:146: File-backend implementation contract; covered by the default/File full suite
2026-10-09T14:56:19.2884500Z SKIPPED [1] tests/test_surface_interop_branch_authority.py:329: File-backend implementation contract; covered by the default/File full suite
2026-10-09T14:56:19.2885069Z SKIPPED [14] tests/test_surface_pending_canon_review.py: File-backend implementation contract; covered by the default/File full suite
2026-10-09T14:56:19.2885619Z SKIPPED [2] tests/test_surface_pending_canon_review.py:299: File-backend implementation contract; covered by the default/File full suite
2026-10-09T14:56:19.2886210Z SKIPPED [8] tests/test_surface_production_sync.py: File-backend implementation contract; covered by the default/File full suite
2026-10-09T14:56:19.2886780Z SKIPPED [16] tests/test_surface_realtime_collaboration.py: File-backend implementation contract; covered by the default/File full suite
2026-10-09T14:56:19.2887447Z SKIPPED [4] tests/test_surface_realtime_collaboration.py:176: File-backend implementation contract; covered by the default/File full suite
2026-10-09T14:56:19.2888043Z SKIPPED [13] tests/test_surface_search_visual_research.py: File-backend implementation contract; covered by the default/File full suite
2026-10-09T14:56:19.2888631Z SKIPPED [5] tests/test_surface_search_visual_research.py:127: File-backend implementation contract; covered by the default/File full suite
2026-10-09T14:56:19.2889222Z SKIPPED [1] tests/test_surface_search_visual_research.py:182: File-backend implementation contract; covered by the default/File full suite
2026-10-09T14:56:19.2889801Z SKIPPED [1] tests/test_surface_search_visual_research.py:242: File-backend implementation contract; covered by the default/File full suite
2026-10-09T14:56:19.2890377Z SKIPPED [6] tests/test_surface_story_record_api.py: File-backend implementation contract; covered by the default/File full suite
2026-10-09T14:56:19.2890972Z SKIPPED [1] tests/test_surface_story_record_versions.py:37: File-backend implementation contract; covered by the default/File full suite
2026-10-09T14:56:19.2891555Z SKIPPED [1] tests/test_surface_story_record_versions.py:147: File-backend implementation contract; covered by the default/File full suite
2026-10-09T14:56:19.2892190Z SKIPPED [1] tests/test_surface_story_record_versions.py:178: File-backend implementation contract; covered by the default/File full suite
2026-10-09T14:56:19.2892767Z SKIPPED [5] tests/test_surface_workspace_interaction.py: File-backend implementation contract; covered by the default/File full suite
2026-10-09T14:56:19.2893341Z SKIPPED [4] tests/test_surface_workspace_interaction.py:78: File-backend implementation contract; covered by the default/File full suite
2026-10-09T14:56:19.2893925Z SKIPPED [5] tests/test_v2_asset_relationships.py:55: File-backend implementation contract; covered by the default/File full suite
2026-10-09T14:56:19.2894564Z SKIPPED [1] tests/test_v2_asset_relationships.py:86: File-backend implementation contract; covered by the default/File full suite
2026-10-09T14:56:19.2895125Z SKIPPED [2] tests/test_v2_asset_relationships.py:118: File-backend implementation contract; covered by the default/File full suite
2026-10-09T14:56:19.2895679Z SKIPPED [9] tests/test_v2_asset_relationships.py: File-backend implementation contract; covered by the default/File full suite
2026-10-09T14:56:19.2896233Z SKIPPED [6] tests/test_v2_asset_relationships.py:164: File-backend implementation contract; covered by the default/File full suite
2026-10-09T14:56:19.2896789Z SKIPPED [2] tests/test_v2_asset_relationships.py:181: File-backend implementation contract; covered by the default/File full suite
2026-10-09T14:56:19.2897356Z SKIPPED [1] tests/test_v2_asset_relationships.py:237: File-backend implementation contract; covered by the default/File full suite
2026-10-09T14:56:19.2897913Z SKIPPED [8] tests/test_v2_asset_relationships.py:334: File-backend implementation contract; covered by the default/File full suite
2026-10-09T14:56:19.2898471Z SKIPPED [2] tests/test_v2_creative_foundation.py:81: File-backend implementation contract; covered by the default/File full suite
2026-10-09T14:56:19.2899028Z SKIPPED [8] tests/test_v2_creative_foundation.py: File-backend implementation contract; covered by the default/File full suite
2026-10-09T14:56:19.2899590Z SKIPPED [4] tests/test_v2_creative_foundation.py:197: File-backend implementation contract; covered by the default/File full suite
2026-10-09T14:56:19.2900141Z SKIPPED [3] tests/test_v2_creative_foundation.py:318: File-backend implementation contract; covered by the default/File full suite
2026-10-09T14:56:19.2900701Z SKIPPED [8] tests/test_v2_creative_graph_api.py: File-backend implementation contract; covered by the default/File full suite
2026-10-09T14:56:19.2901239Z SKIPPED [2] tests/test_v2_creative_graph_api.py:85: File-backend implementation contract; covered by the default/File full suite
2026-10-09T14:56:19.2901838Z SKIPPED [3] tests/test_v2_creative_graph_api.py:134: File-backend implementation contract; covered by the default/File full suite
2026-10-09T14:56:19.2902395Z SKIPPED [8] tests/test_v2_creative_graph_execution.py: File-backend implementation contract; covered by the default/File full suite
2026-10-09T14:56:19.2902968Z SKIPPED [7] tests/test_v2_creative_graph_execution.py:291: File-backend implementation contract; covered by the default/File full suite
2026-10-09T14:56:19.2903540Z SKIPPED [3] tests/test_v2_creative_graph_persistence.py: File-backend implementation contract; covered by the default/File full suite
2026-10-09T14:56:19.2904181Z SKIPPED [2] tests/test_v2_creative_project_lifecycle.py: File-backend implementation contract; covered by the default/File full suite
2026-10-09T14:56:19.2904759Z SKIPPED [3] tests/test_v2_creative_project_lifecycle.py:299: File-backend implementation contract; covered by the default/File full suite
2026-10-09T14:56:19.2905329Z SKIPPED [3] tests/test_v2_creative_workflows.py:38: File-backend implementation contract; covered by the default/File full suite
2026-10-09T14:56:19.2905871Z SKIPPED [1] tests/test_v2_creative_workflows.py:65: File-backend implementation contract; covered by the default/File full suite
2026-10-09T14:56:19.2906470Z SKIPPED [13] tests/test_v2_creative_workflows.py: File-backend implementation contract; covered by the default/File full suite
2026-10-09T14:56:19.2907013Z SKIPPED [5] tests/test_v2_creative_workflows.py:284: File-backend implementation contract; covered by the default/File full suite
2026-10-09T14:56:19.2907593Z SKIPPED [1] tests/test_v2_creative_workflows.py:504: File-backend implementation contract; covered by the default/File full suite
2026-10-09T14:56:19.2908122Z SKIPPED [2] tests/test_v2_independent_workspace.py:218: File-backend implementation contract; covered by the default/File full suite
2026-10-09T14:56:19.2908654Z SKIPPED [18] tests/test_v2_independent_workspace.py: File-backend implementation contract; covered by the default/File full suite
2026-10-09T14:56:19.2909191Z SKIPPED [2] tests/test_v2_independent_workspace.py:398: File-backend implementation contract; covered by the default/File full suite
2026-10-09T14:56:19.2909726Z SKIPPED [5] tests/test_v2_independent_workspace.py:417: File-backend implementation contract; covered by the default/File full suite
2026-10-09T14:56:19.2910266Z SKIPPED [10] tests/test_v2_independent_workspace.py:497: File-backend implementation contract; covered by the default/File full suite
2026-10-09T14:56:19.2910819Z SKIPPED [3] tests/test_v2_independent_workspace.py:512: File-backend implementation contract; covered by the default/File full suite
2026-10-09T14:56:19.2911356Z SKIPPED [3] tests/test_v2_independent_workspace.py:977: File-backend implementation contract; covered by the default/File full suite
2026-10-09T14:56:19.2911898Z SKIPPED [10] tests/test_v2_independent_workspace_api.py: File-backend implementation contract; covered by the default/File full suite
2026-10-09T14:56:19.2912454Z SKIPPED [3] tests/test_v2_independent_workspace_api.py:165: File-backend implementation contract; covered by the default/File full suite
2026-10-09T14:56:19.2913015Z SKIPPED [2] tests/test_v2_independent_workspace_api.py:243: File-backend implementation contract; covered by the default/File full suite
2026-10-09T14:56:19.2913570Z SKIPPED [3] tests/test_v2_storage_admission.py:38: File-backend implementation contract; covered by the default/File full suite
2026-10-09T14:56:19.2914180Z SKIPPED [2] tests/test_v2_storage_admission.py: File-backend implementation contract; covered by the default/File full suite
2026-10-09T14:56:22.4489173Z SKIPPED [5] tests/test_v2_task_router.py:21: File-backend implementation contract; covered by the default/File full suite
2026-10-09T14:56:22.4489756Z SKIPPED [1] tests/test_v2_task_router.py: File-backend implementation contract; covered by the default/File full suite
2026-10-09T14:56:22.4490636Z SKIPPED [2] tests/test_writer_room_comment_authority_seam.py: File-backend implementation contract; covered by the default/File full suite
2026-10-09T14:56:22.4491113Z 3349 passed, 1740 skipped, 5089 deselected, 3 warnings in 2008.66s (0:33:28)
2026-10-09T14:56:25.3356796Z ##[group]Run python .github/ci/receipt.py "$CI_RECEIPTS"
2026-10-09T14:56:25.3357252Z [36;1mpython .github/ci/receipt.py "$CI_RECEIPTS"[0m
2026-10-09T14:56:25.3396453Z shell: /usr/bin/bash -e {0}
2026-10-09T14:56:25.3396663Z env:
2026-10-09T14:56:25.3396819Z   MOCK_PROVIDER: true
2026-10-09T14:56:25.3396986Z   MOCK_STREAM_DELAY_MS: 0
2026-10-09T14:56:25.3397156Z   ENABLE_CLOUD: false
2026-10-09T14:56:25.3397325Z   CREDENTIAL_VAULT_BACKEND: memory
2026-10-09T14:56:25.3397543Z   CREDENTIAL_VAULT_ALLOW_MEMORY_FALLBACK: true
2026-10-09T14:56:25.3397761Z   PYTHONDONTWRITEBYTECODE: 1
2026-10-09T14:56:25.3397937Z   HF_HUB_OFFLINE: 1
2026-10-09T14:56:25.3398086Z   TRANSFORMERS_OFFLINE: 1
2026-10-09T14:56:25.3398292Z   pythonLocation: /opt/hostedtoolcache/Python/3.12.9/x64
2026-10-09T14:56:25.3398580Z   PKG_CONFIG_PATH: /opt/hostedtoolcache/Python/3.12.9/x64/lib/pkgconfig
2026-10-09T14:56:25.3398866Z   Python_ROOT_DIR: /opt/hostedtoolcache/Python/3.12.9/x64
2026-10-09T14:56:25.3399182Z   Python2_ROOT_DIR: /opt/hostedtoolcache/Python/3.12.9/x64
2026-10-09T14:56:25.3399443Z   Python3_ROOT_DIR: /opt/hostedtoolcache/Python/3.12.9/x64
2026-10-09T14:56:25.3399846Z   LD_LIBRARY_PATH: /opt/hostedtoolcache/Python/3.12.9/x64/lib
2026-10-09T14:56:25.3400117Z   CI_COVERAGE_SHA: 7f0d911549b04e8dbb7cf078316ad74c42095449
2026-10-09T14:56:25.3400375Z   CI_COVERAGE_TREE: 69d69ffe71838263069d164a0a07b39b5f4a4333
2026-10-09T14:56:25.3400681Z   CI_SANDBOX: /home/runner/work/_temp/novel-ci-backend-postgres-shard-0.1iVI8X
2026-10-09T14:56:25.3401057Z   CI_PROJECT: /home/runner/work/_temp/novel-ci-backend-postgres-shard-0.1iVI8X/project
2026-10-09T14:56:25.3401445Z   CI_RECEIPTS: /home/runner/work/_temp/novel-ci-backend-postgres-shard-0.1iVI8X/receipts
2026-10-09T14:56:25.3401887Z   HOME: /home/runner/work/_temp/novel-ci-backend-postgres-shard-0.1iVI8X/project/.runtime/ci-backend/home
2026-10-09T14:56:25.3402387Z   USERPROFILE: /home/runner/work/_temp/novel-ci-backend-postgres-shard-0.1iVI8X/project/.runtime/ci-backend/home
2026-10-09T14:56:25.3402894Z   APPDATA: /home/runner/work/_temp/novel-ci-backend-postgres-shard-0.1iVI8X/project/.runtime/ci-backend/appdata
2026-10-09T14:56:25.3403419Z   LOCALAPPDATA: /home/runner/work/_temp/novel-ci-backend-postgres-shard-0.1iVI8X/project/.runtime/ci-backend/localappdata
2026-10-09T14:56:25.3403964Z   XDG_CONFIG_HOME: /home/runner/work/_temp/novel-ci-backend-postgres-shard-0.1iVI8X/project/.runtime/ci-backend/config
2026-10-09T14:56:25.3404658Z   XDG_CACHE_HOME: /home/runner/work/_temp/novel-ci-backend-postgres-shard-0.1iVI8X/project/.runtime/ci-backend/cache
2026-10-09T14:56:25.3405175Z   XDG_DATA_HOME: /home/runner/work/_temp/novel-ci-backend-postgres-shard-0.1iVI8X/project/.runtime/ci-backend/data
2026-10-09T14:56:25.3405688Z   XDG_STATE_HOME: /home/runner/work/_temp/novel-ci-backend-postgres-shard-0.1iVI8X/project/.runtime/ci-backend/state
2026-10-09T14:56:25.3406226Z   TMPDIR: /home/runner/work/_temp/novel-ci-backend-postgres-shard-0.1iVI8X/project/.runtime/ci-backend/tmp
2026-10-09T14:56:25.3406701Z   TMP: /home/runner/work/_temp/novel-ci-backend-postgres-shard-0.1iVI8X/project/.runtime/ci-backend/tmp
2026-10-09T14:56:25.3407165Z   TEMP: /home/runner/work/_temp/novel-ci-backend-postgres-shard-0.1iVI8X/project/.runtime/ci-backend/tmp
2026-10-09T14:56:25.3407590Z   PROJECT_ROOT: /home/runner/work/_temp/novel-ci-backend-postgres-shard-0.1iVI8X/project
2026-10-09T14:56:25.3408057Z   NOVEL_DATA_PATH: /home/runner/work/_temp/novel-ci-backend-postgres-shard-0.1iVI8X/project/.runtime/ci-backend/data/novels
2026-10-09T14:56:25.3408585Z   BACKUP_PATH: /home/runner/work/_temp/novel-ci-backend-postgres-shard-0.1iVI8X/project/.runtime/ci-backend/data/backups
2026-10-09T14:56:25.3409153Z   DATABASE_BACKUP_PATH: /home/runner/work/_temp/novel-ci-backend-postgres-shard-0.1iVI8X/project/.runtime/ci-backend/data/database-backups
2026-10-09T14:56:25.3409743Z   KNOWLEDGE_SOURCE_PATH: /home/runner/work/_temp/novel-ci-backend-postgres-shard-0.1iVI8X/project/.runtime/ci-backend/data/novels
2026-10-09T14:56:25.3410365Z   CI_V2_RUNTIME: /home/runner/work/_temp/novel-ci-backend-postgres-shard-0.1iVI8X/project/.runtime/ci-backend
2026-10-09T14:56:25.3410852Z   R2_TEST_FONT_FILE: /home/runner/work/_temp/novel-ci-backend-postgres-shard-0.1iVI8X/fonts/NotoSansSC-Regular.ttf
2026-10-09T14:56:25.3411192Z ##[endgroup]
2026-10-09T14:56:25.3950161Z {
2026-10-09T14:56:25.3951104Z   "revision": "checked_out_sha=7f0d911549b04e8dbb7cf078316ad74c42095449\nevent_sha=7f0d911549b04e8dbb7cf078316ad74c42095449\nrun_url=https://github.com/1785235376-blip/AI-Novel-Studio/actions/runs/37943412489\njob=backend-postgres-shard-0\nplatform=Linux; native Windows host/AppContainer/installer=NOT RUN\n",
2026-10-09T14:56:25.3951891Z   "test_reports": {
2026-10-09T14:56:25.3952052Z     "backend.xml": {
2026-10-09T14:56:25.3952206Z       "tests": 5089,
2026-10-09T14:56:25.3952365Z       "failures": 0,
2026-10-09T14:56:25.3952509Z       "errors": 0,
2026-10-09T14:56:25.3952660Z       "skipped": 1740
2026-10-09T14:56:25.3952808Z     },
2026-10-09T14:56:25.3952972Z     "coverage-harness.xml": {
2026-10-09T14:56:25.3953140Z       "tests": 174,
2026-10-09T14:56:25.3953457Z       "failures": 0,
2026-10-09T14:56:25.3953601Z       "errors": 0,
2026-10-09T14:56:25.3953744Z       "skipped": 0
2026-10-09T14:56:25.3953883Z     }
2026-10-09T14:56:25.3954009Z   },
2026-10-09T14:56:25.3954293Z   "report_status": "RECORDED",
2026-10-09T14:56:25.3954582Z   "native_windows_host_appcontainer_installer": "NOT RUN",
2026-10-09T14:56:25.3954837Z   "real_model_and_paid_provider_execution": "NOT RUN"
2026-10-09T14:56:25.3955083Z }
2026-10-09T14:56:25.3955189Z 
2026-10-09T14:56:25.4033621Z ##[group]Run actions/upload-artifact@v4.6.2
2026-10-09T14:56:25.4033855Z with:
2026-10-09T14:56:25.4034350Z   name: backend-postgres-shard-0-7f0d911549b04e8dbb7cf078316ad74c42095449-attempt-1
2026-10-09T14:56:25.4034790Z   path: /home/runner/work/_temp/novel-ci-backend-postgres-shard-0.1iVI8X/receipts
2026-10-09T14:56:25.4035097Z   if-no-files-found: error
2026-10-09T14:56:25.4035283Z   retention-days: 14
2026-10-09T14:56:25.4035458Z   compression-level: 6
2026-10-09T14:56:25.4035653Z   overwrite: false
2026-10-09T14:56:25.4035820Z   include-hidden-files: false
2026-10-09T14:56:25.4036002Z env:
2026-10-09T14:56:25.4036152Z   MOCK_PROVIDER: true
2026-10-09T14:56:25.4036321Z   MOCK_STREAM_DELAY_MS: 0
2026-10-09T14:56:25.4036491Z   ENABLE_CLOUD: false
2026-10-09T14:56:25.4036667Z   CREDENTIAL_VAULT_BACKEND: memory
2026-10-09T14:56:25.4036883Z   CREDENTIAL_VAULT_ALLOW_MEMORY_FALLBACK: true
2026-10-09T14:56:25.4037109Z   PYTHONDONTWRITEBYTECODE: 1
2026-10-09T14:56:25.4037330Z   HF_HUB_OFFLINE: 1
2026-10-09T14:56:25.4037495Z   TRANSFORMERS_OFFLINE: 1
2026-10-09T14:56:25.4037722Z   pythonLocation: /opt/hostedtoolcache/Python/3.12.9/x64
2026-10-09T14:56:25.4038036Z   PKG_CONFIG_PATH: /opt/hostedtoolcache/Python/3.12.9/x64/lib/pkgconfig
2026-10-09T14:56:25.4038342Z   Python_ROOT_DIR: /opt/hostedtoolcache/Python/3.12.9/x64
2026-10-09T14:56:25.4038613Z   Python2_ROOT_DIR: /opt/hostedtoolcache/Python/3.12.9/x64
2026-10-09T14:56:25.4038880Z   Python3_ROOT_DIR: /opt/hostedtoolcache/Python/3.12.9/x64
2026-10-09T14:56:25.4039162Z   LD_LIBRARY_PATH: /opt/hostedtoolcache/Python/3.12.9/x64/lib
2026-10-09T14:56:25.4039436Z   CI_COVERAGE_SHA: 7f0d911549b04e8dbb7cf078316ad74c42095449
2026-10-09T14:56:25.4039704Z   CI_COVERAGE_TREE: 69d69ffe71838263069d164a0a07b39b5f4a4333
2026-10-09T14:56:25.4040030Z   CI_SANDBOX: /home/runner/work/_temp/novel-ci-backend-postgres-shard-0.1iVI8X
2026-10-09T14:56:25.4040422Z   CI_PROJECT: /home/runner/work/_temp/novel-ci-backend-postgres-shard-0.1iVI8X/project
2026-10-09T14:56:25.4040841Z   CI_RECEIPTS: /home/runner/work/_temp/novel-ci-backend-postgres-shard-0.1iVI8X/receipts
2026-10-09T14:56:25.4041316Z   HOME: /home/runner/work/_temp/novel-ci-backend-postgres-shard-0.1iVI8X/project/.runtime/ci-backend/home
2026-10-09T14:56:25.4041856Z   USERPROFILE: /home/runner/work/_temp/novel-ci-backend-postgres-shard-0.1iVI8X/project/.runtime/ci-backend/home
2026-10-09T14:56:25.4042401Z   APPDATA: /home/runner/work/_temp/novel-ci-backend-postgres-shard-0.1iVI8X/project/.runtime/ci-backend/appdata
2026-10-09T14:56:25.4042961Z   LOCALAPPDATA: /home/runner/work/_temp/novel-ci-backend-postgres-shard-0.1iVI8X/project/.runtime/ci-backend/localappdata
2026-10-09T14:56:25.4043533Z   XDG_CONFIG_HOME: /home/runner/work/_temp/novel-ci-backend-postgres-shard-0.1iVI8X/project/.runtime/ci-backend/config
2026-10-09T14:56:25.4044221Z   XDG_CACHE_HOME: /home/runner/work/_temp/novel-ci-backend-postgres-shard-0.1iVI8X/project/.runtime/ci-backend/cache
2026-10-09T14:56:25.4044783Z   XDG_DATA_HOME: /home/runner/work/_temp/novel-ci-backend-postgres-shard-0.1iVI8X/project/.runtime/ci-backend/data
2026-10-09T14:56:25.4045324Z   XDG_STATE_HOME: /home/runner/work/_temp/novel-ci-backend-postgres-shard-0.1iVI8X/project/.runtime/ci-backend/state
2026-10-09T14:56:25.4045852Z   TMPDIR: /home/runner/work/_temp/novel-ci-backend-postgres-shard-0.1iVI8X/project/.runtime/ci-backend/tmp
2026-10-09T14:56:25.4046358Z   TMP: /home/runner/work/_temp/novel-ci-backend-postgres-shard-0.1iVI8X/project/.runtime/ci-backend/tmp
2026-10-09T14:56:25.4046986Z   TEMP: /home/runner/work/_temp/novel-ci-backend-postgres-shard-0.1iVI8X/project/.runtime/ci-backend/tmp
2026-10-09T14:56:25.4047446Z   PROJECT_ROOT: /home/runner/work/_temp/novel-ci-backend-postgres-shard-0.1iVI8X/project
2026-10-09T14:56:25.4047963Z   NOVEL_DATA_PATH: /home/runner/work/_temp/novel-ci-backend-postgres-shard-0.1iVI8X/project/.runtime/ci-backend/data/novels
2026-10-09T14:56:25.4048631Z   BACKUP_PATH: /home/runner/work/_temp/novel-ci-backend-postgres-shard-0.1iVI8X/project/.runtime/ci-backend/data/backups
2026-10-09T14:56:25.4049248Z   DATABASE_BACKUP_PATH: /home/runner/work/_temp/novel-ci-backend-postgres-shard-0.1iVI8X/project/.runtime/ci-backend/data/database-backups
2026-10-09T14:56:25.4049886Z   KNOWLEDGE_SOURCE_PATH: /home/runner/work/_temp/novel-ci-backend-postgres-shard-0.1iVI8X/project/.runtime/ci-backend/data/novels
2026-10-09T14:56:25.4050456Z   CI_V2_RUNTIME: /home/runner/work/_temp/novel-ci-backend-postgres-shard-0.1iVI8X/project/.runtime/ci-backend
2026-10-09T14:56:25.4051005Z   R2_TEST_FONT_FILE: /home/runner/work/_temp/novel-ci-backend-postgres-shard-0.1iVI8X/fonts/NotoSansSC-Regular.ttf
2026-10-09T14:56:25.4051377Z ##[endgroup]
2026-10-09T14:56:25.5226839Z (node:264117) [DEP0040] DeprecationWarning: The `punycode` module is deprecated. Please use a userland alternative instead.
2026-10-09T14:56:25.5227311Z (Use `node --trace-deprecation ...` to show where the warning was created)
2026-10-09T14:56:25.5299112Z With the provided path, there will be 11 files uploaded
2026-10-09T14:56:25.5305242Z Artifact name is valid!
2026-10-09T14:56:25.5305639Z Root directory input is valid!
2026-10-09T14:56:25.7752052Z Beginning upload of artifact content to blob storage
2026-10-09T14:56:25.8854612Z (node:264117) [DEP0169] DeprecationWarning: `url.parse()` behavior is not standardized and prone to errors that have security implications. Use the WHATWG URL API instead. CVEs are not issued for `url.parse()` vulnerabilities.
2026-10-09T14:56:26.1335631Z Uploaded bytes 592742
2026-10-09T14:56:26.1687037Z Finished uploading artifact content to blob storage!
2026-10-09T14:56:26.1687911Z SHA256 digest of uploaded artifact zip is 39e3b51e7eee6e1f58a9ffc81646f99979aaa91d03aee38870d87adc66da2ab9
2026-10-09T14:56:26.1688650Z Finalizing artifact upload
2026-10-09T14:56:26.3854228Z Artifact backend-postgres-shard-0-7f0d911549b04e8dbb7cf078316ad74c42095449-attempt-1.zip successfully finalized. Artifact ID 11623883744
2026-10-09T14:56:26.3855101Z Artifact backend-postgres-shard-0-7f0d911549b04e8dbb7cf078316ad74c42095449-attempt-1 has been successfully uploaded! Final size is 592742 bytes. Artifact ID is 11623883744
2026-10-09T14:56:26.3859834Z Artifact download URL: https://github.com/1785235376-blip/AI-Novel-Studio/actions/runs/37943412489/artifacts/11623883744
2026-10-09T14:56:26.3995032Z Post job cleanup.
2026-10-09T14:56:26.4829468Z (node:264130) [DEP0040] DeprecationWarning: The `punycode` module is deprecated. Please use a userland alternative instead.
2026-10-09T14:56:26.4830106Z (Use `node --trace-deprecation ...` to show where the warning was created)
2026-10-09T14:56:26.4948765Z Post job cleanup.
2026-10-09T14:56:26.5563924Z [command]/usr/bin/git version
2026-10-09T14:56:26.5592880Z git version 2.55.0
2026-10-09T14:56:26.5617635Z Temporarily overriding HOME='/home/runner/work/_temp/754156d5-0b49-4d81-95da-4100119c2513' before making global git config changes
2026-10-09T14:56:26.5618493Z Adding repository directory to the temporary git global config as a safe directory
2026-10-09T14:56:26.5623822Z [command]/usr/bin/git config --global --add safe.directory /home/runner/work/AI-Novel-Studio/AI-Novel-Studio
2026-10-09T14:56:26.5654013Z [command]/usr/bin/git config --local --name-only --get-regexp core\.sshCommand
2026-10-09T14:56:26.5679671Z [command]/usr/bin/git submodule foreach --recursive sh -c "git config --local --name-only --get-regexp 'core\.sshCommand' && git config --local --unset-all 'core.sshCommand' || :"
2026-10-09T14:56:26.5857516Z [command]/usr/bin/git config --local --name-only --get-regexp http\.https\:\/\/github\.com\/\.extraheader
2026-10-09T14:56:26.5880397Z [command]/usr/bin/git submodule foreach --recursive sh -c "git config --local --name-only --get-regexp 'http\.https\:\/\/github\.com\/\.extraheader' && git config --local --unset-all 'http.https://github.com/.extraheader' || :"
2026-10-09T14:56:26.6141478Z Print service container logs: 4f81437bb8e648bf944e90329649a787_postgres16alpine_e6137e
2026-10-09T14:56:26.6145500Z ##[command]/usr/bin/docker logs --details abc14b940a9e0d1d47816e11ac23339f79fee148bc2d6ce0257ba2273c0bd022
2026-10-09T14:56:26.6289775Z  sh: locale: not found
2026-10-09T14:56:26.6290107Z  The files belonging to this database system will be owned by user "postgres".
2026-10-09T14:56:26.6290525Z  This user must also own the server process.
2026-10-09T14:56:26.6290757Z  
2026-10-09T14:56:26.6290968Z  The database cluster will be initialized with locale "en_US.utf8".
2026-10-09T14:56:26.6291276Z  The default database encoding has accordingly been set to "UTF8".
2026-10-09T14:56:26.6291601Z  The default text search configuration will be set to "english".
2026-10-09T14:56:26.6291834Z  
2026-10-09T14:56:26.6292024Z  Data page checksums are disabled.
2026-10-09T14:56:26.6292229Z  
2026-10-09T14:56:26.6292473Z  fixing permissions on existing directory /var/lib/postgresql/data ... ok
2026-10-09T14:56:26.6292740Z  creating subdirectories ... ok
2026-10-09T14:56:26.6292967Z  selecting dynamic shared memory implementation ... posix
2026-10-09T14:56:26.6293207Z  selecting default max_connections ... 100
2026-10-09T14:56:26.6293435Z  selecting default shared_buffers ... 128MB
2026-10-09T14:56:26.6293740Z  selecting default time zone ... UTC
2026-10-09T14:56:26.6293943Z  creating configuration files ... ok
2026-10-09T14:56:26.6294327Z  running bootstrap script ... ok
2026-10-09T14:56:26.6294926Z  2026-10-09 14:21:34.017 UTC [36] WARNING:  no usable system locales were found
2026-10-09T14:56:26.6295481Z  initdb: warning: enabling "trust" authentication for local connections
2026-10-09T14:56:26.6296200Z  initdb: hint: You can change this by editing pg_hba.conf or using the option -A, or --auth-local and --auth-host, the next time you run initdb.
2026-10-09T14:56:26.6297050Z  2026-10-09 14:21:34.820 UTC [1] LOG:  starting PostgreSQL 16.15 on x86_64-pc-linux-musl, compiled by gcc (Alpine 15.2.0) 15.2.0, 64-bit
2026-10-09T14:56:26.6297646Z  2026-10-09 14:21:34.820 UTC [1] LOG:  listening on IPv4 address "0.0.0.0", port 5432
2026-10-09T14:56:26.6298081Z  2026-10-09 14:21:34.820 UTC [1] LOG:  listening on IPv6 address "::", port 5432
2026-10-09T14:56:26.6298548Z  2026-10-09 14:21:34.821 UTC [1] LOG:  listening on Unix socket "/var/run/postgresql/.s.PGSQL.5432"
2026-10-09T14:56:26.6299067Z  2026-10-09 14:21:34.823 UTC [58] LOG:  database system was shut down at 2026-10-09 14:21:34 UTC
2026-10-09T14:56:26.6299533Z  2026-10-09 14:21:34.826 UTC [1] LOG:  database system is ready to accept connections
2026-10-09T14:56:26.6299939Z  2026-10-09 14:26:34.896 UTC [56] LOG:  checkpoint starting: time
2026-10-09T14:56:26.6300903Z  2026-10-09 14:27:24.860 UTC [56] LOG:  checkpoint complete: wrote 503 buffers (3.1%); 1 WAL file(s) added, 0 removed, 0 recycled; write=49.884 s, sync=0.002 s, total=49.964 s; sync files=363, longest=0.001 s, average=0.001 s; distance=3503 kB, estimate=3503 kB; lsn=0/1CA2018, redo lsn=0/1C91B88
2026-10-09T14:56:26.6301851Z  2026-10-09 14:31:34.959 UTC [56] LOG:  checkpoint starting: time
2026-10-09T14:56:26.6302763Z  2026-10-09 14:32:33.455 UTC [56] LOG:  checkpoint complete: wrote 453 buffers (2.8%); 0 WAL file(s) added, 0 removed, 1 recycled; write=58.489 s, sync=0.004 s, total=58.496 s; sync files=217, longest=0.001 s, average=0.001 s; distance=7268 kB, estimate=7268 kB; lsn=0/24D3220, redo lsn=0/23AAEE0
2026-10-09T14:56:26.6303774Z  2026-10-09 14:32:50.370 UTC [77279] LOG:  unexpected EOF on client connection with an open transaction
2026-10-09T14:56:26.6304339Z  2026-10-09 14:36:34.466 UTC [56] LOG:  checkpoint starting: time
2026-10-09T14:56:26.6305282Z  2026-10-09 14:37:46.086 UTC [56] LOG:  checkpoint complete: wrote 711 buffers (4.3%); 0 WAL file(s) added, 0 removed, 1 recycled; write=71.615 s, sync=0.003 s, total=71.620 s; sync files=133, longest=0.001 s, average=0.001 s; distance=18573 kB, estimate=18573 kB; lsn=0/3BFBF10, redo lsn=0/35CE638
2026-10-09T14:56:26.6306541Z  2026-10-09 14:41:34.105 UTC [56] LOG:  checkpoint starting: time
2026-10-09T14:56:26.6307457Z  2026-10-09 14:42:18.379 UTC [56] LOG:  checkpoint complete: wrote 446 buffers (2.7%); 0 WAL file(s) added, 0 removed, 1 recycled; write=44.267 s, sync=0.005 s, total=44.274 s; sync files=109, longest=0.001 s, average=0.001 s; distance=23098 kB, estimate=23098 kB; lsn=0/4F32388, redo lsn=0/4C5CFC8
2026-10-09T14:56:26.6308389Z  2026-10-09 14:46:34.478 UTC [56] LOG:  checkpoint starting: time
2026-10-09T14:56:26.6308860Z  2026-10-09 14:47:29.409 UTC [49712] ERROR:  duplicate key value violates unique constraint "novels_slug_key"
2026-10-09T14:56:26.6309449Z  2026-10-09 14:47:29.409 UTC [49712] DETAIL:  Key (slug)=(ddaf0ede-3e89-45b4-9dd4-45c1d75540e4) already exists.
2026-10-09T14:56:26.6310517Z  2026-10-09 14:47:29.409 UTC [49712] STATEMENT:  INSERT INTO novels (id, slug, chapter_identity_provenance, title, metadata, created_at, updated_at) VALUES ($1::UUID, $2::VARCHAR, $3::VARCHAR, $4::VARCHAR, $5::JSONB, $6::TIMESTAMP WITH TIME ZONE, $7::TIMESTAMP WITH TIME ZONE)
2026-10-09T14:56:26.6312014Z  2026-10-09 14:47:55.469 UTC [56] LOG:  checkpoint complete: wrote 813 buffers (5.0%); 0 WAL file(s) added, 0 removed, 1 recycled; write=80.977 s, sync=0.012 s, total=80.991 s; sync files=89, longest=0.006 s, average=0.001 s; distance=7881 kB, estimate=21576 kB; lsn=0/5776F88, redo lsn=0/540F418
2026-10-09T14:56:26.6312969Z  2026-10-09 14:51:34.477 UTC [56] LOG:  checkpoint starting: time
2026-10-09T14:56:26.6313889Z  2026-10-09 14:52:22.666 UTC [56] LOG:  checkpoint complete: wrote 478 buffers (2.9%); 0 WAL file(s) added, 0 removed, 0 recycled; write=48.174 s, sync=0.003 s, total=48.189 s; sync files=134, longest=0.001 s, average=0.001 s; distance=6639 kB, estimate=20082 kB; lsn=0/5BEC268, redo lsn=0/5A8B2A8
2026-10-09T14:56:26.6315268Z  performing post-bootstrap initialization ... ok
2026-10-09T14:56:26.6315767Z  syncing data to disk ... ok
2026-10-09T14:56:26.6316078Z  
2026-10-09T14:56:26.6316446Z  
2026-10-09T14:56:26.6316878Z  Success. You can now start the database server using:
2026-10-09T14:56:26.6317340Z  
2026-10-09T14:56:26.6317696Z      pg_ctl -D /var/lib/postgresql/data -l logfile start
2026-10-09T14:56:26.6318162Z  
2026-10-09T14:56:26.6318821Z  waiting for server to start....2026-10-09 14:21:34.575 UTC [42] LOG:  starting PostgreSQL 16.15 on x86_64-pc-linux-musl, compiled by gcc (Alpine 15.2.0) 15.2.0, 64-bit
2026-10-09T14:56:26.6319571Z  2026-10-09 14:21:34.576 UTC [42] LOG:  listening on Unix socket "/var/run/postgresql/.s.PGSQL.5432"
2026-10-09T14:56:26.6320103Z  2026-10-09 14:21:34.578 UTC [45] LOG:  database system was shut down at 2026-10-09 14:21:34 UTC
2026-10-09T14:56:26.6320535Z  2026-10-09 14:21:34.581 UTC [42] LOG:  database system is ready to accept connections
2026-10-09T14:56:26.6320919Z   done
2026-10-09T14:56:26.6321126Z  server started
2026-10-09T14:56:26.6321379Z  CREATE DATABASE
2026-10-09T14:56:26.6321682Z  
2026-10-09T14:56:26.6322020Z  
2026-10-09T14:56:26.6322386Z  /usr/local/bin/docker-entrypoint.sh: ignoring /docker-entrypoint-initdb.d/*
2026-10-09T14:56:26.6322799Z  
2026-10-09T14:56:26.6323175Z  waiting for server to shut down....2026-10-09 14:21:34.706 UTC [42] LOG:  received fast shutdown request
2026-10-09T14:56:26.6323723Z  2026-10-09 14:21:34.706 UTC [42] LOG:  aborting any active transactions
2026-10-09T14:56:26.6324490Z  2026-10-09 14:21:34.707 UTC [42] LOG:  background worker "logical replication launcher" (PID 48) exited with exit code 1
2026-10-09T14:56:26.6325011Z  2026-10-09 14:21:34.709 UTC [43] LOG:  shutting down
2026-10-09T14:56:26.6325394Z  2026-10-09 14:21:34.710 UTC [43] LOG:  checkpoint starting: shutdown immediate
2026-10-09T14:56:26.6326423Z  2026-10-09 14:21:34.787 UTC [43] LOG:  checkpoint complete: wrote 926 buffers (5.7%); 0 WAL file(s) added, 0 removed, 0 recycled; write=0.065 s, sync=0.012 s, total=0.078 s; sync files=301, longest=0.010 s, average=0.001 s; distance=4283 kB, estimate=4283 kB; lsn=0/1925D60, redo lsn=0/1925D60
2026-10-09T14:56:26.6327928Z  2026-10-09 14:21:34.791 UTC [42] LOG:  database system is shut down
2026-10-09T14:56:26.6328258Z   done
2026-10-09T14:56:26.6328436Z  server stopped
2026-10-09T14:56:26.6328615Z  
2026-10-09T14:56:26.6328859Z  PostgreSQL init process complete; ready for start up.
2026-10-09T14:56:26.6329154Z  
2026-10-09T14:56:26.6333449Z Stop and remove container: 4f81437bb8e648bf944e90329649a787_postgres16alpine_e6137e
2026-10-09T14:56:26.6338153Z ##[command]/usr/bin/docker rm --force abc14b940a9e0d1d47816e11ac23339f79fee148bc2d6ce0257ba2273c0bd022
2026-10-09T14:56:27.0003909Z abc14b940a9e0d1d47816e11ac23339f79fee148bc2d6ce0257ba2273c0bd022
2026-10-09T14:56:27.0022032Z Remove container network: github_network_2a176ceee3b8478dbff37daddeaad6a2
2026-10-09T14:56:27.0025211Z ##[command]/usr/bin/docker network rm github_network_2a176ceee3b8478dbff37daddeaad6a2
2026-10-09T14:56:27.0901862Z github_network_2a176ceee3b8478dbff37daddeaad6a2
2026-10-09T14:56:27.0959552Z Cleaning up orphan processes
2026-10-09T14:56:27.1191050Z ##[warning]Node.js 20 is deprecated. The following actions target Node.js 20 but are being forced to run on Node.js 24: actions/checkout@v4.2.2, actions/setup-python@v5.6.0, actions/upload-artifact@v4.6.2. For more information see: https://github.blog/changelog/2025-09-19-deprecation-of-node-20-on-github-actions-runners/
