2026-10-09T14:20:14.7653168Z Current runner version: '2.337.0'
2026-10-09T14:20:14.7675615Z ##[group]Runner Image Provisioner
2026-10-09T14:20:14.7676336Z Hosted Compute Agent
2026-10-09T14:20:14.7676878Z Version: 20261002.596
2026-10-09T14:20:14.7677486Z Commit: c3d12f3313a95f25162a1503be624f3b0617f8c0
2026-10-09T14:20:14.7678068Z Build Date: 2026-10-02T22:28:27Z
2026-10-09T14:20:14.7678703Z Worker ID: {62abcce8-67b5-43c9-9aab-20f2805d6b9a}
2026-10-09T14:20:14.7679280Z Region: westus3
2026-10-09T14:20:14.7679762Z Cloud: Azure
2026-10-09T14:20:14.7680251Z ##[endgroup]
2026-10-09T14:20:14.7681335Z ##[group]Operating System
2026-10-09T14:20:14.7681897Z Ubuntu
2026-10-09T14:20:14.7682336Z 24.04.5
2026-10-09T14:20:14.7682747Z LTS
2026-10-09T14:20:14.7683260Z ##[endgroup]
2026-10-09T14:20:14.7683761Z ##[group]Runner Image
2026-10-09T14:20:14.7684288Z Image: ubuntu-24.04
2026-10-09T14:20:14.7684901Z Version: 20261004.327.1
2026-10-09T14:20:14.7686028Z Included Software: https://github.com/actions/runner-images/blob/ubuntu24/20261004.327/images/ubuntu/Ubuntu2404-Readme.md
2026-10-09T14:20:14.7687257Z Image Release: https://github.com/actions/runner-images/releases/tag/ubuntu24%2F20261004.327
2026-10-09T14:20:14.7688094Z ##[endgroup]
2026-10-09T14:20:14.7688981Z ##[group]GITHUB_TOKEN Permissions
2026-10-09T14:20:14.7690684Z Contents: read
2026-10-09T14:20:14.7691182Z Metadata: read
2026-10-09T14:20:14.7691635Z ##[endgroup]
2026-10-09T14:20:14.7693448Z Secret source: Actions
2026-10-09T14:20:14.7694255Z Cache mode: write
2026-10-09T14:20:14.7695214Z Prepare workflow directory
2026-10-09T14:20:14.8177648Z The service 'postgres' will not be started because the container definition has an empty image.
2026-10-09T14:20:14.8205991Z Prepare all required actions
2026-10-09T14:20:14.8247925Z Getting action download info
2026-10-09T14:20:15.1304317Z Download action repository 'actions/checkout@v4.2.2' (SHA:11bd71901bbe5b1630ceea73d27597364c9af683)
2026-10-09T14:20:15.2020043Z Download action repository 'actions/setup-python@v5.6.0' (SHA:a26af69be951a213d495a4c3e4e4022e16d87065)
2026-10-09T14:20:15.3355676Z Download action repository 'actions/upload-artifact@v4.6.2' (SHA:ea165f8d65b6e75b540449e92b4886f43607fa02)
2026-10-09T14:20:15.5469847Z Complete job name: Backend execution / file / shard 0
2026-10-09T14:20:15.6053263Z ##[group]Run actions/checkout@v4.2.2
2026-10-09T14:20:15.6053941Z with:
2026-10-09T14:20:15.6054291Z   persist-credentials: false
2026-10-09T14:20:15.6054882Z   repository: 1785235376-blip/AI-Novel-Studio
2026-10-09T14:20:15.6057879Z   token: ***
2026-10-09T14:20:15.6058221Z   ssh-strict: true
2026-10-09T14:20:15.6058568Z   ssh-user: git
2026-10-09T14:20:15.6058898Z   clean: true
2026-10-09T14:20:15.6059247Z   sparse-checkout-cone-mode: true
2026-10-09T14:20:15.6059655Z   fetch-depth: 1
2026-10-09T14:20:15.6059991Z   fetch-tags: false
2026-10-09T14:20:15.6060338Z   show-progress: true
2026-10-09T14:20:15.6060694Z   lfs: false
2026-10-09T14:20:15.6061023Z   submodules: false
2026-10-09T14:20:15.6061375Z   set-safe-directory: true
2026-10-09T14:20:15.6061928Z env:
2026-10-09T14:20:15.6062255Z   MOCK_PROVIDER: true
2026-10-09T14:20:15.6062613Z   MOCK_STREAM_DELAY_MS: 0
2026-10-09T14:20:15.6062979Z   ENABLE_CLOUD: false
2026-10-09T14:20:15.6063342Z   CREDENTIAL_VAULT_BACKEND: memory
2026-10-09T14:20:15.6063826Z   CREDENTIAL_VAULT_ALLOW_MEMORY_FALLBACK: true
2026-10-09T14:20:15.6064292Z   PYTHONDONTWRITEBYTECODE: 1
2026-10-09T14:20:15.6064780Z   HF_HUB_OFFLINE: 1
2026-10-09T14:20:15.6065126Z   TRANSFORMERS_OFFLINE: 1
2026-10-09T14:20:15.6065482Z ##[endgroup]
2026-10-09T14:20:15.6891043Z Syncing repository: 1785235376-blip/AI-Novel-Studio
2026-10-09T14:20:15.6892876Z ##[group]Getting Git version info
2026-10-09T14:20:15.6893530Z Working directory is '/home/runner/work/AI-Novel-Studio/AI-Novel-Studio'
2026-10-09T14:20:15.6894633Z [command]/usr/bin/git version
2026-10-09T14:20:15.6955472Z git version 2.55.0
2026-10-09T14:20:15.6981966Z ##[endgroup]
2026-10-09T14:20:15.6989619Z Temporarily overriding HOME='/home/runner/work/_temp/e63f626e-94a2-4a6e-8430-a6ffe609beda' before making global git config changes
2026-10-09T14:20:15.6991725Z Adding repository directory to the temporary git global config as a safe directory
2026-10-09T14:20:15.6995689Z [command]/usr/bin/git config --global --add safe.directory /home/runner/work/AI-Novel-Studio/AI-Novel-Studio
2026-10-09T14:20:15.7041921Z Deleting the contents of '/home/runner/work/AI-Novel-Studio/AI-Novel-Studio'
2026-10-09T14:20:15.7045032Z ##[group]Initializing the repository
2026-10-09T14:20:15.7049074Z [command]/usr/bin/git init /home/runner/work/AI-Novel-Studio/AI-Novel-Studio
2026-10-09T14:20:15.7166306Z hint: Using 'master' as the name for the initial branch. This default branch name
2026-10-09T14:20:15.7167492Z hint: will change to "main" in Git 3.0. To configure the initial branch name
2026-10-09T14:20:15.7168786Z hint: to use in all of your new repositories, which will suppress this warning,
2026-10-09T14:20:15.7169647Z hint: call:
2026-10-09T14:20:15.7170368Z hint:
2026-10-09T14:20:15.7171228Z hint: 	git config --global init.defaultBranch <name>
2026-10-09T14:20:15.7172307Z hint:
2026-10-09T14:20:15.7173212Z hint: Names commonly chosen instead of 'master' are 'main', 'trunk' and
2026-10-09T14:20:15.7174769Z hint: 'development'. The just-created branch can be renamed via this command:
2026-10-09T14:20:15.7175960Z hint:
2026-10-09T14:20:15.7176629Z hint: 	git branch -m <name>
2026-10-09T14:20:15.7177369Z hint:
2026-10-09T14:20:15.7178265Z hint: Disable this message with "git config set advice.defaultBranchName false"
2026-10-09T14:20:15.7180026Z Initialized empty Git repository in /home/runner/work/AI-Novel-Studio/AI-Novel-Studio/.git/
2026-10-09T14:20:15.7183112Z [command]/usr/bin/git remote add origin https://github.com/1785235376-blip/AI-Novel-Studio
2026-10-09T14:20:15.7228982Z ##[endgroup]
2026-10-09T14:20:15.7229642Z ##[group]Disabling automatic garbage collection
2026-10-09T14:20:15.7232691Z [command]/usr/bin/git config --local gc.auto 0
2026-10-09T14:20:15.7262220Z ##[endgroup]
2026-10-09T14:20:15.7263095Z ##[group]Setting up auth
2026-10-09T14:20:15.7267958Z [command]/usr/bin/git config --local --name-only --get-regexp core\.sshCommand
2026-10-09T14:20:15.7306157Z [command]/usr/bin/git submodule foreach --recursive sh -c "git config --local --name-only --get-regexp 'core\.sshCommand' && git config --local --unset-all 'core.sshCommand' || :"
2026-10-09T14:20:15.7628301Z [command]/usr/bin/git config --local --name-only --get-regexp http\.https\:\/\/github\.com\/\.extraheader
2026-10-09T14:20:15.7658614Z [command]/usr/bin/git submodule foreach --recursive sh -c "git config --local --name-only --get-regexp 'http\.https\:\/\/github\.com\/\.extraheader' && git config --local --unset-all 'http.https://github.com/.extraheader' || :"
2026-10-09T14:20:15.7852405Z [command]/usr/bin/git config --local http.https://github.com/.extraheader AUTHORIZATION: basic ***
2026-10-09T14:20:15.7890133Z ##[endgroup]
2026-10-09T14:20:15.7890881Z ##[group]Fetching the repository
2026-10-09T14:20:15.7899164Z [command]/usr/bin/git -c protocol.version=2 fetch --no-tags --prune --no-recurse-submodules --depth=1 origin +99c43b6892038233c390be2ae61acb669163d0b5:refs/remotes/origin/feature/v2-narrative-platform
2026-10-09T14:20:20.7725040Z From https://github.com/1785235376-blip/AI-Novel-Studio
2026-10-09T14:20:20.7726798Z  * [new ref]         99c43b6892038233c390be2ae61acb669163d0b5 -> origin/feature/v2-narrative-platform
2026-10-09T14:20:20.7729603Z ##[endgroup]
2026-10-09T14:20:20.7730722Z ##[group]Determining the checkout info
2026-10-09T14:20:20.7734485Z ##[endgroup]
2026-10-09T14:20:20.7736457Z [command]/usr/bin/git sparse-checkout disable
2026-10-09T14:20:20.7791530Z [command]/usr/bin/git config --local --unset-all extensions.worktreeConfig
2026-10-09T14:20:20.7819929Z ##[group]Checking out the ref
2026-10-09T14:20:20.7823449Z [command]/usr/bin/git checkout --progress --force -B feature/v2-narrative-platform refs/remotes/origin/feature/v2-narrative-platform
2026-10-09T14:20:21.3783066Z Switched to a new branch 'feature/v2-narrative-platform'
2026-10-09T14:20:21.3786226Z branch 'feature/v2-narrative-platform' set up to track 'origin/feature/v2-narrative-platform'.
2026-10-09T14:20:21.3822405Z ##[endgroup]
2026-10-09T14:20:21.3877101Z [command]/usr/bin/git log -1 --format=%H
2026-10-09T14:20:21.3904870Z 99c43b6892038233c390be2ae61acb669163d0b5
2026-10-09T14:20:21.3914560Z ##[group]Removing auth
2026-10-09T14:20:21.3918454Z [command]/usr/bin/git config --local --name-only --get-regexp core\.sshCommand
2026-10-09T14:20:21.3949195Z [command]/usr/bin/git submodule foreach --recursive sh -c "git config --local --name-only --get-regexp 'core\.sshCommand' && git config --local --unset-all 'core.sshCommand' || :"
2026-10-09T14:20:21.4147075Z [command]/usr/bin/git config --local --name-only --get-regexp http\.https\:\/\/github\.com\/\.extraheader
2026-10-09T14:20:21.4182845Z http.https://github.com/.extraheader
2026-10-09T14:20:21.4190442Z [command]/usr/bin/git config --local --unset-all http.https://github.com/.extraheader
2026-10-09T14:20:21.4280198Z [command]/usr/bin/git submodule foreach --recursive sh -c "git config --local --name-only --get-regexp 'http\.https\:\/\/github\.com\/\.extraheader' && git config --local --unset-all 'http.https://github.com/.extraheader' || :"
2026-10-09T14:20:21.4673180Z ##[endgroup]
2026-10-09T14:20:21.4951527Z ##[group]Run actions/setup-python@v5.6.0
2026-10-09T14:20:21.4952947Z with:
2026-10-09T14:20:21.4953199Z   python-version: 3.12.9
2026-10-09T14:20:21.4953488Z   check-latest: false
2026-10-09T14:20:21.4957131Z   token: ***
2026-10-09T14:20:21.4957396Z   update-environment: true
2026-10-09T14:20:21.4958804Z   allow-prereleases: false
2026-10-09T14:20:21.4959119Z   freethreaded: false
2026-10-09T14:20:21.4959416Z env:
2026-10-09T14:20:21.4960742Z   MOCK_PROVIDER: true
2026-10-09T14:20:21.4961006Z   MOCK_STREAM_DELAY_MS: 0
2026-10-09T14:20:21.4961278Z   ENABLE_CLOUD: false
2026-10-09T14:20:21.4962044Z   CREDENTIAL_VAULT_BACKEND: memory
2026-10-09T14:20:21.4962741Z   CREDENTIAL_VAULT_ALLOW_MEMORY_FALLBACK: true
2026-10-09T14:20:21.4963109Z   PYTHONDONTWRITEBYTECODE: 1
2026-10-09T14:20:21.4963389Z   HF_HUB_OFFLINE: 1
2026-10-09T14:20:21.4965013Z   TRANSFORMERS_OFFLINE: 1
2026-10-09T14:20:21.4965283Z ##[endgroup]
2026-10-09T14:20:21.6114160Z ##[group]Installed versions
2026-10-09T14:20:21.6131836Z Version 3.12.9 was not found in the local cache
2026-10-09T14:20:21.6222661Z (node:2107) [DEP0040] DeprecationWarning: The `punycode` module is deprecated. Please use a userland alternative instead.
2026-10-09T14:20:21.6223444Z (Use `node --trace-deprecation ...` to show where the warning was created)
2026-10-09T14:20:22.7219977Z Version 3.12.9 is available for downloading
2026-10-09T14:20:22.7221455Z Download from "https://github.com/actions/python-versions/releases/download/3.12.9-13149478207/python-3.12.9-linux-24.04-x64.tar.gz"
2026-10-09T14:20:23.6523745Z Extract downloaded archive
2026-10-09T14:20:23.6625544Z [command]/usr/bin/tar xz --warning=no-unknown-keyword --overwrite -C /home/runner/work/_temp/ae9992ce-26aa-4cdf-8ee1-4f1e506849f9 -f /home/runner/work/_temp/deafdc9a-87d9-4978-8a66-ece3dc891892
2026-10-09T14:20:25.3933770Z Execute installation script
2026-10-09T14:20:25.4015387Z Check if Python hostedtoolcache folder exist...
2026-10-09T14:20:25.4016250Z Create Python 3.12.9 folder
2026-10-09T14:20:25.4029284Z Copy Python binaries to hostedtoolcache folder
2026-10-09T14:20:25.7882062Z Create additional symlinks (Required for the UsePythonVersion Azure Pipelines task and the setup-python GitHub Action)
2026-10-09T14:20:25.7917014Z Upgrading pip...
2026-10-09T14:20:28.1162305Z Looking in links: /tmp/tmp7w7_o7x4
2026-10-09T14:20:28.1165134Z Requirement already satisfied: pip in /opt/hostedtoolcache/Python/3.12.9/x64/lib/python3.12/site-packages (24.3.1)
2026-10-09T14:20:29.7591129Z Collecting pip
2026-10-09T14:20:29.7856512Z Downloading pip-26.2.1-py3-none-any.whl.metadata (4.6 kB)
2026-10-09T14:20:29.9499469Z Downloading pip-26.2.1-py3-none-any.whl (1.8 MB)
2026-10-09T14:20:30.2375414Z ━━━━━━━━━━━━━━━━━━━━━━━━━━━━━━━━━━━━━━━━ 1.8/1.8 MB 5.7 MB/s eta 0:00:00
2026-10-09T14:20:30.2376299Z 
2026-10-09T14:20:30.3689356Z Installing collected packages: pip
2026-10-09T14:20:30.3689814Z Attempting uninstall: pip
2026-10-09T14:20:30.3706169Z Found existing installation: pip 24.3.1
2026-10-09T14:20:30.3965210Z Uninstalling pip-24.3.1:
2026-10-09T14:20:30.4007711Z Successfully uninstalled pip-24.3.1
2026-10-09T14:20:31.4218674Z Successfully installed pip-26.2.1
2026-10-09T14:20:31.4702937Z Create complete file
2026-10-09T14:20:31.4734866Z Successfully set up CPython (3.12.9)
2026-10-09T14:20:31.4735765Z ##[endgroup]
2026-10-09T14:20:31.5090132Z ##[group]Run bash .github/ci/prepare.sh backend-file-shard-0
2026-10-09T14:20:31.5090754Z [36;1mbash .github/ci/prepare.sh backend-file-shard-0[0m
2026-10-09T14:20:31.6468354Z shell: /usr/bin/bash -e {0}
2026-10-09T14:20:31.6468674Z env:
2026-10-09T14:20:31.6468875Z   MOCK_PROVIDER: true
2026-10-09T14:20:31.6469096Z   MOCK_STREAM_DELAY_MS: 0
2026-10-09T14:20:31.6469289Z   ENABLE_CLOUD: false
2026-10-09T14:20:31.6469514Z   CREDENTIAL_VAULT_BACKEND: memory
2026-10-09T14:20:31.6469751Z   CREDENTIAL_VAULT_ALLOW_MEMORY_FALLBACK: true
2026-10-09T14:20:31.6469998Z   PYTHONDONTWRITEBYTECODE: 1
2026-10-09T14:20:31.6470199Z   HF_HUB_OFFLINE: 1
2026-10-09T14:20:31.6470371Z   TRANSFORMERS_OFFLINE: 1
2026-10-09T14:20:31.6470619Z   pythonLocation: /opt/hostedtoolcache/Python/3.12.9/x64
2026-10-09T14:20:31.6470998Z   PKG_CONFIG_PATH: /opt/hostedtoolcache/Python/3.12.9/x64/lib/pkgconfig
2026-10-09T14:20:31.6471331Z   Python_ROOT_DIR: /opt/hostedtoolcache/Python/3.12.9/x64
2026-10-09T14:20:31.6471711Z   Python2_ROOT_DIR: /opt/hostedtoolcache/Python/3.12.9/x64
2026-10-09T14:20:31.6472014Z   Python3_ROOT_DIR: /opt/hostedtoolcache/Python/3.12.9/x64
2026-10-09T14:20:31.6472324Z   LD_LIBRARY_PATH: /opt/hostedtoolcache/Python/3.12.9/x64/lib
2026-10-09T14:20:31.6472595Z ##[endgroup]
2026-10-09T14:20:32.2654877Z ##[group]Run runtime="$CI_PROJECT/.runtime/ci-backend"
2026-10-09T14:20:32.2655222Z [36;1mruntime="$CI_PROJECT/.runtime/ci-backend"[0m
2026-10-09T14:20:32.2655600Z [36;1mmkdir -p "$runtime"/{home,config,cache,data,state,tmp,appdata,localappdata}[0m
2026-10-09T14:20:32.2655924Z [36;1m{[0m
2026-10-09T14:20:32.2656101Z [36;1m  echo "CI_V2_RUNTIME=$runtime"[0m
2026-10-09T14:20:32.2656334Z [36;1m  echo "HOME=$runtime/home"[0m
2026-10-09T14:20:32.2656561Z [36;1m  echo "USERPROFILE=$runtime/home"[0m
2026-10-09T14:20:32.2656809Z [36;1m  echo "APPDATA=$runtime/appdata"[0m
2026-10-09T14:20:32.2657059Z [36;1m  echo "LOCALAPPDATA=$runtime/localappdata"[0m
2026-10-09T14:20:32.2657320Z [36;1m  echo "XDG_CONFIG_HOME=$runtime/config"[0m
2026-10-09T14:20:32.2657575Z [36;1m  echo "XDG_CACHE_HOME=$runtime/cache"[0m
2026-10-09T14:20:32.2657813Z [36;1m  echo "XDG_DATA_HOME=$runtime/data"[0m
2026-10-09T14:20:32.2658059Z [36;1m  echo "XDG_STATE_HOME=$runtime/state"[0m
2026-10-09T14:20:32.2658331Z [36;1m  echo "TMPDIR=$runtime/tmp"[0m
2026-10-09T14:20:32.2658550Z [36;1m  echo "TMP=$runtime/tmp"[0m
2026-10-09T14:20:32.2658760Z [36;1m  echo "TEMP=$runtime/tmp"[0m
2026-10-09T14:20:32.2658993Z [36;1m  echo "NOVEL_DATA_PATH=$runtime/data/novels"[0m
2026-10-09T14:20:32.2659255Z [36;1m  echo "BACKUP_PATH=$runtime/data/backups"[0m
2026-10-09T14:20:32.2659547Z [36;1m  echo "DATABASE_BACKUP_PATH=$runtime/data/database-backups"[0m
2026-10-09T14:20:32.2659863Z [36;1m  echo "KNOWLEDGE_SOURCE_PATH=$runtime/data/novels"[0m
2026-10-09T14:20:32.2660124Z [36;1m} >> "$GITHUB_ENV"[0m
2026-10-09T14:20:32.2719686Z shell: /usr/bin/bash -e {0}
2026-10-09T14:20:32.2719896Z env:
2026-10-09T14:20:32.2720060Z   MOCK_PROVIDER: true
2026-10-09T14:20:32.2720248Z   MOCK_STREAM_DELAY_MS: 0
2026-10-09T14:20:32.2720437Z   ENABLE_CLOUD: false
2026-10-09T14:20:32.2720625Z   CREDENTIAL_VAULT_BACKEND: memory
2026-10-09T14:20:32.2720863Z   CREDENTIAL_VAULT_ALLOW_MEMORY_FALLBACK: true
2026-10-09T14:20:32.2721118Z   PYTHONDONTWRITEBYTECODE: 1
2026-10-09T14:20:32.2721327Z   HF_HUB_OFFLINE: 1
2026-10-09T14:20:32.2721499Z   TRANSFORMERS_OFFLINE: 1
2026-10-09T14:20:32.2721908Z   pythonLocation: /opt/hostedtoolcache/Python/3.12.9/x64
2026-10-09T14:20:32.2722245Z   PKG_CONFIG_PATH: /opt/hostedtoolcache/Python/3.12.9/x64/lib/pkgconfig
2026-10-09T14:20:32.2722574Z   Python_ROOT_DIR: /opt/hostedtoolcache/Python/3.12.9/x64
2026-10-09T14:20:32.2722867Z   Python2_ROOT_DIR: /opt/hostedtoolcache/Python/3.12.9/x64
2026-10-09T14:20:32.2723154Z   Python3_ROOT_DIR: /opt/hostedtoolcache/Python/3.12.9/x64
2026-10-09T14:20:32.2723461Z   LD_LIBRARY_PATH: /opt/hostedtoolcache/Python/3.12.9/x64/lib
2026-10-09T14:20:32.2723756Z   CI_COVERAGE_SHA: 99c43b6892038233c390be2ae61acb669163d0b5
2026-10-09T14:20:32.2724041Z   CI_COVERAGE_TREE: 69d69ffe71838263069d164a0a07b39b5f4a4333
2026-10-09T14:20:32.2724565Z   CI_SANDBOX: /home/runner/work/_temp/novel-ci-backend-file-shard-0.wwNrjL
2026-10-09T14:20:32.2725000Z   CI_PROJECT: /home/runner/work/_temp/novel-ci-backend-file-shard-0.wwNrjL/project
2026-10-09T14:20:32.2725419Z   CI_RECEIPTS: /home/runner/work/_temp/novel-ci-backend-file-shard-0.wwNrjL/receipts
2026-10-09T14:20:32.2725814Z   HOME: /home/runner/work/_temp/novel-ci-backend-file-shard-0.wwNrjL/home
2026-10-09T14:20:32.2726198Z   USERPROFILE: /home/runner/work/_temp/novel-ci-backend-file-shard-0.wwNrjL/home
2026-10-09T14:20:32.2726595Z   APPDATA: /home/runner/work/_temp/novel-ci-backend-file-shard-0.wwNrjL/appdata
2026-10-09T14:20:32.2727015Z   LOCALAPPDATA: /home/runner/work/_temp/novel-ci-backend-file-shard-0.wwNrjL/localappdata
2026-10-09T14:20:32.2727464Z   XDG_CONFIG_HOME: /home/runner/work/_temp/novel-ci-backend-file-shard-0.wwNrjL/config
2026-10-09T14:20:32.2727877Z   XDG_CACHE_HOME: /home/runner/work/_temp/novel-ci-backend-file-shard-0.wwNrjL/cache
2026-10-09T14:20:32.2728277Z   XDG_DATA_HOME: /home/runner/work/_temp/novel-ci-backend-file-shard-0.wwNrjL/data
2026-10-09T14:20:32.2728841Z   XDG_STATE_HOME: /home/runner/work/_temp/novel-ci-backend-file-shard-0.wwNrjL/state
2026-10-09T14:20:32.2729241Z   TMPDIR: /home/runner/work/_temp/novel-ci-backend-file-shard-0.wwNrjL/tmp
2026-10-09T14:20:32.2729612Z   TMP: /home/runner/work/_temp/novel-ci-backend-file-shard-0.wwNrjL/tmp
2026-10-09T14:20:32.2729976Z   TEMP: /home/runner/work/_temp/novel-ci-backend-file-shard-0.wwNrjL/tmp
2026-10-09T14:20:32.2730356Z   PROJECT_ROOT: /home/runner/work/_temp/novel-ci-backend-file-shard-0.wwNrjL/project
2026-10-09T14:20:32.2730781Z   NOVEL_DATA_PATH: /home/runner/work/_temp/novel-ci-backend-file-shard-0.wwNrjL/data/novels
2026-10-09T14:20:32.2731221Z   BACKUP_PATH: /home/runner/work/_temp/novel-ci-backend-file-shard-0.wwNrjL/data/backups
2026-10-09T14:20:32.2731698Z   DATABASE_BACKUP_PATH: /home/runner/work/_temp/novel-ci-backend-file-shard-0.wwNrjL/data/database-backups
2026-10-09T14:20:32.2732203Z   KNOWLEDGE_SOURCE_PATH: /home/runner/work/_temp/novel-ci-backend-file-shard-0.wwNrjL/data/novels
2026-10-09T14:20:32.2732559Z ##[endgroup]
2026-10-09T14:20:32.2853300Z ##[group]Run python -m pip install -c .github/ci/python-constraints.txt -e '.[dev,fontbuild,otio,comic]'
2026-10-09T14:20:32.2853906Z [36;1mpython -m pip install -c .github/ci/python-constraints.txt -e '.[dev,fontbuild,otio,comic]'[0m
2026-10-09T14:20:32.2854302Z [36;1mpython -m pip check[0m
2026-10-09T14:20:32.2854878Z [36;1mpython -m pip freeze --exclude-editable > "$CI_RECEIPTS/python-packages.txt"[0m
2026-10-09T14:20:32.2908100Z shell: /usr/bin/bash -e {0}
2026-10-09T14:20:32.2908315Z env:
2026-10-09T14:20:32.2908504Z   MOCK_PROVIDER: true
2026-10-09T14:20:32.2908743Z   MOCK_STREAM_DELAY_MS: 0
2026-10-09T14:20:32.2908931Z   ENABLE_CLOUD: false
2026-10-09T14:20:32.2909120Z   CREDENTIAL_VAULT_BACKEND: memory
2026-10-09T14:20:32.2909361Z   CREDENTIAL_VAULT_ALLOW_MEMORY_FALLBACK: true
2026-10-09T14:20:32.2909611Z   PYTHONDONTWRITEBYTECODE: 1
2026-10-09T14:20:32.2909809Z   HF_HUB_OFFLINE: 1
2026-10-09T14:20:32.2909987Z   TRANSFORMERS_OFFLINE: 1
2026-10-09T14:20:32.2910270Z   pythonLocation: /opt/hostedtoolcache/Python/3.12.9/x64
2026-10-09T14:20:32.2910610Z   PKG_CONFIG_PATH: /opt/hostedtoolcache/Python/3.12.9/x64/lib/pkgconfig
2026-10-09T14:20:32.2911093Z   Python_ROOT_DIR: /opt/hostedtoolcache/Python/3.12.9/x64
2026-10-09T14:20:32.2911388Z   Python2_ROOT_DIR: /opt/hostedtoolcache/Python/3.12.9/x64
2026-10-09T14:20:32.2911681Z   Python3_ROOT_DIR: /opt/hostedtoolcache/Python/3.12.9/x64
2026-10-09T14:20:32.2911967Z   LD_LIBRARY_PATH: /opt/hostedtoolcache/Python/3.12.9/x64/lib
2026-10-09T14:20:32.2912266Z   CI_COVERAGE_SHA: 99c43b6892038233c390be2ae61acb669163d0b5
2026-10-09T14:20:32.2912591Z   CI_COVERAGE_TREE: 69d69ffe71838263069d164a0a07b39b5f4a4333
2026-10-09T14:20:32.2912942Z   CI_SANDBOX: /home/runner/work/_temp/novel-ci-backend-file-shard-0.wwNrjL
2026-10-09T14:20:32.2913348Z   CI_PROJECT: /home/runner/work/_temp/novel-ci-backend-file-shard-0.wwNrjL/project
2026-10-09T14:20:32.2913770Z   CI_RECEIPTS: /home/runner/work/_temp/novel-ci-backend-file-shard-0.wwNrjL/receipts
2026-10-09T14:20:32.2914253Z   HOME: /home/runner/work/_temp/novel-ci-backend-file-shard-0.wwNrjL/project/.runtime/ci-backend/home
2026-10-09T14:20:32.2914981Z   USERPROFILE: /home/runner/work/_temp/novel-ci-backend-file-shard-0.wwNrjL/project/.runtime/ci-backend/home
2026-10-09T14:20:32.2915538Z   APPDATA: /home/runner/work/_temp/novel-ci-backend-file-shard-0.wwNrjL/project/.runtime/ci-backend/appdata
2026-10-09T14:20:32.2916123Z   LOCALAPPDATA: /home/runner/work/_temp/novel-ci-backend-file-shard-0.wwNrjL/project/.runtime/ci-backend/localappdata
2026-10-09T14:20:32.2916834Z   XDG_CONFIG_HOME: /home/runner/work/_temp/novel-ci-backend-file-shard-0.wwNrjL/project/.runtime/ci-backend/config
2026-10-09T14:20:32.2917513Z   XDG_CACHE_HOME: /home/runner/work/_temp/novel-ci-backend-file-shard-0.wwNrjL/project/.runtime/ci-backend/cache
2026-10-09T14:20:32.2918072Z   XDG_DATA_HOME: /home/runner/work/_temp/novel-ci-backend-file-shard-0.wwNrjL/project/.runtime/ci-backend/data
2026-10-09T14:20:32.2918624Z   XDG_STATE_HOME: /home/runner/work/_temp/novel-ci-backend-file-shard-0.wwNrjL/project/.runtime/ci-backend/state
2026-10-09T14:20:32.2919169Z   TMPDIR: /home/runner/work/_temp/novel-ci-backend-file-shard-0.wwNrjL/project/.runtime/ci-backend/tmp
2026-10-09T14:20:32.2919680Z   TMP: /home/runner/work/_temp/novel-ci-backend-file-shard-0.wwNrjL/project/.runtime/ci-backend/tmp
2026-10-09T14:20:32.2920214Z   TEMP: /home/runner/work/_temp/novel-ci-backend-file-shard-0.wwNrjL/project/.runtime/ci-backend/tmp
2026-10-09T14:20:32.2920696Z   PROJECT_ROOT: /home/runner/work/_temp/novel-ci-backend-file-shard-0.wwNrjL/project
2026-10-09T14:20:32.2921222Z   NOVEL_DATA_PATH: /home/runner/work/_temp/novel-ci-backend-file-shard-0.wwNrjL/project/.runtime/ci-backend/data/novels
2026-10-09T14:20:32.2921914Z   BACKUP_PATH: /home/runner/work/_temp/novel-ci-backend-file-shard-0.wwNrjL/project/.runtime/ci-backend/data/backups
2026-10-09T14:20:32.2922717Z   DATABASE_BACKUP_PATH: /home/runner/work/_temp/novel-ci-backend-file-shard-0.wwNrjL/project/.runtime/ci-backend/data/database-backups
2026-10-09T14:20:32.2923378Z   KNOWLEDGE_SOURCE_PATH: /home/runner/work/_temp/novel-ci-backend-file-shard-0.wwNrjL/project/.runtime/ci-backend/data/novels
2026-10-09T14:20:32.2924006Z   CI_V2_RUNTIME: /home/runner/work/_temp/novel-ci-backend-file-shard-0.wwNrjL/project/.runtime/ci-backend
2026-10-09T14:20:32.2924543Z ##[endgroup]
2026-10-09T14:20:33.2913685Z Obtaining file:///home/runner/work/_temp/novel-ci-backend-file-shard-0.wwNrjL/project
2026-10-09T14:20:33.2929964Z   Installing build dependencies: started
2026-10-09T14:20:34.7623867Z   Installing build dependencies: finished with status 'done'
2026-10-09T14:20:34.7630434Z   Checking if build backend supports build_editable: started
2026-10-09T14:20:35.3358513Z   Checking if build backend supports build_editable: finished with status 'done'
2026-10-09T14:20:35.3367919Z   Getting requirements to build editable: started
2026-10-09T14:20:36.1016281Z   Getting requirements to build editable: finished with status 'done'
2026-10-09T14:20:36.1023967Z   Preparing editable metadata (pyproject.toml): started
2026-10-09T14:20:36.8594087Z   Preparing editable metadata (pyproject.toml): finished with status 'done'
2026-10-09T14:20:36.9765523Z Collecting fastapi<1,>=0.115 (from ai-novel-studio==0.7.0)
2026-10-09T14:20:37.0346517Z   Downloading fastapi-0.142.2-py3-none-any.whl.metadata (27 kB)
2026-10-09T14:20:37.0988280Z Collecting uvicorn<1,>=0.30 (from ai-novel-studio==0.7.0)
2026-10-09T14:20:37.1088235Z   Downloading uvicorn-0.54.0-py3-none-any.whl.metadata (6.6 kB)
2026-10-09T14:20:37.1291689Z Collecting psycopg<4,>=3.2 (from psycopg[binary]<4,>=3.2->ai-novel-studio==0.7.0)
2026-10-09T14:20:37.1390647Z   Downloading psycopg-3.3.6-py3-none-any.whl.metadata (4.4 kB)
2026-10-09T14:20:37.4177767Z Collecting sqlalchemy<3,>=2.0 (from ai-novel-studio==0.7.0)
2026-10-09T14:20:37.4279805Z   Downloading sqlalchemy-2.1.3-cp312-cp312-manylinux2014_x86_64.manylinux_2_17_x86_64.manylinux_2_28_x86_64.whl.metadata (9.7 kB)
2026-10-09T14:20:37.4520298Z Collecting httpx<1,>=0.27 (from ai-novel-studio==0.7.0)
2026-10-09T14:20:37.4621108Z   Downloading httpx-0.28.1-py3-none-any.whl.metadata (7.1 kB)
2026-10-09T14:20:37.4810130Z Collecting pydantic-settings<3,>=2.6 (from ai-novel-studio==0.7.0)
2026-10-09T14:20:37.4908857Z   Downloading pydantic_settings-2.15.0-py3-none-any.whl.metadata (3.9 kB)
2026-10-09T14:20:37.5836980Z Collecting reportlab<5,>=4.0 (from ai-novel-studio==0.7.0)
2026-10-09T14:20:37.5937401Z   Downloading reportlab-4.5.1-py3-none-any.whl.metadata (1.7 kB)
2026-10-09T14:20:37.6172843Z Collecting pypdf==6.19.0 (from ai-novel-studio==0.7.0)
2026-10-09T14:20:37.6271277Z   Downloading pypdf-6.19.0-py3-none-any.whl.metadata (7.5 kB)
2026-10-09T14:20:37.6510641Z Collecting jsonschema<5,>=4.18 (from ai-novel-studio==0.7.0)
2026-10-09T14:20:37.6631281Z   Downloading jsonschema-4.26.0-py3-none-any.whl.metadata (7.6 kB)
2026-10-09T14:20:37.6921432Z Collecting pytest<9,>=8 (from ai-novel-studio==0.7.0)
2026-10-09T14:20:37.7019797Z   Downloading pytest-8.4.2-py3-none-any.whl.metadata (7.7 kB)
2026-10-09T14:20:37.8283915Z Collecting fonttools==4.59.1 (from ai-novel-studio==0.7.0)
2026-10-09T14:20:37.8387045Z   Downloading fonttools-4.59.1-cp312-cp312-manylinux1_x86_64.manylinux2014_x86_64.manylinux_2_17_x86_64.manylinux_2_5_x86_64.whl.metadata (108 kB)
2026-10-09T14:20:37.8877106Z Collecting opentimelineio==0.18.1 (from ai-novel-studio==0.7.0)
2026-10-09T14:20:37.8979464Z   Downloading opentimelineio-0.18.1-cp312-cp312-manylinux2014_x86_64.manylinux_2_17_x86_64.whl.metadata (2.6 kB)
2026-10-09T14:20:38.0583060Z Collecting Pillow==12.3.0 (from ai-novel-studio==0.7.0)
2026-10-09T14:20:38.0683942Z   Downloading pillow-12.3.0-cp312-cp312-manylinux_2_27_x86_64.manylinux_2_28_x86_64.whl.metadata (9.1 kB)
2026-10-09T14:20:38.1029072Z Collecting starlette>=0.46.0 (from fastapi<1,>=0.115->ai-novel-studio==0.7.0)
2026-10-09T14:20:38.1131940Z   Downloading starlette-1.7.0-py3-none-any.whl.metadata (6.6 kB)
2026-10-09T14:20:38.2058930Z Collecting pydantic>=2.9.0 (from fastapi<1,>=0.115->ai-novel-studio==0.7.0)
2026-10-09T14:20:38.2162195Z   Downloading pydantic-2.13.5-py3-none-any.whl.metadata (110 kB)
2026-10-09T14:20:38.2399912Z Collecting typing-extensions>=4.8.0 (from fastapi<1,>=0.115->ai-novel-studio==0.7.0)
2026-10-09T14:20:38.2502980Z   Downloading typing_extensions-4.16.0-py3-none-any.whl.metadata (3.3 kB)
2026-10-09T14:20:38.2672723Z Collecting typing-inspection>=0.4.2 (from fastapi<1,>=0.115->ai-novel-studio==0.7.0)
2026-10-09T14:20:38.2773318Z   Downloading typing_inspection-0.4.4-py3-none-any.whl.metadata (2.6 kB)
2026-10-09T14:20:38.2937089Z Collecting annotated-doc>=0.0.2 (from fastapi<1,>=0.115->ai-novel-studio==0.7.0)
2026-10-09T14:20:38.3039594Z   Downloading annotated_doc-0.0.5-py3-none-any.whl.metadata (6.5 kB)
2026-10-09T14:20:38.3258082Z Collecting opentelemetry-api>=1.44.0 (from fastapi<1,>=0.115->ai-novel-studio==0.7.0)
2026-10-09T14:20:38.3358432Z   Downloading opentelemetry_api-1.45.0-py3-none-any.whl.metadata (1.4 kB)
2026-10-09T14:20:38.3576824Z Collecting anyio (from httpx<1,>=0.27->ai-novel-studio==0.7.0)
2026-10-09T14:20:38.3676995Z   Downloading anyio-4.15.1-py3-none-any.whl.metadata (4.7 kB)
2026-10-09T14:20:38.3878523Z Collecting certifi (from httpx<1,>=0.27->ai-novel-studio==0.7.0)
2026-10-09T14:20:38.3977190Z   Downloading certifi-2026.7.22-py3-none-any.whl.metadata (2.5 kB)
2026-10-09T14:20:38.4176893Z Collecting httpcore==1.* (from httpx<1,>=0.27->ai-novel-studio==0.7.0)
2026-10-09T14:20:38.4276615Z   Downloading httpcore-1.0.9-py3-none-any.whl.metadata (21 kB)
2026-10-09T14:20:38.4473591Z Collecting idna (from httpx<1,>=0.27->ai-novel-studio==0.7.0)
2026-10-09T14:20:38.4575065Z   Downloading idna-3.20-py3-none-any.whl.metadata (7.2 kB)
2026-10-09T14:20:38.4784674Z Collecting h11>=0.16 (from httpcore==1.*->httpx<1,>=0.27->ai-novel-studio==0.7.0)
2026-10-09T14:20:38.4885030Z   Downloading h11-0.16.0-py3-none-any.whl.metadata (8.3 kB)
2026-10-09T14:20:38.5078266Z Collecting attrs>=22.2.0 (from jsonschema<5,>=4.18->ai-novel-studio==0.7.0)
2026-10-09T14:20:38.5179385Z   Downloading attrs-26.1.0-py3-none-any.whl.metadata (8.8 kB)
2026-10-09T14:20:38.5362361Z Collecting jsonschema-specifications>=2023.03.6 (from jsonschema<5,>=4.18->ai-novel-studio==0.7.0)
2026-10-09T14:20:38.5466281Z   Downloading jsonschema_specifications-2025.9.1-py3-none-any.whl.metadata (2.9 kB)
2026-10-09T14:20:38.5703649Z Collecting referencing>=0.28.4 (from jsonschema<5,>=4.18->ai-novel-studio==0.7.0)
2026-10-09T14:20:38.5803522Z   Downloading referencing-0.37.0-py3-none-any.whl.metadata (2.8 kB)
2026-10-09T14:20:38.7903857Z Collecting rpds-py>=0.25.0 (from jsonschema<5,>=4.18->ai-novel-studio==0.7.0)
2026-10-09T14:20:38.8004149Z   Downloading rpds_py-2026.9.1-cp312-cp312-manylinux_2_17_x86_64.manylinux2014_x86_64.whl.metadata (4.1 kB)
2026-10-09T14:20:38.9514043Z Collecting psycopg-binary==3.3.6 (from psycopg[binary]<4,>=3.2->ai-novel-studio==0.7.0)
2026-10-09T14:20:38.9615199Z   Downloading psycopg_binary-3.3.6-cp312-cp312-manylinux2014_x86_64.manylinux_2_17_x86_64.whl.metadata (2.7 kB)
2026-10-09T14:20:38.9826918Z Collecting python-dotenv>=0.21.0 (from pydantic-settings<3,>=2.6->ai-novel-studio==0.7.0)
2026-10-09T14:20:38.9925724Z   Downloading python_dotenv-1.2.4-py3-none-any.whl.metadata (29 kB)
2026-10-09T14:20:39.1299770Z Collecting iniconfig>=1 (from pytest<9,>=8->ai-novel-studio==0.7.0)
2026-10-09T14:20:39.1399548Z   Downloading iniconfig-2.3.0-py3-none-any.whl.metadata (2.5 kB)
2026-10-09T14:20:39.1626294Z Collecting packaging>=20 (from pytest<9,>=8->ai-novel-studio==0.7.0)
2026-10-09T14:20:39.1727209Z   Downloading packaging-26.3-py3-none-any.whl.metadata (3.5 kB)
2026-10-09T14:20:39.1905274Z Collecting pluggy<2,>=1.5 (from pytest<9,>=8->ai-novel-studio==0.7.0)
2026-10-09T14:20:39.2006905Z   Downloading pluggy-1.6.0-py3-none-any.whl.metadata (4.8 kB)
2026-10-09T14:20:39.2225764Z Collecting pygments>=2.7.2 (from pytest<9,>=8->ai-novel-studio==0.7.0)
2026-10-09T14:20:39.2325663Z   Downloading pygments-2.21.0-py3-none-any.whl.metadata (2.5 kB)
2026-10-09T14:20:39.3424008Z Collecting charset-normalizer (from reportlab<5,>=4.0->ai-novel-studio==0.7.0)
2026-10-09T14:20:39.3528036Z   Downloading charset_normalizer-3.5.2-cp312-cp312-manylinux2014_x86_64.manylinux_2_17_x86_64.manylinux_2_28_x86_64.whl.metadata (46 kB)
2026-10-09T14:20:39.3765136Z Collecting click>=7.0 (from uvicorn<1,>=0.30->ai-novel-studio==0.7.0)
2026-10-09T14:20:39.3866859Z   Downloading click-8.5.0-py3-none-any.whl.metadata (2.6 kB)
2026-10-09T14:20:39.4081365Z Collecting annotated-types>=0.6.0 (from pydantic>=2.9.0->fastapi<1,>=0.115->ai-novel-studio==0.7.0)
2026-10-09T14:20:39.4182878Z   Downloading annotated_types-0.8.0-py3-none-any.whl.metadata (15 kB)
2026-10-09T14:20:39.9756506Z Collecting pydantic-core==2.46.5 (from pydantic>=2.9.0->fastapi<1,>=0.115->ai-novel-studio==0.7.0)
2026-10-09T14:20:39.9860192Z   Downloading pydantic_core-2.46.5-cp312-cp312-manylinux_2_17_x86_64.manylinux2014_x86_64.whl.metadata (6.6 kB)
2026-10-09T14:20:40.0102619Z Downloading fonttools-4.59.1-cp312-cp312-manylinux1_x86_64.manylinux2014_x86_64.manylinux_2_17_x86_64.manylinux_2_5_x86_64.whl (4.9 MB)
2026-10-09T14:20:40.0920461Z    ━━━━━━━━━━━━━━━━━━━━━━━━━━━━━━━━━━━━━━━━ 4.9/4.9 MB 65.7 MB/s  0:00:00
2026-10-09T14:20:40.1028272Z Downloading opentimelineio-0.18.1-cp312-cp312-manylinux2014_x86_64.manylinux_2_17_x86_64.whl (842 kB)
2026-10-09T14:20:40.1077231Z    ━━━━━━━━━━━━━━━━━━━━━━━━━━━━━━━━━━━━━━━━ 842.8/842.8 kB 197.0 MB/s  0:00:00
2026-10-09T14:20:40.1178967Z Downloading pillow-12.3.0-cp312-cp312-manylinux_2_27_x86_64.manylinux_2_28_x86_64.whl (6.9 MB)
2026-10-09T14:20:40.1725850Z    ━━━━━━━━━━━━━━━━━━━━━━━━━━━━━━━━━━━━━━━━ 6.9/6.9 MB 127.0 MB/s  0:00:00
2026-10-09T14:20:40.1835510Z Downloading pypdf-6.19.0-py3-none-any.whl (395 kB)
2026-10-09T14:20:40.1963075Z Downloading fastapi-0.142.2-py3-none-any.whl (144 kB)
2026-10-09T14:20:40.2085104Z Downloading httpx-0.28.1-py3-none-any.whl (73 kB)
2026-10-09T14:20:40.2205081Z Downloading httpcore-1.0.9-py3-none-any.whl (78 kB)
2026-10-09T14:20:40.2325530Z Downloading jsonschema-4.26.0-py3-none-any.whl (90 kB)
2026-10-09T14:20:40.2446499Z Downloading psycopg-3.3.6-py3-none-any.whl (215 kB)
2026-10-09T14:20:40.2569665Z Downloading psycopg_binary-3.3.6-cp312-cp312-manylinux2014_x86_64.manylinux_2_17_x86_64.whl (5.2 MB)
2026-10-09T14:20:40.2892801Z    ━━━━━━━━━━━━━━━━━━━━━━━━━━━━━━━━━━━━━━━━ 5.2/5.2 MB 166.7 MB/s  0:00:00
2026-10-09T14:20:40.2997358Z Downloading pydantic_settings-2.15.0-py3-none-any.whl (69 kB)
2026-10-09T14:20:40.3125882Z Downloading pytest-8.4.2-py3-none-any.whl (365 kB)
2026-10-09T14:20:40.3251069Z Downloading pluggy-1.6.0-py3-none-any.whl (20 kB)
2026-10-09T14:20:40.3379822Z Downloading reportlab-4.5.1-py3-none-any.whl (2.0 MB)
2026-10-09T14:20:40.3509242Z    ━━━━━━━━━━━━━━━━━━━━━━━━━━━━━━━━━━━━━━━━ 2.0/2.0 MB 157.0 MB/s  0:00:00
2026-10-09T14:20:40.3623272Z Downloading sqlalchemy-2.1.3-cp312-cp312-manylinux2014_x86_64.manylinux_2_17_x86_64.manylinux_2_28_x86_64.whl (4.7 MB)
2026-10-09T14:20:40.3919899Z    ━━━━━━━━━━━━━━━━━━━━━━━━━━━━━━━━━━━━━━━━ 4.7/4.7 MB 161.6 MB/s  0:00:00
2026-10-09T14:20:40.4022309Z Downloading uvicorn-0.54.0-py3-none-any.whl (87 kB)
2026-10-09T14:20:40.4142866Z Downloading annotated_doc-0.0.5-py3-none-any.whl (5.3 kB)
2026-10-09T14:20:40.4265435Z Downloading attrs-26.1.0-py3-none-any.whl (67 kB)
2026-10-09T14:20:40.4387366Z Downloading click-8.5.0-py3-none-any.whl (125 kB)
2026-10-09T14:20:40.4506460Z Downloading h11-0.16.0-py3-none-any.whl (37 kB)
2026-10-09T14:20:40.4649005Z Downloading iniconfig-2.3.0-py3-none-any.whl (7.5 kB)
2026-10-09T14:20:40.4779716Z Downloading jsonschema_specifications-2025.9.1-py3-none-any.whl (18 kB)
2026-10-09T14:20:40.4927910Z Downloading opentelemetry_api-1.45.0-py3-none-any.whl (60 kB)
2026-10-09T14:20:40.5122494Z Downloading packaging-26.3-py3-none-any.whl (129 kB)
2026-10-09T14:20:40.5350866Z Downloading pydantic-2.13.5-py3-none-any.whl (472 kB)
2026-10-09T14:20:40.5510860Z Downloading pydantic_core-2.46.5-cp312-cp312-manylinux_2_17_x86_64.manylinux2014_x86_64.whl (2.1 MB)
2026-10-09T14:20:40.5647272Z    ━━━━━━━━━━━━━━━━━━━━━━━━━━━━━━━━━━━━━━━━ 2.1/2.1 MB 156.3 MB/s  0:00:00
2026-10-09T14:20:40.5749596Z Downloading annotated_types-0.8.0-py3-none-any.whl (13 kB)
2026-10-09T14:20:40.5867756Z Downloading pygments-2.21.0-py3-none-any.whl (1.3 MB)
2026-10-09T14:20:40.5927329Z    ━━━━━━━━━━━━━━━━━━━━━━━━━━━━━━━━━━━━━━━━ 1.3/1.3 MB 248.0 MB/s  0:00:00
2026-10-09T14:20:40.6028981Z Downloading python_dotenv-1.2.4-py3-none-any.whl (23 kB)
2026-10-09T14:20:40.6145151Z Downloading referencing-0.37.0-py3-none-any.whl (26 kB)
2026-10-09T14:20:40.6326103Z Downloading rpds_py-2026.9.1-cp312-cp312-manylinux_2_17_x86_64.manylinux2014_x86_64.whl (371 kB)
2026-10-09T14:20:40.6451734Z Downloading starlette-1.7.0-py3-none-any.whl (78 kB)
2026-10-09T14:20:40.6595438Z Downloading anyio-4.15.1-py3-none-any.whl (132 kB)
2026-10-09T14:20:40.6715859Z Downloading idna-3.20-py3-none-any.whl (69 kB)
2026-10-09T14:20:40.6835358Z Downloading typing_extensions-4.16.0-py3-none-any.whl (45 kB)
2026-10-09T14:20:40.6953146Z Downloading typing_inspection-0.4.4-py3-none-any.whl (14 kB)
2026-10-09T14:20:40.7071234Z Downloading certifi-2026.7.22-py3-none-any.whl (136 kB)
2026-10-09T14:20:40.7192783Z Downloading charset_normalizer-3.5.2-cp312-cp312-manylinux2014_x86_64.manylinux_2_17_x86_64.manylinux_2_28_x86_64.whl (257 kB)
2026-10-09T14:20:40.8241649Z Building wheels for collected packages: ai-novel-studio
2026-10-09T14:20:40.8248699Z   Building editable for ai-novel-studio (pyproject.toml): started
2026-10-09T14:20:41.6582425Z   Building editable for ai-novel-studio (pyproject.toml): finished with status 'done'
2026-10-09T14:20:41.6587717Z   Created wheel for ai-novel-studio: filename=ai_novel_studio-0.7.0-0.editable-py3-none-any.whl size=3192 sha256=869f055624b17511699f64da1341683037d55aed85d07ff67334e82a2d579dd2
2026-10-09T14:20:41.6589483Z   Stored in directory: /home/runner/work/_temp/novel-ci-backend-file-shard-0.wwNrjL/project/.runtime/ci-backend/tmp/pip-ephem-wheel-cache-u3yz0qxt/wheels/44/a5/c0/0cda694ebdf135667bbacad74dcba671733afe1e7ebff8019a
2026-10-09T14:20:41.6602519Z Successfully built ai-novel-studio
2026-10-09T14:20:41.7396215Z Installing collected packages: typing-extensions, rpds-py, python-dotenv, pypdf, pygments, psycopg-binary, pluggy, Pillow, packaging, opentimelineio, iniconfig, idna, h11, fonttools, click, charset-normalizer, certifi, attrs, annotated-types, annotated-doc, uvicorn, typing-inspection, sqlalchemy, reportlab, referencing, pytest, pydantic-core, psycopg, opentelemetry-api, httpcore, anyio, starlette, pydantic, jsonschema-specifications, httpx, pydantic-settings, jsonschema, fastapi, ai-novel-studio
2026-10-09T14:20:47.0025687Z 
2026-10-09T14:20:47.0054199Z Successfully installed Pillow-12.3.0 ai-novel-studio-0.7.0 annotated-doc-0.0.5 annotated-types-0.8.0 anyio-4.15.1 attrs-26.1.0 certifi-2026.7.22 charset-normalizer-3.5.2 click-8.5.0 fastapi-0.142.2 fonttools-4.59.1 h11-0.16.0 httpcore-1.0.9 httpx-0.28.1 idna-3.20 iniconfig-2.3.0 jsonschema-4.26.0 jsonschema-specifications-2025.9.1 opentelemetry-api-1.45.0 opentimelineio-0.18.1 packaging-26.3 pluggy-1.6.0 psycopg-3.3.6 psycopg-binary-3.3.6 pydantic-2.13.5 pydantic-core-2.46.5 pydantic-settings-2.15.0 pygments-2.21.0 pypdf-6.19.0 pytest-8.4.2 python-dotenv-1.2.4 referencing-0.37.0 reportlab-4.5.1 rpds-py-2026.9.1 sqlalchemy-2.1.3 starlette-1.7.0 typing-extensions-4.16.0 typing-inspection-0.4.4 uvicorn-0.54.0
2026-10-09T14:20:47.7631022Z No broken requirements found.
2026-10-09T14:20:48.6214338Z ##[group]Run sudo apt-get update
2026-10-09T14:20:48.6214821Z [36;1msudo apt-get update[0m
2026-10-09T14:20:48.6215092Z [36;1msudo apt-get install -y --no-install-recommends ffmpeg[0m
2026-10-09T14:20:48.6215450Z [36;1mffmpeg -version > "$CI_RECEIPTS/ffmpeg-version.txt"[0m
2026-10-09T14:20:48.6215766Z [36;1mffprobe -version > "$CI_RECEIPTS/ffprobe-version.txt"[0m
2026-10-09T14:20:48.6216153Z [36;1mpython -c "import shutil; assert shutil.which('ffmpeg') and shutil.which('ffprobe')"[0m
2026-10-09T14:20:48.6272248Z shell: /usr/bin/bash -e {0}
2026-10-09T14:20:48.6272456Z env:
2026-10-09T14:20:48.6272617Z   MOCK_PROVIDER: true
2026-10-09T14:20:48.6272806Z   MOCK_STREAM_DELAY_MS: 0
2026-10-09T14:20:48.6272998Z   ENABLE_CLOUD: false
2026-10-09T14:20:48.6273191Z   CREDENTIAL_VAULT_BACKEND: memory
2026-10-09T14:20:48.6273441Z   CREDENTIAL_VAULT_ALLOW_MEMORY_FALLBACK: true
2026-10-09T14:20:48.6273683Z   PYTHONDONTWRITEBYTECODE: 1
2026-10-09T14:20:48.6273878Z   HF_HUB_OFFLINE: 1
2026-10-09T14:20:48.6274092Z   TRANSFORMERS_OFFLINE: 1
2026-10-09T14:20:48.6274321Z   pythonLocation: /opt/hostedtoolcache/Python/3.12.9/x64
2026-10-09T14:20:48.6274763Z   PKG_CONFIG_PATH: /opt/hostedtoolcache/Python/3.12.9/x64/lib/pkgconfig
2026-10-09T14:20:48.6275091Z   Python_ROOT_DIR: /opt/hostedtoolcache/Python/3.12.9/x64
2026-10-09T14:20:48.6275378Z   Python2_ROOT_DIR: /opt/hostedtoolcache/Python/3.12.9/x64
2026-10-09T14:20:48.6275665Z   Python3_ROOT_DIR: /opt/hostedtoolcache/Python/3.12.9/x64
2026-10-09T14:20:48.6275954Z   LD_LIBRARY_PATH: /opt/hostedtoolcache/Python/3.12.9/x64/lib
2026-10-09T14:20:48.6276257Z   CI_COVERAGE_SHA: 99c43b6892038233c390be2ae61acb669163d0b5
2026-10-09T14:20:48.6276540Z   CI_COVERAGE_TREE: 69d69ffe71838263069d164a0a07b39b5f4a4333
2026-10-09T14:20:48.6276868Z   CI_SANDBOX: /home/runner/work/_temp/novel-ci-backend-file-shard-0.wwNrjL
2026-10-09T14:20:48.6277438Z   CI_PROJECT: /home/runner/work/_temp/novel-ci-backend-file-shard-0.wwNrjL/project
2026-10-09T14:20:48.6277854Z   CI_RECEIPTS: /home/runner/work/_temp/novel-ci-backend-file-shard-0.wwNrjL/receipts
2026-10-09T14:20:48.6278324Z   HOME: /home/runner/work/_temp/novel-ci-backend-file-shard-0.wwNrjL/project/.runtime/ci-backend/home
2026-10-09T14:20:48.6278880Z   USERPROFILE: /home/runner/work/_temp/novel-ci-backend-file-shard-0.wwNrjL/project/.runtime/ci-backend/home
2026-10-09T14:20:48.6279442Z   APPDATA: /home/runner/work/_temp/novel-ci-backend-file-shard-0.wwNrjL/project/.runtime/ci-backend/appdata
2026-10-09T14:20:48.6280007Z   LOCALAPPDATA: /home/runner/work/_temp/novel-ci-backend-file-shard-0.wwNrjL/project/.runtime/ci-backend/localappdata
2026-10-09T14:20:48.6280589Z   XDG_CONFIG_HOME: /home/runner/work/_temp/novel-ci-backend-file-shard-0.wwNrjL/project/.runtime/ci-backend/config
2026-10-09T14:20:48.6281145Z   XDG_CACHE_HOME: /home/runner/work/_temp/novel-ci-backend-file-shard-0.wwNrjL/project/.runtime/ci-backend/cache
2026-10-09T14:20:48.6281701Z   XDG_DATA_HOME: /home/runner/work/_temp/novel-ci-backend-file-shard-0.wwNrjL/project/.runtime/ci-backend/data
2026-10-09T14:20:48.6282247Z   XDG_STATE_HOME: /home/runner/work/_temp/novel-ci-backend-file-shard-0.wwNrjL/project/.runtime/ci-backend/state
2026-10-09T14:20:48.6282807Z   TMPDIR: /home/runner/work/_temp/novel-ci-backend-file-shard-0.wwNrjL/project/.runtime/ci-backend/tmp
2026-10-09T14:20:48.6283321Z   TMP: /home/runner/work/_temp/novel-ci-backend-file-shard-0.wwNrjL/project/.runtime/ci-backend/tmp
2026-10-09T14:20:48.6283812Z   TEMP: /home/runner/work/_temp/novel-ci-backend-file-shard-0.wwNrjL/project/.runtime/ci-backend/tmp
2026-10-09T14:20:48.6284271Z   PROJECT_ROOT: /home/runner/work/_temp/novel-ci-backend-file-shard-0.wwNrjL/project
2026-10-09T14:20:48.6284896Z   NOVEL_DATA_PATH: /home/runner/work/_temp/novel-ci-backend-file-shard-0.wwNrjL/project/.runtime/ci-backend/data/novels
2026-10-09T14:20:48.6285498Z   BACKUP_PATH: /home/runner/work/_temp/novel-ci-backend-file-shard-0.wwNrjL/project/.runtime/ci-backend/data/backups
2026-10-09T14:20:48.6286277Z   DATABASE_BACKUP_PATH: /home/runner/work/_temp/novel-ci-backend-file-shard-0.wwNrjL/project/.runtime/ci-backend/data/database-backups
2026-10-09T14:20:48.6286935Z   KNOWLEDGE_SOURCE_PATH: /home/runner/work/_temp/novel-ci-backend-file-shard-0.wwNrjL/project/.runtime/ci-backend/data/novels
2026-10-09T14:20:48.6287513Z   CI_V2_RUNTIME: /home/runner/work/_temp/novel-ci-backend-file-shard-0.wwNrjL/project/.runtime/ci-backend
2026-10-09T14:20:48.6287876Z ##[endgroup]
2026-10-09T14:20:48.7119648Z Get:1 file:/etc/apt/apt-mirrors.txt Mirrorlist [144 B]
2026-10-09T14:20:48.7510533Z Hit:2 http://azure.archive.ubuntu.com/ubuntu noble InRelease
2026-10-09T14:20:48.7528608Z Get:3 http://azure.archive.ubuntu.com/ubuntu noble-updates InRelease [126 kB]
2026-10-09T14:20:48.7567029Z Get:4 http://azure.archive.ubuntu.com/ubuntu noble-backports InRelease [126 kB]
2026-10-09T14:20:48.7585200Z Get:5 http://azure.archive.ubuntu.com/ubuntu noble-security InRelease [126 kB]
2026-10-09T14:20:48.7643166Z Get:6 https://packages.microsoft.com/ubuntu/24.04/prod noble InRelease [3600 B]
2026-10-09T14:20:48.8859899Z Get:7 http://azure.archive.ubuntu.com/ubuntu noble-updates/main amd64 Packages [1375 kB]
2026-10-09T14:20:48.8974081Z Get:8 http://azure.archive.ubuntu.com/ubuntu noble-updates/main Translation-en [306 kB]
2026-10-09T14:20:48.8993615Z Get:9 http://azure.archive.ubuntu.com/ubuntu noble-updates/universe amd64 Packages [1702 kB]
2026-10-09T14:20:48.9080153Z Get:10 http://azure.archive.ubuntu.com/ubuntu noble-updates/universe Translation-en [342 kB]
2026-10-09T14:20:48.9105207Z Get:11 http://azure.archive.ubuntu.com/ubuntu noble-updates/restricted amd64 Packages [1761 kB]
2026-10-09T14:20:48.9191391Z Get:12 http://azure.archive.ubuntu.com/ubuntu noble-updates/restricted Translation-en [401 kB]
2026-10-09T14:20:48.9222854Z Get:13 http://azure.archive.ubuntu.com/ubuntu noble-updates/multiverse amd64 Packages [55.0 kB]
2026-10-09T14:20:48.9229612Z Get:14 http://azure.archive.ubuntu.com/ubuntu noble-updates/multiverse Translation-en [14.3 kB]
2026-10-09T14:20:48.9865929Z Get:15 http://azure.archive.ubuntu.com/ubuntu noble-security/main amd64 Packages [1121 kB]
2026-10-09T14:20:48.9905035Z Get:16 http://azure.archive.ubuntu.com/ubuntu noble-security/main Translation-en [228 kB]
2026-10-09T14:20:49.0267640Z Get:23 https://packages.microsoft.com/ubuntu/24.04/prod noble/main amd64 Packages [531 kB]
2026-10-09T14:20:49.0337769Z Get:17 http://azure.archive.ubuntu.com/ubuntu noble-security/universe amd64 Packages [1220 kB]
2026-10-09T14:20:49.0372124Z Get:24 https://packages.microsoft.com/ubuntu/24.04/prod noble/main arm64 Packages [475 kB]
2026-10-09T14:20:49.0396933Z Get:18 http://azure.archive.ubuntu.com/ubuntu noble-security/universe Translation-en [245 kB]
2026-10-09T14:20:49.0413488Z Get:19 http://azure.archive.ubuntu.com/ubuntu noble-security/restricted amd64 Packages [1669 kB]
2026-10-09T14:20:49.0445420Z Get:25 https://packages.microsoft.com/ubuntu/24.04/prod noble/main all Packages [640 B]
2026-10-09T14:20:49.0471763Z Get:26 https://packages.microsoft.com/ubuntu/24.04/prod noble/main armhf Packages [12.3 kB]
2026-10-09T14:20:49.0487829Z Get:20 http://azure.archive.ubuntu.com/ubuntu noble-security/restricted Translation-en [383 kB]
2026-10-09T14:20:49.0511761Z Get:21 http://azure.archive.ubuntu.com/ubuntu noble-security/multiverse amd64 Packages [49.8 kB]
2026-10-09T14:20:49.0521194Z Get:22 http://azure.archive.ubuntu.com/ubuntu noble-security/multiverse Translation-en [12.4 kB]
2026-10-09T14:20:56.1671929Z Fetched 12.3 MB in 1s (11.5 MB/s)
2026-10-09T14:20:56.8622343Z Reading package lists...
2026-10-09T14:20:56.8890559Z Reading package lists...
2026-10-09T14:20:57.0793466Z Building dependency tree...
2026-10-09T14:20:57.0799709Z Reading state information...
2026-10-09T14:20:57.2282133Z The following additional packages will be installed:
2026-10-09T14:20:57.2282589Z   libass9 libasyncns0 libavc1394-0 libavcodec60 libavdevice60 libavfilter9
2026-10-09T14:20:57.2282979Z   libavformat60 libavutil58 libblas3 libbluray2 libbs2b0 libcaca0
2026-10-09T14:20:57.2284180Z   libcdio-cdda2t64 libcdio-paranoia2t64 libcdio19t64 libchromaprint1 libcjson1
2026-10-09T14:20:57.2284932Z   libcodec2-1.2 libdav1d7 libdc1394-25 libdecor-0-0 libflac12t64 libflite1
2026-10-09T14:20:57.2285318Z   libgme0 libgsm1 libhwy1t64 libiec61883-0 libjack-jackd2-0 libjxl0.7
2026-10-09T14:20:57.2285680Z   liblapack3 liblilv-0-0 libmbedcrypto7t64 libmp3lame0 libmpg123-0t64
2026-10-09T14:20:57.2286066Z   libmysofa1 libopenal-data libopenal1 libopenmpt0t64 libopus0 libplacebo338
2026-10-09T14:20:57.2286475Z   libpocketsphinx3 libpostproc57 libpulse0 librav1e0 libraw1394-11 librist4
2026-10-09T14:20:57.2286868Z   librsvg2-2 librubberband2 libsamplerate0 libsdl2-2.0-0 libserd-0-0 libshine3
2026-10-09T14:20:57.2287260Z   libsndfile1 libsndio7.0 libsord-0-0 libsoxr0 libspeex1 libsphinxbase3t64
2026-10-09T14:20:57.2287633Z   libsratom-0-0 libsrt1.5-gnutls libssh-gcrypt-4 libsvtav1enc1d1
2026-10-09T14:20:57.2287992Z   libswresample4 libswscale7 libtheora0 libtwolame0 libudfread0 libunibreak5
2026-10-09T14:20:57.2288385Z   libva-drm2 libva-x11-2 libva2 libvdpau1 libvidstab1.1 libvorbisenc2 libvpl2
2026-10-09T14:20:57.2288767Z   libvpx9 libx264-164 libx265-199 libxcb-shape0 libxv1 libxvidcore4 libzimg2
2026-10-09T14:20:57.2289109Z   libzix-0-0 libzvbi-common libzvbi0t64 ocl-icd-libopencl1
2026-10-09T14:20:57.2292934Z Suggested packages:
2026-10-09T14:20:57.2293205Z   ffmpeg-doc libcuda1 libnvcuvid1 libnvidia-encode1 libbluray-bdj jackd2
2026-10-09T14:20:57.2293600Z   libportaudio2 opus-tools pulseaudio libraw1394-doc librsvg2-bin serdi sndiod
2026-10-09T14:20:57.2293909Z   sordi speex opencl-icd
2026-10-09T14:20:57.2294098Z Recommended packages:
2026-10-09T14:20:57.2294475Z   libaacs0 default-libdecor-0-plugin-1 | libdecor-0-plugin-1
2026-10-09T14:20:57.2294834Z   pocketsphinx-en-us librsvg2-common va-driver-all | va-driver
2026-10-09T14:20:57.2295271Z   vdpau-driver-all | vdpau-driver
2026-10-09T14:20:57.2886930Z The following NEW packages will be installed:
2026-10-09T14:20:57.2887729Z   ffmpeg libass9 libasyncns0 libavc1394-0 libavcodec60 libavdevice60
2026-10-09T14:20:57.2888545Z   libavfilter9 libavformat60 libavutil58 libblas3 libbluray2 libbs2b0 libcaca0
2026-10-09T14:20:57.2889338Z   libcdio-cdda2t64 libcdio-paranoia2t64 libcdio19t64 libchromaprint1 libcjson1
2026-10-09T14:20:57.2890109Z   libcodec2-1.2 libdav1d7 libdc1394-25 libdecor-0-0 libflac12t64 libflite1
2026-10-09T14:20:57.2890800Z   libgme0 libgsm1 libhwy1t64 libiec61883-0 libjack-jackd2-0 libjxl0.7
2026-10-09T14:20:57.2891476Z   liblapack3 liblilv-0-0 libmbedcrypto7t64 libmp3lame0 libmpg123-0t64
2026-10-09T14:20:57.2892216Z   libmysofa1 libopenal-data libopenal1 libopenmpt0t64 libopus0 libplacebo338
2026-10-09T14:20:57.2892923Z   libpocketsphinx3 libpostproc57 libpulse0 librav1e0 libraw1394-11 librist4
2026-10-09T14:20:57.2893657Z   librsvg2-2 librubberband2 libsamplerate0 libsdl2-2.0-0 libserd-0-0 libshine3
2026-10-09T14:20:57.2894665Z   libsndfile1 libsndio7.0 libsord-0-0 libsoxr0 libspeex1 libsphinxbase3t64
2026-10-09T14:20:57.2895375Z   libsratom-0-0 libsrt1.5-gnutls libssh-gcrypt-4 libsvtav1enc1d1
2026-10-09T14:20:57.2896058Z   libswresample4 libswscale7 libtheora0 libtwolame0 libudfread0 libunibreak5
2026-10-09T14:20:57.2896802Z   libva-drm2 libva-x11-2 libva2 libvdpau1 libvidstab1.1 libvorbisenc2 libvpl2
2026-10-09T14:20:57.2897530Z   libvpx9 libx264-164 libx265-199 libxcb-shape0 libxv1 libxvidcore4 libzimg2
2026-10-09T14:20:57.2899627Z   libzix-0-0 libzvbi-common libzvbi0t64 ocl-icd-libopencl1
2026-10-09T14:20:57.3074648Z 0 upgraded, 87 newly installed, 0 to remove and 23 not upgraded.
2026-10-09T14:20:57.3075155Z Need to get 62.8 MB of archives.
2026-10-09T14:20:57.3075593Z After this operation, 173 MB of additional disk space will be used.
2026-10-09T14:20:57.3076162Z Get:1 file:/etc/apt/apt-mirrors.txt Mirrorlist [144 B]
2026-10-09T14:20:57.4531624Z Get:2 http://azure.archive.ubuntu.com/ubuntu noble-updates/universe amd64 libva2 amd64 2.20.0-2ubuntu0.2 [66.4 kB]
2026-10-09T14:20:57.6730491Z Get:3 http://azure.archive.ubuntu.com/ubuntu noble-updates/universe amd64 libva-drm2 amd64 2.20.0-2ubuntu0.2 [7124 B]
2026-10-09T14:20:57.7407405Z Get:4 http://azure.archive.ubuntu.com/ubuntu noble-updates/universe amd64 libva-x11-2 amd64 2.20.0-2ubuntu0.2 [12.0 kB]
2026-10-09T14:20:57.8105616Z Get:5 http://azure.archive.ubuntu.com/ubuntu noble/main amd64 libvdpau1 amd64 1.5-2build1 [27.8 kB]
2026-10-09T14:20:57.8922050Z Get:6 http://azure.archive.ubuntu.com/ubuntu noble/universe amd64 libvpl2 amd64 2023.3.0-1build1 [99.8 kB]
2026-10-09T14:20:58.0242140Z Get:7 http://azure.archive.ubuntu.com/ubuntu noble/universe amd64 ocl-icd-libopencl1 amd64 2.3.2-1build1 [38.5 kB]
2026-10-09T14:20:58.0973992Z Get:8 http://azure.archive.ubuntu.com/ubuntu noble/universe amd64 libavutil58 amd64 7:6.1.1-3ubuntu5 [401 kB]
2026-10-09T14:20:58.2734322Z Get:9 http://azure.archive.ubuntu.com/ubuntu noble/universe amd64 libcodec2-1.2 amd64 1.2.0-2build1 [8998 kB]
2026-10-09T14:20:58.6613014Z Get:10 http://azure.archive.ubuntu.com/ubuntu noble/universe amd64 libdav1d7 amd64 1.4.1-1build1 [604 kB]
2026-10-09T14:20:58.7331669Z Get:11 http://azure.archive.ubuntu.com/ubuntu noble/universe amd64 libgsm1 amd64 1.0.22-1build1 [27.8 kB]
2026-10-09T14:20:58.7967094Z Get:12 http://azure.archive.ubuntu.com/ubuntu noble/universe amd64 libhwy1t64 amd64 1.0.7-8.1build1 [584 kB]
2026-10-09T14:20:58.8730531Z Get:13 http://azure.archive.ubuntu.com/ubuntu noble-updates/universe amd64 libjxl0.7 amd64 0.7.0-10.2ubuntu6.1 [1001 kB]
2026-10-09T14:20:58.9534205Z Get:14 http://azure.archive.ubuntu.com/ubuntu noble/main amd64 libmp3lame0 amd64 3.100-6build1 [142 kB]
2026-10-09T14:20:59.0185486Z Get:15 http://azure.archive.ubuntu.com/ubuntu noble/main amd64 libopus0 amd64 1.4-1build1 [208 kB]
2026-10-09T14:20:59.0838685Z Get:16 http://azure.archive.ubuntu.com/ubuntu noble/universe amd64 librav1e0 amd64 0.7.1-2 [1022 kB]
2026-10-09T14:20:59.1551386Z Get:17 http://azure.archive.ubuntu.com/ubuntu noble-updates/main amd64 librsvg2-2 amd64 2.58.0+dfsg-1ubuntu0.1 [2141 kB]
2026-10-09T14:20:59.2331540Z Get:18 http://azure.archive.ubuntu.com/ubuntu noble/universe amd64 libshine3 amd64 3.1.1-2build1 [23.2 kB]
2026-10-09T14:20:59.2963673Z Get:19 http://azure.archive.ubuntu.com/ubuntu noble-updates/main amd64 libspeex1 amd64 1.2.1-2ubuntu2.24.04.1 [59.6 kB]
2026-10-09T14:20:59.3611180Z Get:20 http://azure.archive.ubuntu.com/ubuntu noble/universe amd64 libsvtav1enc1d1 amd64 1.7.0+dfsg-2build1 [2425 kB]
2026-10-09T14:20:59.5012099Z Get:21 http://azure.archive.ubuntu.com/ubuntu noble/universe amd64 libsoxr0 amd64 0.1.3-4build3 [80.0 kB]
2026-10-09T14:20:59.5734177Z Get:22 http://azure.archive.ubuntu.com/ubuntu noble/universe amd64 libswresample4 amd64 7:6.1.1-3ubuntu5 [63.8 kB]
2026-10-09T14:20:59.6381229Z Get:23 http://azure.archive.ubuntu.com/ubuntu noble/main amd64 libtheora0 amd64 1.1.1+dfsg.1-16.1build3 [211 kB]
2026-10-09T14:20:59.7074269Z Get:24 http://azure.archive.ubuntu.com/ubuntu noble/main amd64 libtwolame0 amd64 0.4.0-2build3 [52.3 kB]
2026-10-09T14:20:59.7716571Z Get:25 http://azure.archive.ubuntu.com/ubuntu noble/main amd64 libvorbisenc2 amd64 1.3.7-1build3 [80.8 kB]
2026-10-09T14:20:59.8370997Z Get:26 http://azure.archive.ubuntu.com/ubuntu noble-updates/main amd64 libvpx9 amd64 1.14.0-1ubuntu2.3 [1143 kB]
2026-10-09T14:20:59.9397853Z Get:27 http://azure.archive.ubuntu.com/ubuntu noble/universe amd64 libx264-164 amd64 2:0.164.3108+git31e19f9-1 [604 kB]
2026-10-09T14:21:00.0222234Z Get:28 http://azure.archive.ubuntu.com/ubuntu noble/universe amd64 libx265-199 amd64 3.5-2build1 [1226 kB]
2026-10-09T14:21:00.1012359Z Get:29 http://azure.archive.ubuntu.com/ubuntu noble/universe amd64 libxvidcore4 amd64 2:1.3.7-1build1 [219 kB]
2026-10-09T14:21:00.1694046Z Get:30 http://azure.archive.ubuntu.com/ubuntu noble/universe amd64 libzvbi-common all 0.2.42-2 [42.4 kB]
2026-10-09T14:21:00.2342179Z Get:31 http://azure.archive.ubuntu.com/ubuntu noble/universe amd64 libzvbi0t64 amd64 0.2.42-2 [261 kB]
2026-10-09T14:21:00.3011876Z Get:32 http://azure.archive.ubuntu.com/ubuntu noble/universe amd64 libavcodec60 amd64 7:6.1.1-3ubuntu5 [5851 kB]
2026-10-09T14:21:00.4653884Z Get:33 http://azure.archive.ubuntu.com/ubuntu noble/main amd64 libraw1394-11 amd64 2.1.2-2build3 [26.2 kB]
2026-10-09T14:21:00.5300479Z Get:34 http://azure.archive.ubuntu.com/ubuntu noble/main amd64 libavc1394-0 amd64 0.5.4-5build3 [15.4 kB]
2026-10-09T14:21:00.6204869Z Get:35 http://azure.archive.ubuntu.com/ubuntu noble/universe amd64 libunibreak5 amd64 5.1-2build1 [25.0 kB]
2026-10-09T14:21:00.6884070Z Get:36 http://azure.archive.ubuntu.com/ubuntu noble/universe amd64 libass9 amd64 1:0.17.1-2build1 [104 kB]
2026-10-09T14:21:00.7722158Z Get:37 http://azure.archive.ubuntu.com/ubuntu noble/universe amd64 libudfread0 amd64 1.1.2-1build1 [19.0 kB]
2026-10-09T14:21:00.8380359Z Get:38 http://azure.archive.ubuntu.com/ubuntu noble/universe amd64 libbluray2 amd64 1:1.3.4-1build1 [159 kB]
2026-10-09T14:21:00.9321342Z Get:39 http://azure.archive.ubuntu.com/ubuntu noble/universe amd64 libchromaprint1 amd64 1.5.1-5 [30.5 kB]
2026-10-09T14:21:01.0084189Z Get:40 http://azure.archive.ubuntu.com/ubuntu noble/universe amd64 libgme0 amd64 0.6.3-7build1 [134 kB]
2026-10-09T14:21:01.0968874Z Get:41 http://azure.archive.ubuntu.com/ubuntu noble-updates/main amd64 libmpg123-0t64 amd64 1.32.5-1ubuntu1.1 [169 kB]
2026-10-09T14:21:01.1919035Z Get:42 http://azure.archive.ubuntu.com/ubuntu noble/universe amd64 libopenmpt0t64 amd64 0.7.3-1.1build3 [647 kB]
2026-10-09T14:21:01.3744943Z Get:43 http://azure.archive.ubuntu.com/ubuntu noble/universe amd64 libcjson1 amd64 1.7.17-1 [24.8 kB]
2026-10-09T14:21:01.4405854Z Get:44 http://azure.archive.ubuntu.com/ubuntu noble/universe amd64 libmbedcrypto7t64 amd64 2.28.8-1 [209 kB]
2026-10-09T14:21:01.5166353Z Get:45 http://azure.archive.ubuntu.com/ubuntu noble/universe amd64 librist4 amd64 0.2.10+dfsg-2 [74.9 kB]
2026-10-09T14:21:01.5843324Z Get:46 http://azure.archive.ubuntu.com/ubuntu noble/universe amd64 libsrt1.5-gnutls amd64 1.5.3-1build2 [316 kB]
2026-10-09T14:21:01.6725213Z Get:47 http://azure.archive.ubuntu.com/ubuntu noble-updates/main amd64 libssh-gcrypt-4 amd64 0.10.6-2ubuntu0.5 [226 kB]
2026-10-09T14:21:01.7424262Z Get:48 http://azure.archive.ubuntu.com/ubuntu noble/universe amd64 libavformat60 amd64 7:6.1.1-3ubuntu5 [1153 kB]
2026-10-09T14:21:01.8286002Z Get:49 http://azure.archive.ubuntu.com/ubuntu noble/universe amd64 libbs2b0 amd64 3.1.0+dfsg-7build1 [10.6 kB]
2026-10-09T14:21:01.8965835Z Get:50 http://azure.archive.ubuntu.com/ubuntu noble/universe amd64 libflite1 amd64 2.2-6build3 [13.6 MB]
2026-10-09T14:21:02.2348341Z Get:51 http://azure.archive.ubuntu.com/ubuntu noble/universe amd64 libserd-0-0 amd64 0.32.2-1 [43.6 kB]
2026-10-09T14:21:02.2996551Z Get:52 http://azure.archive.ubuntu.com/ubuntu noble/universe amd64 libzix-0-0 amd64 0.4.2-2build1 [23.6 kB]
2026-10-09T14:21:02.3630008Z Get:53 http://azure.archive.ubuntu.com/ubuntu noble/universe amd64 libsord-0-0 amd64 0.16.16-2build1 [15.8 kB]
2026-10-09T14:21:02.4269220Z Get:54 http://azure.archive.ubuntu.com/ubuntu noble/universe amd64 libsratom-0-0 amd64 0.6.16-1build1 [17.3 kB]
2026-10-09T14:21:02.4909082Z Get:55 http://azure.archive.ubuntu.com/ubuntu noble/universe amd64 liblilv-0-0 amd64 0.24.22-1build1 [41.0 kB]
2026-10-09T14:21:02.5596751Z Get:56 http://azure.archive.ubuntu.com/ubuntu noble/universe amd64 libmysofa1 amd64 1.3.2+dfsg-2ubuntu2 [1158 kB]
2026-10-09T14:21:02.6500637Z Get:57 http://azure.archive.ubuntu.com/ubuntu noble/universe amd64 libplacebo338 amd64 6.338.2-2build1 [2654 kB]
2026-10-09T14:21:02.8012059Z Get:58 http://azure.archive.ubuntu.com/ubuntu noble-updates/main amd64 libblas3 amd64 3.12.0-3build1.1 [238 kB]
2026-10-09T14:21:02.9093120Z Get:59 http://azure.archive.ubuntu.com/ubuntu noble-updates/main amd64 liblapack3 amd64 3.12.0-3build1.1 [2646 kB]
2026-10-09T14:21:03.0300328Z Get:60 http://azure.archive.ubuntu.com/ubuntu noble/main amd64 libasyncns0 amd64 0.8-6build4 [11.3 kB]
2026-10-09T14:21:03.1746931Z Get:61 http://azure.archive.ubuntu.com/ubuntu noble/main amd64 libflac12t64 amd64 1.4.3+ds-2.1ubuntu2 [197 kB]
2026-10-09T14:21:03.2712374Z Get:62 http://azure.archive.ubuntu.com/ubuntu noble-updates/main amd64 libsndfile1 amd64 1.2.2-1ubuntu5.24.04.1 [209 kB]
2026-10-09T14:21:03.3817689Z Get:63 http://azure.archive.ubuntu.com/ubuntu noble-updates/main amd64 libpulse0 amd64 1:16.1+dfsg1-2ubuntu10.1 [292 kB]
2026-10-09T14:21:03.5159496Z Get:64 http://azure.archive.ubuntu.com/ubuntu noble/universe amd64 libsphinxbase3t64 amd64 0.8+5prealpha+1-17build2 [126 kB]
2026-10-09T14:21:03.6268351Z Get:65 http://azure.archive.ubuntu.com/ubuntu noble/universe amd64 libpocketsphinx3 amd64 0.8.0+real5prealpha+1-15ubuntu5 [133 kB]
2026-10-09T14:21:03.7389797Z Get:66 http://azure.archive.ubuntu.com/ubuntu noble/universe amd64 libpostproc57 amd64 7:6.1.1-3ubuntu5 [49.9 kB]
2026-10-09T14:21:03.8253834Z Get:67 http://azure.archive.ubuntu.com/ubuntu noble/main amd64 libsamplerate0 amd64 0.2.2-4build1 [1344 kB]
2026-10-09T14:21:03.9045033Z Get:68 http://azure.archive.ubuntu.com/ubuntu noble/universe amd64 librubberband2 amd64 3.3.0+dfsg-2build1 [130 kB]
2026-10-09T14:21:03.9855199Z Get:69 http://azure.archive.ubuntu.com/ubuntu noble/universe amd64 libswscale7 amd64 7:6.1.1-3ubuntu5 [193 kB]
2026-10-09T14:21:04.0589586Z Get:70 http://azure.archive.ubuntu.com/ubuntu noble/universe amd64 libvidstab1.1 amd64 1.1.0-2build1 [38.5 kB]
2026-10-09T14:21:04.1246766Z Get:71 http://azure.archive.ubuntu.com/ubuntu noble/universe amd64 libzimg2 amd64 3.0.5+ds1-1build1 [254 kB]
2026-10-09T14:21:04.2313727Z Get:72 http://azure.archive.ubuntu.com/ubuntu noble/universe amd64 libavfilter9 amd64 7:6.1.1-3ubuntu5 [4235 kB]
2026-10-09T14:21:04.3828935Z Get:73 http://azure.archive.ubuntu.com/ubuntu noble-updates/main amd64 libcaca0 amd64 0.99.beta20-4ubuntu0.2 [209 kB]
2026-10-09T14:21:04.4522758Z Get:74 http://azure.archive.ubuntu.com/ubuntu noble-updates/main amd64 libcdio19t64 amd64 2.1.0-4.1ubuntu1.2 [62.4 kB]
2026-10-09T14:21:04.5174984Z Get:75 http://azure.archive.ubuntu.com/ubuntu noble/main amd64 libcdio-cdda2t64 amd64 10.2+2.0.1-1.1build2 [16.5 kB]
2026-10-09T14:21:04.5823682Z Get:76 http://azure.archive.ubuntu.com/ubuntu noble/main amd64 libcdio-paranoia2t64 amd64 10.2+2.0.1-1.1build2 [16.6 kB]
2026-10-09T14:21:04.6470190Z Get:77 http://azure.archive.ubuntu.com/ubuntu noble/universe amd64 libdc1394-25 amd64 2.2.6-4build1 [90.1 kB]
2026-10-09T14:21:04.7129336Z Get:78 http://azure.archive.ubuntu.com/ubuntu noble/main amd64 libiec61883-0 amd64 1.2.0-6build1 [24.5 kB]
2026-10-09T14:21:04.7779905Z Get:79 http://azure.archive.ubuntu.com/ubuntu noble/main amd64 libjack-jackd2-0 amd64 1.9.21~dfsg-3ubuntu3 [289 kB]
2026-10-09T14:21:04.8478657Z Get:80 http://azure.archive.ubuntu.com/ubuntu noble/universe amd64 libopenal-data all 1:1.23.1-4build1 [161 kB]
2026-10-09T14:21:04.9167827Z Get:81 http://azure.archive.ubuntu.com/ubuntu noble/universe amd64 libsndio7.0 amd64 1.9.0-0.3build3 [29.6 kB]
2026-10-09T14:21:04.9823053Z Get:82 http://azure.archive.ubuntu.com/ubuntu noble/universe amd64 libopenal1 amd64 1:1.23.1-4build1 [540 kB]
2026-10-09T14:21:05.0562217Z Get:83 http://azure.archive.ubuntu.com/ubuntu noble/main amd64 libdecor-0-0 amd64 0.2.2-1build2 [16.5 kB]
2026-10-09T14:21:05.1207126Z Get:84 http://azure.archive.ubuntu.com/ubuntu noble-updates/main amd64 libsdl2-2.0-0 amd64 2.30.0+dfsg-1ubuntu3.1 [686 kB]
2026-10-09T14:21:05.1984929Z Get:85 http://azure.archive.ubuntu.com/ubuntu noble/main amd64 libxcb-shape0 amd64 1.15-1ubuntu2 [6100 B]
2026-10-09T14:21:05.2628424Z Get:86 http://azure.archive.ubuntu.com/ubuntu noble/main amd64 libxv1 amd64 2:1.0.11-1.1build1 [10.7 kB]
2026-10-09T14:21:05.3274331Z Get:87 http://azure.archive.ubuntu.com/ubuntu noble/universe amd64 libavdevice60 amd64 7:6.1.1-3ubuntu5 [82.3 kB]
2026-10-09T14:21:05.3928913Z Get:88 http://azure.archive.ubuntu.com/ubuntu noble/universe amd64 ffmpeg amd64 7:6.1.1-3ubuntu5 [1879 kB]
2026-10-09T14:21:05.7089412Z Fetched 62.8 MB in 8s (7727 kB/s)
2026-10-09T14:21:05.7380993Z Selecting previously unselected package libva2:amd64.
2026-10-09T14:21:05.9761251Z (Reading database ... 
2026-10-09T14:21:05.9761724Z (Reading database ... 5%
2026-10-09T14:21:05.9762428Z (Reading database ... 10%
2026-10-09T14:21:05.9762669Z (Reading database ... 15%
2026-10-09T14:21:05.9762871Z (Reading database ... 20%
2026-10-09T14:21:05.9763065Z (Reading database ... 25%
2026-10-09T14:21:05.9763249Z (Reading database ... 30%
2026-10-09T14:21:05.9763444Z (Reading database ... 35%
2026-10-09T14:21:05.9763625Z (Reading database ... 40%
2026-10-09T14:21:05.9763810Z (Reading database ... 45%
2026-10-09T14:21:05.9763990Z (Reading database ... 50%
2026-10-09T14:21:06.0016124Z (Reading database ... 55%
2026-10-09T14:21:06.1000025Z (Reading database ... 60%
2026-10-09T14:21:06.2198200Z (Reading database ... 65%
2026-10-09T14:21:06.4472446Z (Reading database ... 70%
2026-10-09T14:21:06.6886145Z (Reading database ... 75%
2026-10-09T14:21:06.8364050Z (Reading database ... 80%
2026-10-09T14:21:07.1827809Z (Reading database ... 85%
2026-10-09T14:21:07.2417107Z (Reading database ... 90%
2026-10-09T14:21:07.3466982Z (Reading database ... 95%
2026-10-09T14:21:07.3467330Z (Reading database ... 100%
2026-10-09T14:21:07.3467785Z (Reading database ... 203191 files and directories currently installed.)
2026-10-09T14:21:07.3510643Z Preparing to unpack .../00-libva2_2.20.0-2ubuntu0.2_amd64.deb ...
2026-10-09T14:21:07.3535576Z Unpacking libva2:amd64 (2.20.0-2ubuntu0.2) ...
2026-10-09T14:21:07.4130004Z Selecting previously unselected package libva-drm2:amd64.
2026-10-09T14:21:07.4243749Z Preparing to unpack .../01-libva-drm2_2.20.0-2ubuntu0.2_amd64.deb ...
2026-10-09T14:21:07.4251633Z Unpacking libva-drm2:amd64 (2.20.0-2ubuntu0.2) ...
2026-10-09T14:21:07.4424674Z Selecting previously unselected package libva-x11-2:amd64.
2026-10-09T14:21:07.4538690Z Preparing to unpack .../02-libva-x11-2_2.20.0-2ubuntu0.2_amd64.deb ...
2026-10-09T14:21:07.4545982Z Unpacking libva-x11-2:amd64 (2.20.0-2ubuntu0.2) ...
2026-10-09T14:21:07.4718683Z Selecting previously unselected package libvdpau1:amd64.
2026-10-09T14:21:07.4831941Z Preparing to unpack .../03-libvdpau1_1.5-2build1_amd64.deb ...
2026-10-09T14:21:07.4838434Z Unpacking libvdpau1:amd64 (1.5-2build1) ...
2026-10-09T14:21:07.6418272Z Selecting previously unselected package libvpl2.
2026-10-09T14:21:07.6535319Z Preparing to unpack .../04-libvpl2_2023.3.0-1build1_amd64.deb ...
2026-10-09T14:21:07.6541742Z Unpacking libvpl2 (2023.3.0-1build1) ...
2026-10-09T14:21:07.6726491Z Selecting previously unselected package ocl-icd-libopencl1:amd64.
2026-10-09T14:21:07.6839052Z Preparing to unpack .../05-ocl-icd-libopencl1_2.3.2-1build1_amd64.deb ...
2026-10-09T14:21:07.6845450Z Unpacking ocl-icd-libopencl1:amd64 (2.3.2-1build1) ...
2026-10-09T14:21:07.7051463Z Selecting previously unselected package libavutil58:amd64.
2026-10-09T14:21:07.7163677Z Preparing to unpack .../06-libavutil58_7%3a6.1.1-3ubuntu5_amd64.deb ...
2026-10-09T14:21:07.7169945Z Unpacking libavutil58:amd64 (7:6.1.1-3ubuntu5) ...
2026-10-09T14:21:07.7377772Z Selecting previously unselected package libcodec2-1.2:amd64.
2026-10-09T14:21:07.7491012Z Preparing to unpack .../07-libcodec2-1.2_1.2.0-2build1_amd64.deb ...
2026-10-09T14:21:07.7497348Z Unpacking libcodec2-1.2:amd64 (1.2.0-2build1) ...
2026-10-09T14:21:07.8826993Z Selecting previously unselected package libdav1d7:amd64.
2026-10-09T14:21:07.8940611Z Preparing to unpack .../08-libdav1d7_1.4.1-1build1_amd64.deb ...
2026-10-09T14:21:07.8947408Z Unpacking libdav1d7:amd64 (1.4.1-1build1) ...
2026-10-09T14:21:08.0025325Z Selecting previously unselected package libgsm1:amd64.
2026-10-09T14:21:08.0140115Z Preparing to unpack .../09-libgsm1_1.0.22-1build1_amd64.deb ...
2026-10-09T14:21:08.0146775Z Unpacking libgsm1:amd64 (1.0.22-1build1) ...
2026-10-09T14:21:08.0329133Z Selecting previously unselected package libhwy1t64:amd64.
2026-10-09T14:21:08.0443025Z Preparing to unpack .../10-libhwy1t64_1.0.7-8.1build1_amd64.deb ...
2026-10-09T14:21:08.0449561Z Unpacking libhwy1t64:amd64 (1.0.7-8.1build1) ...
2026-10-09T14:21:08.0872467Z Selecting previously unselected package libjxl0.7:amd64.
2026-10-09T14:21:08.0983134Z Preparing to unpack .../11-libjxl0.7_0.7.0-10.2ubuntu6.1_amd64.deb ...
2026-10-09T14:21:08.0989623Z Unpacking libjxl0.7:amd64 (0.7.0-10.2ubuntu6.1) ...
2026-10-09T14:21:08.1334672Z Selecting previously unselected package libmp3lame0:amd64.
2026-10-09T14:21:08.1447149Z Preparing to unpack .../12-libmp3lame0_3.100-6build1_amd64.deb ...
2026-10-09T14:21:08.1458195Z Unpacking libmp3lame0:amd64 (3.100-6build1) ...
2026-10-09T14:21:08.1661410Z Selecting previously unselected package libopus0:amd64.
2026-10-09T14:21:08.1773264Z Preparing to unpack .../13-libopus0_1.4-1build1_amd64.deb ...
2026-10-09T14:21:08.1779177Z Unpacking libopus0:amd64 (1.4-1build1) ...
2026-10-09T14:21:08.1978290Z Selecting previously unselected package librav1e0:amd64.
2026-10-09T14:21:08.2089795Z Preparing to unpack .../14-librav1e0_0.7.1-2_amd64.deb ...
2026-10-09T14:21:08.2095885Z Unpacking librav1e0:amd64 (0.7.1-2) ...
2026-10-09T14:21:08.2434570Z Selecting previously unselected package librsvg2-2:amd64.
2026-10-09T14:21:08.2548043Z Preparing to unpack .../15-librsvg2-2_2.58.0+dfsg-1ubuntu0.1_amd64.deb ...
2026-10-09T14:21:08.2614611Z Unpacking librsvg2-2:amd64 (2.58.0+dfsg-1ubuntu0.1) ...
2026-10-09T14:21:08.3229311Z Selecting previously unselected package libshine3:amd64.
2026-10-09T14:21:08.3341511Z Preparing to unpack .../16-libshine3_3.1.1-2build1_amd64.deb ...
2026-10-09T14:21:08.3347261Z Unpacking libshine3:amd64 (3.1.1-2build1) ...
2026-10-09T14:21:08.3522348Z Selecting previously unselected package libspeex1:amd64.
2026-10-09T14:21:08.3634306Z Preparing to unpack .../17-libspeex1_1.2.1-2ubuntu2.24.04.1_amd64.deb ...
2026-10-09T14:21:08.3640101Z Unpacking libspeex1:amd64 (1.2.1-2ubuntu2.24.04.1) ...
2026-10-09T14:21:08.3808534Z Selecting previously unselected package libsvtav1enc1d1:amd64.
2026-10-09T14:21:08.3919853Z Preparing to unpack .../18-libsvtav1enc1d1_1.7.0+dfsg-2build1_amd64.deb ...
2026-10-09T14:21:08.3926260Z Unpacking libsvtav1enc1d1:amd64 (1.7.0+dfsg-2build1) ...
2026-10-09T14:21:08.4740352Z Selecting previously unselected package libsoxr0:amd64.
2026-10-09T14:21:08.4853724Z Preparing to unpack .../19-libsoxr0_0.1.3-4build3_amd64.deb ...
2026-10-09T14:21:08.4859607Z Unpacking libsoxr0:amd64 (0.1.3-4build3) ...
2026-10-09T14:21:08.5035183Z Selecting previously unselected package libswresample4:amd64.
2026-10-09T14:21:08.5146274Z Preparing to unpack .../20-libswresample4_7%3a6.1.1-3ubuntu5_amd64.deb ...
2026-10-09T14:21:08.5152579Z Unpacking libswresample4:amd64 (7:6.1.1-3ubuntu5) ...
2026-10-09T14:21:08.5371269Z Selecting previously unselected package libtheora0:amd64.
2026-10-09T14:21:08.5484331Z Preparing to unpack .../21-libtheora0_1.1.1+dfsg.1-16.1build3_amd64.deb ...
2026-10-09T14:21:08.5491105Z Unpacking libtheora0:amd64 (1.1.1+dfsg.1-16.1build3) ...
2026-10-09T14:21:08.6426857Z Selecting previously unselected package libtwolame0:amd64.
2026-10-09T14:21:08.6538851Z Preparing to unpack .../22-libtwolame0_0.4.0-2build3_amd64.deb ...
2026-10-09T14:21:08.6545627Z Unpacking libtwolame0:amd64 (0.4.0-2build3) ...
2026-10-09T14:21:08.6721206Z Selecting previously unselected package libvorbisenc2:amd64.
2026-10-09T14:21:08.6832528Z Preparing to unpack .../23-libvorbisenc2_1.3.7-1build3_amd64.deb ...
2026-10-09T14:21:08.6838959Z Unpacking libvorbisenc2:amd64 (1.3.7-1build3) ...
2026-10-09T14:21:08.7022967Z Selecting previously unselected package libvpx9:amd64.
2026-10-09T14:21:08.7133728Z Preparing to unpack .../24-libvpx9_1.14.0-1ubuntu2.3_amd64.deb ...
2026-10-09T14:21:08.7140059Z Unpacking libvpx9:amd64 (1.14.0-1ubuntu2.3) ...
2026-10-09T14:21:08.7461874Z Selecting previously unselected package libx264-164:amd64.
2026-10-09T14:21:08.7573463Z Preparing to unpack .../25-libx264-164_2%3a0.164.3108+git31e19f9-1_amd64.deb ...
2026-10-09T14:21:08.7579523Z Unpacking libx264-164:amd64 (2:0.164.3108+git31e19f9-1) ...
2026-10-09T14:21:08.7863891Z Selecting previously unselected package libx265-199:amd64.
2026-10-09T14:21:08.7976514Z Preparing to unpack .../26-libx265-199_3.5-2build1_amd64.deb ...
2026-10-09T14:21:08.7982752Z Unpacking libx265-199:amd64 (3.5-2build1) ...
2026-10-09T14:21:08.9168762Z Selecting previously unselected package libxvidcore4:amd64.
2026-10-09T14:21:08.9280373Z Preparing to unpack .../27-libxvidcore4_2%3a1.3.7-1build1_amd64.deb ...
2026-10-09T14:21:08.9286304Z Unpacking libxvidcore4:amd64 (2:1.3.7-1build1) ...
2026-10-09T14:21:08.9466831Z Selecting previously unselected package libzvbi-common.
2026-10-09T14:21:08.9578963Z Preparing to unpack .../28-libzvbi-common_0.2.42-2_all.deb ...
2026-10-09T14:21:08.9585520Z Unpacking libzvbi-common (0.2.42-2) ...
2026-10-09T14:21:08.9819565Z Selecting previously unselected package libzvbi0t64:amd64.
2026-10-09T14:21:08.9930462Z Preparing to unpack .../29-libzvbi0t64_0.2.42-2_amd64.deb ...
2026-10-09T14:21:08.9936488Z Unpacking libzvbi0t64:amd64 (0.2.42-2) ...
2026-10-09T14:21:09.0134246Z Selecting previously unselected package libavcodec60:amd64.
2026-10-09T14:21:09.0246099Z Preparing to unpack .../30-libavcodec60_7%3a6.1.1-3ubuntu5_amd64.deb ...
2026-10-09T14:21:09.0252212Z Unpacking libavcodec60:amd64 (7:6.1.1-3ubuntu5) ...
2026-10-09T14:21:09.1661463Z Selecting previously unselected package libraw1394-11:amd64.
2026-10-09T14:21:09.1773179Z Preparing to unpack .../31-libraw1394-11_2.1.2-2build3_amd64.deb ...
2026-10-09T14:21:09.1779219Z Unpacking libraw1394-11:amd64 (2.1.2-2build3) ...
2026-10-09T14:21:09.1946870Z Selecting previously unselected package libavc1394-0:amd64.
2026-10-09T14:21:09.2058524Z Preparing to unpack .../32-libavc1394-0_0.5.4-5build3_amd64.deb ...
2026-10-09T14:21:09.2064480Z Unpacking libavc1394-0:amd64 (0.5.4-5build3) ...
2026-10-09T14:21:09.2232400Z Selecting previously unselected package libunibreak5:amd64.
2026-10-09T14:21:09.2344945Z Preparing to unpack .../33-libunibreak5_5.1-2build1_amd64.deb ...
2026-10-09T14:21:09.2351135Z Unpacking libunibreak5:amd64 (5.1-2build1) ...
2026-10-09T14:21:09.2525707Z Selecting previously unselected package libass9:amd64.
2026-10-09T14:21:09.2637406Z Preparing to unpack .../34-libass9_1%3a0.17.1-2build1_amd64.deb ...
2026-10-09T14:21:09.2643462Z Unpacking libass9:amd64 (1:0.17.1-2build1) ...
2026-10-09T14:21:09.3006980Z Selecting previously unselected package libudfread0:amd64.
2026-10-09T14:21:09.3119737Z Preparing to unpack .../35-libudfread0_1.1.2-1build1_amd64.deb ...
2026-10-09T14:21:09.3126967Z Unpacking libudfread0:amd64 (1.1.2-1build1) ...
2026-10-09T14:21:09.3300828Z Selecting previously unselected package libbluray2:amd64.
2026-10-09T14:21:09.3412531Z Preparing to unpack .../36-libbluray2_1%3a1.3.4-1build1_amd64.deb ...
2026-10-09T14:21:09.3419506Z Unpacking libbluray2:amd64 (1:1.3.4-1build1) ...
2026-10-09T14:21:09.3604292Z Selecting previously unselected package libchromaprint1:amd64.
2026-10-09T14:21:09.3715566Z Preparing to unpack .../37-libchromaprint1_1.5.1-5_amd64.deb ...
2026-10-09T14:21:09.3722405Z Unpacking libchromaprint1:amd64 (1.5.1-5) ...
2026-10-09T14:21:09.3900483Z Selecting previously unselected package libgme0:amd64.
2026-10-09T14:21:09.4014136Z Preparing to unpack .../38-libgme0_0.6.3-7build1_amd64.deb ...
2026-10-09T14:21:09.4020829Z Unpacking libgme0:amd64 (0.6.3-7build1) ...
2026-10-09T14:21:09.4207743Z Selecting previously unselected package libmpg123-0t64:amd64.
2026-10-09T14:21:09.4321769Z Preparing to unpack .../39-libmpg123-0t64_1.32.5-1ubuntu1.1_amd64.deb ...
2026-10-09T14:21:09.4329273Z Unpacking libmpg123-0t64:amd64 (1.32.5-1ubuntu1.1) ...
2026-10-09T14:21:09.4539105Z Selecting previously unselected package libopenmpt0t64:amd64.
2026-10-09T14:21:09.4654144Z Preparing to unpack .../40-libopenmpt0t64_0.7.3-1.1build3_amd64.deb ...
2026-10-09T14:21:09.4661608Z Unpacking libopenmpt0t64:amd64 (0.7.3-1.1build3) ...
2026-10-09T14:21:09.4898474Z Selecting previously unselected package libcjson1:amd64.
2026-10-09T14:21:09.5013054Z Preparing to unpack .../41-libcjson1_1.7.17-1_amd64.deb ...
2026-10-09T14:21:09.5019865Z Unpacking libcjson1:amd64 (1.7.17-1) ...
2026-10-09T14:21:09.5201017Z Selecting previously unselected package libmbedcrypto7t64:amd64.
2026-10-09T14:21:09.5313850Z Preparing to unpack .../42-libmbedcrypto7t64_2.28.8-1_amd64.deb ...
2026-10-09T14:21:09.5321647Z Unpacking libmbedcrypto7t64:amd64 (2.28.8-1) ...
2026-10-09T14:21:09.5518944Z Selecting previously unselected package librist4:amd64.
2026-10-09T14:21:09.5632572Z Preparing to unpack .../43-librist4_0.2.10+dfsg-2_amd64.deb ...
2026-10-09T14:21:09.5638555Z Unpacking librist4:amd64 (0.2.10+dfsg-2) ...
2026-10-09T14:21:09.5815834Z Selecting previously unselected package libsrt1.5-gnutls:amd64.
2026-10-09T14:21:09.5927909Z Preparing to unpack .../44-libsrt1.5-gnutls_1.5.3-1build2_amd64.deb ...
2026-10-09T14:21:09.5934833Z Unpacking libsrt1.5-gnutls:amd64 (1.5.3-1build2) ...
2026-10-09T14:21:09.6137089Z Selecting previously unselected package libssh-gcrypt-4:amd64.
2026-10-09T14:21:09.6249392Z Preparing to unpack .../45-libssh-gcrypt-4_0.10.6-2ubuntu0.5_amd64.deb ...
2026-10-09T14:21:09.6255882Z Unpacking libssh-gcrypt-4:amd64 (0.10.6-2ubuntu0.5) ...
2026-10-09T14:21:09.6453049Z Selecting previously unselected package libavformat60:amd64.
2026-10-09T14:21:09.6564686Z Preparing to unpack .../46-libavformat60_7%3a6.1.1-3ubuntu5_amd64.deb ...
2026-10-09T14:21:09.6571435Z Unpacking libavformat60:amd64 (7:6.1.1-3ubuntu5) ...
2026-10-09T14:21:09.6929012Z Selecting previously unselected package libbs2b0:amd64.
2026-10-09T14:21:09.7046887Z Preparing to unpack .../47-libbs2b0_3.1.0+dfsg-7build1_amd64.deb ...
2026-10-09T14:21:09.7053473Z Unpacking libbs2b0:amd64 (3.1.0+dfsg-7build1) ...
2026-10-09T14:21:09.8843420Z Selecting previously unselected package libflite1:amd64.
2026-10-09T14:21:09.8957650Z Preparing to unpack .../48-libflite1_2.2-6build3_amd64.deb ...
2026-10-09T14:21:09.8964520Z Unpacking libflite1:amd64 (2.2-6build3) ...
2026-10-09T14:21:10.1043689Z Selecting previously unselected package libserd-0-0:amd64.
2026-10-09T14:21:10.1156932Z Preparing to unpack .../49-libserd-0-0_0.32.2-1_amd64.deb ...
2026-10-09T14:21:10.1193671Z Unpacking libserd-0-0:amd64 (0.32.2-1) ...
2026-10-09T14:21:10.1404912Z Selecting previously unselected package libzix-0-0:amd64.
2026-10-09T14:21:10.1517804Z Preparing to unpack .../50-libzix-0-0_0.4.2-2build1_amd64.deb ...
2026-10-09T14:21:10.1525392Z Unpacking libzix-0-0:amd64 (0.4.2-2build1) ...
2026-10-09T14:21:10.1695918Z Selecting previously unselected package libsord-0-0:amd64.
2026-10-09T14:21:10.1808126Z Preparing to unpack .../51-libsord-0-0_0.16.16-2build1_amd64.deb ...
2026-10-09T14:21:10.1814654Z Unpacking libsord-0-0:amd64 (0.16.16-2build1) ...
2026-10-09T14:21:10.1985172Z Selecting previously unselected package libsratom-0-0:amd64.
2026-10-09T14:21:10.2097046Z Preparing to unpack .../52-libsratom-0-0_0.6.16-1build1_amd64.deb ...
2026-10-09T14:21:10.2104573Z Unpacking libsratom-0-0:amd64 (0.6.16-1build1) ...
2026-10-09T14:21:10.2277674Z Selecting previously unselected package liblilv-0-0:amd64.
2026-10-09T14:21:10.2390055Z Preparing to unpack .../53-liblilv-0-0_0.24.22-1build1_amd64.deb ...
2026-10-09T14:21:10.2397408Z Unpacking liblilv-0-0:amd64 (0.24.22-1build1) ...
2026-10-09T14:21:10.2746901Z Selecting previously unselected package libmysofa1:amd64.
2026-10-09T14:21:10.2861909Z Preparing to unpack .../54-libmysofa1_1.3.2+dfsg-2ubuntu2_amd64.deb ...
2026-10-09T14:21:10.2869578Z Unpacking libmysofa1:amd64 (1.3.2+dfsg-2ubuntu2) ...
2026-10-09T14:21:10.3077900Z Selecting previously unselected package libplacebo338:amd64.
2026-10-09T14:21:10.3190607Z Preparing to unpack .../55-libplacebo338_6.338.2-2build1_amd64.deb ...
2026-10-09T14:21:10.3197784Z Unpacking libplacebo338:amd64 (6.338.2-2build1) ...
2026-10-09T14:21:10.4557387Z Selecting previously unselected package libblas3:amd64.
2026-10-09T14:21:10.4671388Z Preparing to unpack .../56-libblas3_3.12.0-3build1.1_amd64.deb ...
2026-10-09T14:21:10.4699187Z Unpacking libblas3:amd64 (3.12.0-3build1.1) ...
2026-10-09T14:21:10.5712949Z Selecting previously unselected package liblapack3:amd64.
2026-10-09T14:21:10.5825612Z Preparing to unpack .../57-liblapack3_3.12.0-3build1.1_amd64.deb ...
2026-10-09T14:21:10.5852072Z Unpacking liblapack3:amd64 (3.12.0-3build1.1) ...
2026-10-09T14:21:10.6519576Z Selecting previously unselected package libasyncns0:amd64.
2026-10-09T14:21:10.6631140Z Preparing to unpack .../58-libasyncns0_0.8-6build4_amd64.deb ...
2026-10-09T14:21:10.6637257Z Unpacking libasyncns0:amd64 (0.8-6build4) ...
2026-10-09T14:21:10.6806943Z Selecting previously unselected package libflac12t64:amd64.
2026-10-09T14:21:10.6917816Z Preparing to unpack .../59-libflac12t64_1.4.3+ds-2.1ubuntu2_amd64.deb ...
2026-10-09T14:21:10.6924821Z Unpacking libflac12t64:amd64 (1.4.3+ds-2.1ubuntu2) ...
2026-10-09T14:21:10.7132366Z Selecting previously unselected package libsndfile1:amd64.
2026-10-09T14:21:10.7243943Z Preparing to unpack .../60-libsndfile1_1.2.2-1ubuntu5.24.04.1_amd64.deb ...
2026-10-09T14:21:10.7250907Z Unpacking libsndfile1:amd64 (1.2.2-1ubuntu5.24.04.1) ...
2026-10-09T14:21:10.7456259Z Selecting previously unselected package libpulse0:amd64.
2026-10-09T14:21:10.7570417Z Preparing to unpack .../61-libpulse0_1%3a16.1+dfsg1-2ubuntu10.1_amd64.deb ...
2026-10-09T14:21:10.7631546Z Unpacking libpulse0:amd64 (1:16.1+dfsg1-2ubuntu10.1) ...
2026-10-09T14:21:10.8178018Z Selecting previously unselected package libsphinxbase3t64:amd64.
2026-10-09T14:21:10.8290092Z Preparing to unpack .../62-libsphinxbase3t64_0.8+5prealpha+1-17build2_amd64.deb ...
2026-10-09T14:21:10.8297623Z Unpacking libsphinxbase3t64:amd64 (0.8+5prealpha+1-17build2) ...
2026-10-09T14:21:10.8483076Z Selecting previously unselected package libpocketsphinx3:amd64.
2026-10-09T14:21:10.8596789Z Preparing to unpack .../63-libpocketsphinx3_0.8.0+real5prealpha+1-15ubuntu5_amd64.deb ...
2026-10-09T14:21:10.8603244Z Unpacking libpocketsphinx3:amd64 (0.8.0+real5prealpha+1-15ubuntu5) ...
2026-10-09T14:21:10.8784558Z Selecting previously unselected package libpostproc57:amd64.
2026-10-09T14:21:10.8897687Z Preparing to unpack .../64-libpostproc57_7%3a6.1.1-3ubuntu5_amd64.deb ...
2026-10-09T14:21:10.8904619Z Unpacking libpostproc57:amd64 (7:6.1.1-3ubuntu5) ...
2026-10-09T14:21:10.9084828Z Selecting previously unselected package libsamplerate0:amd64.
2026-10-09T14:21:10.9197801Z Preparing to unpack .../65-libsamplerate0_0.2.2-4build1_amd64.deb ...
2026-10-09T14:21:10.9203709Z Unpacking libsamplerate0:amd64 (0.2.2-4build1) ...
2026-10-09T14:21:10.9420572Z Selecting previously unselected package librubberband2:amd64.
2026-10-09T14:21:10.9533225Z Preparing to unpack .../66-librubberband2_3.3.0+dfsg-2build1_amd64.deb ...
2026-10-09T14:21:10.9539575Z Unpacking librubberband2:amd64 (3.3.0+dfsg-2build1) ...
2026-10-09T14:21:10.9768157Z Selecting previously unselected package libswscale7:amd64.
2026-10-09T14:21:10.9887000Z Preparing to unpack .../67-libswscale7_7%3a6.1.1-3ubuntu5_amd64.deb ...
2026-10-09T14:21:10.9893343Z Unpacking libswscale7:amd64 (7:6.1.1-3ubuntu5) ...
2026-10-09T14:21:11.0090614Z Selecting previously unselected package libvidstab1.1:amd64.
2026-10-09T14:21:11.0207960Z Preparing to unpack .../68-libvidstab1.1_1.1.0-2build1_amd64.deb ...
2026-10-09T14:21:11.0214635Z Unpacking libvidstab1.1:amd64 (1.1.0-2build1) ...
2026-10-09T14:21:11.0389279Z Selecting previously unselected package libzimg2:amd64.
2026-10-09T14:21:11.0500864Z Preparing to unpack .../69-libzimg2_3.0.5+ds1-1build1_amd64.deb ...
2026-10-09T14:21:11.0506522Z Unpacking libzimg2:amd64 (3.0.5+ds1-1build1) ...
2026-10-09T14:21:11.0703871Z Selecting previously unselected package libavfilter9:amd64.
2026-10-09T14:21:11.0815398Z Preparing to unpack .../70-libavfilter9_7%3a6.1.1-3ubuntu5_amd64.deb ...
2026-10-09T14:21:11.0822626Z Unpacking libavfilter9:amd64 (7:6.1.1-3ubuntu5) ...
2026-10-09T14:21:11.2149878Z Selecting previously unselected package libcaca0:amd64.
2026-10-09T14:21:11.2261290Z Preparing to unpack .../71-libcaca0_0.99.beta20-4ubuntu0.2_amd64.deb ...
2026-10-09T14:21:11.2268630Z Unpacking libcaca0:amd64 (0.99.beta20-4ubuntu0.2) ...
2026-10-09T14:21:11.2473976Z Selecting previously unselected package libcdio19t64:amd64.
2026-10-09T14:21:11.2587129Z Preparing to unpack .../72-libcdio19t64_2.1.0-4.1ubuntu1.2_amd64.deb ...
2026-10-09T14:21:11.2593853Z Unpacking libcdio19t64:amd64 (2.1.0-4.1ubuntu1.2) ...
2026-10-09T14:21:11.2775606Z Selecting previously unselected package libcdio-cdda2t64:amd64.
2026-10-09T14:21:11.2887620Z Preparing to unpack .../73-libcdio-cdda2t64_10.2+2.0.1-1.1build2_amd64.deb ...
2026-10-09T14:21:11.2894885Z Unpacking libcdio-cdda2t64:amd64 (10.2+2.0.1-1.1build2) ...
2026-10-09T14:21:11.3346393Z Selecting previously unselected package libcdio-paranoia2t64:amd64.
2026-10-09T14:21:11.3460878Z Preparing to unpack .../74-libcdio-paranoia2t64_10.2+2.0.1-1.1build2_amd64.deb ...
2026-10-09T14:21:11.3467675Z Unpacking libcdio-paranoia2t64:amd64 (10.2+2.0.1-1.1build2) ...
2026-10-09T14:21:11.4153817Z Selecting previously unselected package libdc1394-25:amd64.
2026-10-09T14:21:11.4265197Z Preparing to unpack .../75-libdc1394-25_2.2.6-4build1_amd64.deb ...
2026-10-09T14:21:11.4271938Z Unpacking libdc1394-25:amd64 (2.2.6-4build1) ...
2026-10-09T14:21:11.4450072Z Selecting previously unselected package libiec61883-0:amd64.
2026-10-09T14:21:11.4561567Z Preparing to unpack .../76-libiec61883-0_1.2.0-6build1_amd64.deb ...
2026-10-09T14:21:11.4567797Z Unpacking libiec61883-0:amd64 (1.2.0-6build1) ...
2026-10-09T14:21:11.4735784Z Selecting previously unselected package libjack-jackd2-0:amd64.
2026-10-09T14:21:11.4846583Z Preparing to unpack .../77-libjack-jackd2-0_1.9.21~dfsg-3ubuntu3_amd64.deb ...
2026-10-09T14:21:11.4853199Z Unpacking libjack-jackd2-0:amd64 (1.9.21~dfsg-3ubuntu3) ...
2026-10-09T14:21:11.5055958Z Selecting previously unselected package libopenal-data.
2026-10-09T14:21:11.5166367Z Preparing to unpack .../78-libopenal-data_1%3a1.23.1-4build1_all.deb ...
2026-10-09T14:21:11.5173279Z Unpacking libopenal-data (1:1.23.1-4build1) ...
2026-10-09T14:21:11.5363909Z Selecting previously unselected package libsndio7.0:amd64.
2026-10-09T14:21:11.5475463Z Preparing to unpack .../79-libsndio7.0_1.9.0-0.3build3_amd64.deb ...
2026-10-09T14:21:11.5481828Z Unpacking libsndio7.0:amd64 (1.9.0-0.3build3) ...
2026-10-09T14:21:11.5919269Z Selecting previously unselected package libopenal1:amd64.
2026-10-09T14:21:11.6031019Z Preparing to unpack .../80-libopenal1_1%3a1.23.1-4build1_amd64.deb ...
2026-10-09T14:21:11.6037919Z Unpacking libopenal1:amd64 (1:1.23.1-4build1) ...
2026-10-09T14:21:11.6266912Z Selecting previously unselected package libdecor-0-0:amd64.
2026-10-09T14:21:11.6378128Z Preparing to unpack .../81-libdecor-0-0_0.2.2-1build2_amd64.deb ...
2026-10-09T14:21:11.6384763Z Unpacking libdecor-0-0:amd64 (0.2.2-1build2) ...
2026-10-09T14:21:11.6552859Z Selecting previously unselected package libsdl2-2.0-0:amd64.
2026-10-09T14:21:11.6664203Z Preparing to unpack .../82-libsdl2-2.0-0_2.30.0+dfsg-1ubuntu3.1_amd64.deb ...
2026-10-09T14:21:11.6670748Z Unpacking libsdl2-2.0-0:amd64 (2.30.0+dfsg-1ubuntu3.1) ...
2026-10-09T14:21:11.7416281Z Selecting previously unselected package libxcb-shape0:amd64.
2026-10-09T14:21:11.7530764Z Preparing to unpack .../83-libxcb-shape0_1.15-1ubuntu2_amd64.deb ...
2026-10-09T14:21:11.7984305Z Unpacking libxcb-shape0:amd64 (1.15-1ubuntu2) ...
2026-10-09T14:21:11.8152686Z Selecting previously unselected package libxv1:amd64.
2026-10-09T14:21:11.8263999Z Preparing to unpack .../84-libxv1_2%3a1.0.11-1.1build1_amd64.deb ...
2026-10-09T14:21:11.8270086Z Unpacking libxv1:amd64 (2:1.0.11-1.1build1) ...
2026-10-09T14:21:11.8434667Z Selecting previously unselected package libavdevice60:amd64.
2026-10-09T14:21:11.8543946Z Preparing to unpack .../85-libavdevice60_7%3a6.1.1-3ubuntu5_amd64.deb ...
2026-10-09T14:21:11.8549465Z Unpacking libavdevice60:amd64 (7:6.1.1-3ubuntu5) ...
2026-10-09T14:21:11.8714838Z Selecting previously unselected package ffmpeg.
2026-10-09T14:21:11.8823871Z Preparing to unpack .../86-ffmpeg_7%3a6.1.1-3ubuntu5_amd64.deb ...
2026-10-09T14:21:11.8832074Z Unpacking ffmpeg (7:6.1.1-3ubuntu5) ...
2026-10-09T14:21:11.9348213Z Setting up libgme0:amd64 (0.6.3-7build1) ...
2026-10-09T14:21:11.9366680Z Setting up libchromaprint1:amd64 (1.5.1-5) ...
2026-10-09T14:21:11.9381993Z Setting up libssh-gcrypt-4:amd64 (0.10.6-2ubuntu0.5) ...
2026-10-09T14:21:11.9395288Z Setting up libhwy1t64:amd64 (1.0.7-8.1build1) ...
2026-10-09T14:21:11.9408702Z Setting up libudfread0:amd64 (1.1.2-1build1) ...
2026-10-09T14:21:11.9427597Z Setting up libraw1394-11:amd64 (2.1.2-2build3) ...
2026-10-09T14:21:11.9440984Z Setting up libspeex1:amd64 (1.2.1-2ubuntu2.24.04.1) ...
2026-10-09T14:21:11.9457059Z Setting up libshine3:amd64 (3.1.1-2build1) ...
2026-10-09T14:21:11.9470550Z Setting up libcaca0:amd64 (0.99.beta20-4ubuntu0.2) ...
2026-10-09T14:21:11.9483619Z Setting up libvpl2 (2023.3.0-1build1) ...
2026-10-09T14:21:11.9501112Z Setting up libx264-164:amd64 (2:0.164.3108+git31e19f9-1) ...
2026-10-09T14:21:11.9516918Z Setting up libtwolame0:amd64 (0.4.0-2build3) ...
2026-10-09T14:21:11.9531349Z Setting up libmbedcrypto7t64:amd64 (2.28.8-1) ...
2026-10-09T14:21:11.9547211Z Setting up libgsm1:amd64 (1.0.22-1build1) ...
2026-10-09T14:21:11.9561476Z Setting up libsoxr0:amd64 (0.1.3-4build3) ...
2026-10-09T14:21:11.9579265Z Setting up libzix-0-0:amd64 (0.4.2-2build1) ...
2026-10-09T14:21:11.9596215Z Setting up libcodec2-1.2:amd64 (1.2.0-2build1) ...
2026-10-09T14:21:11.9610518Z Setting up libmysofa1:amd64 (1.3.2+dfsg-2ubuntu2) ...
2026-10-09T14:21:11.9629771Z Setting up libxcb-shape0:amd64 (1.15-1ubuntu2) ...
2026-10-09T14:21:11.9644907Z Setting up libcdio19t64:amd64 (2.1.0-4.1ubuntu1.2) ...
2026-10-09T14:21:11.9660915Z Setting up libsvtav1enc1d1:amd64 (1.7.0+dfsg-2build1) ...
2026-10-09T14:21:11.9679653Z Setting up libmpg123-0t64:amd64 (1.32.5-1ubuntu1.1) ...
2026-10-09T14:21:11.9692945Z Setting up libcjson1:amd64 (1.7.17-1) ...
2026-10-09T14:21:11.9709457Z Setting up libxvidcore4:amd64 (2:1.3.7-1build1) ...
2026-10-09T14:21:11.9726883Z Setting up librav1e0:amd64 (0.7.1-2) ...
2026-10-09T14:21:11.9741162Z Setting up libcdio-cdda2t64:amd64 (10.2+2.0.1-1.1build2) ...
2026-10-09T14:21:11.9757989Z Setting up librist4:amd64 (0.2.10+dfsg-2) ...
2026-10-09T14:21:11.9771832Z Setting up librsvg2-2:amd64 (2.58.0+dfsg-1ubuntu0.1) ...
2026-10-09T14:21:11.9787962Z Setting up libblas3:amd64 (3.12.0-3build1.1) ...
2026-10-09T14:21:11.9844171Z update-alternatives: using /usr/lib/x86_64-linux-gnu/blas/libblas.so.3 to provide /usr/lib/x86_64-linux-gnu/libblas.so.3 (libblas.so.3-x86_64-linux-gnu) in auto mode
2026-10-09T14:21:11.9858114Z Setting up libplacebo338:amd64 (6.338.2-2build1) ...
2026-10-09T14:21:11.9871889Z Setting up libva2:amd64 (2.20.0-2ubuntu0.2) ...
2026-10-09T14:21:12.0428960Z Setting up libopus0:amd64 (1.4-1build1) ...
2026-10-09T14:21:12.0442994Z Setting up libcdio-paranoia2t64:amd64 (10.2+2.0.1-1.1build2) ...
2026-10-09T14:21:12.0460546Z Setting up libdc1394-25:amd64 (2.2.6-4build1) ...
2026-10-09T14:21:12.0476356Z Setting up libxv1:amd64 (2:1.0.11-1.1build1) ...
2026-10-09T14:21:12.0491235Z Setting up libunibreak5:amd64 (5.1-2build1) ...
2026-10-09T14:21:12.0508052Z Setting up libjxl0.7:amd64 (0.7.0-10.2ubuntu6.1) ...
2026-10-09T14:21:12.0524016Z Setting up libx265-199:amd64 (3.5-2build1) ...
2026-10-09T14:21:12.0539387Z Setting up libsndio7.0:amd64 (1.9.0-0.3build3) ...
2026-10-09T14:21:12.0555560Z Setting up libvidstab1.1:amd64 (1.1.0-2build1) ...
2026-10-09T14:21:12.0571354Z Setting up libvpx9:amd64 (1.14.0-1ubuntu2.3) ...
2026-10-09T14:21:12.0588155Z Setting up libsrt1.5-gnutls:amd64 (1.5.3-1build2) ...
2026-10-09T14:21:12.0602620Z Setting up libflite1:amd64 (2.2-6build3) ...
2026-10-09T14:21:12.0631730Z Setting up libdav1d7:amd64 (1.4.1-1build1) ...
2026-10-09T14:21:12.0647003Z Setting up libva-drm2:amd64 (2.20.0-2ubuntu0.2) ...
2026-10-09T14:21:12.0661279Z Setting up ocl-icd-libopencl1:amd64 (2.3.2-1build1) ...
2026-10-09T14:21:12.0676783Z Setting up libasyncns0:amd64 (0.8-6build4) ...
2026-10-09T14:21:12.0690890Z Setting up libvdpau1:amd64 (1.5-2build1) ...
2026-10-09T14:21:12.0712913Z Setting up libbs2b0:amd64 (3.1.0+dfsg-7build1) ...
2026-10-09T14:21:12.0728456Z Setting up libtheora0:amd64 (1.1.1+dfsg.1-16.1build3) ...
2026-10-09T14:21:12.0752380Z Setting up libdecor-0-0:amd64 (0.2.2-1build2) ...
2026-10-09T14:21:12.0769040Z Setting up libzimg2:amd64 (3.0.5+ds1-1build1) ...
2026-10-09T14:21:12.0784845Z Setting up libopenal-data (1:1.23.1-4build1) ...
2026-10-09T14:21:12.0806716Z Setting up libflac12t64:amd64 (1.4.3+ds-2.1ubuntu2) ...
2026-10-09T14:21:12.0822522Z Setting up libbluray2:amd64 (1:1.3.4-1build1) ...
2026-10-09T14:21:12.0838601Z Setting up libsamplerate0:amd64 (0.2.2-4build1) ...
2026-10-09T14:21:12.0853464Z Setting up libva-x11-2:amd64 (2.20.0-2ubuntu0.2) ...
2026-10-09T14:21:12.0867872Z Setting up libopenmpt0t64:amd64 (0.7.3-1.1build3) ...
2026-10-09T14:21:12.0883632Z Setting up libzvbi-common (0.2.42-2) ...
2026-10-09T14:21:12.0897894Z Setting up libmp3lame0:amd64 (3.100-6build1) ...
2026-10-09T14:21:12.0913422Z Setting up libvorbisenc2:amd64 (1.3.7-1build3) ...
2026-10-09T14:21:12.0929777Z Setting up libiec61883-0:amd64 (1.2.0-6build1) ...
2026-10-09T14:21:12.1039794Z Setting up libserd-0-0:amd64 (0.32.2-1) ...
2026-10-09T14:21:12.1054756Z Setting up libavc1394-0:amd64 (0.5.4-5build3) ...
2026-10-09T14:21:12.1069728Z Setting up liblapack3:amd64 (3.12.0-3build1.1) ...
2026-10-09T14:21:12.1129433Z update-alternatives: using /usr/lib/x86_64-linux-gnu/lapack/liblapack.so.3 to provide /usr/lib/x86_64-linux-gnu/liblapack.so.3 (liblapack.so.3-x86_64-linux-gnu) in auto mode
2026-10-09T14:21:12.1142720Z Setting up libzvbi0t64:amd64 (0.2.42-2) ...
2026-10-09T14:21:12.1158516Z Setting up libavutil58:amd64 (7:6.1.1-3ubuntu5) ...
2026-10-09T14:21:12.1180490Z Setting up libopenal1:amd64 (1:1.23.1-4build1) ...
2026-10-09T14:21:12.1196323Z Setting up libass9:amd64 (1:0.17.1-2build1) ...
2026-10-09T14:21:12.1212670Z Setting up libswresample4:amd64 (7:6.1.1-3ubuntu5) ...
2026-10-09T14:21:12.1228648Z Setting up libavcodec60:amd64 (7:6.1.1-3ubuntu5) ...
2026-10-09T14:21:12.1246550Z Setting up librubberband2:amd64 (3.3.0+dfsg-2build1) ...
2026-10-09T14:21:12.1263995Z Setting up libjack-jackd2-0:amd64 (1.9.21~dfsg-3ubuntu3) ...
2026-10-09T14:21:12.1280683Z Setting up libsord-0-0:amd64 (0.16.16-2build1) ...
2026-10-09T14:21:12.1298480Z Setting up libpostproc57:amd64 (7:6.1.1-3ubuntu5) ...
2026-10-09T14:21:12.1312513Z Setting up libsratom-0-0:amd64 (0.6.16-1build1) ...
2026-10-09T14:21:12.1328773Z Setting up libsndfile1:amd64 (1.2.2-1ubuntu5.24.04.1) ...
2026-10-09T14:21:12.1344281Z Setting up liblilv-0-0:amd64 (0.24.22-1build1) ...
2026-10-09T14:21:12.1358862Z Setting up libswscale7:amd64 (7:6.1.1-3ubuntu5) ...
2026-10-09T14:21:12.1374596Z Setting up libpulse0:amd64 (1:16.1+dfsg1-2ubuntu10.1) ...
2026-10-09T14:21:12.1434756Z Setting up libavformat60:amd64 (7:6.1.1-3ubuntu5) ...
2026-10-09T14:21:12.1450067Z Setting up libsphinxbase3t64:amd64 (0.8+5prealpha+1-17build2) ...
2026-10-09T14:21:12.1466009Z Setting up libsdl2-2.0-0:amd64 (2.30.0+dfsg-1ubuntu3.1) ...
2026-10-09T14:21:12.1846570Z Setting up libpocketsphinx3:amd64 (0.8.0+real5prealpha+1-15ubuntu5) ...
2026-10-09T14:21:12.2345276Z Setting up libavfilter9:amd64 (7:6.1.1-3ubuntu5) ...
2026-10-09T14:21:12.2360471Z Setting up libavdevice60:amd64 (7:6.1.1-3ubuntu5) ...
2026-10-09T14:21:12.2377730Z Setting up ffmpeg (7:6.1.1-3ubuntu5) ...
2026-10-09T14:21:12.2396262Z Processing triggers for man-db (2.12.0-4build2) ...
2026-10-09T14:21:12.2416854Z Not building database; man-db/auto-update is not 'true'.
2026-10-09T14:21:12.2427872Z Processing triggers for libc-bin (2.39-0ubuntu8.9) ...
2026-10-09T14:21:13.1530665Z 
2026-10-09T14:21:13.1531512Z Running kernel seems to be up-to-date.
2026-10-09T14:21:13.1531856Z 
2026-10-09T14:21:13.1532015Z No services need to be restarted.
2026-10-09T14:21:13.1532173Z 
2026-10-09T14:21:13.1532258Z No containers need to be restarted.
2026-10-09T14:21:13.1532406Z 
2026-10-09T14:21:13.1532615Z No user sessions are running outdated binaries.
2026-10-09T14:21:13.1532849Z 
2026-10-09T14:21:13.1533069Z No VM guests are running outdated hypervisor (qemu) binaries on this host.
2026-10-09T14:21:14.4493023Z ##[group]Run python scripts/prepare_pdf_font.py --output "$CI_SANDBOX/fonts" > "$CI_RECEIPTS/font-manifest.json"
2026-10-09T14:21:14.4493658Z [36;1mpython scripts/prepare_pdf_font.py --output "$CI_SANDBOX/fonts" > "$CI_RECEIPTS/font-manifest.json"[0m
2026-10-09T14:21:14.4494151Z [36;1mecho "R2_TEST_FONT_FILE=$CI_SANDBOX/fonts/NotoSansSC-Regular.ttf" >> "$GITHUB_ENV"[0m
2026-10-09T14:21:14.4551586Z shell: /usr/bin/bash -e {0}
2026-10-09T14:21:14.4551810Z env:
2026-10-09T14:21:14.4551982Z   MOCK_PROVIDER: true
2026-10-09T14:21:14.4552173Z   MOCK_STREAM_DELAY_MS: 0
2026-10-09T14:21:14.4552365Z   ENABLE_CLOUD: false
2026-10-09T14:21:14.4552547Z   CREDENTIAL_VAULT_BACKEND: memory
2026-10-09T14:21:14.4552780Z   CREDENTIAL_VAULT_ALLOW_MEMORY_FALLBACK: true
2026-10-09T14:21:14.4553045Z   PYTHONDONTWRITEBYTECODE: 1
2026-10-09T14:21:14.4553245Z   HF_HUB_OFFLINE: 1
2026-10-09T14:21:14.4553417Z   TRANSFORMERS_OFFLINE: 1
2026-10-09T14:21:14.4553706Z   pythonLocation: /opt/hostedtoolcache/Python/3.12.9/x64
2026-10-09T14:21:14.4554044Z   PKG_CONFIG_PATH: /opt/hostedtoolcache/Python/3.12.9/x64/lib/pkgconfig
2026-10-09T14:21:14.4554463Z   Python_ROOT_DIR: /opt/hostedtoolcache/Python/3.12.9/x64
2026-10-09T14:21:14.4554780Z   Python2_ROOT_DIR: /opt/hostedtoolcache/Python/3.12.9/x64
2026-10-09T14:21:14.4555071Z   Python3_ROOT_DIR: /opt/hostedtoolcache/Python/3.12.9/x64
2026-10-09T14:21:14.4555363Z   LD_LIBRARY_PATH: /opt/hostedtoolcache/Python/3.12.9/x64/lib
2026-10-09T14:21:14.4555659Z   CI_COVERAGE_SHA: 99c43b6892038233c390be2ae61acb669163d0b5
2026-10-09T14:21:14.4555951Z   CI_COVERAGE_TREE: 69d69ffe71838263069d164a0a07b39b5f4a4333
2026-10-09T14:21:14.4556288Z   CI_SANDBOX: /home/runner/work/_temp/novel-ci-backend-file-shard-0.wwNrjL
2026-10-09T14:21:14.4556688Z   CI_PROJECT: /home/runner/work/_temp/novel-ci-backend-file-shard-0.wwNrjL/project
2026-10-09T14:21:14.4557105Z   CI_RECEIPTS: /home/runner/work/_temp/novel-ci-backend-file-shard-0.wwNrjL/receipts
2026-10-09T14:21:14.4557601Z   HOME: /home/runner/work/_temp/novel-ci-backend-file-shard-0.wwNrjL/project/.runtime/ci-backend/home
2026-10-09T14:21:14.4558129Z   USERPROFILE: /home/runner/work/_temp/novel-ci-backend-file-shard-0.wwNrjL/project/.runtime/ci-backend/home
2026-10-09T14:21:14.4558841Z   APPDATA: /home/runner/work/_temp/novel-ci-backend-file-shard-0.wwNrjL/project/.runtime/ci-backend/appdata
2026-10-09T14:21:14.4559415Z   LOCALAPPDATA: /home/runner/work/_temp/novel-ci-backend-file-shard-0.wwNrjL/project/.runtime/ci-backend/localappdata
2026-10-09T14:21:14.4559992Z   XDG_CONFIG_HOME: /home/runner/work/_temp/novel-ci-backend-file-shard-0.wwNrjL/project/.runtime/ci-backend/config
2026-10-09T14:21:14.4560544Z   XDG_CACHE_HOME: /home/runner/work/_temp/novel-ci-backend-file-shard-0.wwNrjL/project/.runtime/ci-backend/cache
2026-10-09T14:21:14.4561080Z   XDG_DATA_HOME: /home/runner/work/_temp/novel-ci-backend-file-shard-0.wwNrjL/project/.runtime/ci-backend/data
2026-10-09T14:21:14.4561620Z   XDG_STATE_HOME: /home/runner/work/_temp/novel-ci-backend-file-shard-0.wwNrjL/project/.runtime/ci-backend/state
2026-10-09T14:21:14.4562175Z   TMPDIR: /home/runner/work/_temp/novel-ci-backend-file-shard-0.wwNrjL/project/.runtime/ci-backend/tmp
2026-10-09T14:21:14.4562689Z   TMP: /home/runner/work/_temp/novel-ci-backend-file-shard-0.wwNrjL/project/.runtime/ci-backend/tmp
2026-10-09T14:21:14.4563181Z   TEMP: /home/runner/work/_temp/novel-ci-backend-file-shard-0.wwNrjL/project/.runtime/ci-backend/tmp
2026-10-09T14:21:14.4563637Z   PROJECT_ROOT: /home/runner/work/_temp/novel-ci-backend-file-shard-0.wwNrjL/project
2026-10-09T14:21:14.4564144Z   NOVEL_DATA_PATH: /home/runner/work/_temp/novel-ci-backend-file-shard-0.wwNrjL/project/.runtime/ci-backend/data/novels
2026-10-09T14:21:14.4564863Z   BACKUP_PATH: /home/runner/work/_temp/novel-ci-backend-file-shard-0.wwNrjL/project/.runtime/ci-backend/data/backups
2026-10-09T14:21:14.4565504Z   DATABASE_BACKUP_PATH: /home/runner/work/_temp/novel-ci-backend-file-shard-0.wwNrjL/project/.runtime/ci-backend/data/database-backups
2026-10-09T14:21:14.4566324Z   KNOWLEDGE_SOURCE_PATH: /home/runner/work/_temp/novel-ci-backend-file-shard-0.wwNrjL/project/.runtime/ci-backend/data/novels
2026-10-09T14:21:14.4566918Z   CI_V2_RUNTIME: /home/runner/work/_temp/novel-ci-backend-file-shard-0.wwNrjL/project/.runtime/ci-backend
2026-10-09T14:21:14.4567296Z ##[endgroup]
2026-10-09T14:21:30.8135708Z ##[group]Run python -m pytest -p no:cacheprovider --basetemp="$CI_SANDBOX/coverage-selftest" -q \
2026-10-09T14:21:30.8136251Z [36;1mpython -m pytest -p no:cacheprovider --basetemp="$CI_SANDBOX/coverage-selftest" -q \[0m
2026-10-09T14:21:30.8136699Z [36;1m  .github/ci/test_suite_coverage.py .github/ci/test_coverage_reconcile.py \[0m
2026-10-09T14:21:30.8137115Z [36;1m  .github/ci/test_v2_manifest_extension.py .github/ci/test_v2_check_runner.py \[0m
2026-10-09T14:21:30.8137448Z [36;1m  .github/ci/test_v2_browser_job.py \[0m
2026-10-09T14:21:30.8137728Z [36;1m  --junitxml="$CI_RECEIPTS/coverage-harness.xml"[0m
2026-10-09T14:21:30.8193007Z shell: /usr/bin/bash -e {0}
2026-10-09T14:21:30.8193217Z env:
2026-10-09T14:21:30.8193384Z   MOCK_PROVIDER: true
2026-10-09T14:21:30.8193571Z   MOCK_STREAM_DELAY_MS: 0
2026-10-09T14:21:30.8193773Z   ENABLE_CLOUD: false
2026-10-09T14:21:30.8193958Z   CREDENTIAL_VAULT_BACKEND: memory
2026-10-09T14:21:30.8194227Z   CREDENTIAL_VAULT_ALLOW_MEMORY_FALLBACK: true
2026-10-09T14:21:30.8194609Z   PYTHONDONTWRITEBYTECODE: 1
2026-10-09T14:21:30.8194802Z   HF_HUB_OFFLINE: 1
2026-10-09T14:21:30.8194972Z   TRANSFORMERS_OFFLINE: 1
2026-10-09T14:21:30.8195206Z   pythonLocation: /opt/hostedtoolcache/Python/3.12.9/x64
2026-10-09T14:21:30.8195528Z   PKG_CONFIG_PATH: /opt/hostedtoolcache/Python/3.12.9/x64/lib/pkgconfig
2026-10-09T14:21:30.8195839Z   Python_ROOT_DIR: /opt/hostedtoolcache/Python/3.12.9/x64
2026-10-09T14:21:30.8196124Z   Python2_ROOT_DIR: /opt/hostedtoolcache/Python/3.12.9/x64
2026-10-09T14:21:30.8196412Z   Python3_ROOT_DIR: /opt/hostedtoolcache/Python/3.12.9/x64
2026-10-09T14:21:30.8196706Z   LD_LIBRARY_PATH: /opt/hostedtoolcache/Python/3.12.9/x64/lib
2026-10-09T14:21:30.8197009Z   CI_COVERAGE_SHA: 99c43b6892038233c390be2ae61acb669163d0b5
2026-10-09T14:21:30.8197290Z   CI_COVERAGE_TREE: 69d69ffe71838263069d164a0a07b39b5f4a4333
2026-10-09T14:21:30.8197784Z   CI_SANDBOX: /home/runner/work/_temp/novel-ci-backend-file-shard-0.wwNrjL
2026-10-09T14:21:30.8198188Z   CI_PROJECT: /home/runner/work/_temp/novel-ci-backend-file-shard-0.wwNrjL/project
2026-10-09T14:21:30.8198603Z   CI_RECEIPTS: /home/runner/work/_temp/novel-ci-backend-file-shard-0.wwNrjL/receipts
2026-10-09T14:21:30.8199068Z   HOME: /home/runner/work/_temp/novel-ci-backend-file-shard-0.wwNrjL/project/.runtime/ci-backend/home
2026-10-09T14:21:30.8199600Z   USERPROFILE: /home/runner/work/_temp/novel-ci-backend-file-shard-0.wwNrjL/project/.runtime/ci-backend/home
2026-10-09T14:21:30.8200135Z   APPDATA: /home/runner/work/_temp/novel-ci-backend-file-shard-0.wwNrjL/project/.runtime/ci-backend/appdata
2026-10-09T14:21:30.8200691Z   LOCALAPPDATA: /home/runner/work/_temp/novel-ci-backend-file-shard-0.wwNrjL/project/.runtime/ci-backend/localappdata
2026-10-09T14:21:30.8201262Z   XDG_CONFIG_HOME: /home/runner/work/_temp/novel-ci-backend-file-shard-0.wwNrjL/project/.runtime/ci-backend/config
2026-10-09T14:21:30.8201818Z   XDG_CACHE_HOME: /home/runner/work/_temp/novel-ci-backend-file-shard-0.wwNrjL/project/.runtime/ci-backend/cache
2026-10-09T14:21:30.8202356Z   XDG_DATA_HOME: /home/runner/work/_temp/novel-ci-backend-file-shard-0.wwNrjL/project/.runtime/ci-backend/data
2026-10-09T14:21:30.8202892Z   XDG_STATE_HOME: /home/runner/work/_temp/novel-ci-backend-file-shard-0.wwNrjL/project/.runtime/ci-backend/state
2026-10-09T14:21:30.8203414Z   TMPDIR: /home/runner/work/_temp/novel-ci-backend-file-shard-0.wwNrjL/project/.runtime/ci-backend/tmp
2026-10-09T14:21:30.8203919Z   TMP: /home/runner/work/_temp/novel-ci-backend-file-shard-0.wwNrjL/project/.runtime/ci-backend/tmp
2026-10-09T14:21:30.8204551Z   TEMP: /home/runner/work/_temp/novel-ci-backend-file-shard-0.wwNrjL/project/.runtime/ci-backend/tmp
2026-10-09T14:21:30.8205011Z   PROJECT_ROOT: /home/runner/work/_temp/novel-ci-backend-file-shard-0.wwNrjL/project
2026-10-09T14:21:30.8205522Z   NOVEL_DATA_PATH: /home/runner/work/_temp/novel-ci-backend-file-shard-0.wwNrjL/project/.runtime/ci-backend/data/novels
2026-10-09T14:21:30.8206269Z   BACKUP_PATH: /home/runner/work/_temp/novel-ci-backend-file-shard-0.wwNrjL/project/.runtime/ci-backend/data/backups
2026-10-09T14:21:30.8206897Z   DATABASE_BACKUP_PATH: /home/runner/work/_temp/novel-ci-backend-file-shard-0.wwNrjL/project/.runtime/ci-backend/data/database-backups
2026-10-09T14:21:30.8207536Z   KNOWLEDGE_SOURCE_PATH: /home/runner/work/_temp/novel-ci-backend-file-shard-0.wwNrjL/project/.runtime/ci-backend/data/novels
2026-10-09T14:21:30.8208106Z   CI_V2_RUNTIME: /home/runner/work/_temp/novel-ci-backend-file-shard-0.wwNrjL/project/.runtime/ci-backend
2026-10-09T14:21:30.8208631Z   R2_TEST_FONT_FILE: /home/runner/work/_temp/novel-ci-backend-file-shard-0.wwNrjL/fonts/NotoSansSC-Regular.ttf
2026-10-09T14:21:30.8209010Z ##[endgroup]
2026-10-09T14:21:40.2811011Z ........................................................................ [ 41%]
2026-10-09T14:21:40.5342146Z ........................................................................ [ 82%]
2026-10-09T14:21:42.3679685Z ..............................                                           [100%]
2026-10-09T14:21:42.3680251Z - generated xml file: /home/runner/work/_temp/novel-ci-backend-file-shard-0.wwNrjL/receipts/coverage-harness.xml -
2026-10-09T14:21:42.3680709Z 174 passed in 10.77s
2026-10-09T14:21:42.4059900Z ##[group]Run set -o pipefail
2026-10-09T14:21:42.4060169Z [36;1mset -o pipefail[0m
2026-10-09T14:21:42.4060721Z [36;1mPYTHONPATH="$CI_PROJECT/.github/ci:$CI_PROJECT" python -m pytest -p postgres_gate -p suite_coverage -p no:cacheprovider --basetemp="$CI_V2_RUNTIME/pytest" -q -ra --tb=short \[0m
2026-10-09T14:21:42.4061370Z [36;1m  --ci-coverage-manifest=.github/ci/coverage_manifest_v2.json.gz \[0m
2026-10-09T14:21:42.4061748Z [36;1m  --ci-scope=backend --ci-shard-index=0 --ci-shard-count=1 \[0m
2026-10-09T14:21:42.4062220Z [36;1m  --ci-coverage-dir="$CI_RECEIPTS" --junitxml="$CI_RECEIPTS/backend.xml" 2>&1 | tee "$CI_RECEIPTS/backend.log"[0m
2026-10-09T14:21:42.4117991Z shell: /usr/bin/bash -e {0}
2026-10-09T14:21:42.4118209Z env:
2026-10-09T14:21:42.4118381Z   MOCK_PROVIDER: true
2026-10-09T14:21:42.4118569Z   MOCK_STREAM_DELAY_MS: 0
2026-10-09T14:21:42.4118753Z   ENABLE_CLOUD: false
2026-10-09T14:21:42.4118938Z   CREDENTIAL_VAULT_BACKEND: memory
2026-10-09T14:21:42.4119225Z   CREDENTIAL_VAULT_ALLOW_MEMORY_FALLBACK: true
2026-10-09T14:21:42.4119474Z   PYTHONDONTWRITEBYTECODE: 1
2026-10-09T14:21:42.4119675Z   HF_HUB_OFFLINE: 1
2026-10-09T14:21:42.4119856Z   TRANSFORMERS_OFFLINE: 1
2026-10-09T14:21:42.4120095Z   pythonLocation: /opt/hostedtoolcache/Python/3.12.9/x64
2026-10-09T14:21:42.4120433Z   PKG_CONFIG_PATH: /opt/hostedtoolcache/Python/3.12.9/x64/lib/pkgconfig
2026-10-09T14:21:42.4120771Z   Python_ROOT_DIR: /opt/hostedtoolcache/Python/3.12.9/x64
2026-10-09T14:21:42.4121068Z   Python2_ROOT_DIR: /opt/hostedtoolcache/Python/3.12.9/x64
2026-10-09T14:21:42.4121358Z   Python3_ROOT_DIR: /opt/hostedtoolcache/Python/3.12.9/x64
2026-10-09T14:21:42.4121660Z   LD_LIBRARY_PATH: /opt/hostedtoolcache/Python/3.12.9/x64/lib
2026-10-09T14:21:42.4121962Z   CI_COVERAGE_SHA: 99c43b6892038233c390be2ae61acb669163d0b5
2026-10-09T14:21:42.4122243Z   CI_COVERAGE_TREE: 69d69ffe71838263069d164a0a07b39b5f4a4333
2026-10-09T14:21:42.4122577Z   CI_SANDBOX: /home/runner/work/_temp/novel-ci-backend-file-shard-0.wwNrjL
2026-10-09T14:21:42.4122978Z   CI_PROJECT: /home/runner/work/_temp/novel-ci-backend-file-shard-0.wwNrjL/project
2026-10-09T14:21:42.4123409Z   CI_RECEIPTS: /home/runner/work/_temp/novel-ci-backend-file-shard-0.wwNrjL/receipts
2026-10-09T14:21:42.4123877Z   HOME: /home/runner/work/_temp/novel-ci-backend-file-shard-0.wwNrjL/project/.runtime/ci-backend/home
2026-10-09T14:21:42.4124543Z   USERPROFILE: /home/runner/work/_temp/novel-ci-backend-file-shard-0.wwNrjL/project/.runtime/ci-backend/home
2026-10-09T14:21:42.4125087Z   APPDATA: /home/runner/work/_temp/novel-ci-backend-file-shard-0.wwNrjL/project/.runtime/ci-backend/appdata
2026-10-09T14:21:42.4125651Z   LOCALAPPDATA: /home/runner/work/_temp/novel-ci-backend-file-shard-0.wwNrjL/project/.runtime/ci-backend/localappdata
2026-10-09T14:21:42.4126230Z   XDG_CONFIG_HOME: /home/runner/work/_temp/novel-ci-backend-file-shard-0.wwNrjL/project/.runtime/ci-backend/config
2026-10-09T14:21:42.4126794Z   XDG_CACHE_HOME: /home/runner/work/_temp/novel-ci-backend-file-shard-0.wwNrjL/project/.runtime/ci-backend/cache
2026-10-09T14:21:42.4127335Z   XDG_DATA_HOME: /home/runner/work/_temp/novel-ci-backend-file-shard-0.wwNrjL/project/.runtime/ci-backend/data
2026-10-09T14:21:42.4127866Z   XDG_STATE_HOME: /home/runner/work/_temp/novel-ci-backend-file-shard-0.wwNrjL/project/.runtime/ci-backend/state
2026-10-09T14:21:42.4128388Z   TMPDIR: /home/runner/work/_temp/novel-ci-backend-file-shard-0.wwNrjL/project/.runtime/ci-backend/tmp
2026-10-09T14:21:42.4128890Z   TMP: /home/runner/work/_temp/novel-ci-backend-file-shard-0.wwNrjL/project/.runtime/ci-backend/tmp
2026-10-09T14:21:42.4129382Z   TEMP: /home/runner/work/_temp/novel-ci-backend-file-shard-0.wwNrjL/project/.runtime/ci-backend/tmp
2026-10-09T14:21:42.4129843Z   PROJECT_ROOT: /home/runner/work/_temp/novel-ci-backend-file-shard-0.wwNrjL/project
2026-10-09T14:21:42.4130370Z   NOVEL_DATA_PATH: /home/runner/work/_temp/novel-ci-backend-file-shard-0.wwNrjL/project/.runtime/ci-backend/data/novels
2026-10-09T14:21:42.4131175Z   BACKUP_PATH: /home/runner/work/_temp/novel-ci-backend-file-shard-0.wwNrjL/project/.runtime/ci-backend/data/backups
2026-10-09T14:21:42.4131813Z   DATABASE_BACKUP_PATH: /home/runner/work/_temp/novel-ci-backend-file-shard-0.wwNrjL/project/.runtime/ci-backend/data/database-backups
2026-10-09T14:21:42.4132461Z   KNOWLEDGE_SOURCE_PATH: /home/runner/work/_temp/novel-ci-backend-file-shard-0.wwNrjL/project/.runtime/ci-backend/data/novels
2026-10-09T14:21:42.4133041Z   CI_V2_RUNTIME: /home/runner/work/_temp/novel-ci-backend-file-shard-0.wwNrjL/project/.runtime/ci-backend
2026-10-09T14:21:42.4133572Z   R2_TEST_FONT_FILE: /home/runner/work/_temp/novel-ci-backend-file-shard-0.wwNrjL/fonts/NotoSansSC-Regular.ttf
2026-10-09T14:21:42.4134076Z   STORAGE_BACKEND: file
2026-10-09T14:21:42.4134257Z   DATABASE_URL: 
2026-10-09T14:21:42.4134522Z   TEST_POSTGRES_DATABASE_URL: 
2026-10-09T14:21:42.4134717Z ##[endgroup]
2026-10-09T14:22:12.3355923Z ..ss..ss..ss....ssss..ss.....ssss...........................ssssss...... [  0%]
2026-10-09T14:22:17.7811166Z ......ssssssssssss..........................sss....ssss....ssss....ssss. [  1%]
2026-10-09T14:22:20.9927800Z ...ssss....ssss....ssss....ssss....ssss....ssss....ssss....ssss....ssss. [  2%]
2026-10-09T14:22:24.8068240Z ...ssss....ssss....ssss....ssss....ssss....ssss....ssss....ssss....ssss. [  2%]
2026-10-09T14:22:26.9726324Z ...ssss....ssss....ssss....ssss....ssss....ssss.................sss...ss [  3%]
2026-10-09T14:22:36.4376186Z s...............ssssss........s.s.......ssssss....ss..s.s...sss.s....... [  4%]
2026-10-09T14:22:40.2247355Z ........................................................................ [  4%]
2026-10-09T14:22:41.4035209Z ....................................s................................... [  5%]
2026-10-09T14:22:42.1180306Z ..............s.s.......ss.............................................. [  6%]
2026-10-09T14:22:42.2782935Z ...........................s............................................ [  7%]
2026-10-09T14:22:53.6082810Z ........................................................................ [  7%]
2026-10-09T14:23:00.7223935Z ..................................................ss.................... [  8%]
2026-10-09T14:23:05.6484825Z ................s....................................................... [  9%]
2026-10-09T14:23:06.0482844Z ........................................................................ [  9%]
2026-10-09T14:23:10.9416905Z ........................................................................ [ 10%]
2026-10-09T14:23:13.7887583Z ........................................................................ [ 11%]
2026-10-09T14:23:14.3465137Z ........................................................................ [ 12%]
2026-10-09T14:23:14.4408357Z ........................................................................ [ 12%]
2026-10-09T14:23:17.6475047Z ..........................s........ss.s................................. [ 13%]
2026-10-09T14:23:22.0962409Z .............................s.........sssssssss.s..s.s.s.s.s...sss..s.s [ 14%]
2026-10-09T14:23:28.4042772Z .s.s...sss......ssssss.s.s.s.s.........s.s..s....ssss.s.s.s.s.s....ssss. [ 14%]
2026-10-09T14:23:38.2032339Z s.s.s......ssssss.s.s.s...................ss......ssss.................. [ 15%]
2026-10-09T14:23:47.7252409Z ........................................................................ [ 16%]
2026-10-09T14:23:49.2775152Z ........................................................................ [ 16%]
2026-10-09T14:23:49.5612958Z ........................................................................ [ 17%]
2026-10-09T14:23:50.5881201Z ........................................................................ [ 18%]
2026-10-09T14:23:54.7522214Z ........................................................................ [ 19%]
2026-10-09T14:24:05.3892468Z ........................................................................ [ 19%]
2026-10-09T14:24:07.8628133Z ........................................................................ [ 20%]
2026-10-09T14:24:08.4894034Z ........................................................................ [ 21%]
2026-10-09T14:24:18.7039204Z ........................................................................ [ 21%]
2026-10-09T14:24:21.4713069Z ........................................................................ [ 22%]
2026-10-09T14:24:29.5679258Z ..ss..ss....ssss......ssssss..ss..ss..ss..ss..ss..ss..ss..ss..ss..ss..ss [ 23%]
2026-10-09T14:24:33.8325537Z ..ss..ss..ss....ssss.s.s.s.s.s..ss....ssss.s..ss..ss..ss......ssssss..ss [ 24%]
2026-10-09T14:24:44.7210440Z ..ss..ss.s.s.s..s.s.s.s.s.s..s..s.s.s...ss.s..ss.s.s..ss...sss.s.......s [ 24%]
2026-10-09T14:24:54.7285591Z ssssss....ssss.s.s.s.s.s.s..ss..ss........ss..ss..ss..ss..ss..ss..ss..ss [ 25%]
2026-10-09T14:25:03.6563233Z ..s.s.s.s.s.......sssssss.s.s.s.s.s.s..ss.s.s.s....ssss.s.s.s.s..ss..ss. [ 26%]
2026-10-09T14:25:13.7433392Z .ss..ss..ss.s.s.s.s.s.s.s.s.s.s..ss..ss..ss..ss...ss.........ss......sss [ 26%]
2026-10-09T14:25:23.1354759Z sss..ss..ss..ss..ss..ss..ss....ssss..ss..ss.........ssssssss..ss.s.s.s.s [ 27%]
2026-10-09T14:25:30.2815776Z .s..................s.s.s.s.....sssss.s.s.s........s.s.s.s.s.s.s.s.s.s.s [ 28%]
2026-10-09T14:25:32.7036721Z .s....ssss..........ssssssssss.s.s.......s..s.s......ssssss.s.s.s..ss..s [ 29%]
2026-10-09T14:25:38.5921313Z s..ss..ss..ss..ss..ss..ss..ss..ss..ss....ssss...............s....ssss..s [ 29%]
2026-10-09T14:25:41.3857494Z s..ss....ssss....ssss..ss....ssss..ss..ss..ss..ss....ssss............... [ 30%]
2026-10-09T14:25:41.5407884Z ........................................................................ [ 31%]
2026-10-09T14:25:43.0367524Z ........s............................................................... [ 31%]
2026-10-09T14:25:46.4479611Z ............................ssssssss.................................... [ 32%]
2026-10-09T14:25:47.9449708Z ...........................ss........................................... [ 33%]
2026-10-09T14:25:50.0389580Z ........................................................................ [ 33%]
2026-10-09T14:25:52.3037860Z ........................................................................ [ 34%]
2026-10-09T14:25:52.5261523Z ................................sss..................................... [ 35%]
2026-10-09T14:25:55.2757429Z .........................s.s.s.s.s..s.s.s.s.s.s.s.s.s.s....ssss.s.s.s.s. [ 36%]
2026-10-09T14:25:59.7518556Z .s.s.....s.s.s.s.s.s.s.s.s.s.s.s.s.s.s...sss.s.s.s.s.s..........s.s.s.s. [ 36%]
2026-10-09T14:26:06.1755187Z s.s.s.s.s..s..ss..ss..ss..ss..ss..ss..ss..ss..ss.s.s.s.s.s.s.s.s.s.s.... [ 37%]
2026-10-09T14:26:07.5189010Z ..ssss.s.........sssssssss.s.s.s.s.s.s.s.s.s.s.s.s.s.s.s.s.s.s.s.s.s.s.s [ 38%]
2026-10-09T14:26:09.2966764Z .....................................................................ss. [ 38%]
2026-10-09T14:26:14.3576072Z .ss..ss..ss..ss..ss..ss..ss...............ss..ss..ss..ss..ss..ss..ss..ss [ 39%]
2026-10-09T14:26:48.6129558Z ..ss..ss..........ssssssss.s.s.s.s.s.s.s.s.s.s.s.s.s.s.s.s.s..ss..ss..ss [ 40%]
2026-10-09T14:27:26.3895127Z ..ss..ss..ss.......ss..ss..ss..ss.....s.s.s.s.s.s.s.s.s.s.s.s.s.s.s.s..s [ 41%]
2026-10-09T14:27:28.7894307Z s..ss.s.s.....sssss.....sssss.s.s.s.........sssssssss.s...sss.s.s.s.s.s. [ 41%]
2026-10-09T14:27:32.7548219Z s....ssss..s.s.s.s.s.s.s.s.s.s..ss..ss..ss......ssssss..ss..ss..ss..ss.. [ 42%]
2026-10-09T14:27:43.4817403Z ss..ss..ss..ss..ss....ssss..ss..ss..ss..ss..ss..ss................ssssss [ 43%]
2026-10-09T14:27:50.1304696Z ssssssssss..ss..ss..ss..ss..ss..ss..ss..ss....ssss..ss.s.s.s.s.s.s.s.s.s [ 43%]
2026-10-09T14:28:04.5827183Z .s...ss..ss..ss.........ss..ss..ss..ss..ss..ss..ss..ss..ss..ss..ss..ss.. [ 44%]
2026-10-09T14:28:08.8112544Z ......................s.s.s.s.s.s.s.s.s.s.s.s.s.s.s.s.s.s.s.s.s.s..ss..s [ 45%]
2026-10-09T14:28:20.6440446Z s..ss..ss..ss..ss..ss..ss...........s.s.s.s.s.s.s............s.s.s.s.s.s [ 45%]
2026-10-09T14:28:34.1399544Z .s.s.s.s.s.s.s.s.s.s.s.s.s..ss..ss..ss..ss......ssssss..ss..ss..ss..ss.. [ 46%]
2026-10-09T14:28:50.7851391Z ss.s.s.s.s..ss.s.s.s.s..ss.s.s.s.s.s.s.s.s.s.s.s.s.s.s.s.s.s.s.s.s.s.s.s [ 47%]
2026-10-09T14:29:02.0365618Z .s..ss..ss..ss..ss..ss..ss.s.s.s.s.s.s.s.s.s.s.s.s..s.s.s.s.s.s...s.s.s. [ 48%]
2026-10-09T14:29:18.7230002Z s.s.s.s.s.s.s.s..ss.....................................s.s.s..ss.s.s.s. [ 48%]
2026-10-09T14:29:22.2574951Z s.s.s.s.s.s.s..ss..ss..ss....ssss......ssssss.s.s....ssss.s......s.s.s.s [ 49%]
2026-10-09T14:29:27.2715403Z .s.s.s.s.s.s.s.s.s.s.s.s.s.s.s..ss..ss..ss.s....ssss....ssss....ssss.s.s [ 50%]
2026-10-09T14:29:30.5731989Z .s.s.s.s.s.s.s.s.s.s.s.s.s.s.s.s.s.s..ss..ss..ss..ss..ss.s.s.s.s........ [ 50%]
2026-10-09T14:30:08.9802857Z ssssssss.s....ssss.s.s.s.s.s.s..ss..ss..................ssssssssssssssss [ 51%]
2026-10-09T14:31:09.2526251Z ss..ss..ss..ss......ssssss....ssss..ss..ss..ss....ssss..ss..ss......ssss [ 52%]
2026-10-09T14:31:26.0120683Z ss..ss..ss..ss..ss..ss..ss..ss..ss..s.s.....sssss.s.s.s.s.s.s.s.s.s.s.s. [ 53%]
2026-10-09T14:31:29.3139367Z s.s..ss..ss..ss............ssssssssssss.....s.s....s.....s.s.s.s.s.s.s.s [ 53%]
2026-10-09T14:31:31.1308016Z ....ssss..ss.s.s.s.s.s.s.s.s.s.s.s.s.s.s.s.s.s.s.s.s.s.s.s.s.s.s.s.s.s.s [ 54%]
2026-10-09T14:31:38.5115889Z .s.s.s.s...sss.s....ssss.s.s.s.s.s.s.s.s..ss........ssssssss..ss....ssss [ 55%]
2026-10-09T14:31:59.0950592Z ..ss..........ss..ss...ss..ss..ss..ss..ss..ss..ss..ss..ss..ss..ss..ss..s [ 55%]
2026-10-09T14:32:03.4136855Z s..ss..ss..ss..ss..ss.s.s........ssssssss.s.s.s.s..........ssssssssss.s. [ 56%]
2026-10-09T14:32:08.0373863Z s.s.s.s.s...s.s.s.s.......................ssssss.s.s......ssssss.s.s.s.. [ 57%]
2026-10-09T14:32:15.6761246Z s.s.s..s.s.s.s.s.s..ss..ss..ss..ss..ss..ss..ss.s.s.s.s....ssss.s.s.s.s.s [ 58%]
2026-10-09T14:32:28.8533377Z .s.........ss..ss..ss..ss....ssss....ssss..ss..ss..ss..ss..ss..ss..ss..s [ 58%]
2026-10-09T14:32:51.3012010Z s..ss..ss..ss..ss..ss..ss..ss....ssss..ss..ss..ss..ss.s.s.s.s.s.s.s.s.s. [ 59%]
2026-10-09T14:32:58.8117936Z s.s.s.s.s.s.s.s.s.s.s.s.s.s.s.s.s.s..ss..ss..ss........ssssssss..ss..ss. [ 60%]
2026-10-09T14:33:06.6790195Z .ss......ssssssss.s.s.s.s..s.s..s.s.s.s.s.s.s..ss.s.s.s.s.s.s.s....s.s.s [ 60%]
2026-10-09T14:33:16.7686836Z .s.s.s.s.s..ss..ss..ss........ssssssss..ss..ss.s.s.s.s...sss.s.s.s.....s [ 61%]
2026-10-09T14:33:22.4248627Z ssss.s..ss..ss........ssssssss..ss.s.s.s.s.s.s.s.....sssss.s.s.s.s.s.s.. [ 62%]
2026-10-09T14:33:32.1051981Z ss..ss..ss..ss..ss..ss..ss..ss..ss..ss..ss..ss..ss..ss..ss..ss..ss..ss.. [ 62%]
2026-10-09T14:33:35.8814821Z ss..ss......ss.......................................s..s.......sss..... [ 63%]
2026-10-09T14:33:48.4475930Z ......................................sss..............................s [ 64%]
2026-10-09T14:33:55.6558509Z sssssssssssssssssssssssssssss......ssssss..ss..ss..ss....ssss..ss..ss..s [ 65%]
2026-10-09T14:34:04.3906463Z s..ss..ss..ss............ssssssssssss................................... [ 65%]
2026-10-09T14:34:07.5148319Z ...............................sssssssssssssssssssssssssssssssssssssssss [ 66%]
2026-10-09T14:34:09.7973596Z sssssssssssssssssssssssss..................ssssssssssssssssss..ss....... [ 67%]
2026-10-09T14:34:12.6041749Z .ssssssss....ssss............ssssssssssss......ssssss..ss..ss..ss..ss..s [ 67%]
2026-10-09T14:34:19.8291133Z s..........ssssssssss........ssssssss..ss............................... [ 68%]
2026-10-09T14:34:28.1709165Z .........................................sssssssssssssssssssssssssssssss [ 69%]
2026-10-09T14:34:32.4479778Z sssssssssssssssssssssssssssssssssssssssss............................... [ 70%]
2026-10-09T14:34:36.1876158Z .........................................sssssssssssssssssssssssssssssss [ 70%]
2026-10-09T14:34:39.6418982Z sssssssssssssssssssssssssssssssssssssssss............................... [ 71%]
2026-10-09T14:34:43.1871877Z .....ssssssssssssssssssssssssssssssssssss............ssssssssssss....... [ 72%]
2026-10-09T14:34:46.9022049Z .....ssssssssssss............ssssssssssss............ssssssssssss..ss... [ 72%]
2026-10-09T14:34:56.7092618Z ......................................................................ss [ 73%]
2026-10-09T14:34:57.0889404Z ssssssssssssssssssssssssssssssssssssssssssssssssssssssssssssssssssssss.. [ 74%]
2026-10-09T14:35:01.6161810Z ..........ssssssssssss....................................ssssssssssssss [ 74%]
2026-10-09T14:35:06.0421493Z ssssssssssssssssssssss............ssssssssssss.......................... [ 75%]
2026-10-09T14:35:08.2202143Z ......................ssssssssssssssssssssssssssssssssssssssssssssssss.. [ 76%]
2026-10-09T14:36:51.1957610Z ..........ssssssssssss..............................................sss. [ 77%]
2026-10-09T14:36:55.5965545Z s.s.........s.s.s.s.s.s.s.s.s.s.s.s.s.s.s.s.s.s.s.s.s......ssssss......s [ 77%]
2026-10-09T14:37:05.8060376Z sssss..ss..ss......ssssss......ssssss..ss..ss..ss..ss..ss..ss...ss..ss.. [ 78%]
2026-10-09T14:37:12.2630060Z ss..ss..ss..ss..ss..ss....ssss....ssss....ssss........ssssssss....ssss.. [ 79%]
2026-10-09T14:37:20.3702422Z ........ssssssssss..ss....ssss....ssss....ssss..ss........ssssssss....ss [ 79%]
2026-10-09T14:37:27.4408218Z ss....ssss....ssss....ssss........ssssssss..............ssssssssss..ss.. [ 80%]
2026-10-09T14:37:31.5680389Z ......ssssssss..ss..........ssssssssss..ss..ss..s.s.s.s.s.s.s.s.s.s.s.ss [ 81%]
2026-10-09T14:37:36.3089092Z ..ss..ss..ss..ss..ss..ss...ss..ss........ssssssss..ss..ss..ss..ss......s [ 82%]
2026-10-09T14:37:40.1999767Z sssss..ss..ss..ss..ssssssssssssss......ssssss......ssssss............sss [ 82%]
2026-10-09T14:37:42.9770304Z sssssssss......ssssss...sss...sss...sss.s.s...sss.s...sss.s...sss.s..ss. [ 83%]
2026-10-09T14:37:46.2246024Z s.s....ssss..ss..ss....ssss..ss..ss..ss..ss..ss....ssss......ssssss..ss. [ 84%]
2026-10-09T14:37:51.9722467Z ...ssss..ss..ss..ss..ss..ss..ss..ss.......ss.s.s.s.s.s.s.s..ss.s.s.s.s.s [ 84%]
2026-10-09T14:37:56.3321283Z ...ss..ss.s.s....ssss.s..ss..ss..ss.s.s..ss..ss....ssss..s.s.....sssss.s [ 85%]
2026-10-09T14:38:02.0377262Z .s..s.s.s.s.s....ssss..ss..ss..ss..ss..ss..ss..ss..ss..ss..ss..ss..ss..s [ 86%]
2026-10-09T14:38:07.6694309Z s..ss....ssss.s.s.s.s.s.s.s..ss.s.s.s.s..ss.s..ss..ss..ss..ss..ss..ss... [ 87%]
2026-10-09T14:38:14.5686431Z .....ssssssss..ss..ss..ss..ss..ss..ss..ss..ss........ssssssss..ss....sss [ 87%]
2026-10-09T14:38:21.4250465Z s..ss..ss....ssss..ss..ss..ss..ss...ss..ss..ss..ss..ss..ss..ss.s..ss.s.s [ 88%]
2026-10-09T14:38:23.0830865Z .s..ss..ss.s.s.s......ssssss.s.s.s.s..ss..ss..ss.................s...... [ 89%]
2026-10-09T14:38:24.0486931Z ..............ssssss.................................................... [ 89%]
2026-10-09T14:38:32.2301621Z .................sssssss...sss..ss.s.s..........ssssssssss..ss.s..ss...s [ 90%]
2026-10-09T14:38:41.3842031Z ss.s.s.s.........sssssssss.s.s.s.s..ss..ss..ss..ss...sss.s.s.s.s.s.s.s.. [ 91%]
2026-10-09T14:38:47.3450252Z .....sssssss.s.s.s.s.s.s...sss.s...ss..ss....ssss..ss..ss....ssss..ss..s [ 91%]
2026-10-09T14:38:47.7212364Z s..ss................................................................... [ 92%]
2026-10-09T14:38:47.7763517Z ........................................................................ [ 93%]
2026-10-09T14:38:47.8356717Z ........................................................................ [ 94%]
2026-10-09T14:38:52.3603568Z ...s.s.s.s.s.s.s.s.s.s.s.s.s.s.s.s.s.s.s.s.............sssssssssssss.s.s [ 94%]
2026-10-09T14:38:55.8785966Z .s.s.s.s.s.s.s.s.s.s.s.s.s.s.s.s.s.........sss.....sssss.s.s.s.s.s.s.s.s [ 95%]
2026-10-09T14:39:54.2771531Z .s..ss..............ssssssssssssss..ss..ss..ss..ss..ss..ss..ss..ss..ss.s [ 96%]
2026-10-09T14:40:04.3461832Z .s.s......ssssss...s...sss.s.s.s.s.s.......sssssss.........sssssssss.s.s [ 96%]
2026-10-09T14:40:09.4719791Z .s.s.............sssssssssssss.....sssss.s.s.s..ss.s.s.s.s.....sssss.s.s [ 97%]
2026-10-09T14:40:15.8230740Z .s..ss.s.s.s.s.s.s.s.s.s.......sssssss..ss....ssss..ss..ss..ss..ss....ss [ 98%]
2026-10-09T14:40:28.2289259Z ##[error]The operation was canceled.
2026-10-09T14:40:28.2330638Z ##[group]Run python .github/ci/receipt.py "$CI_RECEIPTS"
2026-10-09T14:40:28.2330971Z [36;1mpython .github/ci/receipt.py "$CI_RECEIPTS"[0m
2026-10-09T14:40:28.2386506Z shell: /usr/bin/bash -e {0}
2026-10-09T14:40:28.2386709Z env:
2026-10-09T14:40:28.2386872Z   MOCK_PROVIDER: true
2026-10-09T14:40:28.2387053Z   MOCK_STREAM_DELAY_MS: 0
2026-10-09T14:40:28.2387236Z   ENABLE_CLOUD: false
2026-10-09T14:40:28.2387413Z   CREDENTIAL_VAULT_BACKEND: memory
2026-10-09T14:40:28.2387649Z   CREDENTIAL_VAULT_ALLOW_MEMORY_FALLBACK: true
2026-10-09T14:40:28.2387890Z   PYTHONDONTWRITEBYTECODE: 1
2026-10-09T14:40:28.2388083Z   HF_HUB_OFFLINE: 1
2026-10-09T14:40:28.2388253Z   TRANSFORMERS_OFFLINE: 1
2026-10-09T14:40:28.2388483Z   pythonLocation: /opt/hostedtoolcache/Python/3.12.9/x64
2026-10-09T14:40:28.2388811Z   PKG_CONFIG_PATH: /opt/hostedtoolcache/Python/3.12.9/x64/lib/pkgconfig
2026-10-09T14:40:28.2389296Z   Python_ROOT_DIR: /opt/hostedtoolcache/Python/3.12.9/x64
2026-10-09T14:40:28.2389627Z   Python2_ROOT_DIR: /opt/hostedtoolcache/Python/3.12.9/x64
2026-10-09T14:40:28.2389920Z   Python3_ROOT_DIR: /opt/hostedtoolcache/Python/3.12.9/x64
2026-10-09T14:40:28.2390207Z   LD_LIBRARY_PATH: /opt/hostedtoolcache/Python/3.12.9/x64/lib
2026-10-09T14:40:28.2390507Z   CI_COVERAGE_SHA: 99c43b6892038233c390be2ae61acb669163d0b5
2026-10-09T14:40:28.2390789Z   CI_COVERAGE_TREE: 69d69ffe71838263069d164a0a07b39b5f4a4333
2026-10-09T14:40:28.2391122Z   CI_SANDBOX: /home/runner/work/_temp/novel-ci-backend-file-shard-0.wwNrjL
2026-10-09T14:40:28.2391527Z   CI_PROJECT: /home/runner/work/_temp/novel-ci-backend-file-shard-0.wwNrjL/project
2026-10-09T14:40:28.2391944Z   CI_RECEIPTS: /home/runner/work/_temp/novel-ci-backend-file-shard-0.wwNrjL/receipts
2026-10-09T14:40:28.2392456Z   HOME: /home/runner/work/_temp/novel-ci-backend-file-shard-0.wwNrjL/project/.runtime/ci-backend/home
2026-10-09T14:40:28.2392994Z   USERPROFILE: /home/runner/work/_temp/novel-ci-backend-file-shard-0.wwNrjL/project/.runtime/ci-backend/home
2026-10-09T14:40:28.2393542Z   APPDATA: /home/runner/work/_temp/novel-ci-backend-file-shard-0.wwNrjL/project/.runtime/ci-backend/appdata
2026-10-09T14:40:28.2394125Z   LOCALAPPDATA: /home/runner/work/_temp/novel-ci-backend-file-shard-0.wwNrjL/project/.runtime/ci-backend/localappdata
2026-10-09T14:40:28.2394909Z   XDG_CONFIG_HOME: /home/runner/work/_temp/novel-ci-backend-file-shard-0.wwNrjL/project/.runtime/ci-backend/config
2026-10-09T14:40:28.2395507Z   XDG_CACHE_HOME: /home/runner/work/_temp/novel-ci-backend-file-shard-0.wwNrjL/project/.runtime/ci-backend/cache
2026-10-09T14:40:28.2396062Z   XDG_DATA_HOME: /home/runner/work/_temp/novel-ci-backend-file-shard-0.wwNrjL/project/.runtime/ci-backend/data
2026-10-09T14:40:28.2396597Z   XDG_STATE_HOME: /home/runner/work/_temp/novel-ci-backend-file-shard-0.wwNrjL/project/.runtime/ci-backend/state
2026-10-09T14:40:28.2397161Z   TMPDIR: /home/runner/work/_temp/novel-ci-backend-file-shard-0.wwNrjL/project/.runtime/ci-backend/tmp
2026-10-09T14:40:28.2397896Z   TMP: /home/runner/work/_temp/novel-ci-backend-file-shard-0.wwNrjL/project/.runtime/ci-backend/tmp
2026-10-09T14:40:28.2398518Z   TEMP: /home/runner/work/_temp/novel-ci-backend-file-shard-0.wwNrjL/project/.runtime/ci-backend/tmp
2026-10-09T14:40:28.2398996Z   PROJECT_ROOT: /home/runner/work/_temp/novel-ci-backend-file-shard-0.wwNrjL/project
2026-10-09T14:40:28.2399525Z   NOVEL_DATA_PATH: /home/runner/work/_temp/novel-ci-backend-file-shard-0.wwNrjL/project/.runtime/ci-backend/data/novels
2026-10-09T14:40:28.2400110Z   BACKUP_PATH: /home/runner/work/_temp/novel-ci-backend-file-shard-0.wwNrjL/project/.runtime/ci-backend/data/backups
2026-10-09T14:40:28.2400747Z   DATABASE_BACKUP_PATH: /home/runner/work/_temp/novel-ci-backend-file-shard-0.wwNrjL/project/.runtime/ci-backend/data/database-backups
2026-10-09T14:40:28.2401544Z   KNOWLEDGE_SOURCE_PATH: /home/runner/work/_temp/novel-ci-backend-file-shard-0.wwNrjL/project/.runtime/ci-backend/data/novels
2026-10-09T14:40:28.2402440Z   CI_V2_RUNTIME: /home/runner/work/_temp/novel-ci-backend-file-shard-0.wwNrjL/project/.runtime/ci-backend
2026-10-09T14:40:28.2403267Z   R2_TEST_FONT_FILE: /home/runner/work/_temp/novel-ci-backend-file-shard-0.wwNrjL/fonts/NotoSansSC-Regular.ttf
2026-10-09T14:40:28.2403810Z ##[endgroup]
2026-10-09T14:40:28.2876833Z {
2026-10-09T14:40:28.2878018Z   "revision": "checked_out_sha=99c43b6892038233c390be2ae61acb669163d0b5\nevent_sha=99c43b6892038233c390be2ae61acb669163d0b5\nrun_url=https://github.com/1785235376-blip/AI-Novel-Studio/actions/runs/37943398984\njob=backend-file-shard-0\nplatform=Linux; native Windows host/AppContainer/installer=NOT RUN\n",
2026-10-09T14:40:28.2879061Z   "test_reports": {
2026-10-09T14:40:28.2879376Z     "coverage-harness.xml": {
2026-10-09T14:40:28.2879579Z       "tests": 174,
2026-10-09T14:40:28.2879747Z       "failures": 0,
2026-10-09T14:40:28.2879920Z       "errors": 0,
2026-10-09T14:40:28.2880084Z       "skipped": 0
2026-10-09T14:40:28.2880484Z     }
2026-10-09T14:40:28.2880636Z   },
2026-10-09T14:40:28.2880808Z   "report_status": "RECORDED",
2026-10-09T14:40:28.2881063Z   "native_windows_host_appcontainer_installer": "NOT RUN",
2026-10-09T14:40:28.2881357Z   "real_model_and_paid_provider_execution": "NOT RUN"
2026-10-09T14:40:28.2881590Z }
2026-10-09T14:40:28.2881677Z 
2026-10-09T14:40:28.2998158Z ##[group]Run actions/upload-artifact@v4.6.2
2026-10-09T14:40:28.2998404Z with:
2026-10-09T14:40:28.2998700Z   name: backend-file-shard-0-99c43b6892038233c390be2ae61acb669163d0b5-attempt-1
2026-10-09T14:40:28.2999134Z   path: /home/runner/work/_temp/novel-ci-backend-file-shard-0.wwNrjL/receipts
2026-10-09T14:40:28.2999451Z   if-no-files-found: error
2026-10-09T14:40:28.2999649Z   retention-days: 14
2026-10-09T14:40:28.2999828Z   compression-level: 6
2026-10-09T14:40:28.3000010Z   overwrite: false
2026-10-09T14:40:28.3000185Z   include-hidden-files: false
2026-10-09T14:40:28.3000374Z env:
2026-10-09T14:40:28.3000525Z   MOCK_PROVIDER: true
2026-10-09T14:40:28.3000712Z   MOCK_STREAM_DELAY_MS: 0
2026-10-09T14:40:28.3000890Z   ENABLE_CLOUD: false
2026-10-09T14:40:28.3001068Z   CREDENTIAL_VAULT_BACKEND: memory
2026-10-09T14:40:28.3001300Z   CREDENTIAL_VAULT_ALLOW_MEMORY_FALLBACK: true
2026-10-09T14:40:28.3001537Z   PYTHONDONTWRITEBYTECODE: 1
2026-10-09T14:40:28.3001761Z   HF_HUB_OFFLINE: 1
2026-10-09T14:40:28.3001931Z   TRANSFORMERS_OFFLINE: 1
2026-10-09T14:40:28.3002155Z   pythonLocation: /opt/hostedtoolcache/Python/3.12.9/x64
2026-10-09T14:40:28.3002482Z   PKG_CONFIG_PATH: /opt/hostedtoolcache/Python/3.12.9/x64/lib/pkgconfig
2026-10-09T14:40:28.3002797Z   Python_ROOT_DIR: /opt/hostedtoolcache/Python/3.12.9/x64
2026-10-09T14:40:28.3003090Z   Python2_ROOT_DIR: /opt/hostedtoolcache/Python/3.12.9/x64
2026-10-09T14:40:28.3003374Z   Python3_ROOT_DIR: /opt/hostedtoolcache/Python/3.12.9/x64
2026-10-09T14:40:28.3003655Z   LD_LIBRARY_PATH: /opt/hostedtoolcache/Python/3.12.9/x64/lib
2026-10-09T14:40:28.3003958Z   CI_COVERAGE_SHA: 99c43b6892038233c390be2ae61acb669163d0b5
2026-10-09T14:40:28.3004240Z   CI_COVERAGE_TREE: 69d69ffe71838263069d164a0a07b39b5f4a4333
2026-10-09T14:40:28.3004695Z   CI_SANDBOX: /home/runner/work/_temp/novel-ci-backend-file-shard-0.wwNrjL
2026-10-09T14:40:28.3005099Z   CI_PROJECT: /home/runner/work/_temp/novel-ci-backend-file-shard-0.wwNrjL/project
2026-10-09T14:40:28.3005522Z   CI_RECEIPTS: /home/runner/work/_temp/novel-ci-backend-file-shard-0.wwNrjL/receipts
2026-10-09T14:40:28.3005994Z   HOME: /home/runner/work/_temp/novel-ci-backend-file-shard-0.wwNrjL/project/.runtime/ci-backend/home
2026-10-09T14:40:28.3006523Z   USERPROFILE: /home/runner/work/_temp/novel-ci-backend-file-shard-0.wwNrjL/project/.runtime/ci-backend/home
2026-10-09T14:40:28.3007070Z   APPDATA: /home/runner/work/_temp/novel-ci-backend-file-shard-0.wwNrjL/project/.runtime/ci-backend/appdata
2026-10-09T14:40:28.3007658Z   LOCALAPPDATA: /home/runner/work/_temp/novel-ci-backend-file-shard-0.wwNrjL/project/.runtime/ci-backend/localappdata
2026-10-09T14:40:28.3008242Z   XDG_CONFIG_HOME: /home/runner/work/_temp/novel-ci-backend-file-shard-0.wwNrjL/project/.runtime/ci-backend/config
2026-10-09T14:40:28.3008791Z   XDG_CACHE_HOME: /home/runner/work/_temp/novel-ci-backend-file-shard-0.wwNrjL/project/.runtime/ci-backend/cache
2026-10-09T14:40:28.3009331Z   XDG_DATA_HOME: /home/runner/work/_temp/novel-ci-backend-file-shard-0.wwNrjL/project/.runtime/ci-backend/data
2026-10-09T14:40:28.3009862Z   XDG_STATE_HOME: /home/runner/work/_temp/novel-ci-backend-file-shard-0.wwNrjL/project/.runtime/ci-backend/state
2026-10-09T14:40:28.3010394Z   TMPDIR: /home/runner/work/_temp/novel-ci-backend-file-shard-0.wwNrjL/project/.runtime/ci-backend/tmp
2026-10-09T14:40:28.3010895Z   TMP: /home/runner/work/_temp/novel-ci-backend-file-shard-0.wwNrjL/project/.runtime/ci-backend/tmp
2026-10-09T14:40:28.3011386Z   TEMP: /home/runner/work/_temp/novel-ci-backend-file-shard-0.wwNrjL/project/.runtime/ci-backend/tmp
2026-10-09T14:40:28.3011840Z   PROJECT_ROOT: /home/runner/work/_temp/novel-ci-backend-file-shard-0.wwNrjL/project
2026-10-09T14:40:28.3012503Z   NOVEL_DATA_PATH: /home/runner/work/_temp/novel-ci-backend-file-shard-0.wwNrjL/project/.runtime/ci-backend/data/novels
2026-10-09T14:40:28.3013079Z   BACKUP_PATH: /home/runner/work/_temp/novel-ci-backend-file-shard-0.wwNrjL/project/.runtime/ci-backend/data/backups
2026-10-09T14:40:28.3013829Z   DATABASE_BACKUP_PATH: /home/runner/work/_temp/novel-ci-backend-file-shard-0.wwNrjL/project/.runtime/ci-backend/data/database-backups
2026-10-09T14:40:28.3014881Z   KNOWLEDGE_SOURCE_PATH: /home/runner/work/_temp/novel-ci-backend-file-shard-0.wwNrjL/project/.runtime/ci-backend/data/novels
2026-10-09T14:40:28.3015455Z   CI_V2_RUNTIME: /home/runner/work/_temp/novel-ci-backend-file-shard-0.wwNrjL/project/.runtime/ci-backend
2026-10-09T14:40:28.3015992Z   R2_TEST_FONT_FILE: /home/runner/work/_temp/novel-ci-backend-file-shard-0.wwNrjL/fonts/NotoSansSC-Regular.ttf
2026-10-09T14:40:28.3016368Z ##[endgroup]
2026-10-09T14:40:28.4389335Z (node:48066) [DEP0040] DeprecationWarning: The `punycode` module is deprecated. Please use a userland alternative instead.
2026-10-09T14:40:28.4390704Z (Use `node --trace-deprecation ...` to show where the warning was created)
2026-10-09T14:40:28.5314206Z With the provided path, there will be 10 files uploaded
2026-10-09T14:40:28.5314995Z Artifact name is valid!
2026-10-09T14:40:28.5315427Z Root directory input is valid!
2026-10-09T14:40:28.8175965Z Beginning upload of artifact content to blob storage
2026-10-09T14:40:28.9815612Z (node:48066) [DEP0169] DeprecationWarning: `url.parse()` behavior is not standardized and prone to errors that have security implications. Use the WHATWG URL API instead. CVEs are not issued for `url.parse()` vulnerabilities.
2026-10-09T14:40:29.4388551Z Uploaded bytes 511226
2026-10-09T14:40:29.5005667Z Finished uploading artifact content to blob storage!
2026-10-09T14:40:29.5006456Z SHA256 digest of uploaded artifact zip is 265b4b34a426da8e3917f5e5f068ea63cddd1fa6350971ffcc52309bdff17b6c
2026-10-09T14:40:29.5007005Z Finalizing artifact upload
2026-10-09T14:40:29.7954196Z Artifact backend-file-shard-0-99c43b6892038233c390be2ae61acb669163d0b5-attempt-1.zip successfully finalized. Artifact ID 11623575944
2026-10-09T14:40:29.7955872Z Artifact backend-file-shard-0-99c43b6892038233c390be2ae61acb669163d0b5-attempt-1 has been successfully uploaded! Final size is 511226 bytes. Artifact ID is 11623575944
2026-10-09T14:40:29.7957294Z Artifact download URL: https://github.com/1785235376-blip/AI-Novel-Studio/actions/runs/37943398984/artifacts/11623575944
2026-10-09T14:40:29.8130355Z Post job cleanup.
2026-10-09T14:40:29.8839044Z [command]/usr/bin/git version
2026-10-09T14:40:29.8879150Z git version 2.55.0
2026-10-09T14:40:29.8910751Z Temporarily overriding HOME='/home/runner/work/_temp/5619d792-df59-4dca-afc4-9e68dc3464bb' before making global git config changes
2026-10-09T14:40:29.8911823Z Adding repository directory to the temporary git global config as a safe directory
2026-10-09T14:40:29.8918124Z [command]/usr/bin/git config --global --add safe.directory /home/runner/work/AI-Novel-Studio/AI-Novel-Studio
2026-10-09T14:40:29.8954965Z [command]/usr/bin/git config --local --name-only --get-regexp core\.sshCommand
2026-10-09T14:40:29.8987184Z [command]/usr/bin/git submodule foreach --recursive sh -c "git config --local --name-only --get-regexp 'core\.sshCommand' && git config --local --unset-all 'core.sshCommand' || :"
2026-10-09T14:40:29.9205411Z [command]/usr/bin/git config --local --name-only --get-regexp http\.https\:\/\/github\.com\/\.extraheader
2026-10-09T14:40:29.9242264Z [command]/usr/bin/git submodule foreach --recursive sh -c "git config --local --name-only --get-regexp 'http\.https\:\/\/github\.com\/\.extraheader' && git config --local --unset-all 'http.https://github.com/.extraheader' || :"
2026-10-09T14:40:29.9626591Z Cleaning up orphan processes
2026-10-09T14:40:29.9824168Z Terminate orphan process: pid (3534) (python)
2026-10-09T14:40:29.9858173Z Terminate orphan process: pid (3535) (tee)
2026-10-09T14:40:29.9893439Z Terminate orphan process: pid (6601) (python)
2026-10-09T14:40:29.9967901Z Terminate orphan process: pid (48055) (node)
2026-10-09T14:40:29.9993389Z Terminate orphan process: pid (48063) (ffprobe)
2026-10-09T14:40:30.0008665Z ##[warning]Node.js 20 is deprecated. The following actions target Node.js 20 but are being forced to run on Node.js 24: actions/checkout@v4.2.2, actions/setup-python@v5.6.0, actions/upload-artifact@v4.6.2. For more information see: https://github.blog/changelog/2025-09-19-deprecation-of-node-20-on-github-actions-runners/
