2026-10-09T15:51:30.5079413Z Current runner version: '2.337.0'
2026-10-09T15:51:30.5098054Z ##[group]Runner Image Provisioner
2026-10-09T15:51:30.5098710Z Hosted Compute Agent
2026-10-09T15:51:30.5099079Z Version: 20261002.596
2026-10-09T15:51:30.5099465Z Commit: c3d12f3313a95f25162a1503be624f3b0617f8c0
2026-10-09T15:51:30.5099884Z Build Date: 2026-10-02T22:28:27Z
2026-10-09T15:51:30.5100276Z Worker ID: {bdf5ecdb-dc67-4153-91fe-697394b6be16}
2026-10-09T15:51:30.5100743Z Region: centralus
2026-10-09T15:51:30.5101092Z Cloud: Azure
2026-10-09T15:51:30.5101430Z ##[endgroup]
2026-10-09T15:51:30.5102305Z ##[group]Operating System
2026-10-09T15:51:30.5102649Z Ubuntu
2026-10-09T15:51:30.5103024Z 24.04.5
2026-10-09T15:51:30.5103324Z LTS
2026-10-09T15:51:30.5103611Z ##[endgroup]
2026-10-09T15:51:30.5103975Z ##[group]Runner Image
2026-10-09T15:51:30.5104329Z Image: ubuntu-24.04
2026-10-09T15:51:30.5104707Z Version: 20261004.327.1
2026-10-09T15:51:30.5105458Z Included Software: https://github.com/actions/runner-images/blob/ubuntu24/20261004.327/images/ubuntu/Ubuntu2404-Readme.md
2026-10-09T15:51:30.5106326Z Image Release: https://github.com/actions/runner-images/releases/tag/ubuntu24%2F20261004.327
2026-10-09T15:51:30.5106856Z ##[endgroup]
2026-10-09T15:51:30.5107562Z ##[group]GITHUB_TOKEN Permissions
2026-10-09T15:51:30.5108669Z Contents: read
2026-10-09T15:51:30.5109075Z Metadata: read
2026-10-09T15:51:30.5109401Z ##[endgroup]
2026-10-09T15:51:30.5110714Z Secret source: Actions
2026-10-09T15:51:30.5111302Z Cache mode: write
2026-10-09T15:51:30.5111820Z Prepare workflow directory
2026-10-09T15:51:30.6530084Z Prepare all required actions
2026-10-09T15:51:30.6575398Z Getting action download info
2026-10-09T15:51:30.9489001Z Download action repository 'actions/checkout@v4.2.2' (SHA:11bd71901bbe5b1630ceea73d27597364c9af683)
2026-10-09T15:51:31.3547053Z Download action repository 'actions/setup-python@v5.6.0' (SHA:a26af69be951a213d495a4c3e4e4022e16d87065)
2026-10-09T15:51:31.9342355Z Download action repository 'actions/upload-artifact@v4.6.2' (SHA:ea165f8d65b6e75b540449e92b4886f43607fa02)
2026-10-09T15:51:32.4353165Z Complete job name: Backend execution / postgres / shard 0
2026-10-09T15:51:32.4675112Z ##[group]Checking docker version
2026-10-09T15:51:32.4683533Z ##[command]/usr/bin/docker version --format '{{.Server.APIVersion}}'
2026-10-09T15:51:32.5481879Z '1.48'
2026-10-09T15:51:32.5509244Z Docker daemon API version: '1.48'
2026-10-09T15:51:32.5509738Z ##[command]/usr/bin/docker version --format '{{.Client.APIVersion}}'
2026-10-09T15:51:32.5658813Z '1.48'
2026-10-09T15:51:32.5674880Z Docker client API version: '1.48'
2026-10-09T15:51:32.5678996Z ##[endgroup]
2026-10-09T15:51:32.5680354Z ##[group]Clean up resources from previous jobs
2026-10-09T15:51:32.5684199Z ##[command]/usr/bin/docker ps --all --quiet --no-trunc --filter "label=ea9c5e"
2026-10-09T15:51:32.5821485Z ##[command]/usr/bin/docker network prune --force --filter "label=ea9c5e"
2026-10-09T15:51:32.5925114Z ##[endgroup]
2026-10-09T15:51:32.5925343Z ##[group]Create local container network
2026-10-09T15:51:32.5931556Z ##[command]/usr/bin/docker network create --label ea9c5e github_network_ece79fd7c04b48a9be2787fdc9892d02
2026-10-09T15:51:32.6790731Z b49c505a4c0098d18c4ebbea38555f8cc933935427ca8bf2d4c7b1e3e0788bc4
2026-10-09T15:51:32.6808712Z ##[endgroup]
2026-10-09T15:51:32.6829042Z ##[group]Starting postgres service container
2026-10-09T15:51:32.6844170Z ##[command]/usr/bin/docker pull postgres:16-alpine
2026-10-09T15:51:33.2692245Z 16-alpine: Pulling from library/postgres
2026-10-09T15:51:33.4412643Z e2de96513ba9: Already exists
2026-10-09T15:51:33.4439151Z 1b7f9cd581ee: Pulling fs layer
2026-10-09T15:51:33.4440461Z 210b280f9556: Pulling fs layer
2026-10-09T15:51:33.4440613Z 81717818649a: Pulling fs layer
2026-10-09T15:51:33.4440895Z 3ae6141cfd99: Pulling fs layer
2026-10-09T15:51:33.4441095Z 25b77f59fd95: Pulling fs layer
2026-10-09T15:51:33.4441332Z 6c25da34e03f: Pulling fs layer
2026-10-09T15:51:33.4442028Z a88782f92806: Pulling fs layer
2026-10-09T15:51:33.4442237Z d8d21be4bf02: Pulling fs layer
2026-10-09T15:51:33.4442756Z 6117bd39f23f: Pulling fs layer
2026-10-09T15:51:33.4442894Z 509688edf37b: Pulling fs layer
2026-10-09T15:51:33.4443039Z 3ae6141cfd99: Waiting
2026-10-09T15:51:33.4443169Z 25b77f59fd95: Waiting
2026-10-09T15:51:33.4443304Z 6c25da34e03f: Waiting
2026-10-09T15:51:33.4443471Z d8d21be4bf02: Waiting
2026-10-09T15:51:33.4443640Z 6117bd39f23f: Waiting
2026-10-09T15:51:33.4443754Z a88782f92806: Waiting
2026-10-09T15:51:33.5796976Z 81717818649a: Verifying Checksum
2026-10-09T15:51:33.5797753Z 81717818649a: Download complete
2026-10-09T15:51:33.5798312Z 1b7f9cd581ee: Download complete
2026-10-09T15:51:33.6559057Z 210b280f9556: Verifying Checksum
2026-10-09T15:51:33.6559583Z 210b280f9556: Download complete
2026-10-09T15:51:33.7005576Z 3ae6141cfd99: Verifying Checksum
2026-10-09T15:51:33.7006279Z 3ae6141cfd99: Download complete
2026-10-09T15:51:33.7944467Z 6c25da34e03f: Download complete
2026-10-09T15:51:33.8398608Z a88782f92806: Verifying Checksum
2026-10-09T15:51:33.8404469Z a88782f92806: Download complete
2026-10-09T15:51:33.9428693Z d8d21be4bf02: Verifying Checksum
2026-10-09T15:51:33.9430011Z d8d21be4bf02: Download complete
2026-10-09T15:51:33.9796905Z 6117bd39f23f: Download complete
2026-10-09T15:51:34.1154866Z 509688edf37b: Verifying Checksum
2026-10-09T15:51:34.1155309Z 509688edf37b: Download complete
2026-10-09T15:51:34.1312496Z 25b77f59fd95: Verifying Checksum
2026-10-09T15:51:39.1398536Z 1b7f9cd581ee: Pull complete
2026-10-09T15:51:39.1681743Z 210b280f9556: Pull complete
2026-10-09T15:51:39.1780705Z 81717818649a: Pull complete
2026-10-09T15:51:39.1878809Z 3ae6141cfd99: Pull complete
2026-10-09T15:51:42.0337315Z 25b77f59fd95: Pull complete
2026-10-09T15:51:42.0433873Z 6c25da34e03f: Pull complete
2026-10-09T15:51:42.0508473Z a88782f92806: Pull complete
2026-10-09T15:51:42.0585861Z d8d21be4bf02: Pull complete
2026-10-09T15:51:42.0692709Z 6117bd39f23f: Pull complete
2026-10-09T15:51:42.0758906Z 509688edf37b: Pull complete
2026-10-09T15:51:42.0790891Z Digest: sha256:721873c34ceb9f8d8fc265984940dc982404c105f19ad51be9fdc5970a6080ea
2026-10-09T15:51:42.0802403Z Status: Downloaded newer image for postgres:16-alpine
2026-10-09T15:51:42.0808571Z docker.io/library/postgres:16-alpine
2026-10-09T15:51:42.0855897Z ##[command]/usr/bin/docker create --name 1365c9e9ce4e471aac3efd6b1f543a9c_postgres16alpine_2f7be9 --label ea9c5e --network github_network_ece79fd7c04b48a9be2787fdc9892d02 --network-alias postgres -p 5432:5432 --health-cmd "pg_isready -U ci -d novel_ci" --health-interval 5s --health-timeout 5s --health-retries 12 -e "POSTGRES_USER=ci" -e "POSTGRES_PASSWORD=ci-ephemeral-only" -e "POSTGRES_DB=novel_ci" -e GITHUB_ACTIONS=true -e CI=true postgres:16-alpine
2026-10-09T15:51:42.1077005Z 2f4a547d5a297b9b96684df0ba6aaf22c21285e3a10c1bb6d631718fe67862b0
2026-10-09T15:51:42.1098229Z ##[command]/usr/bin/docker start 2f4a547d5a297b9b96684df0ba6aaf22c21285e3a10c1bb6d631718fe67862b0
2026-10-09T15:51:42.2983599Z 2f4a547d5a297b9b96684df0ba6aaf22c21285e3a10c1bb6d631718fe67862b0
2026-10-09T15:51:42.2998335Z ##[command]/usr/bin/docker ps --all --filter id=2f4a547d5a297b9b96684df0ba6aaf22c21285e3a10c1bb6d631718fe67862b0 --filter status=running --no-trunc --format "{{.ID}} {{.Status}}"
2026-10-09T15:51:42.3090413Z 2f4a547d5a297b9b96684df0ba6aaf22c21285e3a10c1bb6d631718fe67862b0 Up Less than a second (health: starting)
2026-10-09T15:51:42.3111987Z ##[command]/usr/bin/docker port 2f4a547d5a297b9b96684df0ba6aaf22c21285e3a10c1bb6d631718fe67862b0
2026-10-09T15:51:42.3274453Z 5432/tcp -> 0.0.0.0:5432
2026-10-09T15:51:42.3275768Z 5432/tcp -> [::]:5432
2026-10-09T15:51:42.3317678Z ##[endgroup]
2026-10-09T15:51:42.3325307Z ##[group]Waiting for all services to be ready
2026-10-09T15:51:42.3334870Z ##[command]/usr/bin/docker inspect --format="{{if .Config.Healthcheck}}{{print .State.Health.Status}}{{end}}" 2f4a547d5a297b9b96684df0ba6aaf22c21285e3a10c1bb6d631718fe67862b0
2026-10-09T15:51:42.3435337Z starting
2026-10-09T15:51:42.3454141Z postgres service is starting, waiting 2 seconds before checking again.
2026-10-09T15:51:44.3459629Z ##[command]/usr/bin/docker inspect --format="{{if .Config.Healthcheck}}{{print .State.Health.Status}}{{end}}" 2f4a547d5a297b9b96684df0ba6aaf22c21285e3a10c1bb6d631718fe67862b0
2026-10-09T15:51:44.3569005Z starting
2026-10-09T15:51:44.3571825Z postgres service is starting, waiting 3 seconds before checking again.
2026-10-09T15:51:48.2136983Z ##[command]/usr/bin/docker inspect --format="{{if .Config.Healthcheck}}{{print .State.Health.Status}}{{end}}" 2f4a547d5a297b9b96684df0ba6aaf22c21285e3a10c1bb6d631718fe67862b0
2026-10-09T15:51:48.2232156Z healthy
2026-10-09T15:51:48.2246683Z postgres service is healthy.
2026-10-09T15:51:48.2246996Z ##[endgroup]
2026-10-09T15:51:48.2423817Z ##[group]Run actions/checkout@v4.2.2
2026-10-09T15:51:48.2424083Z with:
2026-10-09T15:51:48.2424205Z   persist-credentials: false
2026-10-09T15:51:48.2424368Z   repository: 1785235376-blip/AI-Novel-Studio
2026-10-09T15:51:48.2425923Z   token: ***
2026-10-09T15:51:48.2426043Z   ssh-strict: true
2026-10-09T15:51:48.2426160Z   ssh-user: git
2026-10-09T15:51:48.2426294Z   clean: true
2026-10-09T15:51:48.2426417Z   sparse-checkout-cone-mode: true
2026-10-09T15:51:48.2426562Z   fetch-depth: 1
2026-10-09T15:51:48.2426673Z   fetch-tags: false
2026-10-09T15:51:48.2426788Z   show-progress: true
2026-10-09T15:51:48.2426904Z   lfs: false
2026-10-09T15:51:48.2427009Z   submodules: false
2026-10-09T15:51:48.2427130Z   set-safe-directory: true
2026-10-09T15:51:48.2427326Z env:
2026-10-09T15:51:48.2427430Z   MOCK_PROVIDER: true
2026-10-09T15:51:48.2427551Z   MOCK_STREAM_DELAY_MS: 0
2026-10-09T15:51:48.2427678Z   ENABLE_CLOUD: false
2026-10-09T15:51:48.2427802Z   CREDENTIAL_VAULT_BACKEND: memory
2026-10-09T15:51:48.2427988Z   CREDENTIAL_VAULT_ALLOW_MEMORY_FALLBACK: true
2026-10-09T15:51:48.2428153Z   PYTHONDONTWRITEBYTECODE: 1
2026-10-09T15:51:48.2428284Z   HF_HUB_OFFLINE: 1
2026-10-09T15:51:48.2428400Z   TRANSFORMERS_OFFLINE: 1
2026-10-09T15:51:48.2428527Z ##[endgroup]
2026-10-09T15:51:48.3153698Z Syncing repository: 1785235376-blip/AI-Novel-Studio
2026-10-09T15:51:48.3155081Z ##[group]Getting Git version info
2026-10-09T15:51:48.3155465Z Working directory is '/home/runner/work/AI-Novel-Studio/AI-Novel-Studio'
2026-10-09T15:51:48.3156110Z [command]/usr/bin/git version
2026-10-09T15:51:48.3197705Z git version 2.55.0
2026-10-09T15:51:48.3213244Z ##[endgroup]
2026-10-09T15:51:48.3225790Z Temporarily overriding HOME='/home/runner/work/_temp/0b4c5ffe-9098-45fe-9160-e3309dd5cf1b' before making global git config changes
2026-10-09T15:51:48.3227739Z Adding repository directory to the temporary git global config as a safe directory
2026-10-09T15:51:48.3231827Z [command]/usr/bin/git config --global --add safe.directory /home/runner/work/AI-Novel-Studio/AI-Novel-Studio
2026-10-09T15:51:48.3281965Z Deleting the contents of '/home/runner/work/AI-Novel-Studio/AI-Novel-Studio'
2026-10-09T15:51:48.3285866Z ##[group]Initializing the repository
2026-10-09T15:51:48.3289857Z [command]/usr/bin/git init /home/runner/work/AI-Novel-Studio/AI-Novel-Studio
2026-10-09T15:51:48.3414441Z hint: Using 'master' as the name for the initial branch. This default branch name
2026-10-09T15:51:48.3415342Z hint: will change to "main" in Git 3.0. To configure the initial branch name
2026-10-09T15:51:48.3416297Z hint: to use in all of your new repositories, which will suppress this warning,
2026-10-09T15:51:48.3416672Z hint: call:
2026-10-09T15:51:48.3416838Z hint:
2026-10-09T15:51:48.3417124Z hint: 	git config --global init.defaultBranch <name>
2026-10-09T15:51:48.3417424Z hint:
2026-10-09T15:51:48.3417690Z hint: Names commonly chosen instead of 'master' are 'main', 'trunk' and
2026-10-09T15:51:48.3418150Z hint: 'development'. The just-created branch can be renamed via this command:
2026-10-09T15:51:48.3418477Z hint:
2026-10-09T15:51:48.3418661Z hint: 	git branch -m <name>
2026-10-09T15:51:48.3418864Z hint:
2026-10-09T15:51:48.3419149Z hint: Disable this message with "git config set advice.defaultBranchName false"
2026-10-09T15:51:48.3419684Z Initialized empty Git repository in /home/runner/work/AI-Novel-Studio/AI-Novel-Studio/.git/
2026-10-09T15:51:48.3429012Z [command]/usr/bin/git remote add origin https://github.com/1785235376-blip/AI-Novel-Studio
2026-10-09T15:51:48.3480502Z ##[endgroup]
2026-10-09T15:51:48.3482735Z ##[group]Disabling automatic garbage collection
2026-10-09T15:51:48.3485451Z [command]/usr/bin/git config --local gc.auto 0
2026-10-09T15:51:48.3518837Z ##[endgroup]
2026-10-09T15:51:48.3519325Z ##[group]Setting up auth
2026-10-09T15:51:48.3526645Z [command]/usr/bin/git config --local --name-only --get-regexp core\.sshCommand
2026-10-09T15:51:48.3562120Z [command]/usr/bin/git submodule foreach --recursive sh -c "git config --local --name-only --get-regexp 'core\.sshCommand' && git config --local --unset-all 'core.sshCommand' || :"
2026-10-09T15:51:48.3876765Z [command]/usr/bin/git config --local --name-only --get-regexp http\.https\:\/\/github\.com\/\.extraheader
2026-10-09T15:51:48.3907350Z [command]/usr/bin/git submodule foreach --recursive sh -c "git config --local --name-only --get-regexp 'http\.https\:\/\/github\.com\/\.extraheader' && git config --local --unset-all 'http.https://github.com/.extraheader' || :"
2026-10-09T15:51:48.4094692Z [command]/usr/bin/git config --local http.https://github.com/.extraheader AUTHORIZATION: basic ***
2026-10-09T15:51:48.4135419Z ##[endgroup]
2026-10-09T15:51:48.4135825Z ##[group]Fetching the repository
2026-10-09T15:51:48.4143133Z [command]/usr/bin/git -c protocol.version=2 fetch --no-tags --prune --no-recurse-submodules --depth=1 origin +02a3f6e9908f785a308a4605e362f8876aed4d8b:refs/remotes/pull/47/merge
2026-10-09T15:51:52.7772868Z From https://github.com/1785235376-blip/AI-Novel-Studio
2026-10-09T15:51:52.7773513Z  * [new ref]         02a3f6e9908f785a308a4605e362f8876aed4d8b -> pull/47/merge
2026-10-09T15:51:52.7777440Z ##[endgroup]
2026-10-09T15:51:52.7777793Z ##[group]Determining the checkout info
2026-10-09T15:51:52.7779926Z ##[endgroup]
2026-10-09T15:51:52.7785836Z [command]/usr/bin/git sparse-checkout disable
2026-10-09T15:51:52.7834844Z [command]/usr/bin/git config --local --unset-all extensions.worktreeConfig
2026-10-09T15:51:52.7861194Z ##[group]Checking out the ref
2026-10-09T15:51:52.7863999Z [command]/usr/bin/git checkout --progress --force refs/remotes/pull/47/merge
2026-10-09T15:51:53.2846293Z Note: switching to 'refs/remotes/pull/47/merge'.
2026-10-09T15:51:53.2846488Z 
2026-10-09T15:51:53.2846631Z You are in 'detached HEAD' state. You can look around, make experimental
2026-10-09T15:51:53.2846909Z changes and commit them, and you can discard any commits you make in this
2026-10-09T15:51:53.2847175Z state without impacting any branches by switching back to a branch.
2026-10-09T15:51:53.2847463Z 
2026-10-09T15:51:53.2847623Z If you want to create a new branch to retain commits you create, you may
2026-10-09T15:51:53.2847982Z do so (now or later) by using -c with the switch command. Example:
2026-10-09T15:51:53.2848191Z 
2026-10-09T15:51:53.2848280Z   git switch -c <new-branch-name>
2026-10-09T15:51:53.2848423Z 
2026-10-09T15:51:53.2848511Z Or undo this operation with:
2026-10-09T15:51:53.2848663Z 
2026-10-09T15:51:53.2848732Z   git switch -
2026-10-09T15:51:53.2848859Z 
2026-10-09T15:51:53.2849032Z Turn off this advice by setting config variable advice.detachedHead to false
2026-10-09T15:51:53.2849278Z 
2026-10-09T15:51:53.2849563Z HEAD is now at 02a3f6e Merge 9851bdd2d692df983664bc8f4597fbc05c0e2ceb into fed2404c8e30b44061b7139dced45b7f3301601c
2026-10-09T15:51:53.2890184Z ##[endgroup]
2026-10-09T15:51:53.2933382Z [command]/usr/bin/git log -1 --format=%H
2026-10-09T15:51:53.2958946Z 02a3f6e9908f785a308a4605e362f8876aed4d8b
2026-10-09T15:51:53.2967084Z ##[group]Removing auth
2026-10-09T15:51:53.2969835Z [command]/usr/bin/git config --local --name-only --get-regexp core\.sshCommand
2026-10-09T15:51:53.3000290Z [command]/usr/bin/git submodule foreach --recursive sh -c "git config --local --name-only --get-regexp 'core\.sshCommand' && git config --local --unset-all 'core.sshCommand' || :"
2026-10-09T15:51:53.3182033Z [command]/usr/bin/git config --local --name-only --get-regexp http\.https\:\/\/github\.com\/\.extraheader
2026-10-09T15:51:53.3210287Z http.https://github.com/.extraheader
2026-10-09T15:51:53.3215782Z [command]/usr/bin/git config --local --unset-all http.https://github.com/.extraheader
2026-10-09T15:51:53.3246743Z [command]/usr/bin/git submodule foreach --recursive sh -c "git config --local --name-only --get-regexp 'http\.https\:\/\/github\.com\/\.extraheader' && git config --local --unset-all 'http.https://github.com/.extraheader' || :"
2026-10-09T15:51:53.3421565Z ##[endgroup]
2026-10-09T15:51:53.3599557Z ##[group]Run actions/setup-python@v5.6.0
2026-10-09T15:51:53.3599733Z with:
2026-10-09T15:51:53.3599851Z   python-version: 3.12.9
2026-10-09T15:51:53.3599984Z   check-latest: false
2026-10-09T15:51:53.3601456Z   token: ***
2026-10-09T15:51:53.3601576Z   update-environment: true
2026-10-09T15:51:53.3601953Z   allow-prereleases: false
2026-10-09T15:51:53.3602086Z   freethreaded: false
2026-10-09T15:51:53.3602206Z env:
2026-10-09T15:51:53.3602329Z   MOCK_PROVIDER: true
2026-10-09T15:51:53.3602451Z   MOCK_STREAM_DELAY_MS: 0
2026-10-09T15:51:53.3602574Z   ENABLE_CLOUD: false
2026-10-09T15:51:53.3602702Z   CREDENTIAL_VAULT_BACKEND: memory
2026-10-09T15:51:53.3602863Z   CREDENTIAL_VAULT_ALLOW_MEMORY_FALLBACK: true
2026-10-09T15:51:53.3603033Z   PYTHONDONTWRITEBYTECODE: 1
2026-10-09T15:51:53.3603167Z   HF_HUB_OFFLINE: 1
2026-10-09T15:51:53.3603285Z   TRANSFORMERS_OFFLINE: 1
2026-10-09T15:51:53.3603411Z ##[endgroup]
2026-10-09T15:51:53.4475311Z ##[group]Installed versions
2026-10-09T15:51:53.4491126Z Version 3.12.9 was not found in the local cache
2026-10-09T15:51:53.4582757Z (node:2514) [DEP0040] DeprecationWarning: The `punycode` module is deprecated. Please use a userland alternative instead.
2026-10-09T15:51:53.4583271Z (Use `node --trace-deprecation ...` to show where the warning was created)
2026-10-09T15:51:54.2768665Z Version 3.12.9 is available for downloading
2026-10-09T15:51:54.2769399Z Download from "https://github.com/actions/python-versions/releases/download/3.12.9-13149478207/python-3.12.9-linux-24.04-x64.tar.gz"
2026-10-09T15:51:54.9413151Z Extract downloaded archive
2026-10-09T15:51:54.9500875Z [command]/usr/bin/tar xz --warning=no-unknown-keyword --overwrite -C /home/runner/work/_temp/9aa2182c-5e43-4770-a3c5-de87c491055b -f /home/runner/work/_temp/ebe0e1d3-c252-4d91-9562-912a4080b241
2026-10-09T15:51:56.4509321Z Execute installation script
2026-10-09T15:51:56.4585863Z Check if Python hostedtoolcache folder exist...
2026-10-09T15:51:56.4586428Z Create Python 3.12.9 folder
2026-10-09T15:51:56.4598014Z Copy Python binaries to hostedtoolcache folder
2026-10-09T15:51:56.8495936Z Create additional symlinks (Required for the UsePythonVersion Azure Pipelines task and the setup-python GitHub Action)
2026-10-09T15:51:56.8528535Z Upgrading pip...
2026-10-09T15:51:58.4338387Z Looking in links: /tmp/tmpy84os6zh
2026-10-09T15:51:58.4340033Z Requirement already satisfied: pip in /opt/hostedtoolcache/Python/3.12.9/x64/lib/python3.12/site-packages (24.3.1)
2026-10-09T15:51:59.5211328Z Collecting pip
2026-10-09T15:51:59.5932043Z Downloading pip-26.2.1-py3-none-any.whl.metadata (4.6 kB)
2026-10-09T15:51:59.6123084Z Downloading pip-26.2.1-py3-none-any.whl (1.8 MB)
2026-10-09T15:51:59.7046942Z ━━━━━━━━━━━━━━━━━━━━━━━━━━━━━━━━━━━━━━━━ 1.8/1.8 MB 27.5 MB/s eta 0:00:00
2026-10-09T15:51:59.7047236Z 
2026-10-09T15:51:59.7303999Z Installing collected packages: pip
2026-10-09T15:51:59.7304442Z Attempting uninstall: pip
2026-10-09T15:51:59.7318195Z Found existing installation: pip 24.3.1
2026-10-09T15:51:59.7527085Z Uninstalling pip-24.3.1:
2026-10-09T15:51:59.7564817Z Successfully uninstalled pip-24.3.1
2026-10-09T15:52:00.3037500Z Successfully installed pip-26.2.1
2026-10-09T15:52:00.3586416Z Create complete file
2026-10-09T15:52:00.3618801Z Successfully set up CPython (3.12.9)
2026-10-09T15:52:00.3619693Z ##[endgroup]
2026-10-09T15:52:00.3784476Z ##[group]Run bash .github/ci/prepare.sh backend-postgres-shard-0
2026-10-09T15:52:00.3784785Z [36;1mbash .github/ci/prepare.sh backend-postgres-shard-0[0m
2026-10-09T15:52:00.3968344Z shell: /usr/bin/bash -e {0}
2026-10-09T15:52:00.3968528Z env:
2026-10-09T15:52:00.3968654Z   MOCK_PROVIDER: true
2026-10-09T15:52:00.3968783Z   MOCK_STREAM_DELAY_MS: 0
2026-10-09T15:52:00.3968912Z   ENABLE_CLOUD: false
2026-10-09T15:52:00.3969039Z   CREDENTIAL_VAULT_BACKEND: memory
2026-10-09T15:52:00.3969204Z   CREDENTIAL_VAULT_ALLOW_MEMORY_FALLBACK: true
2026-10-09T15:52:00.3969379Z   PYTHONDONTWRITEBYTECODE: 1
2026-10-09T15:52:00.3969516Z   HF_HUB_OFFLINE: 1
2026-10-09T15:52:00.3969633Z   TRANSFORMERS_OFFLINE: 1
2026-10-09T15:52:00.3969796Z   pythonLocation: /opt/hostedtoolcache/Python/3.12.9/x64
2026-10-09T15:52:00.3970056Z   PKG_CONFIG_PATH: /opt/hostedtoolcache/Python/3.12.9/x64/lib/pkgconfig
2026-10-09T15:52:00.3970285Z   Python_ROOT_DIR: /opt/hostedtoolcache/Python/3.12.9/x64
2026-10-09T15:52:00.3970544Z   Python2_ROOT_DIR: /opt/hostedtoolcache/Python/3.12.9/x64
2026-10-09T15:52:00.3970745Z   Python3_ROOT_DIR: /opt/hostedtoolcache/Python/3.12.9/x64
2026-10-09T15:52:00.3970959Z   LD_LIBRARY_PATH: /opt/hostedtoolcache/Python/3.12.9/x64/lib
2026-10-09T15:52:00.3971141Z ##[endgroup]
2026-10-09T15:52:00.9642858Z ##[group]Run runtime="$CI_PROJECT/.runtime/ci-backend"
2026-10-09T15:52:00.9643101Z [36;1mruntime="$CI_PROJECT/.runtime/ci-backend"[0m
2026-10-09T15:52:00.9643351Z [36;1mmkdir -p "$runtime"/{home,config,cache,data,state,tmp,appdata,localappdata}[0m
2026-10-09T15:52:00.9643574Z [36;1m{[0m
2026-10-09T15:52:00.9643689Z [36;1m  echo "CI_V2_RUNTIME=$runtime"[0m
2026-10-09T15:52:00.9643839Z [36;1m  echo "HOME=$runtime/home"[0m
2026-10-09T15:52:00.9643989Z [36;1m  echo "USERPROFILE=$runtime/home"[0m
2026-10-09T15:52:00.9644145Z [36;1m  echo "APPDATA=$runtime/appdata"[0m
2026-10-09T15:52:00.9644313Z [36;1m  echo "LOCALAPPDATA=$runtime/localappdata"[0m
2026-10-09T15:52:00.9644483Z [36;1m  echo "XDG_CONFIG_HOME=$runtime/config"[0m
2026-10-09T15:52:00.9644649Z [36;1m  echo "XDG_CACHE_HOME=$runtime/cache"[0m
2026-10-09T15:52:00.9644825Z [36;1m  echo "XDG_DATA_HOME=$runtime/data"[0m
2026-10-09T15:52:00.9644984Z [36;1m  echo "XDG_STATE_HOME=$runtime/state"[0m
2026-10-09T15:52:00.9645167Z [36;1m  echo "TMPDIR=$runtime/tmp"[0m
2026-10-09T15:52:00.9645309Z [36;1m  echo "TMP=$runtime/tmp"[0m
2026-10-09T15:52:00.9645446Z [36;1m  echo "TEMP=$runtime/tmp"[0m
2026-10-09T15:52:00.9645630Z [36;1m  echo "NOVEL_DATA_PATH=$runtime/data/novels"[0m
2026-10-09T15:52:00.9645810Z [36;1m  echo "BACKUP_PATH=$runtime/data/backups"[0m
2026-10-09T15:52:00.9646010Z [36;1m  echo "DATABASE_BACKUP_PATH=$runtime/data/database-backups"[0m
2026-10-09T15:52:00.9646225Z [36;1m  echo "KNOWLEDGE_SOURCE_PATH=$runtime/data/novels"[0m
2026-10-09T15:52:00.9646397Z [36;1m} >> "$GITHUB_ENV"[0m
2026-10-09T15:52:00.9698034Z shell: /usr/bin/bash -e {0}
2026-10-09T15:52:00.9698175Z env:
2026-10-09T15:52:00.9698284Z   MOCK_PROVIDER: true
2026-10-09T15:52:00.9698407Z   MOCK_STREAM_DELAY_MS: 0
2026-10-09T15:52:00.9698533Z   ENABLE_CLOUD: false
2026-10-09T15:52:00.9698667Z   CREDENTIAL_VAULT_BACKEND: memory
2026-10-09T15:52:00.9698823Z   CREDENTIAL_VAULT_ALLOW_MEMORY_FALLBACK: true
2026-10-09T15:52:00.9698986Z   PYTHONDONTWRITEBYTECODE: 1
2026-10-09T15:52:00.9699118Z   HF_HUB_OFFLINE: 1
2026-10-09T15:52:00.9699232Z   TRANSFORMERS_OFFLINE: 1
2026-10-09T15:52:00.9699393Z   pythonLocation: /opt/hostedtoolcache/Python/3.12.9/x64
2026-10-09T15:52:00.9699614Z   PKG_CONFIG_PATH: /opt/hostedtoolcache/Python/3.12.9/x64/lib/pkgconfig
2026-10-09T15:52:00.9699831Z   Python_ROOT_DIR: /opt/hostedtoolcache/Python/3.12.9/x64
2026-10-09T15:52:00.9700028Z   Python2_ROOT_DIR: /opt/hostedtoolcache/Python/3.12.9/x64
2026-10-09T15:52:00.9700222Z   Python3_ROOT_DIR: /opt/hostedtoolcache/Python/3.12.9/x64
2026-10-09T15:52:00.9700421Z   LD_LIBRARY_PATH: /opt/hostedtoolcache/Python/3.12.9/x64/lib
2026-10-09T15:52:00.9700622Z   CI_COVERAGE_SHA: 02a3f6e9908f785a308a4605e362f8876aed4d8b
2026-10-09T15:52:00.9700821Z   CI_COVERAGE_TREE: cd6989a19e5fd5e2400f2325fe696cae03d8eda7
2026-10-09T15:52:00.9701205Z   CI_SANDBOX: /home/runner/work/_temp/novel-ci-backend-postgres-shard-0.Iwc8EB
2026-10-09T15:52:00.9701496Z   CI_PROJECT: /home/runner/work/_temp/novel-ci-backend-postgres-shard-0.Iwc8EB/project
2026-10-09T15:52:00.9701976Z   CI_RECEIPTS: /home/runner/work/_temp/novel-ci-backend-postgres-shard-0.Iwc8EB/receipts
2026-10-09T15:52:00.9702267Z   HOME: /home/runner/work/_temp/novel-ci-backend-postgres-shard-0.Iwc8EB/home
2026-10-09T15:52:00.9702553Z   USERPROFILE: /home/runner/work/_temp/novel-ci-backend-postgres-shard-0.Iwc8EB/home
2026-10-09T15:52:00.9702853Z   APPDATA: /home/runner/work/_temp/novel-ci-backend-postgres-shard-0.Iwc8EB/appdata
2026-10-09T15:52:00.9703169Z   LOCALAPPDATA: /home/runner/work/_temp/novel-ci-backend-postgres-shard-0.Iwc8EB/localappdata
2026-10-09T15:52:00.9703491Z   XDG_CONFIG_HOME: /home/runner/work/_temp/novel-ci-backend-postgres-shard-0.Iwc8EB/config
2026-10-09T15:52:00.9703796Z   XDG_CACHE_HOME: /home/runner/work/_temp/novel-ci-backend-postgres-shard-0.Iwc8EB/cache
2026-10-09T15:52:00.9704092Z   XDG_DATA_HOME: /home/runner/work/_temp/novel-ci-backend-postgres-shard-0.Iwc8EB/data
2026-10-09T15:52:00.9704512Z   XDG_STATE_HOME: /home/runner/work/_temp/novel-ci-backend-postgres-shard-0.Iwc8EB/state
2026-10-09T15:52:00.9704796Z   TMPDIR: /home/runner/work/_temp/novel-ci-backend-postgres-shard-0.Iwc8EB/tmp
2026-10-09T15:52:00.9705065Z   TMP: /home/runner/work/_temp/novel-ci-backend-postgres-shard-0.Iwc8EB/tmp
2026-10-09T15:52:00.9705331Z   TEMP: /home/runner/work/_temp/novel-ci-backend-postgres-shard-0.Iwc8EB/tmp
2026-10-09T15:52:00.9705609Z   PROJECT_ROOT: /home/runner/work/_temp/novel-ci-backend-postgres-shard-0.Iwc8EB/project
2026-10-09T15:52:00.9705922Z   NOVEL_DATA_PATH: /home/runner/work/_temp/novel-ci-backend-postgres-shard-0.Iwc8EB/data/novels
2026-10-09T15:52:00.9706250Z   BACKUP_PATH: /home/runner/work/_temp/novel-ci-backend-postgres-shard-0.Iwc8EB/data/backups
2026-10-09T15:52:00.9706605Z   DATABASE_BACKUP_PATH: /home/runner/work/_temp/novel-ci-backend-postgres-shard-0.Iwc8EB/data/database-backups
2026-10-09T15:52:00.9706981Z   KNOWLEDGE_SOURCE_PATH: /home/runner/work/_temp/novel-ci-backend-postgres-shard-0.Iwc8EB/data/novels
2026-10-09T15:52:00.9707229Z ##[endgroup]
2026-10-09T15:52:00.9822644Z ##[group]Run python -m pip install -c .github/ci/python-constraints.txt -e '.[dev,fontbuild,otio,comic]'
2026-10-09T15:52:00.9823063Z [36;1mpython -m pip install -c .github/ci/python-constraints.txt -e '.[dev,fontbuild,otio,comic]'[0m
2026-10-09T15:52:00.9823317Z [36;1mpython -m pip check[0m
2026-10-09T15:52:00.9823531Z [36;1mpython -m pip freeze --exclude-editable > "$CI_RECEIPTS/python-packages.txt"[0m
2026-10-09T15:52:00.9873399Z shell: /usr/bin/bash -e {0}
2026-10-09T15:52:00.9873534Z env:
2026-10-09T15:52:00.9873667Z   MOCK_PROVIDER: true
2026-10-09T15:52:00.9873800Z   MOCK_STREAM_DELAY_MS: 0
2026-10-09T15:52:00.9873921Z   ENABLE_CLOUD: false
2026-10-09T15:52:00.9874044Z   CREDENTIAL_VAULT_BACKEND: memory
2026-10-09T15:52:00.9874197Z   CREDENTIAL_VAULT_ALLOW_MEMORY_FALLBACK: true
2026-10-09T15:52:00.9874372Z   PYTHONDONTWRITEBYTECODE: 1
2026-10-09T15:52:00.9874502Z   HF_HUB_OFFLINE: 1
2026-10-09T15:52:00.9874615Z   TRANSFORMERS_OFFLINE: 1
2026-10-09T15:52:00.9874804Z   pythonLocation: /opt/hostedtoolcache/Python/3.12.9/x64
2026-10-09T15:52:00.9875029Z   PKG_CONFIG_PATH: /opt/hostedtoolcache/Python/3.12.9/x64/lib/pkgconfig
2026-10-09T15:52:00.9875248Z   Python_ROOT_DIR: /opt/hostedtoolcache/Python/3.12.9/x64
2026-10-09T15:52:00.9875441Z   Python2_ROOT_DIR: /opt/hostedtoolcache/Python/3.12.9/x64
2026-10-09T15:52:00.9875634Z   Python3_ROOT_DIR: /opt/hostedtoolcache/Python/3.12.9/x64
2026-10-09T15:52:00.9875833Z   LD_LIBRARY_PATH: /opt/hostedtoolcache/Python/3.12.9/x64/lib
2026-10-09T15:52:00.9876033Z   CI_COVERAGE_SHA: 02a3f6e9908f785a308a4605e362f8876aed4d8b
2026-10-09T15:52:00.9876228Z   CI_COVERAGE_TREE: cd6989a19e5fd5e2400f2325fe696cae03d8eda7
2026-10-09T15:52:00.9876466Z   CI_SANDBOX: /home/runner/work/_temp/novel-ci-backend-postgres-shard-0.Iwc8EB
2026-10-09T15:52:00.9876754Z   CI_PROJECT: /home/runner/work/_temp/novel-ci-backend-postgres-shard-0.Iwc8EB/project
2026-10-09T15:52:00.9877195Z   CI_RECEIPTS: /home/runner/work/_temp/novel-ci-backend-postgres-shard-0.Iwc8EB/receipts
2026-10-09T15:52:00.9877540Z   HOME: /home/runner/work/_temp/novel-ci-backend-postgres-shard-0.Iwc8EB/project/.runtime/ci-backend/home
2026-10-09T15:52:00.9877927Z   USERPROFILE: /home/runner/work/_temp/novel-ci-backend-postgres-shard-0.Iwc8EB/project/.runtime/ci-backend/home
2026-10-09T15:52:00.9878325Z   APPDATA: /home/runner/work/_temp/novel-ci-backend-postgres-shard-0.Iwc8EB/project/.runtime/ci-backend/appdata
2026-10-09T15:52:00.9878740Z   LOCALAPPDATA: /home/runner/work/_temp/novel-ci-backend-postgres-shard-0.Iwc8EB/project/.runtime/ci-backend/localappdata
2026-10-09T15:52:00.9879163Z   XDG_CONFIG_HOME: /home/runner/work/_temp/novel-ci-backend-postgres-shard-0.Iwc8EB/project/.runtime/ci-backend/config
2026-10-09T15:52:00.9879571Z   XDG_CACHE_HOME: /home/runner/work/_temp/novel-ci-backend-postgres-shard-0.Iwc8EB/project/.runtime/ci-backend/cache
2026-10-09T15:52:00.9879967Z   XDG_DATA_HOME: /home/runner/work/_temp/novel-ci-backend-postgres-shard-0.Iwc8EB/project/.runtime/ci-backend/data
2026-10-09T15:52:00.9880365Z   XDG_STATE_HOME: /home/runner/work/_temp/novel-ci-backend-postgres-shard-0.Iwc8EB/project/.runtime/ci-backend/state
2026-10-09T15:52:00.9880757Z   TMPDIR: /home/runner/work/_temp/novel-ci-backend-postgres-shard-0.Iwc8EB/project/.runtime/ci-backend/tmp
2026-10-09T15:52:00.9881124Z   TMP: /home/runner/work/_temp/novel-ci-backend-postgres-shard-0.Iwc8EB/project/.runtime/ci-backend/tmp
2026-10-09T15:52:00.9881484Z   TEMP: /home/runner/work/_temp/novel-ci-backend-postgres-shard-0.Iwc8EB/project/.runtime/ci-backend/tmp
2026-10-09T15:52:00.9881943Z   PROJECT_ROOT: /home/runner/work/_temp/novel-ci-backend-postgres-shard-0.Iwc8EB/project
2026-10-09T15:52:00.9882313Z   NOVEL_DATA_PATH: /home/runner/work/_temp/novel-ci-backend-postgres-shard-0.Iwc8EB/project/.runtime/ci-backend/data/novels
2026-10-09T15:52:00.9882742Z   BACKUP_PATH: /home/runner/work/_temp/novel-ci-backend-postgres-shard-0.Iwc8EB/project/.runtime/ci-backend/data/backups
2026-10-09T15:52:00.9883322Z   DATABASE_BACKUP_PATH: /home/runner/work/_temp/novel-ci-backend-postgres-shard-0.Iwc8EB/project/.runtime/ci-backend/data/database-backups
2026-10-09T15:52:00.9883788Z   KNOWLEDGE_SOURCE_PATH: /home/runner/work/_temp/novel-ci-backend-postgres-shard-0.Iwc8EB/project/.runtime/ci-backend/data/novels
2026-10-09T15:52:00.9884198Z   CI_V2_RUNTIME: /home/runner/work/_temp/novel-ci-backend-postgres-shard-0.Iwc8EB/project/.runtime/ci-backend
2026-10-09T15:52:00.9884459Z ##[endgroup]
2026-10-09T15:52:01.6472570Z Obtaining file:///home/runner/work/_temp/novel-ci-backend-postgres-shard-0.Iwc8EB/project
2026-10-09T15:52:01.6485238Z   Installing build dependencies: started
2026-10-09T15:52:02.5544224Z   Installing build dependencies: finished with status 'done'
2026-10-09T15:52:02.5560568Z   Checking if build backend supports build_editable: started
2026-10-09T15:52:03.0078170Z   Checking if build backend supports build_editable: finished with status 'done'
2026-10-09T15:52:03.0084985Z   Getting requirements to build editable: started
2026-10-09T15:52:03.6524588Z   Getting requirements to build editable: finished with status 'done'
2026-10-09T15:52:03.6532125Z   Preparing editable metadata (pyproject.toml): started
2026-10-09T15:52:04.2839232Z   Preparing editable metadata (pyproject.toml): finished with status 'done'
2026-10-09T15:52:04.5273834Z Collecting fastapi<1,>=0.115 (from ai-novel-studio==0.7.0)
2026-10-09T15:52:04.5946024Z   Downloading fastapi-0.142.2-py3-none-any.whl.metadata (27 kB)
2026-10-09T15:52:04.6773605Z Collecting uvicorn<1,>=0.30 (from ai-novel-studio==0.7.0)
2026-10-09T15:52:04.6906295Z   Downloading uvicorn-0.54.0-py3-none-any.whl.metadata (6.6 kB)
2026-10-09T15:52:04.8436792Z Collecting psycopg<4,>=3.2 (from psycopg[binary]<4,>=3.2->ai-novel-studio==0.7.0)
2026-10-09T15:52:04.8570115Z   Downloading psycopg-3.3.6-py3-none-any.whl.metadata (4.4 kB)
2026-10-09T15:52:05.1009238Z Collecting sqlalchemy<3,>=2.0 (from ai-novel-studio==0.7.0)
2026-10-09T15:52:05.1149693Z   Downloading sqlalchemy-2.1.3-cp312-cp312-manylinux2014_x86_64.manylinux_2_17_x86_64.manylinux_2_28_x86_64.whl.metadata (9.7 kB)
2026-10-09T15:52:05.1553499Z Collecting httpx<1,>=0.27 (from ai-novel-studio==0.7.0)
2026-10-09T15:52:05.1683468Z   Downloading httpx-0.28.1-py3-none-any.whl.metadata (7.1 kB)
2026-10-09T15:52:05.2438672Z Collecting pydantic-settings<3,>=2.6 (from ai-novel-studio==0.7.0)
2026-10-09T15:52:05.2569408Z   Downloading pydantic_settings-2.15.0-py3-none-any.whl.metadata (3.9 kB)
2026-10-09T15:52:05.5237065Z Collecting reportlab<5,>=4.0 (from ai-novel-studio==0.7.0)
2026-10-09T15:52:05.5369988Z   Downloading reportlab-4.5.1-py3-none-any.whl.metadata (1.7 kB)
2026-10-09T15:52:05.7293871Z Collecting pypdf==6.19.0 (from ai-novel-studio==0.7.0)
2026-10-09T15:52:05.7425426Z   Downloading pypdf-6.19.0-py3-none-any.whl.metadata (7.5 kB)
2026-10-09T15:52:05.9278566Z Collecting jsonschema<5,>=4.18 (from ai-novel-studio==0.7.0)
2026-10-09T15:52:05.9411942Z   Downloading jsonschema-4.26.0-py3-none-any.whl.metadata (7.6 kB)
2026-10-09T15:52:06.1107120Z Collecting pytest<9,>=8 (from ai-novel-studio==0.7.0)
2026-10-09T15:52:06.1237412Z   Downloading pytest-8.4.2-py3-none-any.whl.metadata (7.7 kB)
2026-10-09T15:52:06.2250254Z Collecting fonttools==4.59.1 (from ai-novel-studio==0.7.0)
2026-10-09T15:52:06.2394431Z   Downloading fonttools-4.59.1-cp312-cp312-manylinux1_x86_64.manylinux2014_x86_64.manylinux_2_17_x86_64.manylinux_2_5_x86_64.whl.metadata (108 kB)
2026-10-09T15:52:06.3007613Z Collecting opentimelineio==0.18.1 (from ai-novel-studio==0.7.0)
2026-10-09T15:52:06.3159247Z   Downloading opentimelineio-0.18.1-cp312-cp312-manylinux2014_x86_64.manylinux_2_17_x86_64.whl.metadata (2.6 kB)
2026-10-09T15:52:06.5070150Z Collecting Pillow==12.3.0 (from ai-novel-studio==0.7.0)
2026-10-09T15:52:06.5204039Z   Downloading pillow-12.3.0-cp312-cp312-manylinux_2_27_x86_64.manylinux_2_28_x86_64.whl.metadata (9.1 kB)
2026-10-09T15:52:06.7720995Z Collecting starlette>=0.46.0 (from fastapi<1,>=0.115->ai-novel-studio==0.7.0)
2026-10-09T15:52:06.7851847Z   Downloading starlette-1.7.0-py3-none-any.whl.metadata (6.6 kB)
2026-10-09T15:52:06.9937768Z Collecting pydantic>=2.9.0 (from fastapi<1,>=0.115->ai-novel-studio==0.7.0)
2026-10-09T15:52:07.0071840Z   Downloading pydantic-2.13.5-py3-none-any.whl.metadata (110 kB)
2026-10-09T15:52:07.2508103Z Collecting typing-extensions>=4.8.0 (from fastapi<1,>=0.115->ai-novel-studio==0.7.0)
2026-10-09T15:52:07.2642872Z   Downloading typing_extensions-4.16.0-py3-none-any.whl.metadata (3.3 kB)
2026-10-09T15:52:07.5697177Z Collecting typing-inspection>=0.4.2 (from fastapi<1,>=0.115->ai-novel-studio==0.7.0)
2026-10-09T15:52:07.5827062Z   Downloading typing_inspection-0.4.4-py3-none-any.whl.metadata (2.6 kB)
2026-10-09T15:52:07.6687687Z Collecting annotated-doc>=0.0.2 (from fastapi<1,>=0.115->ai-novel-studio==0.7.0)
2026-10-09T15:52:07.6817791Z   Downloading annotated_doc-0.0.5-py3-none-any.whl.metadata (6.5 kB)
2026-10-09T15:52:07.9133023Z Collecting opentelemetry-api>=1.44.0 (from fastapi<1,>=0.115->ai-novel-studio==0.7.0)
2026-10-09T15:52:07.9264203Z   Downloading opentelemetry_api-1.45.0-py3-none-any.whl.metadata (1.4 kB)
2026-10-09T15:52:08.1440431Z Collecting anyio (from httpx<1,>=0.27->ai-novel-studio==0.7.0)
2026-10-09T15:52:08.1589832Z   Downloading anyio-4.15.1-py3-none-any.whl.metadata (4.7 kB)
2026-10-09T15:52:08.2643883Z Collecting certifi (from httpx<1,>=0.27->ai-novel-studio==0.7.0)
2026-10-09T15:52:08.2777808Z   Downloading certifi-2026.7.22-py3-none-any.whl.metadata (2.5 kB)
2026-10-09T15:52:08.3527173Z Collecting httpcore==1.* (from httpx<1,>=0.27->ai-novel-studio==0.7.0)
2026-10-09T15:52:08.3657226Z   Downloading httpcore-1.0.9-py3-none-any.whl.metadata (21 kB)
2026-10-09T15:52:08.4520019Z Collecting idna (from httpx<1,>=0.27->ai-novel-studio==0.7.0)
2026-10-09T15:52:08.4650658Z   Downloading idna-3.20-py3-none-any.whl.metadata (7.2 kB)
2026-10-09T15:52:08.6764320Z Collecting h11>=0.16 (from httpcore==1.*->httpx<1,>=0.27->ai-novel-studio==0.7.0)
2026-10-09T15:52:08.6898913Z   Downloading h11-0.16.0-py3-none-any.whl.metadata (8.3 kB)
2026-10-09T15:52:08.7079279Z Collecting attrs>=22.2.0 (from jsonschema<5,>=4.18->ai-novel-studio==0.7.0)
2026-10-09T15:52:08.7210747Z   Downloading attrs-26.1.0-py3-none-any.whl.metadata (8.8 kB)
2026-10-09T15:52:08.7555905Z Collecting jsonschema-specifications>=2023.03.6 (from jsonschema<5,>=4.18->ai-novel-studio==0.7.0)
2026-10-09T15:52:08.7685924Z   Downloading jsonschema_specifications-2025.9.1-py3-none-any.whl.metadata (2.9 kB)
2026-10-09T15:52:08.7897158Z Collecting referencing>=0.28.4 (from jsonschema<5,>=4.18->ai-novel-studio==0.7.0)
2026-10-09T15:52:08.8026411Z   Downloading referencing-0.37.0-py3-none-any.whl.metadata (2.8 kB)
2026-10-09T15:52:08.9477450Z Collecting rpds-py>=0.25.0 (from jsonschema<5,>=4.18->ai-novel-studio==0.7.0)
2026-10-09T15:52:08.9614117Z   Downloading rpds_py-2026.9.1-cp312-cp312-manylinux_2_17_x86_64.manylinux2014_x86_64.whl.metadata (4.1 kB)
2026-10-09T15:52:09.1004095Z Collecting psycopg-binary==3.3.6 (from psycopg[binary]<4,>=3.2->ai-novel-studio==0.7.0)
2026-10-09T15:52:09.1137594Z   Downloading psycopg_binary-3.3.6-cp312-cp312-manylinux2014_x86_64.manylinux_2_17_x86_64.whl.metadata (2.7 kB)
2026-10-09T15:52:09.1335874Z Collecting python-dotenv>=0.21.0 (from pydantic-settings<3,>=2.6->ai-novel-studio==0.7.0)
2026-10-09T15:52:09.1465449Z   Downloading python_dotenv-1.2.4-py3-none-any.whl.metadata (29 kB)
2026-10-09T15:52:09.1639336Z Collecting iniconfig>=1 (from pytest<9,>=8->ai-novel-studio==0.7.0)
2026-10-09T15:52:09.1768671Z   Downloading iniconfig-2.3.0-py3-none-any.whl.metadata (2.5 kB)
2026-10-09T15:52:09.2050648Z Collecting packaging>=20 (from pytest<9,>=8->ai-novel-studio==0.7.0)
2026-10-09T15:52:09.2180084Z   Downloading packaging-26.3-py3-none-any.whl.metadata (3.5 kB)
2026-10-09T15:52:09.2341908Z Collecting pluggy<2,>=1.5 (from pytest<9,>=8->ai-novel-studio==0.7.0)
2026-10-09T15:52:09.2469416Z   Downloading pluggy-1.6.0-py3-none-any.whl.metadata (4.8 kB)
2026-10-09T15:52:09.2662129Z Collecting pygments>=2.7.2 (from pytest<9,>=8->ai-novel-studio==0.7.0)
2026-10-09T15:52:09.2790976Z   Downloading pygments-2.21.0-py3-none-any.whl.metadata (2.5 kB)
2026-10-09T15:52:09.3552984Z Collecting charset-normalizer (from reportlab<5,>=4.0->ai-novel-studio==0.7.0)
2026-10-09T15:52:09.3685405Z   Downloading charset_normalizer-3.5.2-cp312-cp312-manylinux2014_x86_64.manylinux_2_17_x86_64.manylinux_2_28_x86_64.whl.metadata (46 kB)
2026-10-09T15:52:09.3893149Z Collecting click>=7.0 (from uvicorn<1,>=0.30->ai-novel-studio==0.7.0)
2026-10-09T15:52:09.4022556Z   Downloading click-8.5.0-py3-none-any.whl.metadata (2.6 kB)
2026-10-09T15:52:09.4336786Z Collecting annotated-types>=0.6.0 (from pydantic>=2.9.0->fastapi<1,>=0.115->ai-novel-studio==0.7.0)
2026-10-09T15:52:09.4467671Z   Downloading annotated_types-0.8.0-py3-none-any.whl.metadata (15 kB)
2026-10-09T15:52:09.8597078Z Collecting pydantic-core==2.46.5 (from pydantic>=2.9.0->fastapi<1,>=0.115->ai-novel-studio==0.7.0)
2026-10-09T15:52:09.8742363Z   Downloading pydantic_core-2.46.5-cp312-cp312-manylinux_2_17_x86_64.manylinux2014_x86_64.whl.metadata (6.6 kB)
2026-10-09T15:52:09.8999757Z Downloading fonttools-4.59.1-cp312-cp312-manylinux1_x86_64.manylinux2014_x86_64.manylinux_2_17_x86_64.manylinux_2_5_x86_64.whl (4.9 MB)
2026-10-09T15:52:10.0048380Z    ━━━━━━━━━━━━━━━━━━━━━━━━━━━━━━━━━━━━━━━━ 4.9/4.9 MB 50.9 MB/s  0:00:00
2026-10-09T15:52:10.0182668Z Downloading opentimelineio-0.18.1-cp312-cp312-manylinux2014_x86_64.manylinux_2_17_x86_64.whl (842 kB)
2026-10-09T15:52:10.0228733Z    ━━━━━━━━━━━━━━━━━━━━━━━━━━━━━━━━━━━━━━━━ 842.8/842.8 kB 202.5 MB/s  0:00:00
2026-10-09T15:52:10.0357712Z Downloading pillow-12.3.0-cp312-cp312-manylinux_2_27_x86_64.manylinux_2_28_x86_64.whl (6.9 MB)
2026-10-09T15:52:10.0856214Z    ━━━━━━━━━━━━━━━━━━━━━━━━━━━━━━━━━━━━━━━━ 6.9/6.9 MB 139.1 MB/s  0:00:00
2026-10-09T15:52:10.0985021Z Downloading pypdf-6.19.0-py3-none-any.whl (395 kB)
2026-10-09T15:52:10.1246120Z Downloading fastapi-0.142.2-py3-none-any.whl (144 kB)
2026-10-09T15:52:10.1391261Z Downloading httpx-0.28.1-py3-none-any.whl (73 kB)
2026-10-09T15:52:10.1540018Z Downloading httpcore-1.0.9-py3-none-any.whl (78 kB)
2026-10-09T15:52:10.1690870Z Downloading jsonschema-4.26.0-py3-none-any.whl (90 kB)
2026-10-09T15:52:10.1840331Z Downloading psycopg-3.3.6-py3-none-any.whl (215 kB)
2026-10-09T15:52:10.1992907Z Downloading psycopg_binary-3.3.6-cp312-cp312-manylinux2014_x86_64.manylinux_2_17_x86_64.whl (5.2 MB)
2026-10-09T15:52:10.2261894Z    ━━━━━━━━━━━━━━━━━━━━━━━━━━━━━━━━━━━━━━━━ 5.2/5.2 MB 203.0 MB/s  0:00:00
2026-10-09T15:52:10.2396115Z Downloading pydantic_settings-2.15.0-py3-none-any.whl (69 kB)
2026-10-09T15:52:10.2546360Z Downloading pytest-8.4.2-py3-none-any.whl (365 kB)
2026-10-09T15:52:10.2701458Z Downloading pluggy-1.6.0-py3-none-any.whl (20 kB)
2026-10-09T15:52:10.2848145Z Downloading reportlab-4.5.1-py3-none-any.whl (2.0 MB)
2026-10-09T15:52:10.2944819Z    ━━━━━━━━━━━━━━━━━━━━━━━━━━━━━━━━━━━━━━━━ 2.0/2.0 MB 219.0 MB/s  0:00:00
2026-10-09T15:52:10.3075231Z Downloading sqlalchemy-2.1.3-cp312-cp312-manylinux2014_x86_64.manylinux_2_17_x86_64.manylinux_2_28_x86_64.whl (4.7 MB)
2026-10-09T15:52:10.3555095Z    ━━━━━━━━━━━━━━━━━━━━━━━━━━━━━━━━━━━━━━━━ 4.7/4.7 MB 96.4 MB/s  0:00:00
2026-10-09T15:52:10.3687681Z Downloading uvicorn-0.54.0-py3-none-any.whl (87 kB)
2026-10-09T15:52:10.3837529Z Downloading annotated_doc-0.0.5-py3-none-any.whl (5.3 kB)
2026-10-09T15:52:10.3983053Z Downloading attrs-26.1.0-py3-none-any.whl (67 kB)
2026-10-09T15:52:10.4130450Z Downloading click-8.5.0-py3-none-any.whl (125 kB)
2026-10-09T15:52:10.4277461Z Downloading h11-0.16.0-py3-none-any.whl (37 kB)
2026-10-09T15:52:10.4419618Z Downloading iniconfig-2.3.0-py3-none-any.whl (7.5 kB)
2026-10-09T15:52:10.4566651Z Downloading jsonschema_specifications-2025.9.1-py3-none-any.whl (18 kB)
2026-10-09T15:52:10.4711821Z Downloading opentelemetry_api-1.45.0-py3-none-any.whl (60 kB)
2026-10-09T15:52:10.4858529Z Downloading packaging-26.3-py3-none-any.whl (129 kB)
2026-10-09T15:52:10.5003297Z Downloading pydantic-2.13.5-py3-none-any.whl (472 kB)
2026-10-09T15:52:10.5158455Z Downloading pydantic_core-2.46.5-cp312-cp312-manylinux_2_17_x86_64.manylinux2014_x86_64.whl (2.1 MB)
2026-10-09T15:52:10.5249796Z    ━━━━━━━━━━━━━━━━━━━━━━━━━━━━━━━━━━━━━━━━ 2.1/2.1 MB 235.4 MB/s  0:00:00
2026-10-09T15:52:10.5380872Z Downloading annotated_types-0.8.0-py3-none-any.whl (13 kB)
2026-10-09T15:52:10.5534318Z Downloading pygments-2.21.0-py3-none-any.whl (1.3 MB)
2026-10-09T15:52:10.5583190Z    ━━━━━━━━━━━━━━━━━━━━━━━━━━━━━━━━━━━━━━━━ 1.3/1.3 MB 298.1 MB/s  0:00:00
2026-10-09T15:52:10.5712925Z Downloading python_dotenv-1.2.4-py3-none-any.whl (23 kB)
2026-10-09T15:52:10.5987069Z Downloading referencing-0.37.0-py3-none-any.whl (26 kB)
2026-10-09T15:52:10.6133576Z Downloading rpds_py-2026.9.1-cp312-cp312-manylinux_2_17_x86_64.manylinux2014_x86_64.whl (371 kB)
2026-10-09T15:52:10.6286461Z Downloading starlette-1.7.0-py3-none-any.whl (78 kB)
2026-10-09T15:52:10.6435102Z Downloading anyio-4.15.1-py3-none-any.whl (132 kB)
2026-10-09T15:52:10.6582594Z Downloading idna-3.20-py3-none-any.whl (69 kB)
2026-10-09T15:52:10.6728560Z Downloading typing_extensions-4.16.0-py3-none-any.whl (45 kB)
2026-10-09T15:52:10.6880044Z Downloading typing_inspection-0.4.4-py3-none-any.whl (14 kB)
2026-10-09T15:52:10.7029329Z Downloading certifi-2026.7.22-py3-none-any.whl (136 kB)
2026-10-09T15:52:10.7180798Z Downloading charset_normalizer-3.5.2-cp312-cp312-manylinux2014_x86_64.manylinux_2_17_x86_64.manylinux_2_28_x86_64.whl (257 kB)
2026-10-09T15:52:10.7948700Z Building wheels for collected packages: ai-novel-studio
2026-10-09T15:52:10.7955002Z   Building editable for ai-novel-studio (pyproject.toml): started
2026-10-09T15:52:11.4347074Z   Building editable for ai-novel-studio (pyproject.toml): finished with status 'done'
2026-10-09T15:52:11.4351404Z   Created wheel for ai-novel-studio: filename=ai_novel_studio-0.7.0-0.editable-py3-none-any.whl size=3195 sha256=0b0e4bcd573593a365027da8467732ce00618197769681f85897a63b9c6716f4
2026-10-09T15:52:11.4353262Z   Stored in directory: /home/runner/work/_temp/novel-ci-backend-postgres-shard-0.Iwc8EB/project/.runtime/ci-backend/tmp/pip-ephem-wheel-cache-ce0ymw3i/wheels/b7/b8/b5/d4a29a7fa57be35aa3abfb19e1de2c9f36cf995cc09b6b5517
2026-10-09T15:52:11.4364413Z Successfully built ai-novel-studio
2026-10-09T15:52:11.4974054Z Installing collected packages: typing-extensions, rpds-py, python-dotenv, pypdf, pygments, psycopg-binary, pluggy, Pillow, packaging, opentimelineio, iniconfig, idna, h11, fonttools, click, charset-normalizer, certifi, attrs, annotated-types, annotated-doc, uvicorn, typing-inspection, sqlalchemy, reportlab, referencing, pytest, pydantic-core, psycopg, opentelemetry-api, httpcore, anyio, starlette, pydantic, jsonschema-specifications, httpx, pydantic-settings, jsonschema, fastapi, ai-novel-studio
2026-10-09T15:52:15.8416231Z 
2026-10-09T15:52:15.8438362Z Successfully installed Pillow-12.3.0 ai-novel-studio-0.7.0 annotated-doc-0.0.5 annotated-types-0.8.0 anyio-4.15.1 attrs-26.1.0 certifi-2026.7.22 charset-normalizer-3.5.2 click-8.5.0 fastapi-0.142.2 fonttools-4.59.1 h11-0.16.0 httpcore-1.0.9 httpx-0.28.1 idna-3.20 iniconfig-2.3.0 jsonschema-4.26.0 jsonschema-specifications-2025.9.1 opentelemetry-api-1.45.0 opentimelineio-0.18.1 packaging-26.3 pluggy-1.6.0 psycopg-3.3.6 psycopg-binary-3.3.6 pydantic-2.13.5 pydantic-core-2.46.5 pydantic-settings-2.15.0 pygments-2.21.0 pypdf-6.19.0 pytest-8.4.2 python-dotenv-1.2.4 referencing-0.37.0 reportlab-4.5.1 rpds-py-2026.9.1 sqlalchemy-2.1.3 starlette-1.7.0 typing-extensions-4.16.0 typing-inspection-0.4.4 uvicorn-0.54.0
2026-10-09T15:52:16.5008274Z No broken requirements found.
2026-10-09T15:52:17.2063378Z ##[group]Run sudo apt-get update
2026-10-09T15:52:17.2063575Z [36;1msudo apt-get update[0m
2026-10-09T15:52:17.2063777Z [36;1msudo apt-get install -y --no-install-recommends ffmpeg[0m
2026-10-09T15:52:17.2064009Z [36;1mffmpeg -version > "$CI_RECEIPTS/ffmpeg-version.txt"[0m
2026-10-09T15:52:17.2064235Z [36;1mffprobe -version > "$CI_RECEIPTS/ffprobe-version.txt"[0m
2026-10-09T15:52:17.2064538Z [36;1mpython -c "import shutil; assert shutil.which('ffmpeg') and shutil.which('ffprobe')"[0m
2026-10-09T15:52:17.2117435Z shell: /usr/bin/bash -e {0}
2026-10-09T15:52:17.2117597Z env:
2026-10-09T15:52:17.2117716Z   MOCK_PROVIDER: true
2026-10-09T15:52:17.2117848Z   MOCK_STREAM_DELAY_MS: 0
2026-10-09T15:52:17.2117972Z   ENABLE_CLOUD: false
2026-10-09T15:52:17.2118097Z   CREDENTIAL_VAULT_BACKEND: memory
2026-10-09T15:52:17.2118256Z   CREDENTIAL_VAULT_ALLOW_MEMORY_FALLBACK: true
2026-10-09T15:52:17.2118425Z   PYTHONDONTWRITEBYTECODE: 1
2026-10-09T15:52:17.2118555Z   HF_HUB_OFFLINE: 1
2026-10-09T15:52:17.2118713Z   TRANSFORMERS_OFFLINE: 1
2026-10-09T15:52:17.2118873Z   pythonLocation: /opt/hostedtoolcache/Python/3.12.9/x64
2026-10-09T15:52:17.2119106Z   PKG_CONFIG_PATH: /opt/hostedtoolcache/Python/3.12.9/x64/lib/pkgconfig
2026-10-09T15:52:17.2119326Z   Python_ROOT_DIR: /opt/hostedtoolcache/Python/3.12.9/x64
2026-10-09T15:52:17.2119538Z   Python2_ROOT_DIR: /opt/hostedtoolcache/Python/3.12.9/x64
2026-10-09T15:52:17.2119740Z   Python3_ROOT_DIR: /opt/hostedtoolcache/Python/3.12.9/x64
2026-10-09T15:52:17.2119939Z   LD_LIBRARY_PATH: /opt/hostedtoolcache/Python/3.12.9/x64/lib
2026-10-09T15:52:17.2120141Z   CI_COVERAGE_SHA: 02a3f6e9908f785a308a4605e362f8876aed4d8b
2026-10-09T15:52:17.2120344Z   CI_COVERAGE_TREE: cd6989a19e5fd5e2400f2325fe696cae03d8eda7
2026-10-09T15:52:17.2120587Z   CI_SANDBOX: /home/runner/work/_temp/novel-ci-backend-postgres-shard-0.Iwc8EB
2026-10-09T15:52:17.2120884Z   CI_PROJECT: /home/runner/work/_temp/novel-ci-backend-postgres-shard-0.Iwc8EB/project
2026-10-09T15:52:17.2121197Z   CI_RECEIPTS: /home/runner/work/_temp/novel-ci-backend-postgres-shard-0.Iwc8EB/receipts
2026-10-09T15:52:17.2121565Z   HOME: /home/runner/work/_temp/novel-ci-backend-postgres-shard-0.Iwc8EB/project/.runtime/ci-backend/home
2026-10-09T15:52:17.2122161Z   USERPROFILE: /home/runner/work/_temp/novel-ci-backend-postgres-shard-0.Iwc8EB/project/.runtime/ci-backend/home
2026-10-09T15:52:17.2122777Z   APPDATA: /home/runner/work/_temp/novel-ci-backend-postgres-shard-0.Iwc8EB/project/.runtime/ci-backend/appdata
2026-10-09T15:52:17.2123200Z   LOCALAPPDATA: /home/runner/work/_temp/novel-ci-backend-postgres-shard-0.Iwc8EB/project/.runtime/ci-backend/localappdata
2026-10-09T15:52:17.2123630Z   XDG_CONFIG_HOME: /home/runner/work/_temp/novel-ci-backend-postgres-shard-0.Iwc8EB/project/.runtime/ci-backend/config
2026-10-09T15:52:17.2124045Z   XDG_CACHE_HOME: /home/runner/work/_temp/novel-ci-backend-postgres-shard-0.Iwc8EB/project/.runtime/ci-backend/cache
2026-10-09T15:52:17.2124456Z   XDG_DATA_HOME: /home/runner/work/_temp/novel-ci-backend-postgres-shard-0.Iwc8EB/project/.runtime/ci-backend/data
2026-10-09T15:52:17.2124862Z   XDG_STATE_HOME: /home/runner/work/_temp/novel-ci-backend-postgres-shard-0.Iwc8EB/project/.runtime/ci-backend/state
2026-10-09T15:52:17.2125265Z   TMPDIR: /home/runner/work/_temp/novel-ci-backend-postgres-shard-0.Iwc8EB/project/.runtime/ci-backend/tmp
2026-10-09T15:52:17.2125664Z   TMP: /home/runner/work/_temp/novel-ci-backend-postgres-shard-0.Iwc8EB/project/.runtime/ci-backend/tmp
2026-10-09T15:52:17.2126059Z   TEMP: /home/runner/work/_temp/novel-ci-backend-postgres-shard-0.Iwc8EB/project/.runtime/ci-backend/tmp
2026-10-09T15:52:17.2126418Z   PROJECT_ROOT: /home/runner/work/_temp/novel-ci-backend-postgres-shard-0.Iwc8EB/project
2026-10-09T15:52:17.2126844Z   NOVEL_DATA_PATH: /home/runner/work/_temp/novel-ci-backend-postgres-shard-0.Iwc8EB/project/.runtime/ci-backend/data/novels
2026-10-09T15:52:17.2127481Z   BACKUP_PATH: /home/runner/work/_temp/novel-ci-backend-postgres-shard-0.Iwc8EB/project/.runtime/ci-backend/data/backups
2026-10-09T15:52:17.2127953Z   DATABASE_BACKUP_PATH: /home/runner/work/_temp/novel-ci-backend-postgres-shard-0.Iwc8EB/project/.runtime/ci-backend/data/database-backups
2026-10-09T15:52:17.2128466Z   KNOWLEDGE_SOURCE_PATH: /home/runner/work/_temp/novel-ci-backend-postgres-shard-0.Iwc8EB/project/.runtime/ci-backend/data/novels
2026-10-09T15:52:17.2128886Z   CI_V2_RUNTIME: /home/runner/work/_temp/novel-ci-backend-postgres-shard-0.Iwc8EB/project/.runtime/ci-backend
2026-10-09T15:52:17.2129150Z ##[endgroup]
2026-10-09T15:52:17.2838921Z Get:1 file:/etc/apt/apt-mirrors.txt Mirrorlist [144 B]
2026-10-09T15:52:17.3324709Z Hit:2 http://azure.archive.ubuntu.com/ubuntu noble InRelease
2026-10-09T15:52:17.3409490Z Get:3 http://azure.archive.ubuntu.com/ubuntu noble-updates InRelease [126 kB]
2026-10-09T15:52:17.3444482Z Get:4 http://azure.archive.ubuntu.com/ubuntu noble-backports InRelease [126 kB]
2026-10-09T15:52:17.3445367Z Get:5 http://azure.archive.ubuntu.com/ubuntu noble-security InRelease [126 kB]
2026-10-09T15:52:17.3541275Z Get:6 https://packages.microsoft.com/ubuntu/24.04/prod noble InRelease [3600 B]
2026-10-09T15:52:17.4263329Z Get:7 http://azure.archive.ubuntu.com/ubuntu noble-updates/main amd64 Packages [1375 kB]
2026-10-09T15:52:17.4371974Z Get:8 http://azure.archive.ubuntu.com/ubuntu noble-updates/main Translation-en [306 kB]
2026-10-09T15:52:17.4385669Z Get:9 http://azure.archive.ubuntu.com/ubuntu noble-updates/universe amd64 Packages [1702 kB]
2026-10-09T15:52:17.4462129Z Get:10 http://azure.archive.ubuntu.com/ubuntu noble-updates/universe Translation-en [342 kB]
2026-10-09T15:52:17.4464446Z Get:11 http://azure.archive.ubuntu.com/ubuntu noble-updates/restricted amd64 Packages [1761 kB]
2026-10-09T15:52:17.4532043Z Get:12 http://azure.archive.ubuntu.com/ubuntu noble-updates/restricted Translation-en [401 kB]
2026-10-09T15:52:17.4548044Z Get:13 http://azure.archive.ubuntu.com/ubuntu noble-updates/multiverse amd64 Packages [55.0 kB]
2026-10-09T15:52:17.4556407Z Get:14 http://azure.archive.ubuntu.com/ubuntu noble-updates/multiverse Translation-en [14.3 kB]
2026-10-09T15:52:17.5130480Z Get:15 http://azure.archive.ubuntu.com/ubuntu noble-security/main amd64 Packages [1121 kB]
2026-10-09T15:52:17.5174372Z Get:16 http://azure.archive.ubuntu.com/ubuntu noble-security/main Translation-en [228 kB]
2026-10-09T15:52:17.5542632Z Get:23 https://packages.microsoft.com/ubuntu/24.04/prod noble/main amd64 Packages [531 kB]
2026-10-09T15:52:17.5599390Z Get:17 http://azure.archive.ubuntu.com/ubuntu noble-security/universe amd64 Packages [1220 kB]
2026-10-09T15:52:17.5627928Z Get:24 https://packages.microsoft.com/ubuntu/24.04/prod noble/main armhf Packages [12.3 kB]
2026-10-09T15:52:17.5646429Z Get:18 http://azure.archive.ubuntu.com/ubuntu noble-security/universe Translation-en [245 kB]
2026-10-09T15:52:17.5661369Z Get:19 http://azure.archive.ubuntu.com/ubuntu noble-security/restricted amd64 Packages [1669 kB]
2026-10-09T15:52:17.5698118Z Get:25 https://packages.microsoft.com/ubuntu/24.04/prod noble/main arm64 Packages [475 kB]
2026-10-09T15:52:17.5722900Z Get:20 http://azure.archive.ubuntu.com/ubuntu noble-security/restricted Translation-en [383 kB]
2026-10-09T15:52:17.5757562Z Get:21 http://azure.archive.ubuntu.com/ubuntu noble-security/multiverse amd64 Packages [49.8 kB]
2026-10-09T15:52:17.5763810Z Get:22 http://azure.archive.ubuntu.com/ubuntu noble-security/multiverse Translation-en [12.4 kB]
2026-10-09T15:52:17.5874285Z Get:26 https://packages.microsoft.com/ubuntu/24.04/prod noble/main all Packages [640 B]
2026-10-09T15:52:22.7226167Z Fetched 12.3 MB in 1s (12.5 MB/s)
2026-10-09T15:52:23.3562538Z Reading package lists...
2026-10-09T15:52:23.3819621Z Reading package lists...
2026-10-09T15:52:23.5879364Z Building dependency tree...
2026-10-09T15:52:23.5885032Z Reading state information...
2026-10-09T15:52:23.7342767Z The following additional packages will be installed:
2026-10-09T15:52:23.7343397Z   libass9 libasyncns0 libavc1394-0 libavcodec60 libavdevice60 libavfilter9
2026-10-09T15:52:23.7344724Z   libavformat60 libavutil58 libblas3 libbluray2 libbs2b0 libcaca0
2026-10-09T15:52:23.7345412Z   libcdio-cdda2t64 libcdio-paranoia2t64 libcdio19t64 libchromaprint1 libcjson1
2026-10-09T15:52:23.7346084Z   libcodec2-1.2 libdav1d7 libdc1394-25 libdecor-0-0 libflac12t64 libflite1
2026-10-09T15:52:23.7346679Z   libgme0 libgsm1 libhwy1t64 libiec61883-0 libjack-jackd2-0 libjxl0.7
2026-10-09T15:52:23.7347302Z   liblapack3 liblilv-0-0 libmbedcrypto7t64 libmp3lame0 libmpg123-0t64
2026-10-09T15:52:23.7347958Z   libmysofa1 libopenal-data libopenal1 libopenmpt0t64 libopus0 libplacebo338
2026-10-09T15:52:23.7348647Z   libpocketsphinx3 libpostproc57 libpulse0 librav1e0 libraw1394-11 librist4
2026-10-09T15:52:23.7349337Z   librsvg2-2 librubberband2 libsamplerate0 libsdl2-2.0-0 libserd-0-0 libshine3
2026-10-09T15:52:23.7350016Z   libsndfile1 libsndio7.0 libsord-0-0 libsoxr0 libspeex1 libsphinxbase3t64
2026-10-09T15:52:23.7350586Z   libsratom-0-0 libsrt1.5-gnutls libssh-gcrypt-4 libsvtav1enc1d1
2026-10-09T15:52:23.7351133Z   libswresample4 libswscale7 libtheora0 libtwolame0 libudfread0 libunibreak5
2026-10-09T15:52:23.7351937Z   libva-drm2 libva-x11-2 libva2 libvdpau1 libvidstab1.1 libvorbisenc2 libvpl2
2026-10-09T15:52:23.7352492Z   libvpx9 libx264-164 libx265-199 libxcb-shape0 libxv1 libxvidcore4 libzimg2
2026-10-09T15:52:23.7352961Z   libzix-0-0 libzvbi-common libzvbi0t64 ocl-icd-libopencl1
2026-10-09T15:52:23.7359473Z Suggested packages:
2026-10-09T15:52:23.7359757Z   ffmpeg-doc libcuda1 libnvcuvid1 libnvidia-encode1 libbluray-bdj jackd2
2026-10-09T15:52:23.7360176Z   libportaudio2 opus-tools pulseaudio libraw1394-doc librsvg2-bin serdi sndiod
2026-10-09T15:52:23.7360454Z   sordi speex opencl-icd
2026-10-09T15:52:23.7360591Z Recommended packages:
2026-10-09T15:52:23.7360768Z   libaacs0 default-libdecor-0-plugin-1 | libdecor-0-plugin-1
2026-10-09T15:52:23.7361007Z   pocketsphinx-en-us librsvg2-common va-driver-all | va-driver
2026-10-09T15:52:23.7361215Z   vdpau-driver-all | vdpau-driver
2026-10-09T15:52:23.7720524Z The following NEW packages will be installed:
2026-10-09T15:52:23.7721130Z   ffmpeg libass9 libasyncns0 libavc1394-0 libavcodec60 libavdevice60
2026-10-09T15:52:23.7721799Z   libavfilter9 libavformat60 libavutil58 libblas3 libbluray2 libbs2b0 libcaca0
2026-10-09T15:52:23.7722376Z   libcdio-cdda2t64 libcdio-paranoia2t64 libcdio19t64 libchromaprint1 libcjson1
2026-10-09T15:52:23.7732312Z   libcodec2-1.2 libdav1d7 libdc1394-25 libdecor-0-0 libflac12t64 libflite1
2026-10-09T15:52:23.7752538Z   libgme0 libgsm1 libhwy1t64 libiec61883-0 libjack-jackd2-0 libjxl0.7
2026-10-09T15:52:23.7752975Z   liblapack3 liblilv-0-0 libmbedcrypto7t64 libmp3lame0 libmpg123-0t64
2026-10-09T15:52:23.7753275Z   libmysofa1 libopenal-data libopenal1 libopenmpt0t64 libopus0 libplacebo338
2026-10-09T15:52:23.7753563Z   libpocketsphinx3 libpostproc57 libpulse0 librav1e0 libraw1394-11 librist4
2026-10-09T15:52:23.7753849Z   librsvg2-2 librubberband2 libsamplerate0 libsdl2-2.0-0 libserd-0-0 libshine3
2026-10-09T15:52:23.7754164Z   libsndfile1 libsndio7.0 libsord-0-0 libsoxr0 libspeex1 libsphinxbase3t64
2026-10-09T15:52:23.7754427Z   libsratom-0-0 libsrt1.5-gnutls libssh-gcrypt-4 libsvtav1enc1d1
2026-10-09T15:52:23.7754687Z   libswresample4 libswscale7 libtheora0 libtwolame0 libudfread0 libunibreak5
2026-10-09T15:52:23.7754966Z   libva-drm2 libva-x11-2 libva2 libvdpau1 libvidstab1.1 libvorbisenc2 libvpl2
2026-10-09T15:52:23.7755247Z   libvpx9 libx264-164 libx265-199 libxcb-shape0 libxv1 libxvidcore4 libzimg2
2026-10-09T15:52:23.7755496Z   libzix-0-0 libzvbi-common libzvbi0t64 ocl-icd-libopencl1
2026-10-09T15:52:23.7907143Z 0 upgraded, 87 newly installed, 0 to remove and 23 not upgraded.
2026-10-09T15:52:23.7907475Z Need to get 62.8 MB of archives.
2026-10-09T15:52:23.7907677Z After this operation, 173 MB of additional disk space will be used.
2026-10-09T15:52:23.7907911Z Get:1 file:/etc/apt/apt-mirrors.txt Mirrorlist [144 B]
2026-10-09T15:52:23.8516421Z Get:2 http://azure.archive.ubuntu.com/ubuntu noble-updates/universe amd64 libva2 amd64 2.20.0-2ubuntu0.2 [66.4 kB]
2026-10-09T15:52:23.8800524Z Get:3 http://azure.archive.ubuntu.com/ubuntu noble-updates/universe amd64 libva-drm2 amd64 2.20.0-2ubuntu0.2 [7124 B]
2026-10-09T15:52:23.9079705Z Get:4 http://azure.archive.ubuntu.com/ubuntu noble-updates/universe amd64 libva-x11-2 amd64 2.20.0-2ubuntu0.2 [12.0 kB]
2026-10-09T15:52:23.9359153Z Get:5 http://azure.archive.ubuntu.com/ubuntu noble/main amd64 libvdpau1 amd64 1.5-2build1 [27.8 kB]
2026-10-09T15:52:23.9641848Z Get:6 http://azure.archive.ubuntu.com/ubuntu noble/universe amd64 libvpl2 amd64 2023.3.0-1build1 [99.8 kB]
2026-10-09T15:52:23.9925624Z Get:7 http://azure.archive.ubuntu.com/ubuntu noble/universe amd64 ocl-icd-libopencl1 amd64 2.3.2-1build1 [38.5 kB]
2026-10-09T15:52:24.0254741Z Get:8 http://azure.archive.ubuntu.com/ubuntu noble/universe amd64 libavutil58 amd64 7:6.1.1-3ubuntu5 [401 kB]
2026-10-09T15:52:24.0587941Z Get:9 http://azure.archive.ubuntu.com/ubuntu noble/universe amd64 libcodec2-1.2 amd64 1.2.0-2build1 [8998 kB]
2026-10-09T15:52:24.1970362Z Get:10 http://azure.archive.ubuntu.com/ubuntu noble/universe amd64 libdav1d7 amd64 1.4.1-1build1 [604 kB]
2026-10-09T15:52:24.2338612Z Get:11 http://azure.archive.ubuntu.com/ubuntu noble/universe amd64 libgsm1 amd64 1.0.22-1build1 [27.8 kB]
2026-10-09T15:52:24.2683757Z Get:12 http://azure.archive.ubuntu.com/ubuntu noble/universe amd64 libhwy1t64 amd64 1.0.7-8.1build1 [584 kB]
2026-10-09T15:52:24.3014001Z Get:13 http://azure.archive.ubuntu.com/ubuntu noble-updates/universe amd64 libjxl0.7 amd64 0.7.0-10.2ubuntu6.1 [1001 kB]
2026-10-09T15:52:24.3328683Z Get:14 http://azure.archive.ubuntu.com/ubuntu noble/main amd64 libmp3lame0 amd64 3.100-6build1 [142 kB]
2026-10-09T15:52:24.3615423Z Get:15 http://azure.archive.ubuntu.com/ubuntu noble/main amd64 libopus0 amd64 1.4-1build1 [208 kB]
2026-10-09T15:52:24.4180723Z Get:16 http://azure.archive.ubuntu.com/ubuntu noble/universe amd64 librav1e0 amd64 0.7.1-2 [1022 kB]
2026-10-09T15:52:24.6256699Z Get:17 http://azure.archive.ubuntu.com/ubuntu noble-updates/main amd64 librsvg2-2 amd64 2.58.0+dfsg-1ubuntu0.1 [2141 kB]
2026-10-09T15:52:24.7008411Z Get:18 http://azure.archive.ubuntu.com/ubuntu noble/universe amd64 libshine3 amd64 3.1.1-2build1 [23.2 kB]
2026-10-09T15:52:24.7322641Z Get:19 http://azure.archive.ubuntu.com/ubuntu noble-updates/main amd64 libspeex1 amd64 1.2.1-2ubuntu2.24.04.1 [59.6 kB]
2026-10-09T15:52:24.8057801Z Get:20 http://azure.archive.ubuntu.com/ubuntu noble/universe amd64 libsvtav1enc1d1 amd64 1.7.0+dfsg-2build1 [2425 kB]
2026-10-09T15:52:24.8491226Z Get:21 http://azure.archive.ubuntu.com/ubuntu noble/universe amd64 libsoxr0 amd64 0.1.3-4build3 [80.0 kB]
2026-10-09T15:52:24.8809723Z Get:22 http://azure.archive.ubuntu.com/ubuntu noble/universe amd64 libswresample4 amd64 7:6.1.1-3ubuntu5 [63.8 kB]
2026-10-09T15:52:24.9127810Z Get:23 http://azure.archive.ubuntu.com/ubuntu noble/main amd64 libtheora0 amd64 1.1.1+dfsg.1-16.1build3 [211 kB]
2026-10-09T15:52:24.9454473Z Get:24 http://azure.archive.ubuntu.com/ubuntu noble/main amd64 libtwolame0 amd64 0.4.0-2build3 [52.3 kB]
2026-10-09T15:52:24.9773488Z Get:25 http://azure.archive.ubuntu.com/ubuntu noble/main amd64 libvorbisenc2 amd64 1.3.7-1build3 [80.8 kB]
2026-10-09T15:52:25.0093886Z Get:26 http://azure.archive.ubuntu.com/ubuntu noble-updates/main amd64 libvpx9 amd64 1.14.0-1ubuntu2.3 [1143 kB]
2026-10-09T15:52:25.0475968Z Get:27 http://azure.archive.ubuntu.com/ubuntu noble/universe amd64 libx264-164 amd64 2:0.164.3108+git31e19f9-1 [604 kB]
2026-10-09T15:52:25.0814326Z Get:28 http://azure.archive.ubuntu.com/ubuntu noble/universe amd64 libx265-199 amd64 3.5-2build1 [1226 kB]
2026-10-09T15:52:25.1176258Z Get:29 http://azure.archive.ubuntu.com/ubuntu noble/universe amd64 libxvidcore4 amd64 2:1.3.7-1build1 [219 kB]
2026-10-09T15:52:25.1491363Z Get:30 http://azure.archive.ubuntu.com/ubuntu noble/universe amd64 libzvbi-common all 0.2.42-2 [42.4 kB]
2026-10-09T15:52:25.1809001Z Get:31 http://azure.archive.ubuntu.com/ubuntu noble/universe amd64 libzvbi0t64 amd64 0.2.42-2 [261 kB]
2026-10-09T15:52:25.2125969Z Get:32 http://azure.archive.ubuntu.com/ubuntu noble/universe amd64 libavcodec60 amd64 7:6.1.1-3ubuntu5 [5851 kB]
2026-10-09T15:52:25.3051100Z Get:33 http://azure.archive.ubuntu.com/ubuntu noble/main amd64 libraw1394-11 amd64 2.1.2-2build3 [26.2 kB]
2026-10-09T15:52:25.3362390Z Get:34 http://azure.archive.ubuntu.com/ubuntu noble/main amd64 libavc1394-0 amd64 0.5.4-5build3 [15.4 kB]
2026-10-09T15:52:25.3669405Z Get:35 http://azure.archive.ubuntu.com/ubuntu noble/universe amd64 libunibreak5 amd64 5.1-2build1 [25.0 kB]
2026-10-09T15:52:25.3976580Z Get:36 http://azure.archive.ubuntu.com/ubuntu noble/universe amd64 libass9 amd64 1:0.17.1-2build1 [104 kB]
2026-10-09T15:52:25.4287578Z Get:37 http://azure.archive.ubuntu.com/ubuntu noble/universe amd64 libudfread0 amd64 1.1.2-1build1 [19.0 kB]
2026-10-09T15:52:25.4594476Z Get:38 http://azure.archive.ubuntu.com/ubuntu noble/universe amd64 libbluray2 amd64 1:1.3.4-1build1 [159 kB]
2026-10-09T15:52:25.5325877Z Get:39 http://azure.archive.ubuntu.com/ubuntu noble/universe amd64 libchromaprint1 amd64 1.5.1-5 [30.5 kB]
2026-10-09T15:52:25.5675821Z Get:40 http://azure.archive.ubuntu.com/ubuntu noble/universe amd64 libgme0 amd64 0.6.3-7build1 [134 kB]
2026-10-09T15:52:25.6029965Z Get:41 http://azure.archive.ubuntu.com/ubuntu noble-updates/main amd64 libmpg123-0t64 amd64 1.32.5-1ubuntu1.1 [169 kB]
2026-10-09T15:52:25.6383958Z Get:42 http://azure.archive.ubuntu.com/ubuntu noble/universe amd64 libopenmpt0t64 amd64 0.7.3-1.1build3 [647 kB]
2026-10-09T15:52:25.6724358Z Get:43 http://azure.archive.ubuntu.com/ubuntu noble/universe amd64 libcjson1 amd64 1.7.17-1 [24.8 kB]
2026-10-09T15:52:25.7042294Z Get:44 http://azure.archive.ubuntu.com/ubuntu noble/universe amd64 libmbedcrypto7t64 amd64 2.28.8-1 [209 kB]
2026-10-09T15:52:25.7366184Z Get:45 http://azure.archive.ubuntu.com/ubuntu noble/universe amd64 librist4 amd64 0.2.10+dfsg-2 [74.9 kB]
2026-10-09T15:52:25.7684520Z Get:46 http://azure.archive.ubuntu.com/ubuntu noble/universe amd64 libsrt1.5-gnutls amd64 1.5.3-1build2 [316 kB]
2026-10-09T15:52:25.8041307Z Get:47 http://azure.archive.ubuntu.com/ubuntu noble-updates/main amd64 libssh-gcrypt-4 amd64 0.10.6-2ubuntu0.5 [226 kB]
2026-10-09T15:52:25.8392940Z Get:48 http://azure.archive.ubuntu.com/ubuntu noble/universe amd64 libavformat60 amd64 7:6.1.1-3ubuntu5 [1153 kB]
2026-10-09T15:52:25.8796163Z Get:49 http://azure.archive.ubuntu.com/ubuntu noble/universe amd64 libbs2b0 amd64 3.1.0+dfsg-7build1 [10.6 kB]
2026-10-09T15:52:25.9137975Z Get:50 http://azure.archive.ubuntu.com/ubuntu noble/universe amd64 libflite1 amd64 2.2-6build3 [13.6 MB]
2026-10-09T15:52:26.0942831Z Get:51 http://azure.archive.ubuntu.com/ubuntu noble/universe amd64 libserd-0-0 amd64 0.32.2-1 [43.6 kB]
2026-10-09T15:52:26.1259821Z Get:52 http://azure.archive.ubuntu.com/ubuntu noble/universe amd64 libzix-0-0 amd64 0.4.2-2build1 [23.6 kB]
2026-10-09T15:52:26.1576266Z Get:53 http://azure.archive.ubuntu.com/ubuntu noble/universe amd64 libsord-0-0 amd64 0.16.16-2build1 [15.8 kB]
2026-10-09T15:52:26.1896468Z Get:54 http://azure.archive.ubuntu.com/ubuntu noble/universe amd64 libsratom-0-0 amd64 0.6.16-1build1 [17.3 kB]
2026-10-09T15:52:26.2241916Z Get:55 http://azure.archive.ubuntu.com/ubuntu noble/universe amd64 liblilv-0-0 amd64 0.24.22-1build1 [41.0 kB]
2026-10-09T15:52:26.2590885Z Get:56 http://azure.archive.ubuntu.com/ubuntu noble/universe amd64 libmysofa1 amd64 1.3.2+dfsg-2ubuntu2 [1158 kB]
2026-10-09T15:52:26.2992296Z Get:57 http://azure.archive.ubuntu.com/ubuntu noble/universe amd64 libplacebo338 amd64 6.338.2-2build1 [2654 kB]
2026-10-09T15:52:26.3857344Z Get:58 http://azure.archive.ubuntu.com/ubuntu noble-updates/main amd64 libblas3 amd64 3.12.0-3build1.1 [238 kB]
2026-10-09T15:52:26.4184562Z Get:59 http://azure.archive.ubuntu.com/ubuntu noble-updates/main amd64 liblapack3 amd64 3.12.0-3build1.1 [2646 kB]
2026-10-09T15:52:26.4605165Z Get:60 http://azure.archive.ubuntu.com/ubuntu noble/main amd64 libasyncns0 amd64 0.8-6build4 [11.3 kB]
2026-10-09T15:52:26.4923767Z Get:61 http://azure.archive.ubuntu.com/ubuntu noble/main amd64 libflac12t64 amd64 1.4.3+ds-2.1ubuntu2 [197 kB]
2026-10-09T15:52:26.5275349Z Get:62 http://azure.archive.ubuntu.com/ubuntu noble-updates/main amd64 libsndfile1 amd64 1.2.2-1ubuntu5.24.04.1 [209 kB]
2026-10-09T15:52:26.5626598Z Get:63 http://azure.archive.ubuntu.com/ubuntu noble-updates/main amd64 libpulse0 amd64 1:16.1+dfsg1-2ubuntu10.1 [292 kB]
2026-10-09T15:52:26.5981546Z Get:64 http://azure.archive.ubuntu.com/ubuntu noble/universe amd64 libsphinxbase3t64 amd64 0.8+5prealpha+1-17build2 [126 kB]
2026-10-09T15:52:26.6329924Z Get:65 http://azure.archive.ubuntu.com/ubuntu noble/universe amd64 libpocketsphinx3 amd64 0.8.0+real5prealpha+1-15ubuntu5 [133 kB]
2026-10-09T15:52:26.6678527Z Get:66 http://azure.archive.ubuntu.com/ubuntu noble/universe amd64 libpostproc57 amd64 7:6.1.1-3ubuntu5 [49.9 kB]
2026-10-09T15:52:26.7023606Z Get:67 http://azure.archive.ubuntu.com/ubuntu noble/main amd64 libsamplerate0 amd64 0.2.2-4build1 [1344 kB]
2026-10-09T15:52:26.7434524Z Get:68 http://azure.archive.ubuntu.com/ubuntu noble/universe amd64 librubberband2 amd64 3.3.0+dfsg-2build1 [130 kB]
2026-10-09T15:52:26.7783515Z Get:69 http://azure.archive.ubuntu.com/ubuntu noble/universe amd64 libswscale7 amd64 7:6.1.1-3ubuntu5 [193 kB]
2026-10-09T15:52:26.8134593Z Get:70 http://azure.archive.ubuntu.com/ubuntu noble/universe amd64 libvidstab1.1 amd64 1.1.0-2build1 [38.5 kB]
2026-10-09T15:52:26.8456746Z Get:71 http://azure.archive.ubuntu.com/ubuntu noble/universe amd64 libzimg2 amd64 3.0.5+ds1-1build1 [254 kB]
2026-10-09T15:52:26.8838604Z Get:72 http://azure.archive.ubuntu.com/ubuntu noble/universe amd64 libavfilter9 amd64 7:6.1.1-3ubuntu5 [4235 kB]
2026-10-09T15:52:27.0100133Z Get:73 http://azure.archive.ubuntu.com/ubuntu noble-updates/main amd64 libcaca0 amd64 0.99.beta20-4ubuntu0.2 [209 kB]
2026-10-09T15:52:27.0396221Z Get:74 http://azure.archive.ubuntu.com/ubuntu noble-updates/main amd64 libcdio19t64 amd64 2.1.0-4.1ubuntu1.2 [62.4 kB]
2026-10-09T15:52:27.0679766Z Get:75 http://azure.archive.ubuntu.com/ubuntu noble/main amd64 libcdio-cdda2t64 amd64 10.2+2.0.1-1.1build2 [16.5 kB]
2026-10-09T15:52:27.1379717Z Get:76 http://azure.archive.ubuntu.com/ubuntu noble/main amd64 libcdio-paranoia2t64 amd64 10.2+2.0.1-1.1build2 [16.6 kB]
2026-10-09T15:52:27.1660810Z Get:77 http://azure.archive.ubuntu.com/ubuntu noble/universe amd64 libdc1394-25 amd64 2.2.6-4build1 [90.1 kB]
2026-10-09T15:52:27.1944887Z Get:78 http://azure.archive.ubuntu.com/ubuntu noble/main amd64 libiec61883-0 amd64 1.2.0-6build1 [24.5 kB]
2026-10-09T15:52:27.2227933Z Get:79 http://azure.archive.ubuntu.com/ubuntu noble/main amd64 libjack-jackd2-0 amd64 1.9.21~dfsg-3ubuntu3 [289 kB]
2026-10-09T15:52:27.2519585Z Get:80 http://azure.archive.ubuntu.com/ubuntu noble/universe amd64 libopenal-data all 1:1.23.1-4build1 [161 kB]
2026-10-09T15:52:27.2842246Z Get:81 http://azure.archive.ubuntu.com/ubuntu noble/universe amd64 libsndio7.0 amd64 1.9.0-0.3build3 [29.6 kB]
2026-10-09T15:52:27.3160329Z Get:82 http://azure.archive.ubuntu.com/ubuntu noble/universe amd64 libopenal1 amd64 1:1.23.1-4build1 [540 kB]
2026-10-09T15:52:27.3497655Z Get:83 http://azure.archive.ubuntu.com/ubuntu noble/main amd64 libdecor-0-0 amd64 0.2.2-1build2 [16.5 kB]
2026-10-09T15:52:27.3817187Z Get:84 http://azure.archive.ubuntu.com/ubuntu noble-updates/main amd64 libsdl2-2.0-0 amd64 2.30.0+dfsg-1ubuntu3.1 [686 kB]
2026-10-09T15:52:27.4156072Z Get:85 http://azure.archive.ubuntu.com/ubuntu noble/main amd64 libxcb-shape0 amd64 1.15-1ubuntu2 [6100 B]
2026-10-09T15:52:27.4468087Z Get:86 http://azure.archive.ubuntu.com/ubuntu noble/main amd64 libxv1 amd64 2:1.0.11-1.1build1 [10.7 kB]
2026-10-09T15:52:27.4800127Z Get:87 http://azure.archive.ubuntu.com/ubuntu noble/universe amd64 libavdevice60 amd64 7:6.1.1-3ubuntu5 [82.3 kB]
2026-10-09T15:52:27.5120242Z Get:88 http://azure.archive.ubuntu.com/ubuntu noble/universe amd64 ffmpeg amd64 7:6.1.1-3ubuntu5 [1879 kB]
2026-10-09T15:52:27.7872762Z Fetched 62.8 MB in 4s (16.8 MB/s)
2026-10-09T15:52:27.8062063Z Selecting previously unselected package libva2:amd64.
2026-10-09T15:52:27.8308242Z (Reading database ... 
2026-10-09T15:52:27.8308719Z (Reading database ... 5%
2026-10-09T15:52:27.8308861Z (Reading database ... 10%
2026-10-09T15:52:27.8309012Z (Reading database ... 15%
2026-10-09T15:52:27.8309144Z (Reading database ... 20%
2026-10-09T15:52:27.8309280Z (Reading database ... 25%
2026-10-09T15:52:27.8309408Z (Reading database ... 30%
2026-10-09T15:52:27.8310108Z (Reading database ... 35%
2026-10-09T15:52:27.8310328Z (Reading database ... 40%
2026-10-09T15:52:27.8310532Z (Reading database ... 45%
2026-10-09T15:52:27.8310732Z (Reading database ... 50%
2026-10-09T15:52:27.8344189Z (Reading database ... 55%
2026-10-09T15:52:27.9394658Z (Reading database ... 60%
2026-10-09T15:52:28.1453740Z (Reading database ... 65%
2026-10-09T15:52:28.3337103Z (Reading database ... 70%
2026-10-09T15:52:28.4963543Z (Reading database ... 75%
2026-10-09T15:52:28.6627683Z (Reading database ... 80%
2026-10-09T15:52:28.8375661Z (Reading database ... 85%
2026-10-09T15:52:29.0451836Z (Reading database ... 90%
2026-10-09T15:52:29.2387751Z (Reading database ... 95%
2026-10-09T15:52:29.2388130Z (Reading database ... 100%
2026-10-09T15:52:29.2388440Z (Reading database ... 203191 files and directories currently installed.)
2026-10-09T15:52:29.2458610Z Preparing to unpack .../00-libva2_2.20.0-2ubuntu0.2_amd64.deb ...
2026-10-09T15:52:29.2488627Z Unpacking libva2:amd64 (2.20.0-2ubuntu0.2) ...
2026-10-09T15:52:29.2684974Z Selecting previously unselected package libva-drm2:amd64.
2026-10-09T15:52:29.2787181Z Preparing to unpack .../01-libva-drm2_2.20.0-2ubuntu0.2_amd64.deb ...
2026-10-09T15:52:29.2795424Z Unpacking libva-drm2:amd64 (2.20.0-2ubuntu0.2) ...
2026-10-09T15:52:29.2980480Z Selecting previously unselected package libva-x11-2:amd64.
2026-10-09T15:52:29.3084095Z Preparing to unpack .../02-libva-x11-2_2.20.0-2ubuntu0.2_amd64.deb ...
2026-10-09T15:52:29.3090269Z Unpacking libva-x11-2:amd64 (2.20.0-2ubuntu0.2) ...
2026-10-09T15:52:29.3272708Z Selecting previously unselected package libvdpau1:amd64.
2026-10-09T15:52:29.3372087Z Preparing to unpack .../03-libvdpau1_1.5-2build1_amd64.deb ...
2026-10-09T15:52:29.3378700Z Unpacking libvdpau1:amd64 (1.5-2build1) ...
2026-10-09T15:52:29.3717142Z Selecting previously unselected package libvpl2.
2026-10-09T15:52:29.3815376Z Preparing to unpack .../04-libvpl2_2023.3.0-1build1_amd64.deb ...
2026-10-09T15:52:29.3822239Z Unpacking libvpl2 (2023.3.0-1build1) ...
2026-10-09T15:52:29.4008693Z Selecting previously unselected package ocl-icd-libopencl1:amd64.
2026-10-09T15:52:29.4105195Z Preparing to unpack .../05-ocl-icd-libopencl1_2.3.2-1build1_amd64.deb ...
2026-10-09T15:52:29.4113341Z Unpacking ocl-icd-libopencl1:amd64 (2.3.2-1build1) ...
2026-10-09T15:52:29.4329619Z Selecting previously unselected package libavutil58:amd64.
2026-10-09T15:52:29.4425417Z Preparing to unpack .../06-libavutil58_7%3a6.1.1-3ubuntu5_amd64.deb ...
2026-10-09T15:52:29.4432958Z Unpacking libavutil58:amd64 (7:6.1.1-3ubuntu5) ...
2026-10-09T15:52:29.4659870Z Selecting previously unselected package libcodec2-1.2:amd64.
2026-10-09T15:52:29.4760007Z Preparing to unpack .../07-libcodec2-1.2_1.2.0-2build1_amd64.deb ...
2026-10-09T15:52:29.4766640Z Unpacking libcodec2-1.2:amd64 (1.2.0-2build1) ...
2026-10-09T15:52:29.6260216Z Selecting previously unselected package libdav1d7:amd64.
2026-10-09T15:52:29.6356571Z Preparing to unpack .../08-libdav1d7_1.4.1-1build1_amd64.deb ...
2026-10-09T15:52:29.6363140Z Unpacking libdav1d7:amd64 (1.4.1-1build1) ...
2026-10-09T15:52:29.6580526Z Selecting previously unselected package libgsm1:amd64.
2026-10-09T15:52:29.6678468Z Preparing to unpack .../09-libgsm1_1.0.22-1build1_amd64.deb ...
2026-10-09T15:52:29.6686640Z Unpacking libgsm1:amd64 (1.0.22-1build1) ...
2026-10-09T15:52:29.6873730Z Selecting previously unselected package libhwy1t64:amd64.
2026-10-09T15:52:29.6970396Z Preparing to unpack .../10-libhwy1t64_1.0.7-8.1build1_amd64.deb ...
2026-10-09T15:52:29.6977658Z Unpacking libhwy1t64:amd64 (1.0.7-8.1build1) ...
2026-10-09T15:52:29.7266392Z Selecting previously unselected package libjxl0.7:amd64.
2026-10-09T15:52:29.7364118Z Preparing to unpack .../11-libjxl0.7_0.7.0-10.2ubuntu6.1_amd64.deb ...
2026-10-09T15:52:29.7370951Z Unpacking libjxl0.7:amd64 (0.7.0-10.2ubuntu6.1) ...
2026-10-09T15:52:29.7665681Z Selecting previously unselected package libmp3lame0:amd64.
2026-10-09T15:52:29.7762322Z Preparing to unpack .../12-libmp3lame0_3.100-6build1_amd64.deb ...
2026-10-09T15:52:29.7769684Z Unpacking libmp3lame0:amd64 (3.100-6build1) ...
2026-10-09T15:52:29.7958687Z Selecting previously unselected package libopus0:amd64.
2026-10-09T15:52:29.8055780Z Preparing to unpack .../13-libopus0_1.4-1build1_amd64.deb ...
2026-10-09T15:52:29.8062704Z Unpacking libopus0:amd64 (1.4-1build1) ...
2026-10-09T15:52:29.8256132Z Selecting previously unselected package librav1e0:amd64.
2026-10-09T15:52:29.8353118Z Preparing to unpack .../14-librav1e0_0.7.1-2_amd64.deb ...
2026-10-09T15:52:29.8359319Z Unpacking librav1e0:amd64 (0.7.1-2) ...
2026-10-09T15:52:29.8668059Z Selecting previously unselected package librsvg2-2:amd64.
2026-10-09T15:52:29.8765507Z Preparing to unpack .../15-librsvg2-2_2.58.0+dfsg-1ubuntu0.1_amd64.deb ...
2026-10-09T15:52:29.8771343Z Unpacking librsvg2-2:amd64 (2.58.0+dfsg-1ubuntu0.1) ...
2026-10-09T15:52:29.9375762Z Selecting previously unselected package libshine3:amd64.
2026-10-09T15:52:29.9473773Z Preparing to unpack .../16-libshine3_3.1.1-2build1_amd64.deb ...
2026-10-09T15:52:29.9481007Z Unpacking libshine3:amd64 (3.1.1-2build1) ...
2026-10-09T15:52:29.9664554Z Selecting previously unselected package libspeex1:amd64.
2026-10-09T15:52:29.9764794Z Preparing to unpack .../17-libspeex1_1.2.1-2ubuntu2.24.04.1_amd64.deb ...
2026-10-09T15:52:29.9772060Z Unpacking libspeex1:amd64 (1.2.1-2ubuntu2.24.04.1) ...
2026-10-09T15:52:29.9954519Z Selecting previously unselected package libsvtav1enc1d1:amd64.
2026-10-09T15:52:30.0052472Z Preparing to unpack .../18-libsvtav1enc1d1_1.7.0+dfsg-2build1_amd64.deb ...
2026-10-09T15:52:30.0058388Z Unpacking libsvtav1enc1d1:amd64 (1.7.0+dfsg-2build1) ...
2026-10-09T15:52:30.0880634Z Selecting previously unselected package libsoxr0:amd64.
2026-10-09T15:52:30.0978862Z Preparing to unpack .../19-libsoxr0_0.1.3-4build3_amd64.deb ...
2026-10-09T15:52:30.0985216Z Unpacking libsoxr0:amd64 (0.1.3-4build3) ...
2026-10-09T15:52:30.1174189Z Selecting previously unselected package libswresample4:amd64.
2026-10-09T15:52:30.1271325Z Preparing to unpack .../20-libswresample4_7%3a6.1.1-3ubuntu5_amd64.deb ...
2026-10-09T15:52:30.1277243Z Unpacking libswresample4:amd64 (7:6.1.1-3ubuntu5) ...
2026-10-09T15:52:30.1469147Z Selecting previously unselected package libtheora0:amd64.
2026-10-09T15:52:30.1566728Z Preparing to unpack .../21-libtheora0_1.1.1+dfsg.1-16.1build3_amd64.deb ...
2026-10-09T15:52:30.1572736Z Unpacking libtheora0:amd64 (1.1.1+dfsg.1-16.1build3) ...
2026-10-09T15:52:30.1774503Z Selecting previously unselected package libtwolame0:amd64.
2026-10-09T15:52:30.1873195Z Preparing to unpack .../22-libtwolame0_0.4.0-2build3_amd64.deb ...
2026-10-09T15:52:30.1879780Z Unpacking libtwolame0:amd64 (0.4.0-2build3) ...
2026-10-09T15:52:30.2069332Z Selecting previously unselected package libvorbisenc2:amd64.
2026-10-09T15:52:30.2168659Z Preparing to unpack .../23-libvorbisenc2_1.3.7-1build3_amd64.deb ...
2026-10-09T15:52:30.2175756Z Unpacking libvorbisenc2:amd64 (1.3.7-1build3) ...
2026-10-09T15:52:30.2375962Z Selecting previously unselected package libvpx9:amd64.
2026-10-09T15:52:30.2473544Z Preparing to unpack .../24-libvpx9_1.14.0-1ubuntu2.3_amd64.deb ...
2026-10-09T15:52:30.2480045Z Unpacking libvpx9:amd64 (1.14.0-1ubuntu2.3) ...
2026-10-09T15:52:30.2777251Z Selecting previously unselected package libx264-164:amd64.
2026-10-09T15:52:30.2874651Z Preparing to unpack .../25-libx264-164_2%3a0.164.3108+git31e19f9-1_amd64.deb ...
2026-10-09T15:52:30.2882758Z Unpacking libx264-164:amd64 (2:0.164.3108+git31e19f9-1) ...
2026-10-09T15:52:30.3193430Z Selecting previously unselected package libx265-199:amd64.
2026-10-09T15:52:30.3292491Z Preparing to unpack .../26-libx265-199_3.5-2build1_amd64.deb ...
2026-10-09T15:52:30.3299370Z Unpacking libx265-199:amd64 (3.5-2build1) ...
2026-10-09T15:52:30.4564000Z Selecting previously unselected package libxvidcore4:amd64.
2026-10-09T15:52:30.4661753Z Preparing to unpack .../27-libxvidcore4_2%3a1.3.7-1build1_amd64.deb ...
2026-10-09T15:52:30.4668817Z Unpacking libxvidcore4:amd64 (2:1.3.7-1build1) ...
2026-10-09T15:52:30.4857237Z Selecting previously unselected package libzvbi-common.
2026-10-09T15:52:30.4955164Z Preparing to unpack .../28-libzvbi-common_0.2.42-2_all.deb ...
2026-10-09T15:52:30.4962584Z Unpacking libzvbi-common (0.2.42-2) ...
2026-10-09T15:52:30.5395204Z Selecting previously unselected package libzvbi0t64:amd64.
2026-10-09T15:52:30.5494486Z Preparing to unpack .../29-libzvbi0t64_0.2.42-2_amd64.deb ...
2026-10-09T15:52:30.5501793Z Unpacking libzvbi0t64:amd64 (0.2.42-2) ...
2026-10-09T15:52:30.5793337Z Selecting previously unselected package libavcodec60:amd64.
2026-10-09T15:52:30.5897858Z Preparing to unpack .../30-libavcodec60_7%3a6.1.1-3ubuntu5_amd64.deb ...
2026-10-09T15:52:30.5904608Z Unpacking libavcodec60:amd64 (7:6.1.1-3ubuntu5) ...
2026-10-09T15:52:30.7201358Z Selecting previously unselected package libraw1394-11:amd64.
2026-10-09T15:52:30.7299017Z Preparing to unpack .../31-libraw1394-11_2.1.2-2build3_amd64.deb ...
2026-10-09T15:52:30.7306064Z Unpacking libraw1394-11:amd64 (2.1.2-2build3) ...
2026-10-09T15:52:30.7658370Z Selecting previously unselected package libavc1394-0:amd64.
2026-10-09T15:52:30.7756603Z Preparing to unpack .../32-libavc1394-0_0.5.4-5build3_amd64.deb ...
2026-10-09T15:52:30.7763980Z Unpacking libavc1394-0:amd64 (0.5.4-5build3) ...
2026-10-09T15:52:30.7953042Z Selecting previously unselected package libunibreak5:amd64.
2026-10-09T15:52:30.8050993Z Preparing to unpack .../33-libunibreak5_5.1-2build1_amd64.deb ...
2026-10-09T15:52:30.8057786Z Unpacking libunibreak5:amd64 (5.1-2build1) ...
2026-10-09T15:52:30.8241066Z Selecting previously unselected package libass9:amd64.
2026-10-09T15:52:30.8339511Z Preparing to unpack .../34-libass9_1%3a0.17.1-2build1_amd64.deb ...
2026-10-09T15:52:30.8348923Z Unpacking libass9:amd64 (1:0.17.1-2build1) ...
2026-10-09T15:52:30.8537111Z Selecting previously unselected package libudfread0:amd64.
2026-10-09T15:52:30.8634839Z Preparing to unpack .../35-libudfread0_1.1.2-1build1_amd64.deb ...
2026-10-09T15:52:30.8642934Z Unpacking libudfread0:amd64 (1.1.2-1build1) ...
2026-10-09T15:52:30.8825101Z Selecting previously unselected package libbluray2:amd64.
2026-10-09T15:52:30.8922425Z Preparing to unpack .../36-libbluray2_1%3a1.3.4-1build1_amd64.deb ...
2026-10-09T15:52:30.8930848Z Unpacking libbluray2:amd64 (1:1.3.4-1build1) ...
2026-10-09T15:52:30.9127064Z Selecting previously unselected package libchromaprint1:amd64.
2026-10-09T15:52:30.9226681Z Preparing to unpack .../37-libchromaprint1_1.5.1-5_amd64.deb ...
2026-10-09T15:52:30.9234432Z Unpacking libchromaprint1:amd64 (1.5.1-5) ...
2026-10-09T15:52:30.9418111Z Selecting previously unselected package libgme0:amd64.
2026-10-09T15:52:30.9516546Z Preparing to unpack .../38-libgme0_0.6.3-7build1_amd64.deb ...
2026-10-09T15:52:30.9523766Z Unpacking libgme0:amd64 (0.6.3-7build1) ...
2026-10-09T15:52:30.9872252Z Selecting previously unselected package libmpg123-0t64:amd64.
2026-10-09T15:52:30.9971739Z Preparing to unpack .../39-libmpg123-0t64_1.32.5-1ubuntu1.1_amd64.deb ...
2026-10-09T15:52:30.9980272Z Unpacking libmpg123-0t64:amd64 (1.32.5-1ubuntu1.1) ...
2026-10-09T15:52:31.0183078Z Selecting previously unselected package libopenmpt0t64:amd64.
2026-10-09T15:52:31.0281776Z Preparing to unpack .../40-libopenmpt0t64_0.7.3-1.1build3_amd64.deb ...
2026-10-09T15:52:31.0288321Z Unpacking libopenmpt0t64:amd64 (0.7.3-1.1build3) ...
2026-10-09T15:52:31.0516776Z Selecting previously unselected package libcjson1:amd64.
2026-10-09T15:52:31.0623934Z Preparing to unpack .../41-libcjson1_1.7.17-1_amd64.deb ...
2026-10-09T15:52:31.0630941Z Unpacking libcjson1:amd64 (1.7.17-1) ...
2026-10-09T15:52:31.0819163Z Selecting previously unselected package libmbedcrypto7t64:amd64.
2026-10-09T15:52:31.0917836Z Preparing to unpack .../42-libmbedcrypto7t64_2.28.8-1_amd64.deb ...
2026-10-09T15:52:31.0924632Z Unpacking libmbedcrypto7t64:amd64 (2.28.8-1) ...
2026-10-09T15:52:31.1121014Z Selecting previously unselected package librist4:amd64.
2026-10-09T15:52:31.1219883Z Preparing to unpack .../43-librist4_0.2.10+dfsg-2_amd64.deb ...
2026-10-09T15:52:31.1227461Z Unpacking librist4:amd64 (0.2.10+dfsg-2) ...
2026-10-09T15:52:31.1413814Z Selecting previously unselected package libsrt1.5-gnutls:amd64.
2026-10-09T15:52:31.1511858Z Preparing to unpack .../44-libsrt1.5-gnutls_1.5.3-1build2_amd64.deb ...
2026-10-09T15:52:31.1519974Z Unpacking libsrt1.5-gnutls:amd64 (1.5.3-1build2) ...
2026-10-09T15:52:31.1730046Z Selecting previously unselected package libssh-gcrypt-4:amd64.
2026-10-09T15:52:31.1829124Z Preparing to unpack .../45-libssh-gcrypt-4_0.10.6-2ubuntu0.5_amd64.deb ...
2026-10-09T15:52:31.1835400Z Unpacking libssh-gcrypt-4:amd64 (0.10.6-2ubuntu0.5) ...
2026-10-09T15:52:31.2177136Z Selecting previously unselected package libavformat60:amd64.
2026-10-09T15:52:31.2278412Z Preparing to unpack .../46-libavformat60_7%3a6.1.1-3ubuntu5_amd64.deb ...
2026-10-09T15:52:31.2285291Z Unpacking libavformat60:amd64 (7:6.1.1-3ubuntu5) ...
2026-10-09T15:52:31.2608854Z Selecting previously unselected package libbs2b0:amd64.
2026-10-09T15:52:31.2708419Z Preparing to unpack .../47-libbs2b0_3.1.0+dfsg-7build1_amd64.deb ...
2026-10-09T15:52:31.2715359Z Unpacking libbs2b0:amd64 (3.1.0+dfsg-7build1) ...
2026-10-09T15:52:31.2919530Z Selecting previously unselected package libflite1:amd64.
2026-10-09T15:52:31.3018470Z Preparing to unpack .../48-libflite1_2.2-6build3_amd64.deb ...
2026-10-09T15:52:31.3026961Z Unpacking libflite1:amd64 (2.2-6build3) ...
2026-10-09T15:52:31.4720698Z Selecting previously unselected package libserd-0-0:amd64.
2026-10-09T15:52:31.4818174Z Preparing to unpack .../49-libserd-0-0_0.32.2-1_amd64.deb ...
2026-10-09T15:52:31.4825295Z Unpacking libserd-0-0:amd64 (0.32.2-1) ...
2026-10-09T15:52:31.5009608Z Selecting previously unselected package libzix-0-0:amd64.
2026-10-09T15:52:31.5132159Z Preparing to unpack .../50-libzix-0-0_0.4.2-2build1_amd64.deb ...
2026-10-09T15:52:31.5139356Z Unpacking libzix-0-0:amd64 (0.4.2-2build1) ...
2026-10-09T15:52:31.5345734Z Selecting previously unselected package libsord-0-0:amd64.
2026-10-09T15:52:31.5464542Z Preparing to unpack .../51-libsord-0-0_0.16.16-2build1_amd64.deb ...
2026-10-09T15:52:31.5472459Z Unpacking libsord-0-0:amd64 (0.16.16-2build1) ...
2026-10-09T15:52:31.5743647Z Selecting previously unselected package libsratom-0-0:amd64.
2026-10-09T15:52:31.5896905Z Preparing to unpack .../52-libsratom-0-0_0.6.16-1build1_amd64.deb ...
2026-10-09T15:52:31.5909599Z Unpacking libsratom-0-0:amd64 (0.6.16-1build1) ...
2026-10-09T15:52:31.6256420Z Selecting previously unselected package liblilv-0-0:amd64.
2026-10-09T15:52:31.6360152Z Preparing to unpack .../53-liblilv-0-0_0.24.22-1build1_amd64.deb ...
2026-10-09T15:52:31.6373662Z Unpacking liblilv-0-0:amd64 (0.24.22-1build1) ...
2026-10-09T15:52:31.6575185Z Selecting previously unselected package libmysofa1:amd64.
2026-10-09T15:52:31.6679809Z Preparing to unpack .../54-libmysofa1_1.3.2+dfsg-2ubuntu2_amd64.deb ...
2026-10-09T15:52:31.6687164Z Unpacking libmysofa1:amd64 (1.3.2+dfsg-2ubuntu2) ...
2026-10-09T15:52:31.7038445Z Selecting previously unselected package libplacebo338:amd64.
2026-10-09T15:52:31.7138895Z Preparing to unpack .../55-libplacebo338_6.338.2-2build1_amd64.deb ...
2026-10-09T15:52:31.7147143Z Unpacking libplacebo338:amd64 (6.338.2-2build1) ...
2026-10-09T15:52:31.7934365Z Selecting previously unselected package libblas3:amd64.
2026-10-09T15:52:31.8032579Z Preparing to unpack .../56-libblas3_3.12.0-3build1.1_amd64.deb ...
2026-10-09T15:52:31.8062328Z Unpacking libblas3:amd64 (3.12.0-3build1.1) ...
2026-10-09T15:52:31.8270282Z Selecting previously unselected package liblapack3:amd64.
2026-10-09T15:52:31.8368072Z Preparing to unpack .../57-liblapack3_3.12.0-3build1.1_amd64.deb ...
2026-10-09T15:52:31.8403116Z Unpacking liblapack3:amd64 (3.12.0-3build1.1) ...
2026-10-09T15:52:31.9035352Z Selecting previously unselected package libasyncns0:amd64.
2026-10-09T15:52:31.9132881Z Preparing to unpack .../58-libasyncns0_0.8-6build4_amd64.deb ...
2026-10-09T15:52:31.9163264Z Unpacking libasyncns0:amd64 (0.8-6build4) ...
2026-10-09T15:52:31.9371270Z Selecting previously unselected package libflac12t64:amd64.
2026-10-09T15:52:31.9470522Z Preparing to unpack .../59-libflac12t64_1.4.3+ds-2.1ubuntu2_amd64.deb ...
2026-10-09T15:52:31.9482868Z Unpacking libflac12t64:amd64 (1.4.3+ds-2.1ubuntu2) ...
2026-10-09T15:52:31.9697596Z Selecting previously unselected package libsndfile1:amd64.
2026-10-09T15:52:31.9795645Z Preparing to unpack .../60-libsndfile1_1.2.2-1ubuntu5.24.04.1_amd64.deb ...
2026-10-09T15:52:31.9802897Z Unpacking libsndfile1:amd64 (1.2.2-1ubuntu5.24.04.1) ...
2026-10-09T15:52:32.0017028Z Selecting previously unselected package libpulse0:amd64.
2026-10-09T15:52:32.0115672Z Preparing to unpack .../61-libpulse0_1%3a16.1+dfsg1-2ubuntu10.1_amd64.deb ...
2026-10-09T15:52:32.0179803Z Unpacking libpulse0:amd64 (1:16.1+dfsg1-2ubuntu10.1) ...
2026-10-09T15:52:32.0434828Z Selecting previously unselected package libsphinxbase3t64:amd64.
2026-10-09T15:52:32.0567558Z Preparing to unpack .../62-libsphinxbase3t64_0.8+5prealpha+1-17build2_amd64.deb ...
2026-10-09T15:52:32.0574896Z Unpacking libsphinxbase3t64:amd64 (0.8+5prealpha+1-17build2) ...
2026-10-09T15:52:32.0772595Z Selecting previously unselected package libpocketsphinx3:amd64.
2026-10-09T15:52:32.0871737Z Preparing to unpack .../63-libpocketsphinx3_0.8.0+real5prealpha+1-15ubuntu5_amd64.deb ...
2026-10-09T15:52:32.0884448Z Unpacking libpocketsphinx3:amd64 (0.8.0+real5prealpha+1-15ubuntu5) ...
2026-10-09T15:52:32.1076988Z Selecting previously unselected package libpostproc57:amd64.
2026-10-09T15:52:32.1176834Z Preparing to unpack .../64-libpostproc57_7%3a6.1.1-3ubuntu5_amd64.deb ...
2026-10-09T15:52:32.1186400Z Unpacking libpostproc57:amd64 (7:6.1.1-3ubuntu5) ...
2026-10-09T15:52:32.1621510Z Selecting previously unselected package libsamplerate0:amd64.
2026-10-09T15:52:32.1722361Z Preparing to unpack .../65-libsamplerate0_0.2.2-4build1_amd64.deb ...
2026-10-09T15:52:32.1730562Z Unpacking libsamplerate0:amd64 (0.2.2-4build1) ...
2026-10-09T15:52:32.1953951Z Selecting previously unselected package librubberband2:amd64.
2026-10-09T15:52:32.2053607Z Preparing to unpack .../66-librubberband2_3.3.0+dfsg-2build1_amd64.deb ...
2026-10-09T15:52:32.2061714Z Unpacking librubberband2:amd64 (3.3.0+dfsg-2build1) ...
2026-10-09T15:52:32.2263054Z Selecting previously unselected package libswscale7:amd64.
2026-10-09T15:52:32.2361939Z Preparing to unpack .../67-libswscale7_7%3a6.1.1-3ubuntu5_amd64.deb ...
2026-10-09T15:52:32.2369125Z Unpacking libswscale7:amd64 (7:6.1.1-3ubuntu5) ...
2026-10-09T15:52:32.2578622Z Selecting previously unselected package libvidstab1.1:amd64.
2026-10-09T15:52:32.2679718Z Preparing to unpack .../68-libvidstab1.1_1.1.0-2build1_amd64.deb ...
2026-10-09T15:52:32.2690679Z Unpacking libvidstab1.1:amd64 (1.1.0-2build1) ...
2026-10-09T15:52:32.2896521Z Selecting previously unselected package libzimg2:amd64.
2026-10-09T15:52:32.2995989Z Preparing to unpack .../69-libzimg2_3.0.5+ds1-1build1_amd64.deb ...
2026-10-09T15:52:32.3003617Z Unpacking libzimg2:amd64 (3.0.5+ds1-1build1) ...
2026-10-09T15:52:32.3260433Z Selecting previously unselected package libavfilter9:amd64.
2026-10-09T15:52:32.3361943Z Preparing to unpack .../70-libavfilter9_7%3a6.1.1-3ubuntu5_amd64.deb ...
2026-10-09T15:52:32.3372754Z Unpacking libavfilter9:amd64 (7:6.1.1-3ubuntu5) ...
2026-10-09T15:52:32.4701193Z Selecting previously unselected package libcaca0:amd64.
2026-10-09T15:52:32.4797859Z Preparing to unpack .../71-libcaca0_0.99.beta20-4ubuntu0.2_amd64.deb ...
2026-10-09T15:52:32.4805080Z Unpacking libcaca0:amd64 (0.99.beta20-4ubuntu0.2) ...
2026-10-09T15:52:32.5032674Z Selecting previously unselected package libcdio19t64:amd64.
2026-10-09T15:52:32.5130223Z Preparing to unpack .../72-libcdio19t64_2.1.0-4.1ubuntu1.2_amd64.deb ...
2026-10-09T15:52:32.5145964Z Unpacking libcdio19t64:amd64 (2.1.0-4.1ubuntu1.2) ...
2026-10-09T15:52:32.5350651Z Selecting previously unselected package libcdio-cdda2t64:amd64.
2026-10-09T15:52:32.5451146Z Preparing to unpack .../73-libcdio-cdda2t64_10.2+2.0.1-1.1build2_amd64.deb ...
2026-10-09T15:52:32.5458493Z Unpacking libcdio-cdda2t64:amd64 (10.2+2.0.1-1.1build2) ...
2026-10-09T15:52:32.5662688Z Selecting previously unselected package libcdio-paranoia2t64:amd64.
2026-10-09T15:52:32.5765975Z Preparing to unpack .../74-libcdio-paranoia2t64_10.2+2.0.1-1.1build2_amd64.deb ...
2026-10-09T15:52:32.5773857Z Unpacking libcdio-paranoia2t64:amd64 (10.2+2.0.1-1.1build2) ...
2026-10-09T15:52:32.5967135Z Selecting previously unselected package libdc1394-25:amd64.
2026-10-09T15:52:32.6065528Z Preparing to unpack .../75-libdc1394-25_2.2.6-4build1_amd64.deb ...
2026-10-09T15:52:32.6072780Z Unpacking libdc1394-25:amd64 (2.2.6-4build1) ...
2026-10-09T15:52:32.6278887Z Selecting previously unselected package libiec61883-0:amd64.
2026-10-09T15:52:32.6380659Z Preparing to unpack .../76-libiec61883-0_1.2.0-6build1_amd64.deb ...
2026-10-09T15:52:32.6388202Z Unpacking libiec61883-0:amd64 (1.2.0-6build1) ...
2026-10-09T15:52:32.6589137Z Selecting previously unselected package libjack-jackd2-0:amd64.
2026-10-09T15:52:32.6708869Z Preparing to unpack .../77-libjack-jackd2-0_1.9.21~dfsg-3ubuntu3_amd64.deb ...
2026-10-09T15:52:32.6715752Z Unpacking libjack-jackd2-0:amd64 (1.9.21~dfsg-3ubuntu3) ...
2026-10-09T15:52:32.7107976Z Selecting previously unselected package libopenal-data.
2026-10-09T15:52:32.7208187Z Preparing to unpack .../78-libopenal-data_1%3a1.23.1-4build1_all.deb ...
2026-10-09T15:52:32.7215246Z Unpacking libopenal-data (1:1.23.1-4build1) ...
2026-10-09T15:52:32.7418788Z Selecting previously unselected package libsndio7.0:amd64.
2026-10-09T15:52:32.7518699Z Preparing to unpack .../79-libsndio7.0_1.9.0-0.3build3_amd64.deb ...
2026-10-09T15:52:32.7526819Z Unpacking libsndio7.0:amd64 (1.9.0-0.3build3) ...
2026-10-09T15:52:32.7717731Z Selecting previously unselected package libopenal1:amd64.
2026-10-09T15:52:32.7816027Z Preparing to unpack .../80-libopenal1_1%3a1.23.1-4build1_amd64.deb ...
2026-10-09T15:52:32.7823539Z Unpacking libopenal1:amd64 (1:1.23.1-4build1) ...
2026-10-09T15:52:32.8057989Z Selecting previously unselected package libdecor-0-0:amd64.
2026-10-09T15:52:32.8156873Z Preparing to unpack .../81-libdecor-0-0_0.2.2-1build2_amd64.deb ...
2026-10-09T15:52:32.8186144Z Unpacking libdecor-0-0:amd64 (0.2.2-1build2) ...
2026-10-09T15:52:32.8376480Z Selecting previously unselected package libsdl2-2.0-0:amd64.
2026-10-09T15:52:32.8478042Z Preparing to unpack .../82-libsdl2-2.0-0_2.30.0+dfsg-1ubuntu3.1_amd64.deb ...
2026-10-09T15:52:32.8486034Z Unpacking libsdl2-2.0-0:amd64 (2.30.0+dfsg-1ubuntu3.1) ...
2026-10-09T15:52:32.9222189Z Selecting previously unselected package libxcb-shape0:amd64.
2026-10-09T15:52:32.9321988Z Preparing to unpack .../83-libxcb-shape0_1.15-1ubuntu2_amd64.deb ...
2026-10-09T15:52:32.9328880Z Unpacking libxcb-shape0:amd64 (1.15-1ubuntu2) ...
2026-10-09T15:52:32.9517644Z Selecting previously unselected package libxv1:amd64.
2026-10-09T15:52:32.9616710Z Preparing to unpack .../84-libxv1_2%3a1.0.11-1.1build1_amd64.deb ...
2026-10-09T15:52:32.9623978Z Unpacking libxv1:amd64 (2:1.0.11-1.1build1) ...
2026-10-09T15:52:32.9839183Z Selecting previously unselected package libavdevice60:amd64.
2026-10-09T15:52:32.9937678Z Preparing to unpack .../85-libavdevice60_7%3a6.1.1-3ubuntu5_amd64.deb ...
2026-10-09T15:52:32.9945361Z Unpacking libavdevice60:amd64 (7:6.1.1-3ubuntu5) ...
2026-10-09T15:52:33.0128928Z Selecting previously unselected package ffmpeg.
2026-10-09T15:52:33.0227076Z Preparing to unpack .../86-ffmpeg_7%3a6.1.1-3ubuntu5_amd64.deb ...
2026-10-09T15:52:33.0233188Z Unpacking ffmpeg (7:6.1.1-3ubuntu5) ...
2026-10-09T15:52:33.0706575Z Setting up libgme0:amd64 (0.6.3-7build1) ...
2026-10-09T15:52:33.0727867Z Setting up libchromaprint1:amd64 (1.5.1-5) ...
2026-10-09T15:52:33.0743392Z Setting up libssh-gcrypt-4:amd64 (0.10.6-2ubuntu0.5) ...
2026-10-09T15:52:33.0758143Z Setting up libhwy1t64:amd64 (1.0.7-8.1build1) ...
2026-10-09T15:52:33.0774568Z Setting up libudfread0:amd64 (1.1.2-1build1) ...
2026-10-09T15:52:33.0789129Z Setting up libraw1394-11:amd64 (2.1.2-2build3) ...
2026-10-09T15:52:33.0814248Z Setting up libspeex1:amd64 (1.2.1-2ubuntu2.24.04.1) ...
2026-10-09T15:52:33.0830489Z Setting up libshine3:amd64 (3.1.1-2build1) ...
2026-10-09T15:52:33.0846630Z Setting up libcaca0:amd64 (0.99.beta20-4ubuntu0.2) ...
2026-10-09T15:52:33.0863673Z Setting up libvpl2 (2023.3.0-1build1) ...
2026-10-09T15:52:33.0878696Z Setting up libx264-164:amd64 (2:0.164.3108+git31e19f9-1) ...
2026-10-09T15:52:33.0894100Z Setting up libtwolame0:amd64 (0.4.0-2build3) ...
2026-10-09T15:52:33.0919568Z Setting up libmbedcrypto7t64:amd64 (2.28.8-1) ...
2026-10-09T15:52:33.0934564Z Setting up libgsm1:amd64 (1.0.22-1build1) ...
2026-10-09T15:52:33.0949907Z Setting up libsoxr0:amd64 (0.1.3-4build3) ...
2026-10-09T15:52:33.0967726Z Setting up libzix-0-0:amd64 (0.4.2-2build1) ...
2026-10-09T15:52:33.0981218Z Setting up libcodec2-1.2:amd64 (1.2.0-2build1) ...
2026-10-09T15:52:33.0998117Z Setting up libmysofa1:amd64 (1.3.2+dfsg-2ubuntu2) ...
2026-10-09T15:52:33.1018004Z Setting up libxcb-shape0:amd64 (1.15-1ubuntu2) ...
2026-10-09T15:52:33.1033328Z Setting up libcdio19t64:amd64 (2.1.0-4.1ubuntu1.2) ...
2026-10-09T15:52:33.1050257Z Setting up libsvtav1enc1d1:amd64 (1.7.0+dfsg-2build1) ...
2026-10-09T15:52:33.1065245Z Setting up libmpg123-0t64:amd64 (1.32.5-1ubuntu1.1) ...
2026-10-09T15:52:33.1081716Z Setting up libcjson1:amd64 (1.7.17-1) ...
2026-10-09T15:52:33.1096064Z Setting up libxvidcore4:amd64 (2:1.3.7-1build1) ...
2026-10-09T15:52:33.1113124Z Setting up librav1e0:amd64 (0.7.1-2) ...
2026-10-09T15:52:33.1130893Z Setting up libcdio-cdda2t64:amd64 (10.2+2.0.1-1.1build2) ...
2026-10-09T15:52:33.1314830Z Setting up librist4:amd64 (0.2.10+dfsg-2) ...
2026-10-09T15:52:33.1329890Z Setting up librsvg2-2:amd64 (2.58.0+dfsg-1ubuntu0.1) ...
2026-10-09T15:52:33.1350250Z Setting up libblas3:amd64 (3.12.0-3build1.1) ...
2026-10-09T15:52:33.1400874Z update-alternatives: using /usr/lib/x86_64-linux-gnu/blas/libblas.so.3 to provide /usr/lib/x86_64-linux-gnu/libblas.so.3 (libblas.so.3-x86_64-linux-gnu) in auto mode
2026-10-09T15:52:33.1421492Z Setting up libplacebo338:amd64 (6.338.2-2build1) ...
2026-10-09T15:52:33.1440149Z Setting up libva2:amd64 (2.20.0-2ubuntu0.2) ...
2026-10-09T15:52:33.1455667Z Setting up libopus0:amd64 (1.4-1build1) ...
2026-10-09T15:52:33.1471299Z Setting up libcdio-paranoia2t64:amd64 (10.2+2.0.1-1.1build2) ...
2026-10-09T15:52:33.1487734Z Setting up libdc1394-25:amd64 (2.2.6-4build1) ...
2026-10-09T15:52:33.1502511Z Setting up libxv1:amd64 (2:1.0.11-1.1build1) ...
2026-10-09T15:52:33.1524508Z Setting up libunibreak5:amd64 (5.1-2build1) ...
2026-10-09T15:52:33.1539823Z Setting up libjxl0.7:amd64 (0.7.0-10.2ubuntu6.1) ...
2026-10-09T15:52:33.1554396Z Setting up libx265-199:amd64 (3.5-2build1) ...
2026-10-09T15:52:33.1570688Z Setting up libsndio7.0:amd64 (1.9.0-0.3build3) ...
2026-10-09T15:52:33.1585894Z Setting up libvidstab1.1:amd64 (1.1.0-2build1) ...
2026-10-09T15:52:33.1601064Z Setting up libvpx9:amd64 (1.14.0-1ubuntu2.3) ...
2026-10-09T15:52:33.1621814Z Setting up libsrt1.5-gnutls:amd64 (1.5.3-1build2) ...
2026-10-09T15:52:33.1635991Z Setting up libflite1:amd64 (2.2-6build3) ...
2026-10-09T15:52:33.1653081Z Setting up libdav1d7:amd64 (1.4.1-1build1) ...
2026-10-09T15:52:33.1668101Z Setting up libva-drm2:amd64 (2.20.0-2ubuntu0.2) ...
2026-10-09T15:52:33.1682701Z Setting up ocl-icd-libopencl1:amd64 (2.3.2-1build1) ...
2026-10-09T15:52:33.1699388Z Setting up libasyncns0:amd64 (0.8-6build4) ...
2026-10-09T15:52:33.1717543Z Setting up libvdpau1:amd64 (1.5-2build1) ...
2026-10-09T15:52:33.1739073Z Setting up libbs2b0:amd64 (3.1.0+dfsg-7build1) ...
2026-10-09T15:52:33.1754219Z Setting up libtheora0:amd64 (1.1.1+dfsg.1-16.1build3) ...
2026-10-09T15:52:33.1768936Z Setting up libdecor-0-0:amd64 (0.2.2-1build2) ...
2026-10-09T15:52:33.1785217Z Setting up libzimg2:amd64 (3.0.5+ds1-1build1) ...
2026-10-09T15:52:33.1801477Z Setting up libopenal-data (1:1.23.1-4build1) ...
2026-10-09T15:52:33.1828445Z Setting up libflac12t64:amd64 (1.4.3+ds-2.1ubuntu2) ...
2026-10-09T15:52:33.1843484Z Setting up libbluray2:amd64 (1:1.3.4-1build1) ...
2026-10-09T15:52:33.1857987Z Setting up libsamplerate0:amd64 (0.2.2-4build1) ...
2026-10-09T15:52:33.1874296Z Setting up libva-x11-2:amd64 (2.20.0-2ubuntu0.2) ...
2026-10-09T15:52:33.1889098Z Setting up libopenmpt0t64:amd64 (0.7.3-1.1build3) ...
2026-10-09T15:52:33.1910476Z Setting up libzvbi-common (0.2.42-2) ...
2026-10-09T15:52:33.1924612Z Setting up libmp3lame0:amd64 (3.100-6build1) ...
2026-10-09T15:52:33.1939037Z Setting up libvorbisenc2:amd64 (1.3.7-1build3) ...
2026-10-09T15:52:33.1955300Z Setting up libiec61883-0:amd64 (1.2.0-6build1) ...
2026-10-09T15:52:33.1970501Z Setting up libserd-0-0:amd64 (0.32.2-1) ...
2026-10-09T15:52:33.1985991Z Setting up libavc1394-0:amd64 (0.5.4-5build3) ...
2026-10-09T15:52:33.2002409Z Setting up liblapack3:amd64 (3.12.0-3build1.1) ...
2026-10-09T15:52:33.2055800Z update-alternatives: using /usr/lib/x86_64-linux-gnu/lapack/liblapack.so.3 to provide /usr/lib/x86_64-linux-gnu/liblapack.so.3 (liblapack.so.3-x86_64-linux-gnu) in auto mode
2026-10-09T15:52:33.2069078Z Setting up libzvbi0t64:amd64 (0.2.42-2) ...
2026-10-09T15:52:33.2087152Z Setting up libavutil58:amd64 (7:6.1.1-3ubuntu5) ...
2026-10-09T15:52:33.2103861Z Setting up libopenal1:amd64 (1:1.23.1-4build1) ...
2026-10-09T15:52:33.2124529Z Setting up libass9:amd64 (1:0.17.1-2build1) ...
2026-10-09T15:52:33.2139866Z Setting up libswresample4:amd64 (7:6.1.1-3ubuntu5) ...
2026-10-09T15:52:33.2162291Z Setting up libavcodec60:amd64 (7:6.1.1-3ubuntu5) ...
2026-10-09T15:52:33.2177785Z Setting up librubberband2:amd64 (3.3.0+dfsg-2build1) ...
2026-10-09T15:52:33.2194289Z Setting up libjack-jackd2-0:amd64 (1.9.21~dfsg-3ubuntu3) ...
2026-10-09T15:52:33.2214356Z Setting up libsord-0-0:amd64 (0.16.16-2build1) ...
2026-10-09T15:52:33.2230870Z Setting up libpostproc57:amd64 (7:6.1.1-3ubuntu5) ...
2026-10-09T15:52:33.2248599Z Setting up libsratom-0-0:amd64 (0.6.16-1build1) ...
2026-10-09T15:52:33.2263405Z Setting up libsndfile1:amd64 (1.2.2-1ubuntu5.24.04.1) ...
2026-10-09T15:52:33.2278207Z Setting up liblilv-0-0:amd64 (0.24.22-1build1) ...
2026-10-09T15:52:33.2296481Z Setting up libswscale7:amd64 (7:6.1.1-3ubuntu5) ...
2026-10-09T15:52:33.2320027Z Setting up libpulse0:amd64 (1:16.1+dfsg1-2ubuntu10.1) ...
2026-10-09T15:52:33.2384795Z Setting up libavformat60:amd64 (7:6.1.1-3ubuntu5) ...
2026-10-09T15:52:33.2400306Z Setting up libsphinxbase3t64:amd64 (0.8+5prealpha+1-17build2) ...
2026-10-09T15:52:33.2422518Z Setting up libsdl2-2.0-0:amd64 (2.30.0+dfsg-1ubuntu3.1) ...
2026-10-09T15:52:33.2794230Z Setting up libpocketsphinx3:amd64 (0.8.0+real5prealpha+1-15ubuntu5) ...
2026-10-09T15:52:33.2814404Z Setting up libavfilter9:amd64 (7:6.1.1-3ubuntu5) ...
2026-10-09T15:52:33.2828805Z Setting up libavdevice60:amd64 (7:6.1.1-3ubuntu5) ...
2026-10-09T15:52:33.2844429Z Setting up ffmpeg (7:6.1.1-3ubuntu5) ...
2026-10-09T15:52:33.2862833Z Processing triggers for man-db (2.12.0-4build2) ...
2026-10-09T15:52:33.2882477Z Not building database; man-db/auto-update is not 'true'.
2026-10-09T15:52:33.2894525Z Processing triggers for libc-bin (2.39-0ubuntu8.9) ...
2026-10-09T15:52:33.9649341Z 
2026-10-09T15:52:33.9649900Z Running kernel seems to be up-to-date.
2026-10-09T15:52:33.9650157Z 
2026-10-09T15:52:33.9650297Z No services need to be restarted.
2026-10-09T15:52:33.9650456Z 
2026-10-09T15:52:33.9650544Z No containers need to be restarted.
2026-10-09T15:52:33.9650702Z 
2026-10-09T15:52:33.9650822Z No user sessions are running outdated binaries.
2026-10-09T15:52:33.9651004Z 
2026-10-09T15:52:33.9651175Z No VM guests are running outdated hypervisor (qemu) binaries on this host.
2026-10-09T15:52:35.2686993Z ##[group]Run sudo apt-get update
2026-10-09T15:52:35.2687211Z [36;1msudo apt-get update[0m
2026-10-09T15:52:35.2687389Z [36;1msudo apt-get install -y postgresql-client-16[0m
2026-10-09T15:52:35.2687609Z [36;1mecho "/usr/lib/postgresql/16/bin" >> "$GITHUB_PATH"[0m
2026-10-09T15:52:35.2740502Z shell: /usr/bin/bash -e {0}
2026-10-09T15:52:35.2740650Z env:
2026-10-09T15:52:35.2740773Z   MOCK_PROVIDER: true
2026-10-09T15:52:35.2740902Z   MOCK_STREAM_DELAY_MS: 0
2026-10-09T15:52:35.2741037Z   ENABLE_CLOUD: false
2026-10-09T15:52:35.2741167Z   CREDENTIAL_VAULT_BACKEND: memory
2026-10-09T15:52:35.2741350Z   CREDENTIAL_VAULT_ALLOW_MEMORY_FALLBACK: true
2026-10-09T15:52:35.2741520Z   PYTHONDONTWRITEBYTECODE: 1
2026-10-09T15:52:35.2741808Z   HF_HUB_OFFLINE: 1
2026-10-09T15:52:35.2741926Z   TRANSFORMERS_OFFLINE: 1
2026-10-09T15:52:35.2742093Z   pythonLocation: /opt/hostedtoolcache/Python/3.12.9/x64
2026-10-09T15:52:35.2742371Z   PKG_CONFIG_PATH: /opt/hostedtoolcache/Python/3.12.9/x64/lib/pkgconfig
2026-10-09T15:52:35.2742605Z   Python_ROOT_DIR: /opt/hostedtoolcache/Python/3.12.9/x64
2026-10-09T15:52:35.2742808Z   Python2_ROOT_DIR: /opt/hostedtoolcache/Python/3.12.9/x64
2026-10-09T15:52:35.2743012Z   Python3_ROOT_DIR: /opt/hostedtoolcache/Python/3.12.9/x64
2026-10-09T15:52:35.2743218Z   LD_LIBRARY_PATH: /opt/hostedtoolcache/Python/3.12.9/x64/lib
2026-10-09T15:52:35.2743428Z   CI_COVERAGE_SHA: 02a3f6e9908f785a308a4605e362f8876aed4d8b
2026-10-09T15:52:35.2743638Z   CI_COVERAGE_TREE: cd6989a19e5fd5e2400f2325fe696cae03d8eda7
2026-10-09T15:52:35.2743894Z   CI_SANDBOX: /home/runner/work/_temp/novel-ci-backend-postgres-shard-0.Iwc8EB
2026-10-09T15:52:35.2744203Z   CI_PROJECT: /home/runner/work/_temp/novel-ci-backend-postgres-shard-0.Iwc8EB/project
2026-10-09T15:52:35.2744522Z   CI_RECEIPTS: /home/runner/work/_temp/novel-ci-backend-postgres-shard-0.Iwc8EB/receipts
2026-10-09T15:52:35.2744883Z   HOME: /home/runner/work/_temp/novel-ci-backend-postgres-shard-0.Iwc8EB/project/.runtime/ci-backend/home
2026-10-09T15:52:35.2745293Z   USERPROFILE: /home/runner/work/_temp/novel-ci-backend-postgres-shard-0.Iwc8EB/project/.runtime/ci-backend/home
2026-10-09T15:52:35.2745716Z   APPDATA: /home/runner/work/_temp/novel-ci-backend-postgres-shard-0.Iwc8EB/project/.runtime/ci-backend/appdata
2026-10-09T15:52:35.2746153Z   LOCALAPPDATA: /home/runner/work/_temp/novel-ci-backend-postgres-shard-0.Iwc8EB/project/.runtime/ci-backend/localappdata
2026-10-09T15:52:35.2746594Z   XDG_CONFIG_HOME: /home/runner/work/_temp/novel-ci-backend-postgres-shard-0.Iwc8EB/project/.runtime/ci-backend/config
2026-10-09T15:52:35.2747025Z   XDG_CACHE_HOME: /home/runner/work/_temp/novel-ci-backend-postgres-shard-0.Iwc8EB/project/.runtime/ci-backend/cache
2026-10-09T15:52:35.2747647Z   XDG_DATA_HOME: /home/runner/work/_temp/novel-ci-backend-postgres-shard-0.Iwc8EB/project/.runtime/ci-backend/data
2026-10-09T15:52:35.2748061Z   XDG_STATE_HOME: /home/runner/work/_temp/novel-ci-backend-postgres-shard-0.Iwc8EB/project/.runtime/ci-backend/state
2026-10-09T15:52:35.2748476Z   TMPDIR: /home/runner/work/_temp/novel-ci-backend-postgres-shard-0.Iwc8EB/project/.runtime/ci-backend/tmp
2026-10-09T15:52:35.2748864Z   TMP: /home/runner/work/_temp/novel-ci-backend-postgres-shard-0.Iwc8EB/project/.runtime/ci-backend/tmp
2026-10-09T15:52:35.2749242Z   TEMP: /home/runner/work/_temp/novel-ci-backend-postgres-shard-0.Iwc8EB/project/.runtime/ci-backend/tmp
2026-10-09T15:52:35.2749592Z   PROJECT_ROOT: /home/runner/work/_temp/novel-ci-backend-postgres-shard-0.Iwc8EB/project
2026-10-09T15:52:35.2749978Z   NOVEL_DATA_PATH: /home/runner/work/_temp/novel-ci-backend-postgres-shard-0.Iwc8EB/project/.runtime/ci-backend/data/novels
2026-10-09T15:52:35.2750425Z   BACKUP_PATH: /home/runner/work/_temp/novel-ci-backend-postgres-shard-0.Iwc8EB/project/.runtime/ci-backend/data/backups
2026-10-09T15:52:35.2750903Z   DATABASE_BACKUP_PATH: /home/runner/work/_temp/novel-ci-backend-postgres-shard-0.Iwc8EB/project/.runtime/ci-backend/data/database-backups
2026-10-09T15:52:35.2751547Z   KNOWLEDGE_SOURCE_PATH: /home/runner/work/_temp/novel-ci-backend-postgres-shard-0.Iwc8EB/project/.runtime/ci-backend/data/novels
2026-10-09T15:52:35.2752126Z   CI_V2_RUNTIME: /home/runner/work/_temp/novel-ci-backend-postgres-shard-0.Iwc8EB/project/.runtime/ci-backend
2026-10-09T15:52:35.2752402Z ##[endgroup]
2026-10-09T15:52:35.4360940Z Get:1 file:/etc/apt/apt-mirrors.txt Mirrorlist [144 B]
2026-10-09T15:52:35.4861081Z Hit:2 http://azure.archive.ubuntu.com/ubuntu noble InRelease
2026-10-09T15:52:35.4862848Z Hit:6 https://packages.microsoft.com/ubuntu/24.04/prod noble InRelease
2026-10-09T15:52:35.4863635Z Hit:3 http://azure.archive.ubuntu.com/ubuntu noble-updates InRelease
2026-10-09T15:52:35.4873317Z Hit:4 http://azure.archive.ubuntu.com/ubuntu noble-backports InRelease
2026-10-09T15:52:35.4877866Z Hit:5 http://azure.archive.ubuntu.com/ubuntu noble-security InRelease
2026-10-09T15:52:36.4479935Z Reading package lists...
2026-10-09T15:52:36.4731942Z Reading package lists...
2026-10-09T15:52:36.6714952Z Building dependency tree...
2026-10-09T15:52:36.6721389Z Reading state information...
2026-10-09T15:52:36.9014988Z postgresql-client-16 is already the newest version (16.15-1.pgdg24.04+2).
2026-10-09T15:52:36.9015317Z postgresql-client-16 set to manually installed.
2026-10-09T15:52:36.9015556Z 0 upgraded, 0 newly installed, 0 to remove and 23 not upgraded.
2026-10-09T15:52:36.9066194Z ##[group]Run python - <<'PY'
2026-10-09T15:52:36.9066389Z [36;1mpython - <<'PY'[0m
2026-10-09T15:52:36.9066523Z [36;1mimport os[0m
2026-10-09T15:52:36.9066657Z [36;1mfrom pathlib import Path[0m
2026-10-09T15:52:36.9066812Z [36;1mimport psycopg[0m
2026-10-09T15:52:36.9067060Z [36;1mwith psycopg.connect(os.environ['DATABASE_URL'], autocommit=True) as connection:[0m
2026-10-09T15:52:36.9067366Z [36;1m    assert connection.execute('SELECT 1').fetchone() == (1,)[0m
2026-10-09T15:52:36.9067635Z [36;1m    for migration in sorted(Path('database/migrations').glob('*.sql')):[0m
2026-10-09T15:52:36.9067909Z [36;1m        connection.execute(migration.read_text(encoding='utf-8'))[0m
2026-10-09T15:52:36.9068140Z [36;1m        print('Applied', migration.name)[0m
2026-10-09T15:52:36.9068304Z [36;1mPY[0m
2026-10-09T15:52:36.9124719Z shell: /usr/bin/bash -e {0}
2026-10-09T15:52:36.9124886Z env:
2026-10-09T15:52:36.9125007Z   MOCK_PROVIDER: true
2026-10-09T15:52:36.9125181Z   MOCK_STREAM_DELAY_MS: 0
2026-10-09T15:52:36.9125317Z   ENABLE_CLOUD: false
2026-10-09T15:52:36.9125452Z   CREDENTIAL_VAULT_BACKEND: memory
2026-10-09T15:52:36.9125625Z   CREDENTIAL_VAULT_ALLOW_MEMORY_FALLBACK: true
2026-10-09T15:52:36.9125802Z   PYTHONDONTWRITEBYTECODE: 1
2026-10-09T15:52:36.9126144Z   HF_HUB_OFFLINE: 1
2026-10-09T15:52:36.9126270Z   TRANSFORMERS_OFFLINE: 1
2026-10-09T15:52:36.9126440Z   pythonLocation: /opt/hostedtoolcache/Python/3.12.9/x64
2026-10-09T15:52:36.9126692Z   PKG_CONFIG_PATH: /opt/hostedtoolcache/Python/3.12.9/x64/lib/pkgconfig
2026-10-09T15:52:36.9126933Z   Python_ROOT_DIR: /opt/hostedtoolcache/Python/3.12.9/x64
2026-10-09T15:52:36.9127148Z   Python2_ROOT_DIR: /opt/hostedtoolcache/Python/3.12.9/x64
2026-10-09T15:52:36.9127361Z   Python3_ROOT_DIR: /opt/hostedtoolcache/Python/3.12.9/x64
2026-10-09T15:52:36.9127578Z   LD_LIBRARY_PATH: /opt/hostedtoolcache/Python/3.12.9/x64/lib
2026-10-09T15:52:36.9127797Z   CI_COVERAGE_SHA: 02a3f6e9908f785a308a4605e362f8876aed4d8b
2026-10-09T15:52:36.9128017Z   CI_COVERAGE_TREE: cd6989a19e5fd5e2400f2325fe696cae03d8eda7
2026-10-09T15:52:36.9128278Z   CI_SANDBOX: /home/runner/work/_temp/novel-ci-backend-postgres-shard-0.Iwc8EB
2026-10-09T15:52:36.9128595Z   CI_PROJECT: /home/runner/work/_temp/novel-ci-backend-postgres-shard-0.Iwc8EB/project
2026-10-09T15:52:36.9128934Z   CI_RECEIPTS: /home/runner/work/_temp/novel-ci-backend-postgres-shard-0.Iwc8EB/receipts
2026-10-09T15:52:36.9129317Z   HOME: /home/runner/work/_temp/novel-ci-backend-postgres-shard-0.Iwc8EB/project/.runtime/ci-backend/home
2026-10-09T15:52:36.9129747Z   USERPROFILE: /home/runner/work/_temp/novel-ci-backend-postgres-shard-0.Iwc8EB/project/.runtime/ci-backend/home
2026-10-09T15:52:36.9130213Z   APPDATA: /home/runner/work/_temp/novel-ci-backend-postgres-shard-0.Iwc8EB/project/.runtime/ci-backend/appdata
2026-10-09T15:52:36.9130668Z   LOCALAPPDATA: /home/runner/work/_temp/novel-ci-backend-postgres-shard-0.Iwc8EB/project/.runtime/ci-backend/localappdata
2026-10-09T15:52:36.9131142Z   XDG_CONFIG_HOME: /home/runner/work/_temp/novel-ci-backend-postgres-shard-0.Iwc8EB/project/.runtime/ci-backend/config
2026-10-09T15:52:36.9131983Z   XDG_CACHE_HOME: /home/runner/work/_temp/novel-ci-backend-postgres-shard-0.Iwc8EB/project/.runtime/ci-backend/cache
2026-10-09T15:52:36.9132427Z   XDG_DATA_HOME: /home/runner/work/_temp/novel-ci-backend-postgres-shard-0.Iwc8EB/project/.runtime/ci-backend/data
2026-10-09T15:52:36.9132873Z   XDG_STATE_HOME: /home/runner/work/_temp/novel-ci-backend-postgres-shard-0.Iwc8EB/project/.runtime/ci-backend/state
2026-10-09T15:52:36.9133300Z   TMPDIR: /home/runner/work/_temp/novel-ci-backend-postgres-shard-0.Iwc8EB/project/.runtime/ci-backend/tmp
2026-10-09T15:52:36.9133713Z   TMP: /home/runner/work/_temp/novel-ci-backend-postgres-shard-0.Iwc8EB/project/.runtime/ci-backend/tmp
2026-10-09T15:52:36.9134122Z   TEMP: /home/runner/work/_temp/novel-ci-backend-postgres-shard-0.Iwc8EB/project/.runtime/ci-backend/tmp
2026-10-09T15:52:36.9134687Z   PROJECT_ROOT: /home/runner/work/_temp/novel-ci-backend-postgres-shard-0.Iwc8EB/project
2026-10-09T15:52:36.9135096Z   NOVEL_DATA_PATH: /home/runner/work/_temp/novel-ci-backend-postgres-shard-0.Iwc8EB/project/.runtime/ci-backend/data/novels
2026-10-09T15:52:36.9135569Z   BACKUP_PATH: /home/runner/work/_temp/novel-ci-backend-postgres-shard-0.Iwc8EB/project/.runtime/ci-backend/data/backups
2026-10-09T15:52:36.9136079Z   DATABASE_BACKUP_PATH: /home/runner/work/_temp/novel-ci-backend-postgres-shard-0.Iwc8EB/project/.runtime/ci-backend/data/database-backups
2026-10-09T15:52:36.9136611Z   KNOWLEDGE_SOURCE_PATH: /home/runner/work/_temp/novel-ci-backend-postgres-shard-0.Iwc8EB/project/.runtime/ci-backend/data/novels
2026-10-09T15:52:36.9137074Z   CI_V2_RUNTIME: /home/runner/work/_temp/novel-ci-backend-postgres-shard-0.Iwc8EB/project/.runtime/ci-backend
2026-10-09T15:52:36.9138055Z   DATABASE_URL: ***127.0.0.1:5432/novel_ci
2026-10-09T15:52:36.9138212Z ##[endgroup]
2026-10-09T15:52:37.6677448Z Applied 001_initial.sql
2026-10-09T15:52:37.6677832Z Applied 002_runtime_jobs.sql
2026-10-09T15:52:37.6678009Z Applied 003_document_versions.sql
2026-10-09T15:52:37.6678169Z Applied 004_lore_foundation.sql
2026-10-09T15:52:37.6678324Z Applied 005_lore_memory.sql
2026-10-09T15:52:37.6678483Z Applied 006_context_intelligence.sql
2026-10-09T15:52:37.6678662Z Applied 007_continuity_foundations.sql
2026-10-09T15:52:37.6679124Z Applied 008_narrative_state.sql
2026-10-09T15:52:37.6679271Z Applied 009_narrative_findings.sql
2026-10-09T15:52:37.6679431Z Applied 010_narrative_progress.sql
2026-10-09T15:52:37.6679593Z Applied 011_narrative_change_proposals.sql
2026-10-09T15:52:37.6679784Z Applied 012_collaboration_scope_foundation.sql
2026-10-09T15:52:37.6680010Z Applied 013_branch_revision_optimistic_concurrency.sql
2026-10-09T15:52:37.6680231Z Applied 014_scope_authorization_foundation.sql
2026-10-09T15:52:37.6680429Z Applied 015_collaboration_runtime_foundation.sql
2026-10-09T15:52:37.6680635Z Applied 016_generation_snapshot_ownership.sql
2026-10-09T15:52:37.6680812Z Applied 017_chapter_archive_state.sql
2026-10-09T15:52:37.6680966Z Applied 018_context_privacy.sql
2026-10-09T15:52:37.6681121Z Applied 019_experimental_scope_documents.sql
2026-10-09T15:52:37.6681290Z Applied 020_stable_chapter_identity.sql
2026-10-09T15:52:37.7230644Z ##[group]Run python scripts/prepare_pdf_font.py --output "$CI_SANDBOX/fonts" > "$CI_RECEIPTS/font-manifest.json"
2026-10-09T15:52:37.7231104Z [36;1mpython scripts/prepare_pdf_font.py --output "$CI_SANDBOX/fonts" > "$CI_RECEIPTS/font-manifest.json"[0m
2026-10-09T15:52:37.7231461Z [36;1mecho "R2_TEST_FONT_FILE=$CI_SANDBOX/fonts/NotoSansSC-Regular.ttf" >> "$GITHUB_ENV"[0m
2026-10-09T15:52:37.7289721Z shell: /usr/bin/bash -e {0}
2026-10-09T15:52:37.7289884Z env:
2026-10-09T15:52:37.7290003Z   MOCK_PROVIDER: true
2026-10-09T15:52:37.7290135Z   MOCK_STREAM_DELAY_MS: 0
2026-10-09T15:52:37.7290271Z   ENABLE_CLOUD: false
2026-10-09T15:52:37.7290400Z   CREDENTIAL_VAULT_BACKEND: memory
2026-10-09T15:52:37.7290565Z   CREDENTIAL_VAULT_ALLOW_MEMORY_FALLBACK: true
2026-10-09T15:52:37.7290741Z   PYTHONDONTWRITEBYTECODE: 1
2026-10-09T15:52:37.7290878Z   HF_HUB_OFFLINE: 1
2026-10-09T15:52:37.7290997Z   TRANSFORMERS_OFFLINE: 1
2026-10-09T15:52:37.7291216Z   pythonLocation: /opt/hostedtoolcache/Python/3.12.9/x64
2026-10-09T15:52:37.7291456Z   PKG_CONFIG_PATH: /opt/hostedtoolcache/Python/3.12.9/x64/lib/pkgconfig
2026-10-09T15:52:37.7291845Z   Python_ROOT_DIR: /opt/hostedtoolcache/Python/3.12.9/x64
2026-10-09T15:52:37.7292052Z   Python2_ROOT_DIR: /opt/hostedtoolcache/Python/3.12.9/x64
2026-10-09T15:52:37.7292259Z   Python3_ROOT_DIR: /opt/hostedtoolcache/Python/3.12.9/x64
2026-10-09T15:52:37.7292470Z   LD_LIBRARY_PATH: /opt/hostedtoolcache/Python/3.12.9/x64/lib
2026-10-09T15:52:37.7292717Z   CI_COVERAGE_SHA: 02a3f6e9908f785a308a4605e362f8876aed4d8b
2026-10-09T15:52:37.7292933Z   CI_COVERAGE_TREE: cd6989a19e5fd5e2400f2325fe696cae03d8eda7
2026-10-09T15:52:37.7293188Z   CI_SANDBOX: /home/runner/work/_temp/novel-ci-backend-postgres-shard-0.Iwc8EB
2026-10-09T15:52:37.7293498Z   CI_PROJECT: /home/runner/work/_temp/novel-ci-backend-postgres-shard-0.Iwc8EB/project
2026-10-09T15:52:37.7293820Z   CI_RECEIPTS: /home/runner/work/_temp/novel-ci-backend-postgres-shard-0.Iwc8EB/receipts
2026-10-09T15:52:37.7294188Z   HOME: /home/runner/work/_temp/novel-ci-backend-postgres-shard-0.Iwc8EB/project/.runtime/ci-backend/home
2026-10-09T15:52:37.7294601Z   USERPROFILE: /home/runner/work/_temp/novel-ci-backend-postgres-shard-0.Iwc8EB/project/.runtime/ci-backend/home
2026-10-09T15:52:37.7295022Z   APPDATA: /home/runner/work/_temp/novel-ci-backend-postgres-shard-0.Iwc8EB/project/.runtime/ci-backend/appdata
2026-10-09T15:52:37.7295460Z   LOCALAPPDATA: /home/runner/work/_temp/novel-ci-backend-postgres-shard-0.Iwc8EB/project/.runtime/ci-backend/localappdata
2026-10-09T15:52:37.7295908Z   XDG_CONFIG_HOME: /home/runner/work/_temp/novel-ci-backend-postgres-shard-0.Iwc8EB/project/.runtime/ci-backend/config
2026-10-09T15:52:37.7296338Z   XDG_CACHE_HOME: /home/runner/work/_temp/novel-ci-backend-postgres-shard-0.Iwc8EB/project/.runtime/ci-backend/cache
2026-10-09T15:52:37.7296762Z   XDG_DATA_HOME: /home/runner/work/_temp/novel-ci-backend-postgres-shard-0.Iwc8EB/project/.runtime/ci-backend/data
2026-10-09T15:52:37.7297187Z   XDG_STATE_HOME: /home/runner/work/_temp/novel-ci-backend-postgres-shard-0.Iwc8EB/project/.runtime/ci-backend/state
2026-10-09T15:52:37.7297797Z   TMPDIR: /home/runner/work/_temp/novel-ci-backend-postgres-shard-0.Iwc8EB/project/.runtime/ci-backend/tmp
2026-10-09T15:52:37.7298185Z   TMP: /home/runner/work/_temp/novel-ci-backend-postgres-shard-0.Iwc8EB/project/.runtime/ci-backend/tmp
2026-10-09T15:52:37.7298567Z   TEMP: /home/runner/work/_temp/novel-ci-backend-postgres-shard-0.Iwc8EB/project/.runtime/ci-backend/tmp
2026-10-09T15:52:37.7298918Z   PROJECT_ROOT: /home/runner/work/_temp/novel-ci-backend-postgres-shard-0.Iwc8EB/project
2026-10-09T15:52:37.7299309Z   NOVEL_DATA_PATH: /home/runner/work/_temp/novel-ci-backend-postgres-shard-0.Iwc8EB/project/.runtime/ci-backend/data/novels
2026-10-09T15:52:37.7299764Z   BACKUP_PATH: /home/runner/work/_temp/novel-ci-backend-postgres-shard-0.Iwc8EB/project/.runtime/ci-backend/data/backups
2026-10-09T15:52:37.7300407Z   DATABASE_BACKUP_PATH: /home/runner/work/_temp/novel-ci-backend-postgres-shard-0.Iwc8EB/project/.runtime/ci-backend/data/database-backups
2026-10-09T15:52:37.7300910Z   KNOWLEDGE_SOURCE_PATH: /home/runner/work/_temp/novel-ci-backend-postgres-shard-0.Iwc8EB/project/.runtime/ci-backend/data/novels
2026-10-09T15:52:37.7301346Z   CI_V2_RUNTIME: /home/runner/work/_temp/novel-ci-backend-postgres-shard-0.Iwc8EB/project/.runtime/ci-backend
2026-10-09T15:52:37.7301757Z ##[endgroup]
2026-10-09T15:52:49.6089822Z ##[group]Run python -m pytest -p no:cacheprovider --basetemp="$CI_SANDBOX/coverage-selftest" -q \
2026-10-09T15:52:49.6090223Z [36;1mpython -m pytest -p no:cacheprovider --basetemp="$CI_SANDBOX/coverage-selftest" -q \[0m
2026-10-09T15:52:49.6090550Z [36;1m  .github/ci/test_suite_coverage.py .github/ci/test_coverage_reconcile.py \[0m
2026-10-09T15:52:49.6090855Z [36;1m  .github/ci/test_v2_manifest_extension.py .github/ci/test_v2_check_runner.py \[0m
2026-10-09T15:52:49.6091096Z [36;1m  .github/ci/test_v2_browser_job.py \[0m
2026-10-09T15:52:49.6091293Z [36;1m  --junitxml="$CI_RECEIPTS/coverage-harness.xml"[0m
2026-10-09T15:52:49.6145257Z shell: /usr/bin/bash -e {0}
2026-10-09T15:52:49.6145422Z env:
2026-10-09T15:52:49.6145538Z   MOCK_PROVIDER: true
2026-10-09T15:52:49.6145670Z   MOCK_STREAM_DELAY_MS: 0
2026-10-09T15:52:49.6145800Z   ENABLE_CLOUD: false
2026-10-09T15:52:49.6145955Z   CREDENTIAL_VAULT_BACKEND: memory
2026-10-09T15:52:49.6146203Z   CREDENTIAL_VAULT_ALLOW_MEMORY_FALLBACK: true
2026-10-09T15:52:49.6146376Z   PYTHONDONTWRITEBYTECODE: 1
2026-10-09T15:52:49.6146511Z   HF_HUB_OFFLINE: 1
2026-10-09T15:52:49.6146632Z   TRANSFORMERS_OFFLINE: 1
2026-10-09T15:52:49.6146899Z   pythonLocation: /opt/hostedtoolcache/Python/3.12.9/x64
2026-10-09T15:52:49.6147252Z   PKG_CONFIG_PATH: /opt/hostedtoolcache/Python/3.12.9/x64/lib/pkgconfig
2026-10-09T15:52:49.6147614Z   Python_ROOT_DIR: /opt/hostedtoolcache/Python/3.12.9/x64
2026-10-09T15:52:49.6147958Z   Python2_ROOT_DIR: /opt/hostedtoolcache/Python/3.12.9/x64
2026-10-09T15:52:49.6148300Z   Python3_ROOT_DIR: /opt/hostedtoolcache/Python/3.12.9/x64
2026-10-09T15:52:49.6148635Z   LD_LIBRARY_PATH: /opt/hostedtoolcache/Python/3.12.9/x64/lib
2026-10-09T15:52:49.6148948Z   CI_COVERAGE_SHA: 02a3f6e9908f785a308a4605e362f8876aed4d8b
2026-10-09T15:52:49.6149162Z   CI_COVERAGE_TREE: cd6989a19e5fd5e2400f2325fe696cae03d8eda7
2026-10-09T15:52:49.6149418Z   CI_SANDBOX: /home/runner/work/_temp/novel-ci-backend-postgres-shard-0.Iwc8EB
2026-10-09T15:52:49.6149728Z   CI_PROJECT: /home/runner/work/_temp/novel-ci-backend-postgres-shard-0.Iwc8EB/project
2026-10-09T15:52:49.6150052Z   CI_RECEIPTS: /home/runner/work/_temp/novel-ci-backend-postgres-shard-0.Iwc8EB/receipts
2026-10-09T15:52:49.6150423Z   HOME: /home/runner/work/_temp/novel-ci-backend-postgres-shard-0.Iwc8EB/project/.runtime/ci-backend/home
2026-10-09T15:52:49.6150840Z   USERPROFILE: /home/runner/work/_temp/novel-ci-backend-postgres-shard-0.Iwc8EB/project/.runtime/ci-backend/home
2026-10-09T15:52:49.6151263Z   APPDATA: /home/runner/work/_temp/novel-ci-backend-postgres-shard-0.Iwc8EB/project/.runtime/ci-backend/appdata
2026-10-09T15:52:49.6151868Z   LOCALAPPDATA: /home/runner/work/_temp/novel-ci-backend-postgres-shard-0.Iwc8EB/project/.runtime/ci-backend/localappdata
2026-10-09T15:52:49.6152489Z   XDG_CONFIG_HOME: /home/runner/work/_temp/novel-ci-backend-postgres-shard-0.Iwc8EB/project/.runtime/ci-backend/config
2026-10-09T15:52:49.6152924Z   XDG_CACHE_HOME: /home/runner/work/_temp/novel-ci-backend-postgres-shard-0.Iwc8EB/project/.runtime/ci-backend/cache
2026-10-09T15:52:49.6153343Z   XDG_DATA_HOME: /home/runner/work/_temp/novel-ci-backend-postgres-shard-0.Iwc8EB/project/.runtime/ci-backend/data
2026-10-09T15:52:49.6153761Z   XDG_STATE_HOME: /home/runner/work/_temp/novel-ci-backend-postgres-shard-0.Iwc8EB/project/.runtime/ci-backend/state
2026-10-09T15:52:49.6154175Z   TMPDIR: /home/runner/work/_temp/novel-ci-backend-postgres-shard-0.Iwc8EB/project/.runtime/ci-backend/tmp
2026-10-09T15:52:49.6154567Z   TMP: /home/runner/work/_temp/novel-ci-backend-postgres-shard-0.Iwc8EB/project/.runtime/ci-backend/tmp
2026-10-09T15:52:49.6154948Z   TEMP: /home/runner/work/_temp/novel-ci-backend-postgres-shard-0.Iwc8EB/project/.runtime/ci-backend/tmp
2026-10-09T15:52:49.6155308Z   PROJECT_ROOT: /home/runner/work/_temp/novel-ci-backend-postgres-shard-0.Iwc8EB/project
2026-10-09T15:52:49.6155697Z   NOVEL_DATA_PATH: /home/runner/work/_temp/novel-ci-backend-postgres-shard-0.Iwc8EB/project/.runtime/ci-backend/data/novels
2026-10-09T15:52:49.6156298Z   BACKUP_PATH: /home/runner/work/_temp/novel-ci-backend-postgres-shard-0.Iwc8EB/project/.runtime/ci-backend/data/backups
2026-10-09T15:52:49.6156775Z   DATABASE_BACKUP_PATH: /home/runner/work/_temp/novel-ci-backend-postgres-shard-0.Iwc8EB/project/.runtime/ci-backend/data/database-backups
2026-10-09T15:52:49.6157270Z   KNOWLEDGE_SOURCE_PATH: /home/runner/work/_temp/novel-ci-backend-postgres-shard-0.Iwc8EB/project/.runtime/ci-backend/data/novels
2026-10-09T15:52:49.6157712Z   CI_V2_RUNTIME: /home/runner/work/_temp/novel-ci-backend-postgres-shard-0.Iwc8EB/project/.runtime/ci-backend
2026-10-09T15:52:49.6158120Z   R2_TEST_FONT_FILE: /home/runner/work/_temp/novel-ci-backend-postgres-shard-0.Iwc8EB/fonts/NotoSansSC-Regular.ttf
2026-10-09T15:52:49.6158411Z ##[endgroup]
2026-10-09T15:52:57.4560554Z ........................................................................ [ 41%]
2026-10-09T15:52:57.6474054Z ........................................................................ [ 82%]
2026-10-09T15:52:59.2381488Z ..............................                                           [100%]
2026-10-09T15:52:59.2382069Z - generated xml file: /home/runner/work/_temp/novel-ci-backend-postgres-shard-0.Iwc8EB/receipts/coverage-harness.xml -
2026-10-09T15:52:59.2382392Z 174 passed in 8.98s
2026-10-09T15:52:59.2746006Z ##[group]Run set -o pipefail
2026-10-09T15:52:59.2746194Z [36;1mset -o pipefail[0m
2026-10-09T15:52:59.2746593Z [36;1mPYTHONPATH="$CI_PROJECT/.github/ci:$CI_PROJECT" python -m pytest -p postgres_gate -p suite_coverage -p no:cacheprovider --basetemp="$CI_V2_RUNTIME/pytest" -q -ra --tb=short \[0m
2026-10-09T15:52:59.2747073Z [36;1m  --ci-coverage-manifest=.github/ci/coverage_manifest_v2.json.gz \[0m
2026-10-09T15:52:59.2747358Z [36;1m  --ci-scope=backend --ci-shard-index=0 --ci-shard-count=2 \[0m
2026-10-09T15:52:59.2747695Z [36;1m  --ci-coverage-dir="$CI_RECEIPTS" --junitxml="$CI_RECEIPTS/backend.xml" 2>&1 | tee "$CI_RECEIPTS/backend.log"[0m
2026-10-09T15:52:59.2803292Z shell: /usr/bin/bash -e {0}
2026-10-09T15:52:59.2803439Z env:
2026-10-09T15:52:59.2803552Z   MOCK_PROVIDER: true
2026-10-09T15:52:59.2803678Z   MOCK_STREAM_DELAY_MS: 0
2026-10-09T15:52:59.2803806Z   ENABLE_CLOUD: false
2026-10-09T15:52:59.2803936Z   CREDENTIAL_VAULT_BACKEND: memory
2026-10-09T15:52:59.2804128Z   CREDENTIAL_VAULT_ALLOW_MEMORY_FALLBACK: true
2026-10-09T15:52:59.2804304Z   PYTHONDONTWRITEBYTECODE: 1
2026-10-09T15:52:59.2804446Z   HF_HUB_OFFLINE: 1
2026-10-09T15:52:59.2804567Z   TRANSFORMERS_OFFLINE: 1
2026-10-09T15:52:59.2804734Z   pythonLocation: /opt/hostedtoolcache/Python/3.12.9/x64
2026-10-09T15:52:59.2804975Z   PKG_CONFIG_PATH: /opt/hostedtoolcache/Python/3.12.9/x64/lib/pkgconfig
2026-10-09T15:52:59.2805353Z   Python_ROOT_DIR: /opt/hostedtoolcache/Python/3.12.9/x64
2026-10-09T15:52:59.2805561Z   Python2_ROOT_DIR: /opt/hostedtoolcache/Python/3.12.9/x64
2026-10-09T15:52:59.2805770Z   Python3_ROOT_DIR: /opt/hostedtoolcache/Python/3.12.9/x64
2026-10-09T15:52:59.2805978Z   LD_LIBRARY_PATH: /opt/hostedtoolcache/Python/3.12.9/x64/lib
2026-10-09T15:52:59.2806192Z   CI_COVERAGE_SHA: 02a3f6e9908f785a308a4605e362f8876aed4d8b
2026-10-09T15:52:59.2806405Z   CI_COVERAGE_TREE: cd6989a19e5fd5e2400f2325fe696cae03d8eda7
2026-10-09T15:52:59.2806662Z   CI_SANDBOX: /home/runner/work/_temp/novel-ci-backend-postgres-shard-0.Iwc8EB
2026-10-09T15:52:59.2806968Z   CI_PROJECT: /home/runner/work/_temp/novel-ci-backend-postgres-shard-0.Iwc8EB/project
2026-10-09T15:52:59.2807290Z   CI_RECEIPTS: /home/runner/work/_temp/novel-ci-backend-postgres-shard-0.Iwc8EB/receipts
2026-10-09T15:52:59.2807653Z   HOME: /home/runner/work/_temp/novel-ci-backend-postgres-shard-0.Iwc8EB/project/.runtime/ci-backend/home
2026-10-09T15:52:59.2808065Z   USERPROFILE: /home/runner/work/_temp/novel-ci-backend-postgres-shard-0.Iwc8EB/project/.runtime/ci-backend/home
2026-10-09T15:52:59.2808532Z   APPDATA: /home/runner/work/_temp/novel-ci-backend-postgres-shard-0.Iwc8EB/project/.runtime/ci-backend/appdata
2026-10-09T15:52:59.2808970Z   LOCALAPPDATA: /home/runner/work/_temp/novel-ci-backend-postgres-shard-0.Iwc8EB/project/.runtime/ci-backend/localappdata
2026-10-09T15:52:59.2809423Z   XDG_CONFIG_HOME: /home/runner/work/_temp/novel-ci-backend-postgres-shard-0.Iwc8EB/project/.runtime/ci-backend/config
2026-10-09T15:52:59.2809861Z   XDG_CACHE_HOME: /home/runner/work/_temp/novel-ci-backend-postgres-shard-0.Iwc8EB/project/.runtime/ci-backend/cache
2026-10-09T15:52:59.2810288Z   XDG_DATA_HOME: /home/runner/work/_temp/novel-ci-backend-postgres-shard-0.Iwc8EB/project/.runtime/ci-backend/data
2026-10-09T15:52:59.2810714Z   XDG_STATE_HOME: /home/runner/work/_temp/novel-ci-backend-postgres-shard-0.Iwc8EB/project/.runtime/ci-backend/state
2026-10-09T15:52:59.2811130Z   TMPDIR: /home/runner/work/_temp/novel-ci-backend-postgres-shard-0.Iwc8EB/project/.runtime/ci-backend/tmp
2026-10-09T15:52:59.2811522Z   TMP: /home/runner/work/_temp/novel-ci-backend-postgres-shard-0.Iwc8EB/project/.runtime/ci-backend/tmp
2026-10-09T15:52:59.2812075Z   TEMP: /home/runner/work/_temp/novel-ci-backend-postgres-shard-0.Iwc8EB/project/.runtime/ci-backend/tmp
2026-10-09T15:52:59.2812432Z   PROJECT_ROOT: /home/runner/work/_temp/novel-ci-backend-postgres-shard-0.Iwc8EB/project
2026-10-09T15:52:59.2812981Z   NOVEL_DATA_PATH: /home/runner/work/_temp/novel-ci-backend-postgres-shard-0.Iwc8EB/project/.runtime/ci-backend/data/novels
2026-10-09T15:52:59.2813431Z   BACKUP_PATH: /home/runner/work/_temp/novel-ci-backend-postgres-shard-0.Iwc8EB/project/.runtime/ci-backend/data/backups
2026-10-09T15:52:59.2813908Z   DATABASE_BACKUP_PATH: /home/runner/work/_temp/novel-ci-backend-postgres-shard-0.Iwc8EB/project/.runtime/ci-backend/data/database-backups
2026-10-09T15:52:59.2814409Z   KNOWLEDGE_SOURCE_PATH: /home/runner/work/_temp/novel-ci-backend-postgres-shard-0.Iwc8EB/project/.runtime/ci-backend/data/novels
2026-10-09T15:52:59.2814852Z   CI_V2_RUNTIME: /home/runner/work/_temp/novel-ci-backend-postgres-shard-0.Iwc8EB/project/.runtime/ci-backend
2026-10-09T15:52:59.2815264Z   R2_TEST_FONT_FILE: /home/runner/work/_temp/novel-ci-backend-postgres-shard-0.Iwc8EB/fonts/NotoSansSC-Regular.ttf
2026-10-09T15:52:59.2815554Z   STORAGE_BACKEND: postgres
2026-10-09T15:52:59.2815977Z   DATABASE_URL: ***127.0.0.1:5432/novel_ci
2026-10-09T15:52:59.2816280Z   TEST_POSTGRES_DATABASE_URL: ***127.0.0.1:5432/novel_ci
2026-10-09T15:52:59.2816450Z ##[endgroup]
2026-10-09T15:53:27.3342327Z ss...s.ss...sssss..sssssssss....sssss.......ssssssssss......ss..s.ssss.. [  1%]
2026-10-09T15:53:34.5886499Z ..sss..ss..s.s..ss....ss.s..ss..sss..sss...ss..ss..sss..s...ss..ss...sss [  2%]
2026-10-09T15:53:41.2018852Z ss.s.s.....ssss..s..ss......ss..........s.ssss...s.s.sss................ [  4%]
2026-10-09T15:53:42.6072174Z ........................................................................ [  5%]
2026-10-09T15:53:43.8777354Z ........s........s..ssss..........................s..................... [  6%]
2026-10-09T15:53:50.7525005Z .............................ssssssssssssss..............s.............. [  8%]
2026-10-09T15:53:52.4205902Z .................................................ss..................... [  9%]
2026-10-09T15:53:55.5935399Z ........................................................................ [ 11%]
2026-10-09T15:53:56.0114769Z ........................................................................ [ 12%]
2026-10-09T15:54:51.6114669Z ..................................................................sssss. [ 13%]
2026-10-09T15:58:56.7019910Z ....s.s.s.sss.ss.s.ss.sss....s..s.ss.ss.s.s.s..s.sssss....s..........ss. [ 15%]
2026-10-09T15:59:01.2174232Z ...s....s............................................................... [ 16%]
2026-10-09T15:59:01.7324793Z ......ssss..........s................................................... [ 18%]
2026-10-09T15:59:11.5450426Z ........................................................................ [ 19%]
2026-10-09T15:59:18.2794942Z ........................................................................ [ 20%]
2026-10-09T15:59:27.9188428Z ........................................................................ [ 22%]
2026-10-09T15:59:40.8038564Z ..ss....ssss..sss..s.ss..s..s..sss..s..sss..s..s...ss...ss..ss....sss.s. [ 23%]
2026-10-09T15:59:55.3878174Z sss...ss.ss..ss..ss.s..ss.s..s..s..s...s..s..sss..s...ss.ss.ss.....ss.ss [ 25%]
2026-10-09T16:01:30.1028243Z ..ss.ss.s.ss.sss...s..s..s.s.s..ss.s...sss..s..s...s..ss.s.ss.s.s..s.... [ 26%]
2026-10-09T16:01:52.2446021Z ss.ss.....ss.ss.ss.s..ss..sss.ss.sssss....ss....ss.......s.ss.s.....s... [ 27%]
2026-10-09T16:02:36.6302444Z ...s.s.s..ss..sssssss....s...s..ssss...ss.ssssss..s.s...s.ssss.......... [ 29%]
2026-10-09T16:02:46.1239721Z sss.ss.ss..sss...s.ss..ss..s.s.......................................... [ 30%]
2026-10-09T16:02:48.0207698Z .s...................................................................... [ 32%]
2026-10-09T16:02:49.3227427Z ........................................................................ [ 33%]
2026-10-09T16:02:50.9394026Z ........................................................................ [ 34%]
2026-10-09T16:02:59.3114345Z ..................s......s.s.s.....ss.s.s............................... [ 36%]
2026-10-09T16:03:13.7947142Z ..s.s..s.s.s.s..s.sss.s...ss.s.s.s.s......s.ssss.....s.ss..s.s.s.s.s.s.. [ 37%]
2026-10-09T16:03:21.4703516Z s.s............................s.s..ss.s.ss...........s.ss.....ssssss.s. [ 38%]
2026-10-09T16:04:06.0922862Z ..sss......sss.ss.s.s..sss.ss.ssss......ss...ss....s.s.s.sss.s.ss...s.s. [ 40%]
2026-10-09T16:04:11.7547339Z ss..ssss..sssssss.....ss.ss.s.s....s.s....s..sssss...s.s..s...ss..ss..ss [ 41%]
2026-10-09T16:04:31.8600174Z ..ssss.ss.ssssssssssss...........sss.s.ssss..s.ss...ss..s.sss.s.sssss... [ 43%]
2026-10-09T16:04:45.5620411Z ...ss..s.s..sss.s...ss.s.sss..........s.ss.ss.s.s.s..ss..ss...ss...s..ss [ 44%]
2026-10-09T16:05:03.0085474Z .s.ss.....s.ss........s..s.s.ss.s..s...ss...sss.......s.ss..ss..s.s.s..s [ 45%]
2026-10-09T16:05:16.8812324Z s.ssss.ss..s.ss.s...s.s.ss..s....s...s..sss.ssss..ss.................... [ 47%]
2026-10-09T16:05:25.6479262Z ....s.s.s...ss.s..s.ss...ssss..s....sss.s......ssss.s.s.s.s..ss.ssss.s.. [ 48%]
2026-10-09T16:05:35.8943137Z sss.ss...ss...s.s..s.ss.s.s.sss.ss.s....sss.s.sss.s.ssssss.........s..ss [ 50%]
2026-10-09T16:07:17.5455550Z .s.ssssssssssss...............s.s......ss..ss..ss.s.s.....sss....ss..s.s [ 51%]
2026-10-09T16:07:24.2839622Z s.s...sssss..s.ss.s..ss.ss.ssss..........s..s..s..s.s.s.s.s...sss....s.. [ 52%]
2026-10-09T16:07:34.4992807Z ss...s.s.s.ss.s.s.s.ss.ss....sss.s.s.s.s..s.sssss.....s.sss........s...s [ 54%]
2026-10-09T16:07:55.0357848Z .ss.s.ss....s.s...s...s.s...ssssssss.ssssss....sss......s...ss...s.s.... [ 55%]
2026-10-09T16:08:06.3231285Z ..........ss..s.ss..ss...sss..s..ss.s.ss..s.s.s.s....s.s.......s.ss....s [ 57%]
2026-10-09T16:08:32.9150870Z s..ss..ss.ssss.s.ss..s.s.s.s.ss.ss...sss.s..s...s..s..sss.s.s.s..ss..s.s [ 58%]
2026-10-09T16:08:46.2858884Z s..s.ssss..s..s.s.sss...s..ss.....ss.s..s...s.s..s.ssss.ss..sssssss....s [ 59%]
2026-10-09T16:09:20.4444311Z ss..ss.s..ss...s.s.s.ss........sss.s.ssssss.s.ss..s.....s.ss.s....s..sss [ 61%]
2026-10-09T16:09:38.3919830Z ss..ss.s.....s...s....ss..................s...ss........................ [ 62%]
2026-10-09T16:10:17.7194313Z ssssssssssssss.............ssss...ss.s..s....s..s.s.ss..s.ssss....ssssss [ 64%]
2026-10-09T16:10:20.6489002Z sssssssssssssssssssssssssssss..............................ssssssssss... [ 65%]
2026-10-09T16:10:25.1598277Z ....ssss......sss...ssssssssss....ss...s.s.s.ss.ssss........sss..s.sssss [ 66%]
2026-10-09T16:11:04.6287597Z sssssssssssssssssssssss....................................sssssssssssss [ 68%]
2026-10-09T16:11:34.2867743Z ssssssssssssssssss......................................ssssssssssssssss [ 69%]
2026-10-09T16:12:19.2793023Z ss...............ssss......ssssss........ssssss.........ssssssss..s.ssss [ 70%]
2026-10-09T16:15:04.7766829Z ssssssssssssssssssssssssssssssssss...................................... [ 72%]
2026-10-09T16:15:33.7540591Z ..ssss.......ssssssssssssssssss.................ssssssss....ssssssssssss [ 73%]
2026-10-09T16:17:33.1258920Z ssssssssssss......................ssssss............................sss. [ 75%]
2026-10-09T16:17:56.4846618Z .s....s.s.ss.s.sss.s.s..s..s.sss.....sss....ss.s.sssss.ssss.....s.s....s [ 76%]
2026-10-09T16:19:39.1088321Z .s....ss.ss..sss..s.s...ss..ss..ssssss...sss..ssssss.......ss.s.ss.....s [ 77%]
2026-10-09T16:20:36.5590877Z sss...sss..sss...ss...sssssss......sssss......ssss...s..ss....ss..ss..ss [ 79%]
2026-10-09T16:21:16.3275521Z .s..s.s..s.s.ss..s...ss....ssss....s..ss.ss...ss...s..ss.......ss....sss [ 80%]
2026-10-09T16:21:32.8220578Z s..sssss........sssss.....sss..sss..sss..ss.s...sss.s.ss..sssss....s..s. [ 82%]
2026-10-09T16:21:56.4053325Z .sss...s...ss.sss.ss.ssss.s.....s.s.s.s.s.s.ss.....ss..s..ssss....s....s [ 83%]
2026-10-09T16:23:20.1498092Z s....s.ss.s.ss..s.s.ss.ss..s.s.s.s.s.....sss..ss....ss..s....sss.s.ss.ss [ 84%]
2026-10-09T16:23:45.7445140Z ....s...s..sss..s..s.sss.ss.s.ssss.ss..ssss.........ss..ss.s..ssssssss.. [ 86%]
2026-10-09T16:24:08.5533322Z ...s..s..s.ss..s..s.s..ss..ss..s.ss.s.sss...ss.s.ssss....s.ss.s......... [ 87%]
2026-10-09T16:24:13.2756399Z ......................................sssss...s..ss.sssssss.......ss...s [ 89%]
2026-10-09T16:24:33.6874561Z .s.ssssssss.ss.s.s.s..s..s.ss.sss.s.ssss..s..s.sss..s.s.s..ss.ss..s..sss [ 90%]
2026-10-09T16:24:59.4862229Z ...ss.s.s............................................................... [ 91%]
2026-10-09T16:25:05.8243162Z ..................................................s.s.s.s...s..s.s.s.sss [ 93%]
2026-10-09T16:26:23.0231023Z ssss....ss.s.s.s....ssssss..s...ss.s...sssss......ss....s....ss.s..s.s.. [ 94%]
2026-10-09T16:26:39.6190224Z s.s.s................................................................... [ 96%]
2026-10-09T16:26:44.9614050Z .......ss..ss.ss.ss...sssss....s.sssssssssss....sss...ss.s..s.ss.s....ss [ 97%]
2026-10-09T16:26:58.9917692Z .s....s....s..sss.s.....s.ss.ss..sss.....s..ss..s.ss.................... [ 98%]
2026-10-09T16:27:01.6905736Z .....sss.s....s...sssss....s..............................s.s.           [100%]
2026-10-09T16:27:01.6906230Z =============================== warnings summary ===============================
2026-10-09T16:27:01.6906772Z ../../../../../../opt/hostedtoolcache/Python/3.12.9/x64/lib/python3.12/site-packages/fastapi/testclient.py:1
2026-10-09T16:27:01.6907860Z   /opt/hostedtoolcache/Python/3.12.9/x64/lib/python3.12/site-packages/fastapi/testclient.py:1: StarletteDeprecationWarning: Using `httpx` with `starlette.testclient` is deprecated; install `httpx2` instead.
2026-10-09T16:27:01.6908769Z     from starlette.testclient import TestClient as TestClient  # noqa
2026-10-09T16:27:01.6909049Z 
2026-10-09T16:27:01.6909392Z tests/test_r4_incremental_search.py::test_large_project_warm_search_does_not_project_manuscript[postgres]
2026-10-09T16:27:01.6910408Z   tests/test_r4_incremental_search.py:206: PytestWarning: record_property is incompatible with junit_family 'xunit2' (use 'legacy' or 'xunit1')
2026-10-09T16:27:01.6911126Z     def test_large_project_warm_search_does_not_project_manuscript(source_env, monkeypatch, record_property):
2026-10-09T16:27:01.6911475Z 
2026-10-09T16:27:01.6912018Z tests/test_r4_portable_batches.py::test_media_flag_revocation_hides_only_dependent_batch_and_export_cache[postgres]
2026-10-09T16:27:01.6913217Z   /home/runner/work/_temp/novel-ci-backend-postgres-shard-0.Iwc8EB/project/app/experimental/ux.py:159: DocumentProjectionWarning: Editor coordinate projection excludes non-text media; export projection retains media descriptions and omission markers.
2026-10-09T16:27:01.6914138Z     return plain_text(document)
2026-10-09T16:27:01.6914280Z 
2026-10-09T16:27:01.6914480Z -- Docs: https://docs.pytest.org/en/stable/how-to/capture-warnings.html
2026-10-09T16:27:01.6915038Z - generated xml file: /home/runner/work/_temp/novel-ci-backend-postgres-shard-0.Iwc8EB/receipts/backend.xml -
2026-10-09T16:27:01.6915540Z =========================== short test summary info ============================
2026-10-09T16:27:01.6916078Z SKIPPED [5] tests/test_a43_context_identity.py: File-backend implementation contract; covered by the default/File full suite
2026-10-09T16:27:01.6916801Z SKIPPED [2] tests/test_a43_context_identity.py:133: File-backend implementation contract; covered by the default/File full suite
2026-10-09T16:27:01.6917532Z SKIPPED [3] tests/test_a43_context_identity.py:178: File-backend implementation contract; covered by the default/File full suite
2026-10-09T16:27:01.6918270Z SKIPPED [2] tests/test_a43_drive_prefix_identity.py:16: File-backend implementation contract; covered by the default/File full suite
2026-10-09T16:27:01.6919020Z SKIPPED [2] tests/test_a43_drive_prefix_identity.py:38: File-backend implementation contract; covered by the default/File full suite
2026-10-09T16:27:01.6919787Z SKIPPED [1] tests/test_a43_drive_prefix_identity.py:51: File-backend implementation contract; covered by the default/File full suite
2026-10-09T16:27:01.6920556Z SKIPPED [4] tests/test_a43_duplicate_heading.py:44: File-backend implementation contract; covered by the default/File full suite
2026-10-09T16:27:01.6921291Z SKIPPED [5] tests/test_a43_duplicate_heading.py:64: File-backend implementation contract; covered by the default/File full suite
2026-10-09T16:27:01.6922103Z SKIPPED [10] tests/test_a43_file_identity.py: File-backend implementation contract; covered by the default/File full suite
2026-10-09T16:27:01.6922997Z SKIPPED [47] tests/test_a43_identity_references.py: File-backend implementation contract; covered by the default/File full suite
2026-10-09T16:27:01.6923712Z SKIPPED [3] tests/test_a43_identity_references.py:525: File-backend implementation contract; covered by the default/File full suite
2026-10-09T16:27:01.6924432Z SKIPPED [1] tests/test_a43_known_document_nodes.py:53: File-backend implementation contract; covered by the default/File full suite
2026-10-09T16:27:01.6925152Z SKIPPED [2] tests/test_a43_known_document_nodes.py:67: File-backend implementation contract; covered by the default/File full suite
2026-10-09T16:27:01.6925866Z SKIPPED [2] tests/test_a43_known_document_nodes.py:113: File-backend implementation contract; covered by the default/File full suite
2026-10-09T16:27:01.6926564Z SKIPPED [3] tests/test_a43_rich_document.py: File-backend implementation contract; covered by the default/File full suite
2026-10-09T16:27:01.6927242Z SKIPPED [4] tests/test_a43_rich_document.py:197: File-backend implementation contract; covered by the default/File full suite
2026-10-09T16:27:01.6927925Z SKIPPED [1] tests/test_a43_rich_document.py:261: File-backend implementation contract; covered by the default/File full suite
2026-10-09T16:27:01.6928621Z SKIPPED [2] tests/test_a43_rich_document.py:326: File-backend implementation contract; covered by the default/File full suite
2026-10-09T16:27:01.6929458Z SKIPPED [1] tests/test_context_intelligence.py:153: File-backend implementation contract; covered by the default/File full suite
2026-10-09T16:27:01.6930149Z SKIPPED [1] tests/test_context_pack_v2.py:103: File-backend implementation contract; covered by the default/File full suite
2026-10-09T16:27:01.6930802Z SKIPPED [1] tests/test_continuity_api.py:16: File-backend implementation contract; covered by the default/File full suite
2026-10-09T16:27:01.6931464Z SKIPPED [1] tests/test_continuity_api.py:24: File-backend implementation contract; covered by the default/File full suite
2026-10-09T16:27:01.6932289Z SKIPPED [1] tests/test_continuity_api.py:38: File-backend implementation contract; covered by the default/File full suite
2026-10-09T16:27:01.6932969Z SKIPPED [1] tests/test_continuity_api.py:49: File-backend implementation contract; covered by the default/File full suite
2026-10-09T16:27:01.6933565Z SKIPPED [1] tests/test_credential_vault.py:229: manual Windows Credential Manager integration only
2026-10-09T16:27:01.6934188Z SKIPPED [2] tests/test_file_project_lifecycle.py:67: File-backend implementation contract; covered by the default/File full suite
2026-10-09T16:27:01.6934895Z SKIPPED [4] tests/test_file_project_lifecycle.py:101: File-backend implementation contract; covered by the default/File full suite
2026-10-09T16:27:01.6935606Z SKIPPED [2] tests/test_file_project_lifecycle.py:169: File-backend implementation contract; covered by the default/File full suite
2026-10-09T16:27:01.6936330Z SKIPPED [3] tests/test_file_project_lifecycle.py: File-backend implementation contract; covered by the default/File full suite
2026-10-09T16:27:01.6937033Z SKIPPED [2] tests/test_file_project_lifecycle.py:327: File-backend implementation contract; covered by the default/File full suite
2026-10-09T16:27:01.6937742Z SKIPPED [1] tests/test_file_project_lifecycle.py:376: File-backend implementation contract; covered by the default/File full suite
2026-10-09T16:27:01.6938479Z SKIPPED [1] tests/test_generation_snapshot_runtime_v056.py:55: File-backend implementation contract; covered by the default/File full suite
2026-10-09T16:27:01.6939178Z SKIPPED [1] tests/test_jobs_v03.py:15: File-backend implementation contract; covered by the default/File full suite
2026-10-09T16:27:01.6939799Z SKIPPED [1] tests/test_jobs_v03.py:27: File-backend implementation contract; covered by the default/File full suite
2026-10-09T16:27:01.6940515Z SKIPPED [5] tests/test_local_interop_desktop_runtime.py:60: File-backend implementation contract; covered by the default/File full suite
2026-10-09T16:27:01.6941407Z SKIPPED [6] tests/test_local_interop_desktop_runtime.py: File-backend implementation contract; covered by the default/File full suite
2026-10-09T16:27:01.6942255Z SKIPPED [2] tests/test_local_interop_desktop_runtime.py:261: File-backend implementation contract; covered by the default/File full suite
2026-10-09T16:27:01.6942964Z SKIPPED [9] tests/test_local_interop_host.py: File-backend implementation contract; covered by the default/File full suite
2026-10-09T16:27:01.6943641Z SKIPPED [2] tests/test_local_interop_host.py:173: File-backend implementation contract; covered by the default/File full suite
2026-10-09T16:27:01.6944327Z SKIPPED [3] tests/test_local_interop_host.py:203: File-backend implementation contract; covered by the default/File full suite
2026-10-09T16:27:01.6945009Z SKIPPED [2] tests/test_local_interop_host.py:395: File-backend implementation contract; covered by the default/File full suite
2026-10-09T16:27:01.6945697Z SKIPPED [1] tests/test_local_interop_host.py:528: File-backend implementation contract; covered by the default/File full suite
2026-10-09T16:27:01.6946383Z SKIPPED [5] tests/test_local_interop_host.py:611: File-backend implementation contract; covered by the default/File full suite
2026-10-09T16:27:01.6947081Z SKIPPED [1] tests/test_lore_context_contract.py:78: File-backend implementation contract; covered by the default/File full suite
2026-10-09T16:27:01.6947866Z SKIPPED [1] tests/test_lore_context_contract.py:89: File-backend implementation contract; covered by the default/File full suite
2026-10-09T16:27:01.6948629Z SKIPPED [1] tests/test_lore_contract.py:79: Migration 004 is intentionally absent in Phase 1
2026-10-09T16:27:01.6949227Z SKIPPED [1] tests/test_memory_agent_contract.py:49: File-backend implementation contract; covered by the default/File full suite
2026-10-09T16:27:01.6949904Z SKIPPED [1] tests/test_narrative_api.py:8: File-backend implementation contract; covered by the default/File full suite
2026-10-09T16:27:01.6950563Z SKIPPED [1] tests/test_narrative_api.py:18: File-backend implementation contract; covered by the default/File full suite
2026-10-09T16:27:01.6951233Z SKIPPED [1] tests/test_narrative_context.py:29: File-backend implementation contract; covered by the default/File full suite
2026-10-09T16:27:01.6952052Z SKIPPED [1] tests/test_narrative_context.py:66: File-backend implementation contract; covered by the default/File full suite
2026-10-09T16:27:01.6952748Z SKIPPED [1] tests/test_narrative_progress_api.py:19: File-backend implementation contract; covered by the default/File full suite
2026-10-09T16:27:01.6953502Z SKIPPED [2] tests/test_post_interop_author_added_sources.py:87: File-backend implementation contract; covered by the default/File full suite
2026-10-09T16:27:01.6954275Z SKIPPED [4] tests/test_post_interop_author_added_sources.py:106: File-backend implementation contract; covered by the default/File full suite
2026-10-09T16:27:01.6955053Z SKIPPED [11] tests/test_post_interop_author_added_sources.py: File-backend implementation contract; covered by the default/File full suite
2026-10-09T16:27:01.6955817Z SKIPPED [5] tests/test_post_interop_creation_mounted.py: File-backend implementation contract; covered by the default/File full suite
2026-10-09T16:27:01.6956551Z SKIPPED [1] tests/test_post_interop_creation_tasks.py:9: File-backend implementation contract; covered by the default/File full suite
2026-10-09T16:27:01.6957282Z SKIPPED [2] tests/test_post_interop_creation_upgrade.py: File-backend implementation contract; covered by the default/File full suite
2026-10-09T16:27:01.6958062Z SKIPPED [2] tests/test_post_interop_embedding_feature_isolation.py:54: File-backend implementation contract; covered by the default/File full suite
2026-10-09T16:27:01.6958879Z SKIPPED [2] tests/test_post_interop_embedding_feature_isolation.py:76: File-backend implementation contract; covered by the default/File full suite
2026-10-09T16:27:01.6959693Z SKIPPED [2] tests/test_post_interop_embedding_feature_isolation.py:99: File-backend implementation contract; covered by the default/File full suite
2026-10-09T16:27:01.6960614Z SKIPPED [8] tests/test_post_interop_extended_mounted.py: File-backend implementation contract; covered by the default/File full suite
2026-10-09T16:27:01.6961387Z SKIPPED [3] tests/test_post_interop_extended_mounted.py:51: File-backend implementation contract; covered by the default/File full suite
2026-10-09T16:27:01.6962225Z SKIPPED [2] tests/test_post_interop_interactive_history.py: File-backend implementation contract; covered by the default/File full suite
2026-10-09T16:27:01.6962975Z SKIPPED [6] tests/test_post_interop_media_continuation.py: File-backend implementation contract; covered by the default/File full suite
2026-10-09T16:27:01.6963739Z SKIPPED [1] tests/test_post_interop_media_visibility.py: File-backend implementation contract; covered by the default/File full suite
2026-10-09T16:27:01.6964544Z SKIPPED [1] tests/test_post_interop_media_visibility.py:125: File-backend implementation contract; covered by the default/File full suite
2026-10-09T16:27:01.6965375Z SKIPPED [1] tests/test_post_interop_media_visibility.py:158: File-backend implementation contract; covered by the default/File full suite
2026-10-09T16:27:01.6966182Z SKIPPED [3] tests/test_post_interop_revision_compare.py:40: File-backend implementation contract; covered by the default/File full suite
2026-10-09T16:27:01.6966996Z SKIPPED [1] tests/test_post_interop_revision_compare.py:50: File-backend implementation contract; covered by the default/File full suite
2026-10-09T16:27:01.6967930Z SKIPPED [4] tests/test_post_interop_revision_compare.py: File-backend implementation contract; covered by the default/File full suite
2026-10-09T16:27:01.6968717Z SKIPPED [9] tests/test_post_interop_revision_model.py: File-backend implementation contract; covered by the default/File full suite
2026-10-09T16:27:01.6969489Z SKIPPED [6] tests/test_post_interop_scene_mind.py: File-backend implementation contract; covered by the default/File full suite
2026-10-09T16:27:01.6970252Z SKIPPED [3] tests/test_post_interop_scene_mind.py:85: File-backend implementation contract; covered by the default/File full suite
2026-10-09T16:27:01.6971030Z SKIPPED [1] tests/test_post_interop_scene_mind.py:174: File-backend implementation contract; covered by the default/File full suite
2026-10-09T16:27:01.6971909Z SKIPPED [4] tests/test_post_interop_shared_universe.py: File-backend implementation contract; covered by the default/File full suite
2026-10-09T16:27:01.6972690Z SKIPPED [2] tests/test_post_interop_shared_universe.py:97: File-backend implementation contract; covered by the default/File full suite
2026-10-09T16:27:01.6973500Z SKIPPED [4] tests/test_post_interop_structured_search.py: File-backend implementation contract; covered by the default/File full suite
2026-10-09T16:27:01.6974293Z SKIPPED [5] tests/test_post_interop_style_judge.py: File-backend implementation contract; covered by the default/File full suite
2026-10-09T16:27:01.6975078Z SKIPPED [2] tests/test_post_interop_style_judge_mounted.py: File-backend implementation contract; covered by the default/File full suite
2026-10-09T16:27:01.6975851Z SKIPPED [16] tests/test_post_interop_style_model.py: File-backend implementation contract; covered by the default/File full suite
2026-10-09T16:27:01.6976609Z SKIPPED [2] tests/test_post_interop_style_model.py:112: File-backend implementation contract; covered by the default/File full suite
2026-10-09T16:27:01.6977367Z SKIPPED [3] tests/test_post_interop_style_model.py:227: File-backend implementation contract; covered by the default/File full suite
2026-10-09T16:27:01.6978129Z SKIPPED [4] tests/test_post_interop_task_reopen.py:16: File-backend implementation contract; covered by the default/File full suite
2026-10-09T16:27:01.6978885Z SKIPPED [2] tests/test_post_interop_task_reopen.py: File-backend implementation contract; covered by the default/File full suite
2026-10-09T16:27:01.6979660Z SKIPPED [3] tests/test_post_interop_translation_memory.py: File-backend implementation contract; covered by the default/File full suite
2026-10-09T16:27:01.6980571Z SKIPPED [3] tests/test_post_interop_wave3_broker.py: File-backend implementation contract; covered by the default/File full suite
2026-10-09T16:27:01.6981327Z SKIPPED [1] tests/test_post_interop_wave3_broker.py:36: File-backend implementation contract; covered by the default/File full suite
2026-10-09T16:27:01.6982223Z SKIPPED [4] tests/test_post_interop_wave3_research.py: File-backend implementation contract; covered by the default/File full suite
2026-10-09T16:27:01.6983033Z SKIPPED [6] tests/test_post_interop_wave5_templates_sdk_comics.py: File-backend implementation contract; covered by the default/File full suite
2026-10-09T16:27:01.6983878Z SKIPPED [7] tests/test_post_interop_wave5_templates_sdk_comics.py:77: File-backend implementation contract; covered by the default/File full suite
2026-10-09T16:27:01.6984731Z SKIPPED [3] tests/test_post_interop_wave5_templates_sdk_comics.py:217: File-backend implementation contract; covered by the default/File full suite
2026-10-09T16:27:01.6985536Z SKIPPED [9] tests/test_post_interop_workspace_ux.py: File-backend implementation contract; covered by the default/File full suite
2026-10-09T16:27:01.6986295Z SKIPPED [4] tests/test_post_interop_workspace_ux.py:206: File-backend implementation contract; covered by the default/File full suite
2026-10-09T16:27:01.6987074Z SKIPPED [3] tests/test_project_authority_validation.py:75: File-backend implementation contract; covered by the default/File full suite
2026-10-09T16:27:01.6987972Z SKIPPED [8] tests/test_project_authority_validation.py: File-backend implementation contract; covered by the default/File full suite
2026-10-09T16:27:01.6988754Z SKIPPED [1] tests/test_project_authority_validation.py:123: File-backend implementation contract; covered by the default/File full suite
2026-10-09T16:27:01.6989545Z SKIPPED [3] tests/test_project_authority_validation.py:133: File-backend implementation contract; covered by the default/File full suite
2026-10-09T16:27:01.6990340Z SKIPPED [2] tests/test_project_authority_validation.py:155: File-backend implementation contract; covered by the default/File full suite
2026-10-09T16:27:01.6991046Z SKIPPED [1] tests/test_provider_runtime_v2_host_hardware_inventory.py:407: real Windows native acceptance
2026-10-09T16:27:01.6991854Z SKIPPED [3] tests/test_r3_audiobook_preparation.py: File-backend implementation contract; covered by the default/File full suite
2026-10-09T16:27:01.6992604Z SKIPPED [5] tests/test_r3_embedding_contracts.py: File-backend implementation contract; covered by the default/File full suite
2026-10-09T16:27:01.6993327Z SKIPPED [2] tests/test_r3_media_workflows.py: File-backend implementation contract; covered by the default/File full suite
2026-10-09T16:27:01.6994047Z SKIPPED [9] tests/test_r3_mounted_contracts.py: File-backend implementation contract; covered by the default/File full suite
2026-10-09T16:27:01.6994748Z SKIPPED [6] tests/test_r3_planning.py: File-backend implementation contract; covered by the default/File full suite
2026-10-09T16:27:01.6995431Z SKIPPED [6] tests/test_r3_team_recipes.py: File-backend implementation contract; covered by the default/File full suite
2026-10-09T16:27:01.6996124Z SKIPPED [4] tests/test_r3_team_recipes.py:112: File-backend implementation contract; covered by the default/File full suite
2026-10-09T16:27:01.6996807Z SKIPPED [6] tests/test_r3_world.py: File-backend implementation contract; covered by the default/File full suite
2026-10-09T16:27:01.6997529Z SKIPPED [7] tests/test_r4_author_scope_variants_mounted.py: File-backend implementation contract; covered by the default/File full suite
2026-10-09T16:27:01.6998313Z SKIPPED [3] tests/test_r4_author_source_items_mounted.py: File-backend implementation contract; covered by the default/File full suite
2026-10-09T16:27:01.6999074Z SKIPPED [7] tests/test_r4_author_task_projection.py: File-backend implementation contract; covered by the default/File full suite
2026-10-09T16:27:01.6999964Z SKIPPED [3] tests/test_r4_author_task_projection.py:179: File-backend implementation contract; covered by the default/File full suite
2026-10-09T16:27:01.7000704Z SKIPPED [11] tests/test_r4_batch_admission.py: File-backend implementation contract; covered by the default/File full suite
2026-10-09T16:27:01.7001442Z SKIPPED [3] tests/test_r4_batch_admission_mounted.py: File-backend implementation contract; covered by the default/File full suite
2026-10-09T16:27:01.7002288Z SKIPPED [2] tests/test_r4_broker_cancel_dispatch.py: File-backend implementation contract; covered by the default/File full suite
2026-10-09T16:27:01.7003033Z SKIPPED [4] tests/test_r4_broker_mounted.py: File-backend implementation contract; covered by the default/File full suite
2026-10-09T16:27:01.7003739Z SKIPPED [8] tests/test_r4_change_impact.py: File-backend implementation contract; covered by the default/File full suite
2026-10-09T16:27:01.7004455Z SKIPPED [1] tests/test_r4_change_impact_mounted.py: File-backend implementation contract; covered by the default/File full suite
2026-10-09T16:27:01.7005194Z SKIPPED [2] tests/test_r4_character_author_api.py: File-backend implementation contract; covered by the default/File full suite
2026-10-09T16:27:01.7005936Z SKIPPED [2] tests/test_r4_character_author_api.py:81: File-backend implementation contract; covered by the default/File full suite
2026-10-09T16:27:01.7006683Z SKIPPED [4] tests/test_r4_character_author_api.py:93: File-backend implementation contract; covered by the default/File full suite
2026-10-09T16:27:01.7007551Z SKIPPED [4] tests/test_r4_character_author_context.py: File-backend implementation contract; covered by the default/File full suite
2026-10-09T16:27:01.7008328Z SKIPPED [5] tests/test_r4_character_author_context.py:70: File-backend implementation contract; covered by the default/File full suite
2026-10-09T16:27:01.7009095Z SKIPPED [2] tests/test_r4_character_author_context.py:97: File-backend implementation contract; covered by the default/File full suite
2026-10-09T16:27:01.7009864Z SKIPPED [1] tests/test_r4_character_author_dispatch.py: File-backend implementation contract; covered by the default/File full suite
2026-10-09T16:27:01.7010642Z SKIPPED [1] tests/test_r4_character_author_dispatch.py:110: File-backend implementation contract; covered by the default/File full suite
2026-10-09T16:27:01.7011368Z SKIPPED [2] tests/test_r4_director.py: File-backend implementation contract; covered by the default/File full suite
2026-10-09T16:27:01.7012178Z SKIPPED [3] tests/test_r4_director_exchange_mounted.py: File-backend implementation contract; covered by the default/File full suite
2026-10-09T16:27:01.7012958Z SKIPPED [4] tests/test_r4_director_exchange_mounted.py:72: File-backend implementation contract; covered by the default/File full suite
2026-10-09T16:27:01.7013712Z SKIPPED [14] tests/test_r4_first_use_mounted.py: File-backend implementation contract; covered by the default/File full suite
2026-10-09T16:27:01.7014441Z SKIPPED [2] tests/test_r4_first_use_mounted.py:144: File-backend implementation contract; covered by the default/File full suite
2026-10-09T16:27:01.7015202Z SKIPPED [10] tests/test_r4_generation_origin_guards.py:22: File-backend implementation contract; covered by the default/File full suite
2026-10-09T16:27:01.7015998Z SKIPPED [9] tests/test_r4_generation_origin_guards.py: File-backend implementation contract; covered by the default/File full suite
2026-10-09T16:27:01.7016783Z SKIPPED [2] tests/test_r4_generation_origin_regression.py:5: File-backend implementation contract; covered by the default/File full suite
2026-10-09T16:27:01.7017583Z SKIPPED [2] tests/test_r4_generation_origin_regression.py: File-backend implementation contract; covered by the default/File full suite
2026-10-09T16:27:01.7018341Z SKIPPED [6] tests/test_r4_incremental_search.py: File-backend implementation contract; covered by the default/File full suite
2026-10-09T16:27:01.7019090Z SKIPPED [1] tests/test_r4_incremental_search_mounted.py: File-backend implementation contract; covered by the default/File full suite
2026-10-09T16:27:01.7019976Z SKIPPED [2] tests/test_r4_judge_legacy_fence.py:12: File-backend implementation contract; covered by the default/File full suite
2026-10-09T16:27:01.7020686Z SKIPPED [15] tests/test_r4_judge_model.py: File-backend implementation contract; covered by the default/File full suite
2026-10-09T16:27:01.7034398Z SKIPPED [1] tests/test_r4_media_evidence.py: File-backend implementation contract; covered by the default/File full suite
2026-10-09T16:27:01.7034956Z SKIPPED [12] tests/test_r4_model_broker.py: File-backend implementation contract; covered by the default/File full suite
2026-10-09T16:27:01.7035395Z SKIPPED [1] tests/test_r4_mounted_inspection.py: File-backend implementation contract; covered by the default/File full suite
2026-10-09T16:27:01.7036006Z SKIPPED [6] tests/test_r4_mounted_workspaces.py: File-backend implementation contract; covered by the default/File full suite
2026-10-09T16:27:01.7036440Z SKIPPED [3] tests/test_r4_planning_authority.py: File-backend implementation contract; covered by the default/File full suite
2026-10-09T16:27:01.7036899Z SKIPPED [7] tests/test_r4_portable_batches.py: File-backend implementation contract; covered by the default/File full suite
2026-10-09T16:27:01.7037345Z SKIPPED [5] tests/test_r4_portable_batches_mounted.py: File-backend implementation contract; covered by the default/File full suite
2026-10-09T16:27:01.7037808Z SKIPPED [3] tests/test_r4_portable_batches_mounted.py:77: File-backend implementation contract; covered by the default/File full suite
2026-10-09T16:27:01.7038430Z SKIPPED [3] tests/test_r4_portable_maintenance.py: File-backend implementation contract; covered by the default/File full suite
2026-10-09T16:27:01.7038875Z SKIPPED [11] tests/test_r4_production_lineage.py: File-backend implementation contract; covered by the default/File full suite
2026-10-09T16:27:01.7039310Z SKIPPED [5] tests/test_r4_production_mounted.py: File-backend implementation contract; covered by the default/File full suite
2026-10-09T16:27:01.7039740Z SKIPPED [5] tests/test_r4_reader_sessions.py: File-backend implementation contract; covered by the default/File full suite
2026-10-09T16:27:01.7040163Z SKIPPED [1] tests/test_r4_reader_sessions.py:290: File-backend implementation contract; covered by the default/File full suite
2026-10-09T16:27:01.7040602Z SKIPPED [6] tests/test_r4_registered_local_media.py: File-backend implementation contract; covered by the default/File full suite
2026-10-09T16:27:01.7041054Z SKIPPED [2] tests/test_r4_registered_media_mounted.py: File-backend implementation contract; covered by the default/File full suite
2026-10-09T16:27:01.7041504Z SKIPPED [8] tests/test_r4_research_library.py: File-backend implementation contract; covered by the default/File full suite
2026-10-09T16:27:01.7042145Z SKIPPED [1] tests/test_r4_research_library.py:92: File-backend implementation contract; covered by the default/File full suite
2026-10-09T16:27:01.7042587Z SKIPPED [2] tests/test_r4_research_library_mounted.py: File-backend implementation contract; covered by the default/File full suite
2026-10-09T16:27:01.7043043Z SKIPPED [2] tests/test_r4_research_library_mounted.py:68: File-backend implementation contract; covered by the default/File full suite
2026-10-09T16:27:01.7043497Z SKIPPED [1] tests/test_r4_research_library_mounted.py:83: File-backend implementation contract; covered by the default/File full suite
2026-10-09T16:27:01.7043954Z SKIPPED [3] tests/test_r4_revision_intelligence.py:96: File-backend implementation contract; covered by the default/File full suite
2026-10-09T16:27:01.7044423Z SKIPPED [11] tests/test_r4_revision_intelligence.py: File-backend implementation contract; covered by the default/File full suite
2026-10-09T16:27:01.7044888Z SKIPPED [5] tests/test_r4_revision_intelligence_mounted.py: File-backend implementation contract; covered by the default/File full suite
2026-10-09T16:27:01.7045348Z SKIPPED [1] tests/test_r4_selection_author_binding.py: File-backend implementation contract; covered by the default/File full suite
2026-10-09T16:27:01.7045904Z SKIPPED [2] tests/test_r4_selection_author_binding.py:99: File-backend implementation contract; covered by the default/File full suite
2026-10-09T16:27:01.7046364Z SKIPPED [2] tests/test_r4_selection_author_binding.py:112: File-backend implementation contract; covered by the default/File full suite
2026-10-09T16:27:01.7046828Z SKIPPED [2] tests/test_r4_selection_author_binding.py:126: File-backend implementation contract; covered by the default/File full suite
2026-10-09T16:27:01.7047269Z SKIPPED [13] tests/test_r4_story_graph.py: File-backend implementation contract; covered by the default/File full suite
2026-10-09T16:27:01.7047694Z SKIPPED [4] tests/test_r4_story_graph_mounted.py: File-backend implementation contract; covered by the default/File full suite
2026-10-09T16:27:01.7048121Z SKIPPED [6] tests/test_r4_story_simulator.py: File-backend implementation contract; covered by the default/File full suite
2026-10-09T16:27:01.7048547Z SKIPPED [6] tests/test_r4_story_simulator.py:118: File-backend implementation contract; covered by the default/File full suite
2026-10-09T16:27:01.7048986Z SKIPPED [12] tests/test_r4_story_simulator_model.py: File-backend implementation contract; covered by the default/File full suite
2026-10-09T16:27:01.7049437Z SKIPPED [12] tests/test_r4_story_simulator_model.py:108: File-backend implementation contract; covered by the default/File full suite
2026-10-09T16:27:01.7049889Z SKIPPED [1] tests/test_r4_story_simulator_model.py:166: File-backend implementation contract; covered by the default/File full suite
2026-10-09T16:27:01.7050422Z SKIPPED [2] tests/test_r4_story_simulator_model.py:184: File-backend implementation contract; covered by the default/File full suite
2026-10-09T16:27:01.7050866Z SKIPPED [2] tests/test_r4_story_simulator_model.py:238: File-backend implementation contract; covered by the default/File full suite
2026-10-09T16:27:01.7051316Z SKIPPED [4] tests/test_r4_story_simulator_mounted.py: File-backend implementation contract; covered by the default/File full suite
2026-10-09T16:27:01.7051839Z SKIPPED [5] tests/test_r4_style_judge.py:87: File-backend implementation contract; covered by the default/File full suite
2026-10-09T16:27:01.7052246Z SKIPPED [7] tests/test_r4_style_judge.py: File-backend implementation contract; covered by the default/File full suite
2026-10-09T16:27:01.7052671Z SKIPPED [2] tests/test_r4_style_judge_mounted.py: File-backend implementation contract; covered by the default/File full suite
2026-10-09T16:27:01.7053115Z SKIPPED [3] tests/test_r4_style_judge_mounted.py:71: File-backend implementation contract; covered by the default/File full suite
2026-10-09T16:27:01.7053549Z SKIPPED [2] tests/test_r4_timeline_exchange.py: File-backend implementation contract; covered by the default/File full suite
2026-10-09T16:27:01.7053972Z SKIPPED [5] tests/test_r4_workspace_resume.py: File-backend implementation contract; covered by the default/File full suite
2026-10-09T16:27:01.7054401Z SKIPPED [1] tests/test_r4_workspace_resume.py:177: File-backend implementation contract; covered by the default/File full suite
2026-10-09T16:27:01.7054846Z SKIPPED [2] tests/test_r4_workspace_resume_mounted.py: File-backend implementation contract; covered by the default/File full suite
2026-10-09T16:27:01.7055284Z SKIPPED [5] tests/test_r4_workspace_tools.py: File-backend implementation contract; covered by the default/File full suite
2026-10-09T16:27:01.7055704Z SKIPPED [10] tests/test_r4_writing_focus.py: File-backend implementation contract; covered by the default/File full suite
2026-10-09T16:27:01.7056120Z SKIPPED [5] tests/test_r5_comic_layouts.py: File-backend implementation contract; covered by the default/File full suite
2026-10-09T16:27:01.7056533Z SKIPPED [3] tests/test_r5_comic_layouts.py:126: File-backend implementation contract; covered by the default/File full suite
2026-10-09T16:27:01.7056950Z SKIPPED [2] tests/test_r5_comic_mounted.py: File-backend implementation contract; covered by the default/File full suite
2026-10-09T16:27:01.7057451Z SKIPPED [5] tests/test_r5_comic_mounted.py:49: File-backend implementation contract; covered by the default/File full suite
2026-10-09T16:27:01.7057870Z SKIPPED [3] tests/test_r5_comic_mounted.py:68: File-backend implementation contract; covered by the default/File full suite
2026-10-09T16:27:01.7058300Z SKIPPED [1] tests/test_r5_declarative_job_bounds.py: File-backend implementation contract; covered by the default/File full suite
2026-10-09T16:27:01.7058734Z SKIPPED [12] tests/test_r5_declarative_model.py: File-backend implementation contract; covered by the default/File full suite
2026-10-09T16:27:01.7059168Z SKIPPED [7] tests/test_r5_declarative_mounted.py: File-backend implementation contract; covered by the default/File full suite
2026-10-09T16:27:01.7059607Z SKIPPED [6] tests/test_r5_declarative_templates.py: File-backend implementation contract; covered by the default/File full suite
2026-10-09T16:27:01.7060056Z SKIPPED [5] tests/test_r5_declarative_templates.py:91: File-backend implementation contract; covered by the default/File full suite
2026-10-09T16:27:01.7060510Z SKIPPED [3] tests/test_r5_declarative_templates.py:177: File-backend implementation contract; covered by the default/File full suite
2026-10-09T16:27:01.7060951Z SKIPPED [2] tests/test_r5_interactive_story.py:89: File-backend implementation contract; covered by the default/File full suite
2026-10-09T16:27:01.7061381Z SKIPPED [7] tests/test_r5_interactive_story.py: File-backend implementation contract; covered by the default/File full suite
2026-10-09T16:27:01.7061982Z SKIPPED [1] tests/test_r5_interactive_story.py:122: File-backend implementation contract; covered by the default/File full suite
2026-10-09T16:27:01.7062429Z SKIPPED [7] tests/test_r5_interactive_story_mounted.py: File-backend implementation contract; covered by the default/File full suite
2026-10-09T16:27:01.7062878Z SKIPPED [4] tests/test_r5_multilingual_editions.py: File-backend implementation contract; covered by the default/File full suite
2026-10-09T16:27:01.7063330Z SKIPPED [1] tests/test_r5_multilingual_editions.py:118: File-backend implementation contract; covered by the default/File full suite
2026-10-09T16:27:01.7063790Z SKIPPED [4] tests/test_r5_multilingual_editions_mounted.py: File-backend implementation contract; covered by the default/File full suite
2026-10-09T16:27:01.7064264Z SKIPPED [1] tests/test_r5_multilingual_editions_mounted.py:84: File-backend implementation contract; covered by the default/File full suite
2026-10-09T16:27:01.7064742Z SKIPPED [2] tests/test_r5_multilingual_editions_mounted.py:99: File-backend implementation contract; covered by the default/File full suite
2026-10-09T16:27:01.7065209Z SKIPPED [20] tests/test_r5_multilingual_translation.py: File-backend implementation contract; covered by the default/File full suite
2026-10-09T16:27:01.7065673Z SKIPPED [1] tests/test_r5_multilingual_translation.py:263: File-backend implementation contract; covered by the default/File full suite
2026-10-09T16:27:01.7066120Z SKIPPED [11] tests/test_r5_offline_sync.py: File-backend implementation contract; covered by the default/File full suite
2026-10-09T16:27:01.7066592Z SKIPPED [7] tests/test_r5_offline_sync_mounted.py: File-backend implementation contract; covered by the default/File full suite
2026-10-09T16:27:01.7067030Z SKIPPED [4] tests/test_r5_offline_sync_mounted.py:77: File-backend implementation contract; covered by the default/File full suite
2026-10-09T16:27:01.7067478Z SKIPPED [3] tests/test_r5_offline_sync_mounted.py:140: File-backend implementation contract; covered by the default/File full suite
2026-10-09T16:27:01.7067908Z SKIPPED [1] tests/test_r5_offline_sync_tcp.py:122: explicit real-loopback subprocess gate; not an in-process substitute
2026-10-09T16:27:01.7068326Z SKIPPED [2] tests/test_r5_pause_aware_audio.py: File-backend implementation contract; covered by the default/File full suite
2026-10-09T16:27:01.7068744Z SKIPPED [8] tests/test_r5_project_forks.py: File-backend implementation contract; covered by the default/File full suite
2026-10-09T16:27:01.7069247Z SKIPPED [1] tests/test_r5_project_forks.py:130: File-backend implementation contract; covered by the default/File full suite
2026-10-09T16:27:01.7069680Z SKIPPED [7] tests/test_r5_project_forks_mounted.py: File-backend implementation contract; covered by the default/File full suite
2026-10-09T16:27:01.7070125Z SKIPPED [5] tests/test_r5_project_forks_mounted.py:74: File-backend implementation contract; covered by the default/File full suite
2026-10-09T16:27:01.7070559Z SKIPPED [5] tests/test_r5_structured_forks.py: File-backend implementation contract; covered by the default/File full suite
2026-10-09T16:27:01.7070984Z SKIPPED [1] tests/test_r5_structured_forks.py:115: File-backend implementation contract; covered by the default/File full suite
2026-10-09T16:27:01.7071415Z SKIPPED [2] tests/test_r5_structured_forks.py:174: File-backend implementation contract; covered by the default/File full suite
2026-10-09T16:27:01.7071946Z SKIPPED [2] tests/test_r5_structured_forks_mounted.py: File-backend implementation contract; covered by the default/File full suite
2026-10-09T16:27:01.7072403Z SKIPPED [2] tests/test_r5_structured_forks_mounted.py:53: File-backend implementation contract; covered by the default/File full suite
2026-10-09T16:27:01.7072841Z SKIPPED [9] tests/test_r5_voice_subtitles.py: File-backend implementation contract; covered by the default/File full suite
2026-10-09T16:27:01.7073263Z SKIPPED [4] tests/test_r5_voice_subtitles.py:180: File-backend implementation contract; covered by the default/File full suite
2026-10-09T16:27:01.7073784Z SKIPPED [6] tests/test_r5_voice_subtitles_mounted.py: File-backend implementation contract; covered by the default/File full suite
2026-10-09T16:27:01.7074224Z SKIPPED [10] tests/test_r5_writer_room_mounted.py: File-backend implementation contract; covered by the default/File full suite
2026-10-09T16:27:01.7074666Z SKIPPED [2] tests/test_rc_packaged_default_chapter.py: File-backend implementation contract; covered by the default/File full suite
2026-10-09T16:27:01.7075415Z SKIPPED [1] tests/test_runtime_ownership_foundation_v070.py:173: Windows exclusive loopback port reservation is not executed on this platform. Missing socket.SO_EXCLUSIVEADDRUSE AttributeError on Linux is an implementation accident, not a documented unsupported-platform contract.
2026-10-09T16:27:01.7076087Z SKIPPED [1] tests/test_runtime_ownership_foundation_v070.py:295: Windows Job Object contract
2026-10-09T16:27:01.7076426Z SKIPPED [1] tests/test_runtime_ownership_foundation_v070.py:309: Windows process identity contract
2026-10-09T16:27:01.7076859Z SKIPPED [14] tests/test_shared_generation_stream_authority.py:262: File-backend implementation contract; covered by the default/File full suite
2026-10-09T16:27:01.7077358Z SKIPPED [4] tests/test_shared_generation_stream_authority.py:292: File-backend implementation contract; covered by the default/File full suite
2026-10-09T16:27:01.7077849Z SKIPPED [10] tests/test_shared_generation_stream_authority.py: File-backend implementation contract; covered by the default/File full suite
2026-10-09T16:27:01.7078340Z SKIPPED [4] tests/test_shared_generation_stream_authority.py:513: File-backend implementation contract; covered by the default/File full suite
2026-10-09T16:27:01.7078832Z SKIPPED [35] tests/test_shared_generation_terminal_protocol.py:82: File-backend implementation contract; covered by the default/File full suite
2026-10-09T16:27:01.7079327Z SKIPPED [10] tests/test_shared_generation_terminal_protocol.py:108: File-backend implementation contract; covered by the default/File full suite
2026-10-09T16:27:01.7079824Z SKIPPED [4] tests/test_shared_generation_terminal_protocol.py:158: File-backend implementation contract; covered by the default/File full suite
2026-10-09T16:27:01.7080315Z SKIPPED [3] tests/test_shared_generation_terminal_protocol.py:175: File-backend implementation contract; covered by the default/File full suite
2026-10-09T16:27:01.7080811Z SKIPPED [10] tests/test_shared_generation_terminal_protocol.py:196: File-backend implementation contract; covered by the default/File full suite
2026-10-09T16:27:01.7081387Z SKIPPED [2] tests/test_shared_generation_terminal_protocol.py:221: File-backend implementation contract; covered by the default/File full suite
2026-10-09T16:27:01.7082053Z SKIPPED [6] tests/test_shared_generation_terminal_protocol.py: File-backend implementation contract; covered by the default/File full suite
2026-10-09T16:27:01.7082534Z SKIPPED [4] tests/test_shared_generation_terminal_protocol.py:345: File-backend implementation contract; covered by the default/File full suite
2026-10-09T16:27:01.7083024Z SKIPPED [3] tests/test_shared_generation_terminal_protocol.py:357: File-backend implementation contract; covered by the default/File full suite
2026-10-09T16:27:01.7083509Z SKIPPED [28] tests/test_shared_project_route_authority.py:103: File-backend implementation contract; covered by the default/File full suite
2026-10-09T16:27:01.7083982Z SKIPPED [31] tests/test_shared_project_route_authority.py:120: File-backend implementation contract; covered by the default/File full suite
2026-10-09T16:27:01.7084462Z SKIPPED [18] tests/test_shared_project_route_authority.py:143: File-backend implementation contract; covered by the default/File full suite
2026-10-09T16:27:01.7084942Z SKIPPED [43] tests/test_shared_project_route_authority.py: File-backend implementation contract; covered by the default/File full suite
2026-10-09T16:27:01.7085421Z SKIPPED [38] tests/test_shared_project_route_authority.py:283: File-backend implementation contract; covered by the default/File full suite
2026-10-09T16:27:01.7085980Z SKIPPED [18] tests/test_shared_project_route_authority.py:352: File-backend implementation contract; covered by the default/File full suite
2026-10-09T16:27:01.7086451Z SKIPPED [24] tests/test_shared_project_route_authority.py:388: File-backend implementation contract; covered by the default/File full suite
2026-10-09T16:27:01.7086908Z SKIPPED [3] tests/test_structured_record_cas.py:12: File-backend implementation contract; covered by the default/File full suite
2026-10-09T16:27:01.7087344Z SKIPPED [1] tests/test_structured_record_cas.py: File-backend implementation contract; covered by the default/File full suite
2026-10-09T16:27:01.7087791Z SKIPPED [11] tests/test_surface_adaptation_lifecycle.py: File-backend implementation contract; covered by the default/File full suite
2026-10-09T16:27:01.7088250Z SKIPPED [1] tests/test_surface_adaptation_projection.py: File-backend implementation contract; covered by the default/File full suite
2026-10-09T16:27:01.7088722Z SKIPPED [6] tests/test_surface_adapter_capacity.py:74: File-backend implementation contract; covered by the default/File full suite
2026-10-09T16:27:01.7089175Z SKIPPED [15] tests/test_surface_adapter_capacity.py: File-backend implementation contract; covered by the default/File full suite
2026-10-09T16:27:01.7089630Z SKIPPED [9] tests/test_surface_adapter_capacity.py:110: File-backend implementation contract; covered by the default/File full suite
2026-10-09T16:27:01.7090084Z SKIPPED [1] tests/test_surface_adapter_projection.py:53: File-backend implementation contract; covered by the default/File full suite
2026-10-09T16:27:01.7090535Z SKIPPED [2] tests/test_surface_adapter_projection.py:84: File-backend implementation contract; covered by the default/File full suite
2026-10-09T16:27:01.7090989Z SKIPPED [2] tests/test_surface_adapter_projection.py:101: File-backend implementation contract; covered by the default/File full suite
2026-10-09T16:27:01.7091446Z SKIPPED [6] tests/test_surface_adapter_projection.py:122: File-backend implementation contract; covered by the default/File full suite
2026-10-09T16:27:01.7091965Z SKIPPED [3] tests/test_surface_adapter_projection.py:138: File-backend implementation contract; covered by the default/File full suite
2026-10-09T16:27:01.7092420Z SKIPPED [6] tests/test_surface_adapter_projection.py:147: File-backend implementation contract; covered by the default/File full suite
2026-10-09T16:27:01.7092956Z SKIPPED [2] tests/test_surface_adapter_projection.py:171: File-backend implementation contract; covered by the default/File full suite
2026-10-09T16:27:01.7093415Z SKIPPED [1] tests/test_surface_adapter_projection.py:185: File-backend implementation contract; covered by the default/File full suite
2026-10-09T16:27:01.7093865Z SKIPPED [2] tests/test_surface_adapter_projection.py:203: File-backend implementation contract; covered by the default/File full suite
2026-10-09T16:27:01.7094315Z SKIPPED [4] tests/test_surface_adapter_projection.py:236: File-backend implementation contract; covered by the default/File full suite
2026-10-09T16:27:01.7094771Z SKIPPED [3] tests/test_surface_adapter_projection.py:264: File-backend implementation contract; covered by the default/File full suite
2026-10-09T16:27:01.7095224Z SKIPPED [3] tests/test_surface_adapter_projection.py:273: File-backend implementation contract; covered by the default/File full suite
2026-10-09T16:27:01.7095675Z SKIPPED [2] tests/test_surface_adapter_projection.py:286: File-backend implementation contract; covered by the default/File full suite
2026-10-09T16:27:01.7096132Z SKIPPED [3] tests/test_surface_adapter_projection.py:302: File-backend implementation contract; covered by the default/File full suite
2026-10-09T16:27:01.7096582Z SKIPPED [4] tests/test_surface_adapter_projection.py:317: File-backend implementation contract; covered by the default/File full suite
2026-10-09T16:27:01.7097044Z SKIPPED [5] tests/test_surface_branch_generation_stream.py:47: File-backend implementation contract; covered by the default/File full suite
2026-10-09T16:27:01.7097597Z SKIPPED [6] tests/test_surface_branch_generation_stream.py: File-backend implementation contract; covered by the default/File full suite
2026-10-09T16:27:01.7098068Z SKIPPED [3] tests/test_surface_branch_generation_stream.py:94: File-backend implementation contract; covered by the default/File full suite
2026-10-09T16:27:01.7098543Z SKIPPED [2] tests/test_surface_branch_generation_stream.py:144: File-backend implementation contract; covered by the default/File full suite
2026-10-09T16:27:01.7099009Z SKIPPED [6] tests/test_surface_branch_manuscript.py: File-backend implementation contract; covered by the default/File full suite
2026-10-09T16:27:01.7099472Z SKIPPED [10] tests/test_surface_branch_manuscript_mounted.py: File-backend implementation contract; covered by the default/File full suite
2026-10-09T16:27:01.7099952Z SKIPPED [3] tests/test_surface_branch_manuscript_mounted.py:273: File-backend implementation contract; covered by the default/File full suite
2026-10-09T16:27:01.7100440Z SKIPPED [2] tests/test_surface_continuity_timeline_identity.py:45: File-backend implementation contract; covered by the default/File full suite
2026-10-09T16:27:01.7100925Z SKIPPED [5] tests/test_surface_continuity_timeline_identity.py: File-backend implementation contract; covered by the default/File full suite
2026-10-09T16:27:01.7101396Z SKIPPED [2] tests/test_surface_core_story_record_api.py:24: File-backend implementation contract; covered by the default/File full suite
2026-10-09T16:27:01.7101918Z SKIPPED [4] tests/test_surface_core_story_record_api.py:56: File-backend implementation contract; covered by the default/File full suite
2026-10-09T16:27:01.7102375Z SKIPPED [5] tests/test_surface_core_story_record_api.py:78: File-backend implementation contract; covered by the default/File full suite
2026-10-09T16:27:01.7102829Z SKIPPED [5] tests/test_surface_core_story_record_api.py:94: File-backend implementation contract; covered by the default/File full suite
2026-10-09T16:27:01.7103285Z SKIPPED [3] tests/test_surface_core_story_records.py:53: File-backend implementation contract; covered by the default/File full suite
2026-10-09T16:27:01.7103729Z SKIPPED [3] tests/test_surface_core_story_records.py:86: File-backend implementation contract; covered by the default/File full suite
2026-10-09T16:27:01.7104174Z SKIPPED [3] tests/test_surface_core_story_records.py:106: File-backend implementation contract; covered by the default/File full suite
2026-10-09T16:27:01.7104706Z SKIPPED [4] tests/test_surface_core_story_records.py: File-backend implementation contract; covered by the default/File full suite
2026-10-09T16:27:01.7105152Z SKIPPED [1] tests/test_surface_core_story_records.py:166: File-backend implementation contract; covered by the default/File full suite
2026-10-09T16:27:01.7105599Z SKIPPED [2] tests/test_surface_core_story_records.py:193: File-backend implementation contract; covered by the default/File full suite
2026-10-09T16:27:01.7106053Z SKIPPED [2] tests/test_surface_core_story_records.py:217: File-backend implementation contract; covered by the default/File full suite
2026-10-09T16:27:01.7106530Z SKIPPED [2] tests/test_surface_embedding_invalidation_receipts.py:20: File-backend implementation contract; covered by the default/File full suite
2026-10-09T16:27:01.7107030Z SKIPPED [1] tests/test_surface_embedding_invalidation_receipts.py: File-backend implementation contract; covered by the default/File full suite
2026-10-09T16:27:01.7107501Z SKIPPED [2] tests/test_surface_finding_review.py:55: File-backend implementation contract; covered by the default/File full suite
2026-10-09T16:27:01.7107938Z SKIPPED [9] tests/test_surface_finding_review.py: File-backend implementation contract; covered by the default/File full suite
2026-10-09T16:27:01.7108375Z SKIPPED [3] tests/test_surface_finding_review.py:117: File-backend implementation contract; covered by the default/File full suite
2026-10-09T16:27:01.7108816Z SKIPPED [2] tests/test_surface_finding_review.py:229: File-backend implementation contract; covered by the default/File full suite
2026-10-09T16:27:01.7109338Z SKIPPED [4] tests/test_surface_finding_review.py:241: File-backend implementation contract; covered by the default/File full suite
2026-10-09T16:27:01.7109787Z SKIPPED [8] tests/test_surface_findings_canon_inbox.py: File-backend implementation contract; covered by the default/File full suite
2026-10-09T16:27:01.7110232Z SKIPPED [2] tests/test_surface_flag_discovery.py: File-backend implementation contract; covered by the default/File full suite
2026-10-09T16:27:01.7110700Z SKIPPED [7] tests/test_surface_freeze_media_engine_adapters.py: File-backend implementation contract; covered by the default/File full suite
2026-10-09T16:27:01.7111191Z SKIPPED [2] tests/test_surface_freeze_media_engine_adapters.py:187: File-backend implementation contract; covered by the default/File full suite
2026-10-09T16:27:01.7111759Z SKIPPED [2] tests/test_surface_freeze_media_engine_adapters.py:403: File-backend implementation contract; covered by the default/File full suite
2026-10-09T16:27:01.7112249Z SKIPPED [1] tests/test_surface_freeze_media_engine_adapters.py:472: File-backend implementation contract; covered by the default/File full suite
2026-10-09T16:27:01.7112720Z SKIPPED [3] tests/test_surface_hybrid_read_authority.py: File-backend implementation contract; covered by the default/File full suite
2026-10-09T16:27:01.7113177Z SKIPPED [1] tests/test_surface_hybrid_read_authority.py:102: File-backend implementation contract; covered by the default/File full suite
2026-10-09T16:27:01.7113641Z SKIPPED [6] tests/test_surface_interop_branch_authority.py: File-backend implementation contract; covered by the default/File full suite
2026-10-09T16:27:01.7114112Z SKIPPED [2] tests/test_surface_interop_branch_authority.py:146: File-backend implementation contract; covered by the default/File full suite
2026-10-09T16:27:01.7114589Z SKIPPED [1] tests/test_surface_interop_branch_authority.py:329: File-backend implementation contract; covered by the default/File full suite
2026-10-09T16:27:01.7115060Z SKIPPED [14] tests/test_surface_pending_canon_review.py: File-backend implementation contract; covered by the default/File full suite
2026-10-09T16:27:01.7115515Z SKIPPED [2] tests/test_surface_pending_canon_review.py:299: File-backend implementation contract; covered by the default/File full suite
2026-10-09T16:27:01.7115963Z SKIPPED [8] tests/test_surface_production_sync.py: File-backend implementation contract; covered by the default/File full suite
2026-10-09T16:27:01.7116500Z SKIPPED [16] tests/test_surface_realtime_collaboration.py: File-backend implementation contract; covered by the default/File full suite
2026-10-09T16:27:01.7116973Z SKIPPED [4] tests/test_surface_realtime_collaboration.py:176: File-backend implementation contract; covered by the default/File full suite
2026-10-09T16:27:01.7117446Z SKIPPED [13] tests/test_surface_search_visual_research.py: File-backend implementation contract; covered by the default/File full suite
2026-10-09T16:27:01.7117918Z SKIPPED [5] tests/test_surface_search_visual_research.py:127: File-backend implementation contract; covered by the default/File full suite
2026-10-09T16:27:01.7118387Z SKIPPED [1] tests/test_surface_search_visual_research.py:182: File-backend implementation contract; covered by the default/File full suite
2026-10-09T16:27:01.7118858Z SKIPPED [1] tests/test_surface_search_visual_research.py:242: File-backend implementation contract; covered by the default/File full suite
2026-10-09T16:27:01.7119321Z SKIPPED [6] tests/test_surface_story_record_api.py: File-backend implementation contract; covered by the default/File full suite
2026-10-09T16:27:01.7119772Z SKIPPED [1] tests/test_surface_story_record_versions.py:37: File-backend implementation contract; covered by the default/File full suite
2026-10-09T16:27:01.7120244Z SKIPPED [1] tests/test_surface_story_record_versions.py:147: File-backend implementation contract; covered by the default/File full suite
2026-10-09T16:27:01.7120841Z SKIPPED [1] tests/test_surface_story_record_versions.py:178: File-backend implementation contract; covered by the default/File full suite
2026-10-09T16:27:01.7121305Z SKIPPED [5] tests/test_surface_workspace_interaction.py: File-backend implementation contract; covered by the default/File full suite
2026-10-09T16:27:01.7121938Z SKIPPED [4] tests/test_surface_workspace_interaction.py:78: File-backend implementation contract; covered by the default/File full suite
2026-10-09T16:27:01.7122394Z SKIPPED [5] tests/test_v2_asset_relationships.py:55: File-backend implementation contract; covered by the default/File full suite
2026-10-09T16:27:01.7122835Z SKIPPED [1] tests/test_v2_asset_relationships.py:86: File-backend implementation contract; covered by the default/File full suite
2026-10-09T16:27:01.7123280Z SKIPPED [2] tests/test_v2_asset_relationships.py:118: File-backend implementation contract; covered by the default/File full suite
2026-10-09T16:27:01.7123720Z SKIPPED [9] tests/test_v2_asset_relationships.py: File-backend implementation contract; covered by the default/File full suite
2026-10-09T16:27:01.7124165Z SKIPPED [6] tests/test_v2_asset_relationships.py:164: File-backend implementation contract; covered by the default/File full suite
2026-10-09T16:27:01.7124607Z SKIPPED [2] tests/test_v2_asset_relationships.py:181: File-backend implementation contract; covered by the default/File full suite
2026-10-09T16:27:01.7125049Z SKIPPED [1] tests/test_v2_asset_relationships.py:237: File-backend implementation contract; covered by the default/File full suite
2026-10-09T16:27:01.7125495Z SKIPPED [8] tests/test_v2_asset_relationships.py:334: File-backend implementation contract; covered by the default/File full suite
2026-10-09T16:27:01.7125936Z SKIPPED [2] tests/test_v2_creative_foundation.py:81: File-backend implementation contract; covered by the default/File full suite
2026-10-09T16:27:01.7126376Z SKIPPED [8] tests/test_v2_creative_foundation.py: File-backend implementation contract; covered by the default/File full suite
2026-10-09T16:27:01.7126822Z SKIPPED [4] tests/test_v2_creative_foundation.py:197: File-backend implementation contract; covered by the default/File full suite
2026-10-09T16:27:01.7127267Z SKIPPED [3] tests/test_v2_creative_foundation.py:318: File-backend implementation contract; covered by the default/File full suite
2026-10-09T16:27:01.7127711Z SKIPPED [8] tests/test_v2_creative_graph_api.py: File-backend implementation contract; covered by the default/File full suite
2026-10-09T16:27:01.7128235Z SKIPPED [2] tests/test_v2_creative_graph_api.py:85: File-backend implementation contract; covered by the default/File full suite
2026-10-09T16:27:01.7128669Z SKIPPED [3] tests/test_v2_creative_graph_api.py:134: File-backend implementation contract; covered by the default/File full suite
2026-10-09T16:27:01.7129112Z SKIPPED [8] tests/test_v2_creative_graph_execution.py: File-backend implementation contract; covered by the default/File full suite
2026-10-09T16:27:01.7129568Z SKIPPED [7] tests/test_v2_creative_graph_execution.py:291: File-backend implementation contract; covered by the default/File full suite
2026-10-09T16:27:01.7130027Z SKIPPED [3] tests/test_v2_creative_graph_persistence.py: File-backend implementation contract; covered by the default/File full suite
2026-10-09T16:27:01.7130482Z SKIPPED [2] tests/test_v2_creative_project_lifecycle.py: File-backend implementation contract; covered by the default/File full suite
2026-10-09T16:27:01.7130941Z SKIPPED [3] tests/test_v2_creative_project_lifecycle.py:299: File-backend implementation contract; covered by the default/File full suite
2026-10-09T16:27:01.7131396Z SKIPPED [3] tests/test_v2_creative_workflows.py:38: File-backend implementation contract; covered by the default/File full suite
2026-10-09T16:27:01.7131896Z SKIPPED [1] tests/test_v2_creative_workflows.py:65: File-backend implementation contract; covered by the default/File full suite
2026-10-09T16:27:01.7132330Z SKIPPED [13] tests/test_v2_creative_workflows.py: File-backend implementation contract; covered by the default/File full suite
2026-10-09T16:27:01.7132891Z SKIPPED [5] tests/test_v2_creative_workflows.py:284: File-backend implementation contract; covered by the default/File full suite
2026-10-09T16:27:01.7133325Z SKIPPED [1] tests/test_v2_creative_workflows.py:504: File-backend implementation contract; covered by the default/File full suite
2026-10-09T16:27:01.7133770Z SKIPPED [2] tests/test_v2_independent_workspace.py:218: File-backend implementation contract; covered by the default/File full suite
2026-10-09T16:27:01.7134225Z SKIPPED [18] tests/test_v2_independent_workspace.py: File-backend implementation contract; covered by the default/File full suite
2026-10-09T16:27:01.7134672Z SKIPPED [2] tests/test_v2_independent_workspace.py:398: File-backend implementation contract; covered by the default/File full suite
2026-10-09T16:27:01.7135122Z SKIPPED [5] tests/test_v2_independent_workspace.py:417: File-backend implementation contract; covered by the default/File full suite
2026-10-09T16:27:01.7135574Z SKIPPED [10] tests/test_v2_independent_workspace.py:497: File-backend implementation contract; covered by the default/File full suite
2026-10-09T16:27:01.7136022Z SKIPPED [3] tests/test_v2_independent_workspace.py:512: File-backend implementation contract; covered by the default/File full suite
2026-10-09T16:27:01.7136467Z SKIPPED [3] tests/test_v2_independent_workspace.py:977: File-backend implementation contract; covered by the default/File full suite
2026-10-09T16:27:01.7136917Z SKIPPED [10] tests/test_v2_independent_workspace_api.py: File-backend implementation contract; covered by the default/File full suite
2026-10-09T16:27:01.7137373Z SKIPPED [3] tests/test_v2_independent_workspace_api.py:165: File-backend implementation contract; covered by the default/File full suite
2026-10-09T16:27:01.7137834Z SKIPPED [2] tests/test_v2_independent_workspace_api.py:243: File-backend implementation contract; covered by the default/File full suite
2026-10-09T16:27:01.7138282Z SKIPPED [3] tests/test_v2_storage_admission.py:38: File-backend implementation contract; covered by the default/File full suite
2026-10-09T16:27:01.7138716Z SKIPPED [2] tests/test_v2_storage_admission.py: File-backend implementation contract; covered by the default/File full suite
2026-10-09T16:27:06.2124959Z SKIPPED [5] tests/test_v2_task_router.py:21: File-backend implementation contract; covered by the default/File full suite
2026-10-09T16:27:06.2125511Z SKIPPED [1] tests/test_v2_task_router.py: File-backend implementation contract; covered by the default/File full suite
2026-10-09T16:27:06.2127104Z SKIPPED [2] tests/test_writer_room_comment_authority_seam.py: File-backend implementation contract; covered by the default/File full suite
2026-10-09T16:27:06.2127498Z 3434 passed, 1740 skipped, 5188 deselected, 3 warnings in 2041.69s (0:34:01)
2026-10-09T16:27:10.7093437Z ##[group]Run python .github/ci/receipt.py "$CI_RECEIPTS"
2026-10-09T16:27:10.7093808Z [36;1mpython .github/ci/receipt.py "$CI_RECEIPTS"[0m
2026-10-09T16:27:10.7153820Z shell: /usr/bin/bash -e {0}
2026-10-09T16:27:10.7153979Z env:
2026-10-09T16:27:10.7154115Z   MOCK_PROVIDER: true
2026-10-09T16:27:10.7154244Z   MOCK_STREAM_DELAY_MS: 0
2026-10-09T16:27:10.7154371Z   ENABLE_CLOUD: false
2026-10-09T16:27:10.7154498Z   CREDENTIAL_VAULT_BACKEND: memory
2026-10-09T16:27:10.7154660Z   CREDENTIAL_VAULT_ALLOW_MEMORY_FALLBACK: true
2026-10-09T16:27:10.7154832Z   PYTHONDONTWRITEBYTECODE: 1
2026-10-09T16:27:10.7154966Z   HF_HUB_OFFLINE: 1
2026-10-09T16:27:10.7155085Z   TRANSFORMERS_OFFLINE: 1
2026-10-09T16:27:10.7155247Z   pythonLocation: /opt/hostedtoolcache/Python/3.12.9/x64
2026-10-09T16:27:10.7155486Z   PKG_CONFIG_PATH: /opt/hostedtoolcache/Python/3.12.9/x64/lib/pkgconfig
2026-10-09T16:27:10.7155715Z   Python_ROOT_DIR: /opt/hostedtoolcache/Python/3.12.9/x64
2026-10-09T16:27:10.7155947Z   Python2_ROOT_DIR: /opt/hostedtoolcache/Python/3.12.9/x64
2026-10-09T16:27:10.7156150Z   Python3_ROOT_DIR: /opt/hostedtoolcache/Python/3.12.9/x64
2026-10-09T16:27:10.7156503Z   LD_LIBRARY_PATH: /opt/hostedtoolcache/Python/3.12.9/x64/lib
2026-10-09T16:27:10.7156712Z   CI_COVERAGE_SHA: 02a3f6e9908f785a308a4605e362f8876aed4d8b
2026-10-09T16:27:10.7156917Z   CI_COVERAGE_TREE: cd6989a19e5fd5e2400f2325fe696cae03d8eda7
2026-10-09T16:27:10.7157162Z   CI_SANDBOX: /home/runner/work/_temp/novel-ci-backend-postgres-shard-0.Iwc8EB
2026-10-09T16:27:10.7157466Z   CI_PROJECT: /home/runner/work/_temp/novel-ci-backend-postgres-shard-0.Iwc8EB/project
2026-10-09T16:27:10.7157784Z   CI_RECEIPTS: /home/runner/work/_temp/novel-ci-backend-postgres-shard-0.Iwc8EB/receipts
2026-10-09T16:27:10.7158145Z   HOME: /home/runner/work/_temp/novel-ci-backend-postgres-shard-0.Iwc8EB/project/.runtime/ci-backend/home
2026-10-09T16:27:10.7158551Z   USERPROFILE: /home/runner/work/_temp/novel-ci-backend-postgres-shard-0.Iwc8EB/project/.runtime/ci-backend/home
2026-10-09T16:27:10.7158965Z   APPDATA: /home/runner/work/_temp/novel-ci-backend-postgres-shard-0.Iwc8EB/project/.runtime/ci-backend/appdata
2026-10-09T16:27:10.7159391Z   LOCALAPPDATA: /home/runner/work/_temp/novel-ci-backend-postgres-shard-0.Iwc8EB/project/.runtime/ci-backend/localappdata
2026-10-09T16:27:10.7159828Z   XDG_CONFIG_HOME: /home/runner/work/_temp/novel-ci-backend-postgres-shard-0.Iwc8EB/project/.runtime/ci-backend/config
2026-10-09T16:27:10.7160256Z   XDG_CACHE_HOME: /home/runner/work/_temp/novel-ci-backend-postgres-shard-0.Iwc8EB/project/.runtime/ci-backend/cache
2026-10-09T16:27:10.7160680Z   XDG_DATA_HOME: /home/runner/work/_temp/novel-ci-backend-postgres-shard-0.Iwc8EB/project/.runtime/ci-backend/data
2026-10-09T16:27:10.7161095Z   XDG_STATE_HOME: /home/runner/work/_temp/novel-ci-backend-postgres-shard-0.Iwc8EB/project/.runtime/ci-backend/state
2026-10-09T16:27:10.7161503Z   TMPDIR: /home/runner/work/_temp/novel-ci-backend-postgres-shard-0.Iwc8EB/project/.runtime/ci-backend/tmp
2026-10-09T16:27:10.7162053Z   TMP: /home/runner/work/_temp/novel-ci-backend-postgres-shard-0.Iwc8EB/project/.runtime/ci-backend/tmp
2026-10-09T16:27:10.7162429Z   TEMP: /home/runner/work/_temp/novel-ci-backend-postgres-shard-0.Iwc8EB/project/.runtime/ci-backend/tmp
2026-10-09T16:27:10.7162782Z   PROJECT_ROOT: /home/runner/work/_temp/novel-ci-backend-postgres-shard-0.Iwc8EB/project
2026-10-09T16:27:10.7163168Z   NOVEL_DATA_PATH: /home/runner/work/_temp/novel-ci-backend-postgres-shard-0.Iwc8EB/project/.runtime/ci-backend/data/novels
2026-10-09T16:27:10.7163609Z   BACKUP_PATH: /home/runner/work/_temp/novel-ci-backend-postgres-shard-0.Iwc8EB/project/.runtime/ci-backend/data/backups
2026-10-09T16:27:10.7164080Z   DATABASE_BACKUP_PATH: /home/runner/work/_temp/novel-ci-backend-postgres-shard-0.Iwc8EB/project/.runtime/ci-backend/data/database-backups
2026-10-09T16:27:10.7164570Z   KNOWLEDGE_SOURCE_PATH: /home/runner/work/_temp/novel-ci-backend-postgres-shard-0.Iwc8EB/project/.runtime/ci-backend/data/novels
2026-10-09T16:27:10.7165163Z   CI_V2_RUNTIME: /home/runner/work/_temp/novel-ci-backend-postgres-shard-0.Iwc8EB/project/.runtime/ci-backend
2026-10-09T16:27:10.7165563Z   R2_TEST_FONT_FILE: /home/runner/work/_temp/novel-ci-backend-postgres-shard-0.Iwc8EB/fonts/NotoSansSC-Regular.ttf
2026-10-09T16:27:10.7165844Z ##[endgroup]
2026-10-09T16:27:10.7714911Z {
2026-10-09T16:27:10.7715900Z   "revision": "checked_out_sha=02a3f6e9908f785a308a4605e362f8876aed4d8b\nevent_sha=02a3f6e9908f785a308a4605e362f8876aed4d8b\nrun_url=https://github.com/1785235376-blip/AI-Novel-Studio/actions/runs/37954826041\njob=backend-postgres-shard-0\nplatform=Linux; native Windows host/AppContainer/installer=NOT RUN\n",
2026-10-09T16:27:10.7716671Z   "test_reports": {
2026-10-09T16:27:10.7716794Z     "backend.xml": {
2026-10-09T16:27:10.7716916Z       "tests": 5174,
2026-10-09T16:27:10.7717029Z       "failures": 0,
2026-10-09T16:27:10.7717141Z       "errors": 0,
2026-10-09T16:27:10.7717253Z       "skipped": 1740
2026-10-09T16:27:10.7717366Z     },
2026-10-09T16:27:10.7717507Z     "coverage-harness.xml": {
2026-10-09T16:27:10.7717641Z       "tests": 174,
2026-10-09T16:27:10.7717751Z       "failures": 0,
2026-10-09T16:27:10.7718069Z       "errors": 0,
2026-10-09T16:27:10.7718178Z       "skipped": 0
2026-10-09T16:27:10.7718282Z     }
2026-10-09T16:27:10.7718377Z   },
2026-10-09T16:27:10.7718489Z   "report_status": "RECORDED",
2026-10-09T16:27:10.7718661Z   "native_windows_host_appcontainer_installer": "NOT RUN",
2026-10-09T16:27:10.7718863Z   "real_model_and_paid_provider_execution": "NOT RUN"
2026-10-09T16:27:10.7719024Z }
2026-10-09T16:27:10.7719079Z 
2026-10-09T16:27:10.7794752Z ##[group]Run actions/upload-artifact@v4.6.2
2026-10-09T16:27:10.7794916Z with:
2026-10-09T16:27:10.7795129Z   name: backend-postgres-shard-0-02a3f6e9908f785a308a4605e362f8876aed4d8b-attempt-1
2026-10-09T16:27:10.7795452Z   path: /home/runner/work/_temp/novel-ci-backend-postgres-shard-0.Iwc8EB/receipts
2026-10-09T16:27:10.7795684Z   if-no-files-found: error
2026-10-09T16:27:10.7795815Z   retention-days: 14
2026-10-09T16:27:10.7795935Z   compression-level: 6
2026-10-09T16:27:10.7796055Z   overwrite: false
2026-10-09T16:27:10.7796175Z   include-hidden-files: false
2026-10-09T16:27:10.7796318Z env:
2026-10-09T16:27:10.7796422Z   MOCK_PROVIDER: true
2026-10-09T16:27:10.7796546Z   MOCK_STREAM_DELAY_MS: 0
2026-10-09T16:27:10.7796671Z   ENABLE_CLOUD: false
2026-10-09T16:27:10.7796796Z   CREDENTIAL_VAULT_BACKEND: memory
2026-10-09T16:27:10.7796952Z   CREDENTIAL_VAULT_ALLOW_MEMORY_FALLBACK: true
2026-10-09T16:27:10.7797116Z   PYTHONDONTWRITEBYTECODE: 1
2026-10-09T16:27:10.7797265Z   HF_HUB_OFFLINE: 1
2026-10-09T16:27:10.7797381Z   TRANSFORMERS_OFFLINE: 1
2026-10-09T16:27:10.7797542Z   pythonLocation: /opt/hostedtoolcache/Python/3.12.9/x64
2026-10-09T16:27:10.7797773Z   PKG_CONFIG_PATH: /opt/hostedtoolcache/Python/3.12.9/x64/lib/pkgconfig
2026-10-09T16:27:10.7797999Z   Python_ROOT_DIR: /opt/hostedtoolcache/Python/3.12.9/x64
2026-10-09T16:27:10.7798203Z   Python2_ROOT_DIR: /opt/hostedtoolcache/Python/3.12.9/x64
2026-10-09T16:27:10.7798406Z   Python3_ROOT_DIR: /opt/hostedtoolcache/Python/3.12.9/x64
2026-10-09T16:27:10.7798615Z   LD_LIBRARY_PATH: /opt/hostedtoolcache/Python/3.12.9/x64/lib
2026-10-09T16:27:10.7798830Z   CI_COVERAGE_SHA: 02a3f6e9908f785a308a4605e362f8876aed4d8b
2026-10-09T16:27:10.7799037Z   CI_COVERAGE_TREE: cd6989a19e5fd5e2400f2325fe696cae03d8eda7
2026-10-09T16:27:10.7799285Z   CI_SANDBOX: /home/runner/work/_temp/novel-ci-backend-postgres-shard-0.Iwc8EB
2026-10-09T16:27:10.7799589Z   CI_PROJECT: /home/runner/work/_temp/novel-ci-backend-postgres-shard-0.Iwc8EB/project
2026-10-09T16:27:10.7799905Z   CI_RECEIPTS: /home/runner/work/_temp/novel-ci-backend-postgres-shard-0.Iwc8EB/receipts
2026-10-09T16:27:10.7800266Z   HOME: /home/runner/work/_temp/novel-ci-backend-postgres-shard-0.Iwc8EB/project/.runtime/ci-backend/home
2026-10-09T16:27:10.7800674Z   USERPROFILE: /home/runner/work/_temp/novel-ci-backend-postgres-shard-0.Iwc8EB/project/.runtime/ci-backend/home
2026-10-09T16:27:10.7801092Z   APPDATA: /home/runner/work/_temp/novel-ci-backend-postgres-shard-0.Iwc8EB/project/.runtime/ci-backend/appdata
2026-10-09T16:27:10.7801525Z   LOCALAPPDATA: /home/runner/work/_temp/novel-ci-backend-postgres-shard-0.Iwc8EB/project/.runtime/ci-backend/localappdata
2026-10-09T16:27:10.7802131Z   XDG_CONFIG_HOME: /home/runner/work/_temp/novel-ci-backend-postgres-shard-0.Iwc8EB/project/.runtime/ci-backend/config
2026-10-09T16:27:10.7802554Z   XDG_CACHE_HOME: /home/runner/work/_temp/novel-ci-backend-postgres-shard-0.Iwc8EB/project/.runtime/ci-backend/cache
2026-10-09T16:27:10.7802973Z   XDG_DATA_HOME: /home/runner/work/_temp/novel-ci-backend-postgres-shard-0.Iwc8EB/project/.runtime/ci-backend/data
2026-10-09T16:27:10.7803388Z   XDG_STATE_HOME: /home/runner/work/_temp/novel-ci-backend-postgres-shard-0.Iwc8EB/project/.runtime/ci-backend/state
2026-10-09T16:27:10.7803797Z   TMPDIR: /home/runner/work/_temp/novel-ci-backend-postgres-shard-0.Iwc8EB/project/.runtime/ci-backend/tmp
2026-10-09T16:27:10.7804181Z   TMP: /home/runner/work/_temp/novel-ci-backend-postgres-shard-0.Iwc8EB/project/.runtime/ci-backend/tmp
2026-10-09T16:27:10.7804560Z   TEMP: /home/runner/work/_temp/novel-ci-backend-postgres-shard-0.Iwc8EB/project/.runtime/ci-backend/tmp
2026-10-09T16:27:10.7805046Z   PROJECT_ROOT: /home/runner/work/_temp/novel-ci-backend-postgres-shard-0.Iwc8EB/project
2026-10-09T16:27:10.7805436Z   NOVEL_DATA_PATH: /home/runner/work/_temp/novel-ci-backend-postgres-shard-0.Iwc8EB/project/.runtime/ci-backend/data/novels
2026-10-09T16:27:10.7805997Z   BACKUP_PATH: /home/runner/work/_temp/novel-ci-backend-postgres-shard-0.Iwc8EB/project/.runtime/ci-backend/data/backups
2026-10-09T16:27:10.7806472Z   DATABASE_BACKUP_PATH: /home/runner/work/_temp/novel-ci-backend-postgres-shard-0.Iwc8EB/project/.runtime/ci-backend/data/database-backups
2026-10-09T16:27:10.7806963Z   KNOWLEDGE_SOURCE_PATH: /home/runner/work/_temp/novel-ci-backend-postgres-shard-0.Iwc8EB/project/.runtime/ci-backend/data/novels
2026-10-09T16:27:10.7807400Z   CI_V2_RUNTIME: /home/runner/work/_temp/novel-ci-backend-postgres-shard-0.Iwc8EB/project/.runtime/ci-backend
2026-10-09T16:27:10.7807807Z   R2_TEST_FONT_FILE: /home/runner/work/_temp/novel-ci-backend-postgres-shard-0.Iwc8EB/fonts/NotoSansSC-Regular.ttf
2026-10-09T16:27:10.7808088Z ##[endgroup]
2026-10-09T16:27:10.8855199Z (node:263979) [DEP0040] DeprecationWarning: The `punycode` module is deprecated. Please use a userland alternative instead.
2026-10-09T16:27:10.8855641Z (Use `node --trace-deprecation ...` to show where the warning was created)
2026-10-09T16:27:10.8900308Z With the provided path, there will be 11 files uploaded
2026-10-09T16:27:10.8903936Z Artifact name is valid!
2026-10-09T16:27:10.8904880Z Root directory input is valid!
2026-10-09T16:27:11.1565141Z Beginning upload of artifact content to blob storage
2026-10-09T16:27:11.2503187Z (node:263979) [DEP0169] DeprecationWarning: `url.parse()` behavior is not standardized and prone to errors that have security implications. Use the WHATWG URL API instead. CVEs are not issued for `url.parse()` vulnerabilities.
2026-10-09T16:27:11.5490710Z Uploaded bytes 604372
2026-10-09T16:27:11.5923591Z Finished uploading artifact content to blob storage!
2026-10-09T16:27:11.5924217Z SHA256 digest of uploaded artifact zip is 42474665e518fdc5ba20614c6dd4fdb2d6a3a7bbb6c35d3b6e494f2a12d3b6a3
2026-10-09T16:27:11.5925128Z Finalizing artifact upload
2026-10-09T16:27:11.8530900Z Artifact backend-postgres-shard-0-02a3f6e9908f785a308a4605e362f8876aed4d8b-attempt-1.zip successfully finalized. Artifact ID 11630616605
2026-10-09T16:27:11.8531884Z Artifact backend-postgres-shard-0-02a3f6e9908f785a308a4605e362f8876aed4d8b-attempt-1 has been successfully uploaded! Final size is 604372 bytes. Artifact ID is 11630616605
2026-10-09T16:27:11.8535836Z Artifact download URL: https://github.com/1785235376-blip/AI-Novel-Studio/actions/runs/37954826041/artifacts/11630616605
2026-10-09T16:27:11.8674948Z Post job cleanup.
2026-10-09T16:27:11.9496922Z (node:264012) [DEP0040] DeprecationWarning: The `punycode` module is deprecated. Please use a userland alternative instead.
2026-10-09T16:27:11.9576992Z (Use `node --trace-deprecation ...` to show where the warning was created)
2026-10-09T16:27:11.9642004Z Post job cleanup.
2026-10-09T16:27:12.0252784Z [command]/usr/bin/git version
2026-10-09T16:27:12.0287740Z git version 2.55.0
2026-10-09T16:27:12.0315060Z Temporarily overriding HOME='/home/runner/work/_temp/33f4e7dc-5bc0-4805-b24d-382d3b359991' before making global git config changes
2026-10-09T16:27:12.0315794Z Adding repository directory to the temporary git global config as a safe directory
2026-10-09T16:27:12.0319991Z [command]/usr/bin/git config --global --add safe.directory /home/runner/work/AI-Novel-Studio/AI-Novel-Studio
2026-10-09T16:27:12.0355202Z [command]/usr/bin/git config --local --name-only --get-regexp core\.sshCommand
2026-10-09T16:27:12.0388417Z [command]/usr/bin/git submodule foreach --recursive sh -c "git config --local --name-only --get-regexp 'core\.sshCommand' && git config --local --unset-all 'core.sshCommand' || :"
2026-10-09T16:27:12.0590403Z [command]/usr/bin/git config --local --name-only --get-regexp http\.https\:\/\/github\.com\/\.extraheader
2026-10-09T16:27:12.0626034Z [command]/usr/bin/git submodule foreach --recursive sh -c "git config --local --name-only --get-regexp 'http\.https\:\/\/github\.com\/\.extraheader' && git config --local --unset-all 'http.https://github.com/.extraheader' || :"
2026-10-09T16:27:12.0947174Z Print service container logs: 1365c9e9ce4e471aac3efd6b1f543a9c_postgres16alpine_2f7be9
2026-10-09T16:27:12.0950371Z ##[command]/usr/bin/docker logs --details 2f4a547d5a297b9b96684df0ba6aaf22c21285e3a10c1bb6d631718fe67862b0
2026-10-09T16:27:12.1043846Z  sh: locale: not found
2026-10-09T16:27:12.1044507Z  The files belonging to this database system will be owned by user "postgres".
2026-10-09T16:27:12.1044984Z  This user must also own the server process.
2026-10-09T16:27:12.1045513Z  
2026-10-09T16:27:12.1045856Z  The database cluster will be initialized with locale "en_US.utf8".
2026-10-09T16:27:12.1046352Z  The default database encoding has accordingly been set to "UTF8".
2026-10-09T16:27:12.1046894Z  The default text search configuration will be set to "english".
2026-10-09T16:27:12.1047286Z  
2026-10-09T16:27:12.1047609Z  Data page checksums are disabled.
2026-10-09T16:27:12.1047905Z  
2026-10-09T16:27:12.1048406Z  fixing permissions on existing directory /var/lib/postgresql/data ... ok
2026-10-09T16:27:12.1048827Z  creating subdirectories ... ok
2026-10-09T16:27:12.1049257Z  selecting dynamic shared memory implementation ... posix
2026-10-09T16:27:12.1049657Z  selecting default max_connections ... 100
2026-10-09T16:27:12.1050000Z  selecting default shared_buffers ... 128MB
2026-10-09T16:27:12.1050443Z  selecting default time zone ... UTC
2026-10-09T16:27:12.1050760Z  creating configuration files ... ok
2026-10-09T16:27:12.1051101Z  running bootstrap script ... ok
2026-10-09T16:27:12.1051482Z  performing post-bootstrap initialization ... ok
2026-10-09T16:27:12.1051962Z  syncing data to disk ... ok
2026-10-09T16:27:12.1052332Z  
2026-10-09T16:27:12.1052593Z  
2026-10-09T16:27:12.1052910Z  Success. You can now start the database server using:
2026-10-09T16:27:12.1053279Z  
2026-10-09T16:27:12.1053604Z      pg_ctl -D /var/lib/postgresql/data -l logfile start
2026-10-09T16:27:12.1054044Z  
2026-10-09T16:27:12.1054621Z  waiting for server to start....2026-10-09 15:51:43.351 UTC [42] LOG:  starting PostgreSQL 16.15 on x86_64-pc-linux-musl, compiled by gcc (Alpine 15.2.0) 15.2.0, 64-bit
2026-10-09T16:27:12.1055444Z  2026-10-09 15:51:43.351 UTC [42] LOG:  listening on Unix socket "/var/run/postgresql/.s.PGSQL.5432"
2026-10-09T16:27:12.1056041Z  2026-10-09 15:51:43.353 UTC [45] LOG:  database system was shut down at 2026-10-09 15:51:43 UTC
2026-10-09T16:27:12.1056713Z  2026-10-09 15:51:43.356 UTC [42] LOG:  database system is ready to accept connections
2026-10-09T16:27:12.1057026Z   done
2026-10-09T16:27:12.1057342Z  server started
2026-10-09T16:27:12.1057601Z  CREATE DATABASE
2026-10-09T16:27:12.1057853Z  
2026-10-09T16:27:12.1058161Z  
2026-10-09T16:27:12.1058499Z  /usr/local/bin/docker-entrypoint.sh: ignoring /docker-entrypoint-initdb.d/*
2026-10-09T16:27:12.1058871Z  
2026-10-09T16:27:12.1059168Z  waiting for server to shut down....2026-10-09 15:51:43.497 UTC [42] LOG:  received fast shutdown request
2026-10-09T16:27:12.1059592Z  2026-10-09 15:51:43.498 UTC [42] LOG:  aborting any active transactions
2026-10-09T16:27:12.1059977Z  2026-10-09 15:51:43.500 UTC [42] LOG:  background worker "logical replication launcher" (PID 48) exited with exit code 1
2026-10-09T16:27:12.1060391Z  2026-10-09 15:51:43.500 UTC [43] LOG:  shutting down
2026-10-09T16:27:12.1060689Z  2026-10-09 15:51:43.501 UTC [43] LOG:  checkpoint starting: shutdown immediate
2026-10-09T16:27:12.1061351Z  2026-10-09 15:51:43.568 UTC [43] LOG:  checkpoint complete: wrote 926 buffers (5.7%); 0 WAL file(s) added, 0 removed, 0 recycled; write=0.060 s, sync=0.006 s, total=0.068 s; sync files=301, longest=0.005 s, average=0.001 s; distance=4283 kB, estimate=4283 kB; lsn=0/1925D60, redo lsn=0/1925D60
2026-10-09T16:27:12.1062235Z  2026-10-09 15:51:43.575 UTC [42] LOG:  database system is shut down
2026-10-09T16:27:12.1062714Z   done
2026-10-09T16:27:12.1062915Z  server stopped
2026-10-09T16:27:12.1063135Z  
2026-10-09T16:27:12.1063359Z  PostgreSQL init process complete; ready for start up.
2026-10-09T16:27:12.1063641Z  
2026-10-09T16:27:12.1064056Z  2026-10-09 15:51:42.689 UTC [36] WARNING:  no usable system locales were found
2026-10-09T16:27:12.1064415Z  initdb: warning: enabling "trust" authentication for local connections
2026-10-09T16:27:12.1064892Z  initdb: hint: You can change this by editing pg_hba.conf or using the option -A, or --auth-local and --auth-host, the next time you run initdb.
2026-10-09T16:27:12.1065466Z  2026-10-09 15:51:43.613 UTC [1] LOG:  starting PostgreSQL 16.15 on x86_64-pc-linux-musl, compiled by gcc (Alpine 15.2.0) 15.2.0, 64-bit
2026-10-09T16:27:12.1065893Z  2026-10-09 15:51:43.614 UTC [1] LOG:  listening on IPv4 address "0.0.0.0", port 5432
2026-10-09T16:27:12.1066238Z  2026-10-09 15:51:43.614 UTC [1] LOG:  listening on IPv6 address "::", port 5432
2026-10-09T16:27:12.1066640Z  2026-10-09 15:51:43.615 UTC [1] LOG:  listening on Unix socket "/var/run/postgresql/.s.PGSQL.5432"
2026-10-09T16:27:12.1067043Z  2026-10-09 15:51:43.617 UTC [58] LOG:  database system was shut down at 2026-10-09 15:51:43 UTC
2026-10-09T16:27:12.1067452Z  2026-10-09 15:51:43.620 UTC [1] LOG:  database system is ready to accept connections
2026-10-09T16:27:12.1067773Z  2026-10-09 15:56:43.716 UTC [56] LOG:  checkpoint starting: time
2026-10-09T16:27:12.1068388Z  2026-10-09 15:57:33.482 UTC [56] LOG:  checkpoint complete: wrote 501 buffers (3.1%); 1 WAL file(s) added, 0 removed, 0 recycled; write=49.681 s, sync=0.002 s, total=49.766 s; sync files=363, longest=0.001 s, average=0.001 s; distance=3491 kB, estimate=3491 kB; lsn=0/1CB84C8, redo lsn=0/1C8EB00
2026-10-09T16:27:12.1069104Z  2026-10-09 16:01:43.582 UTC [56] LOG:  checkpoint starting: time
2026-10-09T16:27:12.1069717Z  2026-10-09 16:02:41.975 UTC [56] LOG:  checkpoint complete: wrote 451 buffers (2.8%); 0 WAL file(s) added, 0 removed, 1 recycled; write=58.387 s, sync=0.004 s, total=58.394 s; sync files=217, longest=0.001 s, average=0.001 s; distance=7288 kB, estimate=7288 kB; lsn=0/24D7530, redo lsn=0/23ACB90
2026-10-09T16:27:12.1070445Z  2026-10-09 16:02:55.743 UTC [77267] LOG:  unexpected EOF on client connection with an open transaction
2026-10-09T16:27:12.1070788Z  2026-10-09 16:06:44.036 UTC [56] LOG:  checkpoint starting: time
2026-10-09T16:27:12.1071431Z  2026-10-09 16:07:57.858 UTC [56] LOG:  checkpoint complete: wrote 741 buffers (4.5%); 0 WAL file(s) added, 0 removed, 1 recycled; write=73.818 s, sync=0.003 s, total=73.823 s; sync files=133, longest=0.001 s, average=0.001 s; distance=20521 kB, estimate=20521 kB; lsn=0/3FEEEB0, redo lsn=0/37B7060
2026-10-09T16:27:12.1072272Z  2026-10-09 16:11:44.958 UTC [56] LOG:  checkpoint starting: time
2026-10-09T16:27:12.1072874Z  2026-10-09 16:12:41.469 UTC [56] LOG:  checkpoint complete: wrote 571 buffers (3.5%); 0 WAL file(s) added, 0 removed, 1 recycled; write=56.490 s, sync=0.005 s, total=56.511 s; sync files=111, longest=0.001 s, average=0.001 s; distance=22949 kB, estimate=22949 kB; lsn=0/509FBF8, redo lsn=0/4E20690
2026-10-09T16:27:12.1073567Z  2026-10-09 16:16:44.491 UTC [56] LOG:  checkpoint starting: time
2026-10-09T16:27:12.1073916Z  2026-10-09 16:17:41.464 UTC [172] ERROR:  duplicate key value violates unique constraint "novels_slug_key"
2026-10-09T16:27:12.1074366Z  2026-10-09 16:17:41.464 UTC [172] DETAIL:  Key (slug)=(1316b19e-a83b-4dd2-a4b2-e852749ee8b4) already exists.
2026-10-09T16:27:12.1075093Z  2026-10-09 16:17:41.464 UTC [172] STATEMENT:  INSERT INTO novels (id, slug, chapter_identity_provenance, title, metadata, created_at, updated_at) VALUES ($1::UUID, $2::VARCHAR, $3::VARCHAR, $4::VARCHAR, $5::JSONB, $6::TIMESTAMP WITH TIME ZONE, $7::TIMESTAMP WITH TIME ZONE)
2026-10-09T16:27:12.1076043Z  2026-10-09 16:17:57.337 UTC [56] LOG:  checkpoint complete: wrote 731 buffers (4.5%); 0 WAL file(s) added, 0 removed, 1 recycled; write=72.843 s, sync=0.003 s, total=72.847 s; sync files=87, longest=0.001 s, average=0.001 s; distance=6465 kB, estimate=21301 kB; lsn=0/5670368, redo lsn=0/5470BA0
2026-10-09T16:27:12.1076794Z  2026-10-09 16:21:44.437 UTC [56] LOG:  checkpoint starting: time
2026-10-09T16:27:12.1077483Z  2026-10-09 16:22:30.516 UTC [56] LOG:  checkpoint complete: wrote 456 buffers (2.8%); 0 WAL file(s) added, 0 removed, 0 recycled; write=46.075 s, sync=0.003 s, total=46.080 s; sync files=130, longest=0.001 s, average=0.001 s; distance=6248 kB, estimate=19795 kB; lsn=0/5C468E0, redo lsn=0/5A8AEC0
2026-10-09T16:27:12.1078199Z  2026-10-09 16:26:44.616 UTC [56] LOG:  checkpoint starting: time
2026-10-09T16:27:12.1082251Z Stop and remove container: 1365c9e9ce4e471aac3efd6b1f543a9c_postgres16alpine_2f7be9
2026-10-09T16:27:12.1085349Z ##[command]/usr/bin/docker rm --force 2f4a547d5a297b9b96684df0ba6aaf22c21285e3a10c1bb6d631718fe67862b0
2026-10-09T16:27:12.4800702Z 2f4a547d5a297b9b96684df0ba6aaf22c21285e3a10c1bb6d631718fe67862b0
2026-10-09T16:27:12.4821021Z Remove container network: github_network_ece79fd7c04b48a9be2787fdc9892d02
2026-10-09T16:27:12.4824173Z ##[command]/usr/bin/docker network rm github_network_ece79fd7c04b48a9be2787fdc9892d02
2026-10-09T16:27:12.5649363Z github_network_ece79fd7c04b48a9be2787fdc9892d02
2026-10-09T16:27:12.5704613Z Cleaning up orphan processes
2026-10-09T16:27:12.5889531Z ##[warning]Node.js 20 is deprecated. The following actions target Node.js 20 but are being forced to run on Node.js 24: actions/checkout@v4.2.2, actions/setup-python@v5.6.0, actions/upload-artifact@v4.6.2. For more information see: https://github.blog/changelog/2025-09-19-deprecation-of-node-20-on-github-actions-runners/
