2026-10-09T15:51:26.6399403Z Current runner version: '2.337.0'
2026-10-09T15:51:26.6422772Z ##[group]Runner Image Provisioner
2026-10-09T15:51:26.6423797Z Hosted Compute Agent
2026-10-09T15:51:26.6424406Z Version: 20261002.596
2026-10-09T15:51:26.6424968Z Commit: c3d12f3313a95f25162a1503be624f3b0617f8c0
2026-10-09T15:51:26.6425606Z Build Date: 2026-10-02T22:28:27Z
2026-10-09T15:51:26.6426205Z Worker ID: {9dd83820-64ca-45c1-948f-fe14d629b806}
2026-10-09T15:51:26.6426802Z Region: westus3
2026-10-09T15:51:26.6427352Z Cloud: Azure
2026-10-09T15:51:26.6427833Z ##[endgroup]
2026-10-09T15:51:26.6429028Z ##[group]Operating System
2026-10-09T15:51:26.6429571Z Ubuntu
2026-10-09T15:51:26.6430024Z 24.04.5
2026-10-09T15:51:26.6430500Z LTS
2026-10-09T15:51:26.6430973Z ##[endgroup]
2026-10-09T15:51:26.6431430Z ##[group]Runner Image
2026-10-09T15:51:26.6432009Z Image: ubuntu-24.04
2026-10-09T15:51:26.6432496Z Version: 20261004.327.1
2026-10-09T15:51:26.6433770Z Included Software: https://github.com/actions/runner-images/blob/ubuntu24/20261004.327/images/ubuntu/Ubuntu2404-Readme.md
2026-10-09T15:51:26.6435040Z Image Release: https://github.com/actions/runner-images/releases/tag/ubuntu24%2F20261004.327
2026-10-09T15:51:26.6435913Z ##[endgroup]
2026-10-09T15:51:26.6436876Z ##[group]GITHUB_TOKEN Permissions
2026-10-09T15:51:26.6438662Z Contents: read
2026-10-09T15:51:26.6439160Z Metadata: read
2026-10-09T15:51:26.6439702Z ##[endgroup]
2026-10-09T15:51:26.6441985Z Secret source: Actions
2026-10-09T15:51:26.6442821Z Cache mode: write
2026-10-09T15:51:26.6443659Z Prepare workflow directory
2026-10-09T15:51:26.7867664Z Prepare all required actions
2026-10-09T15:51:26.7927354Z Getting action download info
2026-10-09T15:51:27.0914044Z Download action repository 'actions/checkout@v4.2.2' (SHA:11bd71901bbe5b1630ceea73d27597364c9af683)
2026-10-09T15:51:27.4371573Z Download action repository 'actions/setup-node@v4.4.0' (SHA:49933ea5288caeca8642d1e84afbd3f7d6820020)
2026-10-09T15:51:27.9709279Z Download action repository 'actions/setup-python@v5.6.0' (SHA:a26af69be951a213d495a4c3e4e4022e16d87065)
2026-10-09T15:51:28.6383836Z Download action repository 'actions/upload-artifact@v4.6.2' (SHA:ea165f8d65b6e75b540449e92b4886f43607fa02)
2026-10-09T15:51:29.0535807Z Complete job name: Frontend / unit-type-build-tokens
2026-10-09T15:51:29.1312183Z ##[group]Run actions/checkout@v4.2.2
2026-10-09T15:51:29.1312721Z with:
2026-10-09T15:51:29.1313109Z   persist-credentials: false
2026-10-09T15:51:29.1313388Z   repository: 1785235376-blip/AI-Novel-Studio
2026-10-09T15:51:29.1315629Z   token: ***
2026-10-09T15:51:29.1315850Z   ssh-strict: true
2026-10-09T15:51:29.1316065Z   ssh-user: git
2026-10-09T15:51:29.1316263Z   clean: true
2026-10-09T15:51:29.1316484Z   sparse-checkout-cone-mode: true
2026-10-09T15:51:29.1316736Z   fetch-depth: 1
2026-10-09T15:51:29.1316957Z   fetch-tags: false
2026-10-09T15:51:29.1317179Z   show-progress: true
2026-10-09T15:51:29.1317397Z   lfs: false
2026-10-09T15:51:29.1317592Z   submodules: false
2026-10-09T15:51:29.1317798Z   set-safe-directory: true
2026-10-09T15:51:29.1318238Z env:
2026-10-09T15:51:29.1318438Z   MOCK_PROVIDER: true
2026-10-09T15:51:29.1318659Z   MOCK_STREAM_DELAY_MS: 0
2026-10-09T15:51:29.1318882Z   ENABLE_CLOUD: false
2026-10-09T15:51:29.1319096Z   CREDENTIAL_VAULT_BACKEND: memory
2026-10-09T15:51:29.1319416Z   CREDENTIAL_VAULT_ALLOW_MEMORY_FALLBACK: true
2026-10-09T15:51:29.1319702Z   PYTHONDONTWRITEBYTECODE: 1
2026-10-09T15:51:29.1319945Z   HF_HUB_OFFLINE: 1
2026-10-09T15:51:29.1320151Z   TRANSFORMERS_OFFLINE: 1
2026-10-09T15:51:29.1320370Z ##[endgroup]
2026-10-09T15:51:29.2217148Z Syncing repository: 1785235376-blip/AI-Novel-Studio
2026-10-09T15:51:29.2219279Z ##[group]Getting Git version info
2026-10-09T15:51:29.2219983Z Working directory is '/home/runner/work/AI-Novel-Studio/AI-Novel-Studio'
2026-10-09T15:51:29.2220922Z [command]/usr/bin/git version
2026-10-09T15:51:29.2292795Z git version 2.55.0
2026-10-09T15:51:29.2313713Z ##[endgroup]
2026-10-09T15:51:29.2328753Z Temporarily overriding HOME='/home/runner/work/_temp/7ee9ccaa-434d-4bea-bf46-77e47ae9951d' before making global git config changes
2026-10-09T15:51:29.2329949Z Adding repository directory to the temporary git global config as a safe directory
2026-10-09T15:51:29.2335623Z [command]/usr/bin/git config --global --add safe.directory /home/runner/work/AI-Novel-Studio/AI-Novel-Studio
2026-10-09T15:51:29.2383749Z Deleting the contents of '/home/runner/work/AI-Novel-Studio/AI-Novel-Studio'
2026-10-09T15:51:29.2387400Z ##[group]Initializing the repository
2026-10-09T15:51:29.2392598Z [command]/usr/bin/git init /home/runner/work/AI-Novel-Studio/AI-Novel-Studio
2026-10-09T15:51:29.2477398Z hint: Using 'master' as the name for the initial branch. This default branch name
2026-10-09T15:51:29.2492214Z hint: will change to "main" in Git 3.0. To configure the initial branch name
2026-10-09T15:51:29.2493089Z hint: to use in all of your new repositories, which will suppress this warning,
2026-10-09T15:51:29.2493551Z hint: call:
2026-10-09T15:51:29.2493750Z hint:
2026-10-09T15:51:29.2494050Z hint: 	git config --global init.defaultBranch <name>
2026-10-09T15:51:29.2494399Z hint:
2026-10-09T15:51:29.2494676Z hint: Names commonly chosen instead of 'master' are 'main', 'trunk' and
2026-10-09T15:51:29.2495134Z hint: 'development'. The just-created branch can be renamed via this command:
2026-10-09T15:51:29.2497249Z hint:
2026-10-09T15:51:29.2497561Z hint: 	git branch -m <name>
2026-10-09T15:51:29.2497803Z hint:
2026-10-09T15:51:29.2498324Z hint: Disable this message with "git config set advice.defaultBranchName false"
2026-10-09T15:51:29.2499027Z Initialized empty Git repository in /home/runner/work/AI-Novel-Studio/AI-Novel-Studio/.git/
2026-10-09T15:51:29.2500518Z [command]/usr/bin/git remote add origin https://github.com/1785235376-blip/AI-Novel-Studio
2026-10-09T15:51:29.2535893Z ##[endgroup]
2026-10-09T15:51:29.2536566Z ##[group]Disabling automatic garbage collection
2026-10-09T15:51:29.2541035Z [command]/usr/bin/git config --local gc.auto 0
2026-10-09T15:51:29.2585930Z ##[endgroup]
2026-10-09T15:51:29.2586379Z ##[group]Setting up auth
2026-10-09T15:51:29.2586814Z [command]/usr/bin/git config --local --name-only --get-regexp core\.sshCommand
2026-10-09T15:51:29.2615923Z [command]/usr/bin/git submodule foreach --recursive sh -c "git config --local --name-only --get-regexp 'core\.sshCommand' && git config --local --unset-all 'core.sshCommand' || :"
2026-10-09T15:51:29.2918761Z [command]/usr/bin/git config --local --name-only --get-regexp http\.https\:\/\/github\.com\/\.extraheader
2026-10-09T15:51:29.2960726Z [command]/usr/bin/git submodule foreach --recursive sh -c "git config --local --name-only --get-regexp 'http\.https\:\/\/github\.com\/\.extraheader' && git config --local --unset-all 'http.https://github.com/.extraheader' || :"
2026-10-09T15:51:29.3168789Z [command]/usr/bin/git config --local http.https://github.com/.extraheader AUTHORIZATION: basic ***
2026-10-09T15:51:29.3208662Z ##[endgroup]
2026-10-09T15:51:29.3209325Z ##[group]Fetching the repository
2026-10-09T15:51:29.3217521Z [command]/usr/bin/git -c protocol.version=2 fetch --no-tags --prune --no-recurse-submodules --depth=1 origin +9851bdd2d692df983664bc8f4597fbc05c0e2ceb:refs/remotes/origin/feature/v2-narrative-platform
2026-10-09T15:51:33.2853332Z From https://github.com/1785235376-blip/AI-Novel-Studio
2026-10-09T15:51:33.2854109Z  * [new ref]         9851bdd2d692df983664bc8f4597fbc05c0e2ceb -> origin/feature/v2-narrative-platform
2026-10-09T15:51:33.2857236Z ##[endgroup]
2026-10-09T15:51:33.2857724Z ##[group]Determining the checkout info
2026-10-09T15:51:33.2859601Z ##[endgroup]
2026-10-09T15:51:33.2864590Z [command]/usr/bin/git sparse-checkout disable
2026-10-09T15:51:33.2911242Z [command]/usr/bin/git config --local --unset-all extensions.worktreeConfig
2026-10-09T15:51:33.2940286Z ##[group]Checking out the ref
2026-10-09T15:51:33.2944607Z [command]/usr/bin/git checkout --progress --force -B feature/v2-narrative-platform refs/remotes/origin/feature/v2-narrative-platform
2026-10-09T15:51:33.8576262Z Switched to a new branch 'feature/v2-narrative-platform'
2026-10-09T15:51:33.8578188Z branch 'feature/v2-narrative-platform' set up to track 'origin/feature/v2-narrative-platform'.
2026-10-09T15:51:33.8616156Z ##[endgroup]
2026-10-09T15:51:33.8666294Z [command]/usr/bin/git log -1 --format=%H
2026-10-09T15:51:33.8703863Z 9851bdd2d692df983664bc8f4597fbc05c0e2ceb
2026-10-09T15:51:33.8712654Z ##[group]Removing auth
2026-10-09T15:51:33.8717171Z [command]/usr/bin/git config --local --name-only --get-regexp core\.sshCommand
2026-10-09T15:51:33.8750059Z [command]/usr/bin/git submodule foreach --recursive sh -c "git config --local --name-only --get-regexp 'core\.sshCommand' && git config --local --unset-all 'core.sshCommand' || :"
2026-10-09T15:51:33.8973127Z [command]/usr/bin/git config --local --name-only --get-regexp http\.https\:\/\/github\.com\/\.extraheader
2026-10-09T15:51:33.9001528Z http.https://github.com/.extraheader
2026-10-09T15:51:33.9009259Z [command]/usr/bin/git config --local --unset-all http.https://github.com/.extraheader
2026-10-09T15:51:33.9044174Z [command]/usr/bin/git submodule foreach --recursive sh -c "git config --local --name-only --get-regexp 'http\.https\:\/\/github\.com\/\.extraheader' && git config --local --unset-all 'http.https://github.com/.extraheader' || :"
2026-10-09T15:51:33.9251540Z ##[endgroup]
2026-10-09T15:51:33.9475823Z ##[group]Run actions/setup-node@v4.4.0
2026-10-09T15:51:33.9476084Z with:
2026-10-09T15:51:33.9476255Z   node-version: 22.14.0
2026-10-09T15:51:33.9476454Z   always-auth: false
2026-10-09T15:51:33.9476649Z   check-latest: false
2026-10-09T15:51:33.9478681Z   token: ***
2026-10-09T15:51:33.9478842Z env:
2026-10-09T15:51:33.9479028Z   MOCK_PROVIDER: true
2026-10-09T15:51:33.9479256Z   MOCK_STREAM_DELAY_MS: 0
2026-10-09T15:51:33.9479446Z   ENABLE_CLOUD: false
2026-10-09T15:51:33.9479638Z   CREDENTIAL_VAULT_BACKEND: memory
2026-10-09T15:51:33.9479870Z   CREDENTIAL_VAULT_ALLOW_MEMORY_FALLBACK: true
2026-10-09T15:51:33.9480119Z   PYTHONDONTWRITEBYTECODE: 1
2026-10-09T15:51:33.9480322Z   HF_HUB_OFFLINE: 1
2026-10-09T15:51:33.9480534Z   TRANSFORMERS_OFFLINE: 1
2026-10-09T15:51:33.9480722Z ##[endgroup]
2026-10-09T15:51:34.0668326Z Attempting to download 22.14.0...
2026-10-09T15:51:34.0755089Z (node:2120) [DEP0040] DeprecationWarning: The `punycode` module is deprecated. Please use a userland alternative instead.
2026-10-09T15:51:34.0755999Z (Use `node --trace-deprecation ...` to show where the warning was created)
2026-10-09T15:51:35.0973380Z Acquiring 22.14.0 - x64 from https://github.com/actions/node-versions/releases/download/22.14.0-13265982013/node-22.14.0-linux-x64.tar.gz
2026-10-09T15:51:35.6818076Z Extracting ...
2026-10-09T15:51:35.6914264Z [command]/usr/bin/tar xz --strip 1 --warning=no-unknown-keyword --overwrite -C /home/runner/work/_temp/883eabf2-8f00-4800-87ba-6a83127232d6 -f /home/runner/work/_temp/636170a4-586c-4ac4-ad6e-04fcbfde5e31
2026-10-09T15:51:36.6729632Z Adding to the cache ...
2026-10-09T15:51:38.8305058Z ##[group]Environment details
2026-10-09T15:51:39.0058690Z node: v22.14.0
2026-10-09T15:51:39.0058971Z npm: 10.9.2
2026-10-09T15:51:39.0059149Z yarn: 1.22.22
2026-10-09T15:51:39.0059679Z ##[endgroup]
2026-10-09T15:51:39.0248301Z ##[group]Run actions/setup-python@v5.6.0
2026-10-09T15:51:39.0248541Z with:
2026-10-09T15:51:39.0248706Z   python-version: 3.12.9
2026-10-09T15:51:39.0248898Z   check-latest: false
2026-10-09T15:51:39.0250808Z   token: ***
2026-10-09T15:51:39.0250982Z   update-environment: true
2026-10-09T15:51:39.0251181Z   allow-prereleases: false
2026-10-09T15:51:39.0251363Z   freethreaded: false
2026-10-09T15:51:39.0251534Z env:
2026-10-09T15:51:39.0251687Z   MOCK_PROVIDER: true
2026-10-09T15:51:39.0251859Z   MOCK_STREAM_DELAY_MS: 0
2026-10-09T15:51:39.0252037Z   ENABLE_CLOUD: false
2026-10-09T15:51:39.0252215Z   CREDENTIAL_VAULT_BACKEND: memory
2026-10-09T15:51:39.0252445Z   CREDENTIAL_VAULT_ALLOW_MEMORY_FALLBACK: true
2026-10-09T15:51:39.0252686Z   PYTHONDONTWRITEBYTECODE: 1
2026-10-09T15:51:39.0253064Z   HF_HUB_OFFLINE: 1
2026-10-09T15:51:39.0253284Z   TRANSFORMERS_OFFLINE: 1
2026-10-09T15:51:39.0253613Z ##[endgroup]
2026-10-09T15:51:39.1342757Z ##[group]Installed versions
2026-10-09T15:51:39.1363032Z Version 3.12.9 was not found in the local cache
2026-10-09T15:51:39.1445647Z (node:2157) [DEP0040] DeprecationWarning: The `punycode` module is deprecated. Please use a userland alternative instead.
2026-10-09T15:51:39.1446419Z (Use `node --trace-deprecation ...` to show where the warning was created)
2026-10-09T15:51:40.2925676Z Version 3.12.9 is available for downloading
2026-10-09T15:51:40.2926908Z Download from "https://github.com/actions/python-versions/releases/download/3.12.9-13149478207/python-3.12.9-linux-24.04-x64.tar.gz"
2026-10-09T15:51:41.0414580Z Extract downloaded archive
2026-10-09T15:51:41.0513842Z [command]/usr/bin/tar xz --warning=no-unknown-keyword --overwrite -C /home/runner/work/_temp/804ecd14-8129-4e68-b560-481b6d182725 -f /home/runner/work/_temp/587f4f6b-76b7-419d-8212-dc75c6568073
2026-10-09T15:51:42.7855918Z Execute installation script
2026-10-09T15:51:42.7940057Z Check if Python hostedtoolcache folder exist...
2026-10-09T15:51:42.7940905Z Create Python 3.12.9 folder
2026-10-09T15:51:42.8206711Z Copy Python binaries to hostedtoolcache folder
2026-10-09T15:51:43.2399304Z Create additional symlinks (Required for the UsePythonVersion Azure Pipelines task and the setup-python GitHub Action)
2026-10-09T15:51:43.2436563Z Upgrading pip...
2026-10-09T15:51:45.2714530Z Looking in links: /tmp/tmpvkjjo5xz
2026-10-09T15:51:45.2716800Z Requirement already satisfied: pip in /opt/hostedtoolcache/Python/3.12.9/x64/lib/python3.12/site-packages (24.3.1)
2026-10-09T15:51:46.7220669Z Collecting pip
2026-10-09T15:51:46.7483329Z Downloading pip-26.2.1-py3-none-any.whl.metadata (4.6 kB)
2026-10-09T15:51:46.8990296Z Downloading pip-26.2.1-py3-none-any.whl (1.8 MB)
2026-10-09T15:51:47.1405453Z ━━━━━━━━━━━━━━━━━━━━━━━━━━━━━━━━━━━━━━━━ 1.8/1.8 MB 6.9 MB/s eta 0:00:00
2026-10-09T15:51:47.1405708Z 
2026-10-09T15:51:47.2256102Z Installing collected packages: pip
2026-10-09T15:51:47.2256439Z Attempting uninstall: pip
2026-10-09T15:51:47.2272180Z Found existing installation: pip 24.3.1
2026-10-09T15:51:47.2534394Z Uninstalling pip-24.3.1:
2026-10-09T15:51:47.2579282Z Successfully uninstalled pip-24.3.1
2026-10-09T15:51:48.2284736Z Successfully installed pip-26.2.1
2026-10-09T15:51:48.2829231Z Create complete file
2026-10-09T15:51:48.2865021Z Successfully set up CPython (3.12.9)
2026-10-09T15:51:48.2865515Z ##[endgroup]
2026-10-09T15:51:48.3082250Z ##[group]Run bash .github/ci/prepare.sh frontend
2026-10-09T15:51:48.3082637Z [36;1mbash .github/ci/prepare.sh frontend[0m
2026-10-09T15:51:48.4238180Z shell: /usr/bin/bash -e {0}
2026-10-09T15:51:48.4238431Z env:
2026-10-09T15:51:48.4238607Z   MOCK_PROVIDER: true
2026-10-09T15:51:48.4238811Z   MOCK_STREAM_DELAY_MS: 0
2026-10-09T15:51:48.4239003Z   ENABLE_CLOUD: false
2026-10-09T15:51:48.4239192Z   CREDENTIAL_VAULT_BACKEND: memory
2026-10-09T15:51:48.4239431Z   CREDENTIAL_VAULT_ALLOW_MEMORY_FALLBACK: true
2026-10-09T15:51:48.4239845Z   PYTHONDONTWRITEBYTECODE: 1
2026-10-09T15:51:48.4240161Z   HF_HUB_OFFLINE: 1
2026-10-09T15:51:48.4240409Z   TRANSFORMERS_OFFLINE: 1
2026-10-09T15:51:48.4240755Z   pythonLocation: /opt/hostedtoolcache/Python/3.12.9/x64
2026-10-09T15:51:48.4241272Z   PKG_CONFIG_PATH: /opt/hostedtoolcache/Python/3.12.9/x64/lib/pkgconfig
2026-10-09T15:51:48.4241776Z   Python_ROOT_DIR: /opt/hostedtoolcache/Python/3.12.9/x64
2026-10-09T15:51:48.4242287Z   Python2_ROOT_DIR: /opt/hostedtoolcache/Python/3.12.9/x64
2026-10-09T15:51:48.4242732Z   Python3_ROOT_DIR: /opt/hostedtoolcache/Python/3.12.9/x64
2026-10-09T15:51:48.4243304Z   LD_LIBRARY_PATH: /opt/hostedtoolcache/Python/3.12.9/x64/lib
2026-10-09T15:51:48.4243688Z ##[endgroup]
2026-10-09T15:51:49.2147594Z ##[group]Run npm install --global pnpm@10.6.5
2026-10-09T15:51:49.2147928Z [36;1mnpm install --global pnpm@10.6.5[0m
2026-10-09T15:51:49.2148179Z [36;1mpnpm install --frozen-lockfile[0m
2026-10-09T15:51:49.2148572Z [36;1m{ node --version; pnpm --version; sha256sum pnpm-lock.yaml; } > "$CI_RECEIPTS/frontend-tools.txt"[0m
2026-10-09T15:51:49.2205907Z shell: /usr/bin/bash -e {0}
2026-10-09T15:51:49.2206139Z env:
2026-10-09T15:51:49.2206313Z   MOCK_PROVIDER: true
2026-10-09T15:51:49.2206497Z   MOCK_STREAM_DELAY_MS: 0
2026-10-09T15:51:49.2206680Z   ENABLE_CLOUD: false
2026-10-09T15:51:49.2206865Z   CREDENTIAL_VAULT_BACKEND: memory
2026-10-09T15:51:49.2207101Z   CREDENTIAL_VAULT_ALLOW_MEMORY_FALLBACK: true
2026-10-09T15:51:49.2207340Z   PYTHONDONTWRITEBYTECODE: 1
2026-10-09T15:51:49.2207530Z   HF_HUB_OFFLINE: 1
2026-10-09T15:51:49.2207700Z   TRANSFORMERS_OFFLINE: 1
2026-10-09T15:51:49.2207939Z   pythonLocation: /opt/hostedtoolcache/Python/3.12.9/x64
2026-10-09T15:51:49.2208335Z   PKG_CONFIG_PATH: /opt/hostedtoolcache/Python/3.12.9/x64/lib/pkgconfig
2026-10-09T15:51:49.2208702Z   Python_ROOT_DIR: /opt/hostedtoolcache/Python/3.12.9/x64
2026-10-09T15:51:49.2208999Z   Python2_ROOT_DIR: /opt/hostedtoolcache/Python/3.12.9/x64
2026-10-09T15:51:49.2209286Z   Python3_ROOT_DIR: /opt/hostedtoolcache/Python/3.12.9/x64
2026-10-09T15:51:49.2209586Z   LD_LIBRARY_PATH: /opt/hostedtoolcache/Python/3.12.9/x64/lib
2026-10-09T15:51:49.2209890Z   CI_COVERAGE_SHA: 9851bdd2d692df983664bc8f4597fbc05c0e2ceb
2026-10-09T15:51:49.2210180Z   CI_COVERAGE_TREE: cd6989a19e5fd5e2400f2325fe696cae03d8eda7
2026-10-09T15:51:49.2210514Z   CI_SANDBOX: /home/runner/work/_temp/novel-ci-frontend.BG4SNX
2026-10-09T15:51:49.2210843Z   CI_PROJECT: /home/runner/work/_temp/novel-ci-frontend.BG4SNX/project
2026-10-09T15:51:49.2211190Z   CI_RECEIPTS: /home/runner/work/_temp/novel-ci-frontend.BG4SNX/receipts
2026-10-09T15:51:49.2211521Z   HOME: /home/runner/work/_temp/novel-ci-frontend.BG4SNX/home
2026-10-09T15:51:49.2211849Z   USERPROFILE: /home/runner/work/_temp/novel-ci-frontend.BG4SNX/home
2026-10-09T15:51:49.2212190Z   APPDATA: /home/runner/work/_temp/novel-ci-frontend.BG4SNX/appdata
2026-10-09T15:51:49.2212562Z   LOCALAPPDATA: /home/runner/work/_temp/novel-ci-frontend.BG4SNX/localappdata
2026-10-09T15:51:49.2213179Z   XDG_CONFIG_HOME: /home/runner/work/_temp/novel-ci-frontend.BG4SNX/config
2026-10-09T15:51:49.2213553Z   XDG_CACHE_HOME: /home/runner/work/_temp/novel-ci-frontend.BG4SNX/cache
2026-10-09T15:51:49.2213902Z   XDG_DATA_HOME: /home/runner/work/_temp/novel-ci-frontend.BG4SNX/data
2026-10-09T15:51:49.2214240Z   XDG_STATE_HOME: /home/runner/work/_temp/novel-ci-frontend.BG4SNX/state
2026-10-09T15:51:49.2214569Z   TMPDIR: /home/runner/work/_temp/novel-ci-frontend.BG4SNX/tmp
2026-10-09T15:51:49.2214877Z   TMP: /home/runner/work/_temp/novel-ci-frontend.BG4SNX/tmp
2026-10-09T15:51:49.2215181Z   TEMP: /home/runner/work/_temp/novel-ci-frontend.BG4SNX/tmp
2026-10-09T15:51:49.2215505Z   PROJECT_ROOT: /home/runner/work/_temp/novel-ci-frontend.BG4SNX/project
2026-10-09T15:51:49.2215876Z   NOVEL_DATA_PATH: /home/runner/work/_temp/novel-ci-frontend.BG4SNX/data/novels
2026-10-09T15:51:49.2216252Z   BACKUP_PATH: /home/runner/work/_temp/novel-ci-frontend.BG4SNX/data/backups
2026-10-09T15:51:49.2216668Z   DATABASE_BACKUP_PATH: /home/runner/work/_temp/novel-ci-frontend.BG4SNX/data/database-backups
2026-10-09T15:51:49.2217115Z   KNOWLEDGE_SOURCE_PATH: /home/runner/work/_temp/novel-ci-frontend.BG4SNX/data/novels
2026-10-09T15:51:49.2217434Z ##[endgroup]
2026-10-09T15:51:50.1804598Z 
2026-10-09T15:51:50.1805269Z added 1 package in 904ms
2026-10-09T15:51:50.1805549Z 
2026-10-09T15:51:50.1805771Z 1 package is looking for funding
2026-10-09T15:51:50.1806140Z   run `npm fund` for details
2026-10-09T15:51:50.5648979Z Lockfile is up to date, resolution step is skipped
2026-10-09T15:51:50.6038152Z Progress: resolved 1, reused 0, downloaded 0, added 0
2026-10-09T15:51:50.6374860Z Packages: +249
2026-10-09T15:51:50.6375720Z ++++++++++++++++++++++++++++++++++++++++++++++++++++++++++++++++++++++++++++++++
2026-10-09T15:51:51.6084424Z Progress: resolved 249, reused 0, downloaded 153, added 119
2026-10-09T15:51:52.0036158Z Progress: resolved 249, reused 0, downloaded 249, added 249, done
2026-10-09T15:51:52.0863149Z .../esbuild@0.25.12/node_modules/esbuild postinstall$ node install.js
2026-10-09T15:51:52.0867208Z .../esbuild@0.21.5/node_modules/esbuild postinstall$ node install.js
2026-10-09T15:51:52.1844459Z .../esbuild@0.25.12/node_modules/esbuild postinstall: Done
2026-10-09T15:51:52.2675129Z .../esbuild@0.21.5/node_modules/esbuild postinstall: Done
2026-10-09T15:51:52.5619258Z 
2026-10-09T15:51:52.5619895Z dependencies:
2026-10-09T15:51:52.5620352Z + @tanstack/react-query 5.101.4
2026-10-09T15:51:52.5620856Z + @tiptap/extension-placeholder 2.27.2
2026-10-09T15:51:52.5621264Z + @tiptap/react 2.27.2
2026-10-09T15:51:52.5621590Z + @tiptap/starter-kit 2.27.2
2026-10-09T15:51:52.5621902Z + lucide-react 0.468.0
2026-10-09T15:51:52.5622189Z + react 18.3.1
2026-10-09T15:51:52.5622493Z + react-dom 18.3.1
2026-10-09T15:51:52.5622743Z + zustand 5.0.14
2026-10-09T15:51:52.5623080Z 
2026-10-09T15:51:52.5623209Z devDependencies:
2026-10-09T15:51:52.5623510Z + @playwright/test 1.62.1
2026-10-09T15:51:52.5623867Z + @testing-library/react 16.3.2
2026-10-09T15:51:52.5624181Z + @types/node 22.13.10
2026-10-09T15:51:52.5624623Z + @types/react 18.3.31
2026-10-09T15:51:52.5624917Z + @types/react-dom 18.3.7
2026-10-09T15:51:52.5625266Z + @vitejs/plugin-react 4.7.0
2026-10-09T15:51:52.5625596Z + fountain-js 1.2.4
2026-10-09T15:51:52.5625849Z + jsdom 25.0.1
2026-10-09T15:51:52.5626115Z + typescript 5.9.3
2026-10-09T15:51:52.5626374Z + vite 6.4.3
2026-10-09T15:51:52.5626620Z + vitest 2.1.9
2026-10-09T15:51:52.5626781Z 
2026-10-09T15:51:52.5770920Z Done in 2.3s using pnpm v10.6.5
2026-10-09T15:51:52.8733275Z ##[group]Run set -o pipefail
2026-10-09T15:51:52.8733668Z [36;1mset -o pipefail[0m
2026-10-09T15:51:52.8734351Z [36;1mpnpm test --reporter=default --reporter=junit --outputFile="$CI_RECEIPTS/frontend.xml" 2>&1 | tee "$CI_RECEIPTS/frontend.log"[0m
2026-10-09T15:51:52.8793428Z shell: /usr/bin/bash -e {0}
2026-10-09T15:51:52.8793656Z env:
2026-10-09T15:51:52.8793826Z   MOCK_PROVIDER: true
2026-10-09T15:51:52.8794020Z   MOCK_STREAM_DELAY_MS: 0
2026-10-09T15:51:52.8794206Z   ENABLE_CLOUD: false
2026-10-09T15:51:52.8794390Z   CREDENTIAL_VAULT_BACKEND: memory
2026-10-09T15:51:52.8794646Z   CREDENTIAL_VAULT_ALLOW_MEMORY_FALLBACK: true
2026-10-09T15:51:52.8794886Z   PYTHONDONTWRITEBYTECODE: 1
2026-10-09T15:51:52.8795078Z   HF_HUB_OFFLINE: 1
2026-10-09T15:51:52.8795251Z   TRANSFORMERS_OFFLINE: 1
2026-10-09T15:51:52.8795488Z   pythonLocation: /opt/hostedtoolcache/Python/3.12.9/x64
2026-10-09T15:51:52.8795836Z   PKG_CONFIG_PATH: /opt/hostedtoolcache/Python/3.12.9/x64/lib/pkgconfig
2026-10-09T15:51:52.8796206Z   Python_ROOT_DIR: /opt/hostedtoolcache/Python/3.12.9/x64
2026-10-09T15:51:52.8796496Z   Python2_ROOT_DIR: /opt/hostedtoolcache/Python/3.12.9/x64
2026-10-09T15:51:52.8796780Z   Python3_ROOT_DIR: /opt/hostedtoolcache/Python/3.12.9/x64
2026-10-09T15:51:52.8797064Z   LD_LIBRARY_PATH: /opt/hostedtoolcache/Python/3.12.9/x64/lib
2026-10-09T15:51:52.8797358Z   CI_COVERAGE_SHA: 9851bdd2d692df983664bc8f4597fbc05c0e2ceb
2026-10-09T15:51:52.8797646Z   CI_COVERAGE_TREE: cd6989a19e5fd5e2400f2325fe696cae03d8eda7
2026-10-09T15:51:52.8797945Z   CI_SANDBOX: /home/runner/work/_temp/novel-ci-frontend.BG4SNX
2026-10-09T15:51:52.8798284Z   CI_PROJECT: /home/runner/work/_temp/novel-ci-frontend.BG4SNX/project
2026-10-09T15:51:52.8798630Z   CI_RECEIPTS: /home/runner/work/_temp/novel-ci-frontend.BG4SNX/receipts
2026-10-09T15:51:52.8798966Z   HOME: /home/runner/work/_temp/novel-ci-frontend.BG4SNX/home
2026-10-09T15:51:52.8799291Z   USERPROFILE: /home/runner/work/_temp/novel-ci-frontend.BG4SNX/home
2026-10-09T15:51:52.8799633Z   APPDATA: /home/runner/work/_temp/novel-ci-frontend.BG4SNX/appdata
2026-10-09T15:51:52.8799995Z   LOCALAPPDATA: /home/runner/work/_temp/novel-ci-frontend.BG4SNX/localappdata
2026-10-09T15:51:52.8800379Z   XDG_CONFIG_HOME: /home/runner/work/_temp/novel-ci-frontend.BG4SNX/config
2026-10-09T15:51:52.8800736Z   XDG_CACHE_HOME: /home/runner/work/_temp/novel-ci-frontend.BG4SNX/cache
2026-10-09T15:51:52.8801077Z   XDG_DATA_HOME: /home/runner/work/_temp/novel-ci-frontend.BG4SNX/data
2026-10-09T15:51:52.8801412Z   XDG_STATE_HOME: /home/runner/work/_temp/novel-ci-frontend.BG4SNX/state
2026-10-09T15:51:52.8801955Z   TMPDIR: /home/runner/work/_temp/novel-ci-frontend.BG4SNX/tmp
2026-10-09T15:51:52.8802259Z   TMP: /home/runner/work/_temp/novel-ci-frontend.BG4SNX/tmp
2026-10-09T15:51:52.8802553Z   TEMP: /home/runner/work/_temp/novel-ci-frontend.BG4SNX/tmp
2026-10-09T15:51:52.8803020Z   PROJECT_ROOT: /home/runner/work/_temp/novel-ci-frontend.BG4SNX/project
2026-10-09T15:51:52.8803405Z   NOVEL_DATA_PATH: /home/runner/work/_temp/novel-ci-frontend.BG4SNX/data/novels
2026-10-09T15:51:52.8803785Z   BACKUP_PATH: /home/runner/work/_temp/novel-ci-frontend.BG4SNX/data/backups
2026-10-09T15:51:52.8804208Z   DATABASE_BACKUP_PATH: /home/runner/work/_temp/novel-ci-frontend.BG4SNX/data/database-backups
2026-10-09T15:51:52.8804705Z   KNOWLEDGE_SOURCE_PATH: /home/runner/work/_temp/novel-ci-frontend.BG4SNX/data/novels
2026-10-09T15:51:52.8805031Z ##[endgroup]
2026-10-09T15:51:53.1160339Z 
2026-10-09T15:51:53.1161393Z > ai-novel-studio-ui@0.7.0 test /home/runner/work/_temp/novel-ci-frontend.BG4SNX/project/frontend
2026-10-09T15:51:53.1162820Z > vitest run --reporter\=default --reporter\=junit --outputFile\=/home/runner/work/_temp/novel-ci-frontend.BG4SNX/receipts/frontend.xml
2026-10-09T15:51:53.1163723Z 
2026-10-09T15:51:53.4293321Z 
2026-10-09T15:51:53.4295524Z [1m[7m[36m RUN [39m[27m[22m [36mv2.1.9 [39m[90m/home/runner/work/_temp/novel-ci-frontend.BG4SNX/project/frontend[39m
2026-10-09T15:51:53.4296127Z 
2026-10-09T15:52:01.3780610Z  [32m✓[39m src/creative/CreativeWorkspace.test.tsx [2m([22m[2m29 tests[22m[2m)[22m[33m 6044[2mms[22m[39m
2026-10-09T15:52:01.3783038Z    [33m[2m✓[22m[39m creative workspace protected manuscript and request boundaries[2m > [22mrecovers saved SCREENPLAY when its stage is selected before the initial reads finish [33m476[2mms[22m[39m
2026-10-09T15:52:01.3785046Z    [33m[2m✓[22m[39m creative workspace protected manuscript and request boundaries[2m > [22mrecovers saved PRODUCTION when its stage is selected before the initial reads finish [33m309[2mms[22m[39m
2026-10-09T15:52:01.3786385Z    [33m[2m✓[22m[39m creative workspace protected manuscript and request boundaries[2m > [22mkeeps an explicit new document, including an untouched draft, across stage and source changes [33m306[2mms[22m[39m
2026-10-09T15:52:01.3787565Z    [33m[2m✓[22m[39m creative workspace protected manuscript and request boundaries[2m > [22mreloads saved content after confirmed discard and immediate workbench reopen [33m390[2mms[22m[39m
2026-10-09T15:52:01.3788731Z    [33m[2m✓[22m[39m creative workspace protected manuscript and request boundaries[2m > [22mdoes not replace a blocked dirty draft when a recovery reread discovers its uncertain creation [33m313[2mms[22m[39m
2026-10-09T15:52:01.3789898Z    [33m[2m✓[22m[39m creative workspace protected manuscript and request boundaries[2m > [22mexposes all five keyboard-accessible modes while the manuscript stays mounted [33m372[2mms[22m[39m
2026-10-09T15:52:01.3791125Z    [33m[2m✓[22m[39m creative workspace protected manuscript and request boundaries[2m > [22mrequires explicit server-version adoption and preserves the draft when adoption is cancelled [33m412[2mms[22m[39m
2026-10-09T15:52:03.0495644Z  [32m✓[39m src/interop/LocalTutorIntegration.test.tsx [2m([22m[2m70 tests[22m[2m)[22m[33m 7866[2mms[22m[39m
2026-10-09T15:52:03.4172365Z  [32m✓[39m src/AppWorkspaceResume.test.tsx [2m([22m[2m33 tests[22m[2m)[22m[33m 5299[2mms[22m[39m
2026-10-09T15:52:03.4174458Z    [33m[2m✓[22m[39m reopens the saved chapter through current authority and applies original reading/split state only after explicit restore [33m470[2mms[22m[39m
2026-10-09T15:52:03.4176169Z    [33m[2m✓[22m[39m opens another authorized project only after original inventory and exact chapter version revalidation [33m337[2mms[22m[39m
2026-10-09T15:52:03.4177494Z    [33m[2m✓[22m[39m refuses cross-project search navigation while manuscript is dirty [33m335[2mms[22m[39m
2026-10-09T15:52:03.4179348Z    [33m[2m✓[22m[39m drops a delayed cross-project source when the author types during revalidation [33m325[2mms[22m[39m
2026-10-09T15:52:03.4180703Z    [33m[2m✓[22m[39m does not navigate to a search project removed from the refreshed original inventory [33m337[2mms[22m[39m
2026-10-09T15:52:03.4182083Z    [33m[2m✓[22m[39m opens the exact revision model owner with its original chapter after authoritative verification [33m302[2mms[22m[39m
2026-10-09T15:52:03.4183638Z    [33m[2m✓[22m[39m refuses a revision-owner chapter switch when the manuscript has unsaved work [33m316[2mms[22m[39m
2026-10-09T15:52:03.4184989Z    [33m[2m✓[22m[39m rejects a mismatched original revision job and never falls back to another draft [33m325[2mms[22m[39m
2026-10-09T15:52:03.4186233Z    [33m[2m✓[22m[39m drops delayed revision-owner navigation after new typing or scope change [33m317[2mms[22m[39m
2026-10-09T15:52:05.6015320Z  [32m✓[39m src/experimental/WorkspaceToolsPanel.test.tsx [2m([22m[2m30 tests[22m[2m)[22m[33m 3311[2mms[22m[39m
2026-10-09T15:52:05.6017505Z    [33m[2m✓[22m[39m deduplicates repeated resolves and only honors the reopened search request [33m509[2mms[22m[39m
2026-10-09T15:52:05.6019141Z    [33m[2m✓[22m[39m captures actual split visibility and keeps search/task filters across section changes and remount [33m332[2mms[22m[39m
2026-10-09T15:52:06.0956606Z  [32m✓[39m src/AuditGenerationScope.test.tsx [2m([22m[2m28 tests[22m[2m)[22m[33m 1553[2mms[22m[39m
2026-10-09T15:52:06.7555716Z  [32m✓[39m src/novel/StoryCoreRecordVersionEditor.test.tsx [2m([22m[2m59 tests[22m[2m)[22m[33m 2355[2mms[22m[39m
2026-10-09T15:52:07.5175196Z  [32m✓[39m src/ui/LocalAiDiscovery.test.tsx [2m([22m[2m24 tests[22m[2m)[22m[33m 482[2mms[22m[39m
2026-10-09T15:52:09.7205414Z  [32m✓[39m src/experimental/StyleReviewPanels.test.tsx [2m([22m[2m16 tests[22m[2m)[22m[33m 1776[2mms[22m[39m
2026-10-09T15:52:09.7206553Z    [33m[2m✓[22m[39m reads without running analysis, requires explicit preview/review/use, and validates the receipt again [33m322[2mms[22m[39m
2026-10-09T15:52:10.0434732Z  [32m✓[39m src/experimental/OfflineSyncPanel.test.tsx [2m([22m[2m11 tests[22m[2m)[22m[33m 1544[2mms[22m[39m
2026-10-09T15:52:11.8393078Z  [32m✓[39m src/experimental/StorySimulatorPanel.test.tsx [2m([22m[2m14 tests[22m[2m)[22m[33m 5064[2mms[22m[39m
2026-10-09T15:52:11.8397301Z    [33m[2m✓[22m[39m reads only on opening; builds explicit bounded manual inputs with captured authority and normalized fact lines [33m735[2mms[22m[39m
2026-10-09T15:52:11.8399067Z    [33m[2m✓[22m[39m compares violations and hypotheses, saves only REVIEW once and navigates to the existing planning authority [33m438[2mms[22m[39m
2026-10-09T15:52:11.8400078Z    [33m[2m✓[22m[39m preserves editable drafts on failure and requires recovery before retry [33m555[2mms[22m[39m
2026-10-09T15:52:11.8401024Z    [33m[2m✓[22m[39m invalidates source-bound context immediately when the active chapter revision advances [33m392[2mms[22m[39m
2026-10-09T15:52:11.8402027Z    [33m[2m✓[22m[39m previews exact local character request, dispatches once with consent, then manually selects checked candidate [33m637[2mms[22m[39m
2026-10-09T15:52:11.8403478Z    [33m[2m✓[22m[39m invalidates scene context receipts and sends selected original scene with separate mind claims [33m483[2mms[22m[39m
2026-10-09T15:52:12.8234950Z  [32m✓[39m src/experimental/DeclarativeTemplatePanels.test.tsx [2m([22m[2m8 tests[22m[2m)[22m[33m 2133[2mms[22m[39m
2026-10-09T15:52:12.8238110Z    [33m[2m✓[22m[39m uses real form contracts, explicit graph check and version-bound creation before separate execute and review [33m667[2mms[22m[39m
2026-10-09T15:52:12.8239609Z    [33m[2m✓[22m[39m requires a separate exact model preview confirmation and never auto dispatches or approves a deferred model node [33m400[2mms[22m[39m
2026-10-09T15:52:12.8299386Z  [32m✓[39m src/AppRevisionHistory.test.tsx [2m([22m[2m23 tests[22m[2m)[22m[33m 1255[2mms[22m[39m
2026-10-09T15:52:14.0186181Z  [32m✓[39m src/ui/ModelCenter.test.tsx [2m([22m[2m10 tests[22m[2m)[22m[33m 303[2mms[22m[39m
2026-10-09T15:52:14.9984304Z  [32m✓[39m src/experimental/WritingFocusPanel.test.tsx [2m([22m[2m13 tests[22m[2m)[22m[33m 1163[2mms[22m[39m
2026-10-09T15:52:15.4951645Z  [32m✓[39m src/creative/GraphRunPanel.test.tsx [2m([22m[2m19 tests[22m[2m)[22m[33m 721[2mms[22m[39m
2026-10-09T15:52:16.4568388Z  [32m✓[39m src/AppDraftRecovery.test.tsx [2m([22m[2m21 tests[22m[2m)[22m[33m 3159[2mms[22m[39m
2026-10-09T15:52:16.4570031Z    [33m[2m✓[22m[39m suppresses autosave and manual submit throughout composition and submits after it ends [33m1107[2mms[22m[39m
2026-10-09T15:52:16.4571784Z    [33m[2m✓[22m[39m labels browser-offline drafts honestly and permits an explicit reachable local-backend save [33m1038[2mms[22m[39m
2026-10-09T15:52:16.5448273Z  [32m✓[39m src/novel/PluginManagerPanel.test.tsx [2m([22m[2m15 tests[22m[2m)[22m[33m 633[2mms[22m[39m
2026-10-09T15:52:18.7257444Z  [32m✓[39m src/experimental/ExperimentalWorkbench.test.tsx [2m([22m[2m14 tests[22m[2m)[22m[33m 1079[2mms[22m[39m
2026-10-09T15:52:19.0337761Z  [32m✓[39m src/ui/LocalAiDiscoveryConsent.test.tsx [2m([22m[2m23 tests[22m[2m)[22m[33m 1640[2mms[22m[39m
2026-10-09T15:52:19.0339826Z    [33m[2m✓[22m[39m discloses all registered-model safety inspections without truncating the backend scope [33m463[2mms[22m[39m
2026-10-09T15:52:19.1912203Z  [32m✓[39m src/experimental/ModelBrokerPanel.test.tsx [2m([22m[2m9 tests[22m[2m)[22m[33m 1630[2mms[22m[39m
2026-10-09T15:52:19.1915858Z    [33m[2m✓[22m[39m captures actual scoped route preview and requires exact author receipt plus review before existing job dispatch [33m565[2mms[22m[39m
2026-10-09T15:52:19.1917586Z    [33m[2m✓[22m[39m invalidates prior authorization and sends the exact reviewed material scope [33m321[2mms[22m[39m
2026-10-09T15:52:20.4065510Z  [32m✓[39m src/ui/AppShell.test.tsx [2m([22m[2m19 tests[22m[2m)[22m[33m 454[2mms[22m[39m
2026-10-09T15:52:21.0456774Z  [32m✓[39m src/experimental/RevisionIntelligencePanel.test.tsx [2m([22m[2m10 tests[22m[2m)[22m[33m 1331[2mms[22m[39m
2026-10-09T15:52:21.0484777Z    [33m[2m✓[22m[39m captures original PM selection, previews two accepted blocks, and requires explicit confirmation [33m400[2mms[22m[39m
2026-10-09T15:52:21.7188338Z  [32m✓[39m src/experimental/InteractiveStoryPanel.test.tsx [2m([22m[2m11 tests[22m[2m)[22m[33m 1608[2mms[22m[39m
2026-10-09T15:52:21.7192074Z    [33m[2m✓[22m[39m authors Unicode choices and typed variables then saves exact original IDs and scope [33m393[2mms[22m[39m
2026-10-09T15:52:22.0894784Z  [32m✓[39m src/novel/ImageGenerationPanel.test.tsx [2m([22m[2m10 tests[22m[2m)[22m[33m 532[2mms[22m[39m
2026-10-09T15:52:22.9744902Z  [32m✓[39m src/novel/StoryRecordVersionEditor.test.tsx [2m([22m[2m14 tests[22m[2m)[22m[33m 830[2mms[22m[39m
2026-10-09T15:52:24.0078384Z  [32m✓[39m src/experimental/ProductionLineagePanel.test.tsx [2m([22m[2m11 tests[22m[2m)[22m[33m 909[2mms[22m[39m
2026-10-09T15:52:24.2593438Z  [32m✓[39m src/AppAuthorTaskNavigation.test.tsx [2m([22m[2m10 tests[22m[2m)[22m[33m 968[2mms[22m[39m
2026-10-09T15:52:24.8105563Z  [32m✓[39m src/novel/AuthorRequestPreviewPanel.test.tsx [2m([22m[2m11 tests[22m[2m)[22m[33m 545[2mms[22m[39m
2026-10-09T15:52:26.2410887Z  [32m✓[39m src/creative/GraphCanvas.test.tsx [2m([22m[2m25 tests[22m[2m)[22m[33m 1198[2mms[22m[39m
2026-10-09T15:52:26.4451336Z  [32m✓[39m src/experimental/WriterRoomPanel.test.tsx [2m([22m[2m9 tests[22m[2m)[22m[33m 1168[2mms[22m[39m
2026-10-09T15:52:26.4457620Z    [33m[2m✓[22m[39m renders actual task progress and responsible change-request round trip without domain approval [33m506[2mms[22m[39m
2026-10-09T15:52:27.3784946Z  [32m✓[39m src/experimental/MultilingualEditionsPanel.test.tsx [2m([22m[2m10 tests[22m[2m)[22m[33m 1565[2mms[22m[39m
2026-10-09T15:52:27.3813160Z    [33m[2m✓[22m[39m manual bilingual save→review→exact acceptance with RTL and no model calls [33m634[2mms[22m[39m
2026-10-09T15:52:28.1434945Z  [32m✓[39m src/experimental/ReaderSessionPanels.test.tsx [2m([22m[2m9 tests[22m[2m)[22m[33m 882[2mms[22m[39m
2026-10-09T15:52:28.2815294Z  [32m✓[39m src/novel/ResearchPanel.test.tsx [2m([22m[2m14 tests[22m[2m)[22m[33m 802[2mms[22m[39m
2026-10-09T15:52:29.0426443Z  [32m✓[39m src/experimental/SafeBatchesPanel.test.tsx [2m([22m[2m10 tests[22m[2m)[22m[33m 700[2mms[22m[39m
2026-10-09T15:52:30.3274397Z  [32m✓[39m src/novel/ScreenplayPanel.test.tsx [2m([22m[2m17 tests[22m[2m)[22m[33m 1072[2mms[22m[39m
2026-10-09T15:52:31.3530957Z  [32m✓[39m src/creative/IndependentStudioGraphWorkspace.test.tsx [2m([22m[2m8 tests[22m[2m)[22m[33m 1977[2mms[22m[39m
2026-10-09T15:52:31.3532763Z    [33m[2m✓[22m[39m independent studio graph content integration[2m > [22mkeeps graphs lazy until an explicit content choice, with unchanged eight shell modules [33m322[2mms[22m[39m
2026-10-09T15:52:31.3535391Z    [33m[2m✓[22m[39m independent studio graph content integration[2m > [22msaves an empty disconnected definition through the scoped owner and reopens it without creating a run [33m384[2mms[22m[39m
2026-10-09T15:52:31.3537975Z    [33m[2m✓[22m[39m independent studio graph content integration[2m > [22mallows optional Director removal and bounded undo without adding a chapter or starting a job [33m411[2mms[22m[39m
2026-10-09T15:52:31.5189030Z  [32m✓[39m src/experimental/ResearchLibraryPanel.test.tsx [2m([22m[2m10 tests[22m[2m)[22m[33m 1467[2mms[22m[39m
2026-10-09T15:52:32.3274973Z  [32m✓[39m src/manualPromptConsent.test.tsx [2m([22m[2m17 tests[22m[2m)[22m[33m 909[2mms[22m[39m
2026-10-09T15:52:33.5363483Z  [32m✓[39m src/experimental/StoryGraphPanel.test.tsx [2m([22m[2m8 tests[22m[2m)[22m[33m 1186[2mms[22m[39m
2026-10-09T15:52:33.5367042Z    [33m[2m✓[22m[39m creates a typed relation with selected real IDs, no raw JSON form [33m312[2mms[22m[39m
2026-10-09T15:52:33.5544012Z  [32m✓[39m src/experimental/ComicLayoutsPanel.test.tsx [2m([22m[2m8 tests[22m[2m)[22m[33m 1063[2mms[22m[39m
2026-10-09T15:52:34.0213695Z  [32m✓[39m src/experimental/Wave5TemplatesSdkComics.test.tsx [2m([22m[2m4 tests[22m[2m)[22m[33m 718[2mms[22m[39m
2026-10-09T15:52:35.2406851Z  [32m✓[39m src/creative/AIDirectorPanel.test.tsx [2m([22m[2m10 tests[22m[2m)[22m[33m 688[2mms[22m[39m
2026-10-09T15:52:35.3308009Z  [32m✓[39m src/creative/StudioSelectLabels.test.tsx [2m([22m[2m4 tests[22m[2m)[22m[33m 719[2mms[22m[39m
2026-10-09T15:52:35.3328254Z    [33m[2m✓[22m[39m stable exact names for Studio selects with populated options[2m > [22mkeeps relationship, reference-kind and target names stable through selection and saving [33m312[2mms[22m[39m
2026-10-09T15:52:35.3354159Z    [33m[2m✓[22m[39m stable exact names for Studio selects with populated options[2m > [22mkeeps saved-graph, node, asset and port names stable while editing the real graph hook [33m334[2mms[22m[39m
2026-10-09T15:52:36.7638237Z  [32m✓[39m src/experimental/ModelTaskReopen.test.tsx [2m([22m[2m16 tests[22m[2m)[22m[33m 1452[2mms[22m[39m
2026-10-09T15:52:36.7641333Z    [33m[2m✓[22m[39m 'simulator' reopens the exact receipt, handles missing/back and never replays [33m352[2mms[22m[39m
2026-10-09T15:52:37.0424926Z  [32m✓[39m src/creative/AssetRelationshipsPanel.test.tsx [2m([22m[2m11 tests[22m[2m)[22m[33m 801[2mms[22m[39m
2026-10-09T15:52:37.7773551Z  [32m✓[39m src/novel/ExportPanel.test.tsx [2m([22m[2m12 tests[22m[2m)[22m[33m 1433[2mms[22m[39m
2026-10-09T15:52:38.5820935Z  [32m✓[39m src/experimental/ProjectForksPanel.test.tsx [2m([22m[2m6 tests[22m[2m)[22m[33m 554[2mms[22m[39m
2026-10-09T15:52:39.0894806Z  [32m✓[39m src/creative/IndependentStudioWorkspace.test.tsx [2m([22m[2m8 tests[22m[2m)[22m[33m 1199[2mms[22m[39m
2026-10-09T15:52:39.0920465Z    [33m[2m✓[22m[39m independent studio original owner integration[2m > [22mimports once and saves source provenance without chapters, models, or the legacy asset API [33m372[2mms[22m[39m
2026-10-09T15:52:39.4895789Z  [32m✓[39m src/experimental/VoiceSubtitlePanels.test.tsx [2m([22m[2m7 tests[22m[2m)[22m[33m 719[2mms[22m[39m
2026-10-09T15:52:39.9134606Z  [32m✓[39m src/experimental/StyleAnalysisModelPanel.test.tsx [2m([22m[2m7 tests[22m[2m)[22m[90m 287[2mms[22m[39m
2026-10-09T15:52:41.1360662Z  [32m✓[39m src/experimental/LanguageTranslationPanel.test.tsx [2m([22m[2m5 tests[22m[2m)[22m[33m 1072[2mms[22m[39m
2026-10-09T15:52:41.1362536Z    [33m[2m✓[22m[39m exact preview, explicit single dispatch, original recovery and separate adopt consent [33m335[2mms[22m[39m
2026-10-09T15:52:41.1364585Z    [33m[2m✓[22m[39m adoption updates visible saved draft while requiring separate submit and review [33m534[2mms[22m[39m
2026-10-09T15:52:41.5536189Z  [32m✓[39m src/experimental/ChangeImpactPanel.test.tsx [2m([22m[2m8 tests[22m[2m)[22m[33m 587[2mms[22m[39m
2026-10-09T15:52:42.2160797Z  [32m✓[39m src/creative/IndependentStudioReadFences.test.tsx [2m([22m[2m7 tests[22m[2m)[22m[33m 1610[2mms[22m[39m
2026-10-09T15:52:42.2174591Z    [33m[2m✓[22m[39m independent asset read fences and truthful capability labels[2m > [22mlocks mutation inputs during explicit refresh and preserves the next draft after the read finishes [33m725[2mms[22m[39m
2026-10-09T15:52:42.3846932Z  [2m[90m↓[39m[22m src/experimental/ExperimentalWorkbench.http.test.tsx [2m([22m[2m6 tests[22m[2m | [22m[33m6 skipped[39m[2m)[22m
2026-10-09T15:52:43.5485925Z  [32m✓[39m src/experimental/StructuredForksPanel.test.tsx [2m([22m[2m7 tests[22m[2m)[22m[33m 444[2mms[22m[39m
2026-10-09T15:52:43.6677115Z  [32m✓[39m src/experimental/NarrativeJudgeContinuationPanels.test.tsx [2m([22m[2m6 tests[22m[2m)[22m[33m 382[2mms[22m[39m
2026-10-09T15:52:44.4444914Z  [32m✓[39m src/experimental/StructuredSearchNavigation.test.tsx [2m([22m[2m12 tests[22m[2m)[22m[33m 1757[2mms[22m[39m
2026-10-09T15:52:44.4446601Z    [33m[2m✓[22m[39m resolves organization with its exact original owner and original ID [33m426[2mms[22m[39m
2026-10-09T15:52:45.0104907Z  [32m✓[39m src/novel/AIPlanningPanel.project.test.tsx [2m([22m[2m11 tests[22m[2m)[22m[33m 552[2mms[22m[39m
2026-10-09T15:52:45.5309983Z  [32m✓[39m src/AppBrokerRecovery.test.tsx [2m([22m[2m4 tests[22m[2m)[22m[33m 564[2mms[22m[39m
2026-10-09T15:52:46.2189668Z  [32m✓[39m src/novel/EntryExperience.test.tsx [2m([22m[2m10 tests[22m[2m)[22m[33m 683[2mms[22m[39m
2026-10-09T15:52:46.2814719Z  [32m✓[39m src/novel/LocalHostSessionPanel.test.tsx [2m([22m[2m9 tests[22m[2m)[22m[33m 309[2mms[22m[39m
2026-10-09T15:52:47.5623033Z  [32m✓[39m src/novel/PluginInspector.test.tsx [2m([22m[2m8 tests[22m[2m)[22m[90m 285[2mms[22m[39m
2026-10-09T15:52:47.9288229Z  [32m✓[39m src/experimental/BranchManuscriptPanel.test.tsx [2m([22m[2m6 tests[22m[2m)[22m[33m 351[2mms[22m[39m
2026-10-09T15:52:48.2956605Z  [32m✓[39m src/creative/IndependentStudioRelationships.test.tsx [2m([22m[2m5 tests[22m[2m)[22m[33m 1685[2mms[22m[39m
2026-10-09T15:52:48.2958763Z    [33m[2m✓[22m[39m studio relationship ownership and draft integration[2m > [22mkeeps a relationship draft across navigation attempts and prevents other asset mutations [33m682[2mms[22m[39m
2026-10-09T15:52:48.2961156Z    [33m[2m✓[22m[39m studio relationship ownership and draft integration[2m > [22msaves through the original asset owner and refreshes the source version without copying a target [33m338[2mms[22m[39m
2026-10-09T15:52:49.3877729Z  [32m✓[39m src/novel/MultimodalDirectorWorkspace.test.tsx [2m([22m[2m11 tests[22m[2m)[22m[33m 757[2mms[22m[39m
2026-10-09T15:52:49.5435683Z  [32m✓[39m src/novel/AiWritingPanel.test.tsx [2m([22m[2m12 tests[22m[2m)[22m[33m 567[2mms[22m[39m
2026-10-09T15:52:49.6302382Z  [32m✓[39m src/novel/FirstUsePanel.test.tsx [2m([22m[2m8 tests[22m[2m)[22m[33m 310[2mms[22m[39m
2026-10-09T15:52:50.7713719Z  [32m✓[39m src/experimental/WorkspaceInteractionPanel.test.tsx [2m([22m[2m13 tests[22m[2m)[22m[33m 371[2mms[22m[39m
2026-10-09T15:52:50.8024878Z  [32m✓[39m src/novel/WorkflowScopeGuards.test.tsx [2m([22m[2m20 tests[22m[2m)[22m[33m 469[2mms[22m[39m
2026-10-09T15:52:51.4264662Z  [32m✓[39m src/experimental/MediaPanel.continuation.test.tsx [2m([22m[2m6 tests[22m[2m)[22m[33m 796[2mms[22m[39m
2026-10-09T15:52:52.1363983Z  [32m✓[39m src/experimental/AdapterReceiptProjection.test.tsx [2m([22m[2m8 tests[22m[2m)[22m[33m 391[2mms[22m[39m
2026-10-09T15:52:53.0495192Z  [32m✓[39m src/experimental/MediaPanel.recovery.test.tsx [2m([22m[2m7 tests[22m[2m)[22m[33m 516[2mms[22m[39m
2026-10-09T15:52:54.1978450Z  [32m✓[39m src/AppStorySourceNavigation.test.tsx [2m([22m[2m9 tests[22m[2m)[22m[33m 844[2mms[22m[39m
2026-10-09T15:52:54.2724497Z  [32m✓[39m src/experimental/WorkspaceSearch.test.tsx [2m([22m[2m6 tests[22m[2m)[22m[33m 2526[2mms[22m[39m
2026-10-09T15:52:54.2726307Z    [33m[2m✓[22m[39m sends scoped filters, pages and a safe rebuild through the captured client [33m815[2mms[22m[39m
2026-10-09T15:52:54.2729263Z    [33m[2m✓[22m[39m cancels server work, drops late bodies/counts/suggestions, and permits retry [33m330[2mms[22m[39m
2026-10-09T15:52:54.2730478Z    [33m[2m✓[22m[39m does not search unfinished IME composition and submits the completed Chinese text [33m624[2mms[22m[39m
2026-10-09T15:52:54.3547178Z  [32m✓[39m src/novel/AuthorSourcePicker.test.tsx [2m([22m[2m5 tests[22m[2m)[22m[33m 457[2mms[22m[39m
2026-10-09T15:52:54.9464795Z  [32m✓[39m src/interop/client.test.ts [2m([22m[2m10 tests[22m[2m)[22m[90m 22[2mms[22m[39m
2026-10-09T15:52:55.4865129Z  [32m✓[39m src/experimental/NarrativeJudgeModelPanel.test.tsx [2m([22m[2m6 tests[22m[2m)[22m[90m 272[2mms[22m[39m
2026-10-09T15:52:55.6510929Z  [32m✓[39m src/experimental/PortableProjectsPanel.maintenance.test.tsx [2m([22m[2m5 tests[22m[2m)[22m[33m 401[2mms[22m[39m
2026-10-09T15:52:56.6614865Z  [32m✓[39m src/AIEnvironmentSummaryOwner.test.tsx [2m([22m[2m8 tests[22m[2m)[22m[90m 261[2mms[22m[39m
2026-10-09T15:52:57.2206705Z  [32m✓[39m src/novel/PendingCanonReviewPanel.test.tsx [2m([22m[2m7 tests[22m[2m)[22m[33m 489[2mms[22m[39m
2026-10-09T15:52:57.5115008Z  [32m✓[39m src/novel/StoryRecordLifecycle.test.tsx [2m([22m[2m20 tests[22m[2m)[22m[33m 1518[2mms[22m[39m
2026-10-09T15:52:57.8810019Z  [32m✓[39m src/WorkspaceAdminPanel.test.tsx [2m([22m[2m6 tests[22m[2m)[22m[90m 238[2mms[22m[39m
2026-10-09T15:52:59.0137385Z  [32m✓[39m src/creative/IndependentStudioSequentialImport.test.tsx [2m([22m[2m2 tests[22m[2m)[22m[33m 748[2mms[22m[39m
2026-10-09T15:52:59.0139099Z    [33m[2m✓[22m[39m independent studio sequential import readiness[2m > [22mdoes not advertise readiness at lineage completion while the asset list refresh is still pending, then imports the next file once [33m605[2mms[22m[39m
2026-10-09T15:52:59.0197250Z  [32m✓[39m src/novel/ScreenplayPanel.revision.test.tsx [2m([22m[2m5 tests[22m[2m)[22m[33m 470[2mms[22m[39m
2026-10-09T15:52:59.2659314Z  [32m✓[39m src/experimental/WorkflowInspectionPanel.test.tsx [2m([22m[2m6 tests[22m[2m)[22m[33m 437[2mms[22m[39m
2026-10-09T15:53:00.1985057Z  [32m✓[39m src/novel/AiContextPreviewPanel.test.tsx [2m([22m[2m6 tests[22m[2m)[22m[33m 324[2mms[22m[39m
2026-10-09T15:53:00.3562231Z  [32m✓[39m src/experimental/PortableProjectsPanel.test.tsx [2m([22m[2m5 tests[22m[2m)[22m[33m 451[2mms[22m[39m
2026-10-09T15:53:01.1148235Z  [32m✓[39m src/localAiDiscoveryConsentApi.test.ts [2m([22m[2m20 tests[22m[2m)[22m[90m 23[2mms[22m[39m
2026-10-09T15:53:01.5563902Z  [32m✓[39m src/AppAdaptationNavigation.test.tsx [2m([22m[2m12 tests[22m[2m)[22m[33m 777[2mms[22m[39m
2026-10-09T15:53:02.6741831Z  [32m✓[39m src/experimental/EmbeddingPanel.continuation.test.tsx [2m([22m[2m5 tests[22m[2m)[22m[33m 572[2mms[22m[39m
2026-10-09T15:53:02.7374803Z  [32m✓[39m src/novel/ExportPanel.scope.test.tsx [2m([22m[2m13 tests[22m[2m)[22m[33m 1534[2mms[22m[39m
2026-10-09T15:53:03.0204846Z  [32m✓[39m src/novel/EntryExperience.studio.test.tsx [2m([22m[2m6 tests[22m[2m)[22m[33m 312[2mms[22m[39m
2026-10-09T15:53:03.7525378Z  [32m✓[39m src/AIEnvironmentSummary.test.tsx [2m([22m[2m7 tests[22m[2m)[22m[90m 206[2mms[22m[39m
2026-10-09T15:53:03.9715264Z  [32m✓[39m src/creative/AIDirectorFastReceipt.test.tsx [2m([22m[2m3 tests[22m[2m)[22m[90m 294[2mms[22m[39m
2026-10-09T15:53:04.3634707Z  [32m✓[39m src/novel/FindingReviewPanel.test.tsx [2m([22m[2m5 tests[22m[2m)[22m[33m 343[2mms[22m[39m
2026-10-09T15:53:04.7344928Z  [32m✓[39m src/creative/graphCanvasGeometry.test.ts [2m([22m[2m9 tests[22m[2m)[22m[90m 18[2mms[22m[39m
2026-10-09T15:53:05.3714490Z  [32m✓[39m src/experimental/RegisteredMediaPanel.test.tsx [2m([22m[2m4 tests[22m[2m)[22m[33m 646[2mms[22m[39m
2026-10-09T15:53:05.6633459Z  [32m✓[39m src/ConflictDialog.test.tsx [2m([22m[2m6 tests[22m[2m)[22m[90m 78[2mms[22m[39m
2026-10-09T15:53:05.7771336Z  [32m✓[39m src/novel/AdaptationPanel.test.tsx [2m([22m[2m6 tests[22m[2m)[22m[33m 446[2mms[22m[39m
2026-10-09T15:53:06.6535560Z  [32m✓[39m src/novel/AIPlanningPanel.test.tsx [2m([22m[2m6 tests[22m[2m)[22m[33m 339[2mms[22m[39m
2026-10-09T15:53:06.8323754Z  [32m✓[39m src/novel/AudiobookManifestPanel.test.tsx [2m([22m[2m4 tests[22m[2m)[22m[33m 312[2mms[22m[39m
2026-10-09T15:53:06.9034744Z  [32m✓[39m src/experimental/RevisionComparisonModelPanel.test.tsx [2m([22m[2m4 tests[22m[2m)[22m[90m 204[2mms[22m[39m
2026-10-09T15:53:07.9751845Z  [32m✓[39m src/novel/VideoTimeline.test.tsx [2m([22m[2m12 tests[22m[2m)[22m[90m 132[2mms[22m[39m
2026-10-09T15:53:08.0577894Z  [32m✓[39m src/novel/CharacterAuthorPanel.test.tsx [2m([22m[2m3 tests[22m[2m)[22m[33m 394[2mms[22m[39m
2026-10-09T15:53:08.2170746Z  [32m✓[39m src/novel/AdaptationLifecycleControls.test.tsx [2m([22m[2m4 tests[22m[2m)[22m[33m 435[2mms[22m[39m
2026-10-09T15:53:09.3975709Z  [32m✓[39m src/experimental/DirectorPanel.test.tsx [2m([22m[2m3 tests[22m[2m)[22m[33m 460[2mms[22m[39m
2026-10-09T15:53:09.4570073Z  [32m✓[39m src/novel/AiWritingVariants.test.tsx [2m([22m[2m6 tests[22m[2m)[22m[33m 427[2mms[22m[39m
2026-10-09T15:53:10.0223519Z  [32m✓[39m src/novel/ExportPanel.recovery.test.tsx [2m([22m[2m4 tests[22m[2m)[22m[33m 839[2mms[22m[39m
2026-10-09T15:53:10.0227473Z    [33m[2m✓[22m[39m rediscovers the same durable job and snapshot after full remount and downloads it [33m472[2mms[22m[39m
2026-10-09T15:53:10.5656125Z  [32m✓[39m src/novel/AuthorSourceItems.test.tsx [2m([22m[2m4 tests[22m[2m)[22m[90m 236[2mms[22m[39m
2026-10-09T15:53:10.6291826Z  [32m✓[39m src/creative/DirectorModelControls.test.tsx [2m([22m[2m3 tests[22m[2m)[22m[90m 164[2mms[22m[39m
2026-10-09T15:53:11.2554785Z  [32m✓[39m src/experimental/TimelineExchangePanel.test.tsx [2m([22m[2m4 tests[22m[2m)[22m[90m 259[2mms[22m[39m
2026-10-09T15:53:11.3143651Z  [32m✓[39m src/workspaceSelection.v2.test.ts [2m([22m[2m10 tests[22m[2m)[22m[90m 9[2mms[22m[39m
2026-10-09T15:53:12.0574948Z  [32m✓[39m src/drafts.test.ts [2m([22m[2m6 tests[22m[2m)[22m[90m 28[2mms[22m[39m
2026-10-09T15:53:12.3766296Z  [32m✓[39m src/experimental/PlanningPanel.recovery.test.tsx [2m([22m[2m2 tests[22m[2m)[22m[33m 741[2mms[22m[39m
2026-10-09T15:53:12.3767993Z    [33m[2m✓[22m[39m planning same-node version recovery[2m > [22mretains local edits after external change and only rebases through an explicit action [33m442[2mms[22m[39m
2026-10-09T15:53:12.5724964Z  [32m✓[39m src/interop/DesktopIntegrationDetails.test.tsx [2m([22m[2m19 tests[22m[2m)[22m[33m 311[2mms[22m[39m
2026-10-09T15:53:13.3265112Z  [32m✓[39m src/WorkspaceManagement.test.tsx [2m([22m[2m5 tests[22m[2m)[22m[90m 115[2mms[22m[39m
2026-10-09T15:53:13.6557291Z  [32m✓[39m src/ui/AppShell.projectNoun.test.tsx [2m([22m[2m12 tests[22m[2m)[22m[90m 193[2mms[22m[39m
2026-10-09T15:53:14.3165115Z  [32m✓[39m src/AppProjectStory.test.tsx [2m([22m[2m4 tests[22m[2m)[22m[33m 703[2mms[22m[39m
2026-10-09T15:53:14.5945213Z  [32m✓[39m src/novel/AgentTeamPanel.additional.test.tsx [2m([22m[2m5 tests[22m[2m)[22m[33m 353[2mms[22m[39m
2026-10-09T15:53:14.7159120Z  [32m✓[39m src/experimental/TranslationMemoryPanel.test.tsx [2m([22m[2m4 tests[22m[2m)[22m[90m 184[2mms[22m[39m
2026-10-09T15:53:15.5041552Z  [32m✓[39m src/Editor.anchor.test.tsx [2m([22m[2m3 tests[22m[2m)[22m[90m 145[2mms[22m[39m
2026-10-09T15:53:15.6384808Z  [32m✓[39m src/novel/MotionTaskWorkspace.test.tsx [2m([22m[2m5 tests[22m[2m)[22m[90m 215[2mms[22m[39m
2026-10-09T15:53:15.7360824Z  [32m✓[39m src/novel/NovelImportPanel.test.tsx [2m([22m[2m3 tests[22m[2m)[22m[90m 91[2mms[22m[39m
2026-10-09T15:53:16.6482707Z  [32m✓[39m src/novel/VisualReferencePanel.test.tsx [2m([22m[2m3 tests[22m[2m)[22m[90m 287[2mms[22m[39m
2026-10-09T15:53:16.6841701Z  [32m✓[39m src/ui/MediaProviderSettings.test.tsx [2m([22m[2m3 tests[22m[2m)[22m[90m 150[2mms[22m[39m
2026-10-09T15:53:17.2597582Z  [32m✓[39m src/ui/FeatureLauncher.test.tsx [2m([22m[2m5 tests[22m[2m)[22m[33m 533[2mms[22m[39m
2026-10-09T15:53:17.6545078Z  [32m✓[39m src/RevisionPanel.test.tsx [2m([22m[2m4 tests[22m[2m)[22m[90m 127[2mms[22m[39m
2026-10-09T15:53:17.9401155Z  [32m✓[39m src/experimental/SharedUniversePanel.test.tsx [2m([22m[2m3 tests[22m[2m)[22m[33m 302[2mms[22m[39m
2026-10-09T15:53:18.8280169Z  [32m✓[39m src/experimental/ResearchLibraryPanel.continuation.test.tsx [2m([22m[2m3 tests[22m[2m)[22m[33m 641[2mms[22m[39m
2026-10-09T15:53:18.9984858Z  [32m✓[39m src/novel/ImageInfiniteCanvas.test.tsx [2m([22m[2m6 tests[22m[2m)[22m[33m 304[2mms[22m[39m
2026-10-09T15:53:19.1828628Z  [32m✓[39m src/novel/ChapterTree.accessibility.test.tsx [2m([22m[2m5 tests[22m[2m)[22m[90m 179[2mms[22m[39m
2026-10-09T15:53:20.1722684Z  [32m✓[39m src/novel/VisualTextWorkflow.test.tsx [2m([22m[2m3 tests[22m[2m)[22m[90m 171[2mms[22m[39m
2026-10-09T15:53:20.2090049Z  [32m✓[39m src/creative/ProductionTimeline.test.tsx [2m([22m[2m4 tests[22m[2m)[22m[33m 363[2mms[22m[39m
2026-10-09T15:53:20.3420532Z  [32m✓[39m src/novel/ChapterTree.test.tsx [2m([22m[2m5 tests[22m[2m)[22m[90m 251[2mms[22m[39m
2026-10-09T15:53:21.3452679Z  [32m✓[39m src/experimental/TaskOwnerNavigation.continuation.test.tsx [2m([22m[2m4 tests[22m[2m)[22m[90m 291[2mms[22m[39m
2026-10-09T15:53:21.4941704Z  [32m✓[39m src/Editor.recovery.test.tsx [2m([22m[2m4 tests[22m[2m)[22m[90m 223[2mms[22m[39m
2026-10-09T15:53:22.1024967Z  [32m✓[39m src/AppWritingGoalRecovery.test.tsx [2m([22m[2m4 tests[22m[2m)[22m[33m 324[2mms[22m[39m
2026-10-09T15:53:22.3974966Z  [32m✓[39m src/novel/DirectorShotList.test.tsx [2m([22m[2m6 tests[22m[2m)[22m[90m 199[2mms[22m[39m
2026-10-09T15:53:22.4240640Z  [32m✓[39m src/novel/useMultimodalWorkspacePersistence.test.ts [2m([22m[2m7 tests[22m[2m)[22m[90m 27[2mms[22m[39m
2026-10-09T15:53:22.8692037Z  [32m✓[39m src/localHostSession.test.ts [2m([22m[2m6 tests[22m[2m)[22m[90m 14[2mms[22m[39m
2026-10-09T15:53:23.3274941Z  [32m✓[39m src/PermissionManagement.test.tsx [2m([22m[2m3 tests[22m[2m)[22m[90m 102[2mms[22m[39m
2026-10-09T15:53:23.5229293Z  [32m✓[39m src/novel/CreationWorkbenchPanel.test.tsx [2m([22m[2m4 tests[22m[2m)[22m[90m 205[2mms[22m[39m
2026-10-09T15:53:24.0417284Z  [32m✓[39m src/novel/WorldTimelineView.test.tsx [2m([22m[2m3 tests[22m[2m)[22m[90m 199[2mms[22m[39m
2026-10-09T15:53:24.6115222Z  [32m✓[39m src/experimental/ExperimentalWorkbench.continuation.test.tsx [2m([22m[2m5 tests[22m[2m)[22m[90m 94[2mms[22m[39m
2026-10-09T15:53:24.7465157Z  [32m✓[39m src/ui/ModelCenterOnboarding.test.tsx [2m([22m[2m3 tests[22m[2m)[22m[90m 219[2mms[22m[39m
2026-10-09T15:53:25.2461451Z  [32m✓[39m src/novel/A43ChapterIdentity.test.tsx [2m([22m[2m2 tests[22m[2m)[22m[90m 200[2mms[22m[39m
2026-10-09T15:53:25.8584420Z  [32m✓[39m src/Editor.a43-rich.test.tsx [2m([22m[2m3 tests[22m[2m)[22m[90m 148[2mms[22m[39m
2026-10-09T15:53:26.1438662Z  [32m✓[39m src/novel/AssetLibraryPanel.test.tsx [2m([22m[2m4 tests[22m[2m)[22m[33m 314[2mms[22m[39m
2026-10-09T15:53:26.3499197Z  [32m✓[39m src/ui/primitives.test.tsx [2m([22m[2m4 tests[22m[2m)[22m[90m 115[2mms[22m[39m
2026-10-09T15:53:26.7893374Z  [32m✓[39m src/ui/SaveControls.test.tsx [2m([22m[2m5 tests[22m[2m)[22m[90m 35[2mms[22m[39m
2026-10-09T15:53:27.4645613Z  [32m✓[39m src/novel/ChapterTree.lifecycle.test.tsx [2m([22m[2m5 tests[22m[2m)[22m[33m 340[2mms[22m[39m
2026-10-09T15:53:27.4937546Z  [32m✓[39m src/novel/AgentTeamPanel.test.tsx [2m([22m[2m2 tests[22m[2m)[22m[90m 187[2mms[22m[39m
2026-10-09T15:53:27.8790237Z  [32m✓[39m src/novel/SourcePrivacyControl.test.tsx [2m([22m[2m2 tests[22m[2m)[22m[90m 151[2mms[22m[39m
2026-10-09T15:53:28.6805002Z  [32m✓[39m src/novel/WorldRelationshipGraph.test.tsx [2m([22m[2m4 tests[22m[2m)[22m[90m 173[2mms[22m[39m
2026-10-09T15:53:28.7147433Z  [32m✓[39m src/novel/WorkflowPanel.test.tsx [2m([22m[2m2 tests[22m[2m)[22m[33m 313[2mms[22m[39m
2026-10-09T15:53:29.2892545Z  [32m✓[39m src/RevisionHistory.independent-audit.test.tsx [2m([22m[2m3 tests[22m[2m)[22m[90m 139[2mms[22m[39m
2026-10-09T15:53:29.8595133Z  [32m✓[39m src/novel/WorldBuildingDashboard.test.tsx [2m([22m[2m4 tests[22m[2m)[22m[90m 198[2mms[22m[39m
2026-10-09T15:53:29.8647730Z  [32m✓[39m src/novel/SpeechSynthesisPanel.test.tsx [2m([22m[2m3 tests[22m[2m)[22m[90m 236[2mms[22m[39m
2026-10-09T15:53:30.9502076Z  [32m✓[39m src/experimental/VoiceDirectionPanel.continuation.test.tsx [2m([22m[2m3 tests[22m[2m)[22m[90m 179[2mms[22m[39m
2026-10-09T15:53:31.0172096Z  [32m✓[39m src/experimental/EmbeddingPanel.hybrid.test.tsx [2m([22m[2m2 tests[22m[2m)[22m[90m 288[2mms[22m[39m
2026-10-09T15:53:31.1555263Z  [32m✓[39m src/AppWorldSummary.test.tsx [2m([22m[2m3 tests[22m[2m)[22m[33m 364[2mms[22m[39m
2026-10-09T15:53:31.7194861Z  [32m✓[39m src/AuditColdStorage.test.ts [2m([22m[2m4 tests[22m[2m)[22m[90m 42[2mms[22m[39m
2026-10-09T15:53:32.0176488Z  [32m✓[39m src/novel/GenerationWorkflowTimeline.test.tsx [2m([22m[2m7 tests[22m[2m)[22m[90m 103[2mms[22m[39m
2026-10-09T15:53:32.4966687Z  [32m✓[39m src/ui/ModuleWorkspaceRoutes.test.tsx [2m([22m[2m7 tests[22m[2m)[22m[90m 268[2mms[22m[39m
2026-10-09T15:53:33.1844922Z  [32m✓[39m src/novel/ImageQueuePanel.test.tsx [2m([22m[2m2 tests[22m[2m)[22m[90m 195[2mms[22m[39m
2026-10-09T15:53:33.2592192Z  [32m✓[39m src/StorySearchNavigation.test.tsx [2m([22m[2m1 test[22m[2m)[22m[90m 84[2mms[22m[39m
2026-10-09T15:53:33.6357353Z  [32m✓[39m src/experimental/DeferredExperimentalWorkbench.test.tsx [2m([22m[2m2 tests[22m[2m)[22m[90m 157[2mms[22m[39m
2026-10-09T15:53:34.3287470Z  [32m✓[39m src/creative/AssetRelationshipsRedaction.test.tsx [2m([22m[2m1 test[22m[2m)[22m[90m 216[2mms[22m[39m
2026-10-09T15:53:34.4015001Z  [32m✓[39m src/novel/ContinuityCheckPanel.test.tsx [2m([22m[2m2 tests[22m[2m)[22m[90m 169[2mms[22m[39m
2026-10-09T15:53:34.8092202Z  [32m✓[39m src/experimental/InboxPanel.findings.test.tsx [2m([22m[2m2 tests[22m[2m)[22m[90m 293[2mms[22m[39m
2026-10-09T15:53:35.4274843Z  [32m✓[39m src/novel/DirectorShotCard.test.tsx [2m([22m[2m4 tests[22m[2m)[22m[90m 163[2mms[22m[39m
2026-10-09T15:53:35.5126679Z  [32m✓[39m src/experimental/ProductionLineagePanel.continuation.test.tsx [2m([22m[2m2 tests[22m[2m)[22m[90m 229[2mms[22m[39m
2026-10-09T15:53:35.6695440Z  [32m✓[39m src/localAiDiscoveryApi.test.ts [2m([22m[2m3 tests[22m[2m)[22m[90m 20[2mms[22m[39m
2026-10-09T15:53:36.6092788Z  [32m✓[39m src/experimental/ModelBenchmarkPanel.continuation.test.tsx [2m([22m[2m1 test[22m[2m)[22m[90m 217[2mms[22m[39m
2026-10-09T15:53:36.6529804Z  [32m✓[39m src/novel/AgentQueuePanel.test.tsx [2m([22m[2m2 tests[22m[2m)[22m[90m 200[2mms[22m[39m
2026-10-09T15:53:36.7017121Z  [32m✓[39m src/novel/ScreenplayPipelinePanel.test.tsx [2m([22m[2m3 tests[22m[2m)[22m[90m 119[2mms[22m[39m
2026-10-09T15:53:37.7573715Z  [32m✓[39m src/novel/AuthorRequestControls.test.tsx [2m([22m[2m2 tests[22m[2m)[22m[90m 121[2mms[22m[39m
2026-10-09T15:53:37.7575811Z  [32m✓[39m src/novel/AudioGenerationPanel.test.tsx [2m([22m[2m2 tests[22m[2m)[22m[90m 209[2mms[22m[39m
2026-10-09T15:53:37.7589354Z  [32m✓[39m src/novel/RuntimeDiagnostics.test.tsx [2m([22m[2m3 tests[22m[2m)[22m[90m 134[2mms[22m[39m
2026-10-09T15:53:38.4820339Z  [32m✓[39m src/ui/taskSummary.test.ts [2m([22m[2m4 tests[22m[2m)[22m[90m 6[2mms[22m[39m
2026-10-09T15:53:38.7815192Z  [32m✓[39m src/ui/AiControlCenter.test.tsx [2m([22m[2m1 test[22m[2m)[22m[90m 125[2mms[22m[39m
2026-10-09T15:53:38.9384519Z  [32m✓[39m src/novel/VideoTaskInspector.test.tsx [2m([22m[2m3 tests[22m[2m)[22m[90m 109[2mms[22m[39m
2026-10-09T15:53:39.5904832Z  [32m✓[39m src/novel/GenerationRecoveryPicker.test.tsx [2m([22m[2m2 tests[22m[2m)[22m[90m 182[2mms[22m[39m
2026-10-09T15:53:39.9129172Z  [32m✓[39m src/interop/entryScopeReview.test.tsx [2m([22m[2m1 test[22m[2m)[22m[90m 173[2mms[22m[39m
2026-10-09T15:53:39.9224886Z  [32m✓[39m src/experimental/shared.test.tsx [2m([22m[2m2 tests[22m[2m)[22m[90m 92[2mms[22m[39m
2026-10-09T15:53:40.5875135Z  [32m✓[39m src/novel/NovelOverviewPanel.test.tsx [2m([22m[2m1 test[22m[2m)[22m[90m 75[2mms[22m[39m
2026-10-09T15:53:40.6974974Z  [32m✓[39m src/generationRecovery.test.ts [2m([22m[2m3 tests[22m[2m)[22m[90m 12[2mms[22m[39m
2026-10-09T15:53:40.9957678Z  [32m✓[39m src/novel/StoryPlanningWorkspace.test.tsx [2m([22m[2m2 tests[22m[2m)[22m[90m 132[2mms[22m[39m
2026-10-09T15:53:41.7483283Z  [32m✓[39m src/interop/entry.test.tsx [2m([22m[2m1 test[22m[2m)[22m[90m 147[2mms[22m[39m
2026-10-09T15:53:41.7569742Z  [32m✓[39m src/experimental/InteractiveStoryHistory.test.tsx [2m([22m[2m1 test[22m[2m)[22m[90m 134[2mms[22m[39m
2026-10-09T15:53:42.0775660Z  [32m✓[39m src/novel/AgentActivityCenter.test.tsx [2m([22m[2m2 tests[22m[2m)[22m[90m 135[2mms[22m[39m
2026-10-09T15:53:42.4741757Z  [32m✓[39m src/workspaceSelection.test.ts [2m([22m[2m3 tests[22m[2m)[22m[90m 5[2mms[22m[39m
2026-10-09T15:53:42.7974923Z  [32m✓[39m src/novel/AssetInspector.test.tsx [2m([22m[2m2 tests[22m[2m)[22m[90m 91[2mms[22m[39m
2026-10-09T15:53:43.1464916Z  [32m✓[39m src/creative/BlankProjectEntry.test.tsx [2m([22m[2m2 tests[22m[2m)[22m[90m 137[2mms[22m[39m
2026-10-09T15:53:43.5715308Z  [32m✓[39m src/novel/MotionPrivacyPanel.test.tsx [2m([22m[2m1 test[22m[2m)[22m[90m 122[2mms[22m[39m
2026-10-09T15:53:43.7237194Z  [32m✓[39m src/novel/ConstraintImportPreview.test.tsx [2m([22m[2m2 tests[22m[2m)[22m[90m 72[2mms[22m[39m
2026-10-09T15:53:43.9933239Z  [32m✓[39m src/localAiEnvironmentApi.test.ts [2m([22m[2m2 tests[22m[2m)[22m[90m 9[2mms[22m[39m
2026-10-09T15:53:44.6230777Z  [32m✓[39m src/ui/AuthorTerminology.test.tsx [2m([22m[2m2 tests[22m[2m)[22m[90m 16[2mms[22m[39m
2026-10-09T15:53:44.6593080Z  [32m✓[39m src/novel/VideoAssemblyPanel.test.tsx [2m([22m[2m1 test[22m[2m)[22m[90m 166[2mms[22m[39m
2026-10-09T15:53:45.1130134Z  [32m✓[39m src/novel/SceneEditor.test.tsx [2m([22m[2m1 test[22m[2m)[22m[90m 115[2mms[22m[39m
2026-10-09T15:53:45.6685023Z  [32m✓[39m src/novel/AgentResultReview.test.tsx [2m([22m[2m2 tests[22m[2m)[22m[90m 96[2mms[22m[39m
2026-10-09T15:53:45.8778618Z  [32m✓[39m src/experimental/WorldPanel.test.tsx [2m([22m[2m1 test[22m[2m)[22m[90m 220[2mms[22m[39m
2026-10-09T15:53:46.1335824Z  [32m✓[39m src/novel/ForeshadowingEditor.test.tsx [2m([22m[2m1 test[22m[2m)[22m[90m 113[2mms[22m[39m
2026-10-09T15:53:46.6142103Z  [32m✓[39m src/experimental/revisionLocks.test.ts [2m([22m[2m2 tests[22m[2m)[22m[90m 40[2mms[22m[39m
2026-10-09T15:53:46.7554903Z  [32m✓[39m src/novel/ScreenplayPanel.motion-binding.test.ts [2m([22m[2m2 tests[22m[2m)[22m[90m 6[2mms[22m[39m
2026-10-09T15:53:47.2692671Z  [32m✓[39m src/novel/StoryDatabase.test.tsx [2m([22m[2m2 tests[22m[2m)[22m[90m 90[2mms[22m[39m
2026-10-09T15:53:47.4743300Z  [32m✓[39m src/novel/useMultimodalBindingManifest.test.ts [2m([22m[2m2 tests[22m[2m)[22m[90m 19[2mms[22m[39m
2026-10-09T15:53:47.9944520Z  [32m✓[39m src/novel/StoryRecordNavigation.test.tsx [2m([22m[2m2 tests[22m[2m)[22m[90m 235[2mms[22m[39m
2026-10-09T15:53:48.3872675Z  [32m✓[39m src/novel/ImageTaskInspector.test.tsx [2m([22m[2m2 tests[22m[2m)[22m[90m 86[2mms[22m[39m
2026-10-09T15:53:48.6013714Z  [32m✓[39m src/novel/VisualContextPanel.test.tsx [2m([22m[2m2 tests[22m[2m)[22m[90m 70[2mms[22m[39m
2026-10-09T15:53:49.1378137Z  [32m✓[39m src/novel/RelationshipEditor.test.tsx [2m([22m[2m1 test[22m[2m)[22m[90m 129[2mms[22m[39m
2026-10-09T15:53:49.4340047Z  [32m✓[39m src/novel/TimelineEditor.test.tsx [2m([22m[2m1 test[22m[2m)[22m[90m 127[2mms[22m[39m
2026-10-09T15:53:49.7219218Z  [32m✓[39m src/novel/OutlineEditor.test.tsx [2m([22m[2m1 test[22m[2m)[22m[90m 115[2mms[22m[39m
2026-10-09T15:53:50.2415063Z  [32m✓[39m src/novel/AudioTaskInspector.test.tsx [2m([22m[2m2 tests[22m[2m)[22m[90m 85[2mms[22m[39m
2026-10-09T15:53:50.3863551Z  [32m✓[39m src/novel/WorkflowPanel.independent-audit.test.tsx [2m([22m[2m1 test[22m[2m)[22m[90m 55[2mms[22m[39m
2026-10-09T15:53:50.9577509Z  [32m✓[39m src/novel/StoryRouteEditor.test.tsx [2m([22m[2m1 test[22m[2m)[22m[90m 145[2mms[22m[39m
2026-10-09T15:53:51.4215118Z  [32m✓[39m src/ui/CapabilityRoadmapPanel.test.tsx [2m([22m[2m1 test[22m[2m)[22m[90m 103[2mms[22m[39m
2026-10-09T15:53:51.4284758Z  [32m✓[39m src/novel/CharacterEditor.test.tsx [2m([22m[2m1 test[22m[2m)[22m[90m 142[2mms[22m[39m
2026-10-09T15:53:52.1224211Z  [32m✓[39m src/novel/VolumeEditor.test.tsx [2m([22m[2m1 test[22m[2m)[22m[90m 128[2mms[22m[39m
2026-10-09T15:53:52.5094376Z  [32m✓[39m src/novel/WorkflowInspector.test.tsx [2m([22m[2m2 tests[22m[2m)[22m[90m 87[2mms[22m[39m
2026-10-09T15:53:52.5360149Z  [32m✓[39m src/ui/CapabilityStatusCenter.test.tsx [2m([22m[2m1 test[22m[2m)[22m[90m 51[2mms[22m[39m
2026-10-09T15:53:53.3045658Z  [32m✓[39m src/novel/LocationEditor.test.tsx [2m([22m[2m1 test[22m[2m)[22m[90m 134[2mms[22m[39m
2026-10-09T15:53:53.4975090Z  [32m✓[39m src/novel/DirectorVoiceToolbar.test.tsx [2m([22m[2m1 test[22m[2m)[22m[90m 33[2mms[22m[39m
2026-10-09T15:53:53.5836305Z  [32m✓[39m src/novel/WorldSummaryEditor.test.tsx [2m([22m[2m1 test[22m[2m)[22m[90m 103[2mms[22m[39m
2026-10-09T15:53:53.8905862Z  [32m✓[39m src/creative/studioClient.test.ts [2m([22m[2m38 tests[22m[2m)[22m[90m 28[2mms[22m[39m
2026-10-09T15:53:53.8916251Z  [32m✓[39m src/creative/studioGraphClient.test.ts [2m([22m[2m48 tests[22m[2m)[22m[90m 30[2mms[22m[39m
2026-10-09T15:53:54.1842819Z  [32m✓[39m tests/r3FixtureLifecycle.test.ts [2m([22m[2m17 tests[22m[2m)[22m[90m 25[2mms[22m[39m
2026-10-09T15:53:54.2135715Z  [32m✓[39m src/novel/BindingManifestPanel.test.tsx [2m([22m[2m1 test[22m[2m)[22m[90m 34[2mms[22m[39m
2026-10-09T15:53:54.2231400Z  [32m✓[39m src/creative/studioRelationshipsClient.test.ts [2m([22m[2m58 tests[22m[2m)[22m[90m 32[2mms[22m[39m
2026-10-09T15:53:54.4443298Z  [2m[90m↓[39m[22m tests/localInteropRealHost.test.ts [2m([22m[2m2 tests[22m[2m | [22m[33m2 skipped[39m[2m)[22m
2026-10-09T15:53:54.4476008Z  [32m✓[39m src/creative/graphDraft.test.ts [2m([22m[2m39 tests[22m[2m)[22m[90m 12[2mms[22m[39m
2026-10-09T15:53:54.5044513Z  [32m✓[39m src/creative/studioStorageAdmissionClient.test.ts [2m([22m[2m44 tests[22m[2m)[22m[90m 24[2mms[22m[39m
2026-10-09T15:53:54.7074608Z  [32m✓[39m src/creative/client.test.ts [2m([22m[2m11 tests[22m[2m)[22m[90m 14[2mms[22m[39m
2026-10-09T15:53:55.0354862Z  [32m✓[39m src/interop/ChapterWireIdentity.test.ts [2m([22m[2m3 tests[22m[2m)[22m[90m 35[2mms[22m[39m
2026-10-09T15:53:55.1395668Z  [32m✓[39m src/e2eDatabaseContract.test.ts [2m([22m[2m20 tests[22m[2m)[22m[33m 463[2mms[22m[39m
2026-10-09T15:53:55.1458213Z    [33m[2m✓[22m[39m E2E database environment contract[2m > [22mkeeps the DSN out of Playwright commands and scopes each child environment [33m428[2mms[22m[39m
2026-10-09T15:53:55.3313986Z  [32m✓[39m src/experimental/api.test.ts [2m([22m[2m5 tests[22m[2m)[22m[90m 29[2mms[22m[39m
2026-10-09T15:53:55.5560472Z  [32m✓[39m tests/workspaceResumeLayout.test.ts [2m([22m[2m5 tests[22m[2m)[22m[90m 5[2mms[22m[39m
2026-10-09T15:53:55.7619443Z  [32m✓[39m src/collaborationGuards.test.ts [2m([22m[2m7 tests[22m[2m)[22m[90m 5[2mms[22m[39m
2026-10-09T15:53:56.0260440Z  [32m✓[39m src/contracts.test.ts [2m([22m[2m7 tests[22m[2m)[22m[90m 26[2mms[22m[39m
2026-10-09T15:53:57.2430621Z  [32m✓[39m src/generationVariants.test.ts [2m([22m[2m7 tests[22m[2m)[22m[90m 5[2mms[22m[39m
2026-10-09T15:53:57.2538969Z  [32m✓[39m src/App.test.tsx [2m([22m[2m12 tests[22m[2m)[22m[90m 12[2mms[22m[39m
2026-10-09T15:53:57.4553041Z  [32m✓[39m src/packagedHost.test.ts [2m([22m[2m7 tests[22m[2m)[22m[90m 8[2mms[22m[39m
2026-10-09T15:53:57.4682820Z  [32m✓[39m src/productLanguage.test.ts [2m([22m[2m4 tests[22m[2m)[22m[90m 4[2mms[22m[39m
2026-10-09T15:53:57.6732846Z  [32m✓[39m src/novel/AdaptationRouteMatching.test.ts [2m([22m[2m1 test[22m[2m)[22m[90m 7[2mms[22m[39m
2026-10-09T15:53:57.7260070Z  [32m✓[39m src/experimental/api.surface-flags.test.ts [2m([22m[2m4 tests[22m[2m)[22m[90m 22[2mms[22m[39m
2026-10-09T15:53:57.8864902Z  [32m✓[39m tests/localInteropLayout.test.ts [2m([22m[2m3 tests[22m[2m)[22m[90m 6[2mms[22m[39m
2026-10-09T15:53:57.9197715Z  [32m✓[39m src/ui/FeatureLauncher.css.test.ts [2m([22m[2m3 tests[22m[2m)[22m[90m 3[2mms[22m[39m
2026-10-09T15:53:58.0933255Z  [32m✓[39m src/novel/ChapterTree.css.test.ts [2m([22m[2m4 tests[22m[2m)[22m[90m 4[2mms[22m[39m
2026-10-09T15:53:58.1476876Z  [32m✓[39m src/novel/firstUseClient.test.ts [2m([22m[2m2 tests[22m[2m)[22m[90m 5[2mms[22m[39m
2026-10-09T15:53:58.2931439Z  [32m✓[39m src/creative/CreativeWorkbenchEntry.test.ts [2m([22m[2m2 tests[22m[2m)[22m[90m 4[2mms[22m[39m
2026-10-09T15:53:58.3295800Z  [32m✓[39m tests/writingGoalLayout.test.ts [2m([22m[2m4 tests[22m[2m)[22m[90m 4[2mms[22m[39m
2026-10-09T15:53:58.4946506Z  [32m✓[39m src/novel/findingReviewClient.test.ts [2m([22m[2m2 tests[22m[2m)[22m[90m 6[2mms[22m[39m
2026-10-09T15:53:58.5419572Z  [32m✓[39m tests/uiContracts.test.ts [2m([22m[2m5 tests[22m[2m)[22m[90m 4[2mms[22m[39m
2026-10-09T15:53:58.6944678Z  [32m✓[39m src/novel/importRecovery.test.ts [2m([22m[2m2 tests[22m[2m)[22m[90m 5[2mms[22m[39m
2026-10-09T15:53:58.7521568Z  [32m✓[39m src/ui/scopeLabels.test.ts [2m([22m[2m4 tests[22m[2m)[22m[90m 3[2mms[22m[39m
2026-10-09T15:53:58.8790632Z  [32m✓[39m src/Editor.typography.test.ts [2m([22m[2m3 tests[22m[2m)[22m[90m 3[2mms[22m[39m
2026-10-09T15:53:58.9924814Z  [32m✓[39m src/planningProjectApi.test.ts [2m([22m[2m1 test[22m[2m)[22m[90m 5[2mms[22m[39m
2026-10-09T15:53:59.0937016Z  [32m✓[39m src/creative/adminStudioContext.test.ts [2m([22m[2m1 test[22m[2m)[22m[90m 7[2mms[22m[39m
2026-10-09T15:53:59.1973861Z  [32m✓[39m src/sourcePrivacyApi.test.ts [2m([22m[2m1 test[22m[2m)[22m[90m 7[2mms[22m[39m
2026-10-09T15:53:59.2835002Z  [32m✓[39m src/creative/ProductionTimeline.css.test.ts [2m([22m[2m1 test[22m[2m)[22m[90m 2[2mms[22m[39m
2026-10-09T15:53:59.3976821Z  [32m✓[39m src/experimental/writingFocus.layout.test.ts [2m([22m[2m1 test[22m[2m)[22m[90m 3[2mms[22m[39m
2026-10-09T15:53:59.5199431Z  [32m✓[39m src/novel/MotionTaskBatchControls.test.ts [2m([22m[2m1 test[22m[2m)[22m[90m 2[2mms[22m[39m
2026-10-09T15:54:01.1816313Z  [32m✓[39m src/novel/FountainParser.test.ts [2m([22m[2m21 tests[22m[2m)[22m[33m 5794[2mms[22m[39m
2026-10-09T15:54:01.1817942Z    [33m[2m✓[22m[39m complete independent fountain-js 1.2.4 parser[2m > [22mretains ALICE as a character and paragraphs as dialogue [33m304[2mms[22m[39m
2026-10-09T15:54:01.1819527Z    [33m[2m✓[22m[39m complete independent fountain-js 1.2.4 parser[2m > [22mpreserves syntax-looking action INT. FAKE - NIGHT [33m303[2mms[22m[39m
2026-10-09T15:54:01.1820666Z    [33m[2m✓[22m[39m complete independent fountain-js 1.2.4 parser[2m > [22mpreserves syntax-looking action # Not a section [33m314[2mms[22m[39m
2026-10-09T15:54:01.1822111Z    [33m[2m✓[22m[39m complete independent fountain-js 1.2.4 parser[2m > [22mpreserves syntax-looking action === [33m309[2mms[22m[39m
2026-10-09T15:54:01.1823544Z    [33m[2m✓[22m[39m complete independent fountain-js 1.2.4 parser[2m > [22mpreserves syntax-looking action ~Not lyrics [33m308[2mms[22m[39m
2026-10-09T15:54:01.1825004Z    [33m[2m✓[22m[39m complete independent fountain-js 1.2.4 parser[2m > [22mrejects multiline or dual-dialogue cue injection [33m423[2mms[22m[39m
2026-10-09T15:54:01.1956642Z 
2026-10-09T15:54:01.1980734Z [2m Test Files [22m [1m[32m261 passed[39m[22m[2m | [22m[33m2 skipped[39m[90m (263)[39m
2026-10-09T15:54:01.1993944Z [2m      Tests [22m [1m[32m1981 passed[39m[22m[2m | [22m[33m8 skipped[39m[90m (1989)[39m
2026-10-09T15:54:01.1995036Z [2m   Start at [22m 15:51:53
2026-10-09T15:54:01.1996223Z [2m   Duration [22m 127.77s[2m (transform 10.01s, setup 0ms, collect 70.09s, tests 137.88s, environment 115.40s, prepare 20.32s)[22m
2026-10-09T15:54:01.1997020Z 
2026-10-09T15:54:01.4925190Z JUNIT report written to /home/runner/work/_temp/novel-ci-frontend.BG4SNX/receipts/frontend.xml
2026-10-09T15:54:01.5882641Z ##[group]Run set -o pipefail
2026-10-09T15:54:01.5883396Z [36;1mset -o pipefail[0m
2026-10-09T15:54:01.5883712Z [36;1mpnpm build 2>&1 | tee "$CI_RECEIPTS/frontend-build.log"[0m
2026-10-09T15:54:01.5941252Z shell: /usr/bin/bash -e {0}
2026-10-09T15:54:01.5941461Z env:
2026-10-09T15:54:01.5941618Z   MOCK_PROVIDER: true
2026-10-09T15:54:01.5941800Z   MOCK_STREAM_DELAY_MS: 0
2026-10-09T15:54:01.5942005Z   ENABLE_CLOUD: false
2026-10-09T15:54:01.5942185Z   CREDENTIAL_VAULT_BACKEND: memory
2026-10-09T15:54:01.5942414Z   CREDENTIAL_VAULT_ALLOW_MEMORY_FALLBACK: true
2026-10-09T15:54:01.5942657Z   PYTHONDONTWRITEBYTECODE: 1
2026-10-09T15:54:01.5942856Z   HF_HUB_OFFLINE: 1
2026-10-09T15:54:01.5943213Z   TRANSFORMERS_OFFLINE: 1
2026-10-09T15:54:01.5943445Z   pythonLocation: /opt/hostedtoolcache/Python/3.12.9/x64
2026-10-09T15:54:01.5943780Z   PKG_CONFIG_PATH: /opt/hostedtoolcache/Python/3.12.9/x64/lib/pkgconfig
2026-10-09T15:54:01.5944137Z   Python_ROOT_DIR: /opt/hostedtoolcache/Python/3.12.9/x64
2026-10-09T15:54:01.5944436Z   Python2_ROOT_DIR: /opt/hostedtoolcache/Python/3.12.9/x64
2026-10-09T15:54:01.5944722Z   Python3_ROOT_DIR: /opt/hostedtoolcache/Python/3.12.9/x64
2026-10-09T15:54:01.5945010Z   LD_LIBRARY_PATH: /opt/hostedtoolcache/Python/3.12.9/x64/lib
2026-10-09T15:54:01.5945304Z   CI_COVERAGE_SHA: 9851bdd2d692df983664bc8f4597fbc05c0e2ceb
2026-10-09T15:54:01.5945594Z   CI_COVERAGE_TREE: cd6989a19e5fd5e2400f2325fe696cae03d8eda7
2026-10-09T15:54:01.5946078Z   CI_SANDBOX: /home/runner/work/_temp/novel-ci-frontend.BG4SNX
2026-10-09T15:54:01.5946411Z   CI_PROJECT: /home/runner/work/_temp/novel-ci-frontend.BG4SNX/project
2026-10-09T15:54:01.5946769Z   CI_RECEIPTS: /home/runner/work/_temp/novel-ci-frontend.BG4SNX/receipts
2026-10-09T15:54:01.5947093Z   HOME: /home/runner/work/_temp/novel-ci-frontend.BG4SNX/home
2026-10-09T15:54:01.5947408Z   USERPROFILE: /home/runner/work/_temp/novel-ci-frontend.BG4SNX/home
2026-10-09T15:54:01.5947751Z   APPDATA: /home/runner/work/_temp/novel-ci-frontend.BG4SNX/appdata
2026-10-09T15:54:01.5948112Z   LOCALAPPDATA: /home/runner/work/_temp/novel-ci-frontend.BG4SNX/localappdata
2026-10-09T15:54:01.5948488Z   XDG_CONFIG_HOME: /home/runner/work/_temp/novel-ci-frontend.BG4SNX/config
2026-10-09T15:54:01.5948845Z   XDG_CACHE_HOME: /home/runner/work/_temp/novel-ci-frontend.BG4SNX/cache
2026-10-09T15:54:01.5949191Z   XDG_DATA_HOME: /home/runner/work/_temp/novel-ci-frontend.BG4SNX/data
2026-10-09T15:54:01.5949533Z   XDG_STATE_HOME: /home/runner/work/_temp/novel-ci-frontend.BG4SNX/state
2026-10-09T15:54:01.5949858Z   TMPDIR: /home/runner/work/_temp/novel-ci-frontend.BG4SNX/tmp
2026-10-09T15:54:01.5950157Z   TMP: /home/runner/work/_temp/novel-ci-frontend.BG4SNX/tmp
2026-10-09T15:54:01.5950443Z   TEMP: /home/runner/work/_temp/novel-ci-frontend.BG4SNX/tmp
2026-10-09T15:54:01.5950758Z   PROJECT_ROOT: /home/runner/work/_temp/novel-ci-frontend.BG4SNX/project
2026-10-09T15:54:01.5951120Z   NOVEL_DATA_PATH: /home/runner/work/_temp/novel-ci-frontend.BG4SNX/data/novels
2026-10-09T15:54:01.5951501Z   BACKUP_PATH: /home/runner/work/_temp/novel-ci-frontend.BG4SNX/data/backups
2026-10-09T15:54:01.5951922Z   DATABASE_BACKUP_PATH: /home/runner/work/_temp/novel-ci-frontend.BG4SNX/data/database-backups
2026-10-09T15:54:01.5952362Z   KNOWLEDGE_SOURCE_PATH: /home/runner/work/_temp/novel-ci-frontend.BG4SNX/data/novels
2026-10-09T15:54:01.5952679Z ##[endgroup]
2026-10-09T15:54:01.8089962Z 
2026-10-09T15:54:01.8091022Z > ai-novel-studio-ui@0.7.0 build /home/runner/work/_temp/novel-ci-frontend.BG4SNX/project/frontend
2026-10-09T15:54:01.8091732Z > tsc -b && vite build
2026-10-09T15:54:01.8091915Z 
2026-10-09T15:54:17.4533450Z [36mvite v6.4.3 [32mbuilding for production...[36m[39m
2026-10-09T15:54:17.4981979Z transforming...
2026-10-09T15:54:21.4311179Z [32m✓[39m 2022 modules transformed.
2026-10-09T15:54:21.7244667Z rendering chunks...
2026-10-09T15:54:21.9540687Z computing gzip size...
2026-10-09T15:54:21.9791560Z [2mdist/[22m[32mindex.html                                 [39m[1m[2m  0.33 kB[22m[1m[22m[2m │ gzip:   0.19 kB[22m
2026-10-09T15:54:21.9792434Z [2mdist/[22m[2massets/[22m[35mLocalTutorIntegration-Bg9pZcT3.css  [39m[1m[2m  2.93 kB[22m[1m[22m[2m │ gzip:   0.82 kB[22m
2026-10-09T15:54:21.9793441Z [2mdist/[22m[2massets/[22m[35mstyle-6MlQLGa4.css                  [39m[1m[2m  3.79 kB[22m[1m[22m[2m │ gzip:   1.39 kB[22m
2026-10-09T15:54:21.9794407Z [2mdist/[22m[2massets/[22m[35mExperimentalWorkbench-kya-NcdA.css  [39m[1m[2m  4.16 kB[22m[1m[22m[2m │ gzip:   1.07 kB[22m
2026-10-09T15:54:21.9795182Z [2mdist/[22m[2massets/[22m[35mindex-Cj-tLRQ5.css                  [39m[1m[2m 32.29 kB[22m[1m[22m[2m │ gzip:   5.90 kB[22m
2026-10-09T15:54:21.9795878Z [2mdist/[22m[2massets/[22m[35mApp-CBUsR16K.css                    [39m[1m[2m145.14 kB[22m[1m[22m[2m │ gzip:  19.39 kB[22m
2026-10-09T15:54:21.9796579Z [2mdist/[22m[2massets/[22m[36mHealth-CwfnUxca.js                  [39m[1m[2m  0.99 kB[22m[1m[22m[2m │ gzip:   0.57 kB[22m
2026-10-09T15:54:21.9797269Z [2mdist/[22m[2massets/[22m[36mindex-BmgbTfIz.js                   [39m[1m[2m 30.15 kB[22m[1m[22m[2m │ gzip:  10.01 kB[22m
2026-10-09T15:54:21.9797994Z [2mdist/[22m[2massets/[22m[36mLocalTutorIntegration-DhHySxkr.js   [39m[1m[2m 42.44 kB[22m[1m[22m[2m │ gzip:  13.79 kB[22m
2026-10-09T15:54:21.9798708Z [2mdist/[22m[2massets/[22m[36mstyle-DvIiTJnl.js                   [39m[1m[2m 45.00 kB[22m[1m[22m[2m │ gzip:   8.38 kB[22m
2026-10-09T15:54:21.9799590Z [2mdist/[22m[2massets/[22m[36mquery-vendor-CUnTvSIi.js            [39m[1m[2m 45.60 kB[22m[1m[22m[2m │ gzip:  13.56 kB[22m
2026-10-09T15:54:21.9822298Z [2mdist/[22m[2massets/[22m[36mreact-vendor-D3pO_op5.js            [39m[1m[2m142.98 kB[22m[1m[22m[2m │ gzip:  45.80 kB[22m
2026-10-09T15:54:21.9823339Z [2mdist/[22m[2massets/[22m[36meditor-vendor-WoPbGn4i.js           [39m[1m[2m307.09 kB[22m[1m[22m[2m │ gzip:  93.11 kB[22m
2026-10-09T15:54:21.9824153Z [2mdist/[22m[2massets/[22m[36mExperimentalWorkbench-C5QZQU5u.js   [39m[1m[33m628.01 kB[39m[22m[2m │ gzip: 183.51 kB[22m
2026-10-09T15:54:21.9824887Z [2mdist/[22m[2massets/[22m[36mApp-CG86oqiS.js                     [39m[1m[33m900.90 kB[39m[22m[2m │ gzip: 264.64 kB[22m
2026-10-09T15:54:21.9825277Z [33m
2026-10-09T15:54:21.9825586Z (!) Some chunks are larger than 500 kB after minification. Consider:
2026-10-09T15:54:21.9825982Z - Using dynamic import() to code-split the application
2026-10-09T15:54:21.9826632Z - Use build.rollupOptions.output.manualChunks to improve chunking: https://rollupjs.org/configuration-options/#output-manualchunks
2026-10-09T15:54:21.9827327Z - Adjust chunk size limit for this warning via build.chunkSizeWarningLimit.[39m
2026-10-09T15:54:21.9827712Z [32m✓ built in 4.51s[39m
2026-10-09T15:54:22.0542222Z ##[group]Run set -o pipefail
2026-10-09T15:54:22.0542471Z [36;1mset -o pipefail[0m
2026-10-09T15:54:22.0542721Z [36;1mpnpm lint 2>&1 | tee "$CI_RECEIPTS/design-tokens.log"[0m
2026-10-09T15:54:22.0599440Z shell: /usr/bin/bash -e {0}
2026-10-09T15:54:22.0599638Z env:
2026-10-09T15:54:22.0599797Z   MOCK_PROVIDER: true
2026-10-09T15:54:22.0599979Z   MOCK_STREAM_DELAY_MS: 0
2026-10-09T15:54:22.0600161Z   ENABLE_CLOUD: false
2026-10-09T15:54:22.0600340Z   CREDENTIAL_VAULT_BACKEND: memory
2026-10-09T15:54:22.0600567Z   CREDENTIAL_VAULT_ALLOW_MEMORY_FALLBACK: true
2026-10-09T15:54:22.0600816Z   PYTHONDONTWRITEBYTECODE: 1
2026-10-09T15:54:22.0601005Z   HF_HUB_OFFLINE: 1
2026-10-09T15:54:22.0601174Z   TRANSFORMERS_OFFLINE: 1
2026-10-09T15:54:22.0601409Z   pythonLocation: /opt/hostedtoolcache/Python/3.12.9/x64
2026-10-09T15:54:22.0601731Z   PKG_CONFIG_PATH: /opt/hostedtoolcache/Python/3.12.9/x64/lib/pkgconfig
2026-10-09T15:54:22.0602086Z   Python_ROOT_DIR: /opt/hostedtoolcache/Python/3.12.9/x64
2026-10-09T15:54:22.0602371Z   Python2_ROOT_DIR: /opt/hostedtoolcache/Python/3.12.9/x64
2026-10-09T15:54:22.0602656Z   Python3_ROOT_DIR: /opt/hostedtoolcache/Python/3.12.9/x64
2026-10-09T15:54:22.0603123Z   LD_LIBRARY_PATH: /opt/hostedtoolcache/Python/3.12.9/x64/lib
2026-10-09T15:54:22.0603417Z   CI_COVERAGE_SHA: 9851bdd2d692df983664bc8f4597fbc05c0e2ceb
2026-10-09T15:54:22.0603696Z   CI_COVERAGE_TREE: cd6989a19e5fd5e2400f2325fe696cae03d8eda7
2026-10-09T15:54:22.0604001Z   CI_SANDBOX: /home/runner/work/_temp/novel-ci-frontend.BG4SNX
2026-10-09T15:54:22.0604323Z   CI_PROJECT: /home/runner/work/_temp/novel-ci-frontend.BG4SNX/project
2026-10-09T15:54:22.0604690Z   CI_RECEIPTS: /home/runner/work/_temp/novel-ci-frontend.BG4SNX/receipts
2026-10-09T15:54:22.0605025Z   HOME: /home/runner/work/_temp/novel-ci-frontend.BG4SNX/home
2026-10-09T15:54:22.0605346Z   USERPROFILE: /home/runner/work/_temp/novel-ci-frontend.BG4SNX/home
2026-10-09T15:54:22.0605686Z   APPDATA: /home/runner/work/_temp/novel-ci-frontend.BG4SNX/appdata
2026-10-09T15:54:22.0606046Z   LOCALAPPDATA: /home/runner/work/_temp/novel-ci-frontend.BG4SNX/localappdata
2026-10-09T15:54:22.0606416Z   XDG_CONFIG_HOME: /home/runner/work/_temp/novel-ci-frontend.BG4SNX/config
2026-10-09T15:54:22.0606766Z   XDG_CACHE_HOME: /home/runner/work/_temp/novel-ci-frontend.BG4SNX/cache
2026-10-09T15:54:22.0607110Z   XDG_DATA_HOME: /home/runner/work/_temp/novel-ci-frontend.BG4SNX/data
2026-10-09T15:54:22.0607443Z   XDG_STATE_HOME: /home/runner/work/_temp/novel-ci-frontend.BG4SNX/state
2026-10-09T15:54:22.0607766Z   TMPDIR: /home/runner/work/_temp/novel-ci-frontend.BG4SNX/tmp
2026-10-09T15:54:22.0608226Z   TMP: /home/runner/work/_temp/novel-ci-frontend.BG4SNX/tmp
2026-10-09T15:54:22.0608513Z   TEMP: /home/runner/work/_temp/novel-ci-frontend.BG4SNX/tmp
2026-10-09T15:54:22.0608826Z   PROJECT_ROOT: /home/runner/work/_temp/novel-ci-frontend.BG4SNX/project
2026-10-09T15:54:22.0609189Z   NOVEL_DATA_PATH: /home/runner/work/_temp/novel-ci-frontend.BG4SNX/data/novels
2026-10-09T15:54:22.0609564Z   BACKUP_PATH: /home/runner/work/_temp/novel-ci-frontend.BG4SNX/data/backups
2026-10-09T15:54:22.0609979Z   DATABASE_BACKUP_PATH: /home/runner/work/_temp/novel-ci-frontend.BG4SNX/data/database-backups
2026-10-09T15:54:22.0610417Z   KNOWLEDGE_SOURCE_PATH: /home/runner/work/_temp/novel-ci-frontend.BG4SNX/data/novels
2026-10-09T15:54:22.0610728Z ##[endgroup]
2026-10-09T15:54:22.2695608Z 
2026-10-09T15:54:22.2696572Z > ai-novel-studio-ui@0.7.0 lint /home/runner/work/_temp/novel-ci-frontend.BG4SNX/project/frontend
2026-10-09T15:54:22.2697365Z > node ../scripts/check_ui_design_tokens.mjs
2026-10-09T15:54:22.2697681Z 
2026-10-09T15:54:22.2996979Z UI token guard PASS (45 files)
2026-10-09T15:54:22.3113233Z ##[group]Run pnpm exec playwright install --with-deps chromium
2026-10-09T15:54:22.3113612Z [36;1mpnpm exec playwright install --with-deps chromium[0m
2026-10-09T15:54:22.3170256Z shell: /usr/bin/bash -e {0}
2026-10-09T15:54:22.3170464Z env:
2026-10-09T15:54:22.3170626Z   MOCK_PROVIDER: true
2026-10-09T15:54:22.3170808Z   MOCK_STREAM_DELAY_MS: 0
2026-10-09T15:54:22.3170995Z   ENABLE_CLOUD: false
2026-10-09T15:54:22.3171175Z   CREDENTIAL_VAULT_BACKEND: memory
2026-10-09T15:54:22.3171412Z   CREDENTIAL_VAULT_ALLOW_MEMORY_FALLBACK: true
2026-10-09T15:54:22.3171656Z   PYTHONDONTWRITEBYTECODE: 1
2026-10-09T15:54:22.3171851Z   HF_HUB_OFFLINE: 1
2026-10-09T15:54:22.3172026Z   TRANSFORMERS_OFFLINE: 1
2026-10-09T15:54:22.3172260Z   pythonLocation: /opt/hostedtoolcache/Python/3.12.9/x64
2026-10-09T15:54:22.3172590Z   PKG_CONFIG_PATH: /opt/hostedtoolcache/Python/3.12.9/x64/lib/pkgconfig
2026-10-09T15:54:22.3173120Z   Python_ROOT_DIR: /opt/hostedtoolcache/Python/3.12.9/x64
2026-10-09T15:54:22.3173526Z   Python2_ROOT_DIR: /opt/hostedtoolcache/Python/3.12.9/x64
2026-10-09T15:54:22.3173813Z   Python3_ROOT_DIR: /opt/hostedtoolcache/Python/3.12.9/x64
2026-10-09T15:54:22.3174107Z   LD_LIBRARY_PATH: /opt/hostedtoolcache/Python/3.12.9/x64/lib
2026-10-09T15:54:22.3174403Z   CI_COVERAGE_SHA: 9851bdd2d692df983664bc8f4597fbc05c0e2ceb
2026-10-09T15:54:22.3174687Z   CI_COVERAGE_TREE: cd6989a19e5fd5e2400f2325fe696cae03d8eda7
2026-10-09T15:54:22.3174987Z   CI_SANDBOX: /home/runner/work/_temp/novel-ci-frontend.BG4SNX
2026-10-09T15:54:22.3175315Z   CI_PROJECT: /home/runner/work/_temp/novel-ci-frontend.BG4SNX/project
2026-10-09T15:54:22.3175661Z   CI_RECEIPTS: /home/runner/work/_temp/novel-ci-frontend.BG4SNX/receipts
2026-10-09T15:54:22.3175990Z   HOME: /home/runner/work/_temp/novel-ci-frontend.BG4SNX/home
2026-10-09T15:54:22.3176318Z   USERPROFILE: /home/runner/work/_temp/novel-ci-frontend.BG4SNX/home
2026-10-09T15:54:22.3176657Z   APPDATA: /home/runner/work/_temp/novel-ci-frontend.BG4SNX/appdata
2026-10-09T15:54:22.3177023Z   LOCALAPPDATA: /home/runner/work/_temp/novel-ci-frontend.BG4SNX/localappdata
2026-10-09T15:54:22.3177399Z   XDG_CONFIG_HOME: /home/runner/work/_temp/novel-ci-frontend.BG4SNX/config
2026-10-09T15:54:22.3177753Z   XDG_CACHE_HOME: /home/runner/work/_temp/novel-ci-frontend.BG4SNX/cache
2026-10-09T15:54:22.3178097Z   XDG_DATA_HOME: /home/runner/work/_temp/novel-ci-frontend.BG4SNX/data
2026-10-09T15:54:22.3178447Z   XDG_STATE_HOME: /home/runner/work/_temp/novel-ci-frontend.BG4SNX/state
2026-10-09T15:54:22.3178778Z   TMPDIR: /home/runner/work/_temp/novel-ci-frontend.BG4SNX/tmp
2026-10-09T15:54:22.3179077Z   TMP: /home/runner/work/_temp/novel-ci-frontend.BG4SNX/tmp
2026-10-09T15:54:22.3179369Z   TEMP: /home/runner/work/_temp/novel-ci-frontend.BG4SNX/tmp
2026-10-09T15:54:22.3179689Z   PROJECT_ROOT: /home/runner/work/_temp/novel-ci-frontend.BG4SNX/project
2026-10-09T15:54:22.3180059Z   NOVEL_DATA_PATH: /home/runner/work/_temp/novel-ci-frontend.BG4SNX/data/novels
2026-10-09T15:54:22.3180619Z   BACKUP_PATH: /home/runner/work/_temp/novel-ci-frontend.BG4SNX/data/backups
2026-10-09T15:54:22.3181078Z   DATABASE_BACKUP_PATH: /home/runner/work/_temp/novel-ci-frontend.BG4SNX/data/database-backups
2026-10-09T15:54:22.3181527Z   KNOWLEDGE_SOURCE_PATH: /home/runner/work/_temp/novel-ci-frontend.BG4SNX/data/novels
2026-10-09T15:54:22.3181845Z ##[endgroup]
2026-10-09T15:54:22.9227346Z Installing dependencies...
2026-10-09T15:54:22.9277197Z Switching to root user to install dependencies...
2026-10-09T15:54:22.9967492Z Get:1 file:/etc/apt/apt-mirrors.txt Mirrorlist [144 B]
2026-10-09T15:54:23.0233118Z Get:6 https://packages.microsoft.com/ubuntu/24.04/prod noble InRelease [3600 B]
2026-10-09T15:54:23.0341296Z Hit:2 http://azure.archive.ubuntu.com/ubuntu noble InRelease
2026-10-09T15:54:23.0353873Z Get:3 http://azure.archive.ubuntu.com/ubuntu noble-updates InRelease [126 kB]
2026-10-09T15:54:23.0404973Z Get:4 http://azure.archive.ubuntu.com/ubuntu noble-backports InRelease [126 kB]
2026-10-09T15:54:23.0424947Z Get:5 http://azure.archive.ubuntu.com/ubuntu noble-security InRelease [126 kB]
2026-10-09T15:54:23.0952144Z Get:7 https://packages.microsoft.com/ubuntu/24.04/prod noble/main all Packages [640 B]
2026-10-09T15:54:23.1034262Z Get:8 https://packages.microsoft.com/ubuntu/24.04/prod noble/main arm64 Packages [475 kB]
2026-10-09T15:54:23.1118437Z Get:9 https://packages.microsoft.com/ubuntu/24.04/prod noble/main amd64 Packages [531 kB]
2026-10-09T15:54:23.1184677Z Get:10 https://packages.microsoft.com/ubuntu/24.04/prod noble/main armhf Packages [12.3 kB]
2026-10-09T15:54:23.1829402Z Get:11 http://azure.archive.ubuntu.com/ubuntu noble-updates/main amd64 Packages [1375 kB]
2026-10-09T15:54:23.1892011Z Get:12 http://azure.archive.ubuntu.com/ubuntu noble-updates/main Translation-en [306 kB]
2026-10-09T15:54:23.1911383Z Get:13 http://azure.archive.ubuntu.com/ubuntu noble-updates/universe amd64 Packages [1702 kB]
2026-10-09T15:54:23.1984497Z Get:14 http://azure.archive.ubuntu.com/ubuntu noble-updates/universe Translation-en [342 kB]
2026-10-09T15:54:23.2004246Z Get:15 http://azure.archive.ubuntu.com/ubuntu noble-updates/restricted amd64 Packages [1761 kB]
2026-10-09T15:54:23.2104909Z Get:16 http://azure.archive.ubuntu.com/ubuntu noble-updates/restricted Translation-en [401 kB]
2026-10-09T15:54:23.2106555Z Get:17 http://azure.archive.ubuntu.com/ubuntu noble-updates/multiverse amd64 Packages [55.0 kB]
2026-10-09T15:54:23.2117377Z Get:18 http://azure.archive.ubuntu.com/ubuntu noble-updates/multiverse Translation-en [14.3 kB]
2026-10-09T15:54:23.2815078Z Get:19 http://azure.archive.ubuntu.com/ubuntu noble-security/main amd64 Packages [1121 kB]
2026-10-09T15:54:23.2868067Z Get:20 http://azure.archive.ubuntu.com/ubuntu noble-security/main Translation-en [228 kB]
2026-10-09T15:54:23.3297955Z Get:21 http://azure.archive.ubuntu.com/ubuntu noble-security/universe amd64 Packages [1220 kB]
2026-10-09T15:54:23.3353314Z Get:22 http://azure.archive.ubuntu.com/ubuntu noble-security/universe Translation-en [245 kB]
2026-10-09T15:54:23.3371554Z Get:23 http://azure.archive.ubuntu.com/ubuntu noble-security/restricted amd64 Packages [1669 kB]
2026-10-09T15:54:23.3463466Z Get:24 http://azure.archive.ubuntu.com/ubuntu noble-security/restricted Translation-en [383 kB]
2026-10-09T15:54:23.3485850Z Get:25 http://azure.archive.ubuntu.com/ubuntu noble-security/multiverse amd64 Packages [49.8 kB]
2026-10-09T15:54:23.3495982Z Get:26 http://azure.archive.ubuntu.com/ubuntu noble-security/multiverse Translation-en [12.4 kB]
2026-10-09T15:54:29.7847034Z Fetched 12.3 MB in 1s (11.7 MB/s)
2026-10-09T15:54:30.5091800Z Reading package lists...
2026-10-09T15:54:30.5301879Z Reading package lists...
2026-10-09T15:54:30.7653889Z Building dependency tree...
2026-10-09T15:54:30.7660556Z Reading state information...
2026-10-09T15:54:30.9538221Z libasound2t64 is already the newest version (1.2.11-1ubuntu0.3).
2026-10-09T15:54:30.9538806Z libasound2t64 set to manually installed.
2026-10-09T15:54:30.9539390Z libatk-bridge2.0-0t64 is already the newest version (2.52.0-1build1).
2026-10-09T15:54:30.9540525Z libatk-bridge2.0-0t64 set to manually installed.
2026-10-09T15:54:30.9541046Z libatk1.0-0t64 is already the newest version (2.52.0-1build1).
2026-10-09T15:54:30.9541556Z libatk1.0-0t64 set to manually installed.
2026-10-09T15:54:30.9542071Z libatspi2.0-0t64 is already the newest version (2.52.0-1build1).
2026-10-09T15:54:30.9542570Z libatspi2.0-0t64 set to manually installed.
2026-10-09T15:54:30.9543267Z libcairo2 is already the newest version (1.18.0-3build1).
2026-10-09T15:54:30.9543727Z libcairo2 set to manually installed.
2026-10-09T15:54:30.9544199Z libcups2t64 is already the newest version (2.4.7-1.2ubuntu7.14).
2026-10-09T15:54:30.9544651Z libcups2t64 set to manually installed.
2026-10-09T15:54:30.9545100Z libdbus-1-3 is already the newest version (1.14.10-4ubuntu4.1).
2026-10-09T15:54:30.9545446Z libdbus-1-3 set to manually installed.
2026-10-09T15:54:30.9545780Z libdrm2 is already the newest version (2.4.125-1ubuntu0.1~24.04.2).
2026-10-09T15:54:30.9546301Z libdrm2 set to manually installed.
2026-10-09T15:54:30.9546669Z libgbm1 is already the newest version (25.2.8-0ubuntu0.24.04.4).
2026-10-09T15:54:30.9547089Z libgbm1 set to manually installed.
2026-10-09T15:54:30.9547414Z libglib2.0-0t64 is already the newest version (2.80.0-6ubuntu3.9).
2026-10-09T15:54:30.9547743Z libglib2.0-0t64 set to manually installed.
2026-10-09T15:54:30.9548075Z libnspr4 is already the newest version (2:4.35-1.1build1).
2026-10-09T15:54:30.9548378Z libnspr4 set to manually installed.
2026-10-09T15:54:30.9548677Z libnss3 is already the newest version (2:3.98-1ubuntu0.2).
2026-10-09T15:54:30.9549070Z libnss3 set to manually installed.
2026-10-09T15:54:30.9549400Z libpango-1.0-0 is already the newest version (1.52.1+ds-1build1).
2026-10-09T15:54:30.9549721Z libpango-1.0-0 set to manually installed.
2026-10-09T15:54:30.9550037Z libx11-6 is already the newest version (2:1.8.7-1build1).
2026-10-09T15:54:30.9550322Z libx11-6 set to manually installed.
2026-10-09T15:54:30.9550653Z libxcb1 is already the newest version (1.15-1ubuntu2).
2026-10-09T15:54:30.9551055Z libxcb1 set to manually installed.
2026-10-09T15:54:30.9551528Z libxcomposite1 is already the newest version (1:0.4.5-1build3).
2026-10-09T15:54:30.9552007Z libxcomposite1 set to manually installed.
2026-10-09T15:54:30.9552504Z libxdamage1 is already the newest version (1:1.1.6-1build1).
2026-10-09T15:54:30.9553090Z libxdamage1 set to manually installed.
2026-10-09T15:54:30.9553599Z libxext6 is already the newest version (2:1.3.4-1build2).
2026-10-09T15:54:30.9553907Z libxext6 set to manually installed.
2026-10-09T15:54:30.9554208Z libxfixes3 is already the newest version (1:6.0.0-2build1).
2026-10-09T15:54:30.9554612Z libxfixes3 set to manually installed.
2026-10-09T15:54:30.9555105Z libxkbcommon0 is already the newest version (1.6.0-1build1).
2026-10-09T15:54:30.9555594Z libxkbcommon0 set to manually installed.
2026-10-09T15:54:30.9556086Z libxrandr2 is already the newest version (2:1.5.2-2build1).
2026-10-09T15:54:30.9556404Z libxrandr2 set to manually installed.
2026-10-09T15:54:30.9556716Z xvfb is already the newest version (2:21.1.12-1ubuntu1.8).
2026-10-09T15:54:30.9557329Z fonts-noto-color-emoji is already the newest version (2.047-0ubuntu0.24.04.1).
2026-10-09T15:54:30.9558040Z libfontconfig1 is already the newest version (2.15.0-1.1ubuntu2).
2026-10-09T15:54:30.9558595Z libfontconfig1 set to manually installed.
2026-10-09T15:54:30.9559135Z fonts-liberation is already the newest version (1:2.1.5-3).
2026-10-09T15:54:30.9559647Z fonts-liberation set to manually installed.
2026-10-09T15:54:30.9560151Z The following additional packages will be installed:
2026-10-09T15:54:30.9560629Z   xfonts-encodings xfonts-utils
2026-10-09T15:54:30.9560965Z Recommended packages:
2026-10-09T15:54:30.9561301Z   fonts-ipafont-mincho fonts-tlwg-loma
2026-10-09T15:54:30.9748788Z The following NEW packages will be installed:
2026-10-09T15:54:30.9749571Z   fonts-freefont-ttf fonts-ipafont-gothic fonts-tlwg-loma-otf fonts-unifont
2026-10-09T15:54:30.9758184Z   fonts-wqy-zenhei xfonts-cyrillic xfonts-encodings xfonts-scalable
2026-10-09T15:54:30.9758662Z   xfonts-utils
2026-10-09T15:54:30.9763347Z The following packages will be upgraded:
2026-10-09T15:54:30.9768076Z   libfreetype6
2026-10-09T15:54:30.9918343Z 1 upgraded, 9 newly installed, 0 to remove and 22 not upgraded.
2026-10-09T15:54:30.9918901Z Need to get 21.5 MB of archives.
2026-10-09T15:54:30.9919437Z After this operation, 79.5 MB of additional disk space will be used.
2026-10-09T15:54:30.9920053Z Get:1 file:/etc/apt/apt-mirrors.txt Mirrorlist [144 B]
2026-10-09T15:54:31.0767856Z Get:2 http://azure.archive.ubuntu.com/ubuntu noble/universe amd64 fonts-ipafont-gothic all 00303-21ubuntu1 [3513 kB]
2026-10-09T15:54:31.2115832Z Get:3 http://azure.archive.ubuntu.com/ubuntu noble/main amd64 fonts-freefont-ttf all 20211204+svn4273-2 [5641 kB]
2026-10-09T15:54:31.3883704Z Get:4 http://azure.archive.ubuntu.com/ubuntu noble/universe amd64 fonts-tlwg-loma-otf all 1:0.7.3-1 [107 kB]
2026-10-09T15:54:31.4533938Z Get:5 http://azure.archive.ubuntu.com/ubuntu noble/universe amd64 fonts-unifont all 1:15.1.01-1build1 [2993 kB]
2026-10-09T15:54:31.5765580Z Get:6 http://azure.archive.ubuntu.com/ubuntu noble/universe amd64 fonts-wqy-zenhei all 0.9.45-8 [7472 kB]
2026-10-09T15:54:31.7907107Z Get:7 http://azure.archive.ubuntu.com/ubuntu noble-updates/main amd64 libfreetype6 amd64 2.13.2+dfsg-1ubuntu0.2 [403 kB]
2026-10-09T15:54:31.8618452Z Get:8 http://azure.archive.ubuntu.com/ubuntu noble/main amd64 xfonts-encodings all 1:1.0.5-0ubuntu2 [578 kB]
2026-10-09T15:54:31.9384141Z Get:9 http://azure.archive.ubuntu.com/ubuntu noble/main amd64 xfonts-utils amd64 1:7.7+6build3 [94.4 kB]
2026-10-09T15:54:32.0029767Z Get:10 http://azure.archive.ubuntu.com/ubuntu noble/universe amd64 xfonts-cyrillic all 1:1.0.5+nmu1 [384 kB]
2026-10-09T15:54:32.0735770Z Get:11 http://azure.archive.ubuntu.com/ubuntu noble/main amd64 xfonts-scalable all 1:1.0.3-1.3 [304 kB]
2026-10-09T15:54:32.3008467Z Fetched 21.5 MB in 1s (19.6 MB/s)
2026-10-09T15:54:32.3193310Z Selecting previously unselected package fonts-ipafont-gothic.
2026-10-09T15:54:32.3375932Z (Reading database ... 
2026-10-09T15:54:32.3376499Z (Reading database ... 5%
2026-10-09T15:54:32.3376840Z (Reading database ... 10%
2026-10-09T15:54:32.3377119Z (Reading database ... 15%
2026-10-09T15:54:32.3377318Z (Reading database ... 20%
2026-10-09T15:54:32.3377525Z (Reading database ... 25%
2026-10-09T15:54:32.3377719Z (Reading database ... 30%
2026-10-09T15:54:32.3377915Z (Reading database ... 35%
2026-10-09T15:54:32.3378109Z (Reading database ... 40%
2026-10-09T15:54:32.3378298Z (Reading database ... 45%
2026-10-09T15:54:32.3378488Z (Reading database ... 50%
2026-10-09T15:54:32.3408164Z (Reading database ... 55%
2026-10-09T15:54:32.4747556Z (Reading database ... 60%
2026-10-09T15:54:32.6671622Z (Reading database ... 65%
2026-10-09T15:54:32.8753081Z (Reading database ... 70%
2026-10-09T15:54:33.0337830Z (Reading database ... 75%
2026-10-09T15:54:33.2174980Z (Reading database ... 80%
2026-10-09T15:54:33.3766138Z (Reading database ... 85%
2026-10-09T15:54:33.5243479Z (Reading database ... 90%
2026-10-09T15:54:33.6901662Z (Reading database ... 95%
2026-10-09T15:54:33.6902062Z (Reading database ... 100%
2026-10-09T15:54:33.6902597Z (Reading database ... 203191 files and directories currently installed.)
2026-10-09T15:54:33.6943760Z Preparing to unpack .../0-fonts-ipafont-gothic_00303-21ubuntu1_all.deb ...
2026-10-09T15:54:33.7059803Z Unpacking fonts-ipafont-gothic (00303-21ubuntu1) ...
2026-10-09T15:54:33.9312019Z Selecting previously unselected package fonts-freefont-ttf.
2026-10-09T15:54:33.9422004Z Preparing to unpack .../1-fonts-freefont-ttf_20211204+svn4273-2_all.deb ...
2026-10-09T15:54:33.9428765Z Unpacking fonts-freefont-ttf (20211204+svn4273-2) ...
2026-10-09T15:54:34.0368444Z Selecting previously unselected package fonts-tlwg-loma-otf.
2026-10-09T15:54:34.0479794Z Preparing to unpack .../2-fonts-tlwg-loma-otf_1%3a0.7.3-1_all.deb ...
2026-10-09T15:54:34.0485414Z Unpacking fonts-tlwg-loma-otf (1:0.7.3-1) ...
2026-10-09T15:54:34.0680679Z Selecting previously unselected package fonts-unifont.
2026-10-09T15:54:34.0790922Z Preparing to unpack .../3-fonts-unifont_1%3a15.1.01-1build1_all.deb ...
2026-10-09T15:54:34.0796092Z Unpacking fonts-unifont (1:15.1.01-1build1) ...
2026-10-09T15:54:34.2598809Z Selecting previously unselected package fonts-wqy-zenhei.
2026-10-09T15:54:34.2710849Z Preparing to unpack .../4-fonts-wqy-zenhei_0.9.45-8_all.deb ...
2026-10-09T15:54:34.2799806Z Unpacking fonts-wqy-zenhei (0.9.45-8) ...
2026-10-09T15:54:34.7384954Z Preparing to unpack .../5-libfreetype6_2.13.2+dfsg-1ubuntu0.2_amd64.deb ...
2026-10-09T15:54:34.7407430Z Unpacking libfreetype6:amd64 (2.13.2+dfsg-1ubuntu0.2) over (2.13.2+dfsg-1ubuntu0.1) ...
2026-10-09T15:54:34.7640164Z Selecting previously unselected package xfonts-encodings.
2026-10-09T15:54:34.7757259Z Preparing to unpack .../6-xfonts-encodings_1%3a1.0.5-0ubuntu2_all.deb ...
2026-10-09T15:54:34.7762282Z Unpacking xfonts-encodings (1:1.0.5-0ubuntu2) ...
2026-10-09T15:54:34.8056343Z Selecting previously unselected package xfonts-utils.
2026-10-09T15:54:34.8168085Z Preparing to unpack .../7-xfonts-utils_1%3a7.7+6build3_amd64.deb ...
2026-10-09T15:54:34.8174575Z Unpacking xfonts-utils (1:7.7+6build3) ...
2026-10-09T15:54:34.8452634Z Selecting previously unselected package xfonts-cyrillic.
2026-10-09T15:54:34.8564366Z Preparing to unpack .../8-xfonts-cyrillic_1%3a1.0.5+nmu1_all.deb ...
2026-10-09T15:54:34.8570258Z Unpacking xfonts-cyrillic (1:1.0.5+nmu1) ...
2026-10-09T15:54:34.8839171Z Selecting previously unselected package xfonts-scalable.
2026-10-09T15:54:34.8950003Z Preparing to unpack .../9-xfonts-scalable_1%3a1.0.3-1.3_all.deb ...
2026-10-09T15:54:34.8955950Z Unpacking xfonts-scalable (1:1.0.3-1.3) ...
2026-10-09T15:54:34.9371875Z Setting up fonts-wqy-zenhei (0.9.45-8) ...
2026-10-09T15:54:34.9468255Z Setting up fonts-freefont-ttf (20211204+svn4273-2) ...
2026-10-09T15:54:34.9482286Z Setting up fonts-tlwg-loma-otf (1:0.7.3-1) ...
2026-10-09T15:54:34.9496054Z Setting up libfreetype6:amd64 (2.13.2+dfsg-1ubuntu0.2) ...
2026-10-09T15:54:34.9509715Z Setting up xfonts-encodings (1:1.0.5-0ubuntu2) ...
2026-10-09T15:54:34.9522831Z Setting up fonts-ipafont-gothic (00303-21ubuntu1) ...
2026-10-09T15:54:34.9577481Z update-alternatives: using /usr/share/fonts/opentype/ipafont-gothic/ipag.ttf to provide /usr/share/fonts/truetype/fonts-japanese-gothic.ttf (fonts-japanese-gothic.ttf) in auto mode
2026-10-09T15:54:34.9589361Z Setting up fonts-unifont (1:15.1.01-1build1) ...
2026-10-09T15:54:34.9602587Z Setting up xfonts-utils (1:7.7+6build3) ...
2026-10-09T15:54:34.9638874Z Setting up xfonts-cyrillic (1:1.0.5+nmu1) ...
2026-10-09T15:54:34.9873132Z Setting up xfonts-scalable (1:1.0.3-1.3) ...
2026-10-09T15:54:35.0098158Z Processing triggers for libc-bin (2.39-0ubuntu8.9) ...
2026-10-09T15:54:35.1505335Z Processing triggers for man-db (2.12.0-4build2) ...
2026-10-09T15:54:35.1522623Z Not building database; man-db/auto-update is not 'true'.
2026-10-09T15:54:35.1533192Z Processing triggers for fontconfig (2.15.0-1.1ubuntu2) ...
2026-10-09T15:54:35.7182377Z 
2026-10-09T15:54:35.7183160Z Running kernel seems to be up-to-date.
2026-10-09T15:54:35.7183469Z 
2026-10-09T15:54:35.7183617Z Restarting services...
2026-10-09T15:54:35.7250585Z  systemctl restart php8.3-fpm.service
2026-10-09T15:54:35.8160994Z 
2026-10-09T15:54:35.8162758Z No containers need to be restarted.
2026-10-09T15:54:35.8163319Z 
2026-10-09T15:54:35.8163562Z No user sessions are running outdated binaries.
2026-10-09T15:54:35.8163834Z 
2026-10-09T15:54:35.8164199Z No VM guests are running outdated hypervisor (qemu) binaries on this host.
2026-10-09T15:54:36.8079851Z Downloading Chrome for Testing 151.0.7922.34 (playwright chromium v1234) from https://cdn.playwright.dev/builds/cft/151.0.7922.34/linux64/chrome-linux64.zip
2026-10-09T15:54:37.7956098Z |                                                                                |   0% of 184.3 MiB
2026-10-09T15:54:37.9747171Z |■■■■■■■■                                                                        |  10% of 184.3 MiB
2026-10-09T15:54:38.0635496Z |■■■■■■■■■■■■■■■■                                                                |  20% of 184.3 MiB
2026-10-09T15:54:38.1352601Z |■■■■■■■■■■■■■■■■■■■■■■■■                                                        |  30% of 184.3 MiB
2026-10-09T15:54:38.3186205Z |■■■■■■■■■■■■■■■■■■■■■■■■■■■■■■■■                                                |  40% of 184.3 MiB
2026-10-09T15:54:38.4069245Z |■■■■■■■■■■■■■■■■■■■■■■■■■■■■■■■■■■■■■■■■                                        |  50% of 184.3 MiB
2026-10-09T15:54:38.4748107Z |■■■■■■■■■■■■■■■■■■■■■■■■■■■■■■■■■■■■■■■■■■■■■■■■                                |  60% of 184.3 MiB
2026-10-09T15:54:38.5471164Z |■■■■■■■■■■■■■■■■■■■■■■■■■■■■■■■■■■■■■■■■■■■■■■■■■■■■■■■■                        |  70% of 184.3 MiB
2026-10-09T15:54:38.6257387Z |■■■■■■■■■■■■■■■■■■■■■■■■■■■■■■■■■■■■■■■■■■■■■■■■■■■■■■■■■■■■■■■■                |  80% of 184.3 MiB
2026-10-09T15:54:38.7176242Z |■■■■■■■■■■■■■■■■■■■■■■■■■■■■■■■■■■■■■■■■■■■■■■■■■■■■■■■■■■■■■■■■■■■■■■■■        |  90% of 184.3 MiB
2026-10-09T15:54:38.8409880Z |■■■■■■■■■■■■■■■■■■■■■■■■■■■■■■■■■■■■■■■■■■■■■■■■■■■■■■■■■■■■■■■■■■■■■■■■■■■■■■■■| 100% of 184.3 MiB
2026-10-09T15:54:40.8647265Z Chrome for Testing 151.0.7922.34 (playwright chromium v1234) downloaded to /home/runner/work/_temp/novel-ci-frontend.BG4SNX/cache/ms-playwright/chromium-1234
2026-10-09T15:54:40.8649779Z Downloading FFmpeg (playwright ffmpeg v1011) from https://cdn.playwright.dev/dbazure/download/playwright/builds/ffmpeg/1011/ffmpeg-linux.zip
2026-10-09T15:54:41.7933849Z |                                                                                |   0% of 2.3 MiB
2026-10-09T15:54:41.8168157Z |■■■■■■■■                                                                        |  10% of 2.3 MiB
2026-10-09T15:54:41.8261892Z |■■■■■■■■■■■■■■■■                                                                |  20% of 2.3 MiB
2026-10-09T15:54:41.8343951Z |■■■■■■■■■■■■■■■■■■■■■■■■                                                        |  30% of 2.3 MiB
2026-10-09T15:54:41.8413047Z |■■■■■■■■■■■■■■■■■■■■■■■■■■■■■■■■                                                |  40% of 2.3 MiB
2026-10-09T15:54:41.8434545Z |■■■■■■■■■■■■■■■■■■■■■■■■■■■■■■■■■■■■■■■■                                        |  50% of 2.3 MiB
2026-10-09T15:54:41.8500026Z |■■■■■■■■■■■■■■■■■■■■■■■■■■■■■■■■■■■■■■■■■■■■■■■■                                |  60% of 2.3 MiB
2026-10-09T15:54:41.8511584Z |■■■■■■■■■■■■■■■■■■■■■■■■■■■■■■■■■■■■■■■■■■■■■■■■■■■■■■■■                        |  70% of 2.3 MiB
2026-10-09T15:54:41.8524188Z |■■■■■■■■■■■■■■■■■■■■■■■■■■■■■■■■■■■■■■■■■■■■■■■■■■■■■■■■■■■■■■■■                |  80% of 2.3 MiB
2026-10-09T15:54:41.8582625Z |■■■■■■■■■■■■■■■■■■■■■■■■■■■■■■■■■■■■■■■■■■■■■■■■■■■■■■■■■■■■■■■■■■■■■■■■        |  90% of 2.3 MiB
2026-10-09T15:54:41.8590069Z |■■■■■■■■■■■■■■■■■■■■■■■■■■■■■■■■■■■■■■■■■■■■■■■■■■■■■■■■■■■■■■■■■■■■■■■■■■■■■■■■| 100% of 2.3 MiB
2026-10-09T15:54:41.9022471Z FFmpeg (playwright ffmpeg v1011) downloaded to /home/runner/work/_temp/novel-ci-frontend.BG4SNX/cache/ms-playwright/ffmpeg-1011
2026-10-09T15:54:41.9024252Z Downloading Chrome Headless Shell 151.0.7922.34 (playwright chromium-headless-shell v1234) from https://cdn.playwright.dev/builds/cft/151.0.7922.34/linux64/chrome-headless-shell-linux64.zip
2026-10-09T15:54:42.8842466Z |                                                                                |   0% of 114.7 MiB
2026-10-09T15:54:43.0318354Z |■■■■■■■■                                                                        |  10% of 114.7 MiB
2026-10-09T15:54:43.1078038Z |■■■■■■■■■■■■■■■■                                                                |  20% of 114.7 MiB
2026-10-09T15:54:43.1788463Z |■■■■■■■■■■■■■■■■■■■■■■■■                                                        |  30% of 114.7 MiB
2026-10-09T15:54:43.2965683Z |■■■■■■■■■■■■■■■■■■■■■■■■■■■■■■■■                                                |  40% of 114.7 MiB
2026-10-09T15:54:43.4055407Z |■■■■■■■■■■■■■■■■■■■■■■■■■■■■■■■■■■■■■■■■                                        |  50% of 114.7 MiB
2026-10-09T15:54:43.5151810Z |■■■■■■■■■■■■■■■■■■■■■■■■■■■■■■■■■■■■■■■■■■■■■■■■                                |  60% of 114.7 MiB
2026-10-09T15:54:43.6368453Z |■■■■■■■■■■■■■■■■■■■■■■■■■■■■■■■■■■■■■■■■■■■■■■■■■■■■■■■■                        |  70% of 114.7 MiB
2026-10-09T15:54:43.7383736Z |■■■■■■■■■■■■■■■■■■■■■■■■■■■■■■■■■■■■■■■■■■■■■■■■■■■■■■■■■■■■■■■■                |  80% of 114.7 MiB
2026-10-09T15:54:43.8245808Z |■■■■■■■■■■■■■■■■■■■■■■■■■■■■■■■■■■■■■■■■■■■■■■■■■■■■■■■■■■■■■■■■■■■■■■■■        |  90% of 114.7 MiB
2026-10-09T15:54:43.9210620Z |■■■■■■■■■■■■■■■■■■■■■■■■■■■■■■■■■■■■■■■■■■■■■■■■■■■■■■■■■■■■■■■■■■■■■■■■■■■■■■■■| 100% of 114.7 MiB
2026-10-09T15:54:45.3878596Z Chrome Headless Shell 151.0.7922.34 (playwright chromium-headless-shell v1234) downloaded to /home/runner/work/_temp/novel-ci-frontend.BG4SNX/cache/ms-playwright/chromium_headless_shell-1234
2026-10-09T15:54:45.4196274Z ##[group]Run set -o pipefail
2026-10-09T15:54:45.4196683Z [36;1mset -o pipefail[0m
2026-10-09T15:54:45.4196996Z [36;1mpnpm exec playwright test --config playwright.visual.config.ts \[0m
2026-10-09T15:54:45.4197410Z [36;1m  --grep 'shell geometry|compact desktop|Local AI' --update-snapshots=none \[0m
2026-10-09T15:54:45.4197798Z [36;1m  --reporter=list,junit 2>&1 | tee "$CI_RECEIPTS/geometry.log"[0m
2026-10-09T15:54:45.4257211Z shell: /usr/bin/bash -e {0}
2026-10-09T15:54:45.4257424Z env:
2026-10-09T15:54:45.4257594Z   MOCK_PROVIDER: true
2026-10-09T15:54:45.4257780Z   MOCK_STREAM_DELAY_MS: 0
2026-10-09T15:54:45.4257966Z   ENABLE_CLOUD: false
2026-10-09T15:54:45.4258145Z   CREDENTIAL_VAULT_BACKEND: memory
2026-10-09T15:54:45.4258378Z   CREDENTIAL_VAULT_ALLOW_MEMORY_FALLBACK: true
2026-10-09T15:54:45.4258621Z   PYTHONDONTWRITEBYTECODE: 1
2026-10-09T15:54:45.4258814Z   HF_HUB_OFFLINE: 1
2026-10-09T15:54:45.4258984Z   TRANSFORMERS_OFFLINE: 1
2026-10-09T15:54:45.4259259Z   pythonLocation: /opt/hostedtoolcache/Python/3.12.9/x64
2026-10-09T15:54:45.4259595Z   PKG_CONFIG_PATH: /opt/hostedtoolcache/Python/3.12.9/x64/lib/pkgconfig
2026-10-09T15:54:45.4259932Z   Python_ROOT_DIR: /opt/hostedtoolcache/Python/3.12.9/x64
2026-10-09T15:54:45.4260224Z   Python2_ROOT_DIR: /opt/hostedtoolcache/Python/3.12.9/x64
2026-10-09T15:54:45.4260509Z   Python3_ROOT_DIR: /opt/hostedtoolcache/Python/3.12.9/x64
2026-10-09T15:54:45.4260809Z   LD_LIBRARY_PATH: /opt/hostedtoolcache/Python/3.12.9/x64/lib
2026-10-09T15:54:45.4261104Z   CI_COVERAGE_SHA: 9851bdd2d692df983664bc8f4597fbc05c0e2ceb
2026-10-09T15:54:45.4261394Z   CI_COVERAGE_TREE: cd6989a19e5fd5e2400f2325fe696cae03d8eda7
2026-10-09T15:54:45.4261706Z   CI_SANDBOX: /home/runner/work/_temp/novel-ci-frontend.BG4SNX
2026-10-09T15:54:45.4262037Z   CI_PROJECT: /home/runner/work/_temp/novel-ci-frontend.BG4SNX/project
2026-10-09T15:54:45.4262385Z   CI_RECEIPTS: /home/runner/work/_temp/novel-ci-frontend.BG4SNX/receipts
2026-10-09T15:54:45.4262717Z   HOME: /home/runner/work/_temp/novel-ci-frontend.BG4SNX/home
2026-10-09T15:54:45.4263306Z   USERPROFILE: /home/runner/work/_temp/novel-ci-frontend.BG4SNX/home
2026-10-09T15:54:45.4263665Z   APPDATA: /home/runner/work/_temp/novel-ci-frontend.BG4SNX/appdata
2026-10-09T15:54:45.4264034Z   LOCALAPPDATA: /home/runner/work/_temp/novel-ci-frontend.BG4SNX/localappdata
2026-10-09T15:54:45.4264416Z   XDG_CONFIG_HOME: /home/runner/work/_temp/novel-ci-frontend.BG4SNX/config
2026-10-09T15:54:45.4264772Z   XDG_CACHE_HOME: /home/runner/work/_temp/novel-ci-frontend.BG4SNX/cache
2026-10-09T15:54:45.4265113Z   XDG_DATA_HOME: /home/runner/work/_temp/novel-ci-frontend.BG4SNX/data
2026-10-09T15:54:45.4265450Z   XDG_STATE_HOME: /home/runner/work/_temp/novel-ci-frontend.BG4SNX/state
2026-10-09T15:54:45.4265777Z   TMPDIR: /home/runner/work/_temp/novel-ci-frontend.BG4SNX/tmp
2026-10-09T15:54:45.4266092Z   TMP: /home/runner/work/_temp/novel-ci-frontend.BG4SNX/tmp
2026-10-09T15:54:45.4266399Z   TEMP: /home/runner/work/_temp/novel-ci-frontend.BG4SNX/tmp
2026-10-09T15:54:45.4266718Z   PROJECT_ROOT: /home/runner/work/_temp/novel-ci-frontend.BG4SNX/project
2026-10-09T15:54:45.4267088Z   NOVEL_DATA_PATH: /home/runner/work/_temp/novel-ci-frontend.BG4SNX/data/novels
2026-10-09T15:54:45.4267468Z   BACKUP_PATH: /home/runner/work/_temp/novel-ci-frontend.BG4SNX/data/backups
2026-10-09T15:54:45.4267887Z   DATABASE_BACKUP_PATH: /home/runner/work/_temp/novel-ci-frontend.BG4SNX/data/database-backups
2026-10-09T15:54:45.4268326Z   KNOWLEDGE_SOURCE_PATH: /home/runner/work/_temp/novel-ci-frontend.BG4SNX/data/novels
2026-10-09T15:54:45.4268793Z   PLAYWRIGHT_JUNIT_OUTPUT_FILE: /home/runner/work/_temp/novel-ci-frontend.BG4SNX/receipts/geometry.xml
2026-10-09T15:54:45.4269156Z ##[endgroup]
2026-10-09T15:54:46.8740755Z 
2026-10-09T15:54:46.8741583Z Running 9 tests using 1 worker
2026-10-09T15:54:46.8741898Z 
2026-10-09T15:54:48.2111126Z   ✓  1 [chromium] › tests/visual/design-system.spec.ts:14:124 › shell geometry 1024x768 (380ms)
2026-10-09T15:54:48.5080721Z   ✓  2 [chromium] › tests/visual/design-system.spec.ts:14:124 › shell geometry 1366x768 (286ms)
2026-10-09T15:54:48.8169236Z   ✓  3 [chromium] › tests/visual/design-system.spec.ts:14:124 › shell geometry 1440x900 (296ms)
2026-10-09T15:54:49.1424055Z   ✓  4 [chromium] › tests/visual/design-system.spec.ts:14:124 › shell geometry 1920x1080 (317ms)
2026-10-09T15:54:49.4286321Z   ✓  5 [chromium] › tests/visual/design-system.spec.ts:25:1 › compact desktop keeps the workspace within the viewport (276ms)
2026-10-09T15:54:52.8029949Z   ✓  6 [chromium] › tests/visual/local-ai-discovery.spec.ts:50:1 › Local AI requires each explicit lifecycle action before routing (3.4s)
2026-10-09T15:54:54.4648807Z   ✓  7 [chromium] › tests/visual/local-ai-discovery.spec.ts:78:3 › Local AI preserves shell and model geometry 1366x768 (1.7s)
2026-10-09T15:54:56.1055447Z   ✓  8 [chromium] › tests/visual/local-ai-discovery.spec.ts:78:3 › Local AI preserves shell and model geometry 1440x900 (1.6s)
2026-10-09T15:54:57.7408250Z   ✓  9 [chromium] › tests/visual/local-ai-discovery.spec.ts:78:3 › Local AI preserves shell and model geometry 1920x1080 (1.6s)
2026-10-09T15:54:57.8239758Z 
2026-10-09T15:54:57.8243034Z   9 passed (11.5s)
2026-10-09T15:54:57.8486353Z ##[group]Run python -m pip install -c .github/ci/python-constraints.txt -e '.[dev,fontbuild,otio,comic]'
2026-10-09T15:54:57.8486937Z [36;1mpython -m pip install -c .github/ci/python-constraints.txt -e '.[dev,fontbuild,otio,comic]'[0m
2026-10-09T15:54:57.8544071Z shell: /usr/bin/bash -e {0}
2026-10-09T15:54:57.8544278Z env:
2026-10-09T15:54:57.8544439Z   MOCK_PROVIDER: true
2026-10-09T15:54:57.8544622Z   MOCK_STREAM_DELAY_MS: 0
2026-10-09T15:54:57.8544806Z   ENABLE_CLOUD: false
2026-10-09T15:54:57.8544987Z   CREDENTIAL_VAULT_BACKEND: memory
2026-10-09T15:54:57.8545225Z   CREDENTIAL_VAULT_ALLOW_MEMORY_FALLBACK: true
2026-10-09T15:54:57.8545466Z   PYTHONDONTWRITEBYTECODE: 1
2026-10-09T15:54:57.8545656Z   HF_HUB_OFFLINE: 1
2026-10-09T15:54:57.8545826Z   TRANSFORMERS_OFFLINE: 1
2026-10-09T15:54:57.8546061Z   pythonLocation: /opt/hostedtoolcache/Python/3.12.9/x64
2026-10-09T15:54:57.8546383Z   PKG_CONFIG_PATH: /opt/hostedtoolcache/Python/3.12.9/x64/lib/pkgconfig
2026-10-09T15:54:57.8546766Z   Python_ROOT_DIR: /opt/hostedtoolcache/Python/3.12.9/x64
2026-10-09T15:54:57.8547058Z   Python2_ROOT_DIR: /opt/hostedtoolcache/Python/3.12.9/x64
2026-10-09T15:54:57.8547339Z   Python3_ROOT_DIR: /opt/hostedtoolcache/Python/3.12.9/x64
2026-10-09T15:54:57.8547626Z   LD_LIBRARY_PATH: /opt/hostedtoolcache/Python/3.12.9/x64/lib
2026-10-09T15:54:57.8547921Z   CI_COVERAGE_SHA: 9851bdd2d692df983664bc8f4597fbc05c0e2ceb
2026-10-09T15:54:57.8548209Z   CI_COVERAGE_TREE: cd6989a19e5fd5e2400f2325fe696cae03d8eda7
2026-10-09T15:54:57.8548519Z   CI_SANDBOX: /home/runner/work/_temp/novel-ci-frontend.BG4SNX
2026-10-09T15:54:57.8548849Z   CI_PROJECT: /home/runner/work/_temp/novel-ci-frontend.BG4SNX/project
2026-10-09T15:54:57.8549201Z   CI_RECEIPTS: /home/runner/work/_temp/novel-ci-frontend.BG4SNX/receipts
2026-10-09T15:54:57.8549532Z   HOME: /home/runner/work/_temp/novel-ci-frontend.BG4SNX/home
2026-10-09T15:54:57.8549850Z   USERPROFILE: /home/runner/work/_temp/novel-ci-frontend.BG4SNX/home
2026-10-09T15:54:57.8550193Z   APPDATA: /home/runner/work/_temp/novel-ci-frontend.BG4SNX/appdata
2026-10-09T15:54:57.8550553Z   LOCALAPPDATA: /home/runner/work/_temp/novel-ci-frontend.BG4SNX/localappdata
2026-10-09T15:54:57.8550926Z   XDG_CONFIG_HOME: /home/runner/work/_temp/novel-ci-frontend.BG4SNX/config
2026-10-09T15:54:57.8551282Z   XDG_CACHE_HOME: /home/runner/work/_temp/novel-ci-frontend.BG4SNX/cache
2026-10-09T15:54:57.8551618Z   XDG_DATA_HOME: /home/runner/work/_temp/novel-ci-frontend.BG4SNX/data
2026-10-09T15:54:57.8551950Z   XDG_STATE_HOME: /home/runner/work/_temp/novel-ci-frontend.BG4SNX/state
2026-10-09T15:54:57.8552272Z   TMPDIR: /home/runner/work/_temp/novel-ci-frontend.BG4SNX/tmp
2026-10-09T15:54:57.8552573Z   TMP: /home/runner/work/_temp/novel-ci-frontend.BG4SNX/tmp
2026-10-09T15:54:57.8552862Z   TEMP: /home/runner/work/_temp/novel-ci-frontend.BG4SNX/tmp
2026-10-09T15:54:57.8553369Z   PROJECT_ROOT: /home/runner/work/_temp/novel-ci-frontend.BG4SNX/project
2026-10-09T15:54:57.8553938Z   NOVEL_DATA_PATH: /home/runner/work/_temp/novel-ci-frontend.BG4SNX/data/novels
2026-10-09T15:54:57.8554315Z   BACKUP_PATH: /home/runner/work/_temp/novel-ci-frontend.BG4SNX/data/backups
2026-10-09T15:54:57.8554738Z   DATABASE_BACKUP_PATH: /home/runner/work/_temp/novel-ci-frontend.BG4SNX/data/database-backups
2026-10-09T15:54:57.8555183Z   KNOWLEDGE_SOURCE_PATH: /home/runner/work/_temp/novel-ci-frontend.BG4SNX/data/novels
2026-10-09T15:54:57.8555498Z ##[endgroup]
2026-10-09T15:54:58.6345579Z Obtaining file:///home/runner/work/_temp/novel-ci-frontend.BG4SNX/project
2026-10-09T15:54:58.6359811Z   Installing build dependencies: started
2026-10-09T15:54:59.7548428Z   Installing build dependencies: finished with status 'done'
2026-10-09T15:54:59.7553582Z   Checking if build backend supports build_editable: started
2026-10-09T15:55:00.3305810Z   Checking if build backend supports build_editable: finished with status 'done'
2026-10-09T15:55:00.3312317Z   Getting requirements to build editable: started
2026-10-09T15:55:01.0768170Z   Getting requirements to build editable: finished with status 'done'
2026-10-09T15:55:01.0775155Z   Preparing editable metadata (pyproject.toml): started
2026-10-09T15:55:01.8286636Z   Preparing editable metadata (pyproject.toml): finished with status 'done'
2026-10-09T15:55:01.9652265Z Collecting fastapi<1,>=0.115 (from ai-novel-studio==0.7.0)
2026-10-09T15:55:02.0018236Z   Downloading fastapi-0.142.2-py3-none-any.whl.metadata (27 kB)
2026-10-09T15:55:02.0471550Z Collecting uvicorn<1,>=0.30 (from ai-novel-studio==0.7.0)
2026-10-09T15:55:02.0507123Z   Downloading uvicorn-0.54.0-py3-none-any.whl.metadata (6.6 kB)
2026-10-09T15:55:02.0897109Z Collecting psycopg<4,>=3.2 (from psycopg[binary]<4,>=3.2->ai-novel-studio==0.7.0)
2026-10-09T15:55:02.0930799Z   Downloading psycopg-3.3.6-py3-none-any.whl.metadata (4.4 kB)
2026-10-09T15:55:02.3908090Z Collecting sqlalchemy<3,>=2.0 (from ai-novel-studio==0.7.0)
2026-10-09T15:55:02.3947048Z   Downloading sqlalchemy-2.1.3-cp312-cp312-manylinux2014_x86_64.manylinux_2_17_x86_64.manylinux_2_28_x86_64.whl.metadata (9.7 kB)
2026-10-09T15:55:02.4451634Z Collecting httpx<1,>=0.27 (from ai-novel-studio==0.7.0)
2026-10-09T15:55:02.4484594Z   Downloading httpx-0.28.1-py3-none-any.whl.metadata (7.1 kB)
2026-10-09T15:55:02.4795779Z Collecting pydantic-settings<3,>=2.6 (from ai-novel-studio==0.7.0)
2026-10-09T15:55:02.4829852Z   Downloading pydantic_settings-2.15.0-py3-none-any.whl.metadata (3.9 kB)
2026-10-09T15:55:03.2111827Z Collecting reportlab<5,>=4.0 (from ai-novel-studio==0.7.0)
2026-10-09T15:55:03.2144869Z   Downloading reportlab-4.5.1-py3-none-any.whl.metadata (1.7 kB)
2026-10-09T15:55:03.2677993Z Collecting pypdf==6.19.0 (from ai-novel-studio==0.7.0)
2026-10-09T15:55:03.2707689Z   Downloading pypdf-6.19.0-py3-none-any.whl.metadata (7.5 kB)
2026-10-09T15:55:03.3036212Z Collecting jsonschema<5,>=4.18 (from ai-novel-studio==0.7.0)
2026-10-09T15:55:03.3068265Z   Downloading jsonschema-4.26.0-py3-none-any.whl.metadata (7.6 kB)
2026-10-09T15:55:03.3415970Z Collecting pytest<9,>=8 (from ai-novel-studio==0.7.0)
2026-10-09T15:55:03.3447481Z   Downloading pytest-8.4.2-py3-none-any.whl.metadata (7.7 kB)
2026-10-09T15:55:03.4678408Z Collecting fonttools==4.59.1 (from ai-novel-studio==0.7.0)
2026-10-09T15:55:03.4720380Z   Downloading fonttools-4.59.1-cp312-cp312-manylinux1_x86_64.manylinux2014_x86_64.manylinux_2_17_x86_64.manylinux_2_5_x86_64.whl.metadata (108 kB)
2026-10-09T15:55:03.5049763Z Collecting opentimelineio==0.18.1 (from ai-novel-studio==0.7.0)
2026-10-09T15:55:03.5093309Z   Downloading opentimelineio-0.18.1-cp312-cp312-manylinux2014_x86_64.manylinux_2_17_x86_64.whl.metadata (2.6 kB)
2026-10-09T15:55:03.6725118Z Collecting Pillow==12.3.0 (from ai-novel-studio==0.7.0)
2026-10-09T15:55:03.6758381Z   Downloading pillow-12.3.0-cp312-cp312-manylinux_2_27_x86_64.manylinux_2_28_x86_64.whl.metadata (9.1 kB)
2026-10-09T15:55:03.7036215Z Collecting starlette>=0.46.0 (from fastapi<1,>=0.115->ai-novel-studio==0.7.0)
2026-10-09T15:55:03.7073245Z   Downloading starlette-1.7.0-py3-none-any.whl.metadata (6.6 kB)
2026-10-09T15:55:03.7949239Z Collecting pydantic>=2.9.0 (from fastapi<1,>=0.115->ai-novel-studio==0.7.0)
2026-10-09T15:55:03.7984687Z   Downloading pydantic-2.13.5-py3-none-any.whl.metadata (110 kB)
2026-10-09T15:55:04.0630383Z Collecting typing-extensions>=4.8.0 (from fastapi<1,>=0.115->ai-novel-studio==0.7.0)
2026-10-09T15:55:04.0664040Z   Downloading typing_extensions-4.16.0-py3-none-any.whl.metadata (3.3 kB)
2026-10-09T15:55:04.0825487Z Collecting typing-inspection>=0.4.2 (from fastapi<1,>=0.115->ai-novel-studio==0.7.0)
2026-10-09T15:55:04.0859893Z   Downloading typing_inspection-0.4.4-py3-none-any.whl.metadata (2.6 kB)
2026-10-09T15:55:04.1020845Z Collecting annotated-doc>=0.0.2 (from fastapi<1,>=0.115->ai-novel-studio==0.7.0)
2026-10-09T15:55:04.1054286Z   Downloading annotated_doc-0.0.5-py3-none-any.whl.metadata (6.5 kB)
2026-10-09T15:55:04.1270616Z Collecting opentelemetry-api>=1.44.0 (from fastapi<1,>=0.115->ai-novel-studio==0.7.0)
2026-10-09T15:55:04.1304329Z   Downloading opentelemetry_api-1.45.0-py3-none-any.whl.metadata (1.4 kB)
2026-10-09T15:55:04.1524038Z Collecting anyio (from httpx<1,>=0.27->ai-novel-studio==0.7.0)
2026-10-09T15:55:04.1557737Z   Downloading anyio-4.15.1-py3-none-any.whl.metadata (4.7 kB)
2026-10-09T15:55:04.1759987Z Collecting certifi (from httpx<1,>=0.27->ai-novel-studio==0.7.0)
2026-10-09T15:55:04.1792767Z   Downloading certifi-2026.7.22-py3-none-any.whl.metadata (2.5 kB)
2026-10-09T15:55:04.1982809Z Collecting httpcore==1.* (from httpx<1,>=0.27->ai-novel-studio==0.7.0)
2026-10-09T15:55:04.2016572Z   Downloading httpcore-1.0.9-py3-none-any.whl.metadata (21 kB)
2026-10-09T15:55:04.2204464Z Collecting idna (from httpx<1,>=0.27->ai-novel-studio==0.7.0)
2026-10-09T15:55:04.2239195Z   Downloading idna-3.20-py3-none-any.whl.metadata (7.2 kB)
2026-10-09T15:55:04.2412126Z Collecting h11>=0.16 (from httpcore==1.*->httpx<1,>=0.27->ai-novel-studio==0.7.0)
2026-10-09T15:55:04.2445358Z   Downloading h11-0.16.0-py3-none-any.whl.metadata (8.3 kB)
2026-10-09T15:55:04.2627150Z Collecting attrs>=22.2.0 (from jsonschema<5,>=4.18->ai-novel-studio==0.7.0)
2026-10-09T15:55:04.2660161Z   Downloading attrs-26.1.0-py3-none-any.whl.metadata (8.8 kB)
2026-10-09T15:55:04.2830485Z Collecting jsonschema-specifications>=2023.03.6 (from jsonschema<5,>=4.18->ai-novel-studio==0.7.0)
2026-10-09T15:55:04.2863995Z   Downloading jsonschema_specifications-2025.9.1-py3-none-any.whl.metadata (2.9 kB)
2026-10-09T15:55:04.3099829Z Collecting referencing>=0.28.4 (from jsonschema<5,>=4.18->ai-novel-studio==0.7.0)
2026-10-09T15:55:04.3132389Z   Downloading referencing-0.37.0-py3-none-any.whl.metadata (2.8 kB)
2026-10-09T15:55:04.6009834Z Collecting rpds-py>=0.25.0 (from jsonschema<5,>=4.18->ai-novel-studio==0.7.0)
2026-10-09T15:55:04.6046854Z   Downloading rpds_py-2026.9.1-cp312-cp312-manylinux_2_17_x86_64.manylinux2014_x86_64.whl.metadata (4.1 kB)
2026-10-09T15:55:04.7603574Z Collecting psycopg-binary==3.3.6 (from psycopg[binary]<4,>=3.2->ai-novel-studio==0.7.0)
2026-10-09T15:55:04.7637956Z   Downloading psycopg_binary-3.3.6-cp312-cp312-manylinux2014_x86_64.manylinux_2_17_x86_64.whl.metadata (2.7 kB)
2026-10-09T15:55:04.7844860Z Collecting python-dotenv>=0.21.0 (from pydantic-settings<3,>=2.6->ai-novel-studio==0.7.0)
2026-10-09T15:55:04.7876766Z   Downloading python_dotenv-1.2.4-py3-none-any.whl.metadata (29 kB)
2026-10-09T15:55:04.8059551Z Collecting iniconfig>=1 (from pytest<9,>=8->ai-novel-studio==0.7.0)
2026-10-09T15:55:04.8091555Z   Downloading iniconfig-2.3.0-py3-none-any.whl.metadata (2.5 kB)
2026-10-09T15:55:04.8280726Z Collecting packaging>=20 (from pytest<9,>=8->ai-novel-studio==0.7.0)
2026-10-09T15:55:04.8312058Z   Downloading packaging-26.3-py3-none-any.whl.metadata (3.5 kB)
2026-10-09T15:55:04.8481895Z Collecting pluggy<2,>=1.5 (from pytest<9,>=8->ai-novel-studio==0.7.0)
2026-10-09T15:55:04.8513611Z   Downloading pluggy-1.6.0-py3-none-any.whl.metadata (4.8 kB)
2026-10-09T15:55:04.8717970Z Collecting pygments>=2.7.2 (from pytest<9,>=8->ai-novel-studio==0.7.0)
2026-10-09T15:55:04.8750578Z   Downloading pygments-2.21.0-py3-none-any.whl.metadata (2.5 kB)
2026-10-09T15:55:04.9758706Z Collecting charset-normalizer (from reportlab<5,>=4.0->ai-novel-studio==0.7.0)
2026-10-09T15:55:04.9793316Z   Downloading charset_normalizer-3.5.2-cp312-cp312-manylinux2014_x86_64.manylinux_2_17_x86_64.manylinux_2_28_x86_64.whl.metadata (46 kB)
2026-10-09T15:55:05.0016868Z Collecting click>=7.0 (from uvicorn<1,>=0.30->ai-novel-studio==0.7.0)
2026-10-09T15:55:05.0048384Z   Downloading click-8.5.0-py3-none-any.whl.metadata (2.6 kB)
2026-10-09T15:55:05.0252073Z Collecting annotated-types>=0.6.0 (from pydantic>=2.9.0->fastapi<1,>=0.115->ai-novel-studio==0.7.0)
2026-10-09T15:55:05.0283601Z   Downloading annotated_types-0.8.0-py3-none-any.whl.metadata (15 kB)
2026-10-09T15:55:05.5746522Z Collecting pydantic-core==2.46.5 (from pydantic>=2.9.0->fastapi<1,>=0.115->ai-novel-studio==0.7.0)
2026-10-09T15:55:05.5779922Z   Downloading pydantic_core-2.46.5-cp312-cp312-manylinux_2_17_x86_64.manylinux2014_x86_64.whl.metadata (6.6 kB)
2026-10-09T15:55:05.5952709Z Downloading fonttools-4.59.1-cp312-cp312-manylinux1_x86_64.manylinux2014_x86_64.manylinux_2_17_x86_64.manylinux_2_5_x86_64.whl (4.9 MB)
2026-10-09T15:55:05.6420627Z    ━━━━━━━━━━━━━━━━━━━━━━━━━━━━━━━━━━━━━━━━ 4.9/4.9 MB 108.6 MB/s  0:00:00
2026-10-09T15:55:05.6463205Z Downloading opentimelineio-0.18.1-cp312-cp312-manylinux2014_x86_64.manylinux_2_17_x86_64.whl (842 kB)
2026-10-09T15:55:05.6550866Z    ━━━━━━━━━━━━━━━━━━━━━━━━━━━━━━━━━━━━━━━━ 842.8/842.8 kB 85.7 MB/s  0:00:00
2026-10-09T15:55:05.6587497Z Downloading pillow-12.3.0-cp312-cp312-manylinux_2_27_x86_64.manylinux_2_28_x86_64.whl (6.9 MB)
2026-10-09T15:55:05.7101228Z    ━━━━━━━━━━━━━━━━━━━━━━━━━━━━━━━━━━━━━━━━ 6.9/6.9 MB 135.5 MB/s  0:00:00
2026-10-09T15:55:05.7136218Z Downloading pypdf-6.19.0-py3-none-any.whl (395 kB)
2026-10-09T15:55:05.7211794Z Downloading fastapi-0.142.2-py3-none-any.whl (144 kB)
2026-10-09T15:55:05.7261007Z Downloading httpx-0.28.1-py3-none-any.whl (73 kB)
2026-10-09T15:55:05.7307917Z Downloading httpcore-1.0.9-py3-none-any.whl (78 kB)
2026-10-09T15:55:05.7354294Z Downloading jsonschema-4.26.0-py3-none-any.whl (90 kB)
2026-10-09T15:55:05.7401668Z Downloading psycopg-3.3.6-py3-none-any.whl (215 kB)
2026-10-09T15:55:05.7452685Z Downloading psycopg_binary-3.3.6-cp312-cp312-manylinux2014_x86_64.manylinux_2_17_x86_64.whl (5.2 MB)
2026-10-09T15:55:05.7808377Z    ━━━━━━━━━━━━━━━━━━━━━━━━━━━━━━━━━━━━━━━━ 5.2/5.2 MB 150.3 MB/s  0:00:00
2026-10-09T15:55:05.7846255Z Downloading pydantic_settings-2.15.0-py3-none-any.whl (69 kB)
2026-10-09T15:55:05.7896089Z Downloading pytest-8.4.2-py3-none-any.whl (365 kB)
2026-10-09T15:55:05.7951517Z Downloading pluggy-1.6.0-py3-none-any.whl (20 kB)
2026-10-09T15:55:05.7996936Z Downloading reportlab-4.5.1-py3-none-any.whl (2.0 MB)
2026-10-09T15:55:05.8135075Z    ━━━━━━━━━━━━━━━━━━━━━━━━━━━━━━━━━━━━━━━━ 2.0/2.0 MB 145.6 MB/s  0:00:00
2026-10-09T15:55:05.8168480Z Downloading sqlalchemy-2.1.3-cp312-cp312-manylinux2014_x86_64.manylinux_2_17_x86_64.manylinux_2_28_x86_64.whl (4.7 MB)
2026-10-09T15:55:05.8460306Z    ━━━━━━━━━━━━━━━━━━━━━━━━━━━━━━━━━━━━━━━━ 4.7/4.7 MB 164.0 MB/s  0:00:00
2026-10-09T15:55:05.8492096Z Downloading uvicorn-0.54.0-py3-none-any.whl (87 kB)
2026-10-09T15:55:05.8539814Z Downloading annotated_doc-0.0.5-py3-none-any.whl (5.3 kB)
2026-10-09T15:55:05.8581638Z Downloading attrs-26.1.0-py3-none-any.whl (67 kB)
2026-10-09T15:55:05.8625151Z Downloading click-8.5.0-py3-none-any.whl (125 kB)
2026-10-09T15:55:05.8671575Z Downloading h11-0.16.0-py3-none-any.whl (37 kB)
2026-10-09T15:55:05.8714879Z Downloading iniconfig-2.3.0-py3-none-any.whl (7.5 kB)
2026-10-09T15:55:05.8757157Z Downloading jsonschema_specifications-2025.9.1-py3-none-any.whl (18 kB)
2026-10-09T15:55:05.8799250Z Downloading opentelemetry_api-1.45.0-py3-none-any.whl (60 kB)
2026-10-09T15:55:05.8844025Z Downloading packaging-26.3-py3-none-any.whl (129 kB)
2026-10-09T15:55:05.8888379Z Downloading pydantic-2.13.5-py3-none-any.whl (472 kB)
2026-10-09T15:55:05.8949253Z Downloading pydantic_core-2.46.5-cp312-cp312-manylinux_2_17_x86_64.manylinux2014_x86_64.whl (2.1 MB)
2026-10-09T15:55:05.9095764Z    ━━━━━━━━━━━━━━━━━━━━━━━━━━━━━━━━━━━━━━━━ 2.1/2.1 MB 141.0 MB/s  0:00:00
2026-10-09T15:55:05.9135105Z Downloading annotated_types-0.8.0-py3-none-any.whl (13 kB)
2026-10-09T15:55:05.9178529Z Downloading pygments-2.21.0-py3-none-any.whl (1.3 MB)
2026-10-09T15:55:05.9269463Z    ━━━━━━━━━━━━━━━━━━━━━━━━━━━━━━━━━━━━━━━━ 1.3/1.3 MB 137.2 MB/s  0:00:00
2026-10-09T15:55:05.9299427Z Downloading python_dotenv-1.2.4-py3-none-any.whl (23 kB)
2026-10-09T15:55:05.9343618Z Downloading referencing-0.37.0-py3-none-any.whl (26 kB)
2026-10-09T15:55:05.9387369Z Downloading rpds_py-2026.9.1-cp312-cp312-manylinux_2_17_x86_64.manylinux2014_x86_64.whl (371 kB)
2026-10-09T15:55:05.9447319Z Downloading starlette-1.7.0-py3-none-any.whl (78 kB)
2026-10-09T15:55:05.9490758Z Downloading anyio-4.15.1-py3-none-any.whl (132 kB)
2026-10-09T15:55:05.9534184Z Downloading idna-3.20-py3-none-any.whl (69 kB)
2026-10-09T15:55:05.9577398Z Downloading typing_extensions-4.16.0-py3-none-any.whl (45 kB)
2026-10-09T15:55:05.9621225Z Downloading typing_inspection-0.4.4-py3-none-any.whl (14 kB)
2026-10-09T15:55:05.9660807Z Downloading certifi-2026.7.22-py3-none-any.whl (136 kB)
2026-10-09T15:55:05.9709643Z Downloading charset_normalizer-3.5.2-cp312-cp312-manylinux2014_x86_64.manylinux_2_17_x86_64.manylinux_2_28_x86_64.whl (257 kB)
2026-10-09T15:55:06.0716320Z Building wheels for collected packages: ai-novel-studio
2026-10-09T15:55:06.0722530Z   Building editable for ai-novel-studio (pyproject.toml): started
2026-10-09T15:55:06.8603837Z   Building editable for ai-novel-studio (pyproject.toml): finished with status 'done'
2026-10-09T15:55:06.8608385Z   Created wheel for ai-novel-studio: filename=ai_novel_studio-0.7.0-0.editable-py3-none-any.whl size=3185 sha256=f247b9ede578196d23616173c0b472420b6abe30e9c5bc949cd2ec29b8fb41fc
2026-10-09T15:55:06.8609865Z   Stored in directory: /home/runner/work/_temp/novel-ci-frontend.BG4SNX/tmp/pip-ephem-wheel-cache-s6gyxve1/wheels/9a/e8/b5/7a9b4dbbf506b319f92b3c2995bfbd0e864f7e96a981eac748
2026-10-09T15:55:06.8622401Z Successfully built ai-novel-studio
2026-10-09T15:55:06.9410059Z Installing collected packages: typing-extensions, rpds-py, python-dotenv, pypdf, pygments, psycopg-binary, pluggy, Pillow, packaging, opentimelineio, iniconfig, idna, h11, fonttools, click, charset-normalizer, certifi, attrs, annotated-types, annotated-doc, uvicorn, typing-inspection, sqlalchemy, reportlab, referencing, pytest, pydantic-core, psycopg, opentelemetry-api, httpcore, anyio, starlette, pydantic, jsonschema-specifications, httpx, pydantic-settings, jsonschema, fastapi, ai-novel-studio
2026-10-09T15:55:12.8777073Z 
2026-10-09T15:55:12.8807285Z Successfully installed Pillow-12.3.0 ai-novel-studio-0.7.0 annotated-doc-0.0.5 annotated-types-0.8.0 anyio-4.15.1 attrs-26.1.0 certifi-2026.7.22 charset-normalizer-3.5.2 click-8.5.0 fastapi-0.142.2 fonttools-4.59.1 h11-0.16.0 httpcore-1.0.9 httpx-0.28.1 idna-3.20 iniconfig-2.3.0 jsonschema-4.26.0 jsonschema-specifications-2025.9.1 opentelemetry-api-1.45.0 opentimelineio-0.18.1 packaging-26.3 pluggy-1.6.0 psycopg-3.3.6 psycopg-binary-3.3.6 pydantic-2.13.5 pydantic-core-2.46.5 pydantic-settings-2.15.0 pygments-2.21.0 pypdf-6.19.0 pytest-8.4.2 python-dotenv-1.2.4 referencing-0.37.0 reportlab-4.5.1 rpds-py-2026.9.1 sqlalchemy-2.1.3 starlette-1.7.0 typing-extensions-4.16.0 typing-inspection-0.4.4 uvicorn-0.54.0
2026-10-09T15:55:13.0746305Z ##[group]Run set -o pipefail
2026-10-09T15:55:13.0746676Z [36;1mset -o pipefail[0m
2026-10-09T15:55:13.0747497Z [36;1mpnpm exec vitest run tests/localInteropRealHost.test.ts --pool=forks --maxWorkers=1 --minWorkers=1 2>&1 | tee "$CI_RECEIPTS/local-interop-client.log"[0m
2026-10-09T15:55:13.0810773Z shell: /usr/bin/bash -e {0}
2026-10-09T15:55:13.0810989Z env:
2026-10-09T15:55:13.0811152Z   MOCK_PROVIDER: true
2026-10-09T15:55:13.0811338Z   MOCK_STREAM_DELAY_MS: 0
2026-10-09T15:55:13.0811517Z   ENABLE_CLOUD: false
2026-10-09T15:55:13.0811707Z   CREDENTIAL_VAULT_BACKEND: memory
2026-10-09T15:55:13.0811961Z   CREDENTIAL_VAULT_ALLOW_MEMORY_FALLBACK: true
2026-10-09T15:55:13.0812202Z   PYTHONDONTWRITEBYTECODE: 1
2026-10-09T15:55:13.0812392Z   HF_HUB_OFFLINE: 1
2026-10-09T15:55:13.0812562Z   TRANSFORMERS_OFFLINE: 1
2026-10-09T15:55:13.0812803Z   pythonLocation: /opt/hostedtoolcache/Python/3.12.9/x64
2026-10-09T15:55:13.0813349Z   PKG_CONFIG_PATH: /opt/hostedtoolcache/Python/3.12.9/x64/lib/pkgconfig
2026-10-09T15:55:13.0813686Z   Python_ROOT_DIR: /opt/hostedtoolcache/Python/3.12.9/x64
2026-10-09T15:55:13.0813975Z   Python2_ROOT_DIR: /opt/hostedtoolcache/Python/3.12.9/x64
2026-10-09T15:55:13.0814258Z   Python3_ROOT_DIR: /opt/hostedtoolcache/Python/3.12.9/x64
2026-10-09T15:55:13.0814541Z   LD_LIBRARY_PATH: /opt/hostedtoolcache/Python/3.12.9/x64/lib
2026-10-09T15:55:13.0814831Z   CI_COVERAGE_SHA: 9851bdd2d692df983664bc8f4597fbc05c0e2ceb
2026-10-09T15:55:13.0815121Z   CI_COVERAGE_TREE: cd6989a19e5fd5e2400f2325fe696cae03d8eda7
2026-10-09T15:55:13.0815430Z   CI_SANDBOX: /home/runner/work/_temp/novel-ci-frontend.BG4SNX
2026-10-09T15:55:13.0815781Z   CI_PROJECT: /home/runner/work/_temp/novel-ci-frontend.BG4SNX/project
2026-10-09T15:55:13.0816133Z   CI_RECEIPTS: /home/runner/work/_temp/novel-ci-frontend.BG4SNX/receipts
2026-10-09T15:55:13.0816465Z   HOME: /home/runner/work/_temp/novel-ci-frontend.BG4SNX/home
2026-10-09T15:55:13.0816787Z   USERPROFILE: /home/runner/work/_temp/novel-ci-frontend.BG4SNX/home
2026-10-09T15:55:13.0817120Z   APPDATA: /home/runner/work/_temp/novel-ci-frontend.BG4SNX/appdata
2026-10-09T15:55:13.0817482Z   LOCALAPPDATA: /home/runner/work/_temp/novel-ci-frontend.BG4SNX/localappdata
2026-10-09T15:55:13.0817861Z   XDG_CONFIG_HOME: /home/runner/work/_temp/novel-ci-frontend.BG4SNX/config
2026-10-09T15:55:13.0818213Z   XDG_CACHE_HOME: /home/runner/work/_temp/novel-ci-frontend.BG4SNX/cache
2026-10-09T15:55:13.0818564Z   XDG_DATA_HOME: /home/runner/work/_temp/novel-ci-frontend.BG4SNX/data
2026-10-09T15:55:13.0818917Z   XDG_STATE_HOME: /home/runner/work/_temp/novel-ci-frontend.BG4SNX/state
2026-10-09T15:55:13.0819249Z   TMPDIR: /home/runner/work/_temp/novel-ci-frontend.BG4SNX/tmp
2026-10-09T15:55:13.0819553Z   TMP: /home/runner/work/_temp/novel-ci-frontend.BG4SNX/tmp
2026-10-09T15:55:13.0819845Z   TEMP: /home/runner/work/_temp/novel-ci-frontend.BG4SNX/tmp
2026-10-09T15:55:13.0820157Z   PROJECT_ROOT: /home/runner/work/_temp/novel-ci-frontend.BG4SNX/project
2026-10-09T15:55:13.0820525Z   NOVEL_DATA_PATH: /home/runner/work/_temp/novel-ci-frontend.BG4SNX/data/novels
2026-10-09T15:55:13.0820900Z   BACKUP_PATH: /home/runner/work/_temp/novel-ci-frontend.BG4SNX/data/backups
2026-10-09T15:55:13.0821324Z   DATABASE_BACKUP_PATH: /home/runner/work/_temp/novel-ci-frontend.BG4SNX/data/database-backups
2026-10-09T15:55:13.0821762Z   KNOWLEDGE_SOURCE_PATH: /home/runner/work/_temp/novel-ci-frontend.BG4SNX/data/novels
2026-10-09T15:55:13.0822080Z   INTEROP_PYTHON: python
2026-10-09T15:55:13.0822276Z   LOCAL_INTEROP_REAL_HOST_TEST: 1
2026-10-09T15:55:13.0822476Z ##[endgroup]
2026-10-09T15:55:13.5757678Z 
2026-10-09T15:55:13.5758966Z [1m[7m[36m RUN [39m[27m[22m [36mv2.1.9 [39m[90m/home/runner/work/_temp/novel-ci-frontend.BG4SNX/project/frontend[39m
2026-10-09T15:55:13.5759370Z 
2026-10-09T15:55:22.5100345Z  [32m✓[39m tests/localInteropRealHost.test.ts [2m([22m[2m2 tests[22m[2m)[22m[33m 8647[2mms[22m[39m
2026-10-09T15:55:22.5101843Z    [33m[2m✓[22m[39m real frontend client / isolated Studio / Synthetic Tutor (MOCK_ONLY)[2m > [22mmatches the actual immutable context, wire session, diagnostic, verifier and handoff contracts [33m1097[2mms[22m[39m
2026-10-09T15:55:22.5103382Z    [33m[2m✓[22m[39m real frontend client / isolated Studio / Synthetic Tutor (MOCK_ONLY)[2m > [22mprojects formal host authority and enforces independent permission revoke plus complete emergency cleanup [33m507[2mms[22m[39m
2026-10-09T15:55:22.5206723Z 
2026-10-09T15:55:22.5213220Z [2m Test Files [22m [1m[32m1 passed[39m[22m[90m (1)[39m
2026-10-09T15:55:22.5214303Z [2m      Tests [22m [1m[32m2 passed[39m[22m[90m (2)[39m
2026-10-09T15:55:22.5215165Z [2m   Start at [22m 15:55:13
2026-10-09T15:55:22.5216095Z [2m   Duration [22m 8.94s[2m (transform 107ms, setup 0ms, collect 147ms, tests 8.65s, environment 0ms, prepare 52ms)[22m
2026-10-09T15:55:22.5216613Z 
2026-10-09T15:55:22.5413419Z ##[group]Run set -o pipefail
2026-10-09T15:55:22.5413680Z [36;1mset -o pipefail[0m
2026-10-09T15:55:22.5414106Z [36;1mpnpm exec playwright test --config playwright.interop.config.ts 2>&1 | tee "$CI_RECEIPTS/local-interop-browser.log"[0m
2026-10-09T15:55:22.5471618Z shell: /usr/bin/bash -e {0}
2026-10-09T15:55:22.5471835Z env:
2026-10-09T15:55:22.5472009Z   MOCK_PROVIDER: true
2026-10-09T15:55:22.5472204Z   MOCK_STREAM_DELAY_MS: 0
2026-10-09T15:55:22.5472391Z   ENABLE_CLOUD: false
2026-10-09T15:55:22.5472576Z   CREDENTIAL_VAULT_BACKEND: memory
2026-10-09T15:55:22.5472808Z   CREDENTIAL_VAULT_ALLOW_MEMORY_FALLBACK: true
2026-10-09T15:55:22.5473222Z   PYTHONDONTWRITEBYTECODE: 1
2026-10-09T15:55:22.5473436Z   HF_HUB_OFFLINE: 1
2026-10-09T15:55:22.5473606Z   TRANSFORMERS_OFFLINE: 1
2026-10-09T15:55:22.5473840Z   pythonLocation: /opt/hostedtoolcache/Python/3.12.9/x64
2026-10-09T15:55:22.5474174Z   PKG_CONFIG_PATH: /opt/hostedtoolcache/Python/3.12.9/x64/lib/pkgconfig
2026-10-09T15:55:22.5474539Z   Python_ROOT_DIR: /opt/hostedtoolcache/Python/3.12.9/x64
2026-10-09T15:55:22.5474836Z   Python2_ROOT_DIR: /opt/hostedtoolcache/Python/3.12.9/x64
2026-10-09T15:55:22.5475120Z   Python3_ROOT_DIR: /opt/hostedtoolcache/Python/3.12.9/x64
2026-10-09T15:55:22.5475413Z   LD_LIBRARY_PATH: /opt/hostedtoolcache/Python/3.12.9/x64/lib
2026-10-09T15:55:22.5475710Z   CI_COVERAGE_SHA: 9851bdd2d692df983664bc8f4597fbc05c0e2ceb
2026-10-09T15:55:22.5476007Z   CI_COVERAGE_TREE: cd6989a19e5fd5e2400f2325fe696cae03d8eda7
2026-10-09T15:55:22.5476314Z   CI_SANDBOX: /home/runner/work/_temp/novel-ci-frontend.BG4SNX
2026-10-09T15:55:22.5476640Z   CI_PROJECT: /home/runner/work/_temp/novel-ci-frontend.BG4SNX/project
2026-10-09T15:55:22.5476995Z   CI_RECEIPTS: /home/runner/work/_temp/novel-ci-frontend.BG4SNX/receipts
2026-10-09T15:55:22.5477324Z   HOME: /home/runner/work/_temp/novel-ci-frontend.BG4SNX/home
2026-10-09T15:55:22.5477640Z   USERPROFILE: /home/runner/work/_temp/novel-ci-frontend.BG4SNX/home
2026-10-09T15:55:22.5477979Z   APPDATA: /home/runner/work/_temp/novel-ci-frontend.BG4SNX/appdata
2026-10-09T15:55:22.5478338Z   LOCALAPPDATA: /home/runner/work/_temp/novel-ci-frontend.BG4SNX/localappdata
2026-10-09T15:55:22.5478719Z   XDG_CONFIG_HOME: /home/runner/work/_temp/novel-ci-frontend.BG4SNX/config
2026-10-09T15:55:22.5479080Z   XDG_CACHE_HOME: /home/runner/work/_temp/novel-ci-frontend.BG4SNX/cache
2026-10-09T15:55:22.5479414Z   XDG_DATA_HOME: /home/runner/work/_temp/novel-ci-frontend.BG4SNX/data
2026-10-09T15:55:22.5479748Z   XDG_STATE_HOME: /home/runner/work/_temp/novel-ci-frontend.BG4SNX/state
2026-10-09T15:55:22.5480069Z   TMPDIR: /home/runner/work/_temp/novel-ci-frontend.BG4SNX/tmp
2026-10-09T15:55:22.5480365Z   TMP: /home/runner/work/_temp/novel-ci-frontend.BG4SNX/tmp
2026-10-09T15:55:22.5480868Z   TEMP: /home/runner/work/_temp/novel-ci-frontend.BG4SNX/tmp
2026-10-09T15:55:22.5481192Z   PROJECT_ROOT: /home/runner/work/_temp/novel-ci-frontend.BG4SNX/project
2026-10-09T15:55:22.5481565Z   NOVEL_DATA_PATH: /home/runner/work/_temp/novel-ci-frontend.BG4SNX/data/novels
2026-10-09T15:55:22.5481939Z   BACKUP_PATH: /home/runner/work/_temp/novel-ci-frontend.BG4SNX/data/backups
2026-10-09T15:55:22.5482349Z   DATABASE_BACKUP_PATH: /home/runner/work/_temp/novel-ci-frontend.BG4SNX/data/database-backups
2026-10-09T15:55:22.5482791Z   KNOWLEDGE_SOURCE_PATH: /home/runner/work/_temp/novel-ci-frontend.BG4SNX/data/novels
2026-10-09T15:55:22.5483373Z   INTEROP_PYTHON: python
2026-10-09T15:55:22.5483569Z ##[endgroup]
2026-10-09T15:55:30.1453990Z 
2026-10-09T15:55:30.1474547Z Running 12 tests using 1 worker
2026-10-09T15:55:30.1474865Z 
2026-10-09T15:55:36.7364981Z   ✓   1 [chromium] › tests/e2e/local-interop.spec.ts:32:1 › real App → host → synthetic Tutor metadata, explicit send and host-authorized read-only navigation (6.0s)
2026-10-09T15:55:38.7332687Z   ✓   2 [chromium] › tests/e2e/local-interop.spec.ts:58:1 › actual TipTap selection produces exact saved text and Unicode offset preview (2.0s)
2026-10-09T15:55:40.9455455Z   ✓   3 [chromium] › tests/e2e/local-interop.spec.ts:93:1 › diagnostic removal preview shares no hidden project context and remains explicitly confirmed (2.2s)
2026-10-09T15:55:42.3301340Z   ✓   4 [chromium] › tests/e2e/local-interop.spec.ts:107:1 › Tutor absent leaves Studio usable and close restores the shared entry (1.4s)
2026-10-09T15:55:44.0745442Z   ✓   5 [chromium] › tests/e2e/local-interop.spec.ts:119:3 › Tutor dialog geometry and keyboard focus 1366x768 (1.7s)
2026-10-09T15:55:45.8544679Z   ✓   6 [chromium] › tests/e2e/local-interop.spec.ts:119:3 › Tutor dialog geometry and keyboard focus 1440x900 (1.8s)
2026-10-09T15:55:47.6388580Z   ✓   7 [chromium] › tests/e2e/local-interop.spec.ts:119:3 › Tutor dialog geometry and keyboard focus 1920x1080 (1.8s)
2026-10-09T15:55:50.8143423Z   ✓   8 [chromium] › tests/e2e/local-interop.spec.ts:136:1 › ongoing metadata events require their own preview and confirmation, preserve exclusions, and stop for diagnostics (3.2s)
2026-10-09T15:55:53.2738455Z   ✓   9 [chromium] › tests/e2e/local-interop.spec.ts:175:1 › explicit ongoing-sharing Stop revokes the grant and reconnect never restores it (2.4s)
2026-10-09T15:55:55.2076732Z   ✓  10 [chromium] › tests/e2e/local-interop.spec.ts:193:1 › Desktop Preparation is deferred until opened and renders host state, trust boundary, nine permissions and seven health parts (1.9s)
2026-10-09T15:55:57.1017544Z   ✓  11 [chromium] › tests/e2e/local-interop.spec.ts:216:1 › independent selection revoke leaves chapter consent available and emergency revoke requires full host cleanup (1.9s)
2026-10-09T15:55:58.9062182Z   ✓  12 [chromium] › tests/e2e/local-interop.spec.ts:239:1 › incomplete emergency acknowledgment stays Unknown and an explicit retry obtains a real host receipt (1.8s)
2026-10-09T15:55:59.0068980Z 
2026-10-09T15:55:59.0072780Z   12 passed (35.6s)
2026-10-09T15:55:59.0295431Z ##[group]Run set -o pipefail
2026-10-09T15:55:59.0295679Z [36;1mset -o pipefail[0m
2026-10-09T15:55:59.0296053Z [36;1mpnpm exec playwright test --config playwright.r2.config.ts 2>&1 | tee "$CI_RECEIPTS/business.log"[0m
2026-10-09T15:55:59.0353148Z shell: /usr/bin/bash -e {0}
2026-10-09T15:55:59.0353355Z env:
2026-10-09T15:55:59.0353518Z   MOCK_PROVIDER: true
2026-10-09T15:55:59.0353714Z   MOCK_STREAM_DELAY_MS: 0
2026-10-09T15:55:59.0353900Z   ENABLE_CLOUD: false
2026-10-09T15:55:59.0354080Z   CREDENTIAL_VAULT_BACKEND: memory
2026-10-09T15:55:59.0354313Z   CREDENTIAL_VAULT_ALLOW_MEMORY_FALLBACK: true
2026-10-09T15:55:59.0354554Z   PYTHONDONTWRITEBYTECODE: 1
2026-10-09T15:55:59.0354753Z   HF_HUB_OFFLINE: 1
2026-10-09T15:55:59.0354930Z   TRANSFORMERS_OFFLINE: 1
2026-10-09T15:55:59.0355168Z   pythonLocation: /opt/hostedtoolcache/Python/3.12.9/x64
2026-10-09T15:55:59.0355499Z   PKG_CONFIG_PATH: /opt/hostedtoolcache/Python/3.12.9/x64/lib/pkgconfig
2026-10-09T15:55:59.0356065Z   Python_ROOT_DIR: /opt/hostedtoolcache/Python/3.12.9/x64
2026-10-09T15:55:59.0356369Z   Python2_ROOT_DIR: /opt/hostedtoolcache/Python/3.12.9/x64
2026-10-09T15:55:59.0356654Z   Python3_ROOT_DIR: /opt/hostedtoolcache/Python/3.12.9/x64
2026-10-09T15:55:59.0356944Z   LD_LIBRARY_PATH: /opt/hostedtoolcache/Python/3.12.9/x64/lib
2026-10-09T15:55:59.0357239Z   CI_COVERAGE_SHA: 9851bdd2d692df983664bc8f4597fbc05c0e2ceb
2026-10-09T15:55:59.0357529Z   CI_COVERAGE_TREE: cd6989a19e5fd5e2400f2325fe696cae03d8eda7
2026-10-09T15:55:59.0357846Z   CI_SANDBOX: /home/runner/work/_temp/novel-ci-frontend.BG4SNX
2026-10-09T15:55:59.0358180Z   CI_PROJECT: /home/runner/work/_temp/novel-ci-frontend.BG4SNX/project
2026-10-09T15:55:59.0358529Z   CI_RECEIPTS: /home/runner/work/_temp/novel-ci-frontend.BG4SNX/receipts
2026-10-09T15:55:59.0358857Z   HOME: /home/runner/work/_temp/novel-ci-frontend.BG4SNX/home
2026-10-09T15:55:59.0359175Z   USERPROFILE: /home/runner/work/_temp/novel-ci-frontend.BG4SNX/home
2026-10-09T15:55:59.0359519Z   APPDATA: /home/runner/work/_temp/novel-ci-frontend.BG4SNX/appdata
2026-10-09T15:55:59.0359879Z   LOCALAPPDATA: /home/runner/work/_temp/novel-ci-frontend.BG4SNX/localappdata
2026-10-09T15:55:59.0360256Z   XDG_CONFIG_HOME: /home/runner/work/_temp/novel-ci-frontend.BG4SNX/config
2026-10-09T15:55:59.0360620Z   XDG_CACHE_HOME: /home/runner/work/_temp/novel-ci-frontend.BG4SNX/cache
2026-10-09T15:55:59.0360959Z   XDG_DATA_HOME: /home/runner/work/_temp/novel-ci-frontend.BG4SNX/data
2026-10-09T15:55:59.0361298Z   XDG_STATE_HOME: /home/runner/work/_temp/novel-ci-frontend.BG4SNX/state
2026-10-09T15:55:59.0361626Z   TMPDIR: /home/runner/work/_temp/novel-ci-frontend.BG4SNX/tmp
2026-10-09T15:55:59.0361926Z   TMP: /home/runner/work/_temp/novel-ci-frontend.BG4SNX/tmp
2026-10-09T15:55:59.0362216Z   TEMP: /home/runner/work/_temp/novel-ci-frontend.BG4SNX/tmp
2026-10-09T15:55:59.0362532Z   PROJECT_ROOT: /home/runner/work/_temp/novel-ci-frontend.BG4SNX/project
2026-10-09T15:55:59.0363120Z   NOVEL_DATA_PATH: /home/runner/work/_temp/novel-ci-frontend.BG4SNX/data/novels
2026-10-09T15:55:59.0363513Z   BACKUP_PATH: /home/runner/work/_temp/novel-ci-frontend.BG4SNX/data/backups
2026-10-09T15:55:59.0363932Z   DATABASE_BACKUP_PATH: /home/runner/work/_temp/novel-ci-frontend.BG4SNX/data/database-backups
2026-10-09T15:55:59.0364375Z   KNOWLEDGE_SOURCE_PATH: /home/runner/work/_temp/novel-ci-frontend.BG4SNX/data/novels
2026-10-09T15:55:59.0364687Z ##[endgroup]
2026-10-09T15:56:03.8812601Z [WebServer] INFO:     Started server process [9987]
2026-10-09T15:56:03.8813369Z [WebServer] INFO:     Waiting for application startup.
2026-10-09T15:56:03.8815147Z [WebServer] INFO:     Application startup complete.
2026-10-09T15:56:03.8816098Z [WebServer] INFO:     Uvicorn running on http://127.0.0.1:8015 (Press CTRL+C to quit)
2026-10-09T15:56:05.7064186Z 
2026-10-09T15:56:05.7064820Z Running 2 tests using 1 worker
2026-10-09T15:56:05.7065113Z 
2026-10-09T15:56:14.6848257Z   ✓  1 [chromium] › tests/e2e/r2-business.spec.ts:14:1 › R2 real File API: save/reopen, reviewed plans, anchored comments and immutable export recovery (8.4s)
2026-10-09T15:56:14.8977337Z   ✓  2 [chromium] › tests/e2e/r2-business.spec.ts:128:1 › R2 actual backend Draft Accept is explicit and repeat-safe, with synthetic mock output (206ms)
2026-10-09T15:56:14.9768904Z 
2026-10-09T15:56:14.9772287Z   2 passed (15.1s)
2026-10-09T15:56:15.0020890Z ##[group]Run sudo apt-get update
2026-10-09T15:56:15.0021176Z [36;1msudo apt-get update[0m
2026-10-09T15:56:15.0021441Z [36;1msudo apt-get install -y --no-install-recommends ffmpeg[0m
2026-10-09T15:56:15.0021796Z [36;1mffmpeg -version > "$CI_RECEIPTS/browser-ffmpeg-version.txt"[0m
2026-10-09T15:56:15.0022150Z [36;1mffprobe -version > "$CI_RECEIPTS/browser-ffprobe-version.txt"[0m
2026-10-09T15:56:15.0022578Z [36;1mpython -c "import shutil; assert shutil.which('ffmpeg') and shutil.which('ffprobe')"[0m
2026-10-09T15:56:15.0079781Z shell: /usr/bin/bash -e {0}
2026-10-09T15:56:15.0080156Z env:
2026-10-09T15:56:15.0080321Z   MOCK_PROVIDER: true
2026-10-09T15:56:15.0080504Z   MOCK_STREAM_DELAY_MS: 0
2026-10-09T15:56:15.0080695Z   ENABLE_CLOUD: false
2026-10-09T15:56:15.0080872Z   CREDENTIAL_VAULT_BACKEND: memory
2026-10-09T15:56:15.0081103Z   CREDENTIAL_VAULT_ALLOW_MEMORY_FALLBACK: true
2026-10-09T15:56:15.0081340Z   PYTHONDONTWRITEBYTECODE: 1
2026-10-09T15:56:15.0081556Z   HF_HUB_OFFLINE: 1
2026-10-09T15:56:15.0081722Z   TRANSFORMERS_OFFLINE: 1
2026-10-09T15:56:15.0081956Z   pythonLocation: /opt/hostedtoolcache/Python/3.12.9/x64
2026-10-09T15:56:15.0082278Z   PKG_CONFIG_PATH: /opt/hostedtoolcache/Python/3.12.9/x64/lib/pkgconfig
2026-10-09T15:56:15.0082591Z   Python_ROOT_DIR: /opt/hostedtoolcache/Python/3.12.9/x64
2026-10-09T15:56:15.0083036Z   Python2_ROOT_DIR: /opt/hostedtoolcache/Python/3.12.9/x64
2026-10-09T15:56:15.0083405Z   Python3_ROOT_DIR: /opt/hostedtoolcache/Python/3.12.9/x64
2026-10-09T15:56:15.0083702Z   LD_LIBRARY_PATH: /opt/hostedtoolcache/Python/3.12.9/x64/lib
2026-10-09T15:56:15.0084009Z   CI_COVERAGE_SHA: 9851bdd2d692df983664bc8f4597fbc05c0e2ceb
2026-10-09T15:56:15.0084293Z   CI_COVERAGE_TREE: cd6989a19e5fd5e2400f2325fe696cae03d8eda7
2026-10-09T15:56:15.0084592Z   CI_SANDBOX: /home/runner/work/_temp/novel-ci-frontend.BG4SNX
2026-10-09T15:56:15.0084916Z   CI_PROJECT: /home/runner/work/_temp/novel-ci-frontend.BG4SNX/project
2026-10-09T15:56:15.0085268Z   CI_RECEIPTS: /home/runner/work/_temp/novel-ci-frontend.BG4SNX/receipts
2026-10-09T15:56:15.0085601Z   HOME: /home/runner/work/_temp/novel-ci-frontend.BG4SNX/home
2026-10-09T15:56:15.0085922Z   USERPROFILE: /home/runner/work/_temp/novel-ci-frontend.BG4SNX/home
2026-10-09T15:56:15.0086261Z   APPDATA: /home/runner/work/_temp/novel-ci-frontend.BG4SNX/appdata
2026-10-09T15:56:15.0086620Z   LOCALAPPDATA: /home/runner/work/_temp/novel-ci-frontend.BG4SNX/localappdata
2026-10-09T15:56:15.0086991Z   XDG_CONFIG_HOME: /home/runner/work/_temp/novel-ci-frontend.BG4SNX/config
2026-10-09T15:56:15.0087342Z   XDG_CACHE_HOME: /home/runner/work/_temp/novel-ci-frontend.BG4SNX/cache
2026-10-09T15:56:15.0087682Z   XDG_DATA_HOME: /home/runner/work/_temp/novel-ci-frontend.BG4SNX/data
2026-10-09T15:56:15.0088019Z   XDG_STATE_HOME: /home/runner/work/_temp/novel-ci-frontend.BG4SNX/state
2026-10-09T15:56:15.0088343Z   TMPDIR: /home/runner/work/_temp/novel-ci-frontend.BG4SNX/tmp
2026-10-09T15:56:15.0088650Z   TMP: /home/runner/work/_temp/novel-ci-frontend.BG4SNX/tmp
2026-10-09T15:56:15.0088940Z   TEMP: /home/runner/work/_temp/novel-ci-frontend.BG4SNX/tmp
2026-10-09T15:56:15.0089256Z   PROJECT_ROOT: /home/runner/work/_temp/novel-ci-frontend.BG4SNX/project
2026-10-09T15:56:15.0089616Z   NOVEL_DATA_PATH: /home/runner/work/_temp/novel-ci-frontend.BG4SNX/data/novels
2026-10-09T15:56:15.0089989Z   BACKUP_PATH: /home/runner/work/_temp/novel-ci-frontend.BG4SNX/data/backups
2026-10-09T15:56:15.0090400Z   DATABASE_BACKUP_PATH: /home/runner/work/_temp/novel-ci-frontend.BG4SNX/data/database-backups
2026-10-09T15:56:15.0090845Z   KNOWLEDGE_SOURCE_PATH: /home/runner/work/_temp/novel-ci-frontend.BG4SNX/data/novels
2026-10-09T15:56:15.0091169Z ##[endgroup]
2026-10-09T15:56:15.0644283Z Get:1 file:/etc/apt/apt-mirrors.txt Mirrorlist [144 B]
2026-10-09T15:56:15.0933460Z Hit:6 https://packages.microsoft.com/ubuntu/24.04/prod noble InRelease
2026-10-09T15:56:15.0936925Z Hit:2 http://azure.archive.ubuntu.com/ubuntu noble InRelease
2026-10-09T15:56:15.0949931Z Hit:3 http://azure.archive.ubuntu.com/ubuntu noble-updates InRelease
2026-10-09T15:56:15.0960706Z Hit:4 http://azure.archive.ubuntu.com/ubuntu noble-backports InRelease
2026-10-09T15:56:15.0961723Z Hit:5 http://azure.archive.ubuntu.com/ubuntu noble-security InRelease
2026-10-09T15:56:16.1175356Z Reading package lists...
2026-10-09T15:56:16.1429651Z Reading package lists...
2026-10-09T15:56:16.3570747Z Building dependency tree...
2026-10-09T15:56:16.3577156Z Reading state information...
2026-10-09T15:56:16.5058939Z The following additional packages will be installed:
2026-10-09T15:56:16.5059413Z   libass9 libasyncns0 libavc1394-0 libavcodec60 libavdevice60 libavfilter9
2026-10-09T15:56:16.5060429Z   libavformat60 libavutil58 libblas3 libbluray2 libbs2b0 libcaca0
2026-10-09T15:56:16.5060936Z   libcdio-cdda2t64 libcdio-paranoia2t64 libcdio19t64 libchromaprint1 libcjson1
2026-10-09T15:56:16.5061387Z   libcodec2-1.2 libdav1d7 libdc1394-25 libdecor-0-0 libflac12t64 libflite1
2026-10-09T15:56:16.5061793Z   libgme0 libgsm1 libhwy1t64 libiec61883-0 libjack-jackd2-0 libjxl0.7
2026-10-09T15:56:16.5062173Z   liblapack3 liblilv-0-0 libmbedcrypto7t64 libmp3lame0 libmpg123-0t64
2026-10-09T15:56:16.5062570Z   libmysofa1 libopenal-data libopenal1 libopenmpt0t64 libopus0 libplacebo338
2026-10-09T15:56:16.5063299Z   libpocketsphinx3 libpostproc57 libpulse0 librav1e0 libraw1394-11 librist4
2026-10-09T15:56:16.5063739Z   librsvg2-2 librubberband2 libsamplerate0 libsdl2-2.0-0 libserd-0-0 libshine3
2026-10-09T15:56:16.5064164Z   libsndfile1 libsndio7.0 libsord-0-0 libsoxr0 libspeex1 libsphinxbase3t64
2026-10-09T15:56:16.5064553Z   libsratom-0-0 libsrt1.5-gnutls libssh-gcrypt-4 libsvtav1enc1d1
2026-10-09T15:56:16.5064956Z   libswresample4 libswscale7 libtheora0 libtwolame0 libudfread0 libunibreak5
2026-10-09T15:56:16.5065384Z   libva-drm2 libva-x11-2 libva2 libvdpau1 libvidstab1.1 libvorbisenc2 libvpl2
2026-10-09T15:56:16.5065794Z   libvpx9 libx264-164 libx265-199 libxcb-shape0 libxv1 libxvidcore4 libzimg2
2026-10-09T15:56:16.5066164Z   libzix-0-0 libzvbi-common libzvbi0t64 ocl-icd-libopencl1
2026-10-09T15:56:16.5068726Z Suggested packages:
2026-10-09T15:56:16.5069177Z   ffmpeg-doc libcuda1 libnvcuvid1 libnvidia-encode1 libbluray-bdj jackd2
2026-10-09T15:56:16.5069599Z   libportaudio2 opus-tools pulseaudio libraw1394-doc librsvg2-bin serdi sndiod
2026-10-09T15:56:16.5069922Z   sordi speex opencl-icd
2026-10-09T15:56:16.5070122Z Recommended packages:
2026-10-09T15:56:16.5070386Z   libaacs0 default-libdecor-0-plugin-1 | libdecor-0-plugin-1
2026-10-09T15:56:16.5070740Z   pocketsphinx-en-us librsvg2-common va-driver-all | va-driver
2026-10-09T15:56:16.5071042Z   vdpau-driver-all | vdpau-driver
2026-10-09T15:56:16.5418793Z The following NEW packages will be installed:
2026-10-09T15:56:16.5419529Z   ffmpeg libass9 libasyncns0 libavc1394-0 libavcodec60 libavdevice60
2026-10-09T15:56:16.5420298Z   libavfilter9 libavformat60 libavutil58 libblas3 libbluray2 libbs2b0 libcaca0
2026-10-09T15:56:16.5421187Z   libcdio-cdda2t64 libcdio-paranoia2t64 libcdio19t64 libchromaprint1 libcjson1
2026-10-09T15:56:16.5422044Z   libcodec2-1.2 libdav1d7 libdc1394-25 libdecor-0-0 libflac12t64 libflite1
2026-10-09T15:56:16.5422793Z   libgme0 libgsm1 libhwy1t64 libiec61883-0 libjack-jackd2-0 libjxl0.7
2026-10-09T15:56:16.5423655Z   liblapack3 liblilv-0-0 libmbedcrypto7t64 libmp3lame0 libmpg123-0t64
2026-10-09T15:56:16.5424456Z   libmysofa1 libopenal-data libopenal1 libopenmpt0t64 libopus0 libplacebo338
2026-10-09T15:56:16.5425261Z   libpocketsphinx3 libpostproc57 libpulse0 librav1e0 libraw1394-11 librist4
2026-10-09T15:56:16.5426077Z   librsvg2-2 librubberband2 libsamplerate0 libsdl2-2.0-0 libserd-0-0 libshine3
2026-10-09T15:56:16.5426817Z   libsndfile1 libsndio7.0 libsord-0-0 libsoxr0 libspeex1 libsphinxbase3t64
2026-10-09T15:56:16.5427491Z   libsratom-0-0 libsrt1.5-gnutls libssh-gcrypt-4 libsvtav1enc1d1
2026-10-09T15:56:16.5428211Z   libswresample4 libswscale7 libtheora0 libtwolame0 libudfread0 libunibreak5
2026-10-09T15:56:16.5429411Z   libva-drm2 libva-x11-2 libva2 libvdpau1 libvidstab1.1 libvorbisenc2 libvpl2
2026-10-09T15:56:16.5430174Z   libvpx9 libx264-164 libx265-199 libxcb-shape0 libxv1 libxvidcore4 libzimg2
2026-10-09T15:56:16.5430865Z   libzix-0-0 libzvbi-common libzvbi0t64 ocl-icd-libopencl1
2026-10-09T15:56:16.5593521Z 0 upgraded, 87 newly installed, 0 to remove and 22 not upgraded.
2026-10-09T15:56:16.5594076Z Need to get 62.8 MB of archives.
2026-10-09T15:56:16.5594593Z After this operation, 173 MB of additional disk space will be used.
2026-10-09T15:56:16.5595196Z Get:1 file:/etc/apt/apt-mirrors.txt Mirrorlist [144 B]
2026-10-09T15:56:16.6387948Z Get:2 http://azure.archive.ubuntu.com/ubuntu noble-updates/universe amd64 libva2 amd64 2.20.0-2ubuntu0.2 [66.4 kB]
2026-10-09T15:56:16.7044178Z Get:3 http://azure.archive.ubuntu.com/ubuntu noble-updates/universe amd64 libva-drm2 amd64 2.20.0-2ubuntu0.2 [7124 B]
2026-10-09T15:56:16.7680554Z Get:4 http://azure.archive.ubuntu.com/ubuntu noble-updates/universe amd64 libva-x11-2 amd64 2.20.0-2ubuntu0.2 [12.0 kB]
2026-10-09T15:56:16.8323196Z Get:5 http://azure.archive.ubuntu.com/ubuntu noble/main amd64 libvdpau1 amd64 1.5-2build1 [27.8 kB]
2026-10-09T15:56:16.8960258Z Get:6 http://azure.archive.ubuntu.com/ubuntu noble/universe amd64 libvpl2 amd64 2023.3.0-1build1 [99.8 kB]
2026-10-09T15:56:16.9603238Z Get:7 http://azure.archive.ubuntu.com/ubuntu noble/universe amd64 ocl-icd-libopencl1 amd64 2.3.2-1build1 [38.5 kB]
2026-10-09T15:56:17.0242439Z Get:8 http://azure.archive.ubuntu.com/ubuntu noble/universe amd64 libavutil58 amd64 7:6.1.1-3ubuntu5 [401 kB]
2026-10-09T15:56:17.0950913Z Get:9 http://azure.archive.ubuntu.com/ubuntu noble/universe amd64 libcodec2-1.2 amd64 1.2.0-2build1 [8998 kB]
2026-10-09T15:56:17.3760498Z Get:10 http://azure.archive.ubuntu.com/ubuntu noble/universe amd64 libdav1d7 amd64 1.4.1-1build1 [604 kB]
2026-10-09T15:56:17.4506214Z Get:11 http://azure.archive.ubuntu.com/ubuntu noble/universe amd64 libgsm1 amd64 1.0.22-1build1 [27.8 kB]
2026-10-09T15:56:17.5139962Z Get:12 http://azure.archive.ubuntu.com/ubuntu noble/universe amd64 libhwy1t64 amd64 1.0.7-8.1build1 [584 kB]
2026-10-09T15:56:17.5896992Z Get:13 http://azure.archive.ubuntu.com/ubuntu noble-updates/universe amd64 libjxl0.7 amd64 0.7.0-10.2ubuntu6.1 [1001 kB]
2026-10-09T15:56:17.7654598Z Get:14 http://azure.archive.ubuntu.com/ubuntu noble/main amd64 libmp3lame0 amd64 3.100-6build1 [142 kB]
2026-10-09T15:56:17.8340355Z Get:15 http://azure.archive.ubuntu.com/ubuntu noble/main amd64 libopus0 amd64 1.4-1build1 [208 kB]
2026-10-09T15:56:17.9054893Z Get:16 http://azure.archive.ubuntu.com/ubuntu noble/universe amd64 librav1e0 amd64 0.7.1-2 [1022 kB]
2026-10-09T15:56:18.0097874Z Get:17 http://azure.archive.ubuntu.com/ubuntu noble-updates/main amd64 librsvg2-2 amd64 2.58.0+dfsg-1ubuntu0.1 [2141 kB]
2026-10-09T15:56:18.1322608Z Get:18 http://azure.archive.ubuntu.com/ubuntu noble/universe amd64 libshine3 amd64 3.1.1-2build1 [23.2 kB]
2026-10-09T15:56:18.1967372Z Get:19 http://azure.archive.ubuntu.com/ubuntu noble-updates/main amd64 libspeex1 amd64 1.2.1-2ubuntu2.24.04.1 [59.6 kB]
2026-10-09T15:56:18.2620178Z Get:20 http://azure.archive.ubuntu.com/ubuntu noble/universe amd64 libsvtav1enc1d1 amd64 1.7.0+dfsg-2build1 [2425 kB]
2026-10-09T15:56:18.3744446Z Get:21 http://azure.archive.ubuntu.com/ubuntu noble/universe amd64 libsoxr0 amd64 0.1.3-4build3 [80.0 kB]
2026-10-09T15:56:18.4393916Z Get:22 http://azure.archive.ubuntu.com/ubuntu noble/universe amd64 libswresample4 amd64 7:6.1.1-3ubuntu5 [63.8 kB]
2026-10-09T15:56:18.5042075Z Get:23 http://azure.archive.ubuntu.com/ubuntu noble/main amd64 libtheora0 amd64 1.1.1+dfsg.1-16.1build3 [211 kB]
2026-10-09T15:56:18.5709129Z Get:24 http://azure.archive.ubuntu.com/ubuntu noble/main amd64 libtwolame0 amd64 0.4.0-2build3 [52.3 kB]
2026-10-09T15:56:18.6360272Z Get:25 http://azure.archive.ubuntu.com/ubuntu noble/main amd64 libvorbisenc2 amd64 1.3.7-1build3 [80.8 kB]
2026-10-09T15:56:18.7010393Z Get:26 http://azure.archive.ubuntu.com/ubuntu noble-updates/main amd64 libvpx9 amd64 1.14.0-1ubuntu2.3 [1143 kB]
2026-10-09T15:56:18.7835008Z Get:27 http://azure.archive.ubuntu.com/ubuntu noble/universe amd64 libx264-164 amd64 2:0.164.3108+git31e19f9-1 [604 kB]
2026-10-09T15:56:18.8591278Z Get:28 http://azure.archive.ubuntu.com/ubuntu noble/universe amd64 libx265-199 amd64 3.5-2build1 [1226 kB]
2026-10-09T15:56:18.9475353Z Get:29 http://azure.archive.ubuntu.com/ubuntu noble/universe amd64 libxvidcore4 amd64 2:1.3.7-1build1 [219 kB]
2026-10-09T15:56:19.0156455Z Get:30 http://azure.archive.ubuntu.com/ubuntu noble/universe amd64 libzvbi-common all 0.2.42-2 [42.4 kB]
2026-10-09T15:56:19.0815519Z Get:31 http://azure.archive.ubuntu.com/ubuntu noble/universe amd64 libzvbi0t64 amd64 0.2.42-2 [261 kB]
2026-10-09T15:56:19.1504440Z Get:32 http://azure.archive.ubuntu.com/ubuntu noble/universe amd64 libavcodec60 amd64 7:6.1.1-3ubuntu5 [5851 kB]
2026-10-09T15:56:19.3349715Z Get:33 http://azure.archive.ubuntu.com/ubuntu noble/main amd64 libraw1394-11 amd64 2.1.2-2build3 [26.2 kB]
2026-10-09T15:56:19.3996336Z Get:34 http://azure.archive.ubuntu.com/ubuntu noble/main amd64 libavc1394-0 amd64 0.5.4-5build3 [15.4 kB]
2026-10-09T15:56:19.4643455Z Get:35 http://azure.archive.ubuntu.com/ubuntu noble/universe amd64 libunibreak5 amd64 5.1-2build1 [25.0 kB]
2026-10-09T15:56:19.5290492Z Get:36 http://azure.archive.ubuntu.com/ubuntu noble/universe amd64 libass9 amd64 1:0.17.1-2build1 [104 kB]
2026-10-09T15:56:19.5942709Z Get:37 http://azure.archive.ubuntu.com/ubuntu noble/universe amd64 libudfread0 amd64 1.1.2-1build1 [19.0 kB]
2026-10-09T15:56:19.6588822Z Get:38 http://azure.archive.ubuntu.com/ubuntu noble/universe amd64 libbluray2 amd64 1:1.3.4-1build1 [159 kB]
2026-10-09T15:56:19.7260783Z Get:39 http://azure.archive.ubuntu.com/ubuntu noble/universe amd64 libchromaprint1 amd64 1.5.1-5 [30.5 kB]
2026-10-09T15:56:19.7909554Z Get:40 http://azure.archive.ubuntu.com/ubuntu noble/universe amd64 libgme0 amd64 0.6.3-7build1 [134 kB]
2026-10-09T15:56:19.8571379Z Get:41 http://azure.archive.ubuntu.com/ubuntu noble-updates/main amd64 libmpg123-0t64 amd64 1.32.5-1ubuntu1.1 [169 kB]
2026-10-09T15:56:19.9241446Z Get:42 http://azure.archive.ubuntu.com/ubuntu noble/universe amd64 libopenmpt0t64 amd64 0.7.3-1.1build3 [647 kB]
2026-10-09T15:56:20.0008606Z Get:43 http://azure.archive.ubuntu.com/ubuntu noble/universe amd64 libcjson1 amd64 1.7.17-1 [24.8 kB]
2026-10-09T15:56:20.0656209Z Get:44 http://azure.archive.ubuntu.com/ubuntu noble/universe amd64 libmbedcrypto7t64 amd64 2.28.8-1 [209 kB]
2026-10-09T15:56:20.1332642Z Get:45 http://azure.archive.ubuntu.com/ubuntu noble/universe amd64 librist4 amd64 0.2.10+dfsg-2 [74.9 kB]
2026-10-09T15:56:20.1987084Z Get:46 http://azure.archive.ubuntu.com/ubuntu noble/universe amd64 libsrt1.5-gnutls amd64 1.5.3-1build2 [316 kB]
2026-10-09T15:56:20.2679672Z Get:47 http://azure.archive.ubuntu.com/ubuntu noble-updates/main amd64 libssh-gcrypt-4 amd64 0.10.6-2ubuntu0.5 [226 kB]
2026-10-09T15:56:20.3361064Z Get:48 http://azure.archive.ubuntu.com/ubuntu noble/universe amd64 libavformat60 amd64 7:6.1.1-3ubuntu5 [1153 kB]
2026-10-09T15:56:20.4221501Z Get:49 http://azure.archive.ubuntu.com/ubuntu noble/universe amd64 libbs2b0 amd64 3.1.0+dfsg-7build1 [10.6 kB]
2026-10-09T15:56:20.4866851Z Get:50 http://azure.archive.ubuntu.com/ubuntu noble/universe amd64 libflite1 amd64 2.2-6build3 [13.6 MB]
2026-10-09T15:56:20.8289541Z Get:51 http://azure.archive.ubuntu.com/ubuntu noble/universe amd64 libserd-0-0 amd64 0.32.2-1 [43.6 kB]
2026-10-09T15:56:20.8946037Z Get:52 http://azure.archive.ubuntu.com/ubuntu noble/universe amd64 libzix-0-0 amd64 0.4.2-2build1 [23.6 kB]
2026-10-09T15:56:20.9593924Z Get:53 http://azure.archive.ubuntu.com/ubuntu noble/universe amd64 libsord-0-0 amd64 0.16.16-2build1 [15.8 kB]
2026-10-09T15:56:21.0242250Z Get:54 http://azure.archive.ubuntu.com/ubuntu noble/universe amd64 libsratom-0-0 amd64 0.6.16-1build1 [17.3 kB]
2026-10-09T15:56:21.0890339Z Get:55 http://azure.archive.ubuntu.com/ubuntu noble/universe amd64 liblilv-0-0 amd64 0.24.22-1build1 [41.0 kB]
2026-10-09T15:56:21.1539004Z Get:56 http://azure.archive.ubuntu.com/ubuntu noble/universe amd64 libmysofa1 amd64 1.3.2+dfsg-2ubuntu2 [1158 kB]
2026-10-09T15:56:21.2404841Z Get:57 http://azure.archive.ubuntu.com/ubuntu noble/universe amd64 libplacebo338 amd64 6.338.2-2build1 [2654 kB]
2026-10-09T15:56:21.3584784Z Get:58 http://azure.archive.ubuntu.com/ubuntu noble-updates/main amd64 libblas3 amd64 3.12.0-3build1.1 [238 kB]
2026-10-09T15:56:21.4267871Z Get:59 http://azure.archive.ubuntu.com/ubuntu noble-updates/main amd64 liblapack3 amd64 3.12.0-3build1.1 [2646 kB]
2026-10-09T15:56:21.5445108Z Get:60 http://azure.archive.ubuntu.com/ubuntu noble/main amd64 libasyncns0 amd64 0.8-6build4 [11.3 kB]
2026-10-09T15:56:21.6080290Z Get:61 http://azure.archive.ubuntu.com/ubuntu noble/main amd64 libflac12t64 amd64 1.4.3+ds-2.1ubuntu2 [197 kB]
2026-10-09T15:56:21.6729475Z Get:62 http://azure.archive.ubuntu.com/ubuntu noble-updates/main amd64 libsndfile1 amd64 1.2.2-1ubuntu5.24.04.1 [209 kB]
2026-10-09T15:56:21.7389093Z Get:63 http://azure.archive.ubuntu.com/ubuntu noble-updates/main amd64 libpulse0 amd64 1:16.1+dfsg1-2ubuntu10.1 [292 kB]
2026-10-09T15:56:21.8040639Z Get:64 http://azure.archive.ubuntu.com/ubuntu noble/universe amd64 libsphinxbase3t64 amd64 0.8+5prealpha+1-17build2 [126 kB]
2026-10-09T15:56:21.8682718Z Get:65 http://azure.archive.ubuntu.com/ubuntu noble/universe amd64 libpocketsphinx3 amd64 0.8.0+real5prealpha+1-15ubuntu5 [133 kB]
2026-10-09T15:56:21.9326907Z Get:66 http://azure.archive.ubuntu.com/ubuntu noble/universe amd64 libpostproc57 amd64 7:6.1.1-3ubuntu5 [49.9 kB]
2026-10-09T15:56:21.9966245Z Get:67 http://azure.archive.ubuntu.com/ubuntu noble/main amd64 libsamplerate0 amd64 0.2.2-4build1 [1344 kB]
2026-10-09T15:56:22.0693140Z Get:68 http://azure.archive.ubuntu.com/ubuntu noble/universe amd64 librubberband2 amd64 3.3.0+dfsg-2build1 [130 kB]
2026-10-09T15:56:22.1345349Z Get:69 http://azure.archive.ubuntu.com/ubuntu noble/universe amd64 libswscale7 amd64 7:6.1.1-3ubuntu5 [193 kB]
2026-10-09T15:56:22.2001213Z Get:70 http://azure.archive.ubuntu.com/ubuntu noble/universe amd64 libvidstab1.1 amd64 1.1.0-2build1 [38.5 kB]
2026-10-09T15:56:22.2639193Z Get:71 http://azure.archive.ubuntu.com/ubuntu noble/universe amd64 libzimg2 amd64 3.0.5+ds1-1build1 [254 kB]
2026-10-09T15:56:22.3288837Z Get:72 http://azure.archive.ubuntu.com/ubuntu noble/universe amd64 libavfilter9 amd64 7:6.1.1-3ubuntu5 [4235 kB]
2026-10-09T15:56:22.4632756Z Get:73 http://azure.archive.ubuntu.com/ubuntu noble-updates/main amd64 libcaca0 amd64 0.99.beta20-4ubuntu0.2 [209 kB]
2026-10-09T15:56:22.5302232Z Get:74 http://azure.archive.ubuntu.com/ubuntu noble-updates/main amd64 libcdio19t64 amd64 2.1.0-4.1ubuntu1.2 [62.4 kB]
2026-10-09T15:56:22.5943479Z Get:75 http://azure.archive.ubuntu.com/ubuntu noble/main amd64 libcdio-cdda2t64 amd64 10.2+2.0.1-1.1build2 [16.5 kB]
2026-10-09T15:56:22.6584554Z Get:76 http://azure.archive.ubuntu.com/ubuntu noble/main amd64 libcdio-paranoia2t64 amd64 10.2+2.0.1-1.1build2 [16.6 kB]
2026-10-09T15:56:22.7221272Z Get:77 http://azure.archive.ubuntu.com/ubuntu noble/universe amd64 libdc1394-25 amd64 2.2.6-4build1 [90.1 kB]
2026-10-09T15:56:22.7870003Z Get:78 http://azure.archive.ubuntu.com/ubuntu noble/main amd64 libiec61883-0 amd64 1.2.0-6build1 [24.5 kB]
2026-10-09T15:56:22.8505432Z Get:79 http://azure.archive.ubuntu.com/ubuntu noble/main amd64 libjack-jackd2-0 amd64 1.9.21~dfsg-3ubuntu3 [289 kB]
2026-10-09T15:56:22.9205733Z Get:80 http://azure.archive.ubuntu.com/ubuntu noble/universe amd64 libopenal-data all 1:1.23.1-4build1 [161 kB]
2026-10-09T15:56:22.9867638Z Get:81 http://azure.archive.ubuntu.com/ubuntu noble/universe amd64 libsndio7.0 amd64 1.9.0-0.3build3 [29.6 kB]
2026-10-09T15:56:23.0504368Z Get:82 http://azure.archive.ubuntu.com/ubuntu noble/universe amd64 libopenal1 amd64 1:1.23.1-4build1 [540 kB]
2026-10-09T15:56:23.1239342Z Get:83 http://azure.archive.ubuntu.com/ubuntu noble/main amd64 libdecor-0-0 amd64 0.2.2-1build2 [16.5 kB]
2026-10-09T15:56:23.1876406Z Get:84 http://azure.archive.ubuntu.com/ubuntu noble-updates/main amd64 libsdl2-2.0-0 amd64 2.30.0+dfsg-1ubuntu3.1 [686 kB]
2026-10-09T15:56:23.2642072Z Get:85 http://azure.archive.ubuntu.com/ubuntu noble/main amd64 libxcb-shape0 amd64 1.15-1ubuntu2 [6100 B]
2026-10-09T15:56:23.3274902Z Get:86 http://azure.archive.ubuntu.com/ubuntu noble/main amd64 libxv1 amd64 2:1.0.11-1.1build1 [10.7 kB]
2026-10-09T15:56:23.3910591Z Get:87 http://azure.archive.ubuntu.com/ubuntu noble/universe amd64 libavdevice60 amd64 7:6.1.1-3ubuntu5 [82.3 kB]
2026-10-09T15:56:23.4557006Z Get:88 http://azure.archive.ubuntu.com/ubuntu noble/universe amd64 ffmpeg amd64 7:6.1.1-3ubuntu5 [1879 kB]
2026-10-09T15:56:23.7547117Z Fetched 62.8 MB in 7s (9051 kB/s)
2026-10-09T15:56:23.7756596Z Selecting previously unselected package libva2:amd64.
2026-10-09T15:56:23.7810342Z (Reading database ... 
2026-10-09T15:56:23.7810686Z (Reading database ... 5%
2026-10-09T15:56:23.7810994Z (Reading database ... 10%
2026-10-09T15:56:23.7811301Z (Reading database ... 15%
2026-10-09T15:56:23.7811993Z (Reading database ... 20%
2026-10-09T15:56:23.7812292Z (Reading database ... 25%
2026-10-09T15:56:23.7812580Z (Reading database ... 30%
2026-10-09T15:56:23.7813036Z (Reading database ... 35%
2026-10-09T15:56:23.7813326Z (Reading database ... 40%
2026-10-09T15:56:23.7813610Z (Reading database ... 45%
2026-10-09T15:56:23.7813895Z (Reading database ... 50%
2026-10-09T15:56:23.7823435Z (Reading database ... 55%
2026-10-09T15:56:23.7915317Z (Reading database ... 60%
2026-10-09T15:56:23.7940042Z (Reading database ... 65%
2026-10-09T15:56:23.7958403Z (Reading database ... 70%
2026-10-09T15:56:23.7991609Z (Reading database ... 75%
2026-10-09T15:56:23.8014462Z (Reading database ... 80%
2026-10-09T15:56:23.8143300Z (Reading database ... 85%
2026-10-09T15:56:23.8217681Z (Reading database ... 90%
2026-10-09T15:56:23.8443395Z (Reading database ... 95%
2026-10-09T15:56:23.8443675Z (Reading database ... 100%
2026-10-09T15:56:23.8444019Z (Reading database ... 203458 files and directories currently installed.)
2026-10-09T15:56:23.8484778Z Preparing to unpack .../00-libva2_2.20.0-2ubuntu0.2_amd64.deb ...
2026-10-09T15:56:23.8544948Z Unpacking libva2:amd64 (2.20.0-2ubuntu0.2) ...
2026-10-09T15:56:23.8726228Z Selecting previously unselected package libva-drm2:amd64.
2026-10-09T15:56:23.8837749Z Preparing to unpack .../01-libva-drm2_2.20.0-2ubuntu0.2_amd64.deb ...
2026-10-09T15:56:23.8844142Z Unpacking libva-drm2:amd64 (2.20.0-2ubuntu0.2) ...
2026-10-09T15:56:23.9017438Z Selecting previously unselected package libva-x11-2:amd64.
2026-10-09T15:56:23.9130574Z Preparing to unpack .../02-libva-x11-2_2.20.0-2ubuntu0.2_amd64.deb ...
2026-10-09T15:56:23.9137420Z Unpacking libva-x11-2:amd64 (2.20.0-2ubuntu0.2) ...
2026-10-09T15:56:23.9322466Z Selecting previously unselected package libvdpau1:amd64.
2026-10-09T15:56:23.9433604Z Preparing to unpack .../03-libvdpau1_1.5-2build1_amd64.deb ...
2026-10-09T15:56:23.9439818Z Unpacking libvdpau1:amd64 (1.5-2build1) ...
2026-10-09T15:56:23.9621130Z Selecting previously unselected package libvpl2.
2026-10-09T15:56:23.9731636Z Preparing to unpack .../04-libvpl2_2023.3.0-1build1_amd64.deb ...
2026-10-09T15:56:23.9738049Z Unpacking libvpl2 (2023.3.0-1build1) ...
2026-10-09T15:56:23.9925480Z Selecting previously unselected package ocl-icd-libopencl1:amd64.
2026-10-09T15:56:24.0036955Z Preparing to unpack .../05-ocl-icd-libopencl1_2.3.2-1build1_amd64.deb ...
2026-10-09T15:56:24.0043014Z Unpacking ocl-icd-libopencl1:amd64 (2.3.2-1build1) ...
2026-10-09T15:56:24.0261481Z Selecting previously unselected package libavutil58:amd64.
2026-10-09T15:56:24.0373513Z Preparing to unpack .../06-libavutil58_7%3a6.1.1-3ubuntu5_amd64.deb ...
2026-10-09T15:56:24.0379979Z Unpacking libavutil58:amd64 (7:6.1.1-3ubuntu5) ...
2026-10-09T15:56:24.0643133Z Selecting previously unselected package libcodec2-1.2:amd64.
2026-10-09T15:56:24.0754027Z Preparing to unpack .../07-libcodec2-1.2_1.2.0-2build1_amd64.deb ...
2026-10-09T15:56:24.0760159Z Unpacking libcodec2-1.2:amd64 (1.2.0-2build1) ...
2026-10-09T15:56:24.2108882Z Selecting previously unselected package libdav1d7:amd64.
2026-10-09T15:56:24.2219886Z Preparing to unpack .../08-libdav1d7_1.4.1-1build1_amd64.deb ...
2026-10-09T15:56:24.2225638Z Unpacking libdav1d7:amd64 (1.4.1-1build1) ...
2026-10-09T15:56:24.2506977Z Selecting previously unselected package libgsm1:amd64.
2026-10-09T15:56:24.2616402Z Preparing to unpack .../09-libgsm1_1.0.22-1build1_amd64.deb ...
2026-10-09T15:56:24.2623352Z Unpacking libgsm1:amd64 (1.0.22-1build1) ...
2026-10-09T15:56:24.2795680Z Selecting previously unselected package libhwy1t64:amd64.
2026-10-09T15:56:24.2905008Z Preparing to unpack .../10-libhwy1t64_1.0.7-8.1build1_amd64.deb ...
2026-10-09T15:56:24.2911049Z Unpacking libhwy1t64:amd64 (1.0.7-8.1build1) ...
2026-10-09T15:56:24.3312296Z Selecting previously unselected package libjxl0.7:amd64.
2026-10-09T15:56:24.3422436Z Preparing to unpack .../11-libjxl0.7_0.7.0-10.2ubuntu6.1_amd64.deb ...
2026-10-09T15:56:24.3428525Z Unpacking libjxl0.7:amd64 (0.7.0-10.2ubuntu6.1) ...
2026-10-09T15:56:24.3863221Z Selecting previously unselected package libmp3lame0:amd64.
2026-10-09T15:56:24.3974585Z Preparing to unpack .../12-libmp3lame0_3.100-6build1_amd64.deb ...
2026-10-09T15:56:24.3980606Z Unpacking libmp3lame0:amd64 (3.100-6build1) ...
2026-10-09T15:56:24.4167196Z Selecting previously unselected package libopus0:amd64.
2026-10-09T15:56:24.4278524Z Preparing to unpack .../13-libopus0_1.4-1build1_amd64.deb ...
2026-10-09T15:56:24.4285207Z Unpacking libopus0:amd64 (1.4-1build1) ...
2026-10-09T15:56:24.4478684Z Selecting previously unselected package librav1e0:amd64.
2026-10-09T15:56:24.4588576Z Preparing to unpack .../14-librav1e0_0.7.1-2_amd64.deb ...
2026-10-09T15:56:24.4594464Z Unpacking librav1e0:amd64 (0.7.1-2) ...
2026-10-09T15:56:24.4998840Z Selecting previously unselected package librsvg2-2:amd64.
2026-10-09T15:56:24.5108265Z Preparing to unpack .../15-librsvg2-2_2.58.0+dfsg-1ubuntu0.1_amd64.deb ...
2026-10-09T15:56:24.5115330Z Unpacking librsvg2-2:amd64 (2.58.0+dfsg-1ubuntu0.1) ...
2026-10-09T15:56:24.5798996Z Selecting previously unselected package libshine3:amd64.
2026-10-09T15:56:24.5909794Z Preparing to unpack .../16-libshine3_3.1.1-2build1_amd64.deb ...
2026-10-09T15:56:24.5929386Z Unpacking libshine3:amd64 (3.1.1-2build1) ...
2026-10-09T15:56:24.6101477Z Selecting previously unselected package libspeex1:amd64.
2026-10-09T15:56:24.6211667Z Preparing to unpack .../17-libspeex1_1.2.1-2ubuntu2.24.04.1_amd64.deb ...
2026-10-09T15:56:24.6218035Z Unpacking libspeex1:amd64 (1.2.1-2ubuntu2.24.04.1) ...
2026-10-09T15:56:24.6396423Z Selecting previously unselected package libsvtav1enc1d1:amd64.
2026-10-09T15:56:24.6506570Z Preparing to unpack .../18-libsvtav1enc1d1_1.7.0+dfsg-2build1_amd64.deb ...
2026-10-09T15:56:24.6512331Z Unpacking libsvtav1enc1d1:amd64 (1.7.0+dfsg-2build1) ...
2026-10-09T15:56:24.7214507Z Selecting previously unselected package libsoxr0:amd64.
2026-10-09T15:56:24.7326485Z Preparing to unpack .../19-libsoxr0_0.1.3-4build3_amd64.deb ...
2026-10-09T15:56:24.7332420Z Unpacking libsoxr0:amd64 (0.1.3-4build3) ...
2026-10-09T15:56:24.7512626Z Selecting previously unselected package libswresample4:amd64.
2026-10-09T15:56:24.7623363Z Preparing to unpack .../20-libswresample4_7%3a6.1.1-3ubuntu5_amd64.deb ...
2026-10-09T15:56:24.7630468Z Unpacking libswresample4:amd64 (7:6.1.1-3ubuntu5) ...
2026-10-09T15:56:24.7821972Z Selecting previously unselected package libtheora0:amd64.
2026-10-09T15:56:24.7936909Z Preparing to unpack .../21-libtheora0_1.1.1+dfsg.1-16.1build3_amd64.deb ...
2026-10-09T15:56:24.7942532Z Unpacking libtheora0:amd64 (1.1.1+dfsg.1-16.1build3) ...
2026-10-09T15:56:24.8159613Z Selecting previously unselected package libtwolame0:amd64.
2026-10-09T15:56:24.8283027Z Preparing to unpack .../22-libtwolame0_0.4.0-2build3_amd64.deb ...
2026-10-09T15:56:24.8289548Z Unpacking libtwolame0:amd64 (0.4.0-2build3) ...
2026-10-09T15:56:24.8467627Z Selecting previously unselected package libvorbisenc2:amd64.
2026-10-09T15:56:24.8579028Z Preparing to unpack .../23-libvorbisenc2_1.3.7-1build3_amd64.deb ...
2026-10-09T15:56:24.8584915Z Unpacking libvorbisenc2:amd64 (1.3.7-1build3) ...
2026-10-09T15:56:24.8796374Z Selecting previously unselected package libvpx9:amd64.
2026-10-09T15:56:24.8905681Z Preparing to unpack .../24-libvpx9_1.14.0-1ubuntu2.3_amd64.deb ...
2026-10-09T15:56:24.8911976Z Unpacking libvpx9:amd64 (1.14.0-1ubuntu2.3) ...
2026-10-09T15:56:24.9342267Z Selecting previously unselected package libx264-164:amd64.
2026-10-09T15:56:24.9453970Z Preparing to unpack .../25-libx264-164_2%3a0.164.3108+git31e19f9-1_amd64.deb ...
2026-10-09T15:56:24.9460216Z Unpacking libx264-164:amd64 (2:0.164.3108+git31e19f9-1) ...
2026-10-09T15:56:24.9756480Z Selecting previously unselected package libx265-199:amd64.
2026-10-09T15:56:24.9866283Z Preparing to unpack .../26-libx265-199_3.5-2build1_amd64.deb ...
2026-10-09T15:56:24.9872783Z Unpacking libx265-199:amd64 (3.5-2build1) ...
2026-10-09T15:56:25.1124223Z Selecting previously unselected package libxvidcore4:amd64.
2026-10-09T15:56:25.1235105Z Preparing to unpack .../27-libxvidcore4_2%3a1.3.7-1build1_amd64.deb ...
2026-10-09T15:56:25.1241761Z Unpacking libxvidcore4:amd64 (2:1.3.7-1build1) ...
2026-10-09T15:56:25.1440206Z Selecting previously unselected package libzvbi-common.
2026-10-09T15:56:25.1549843Z Preparing to unpack .../28-libzvbi-common_0.2.42-2_all.deb ...
2026-10-09T15:56:25.1556252Z Unpacking libzvbi-common (0.2.42-2) ...
2026-10-09T15:56:25.1774954Z Selecting previously unselected package libzvbi0t64:amd64.
2026-10-09T15:56:25.1883844Z Preparing to unpack .../29-libzvbi0t64_0.2.42-2_amd64.deb ...
2026-10-09T15:56:25.1889503Z Unpacking libzvbi0t64:amd64 (0.2.42-2) ...
2026-10-09T15:56:25.2089722Z Selecting previously unselected package libavcodec60:amd64.
2026-10-09T15:56:25.2198917Z Preparing to unpack .../30-libavcodec60_7%3a6.1.1-3ubuntu5_amd64.deb ...
2026-10-09T15:56:25.2204850Z Unpacking libavcodec60:amd64 (7:6.1.1-3ubuntu5) ...
2026-10-09T15:56:25.3557884Z Selecting previously unselected package libraw1394-11:amd64.
2026-10-09T15:56:25.3668331Z Preparing to unpack .../31-libraw1394-11_2.1.2-2build3_amd64.deb ...
2026-10-09T15:56:25.3674732Z Unpacking libraw1394-11:amd64 (2.1.2-2build3) ...
2026-10-09T15:56:25.3847650Z Selecting previously unselected package libavc1394-0:amd64.
2026-10-09T15:56:25.3956809Z Preparing to unpack .../32-libavc1394-0_0.5.4-5build3_amd64.deb ...
2026-10-09T15:56:25.3962806Z Unpacking libavc1394-0:amd64 (0.5.4-5build3) ...
2026-10-09T15:56:25.4135405Z Selecting previously unselected package libunibreak5:amd64.
2026-10-09T15:56:25.4243335Z Preparing to unpack .../33-libunibreak5_5.1-2build1_amd64.deb ...
2026-10-09T15:56:25.4249265Z Unpacking libunibreak5:amd64 (5.1-2build1) ...
2026-10-09T15:56:25.4447276Z Selecting previously unselected package libass9:amd64.
2026-10-09T15:56:25.4557407Z Preparing to unpack .../34-libass9_1%3a0.17.1-2build1_amd64.deb ...
2026-10-09T15:56:25.4563588Z Unpacking libass9:amd64 (1:0.17.1-2build1) ...
2026-10-09T15:56:25.4741947Z Selecting previously unselected package libudfread0:amd64.
2026-10-09T15:56:25.4849404Z Preparing to unpack .../35-libudfread0_1.1.2-1build1_amd64.deb ...
2026-10-09T15:56:25.4855814Z Unpacking libudfread0:amd64 (1.1.2-1build1) ...
2026-10-09T15:56:25.5025857Z Selecting previously unselected package libbluray2:amd64.
2026-10-09T15:56:25.5135262Z Preparing to unpack .../36-libbluray2_1%3a1.3.4-1build1_amd64.deb ...
2026-10-09T15:56:25.5141646Z Unpacking libbluray2:amd64 (1:1.3.4-1build1) ...
2026-10-09T15:56:25.5324750Z Selecting previously unselected package libchromaprint1:amd64.
2026-10-09T15:56:25.5434271Z Preparing to unpack .../37-libchromaprint1_1.5.1-5_amd64.deb ...
2026-10-09T15:56:25.5440254Z Unpacking libchromaprint1:amd64 (1.5.1-5) ...
2026-10-09T15:56:25.5609700Z Selecting previously unselected package libgme0:amd64.
2026-10-09T15:56:25.5717091Z Preparing to unpack .../38-libgme0_0.6.3-7build1_amd64.deb ...
2026-10-09T15:56:25.5724778Z Unpacking libgme0:amd64 (0.6.3-7build1) ...
2026-10-09T15:56:25.5907889Z Selecting previously unselected package libmpg123-0t64:amd64.
2026-10-09T15:56:25.6016959Z Preparing to unpack .../39-libmpg123-0t64_1.32.5-1ubuntu1.1_amd64.deb ...
2026-10-09T15:56:25.6023630Z Unpacking libmpg123-0t64:amd64 (1.32.5-1ubuntu1.1) ...
2026-10-09T15:56:25.6210301Z Selecting previously unselected package libopenmpt0t64:amd64.
2026-10-09T15:56:25.6321020Z Preparing to unpack .../40-libopenmpt0t64_0.7.3-1.1build3_amd64.deb ...
2026-10-09T15:56:25.6327365Z Unpacking libopenmpt0t64:amd64 (0.7.3-1.1build3) ...
2026-10-09T15:56:25.6625489Z Selecting previously unselected package libcjson1:amd64.
2026-10-09T15:56:25.6738630Z Preparing to unpack .../41-libcjson1_1.7.17-1_amd64.deb ...
2026-10-09T15:56:25.6744694Z Unpacking libcjson1:amd64 (1.7.17-1) ...
2026-10-09T15:56:25.6932624Z Selecting previously unselected package libmbedcrypto7t64:amd64.
2026-10-09T15:56:25.7049652Z Preparing to unpack .../42-libmbedcrypto7t64_2.28.8-1_amd64.deb ...
2026-10-09T15:56:25.7061473Z Unpacking libmbedcrypto7t64:amd64 (2.28.8-1) ...
2026-10-09T15:56:25.7284353Z Selecting previously unselected package librist4:amd64.
2026-10-09T15:56:25.7395486Z Preparing to unpack .../43-librist4_0.2.10+dfsg-2_amd64.deb ...
2026-10-09T15:56:25.7401419Z Unpacking librist4:amd64 (0.2.10+dfsg-2) ...
2026-10-09T15:56:25.7572098Z Selecting previously unselected package libsrt1.5-gnutls:amd64.
2026-10-09T15:56:25.7681297Z Preparing to unpack .../44-libsrt1.5-gnutls_1.5.3-1build2_amd64.deb ...
2026-10-09T15:56:25.7687117Z Unpacking libsrt1.5-gnutls:amd64 (1.5.3-1build2) ...
2026-10-09T15:56:25.7913084Z Selecting previously unselected package libssh-gcrypt-4:amd64.
2026-10-09T15:56:25.8023596Z Preparing to unpack .../45-libssh-gcrypt-4_0.10.6-2ubuntu0.5_amd64.deb ...
2026-10-09T15:56:25.8029655Z Unpacking libssh-gcrypt-4:amd64 (0.10.6-2ubuntu0.5) ...
2026-10-09T15:56:25.8251109Z Selecting previously unselected package libavformat60:amd64.
2026-10-09T15:56:25.8361165Z Preparing to unpack .../46-libavformat60_7%3a6.1.1-3ubuntu5_amd64.deb ...
2026-10-09T15:56:25.8367513Z Unpacking libavformat60:amd64 (7:6.1.1-3ubuntu5) ...
2026-10-09T15:56:25.8758597Z Selecting previously unselected package libbs2b0:amd64.
2026-10-09T15:56:25.8868777Z Preparing to unpack .../47-libbs2b0_3.1.0+dfsg-7build1_amd64.deb ...
2026-10-09T15:56:25.8875243Z Unpacking libbs2b0:amd64 (3.1.0+dfsg-7build1) ...
2026-10-09T15:56:25.9088835Z Selecting previously unselected package libflite1:amd64.
2026-10-09T15:56:25.9198776Z Preparing to unpack .../48-libflite1_2.2-6build3_amd64.deb ...
2026-10-09T15:56:25.9205698Z Unpacking libflite1:amd64 (2.2-6build3) ...
2026-10-09T15:56:26.0556476Z Selecting previously unselected package libserd-0-0:amd64.
2026-10-09T15:56:26.0666999Z Preparing to unpack .../49-libserd-0-0_0.32.2-1_amd64.deb ...
2026-10-09T15:56:26.0673282Z Unpacking libserd-0-0:amd64 (0.32.2-1) ...
2026-10-09T15:56:26.0841871Z Selecting previously unselected package libzix-0-0:amd64.
2026-10-09T15:56:26.0951538Z Preparing to unpack .../50-libzix-0-0_0.4.2-2build1_amd64.deb ...
2026-10-09T15:56:26.0957360Z Unpacking libzix-0-0:amd64 (0.4.2-2build1) ...
2026-10-09T15:56:26.1129753Z Selecting previously unselected package libsord-0-0:amd64.
2026-10-09T15:56:26.1242571Z Preparing to unpack .../51-libsord-0-0_0.16.16-2build1_amd64.deb ...
2026-10-09T15:56:26.1248726Z Unpacking libsord-0-0:amd64 (0.16.16-2build1) ...
2026-10-09T15:56:26.1423310Z Selecting previously unselected package libsratom-0-0:amd64.
2026-10-09T15:56:26.1533501Z Preparing to unpack .../52-libsratom-0-0_0.6.16-1build1_amd64.deb ...
2026-10-09T15:56:26.1539452Z Unpacking libsratom-0-0:amd64 (0.6.16-1build1) ...
2026-10-09T15:56:26.1712466Z Selecting previously unselected package liblilv-0-0:amd64.
2026-10-09T15:56:26.1822587Z Preparing to unpack .../53-liblilv-0-0_0.24.22-1build1_amd64.deb ...
2026-10-09T15:56:26.1828190Z Unpacking liblilv-0-0:amd64 (0.24.22-1build1) ...
2026-10-09T15:56:26.2002751Z Selecting previously unselected package libmysofa1:amd64.
2026-10-09T15:56:26.2113093Z Preparing to unpack .../54-libmysofa1_1.3.2+dfsg-2ubuntu2_amd64.deb ...
2026-10-09T15:56:26.2118595Z Unpacking libmysofa1:amd64 (1.3.2+dfsg-2ubuntu2) ...
2026-10-09T15:56:26.2372494Z Selecting previously unselected package libplacebo338:amd64.
2026-10-09T15:56:26.2483401Z Preparing to unpack .../55-libplacebo338_6.338.2-2build1_amd64.deb ...
2026-10-09T15:56:26.2489590Z Unpacking libplacebo338:amd64 (6.338.2-2build1) ...
2026-10-09T15:56:26.3287187Z Selecting previously unselected package libblas3:amd64.
2026-10-09T15:56:26.3397084Z Preparing to unpack .../56-libblas3_3.12.0-3build1.1_amd64.deb ...
2026-10-09T15:56:26.3423881Z Unpacking libblas3:amd64 (3.12.0-3build1.1) ...
2026-10-09T15:56:26.3635187Z Selecting previously unselected package liblapack3:amd64.
2026-10-09T15:56:26.3743402Z Preparing to unpack .../57-liblapack3_3.12.0-3build1.1_amd64.deb ...
2026-10-09T15:56:26.3770470Z Unpacking liblapack3:amd64 (3.12.0-3build1.1) ...
2026-10-09T15:56:26.4510654Z Selecting previously unselected package libasyncns0:amd64.
2026-10-09T15:56:26.4622210Z Preparing to unpack .../58-libasyncns0_0.8-6build4_amd64.deb ...
2026-10-09T15:56:26.4629690Z Unpacking libasyncns0:amd64 (0.8-6build4) ...
2026-10-09T15:56:26.4808502Z Selecting previously unselected package libflac12t64:amd64.
2026-10-09T15:56:26.4922336Z Preparing to unpack .../59-libflac12t64_1.4.3+ds-2.1ubuntu2_amd64.deb ...
2026-10-09T15:56:26.4929330Z Unpacking libflac12t64:amd64 (1.4.3+ds-2.1ubuntu2) ...
2026-10-09T15:56:26.5133799Z Selecting previously unselected package libsndfile1:amd64.
2026-10-09T15:56:26.5244830Z Preparing to unpack .../60-libsndfile1_1.2.2-1ubuntu5.24.04.1_amd64.deb ...
2026-10-09T15:56:26.5297617Z Unpacking libsndfile1:amd64 (1.2.2-1ubuntu5.24.04.1) ...
2026-10-09T15:56:26.5506295Z Selecting previously unselected package libpulse0:amd64.
2026-10-09T15:56:26.5617467Z Preparing to unpack .../61-libpulse0_1%3a16.1+dfsg1-2ubuntu10.1_amd64.deb ...
2026-10-09T15:56:26.5681980Z Unpacking libpulse0:amd64 (1:16.1+dfsg1-2ubuntu10.1) ...
2026-10-09T15:56:26.5903371Z Selecting previously unselected package libsphinxbase3t64:amd64.
2026-10-09T15:56:26.6014506Z Preparing to unpack .../62-libsphinxbase3t64_0.8+5prealpha+1-17build2_amd64.deb ...
2026-10-09T15:56:26.6021543Z Unpacking libsphinxbase3t64:amd64 (0.8+5prealpha+1-17build2) ...
2026-10-09T15:56:26.6212178Z Selecting previously unselected package libpocketsphinx3:amd64.
2026-10-09T15:56:26.6326111Z Preparing to unpack .../63-libpocketsphinx3_0.8.0+real5prealpha+1-15ubuntu5_amd64.deb ...
2026-10-09T15:56:26.6331455Z Unpacking libpocketsphinx3:amd64 (0.8.0+real5prealpha+1-15ubuntu5) ...
2026-10-09T15:56:26.6535191Z Selecting previously unselected package libpostproc57:amd64.
2026-10-09T15:56:26.6646209Z Preparing to unpack .../64-libpostproc57_7%3a6.1.1-3ubuntu5_amd64.deb ...
2026-10-09T15:56:26.6653255Z Unpacking libpostproc57:amd64 (7:6.1.1-3ubuntu5) ...
2026-10-09T15:56:26.6836233Z Selecting previously unselected package libsamplerate0:amd64.
2026-10-09T15:56:26.6945656Z Preparing to unpack .../65-libsamplerate0_0.2.2-4build1_amd64.deb ...
2026-10-09T15:56:26.6952235Z Unpacking libsamplerate0:amd64 (0.2.2-4build1) ...
2026-10-09T15:56:26.7222462Z Selecting previously unselected package librubberband2:amd64.
2026-10-09T15:56:26.7333470Z Preparing to unpack .../66-librubberband2_3.3.0+dfsg-2build1_amd64.deb ...
2026-10-09T15:56:26.7339986Z Unpacking librubberband2:amd64 (3.3.0+dfsg-2build1) ...
2026-10-09T15:56:26.7527478Z Selecting previously unselected package libswscale7:amd64.
2026-10-09T15:56:26.7637545Z Preparing to unpack .../67-libswscale7_7%3a6.1.1-3ubuntu5_amd64.deb ...
2026-10-09T15:56:26.7643952Z Unpacking libswscale7:amd64 (7:6.1.1-3ubuntu5) ...
2026-10-09T15:56:26.7855049Z Selecting previously unselected package libvidstab1.1:amd64.
2026-10-09T15:56:26.7963518Z Preparing to unpack .../68-libvidstab1.1_1.1.0-2build1_amd64.deb ...
2026-10-09T15:56:26.7969737Z Unpacking libvidstab1.1:amd64 (1.1.0-2build1) ...
2026-10-09T15:56:26.8143457Z Selecting previously unselected package libzimg2:amd64.
2026-10-09T15:56:26.8251448Z Preparing to unpack .../69-libzimg2_3.0.5+ds1-1build1_amd64.deb ...
2026-10-09T15:56:26.8258345Z Unpacking libzimg2:amd64 (3.0.5+ds1-1build1) ...
2026-10-09T15:56:26.8497069Z Selecting previously unselected package libavfilter9:amd64.
2026-10-09T15:56:26.8605658Z Preparing to unpack .../70-libavfilter9_7%3a6.1.1-3ubuntu5_amd64.deb ...
2026-10-09T15:56:26.8611931Z Unpacking libavfilter9:amd64 (7:6.1.1-3ubuntu5) ...
2026-10-09T15:56:26.9768791Z Selecting previously unselected package libcaca0:amd64.
2026-10-09T15:56:26.9878926Z Preparing to unpack .../71-libcaca0_0.99.beta20-4ubuntu0.2_amd64.deb ...
2026-10-09T15:56:26.9884707Z Unpacking libcaca0:amd64 (0.99.beta20-4ubuntu0.2) ...
2026-10-09T15:56:27.0107541Z Selecting previously unselected package libcdio19t64:amd64.
2026-10-09T15:56:27.0217081Z Preparing to unpack .../72-libcdio19t64_2.1.0-4.1ubuntu1.2_amd64.deb ...
2026-10-09T15:56:27.0223739Z Unpacking libcdio19t64:amd64 (2.1.0-4.1ubuntu1.2) ...
2026-10-09T15:56:27.0405038Z Selecting previously unselected package libcdio-cdda2t64:amd64.
2026-10-09T15:56:27.0513691Z Preparing to unpack .../73-libcdio-cdda2t64_10.2+2.0.1-1.1build2_amd64.deb ...
2026-10-09T15:56:27.0519646Z Unpacking libcdio-cdda2t64:amd64 (10.2+2.0.1-1.1build2) ...
2026-10-09T15:56:27.0706288Z Selecting previously unselected package libcdio-paranoia2t64:amd64.
2026-10-09T15:56:27.0815128Z Preparing to unpack .../74-libcdio-paranoia2t64_10.2+2.0.1-1.1build2_amd64.deb ...
2026-10-09T15:56:27.0821469Z Unpacking libcdio-paranoia2t64:amd64 (10.2+2.0.1-1.1build2) ...
2026-10-09T15:56:27.1005081Z Selecting previously unselected package libdc1394-25:amd64.
2026-10-09T15:56:27.1112677Z Preparing to unpack .../75-libdc1394-25_2.2.6-4build1_amd64.deb ...
2026-10-09T15:56:27.1121670Z Unpacking libdc1394-25:amd64 (2.2.6-4build1) ...
2026-10-09T15:56:27.1306117Z Selecting previously unselected package libiec61883-0:amd64.
2026-10-09T15:56:27.1415060Z Preparing to unpack .../76-libiec61883-0_1.2.0-6build1_amd64.deb ...
2026-10-09T15:56:27.1420593Z Unpacking libiec61883-0:amd64 (1.2.0-6build1) ...
2026-10-09T15:56:27.1592335Z Selecting previously unselected package libjack-jackd2-0:amd64.
2026-10-09T15:56:27.1702733Z Preparing to unpack .../77-libjack-jackd2-0_1.9.21~dfsg-3ubuntu3_amd64.deb ...
2026-10-09T15:56:27.1708780Z Unpacking libjack-jackd2-0:amd64 (1.9.21~dfsg-3ubuntu3) ...
2026-10-09T15:56:27.1933567Z Selecting previously unselected package libopenal-data.
2026-10-09T15:56:27.2044430Z Preparing to unpack .../78-libopenal-data_1%3a1.23.1-4build1_all.deb ...
2026-10-09T15:56:27.2050491Z Unpacking libopenal-data (1:1.23.1-4build1) ...
2026-10-09T15:56:27.2238586Z Selecting previously unselected package libsndio7.0:amd64.
2026-10-09T15:56:27.2348034Z Preparing to unpack .../79-libsndio7.0_1.9.0-0.3build3_amd64.deb ...
2026-10-09T15:56:27.2353953Z Unpacking libsndio7.0:amd64 (1.9.0-0.3build3) ...
2026-10-09T15:56:27.2561042Z Selecting previously unselected package libopenal1:amd64.
2026-10-09T15:56:27.2669574Z Preparing to unpack .../80-libopenal1_1%3a1.23.1-4build1_amd64.deb ...
2026-10-09T15:56:27.2675480Z Unpacking libopenal1:amd64 (1:1.23.1-4build1) ...
2026-10-09T15:56:27.2911392Z Selecting previously unselected package libdecor-0-0:amd64.
2026-10-09T15:56:27.3021552Z Preparing to unpack .../81-libdecor-0-0_0.2.2-1build2_amd64.deb ...
2026-10-09T15:56:27.3027115Z Unpacking libdecor-0-0:amd64 (0.2.2-1build2) ...
2026-10-09T15:56:27.3207308Z Selecting previously unselected package libsdl2-2.0-0:amd64.
2026-10-09T15:56:27.3316846Z Preparing to unpack .../82-libsdl2-2.0-0_2.30.0+dfsg-1ubuntu3.1_amd64.deb ...
2026-10-09T15:56:27.3326808Z Unpacking libsdl2-2.0-0:amd64 (2.30.0+dfsg-1ubuntu3.1) ...
2026-10-09T15:56:27.4184860Z Selecting previously unselected package libxcb-shape0:amd64.
2026-10-09T15:56:27.4296763Z Preparing to unpack .../83-libxcb-shape0_1.15-1ubuntu2_amd64.deb ...
2026-10-09T15:56:27.4304047Z Unpacking libxcb-shape0:amd64 (1.15-1ubuntu2) ...
2026-10-09T15:56:27.4470615Z Selecting previously unselected package libxv1:amd64.
2026-10-09T15:56:27.4579365Z Preparing to unpack .../84-libxv1_2%3a1.0.11-1.1build1_amd64.deb ...
2026-10-09T15:56:27.4586070Z Unpacking libxv1:amd64 (2:1.0.11-1.1build1) ...
2026-10-09T15:56:27.4762308Z Selecting previously unselected package libavdevice60:amd64.
2026-10-09T15:56:27.4869403Z Preparing to unpack .../85-libavdevice60_7%3a6.1.1-3ubuntu5_amd64.deb ...
2026-10-09T15:56:27.4875602Z Unpacking libavdevice60:amd64 (7:6.1.1-3ubuntu5) ...
2026-10-09T15:56:27.5051297Z Selecting previously unselected package ffmpeg.
2026-10-09T15:56:27.5159714Z Preparing to unpack .../86-ffmpeg_7%3a6.1.1-3ubuntu5_amd64.deb ...
2026-10-09T15:56:27.5165696Z Unpacking ffmpeg (7:6.1.1-3ubuntu5) ...
2026-10-09T15:56:27.5712609Z Setting up libgme0:amd64 (0.6.3-7build1) ...
2026-10-09T15:56:27.5736386Z Setting up libchromaprint1:amd64 (1.5.1-5) ...
2026-10-09T15:56:27.5750317Z Setting up libssh-gcrypt-4:amd64 (0.10.6-2ubuntu0.5) ...
2026-10-09T15:56:27.5762793Z Setting up libhwy1t64:amd64 (1.0.7-8.1build1) ...
2026-10-09T15:56:27.5783260Z Setting up libudfread0:amd64 (1.1.2-1build1) ...
2026-10-09T15:56:27.5797226Z Setting up libraw1394-11:amd64 (2.1.2-2build3) ...
2026-10-09T15:56:27.5809825Z Setting up libspeex1:amd64 (1.2.1-2ubuntu2.24.04.1) ...
2026-10-09T15:56:27.5825690Z Setting up libshine3:amd64 (3.1.1-2build1) ...
2026-10-09T15:56:27.5844003Z Setting up libcaca0:amd64 (0.99.beta20-4ubuntu0.2) ...
2026-10-09T15:56:27.5856902Z Setting up libvpl2 (2023.3.0-1build1) ...
2026-10-09T15:56:27.5872027Z Setting up libx264-164:amd64 (2:0.164.3108+git31e19f9-1) ...
2026-10-09T15:56:27.5884831Z Setting up libtwolame0:amd64 (0.4.0-2build3) ...
2026-10-09T15:56:27.5898685Z Setting up libmbedcrypto7t64:amd64 (2.28.8-1) ...
2026-10-09T15:56:27.5910958Z Setting up libgsm1:amd64 (1.0.22-1build1) ...
2026-10-09T15:56:27.5923856Z Setting up libsoxr0:amd64 (0.1.3-4build3) ...
2026-10-09T15:56:27.6091895Z Setting up libzix-0-0:amd64 (0.4.2-2build1) ...
2026-10-09T15:56:27.6105255Z Setting up libcodec2-1.2:amd64 (1.2.0-2build1) ...
2026-10-09T15:56:27.6117953Z Setting up libmysofa1:amd64 (1.3.2+dfsg-2ubuntu2) ...
2026-10-09T15:56:27.6132092Z Setting up libxcb-shape0:amd64 (1.15-1ubuntu2) ...
2026-10-09T15:56:27.6145371Z Setting up libcdio19t64:amd64 (2.1.0-4.1ubuntu1.2) ...
2026-10-09T15:56:27.6160598Z Setting up libsvtav1enc1d1:amd64 (1.7.0+dfsg-2build1) ...
2026-10-09T15:56:27.6174808Z Setting up libmpg123-0t64:amd64 (1.32.5-1ubuntu1.1) ...
2026-10-09T15:56:27.6187781Z Setting up libcjson1:amd64 (1.7.17-1) ...
2026-10-09T15:56:27.6202023Z Setting up libxvidcore4:amd64 (2:1.3.7-1build1) ...
2026-10-09T15:56:27.6215098Z Setting up librav1e0:amd64 (0.7.1-2) ...
2026-10-09T15:56:27.6228504Z Setting up libcdio-cdda2t64:amd64 (10.2+2.0.1-1.1build2) ...
2026-10-09T15:56:27.6241344Z Setting up librist4:amd64 (0.2.10+dfsg-2) ...
2026-10-09T15:56:27.6254348Z Setting up librsvg2-2:amd64 (2.58.0+dfsg-1ubuntu0.1) ...
2026-10-09T15:56:27.6267334Z Setting up libblas3:amd64 (3.12.0-3build1.1) ...
2026-10-09T15:56:27.6329400Z update-alternatives: using /usr/lib/x86_64-linux-gnu/blas/libblas.so.3 to provide /usr/lib/x86_64-linux-gnu/libblas.so.3 (libblas.so.3-x86_64-linux-gnu) in auto mode
2026-10-09T15:56:27.6331840Z Setting up libplacebo338:amd64 (6.338.2-2build1) ...
2026-10-09T15:56:27.6346051Z Setting up libva2:amd64 (2.20.0-2ubuntu0.2) ...
2026-10-09T15:56:27.6359343Z Setting up libopus0:amd64 (1.4-1build1) ...
2026-10-09T15:56:27.6373310Z Setting up libcdio-paranoia2t64:amd64 (10.2+2.0.1-1.1build2) ...
2026-10-09T15:56:27.6385724Z Setting up libdc1394-25:amd64 (2.2.6-4build1) ...
2026-10-09T15:56:27.6398978Z Setting up libxv1:amd64 (2:1.0.11-1.1build1) ...
2026-10-09T15:56:27.6412540Z Setting up libunibreak5:amd64 (5.1-2build1) ...
2026-10-09T15:56:27.6424567Z Setting up libjxl0.7:amd64 (0.7.0-10.2ubuntu6.1) ...
2026-10-09T15:56:27.6437826Z Setting up libx265-199:amd64 (3.5-2build1) ...
2026-10-09T15:56:27.6449849Z Setting up libsndio7.0:amd64 (1.9.0-0.3build3) ...
2026-10-09T15:56:27.6462087Z Setting up libvidstab1.1:amd64 (1.1.0-2build1) ...
2026-10-09T15:56:27.6476795Z Setting up libvpx9:amd64 (1.14.0-1ubuntu2.3) ...
2026-10-09T15:56:27.6490164Z Setting up libsrt1.5-gnutls:amd64 (1.5.3-1build2) ...
2026-10-09T15:56:27.6505213Z Setting up libflite1:amd64 (2.2-6build3) ...
2026-10-09T15:56:27.6520226Z Setting up libdav1d7:amd64 (1.4.1-1build1) ...
2026-10-09T15:56:27.6533073Z Setting up libva-drm2:amd64 (2.20.0-2ubuntu0.2) ...
2026-10-09T15:56:27.6547441Z Setting up ocl-icd-libopencl1:amd64 (2.3.2-1build1) ...
2026-10-09T15:56:27.6561238Z Setting up libasyncns0:amd64 (0.8-6build4) ...
2026-10-09T15:56:27.6575258Z Setting up libvdpau1:amd64 (1.5-2build1) ...
2026-10-09T15:56:27.6593129Z Setting up libbs2b0:amd64 (3.1.0+dfsg-7build1) ...
2026-10-09T15:56:27.6606726Z Setting up libtheora0:amd64 (1.1.1+dfsg.1-16.1build3) ...
2026-10-09T15:56:27.6619364Z Setting up libdecor-0-0:amd64 (0.2.2-1build2) ...
2026-10-09T15:56:27.6633278Z Setting up libzimg2:amd64 (3.0.5+ds1-1build1) ...
2026-10-09T15:56:27.6647338Z Setting up libopenal-data (1:1.23.1-4build1) ...
2026-10-09T15:56:27.6664489Z Setting up libflac12t64:amd64 (1.4.3+ds-2.1ubuntu2) ...
2026-10-09T15:56:27.6678144Z Setting up libbluray2:amd64 (1:1.3.4-1build1) ...
2026-10-09T15:56:27.6691492Z Setting up libsamplerate0:amd64 (0.2.2-4build1) ...
2026-10-09T15:56:27.6703752Z Setting up libva-x11-2:amd64 (2.20.0-2ubuntu0.2) ...
2026-10-09T15:56:27.6719261Z Setting up libopenmpt0t64:amd64 (0.7.3-1.1build3) ...
2026-10-09T15:56:27.6732514Z Setting up libzvbi-common (0.2.42-2) ...
2026-10-09T15:56:27.6747187Z Setting up libmp3lame0:amd64 (3.100-6build1) ...
2026-10-09T15:56:27.6759991Z Setting up libvorbisenc2:amd64 (1.3.7-1build3) ...
2026-10-09T15:56:27.6772549Z Setting up libiec61883-0:amd64 (1.2.0-6build1) ...
2026-10-09T15:56:27.6786397Z Setting up libserd-0-0:amd64 (0.32.2-1) ...
2026-10-09T15:56:27.6799681Z Setting up libavc1394-0:amd64 (0.5.4-5build3) ...
2026-10-09T15:56:27.6841614Z Setting up liblapack3:amd64 (3.12.0-3build1.1) ...
2026-10-09T15:56:27.6899123Z update-alternatives: using /usr/lib/x86_64-linux-gnu/lapack/liblapack.so.3 to provide /usr/lib/x86_64-linux-gnu/liblapack.so.3 (liblapack.so.3-x86_64-linux-gnu) in auto mode
2026-10-09T15:56:27.6912512Z Setting up libzvbi0t64:amd64 (0.2.42-2) ...
2026-10-09T15:56:27.6927337Z Setting up libavutil58:amd64 (7:6.1.1-3ubuntu5) ...
2026-10-09T15:56:27.6940956Z Setting up libopenal1:amd64 (1:1.23.1-4build1) ...
2026-10-09T15:56:27.6954628Z Setting up libass9:amd64 (1:0.17.1-2build1) ...
2026-10-09T15:56:27.6968906Z Setting up libswresample4:amd64 (7:6.1.1-3ubuntu5) ...
2026-10-09T15:56:27.6981662Z Setting up libavcodec60:amd64 (7:6.1.1-3ubuntu5) ...
2026-10-09T15:56:27.6996308Z Setting up librubberband2:amd64 (3.3.0+dfsg-2build1) ...
2026-10-09T15:56:27.7008652Z Setting up libjack-jackd2-0:amd64 (1.9.21~dfsg-3ubuntu3) ...
2026-10-09T15:56:27.7020519Z Setting up libsord-0-0:amd64 (0.16.16-2build1) ...
2026-10-09T15:56:27.7035863Z Setting up libpostproc57:amd64 (7:6.1.1-3ubuntu5) ...
2026-10-09T15:56:27.7048828Z Setting up libsratom-0-0:amd64 (0.6.16-1build1) ...
2026-10-09T15:56:27.7062505Z Setting up libsndfile1:amd64 (1.2.2-1ubuntu5.24.04.1) ...
2026-10-09T15:56:27.7076091Z Setting up liblilv-0-0:amd64 (0.24.22-1build1) ...
2026-10-09T15:56:27.7088789Z Setting up libswscale7:amd64 (7:6.1.1-3ubuntu5) ...
2026-10-09T15:56:27.7105363Z Setting up libpulse0:amd64 (1:16.1+dfsg1-2ubuntu10.1) ...
2026-10-09T15:56:27.7162316Z Setting up libavformat60:amd64 (7:6.1.1-3ubuntu5) ...
2026-10-09T15:56:27.7177386Z Setting up libsphinxbase3t64:amd64 (0.8+5prealpha+1-17build2) ...
2026-10-09T15:56:27.7191162Z Setting up libsdl2-2.0-0:amd64 (2.30.0+dfsg-1ubuntu3.1) ...
2026-10-09T15:56:27.7611100Z Setting up libpocketsphinx3:amd64 (0.8.0+real5prealpha+1-15ubuntu5) ...
2026-10-09T15:56:27.7626099Z Setting up libavfilter9:amd64 (7:6.1.1-3ubuntu5) ...
2026-10-09T15:56:27.7640685Z Setting up libavdevice60:amd64 (7:6.1.1-3ubuntu5) ...
2026-10-09T15:56:27.7654211Z Setting up ffmpeg (7:6.1.1-3ubuntu5) ...
2026-10-09T15:56:27.7674466Z Processing triggers for man-db (2.12.0-4build2) ...
2026-10-09T15:56:27.7689396Z Not building database; man-db/auto-update is not 'true'.
2026-10-09T15:56:27.7702123Z Processing triggers for libc-bin (2.39-0ubuntu8.9) ...
2026-10-09T15:56:28.2218788Z 
2026-10-09T15:56:28.2219340Z Running kernel seems to be up-to-date.
2026-10-09T15:56:28.2219894Z 
2026-10-09T15:56:28.2220024Z No services need to be restarted.
2026-10-09T15:56:28.2220178Z 
2026-10-09T15:56:28.2220317Z No containers need to be restarted.
2026-10-09T15:56:28.2220467Z 
2026-10-09T15:56:28.2220608Z No user sessions are running outdated binaries.
2026-10-09T15:56:28.2220770Z 
2026-10-09T15:56:28.2220992Z No VM guests are running outdated hypervisor (qemu) binaries on this host.
2026-10-09T15:56:29.2966758Z ##[group]Run set -o pipefail
2026-10-09T15:56:29.2967003Z [36;1mset -o pipefail[0m
2026-10-09T15:56:29.2967451Z [36;1mpnpm exec playwright test --config playwright.experimental.config.ts 2>&1 | tee "$CI_RECEIPTS/experimental-browser.log"[0m
2026-10-09T15:56:29.3024319Z shell: /usr/bin/bash -e {0}
2026-10-09T15:56:29.3024526Z env:
2026-10-09T15:56:29.3024687Z   MOCK_PROVIDER: true
2026-10-09T15:56:29.3024874Z   MOCK_STREAM_DELAY_MS: 0
2026-10-09T15:56:29.3025058Z   ENABLE_CLOUD: false
2026-10-09T15:56:29.3025239Z   CREDENTIAL_VAULT_BACKEND: memory
2026-10-09T15:56:29.3025466Z   CREDENTIAL_VAULT_ALLOW_MEMORY_FALLBACK: true
2026-10-09T15:56:29.3025715Z   PYTHONDONTWRITEBYTECODE: 1
2026-10-09T15:56:29.3025909Z   HF_HUB_OFFLINE: 1
2026-10-09T15:56:29.3026078Z   TRANSFORMERS_OFFLINE: 1
2026-10-09T15:56:29.3026317Z   pythonLocation: /opt/hostedtoolcache/Python/3.12.9/x64
2026-10-09T15:56:29.3026640Z   PKG_CONFIG_PATH: /opt/hostedtoolcache/Python/3.12.9/x64/lib/pkgconfig
2026-10-09T15:56:29.3026976Z   Python_ROOT_DIR: /opt/hostedtoolcache/Python/3.12.9/x64
2026-10-09T15:56:29.3027261Z   Python2_ROOT_DIR: /opt/hostedtoolcache/Python/3.12.9/x64
2026-10-09T15:56:29.3027545Z   Python3_ROOT_DIR: /opt/hostedtoolcache/Python/3.12.9/x64
2026-10-09T15:56:29.3027830Z   LD_LIBRARY_PATH: /opt/hostedtoolcache/Python/3.12.9/x64/lib
2026-10-09T15:56:29.3028138Z   CI_COVERAGE_SHA: 9851bdd2d692df983664bc8f4597fbc05c0e2ceb
2026-10-09T15:56:29.3028422Z   CI_COVERAGE_TREE: cd6989a19e5fd5e2400f2325fe696cae03d8eda7
2026-10-09T15:56:29.3028727Z   CI_SANDBOX: /home/runner/work/_temp/novel-ci-frontend.BG4SNX
2026-10-09T15:56:29.3029047Z   CI_PROJECT: /home/runner/work/_temp/novel-ci-frontend.BG4SNX/project
2026-10-09T15:56:29.3029392Z   CI_RECEIPTS: /home/runner/work/_temp/novel-ci-frontend.BG4SNX/receipts
2026-10-09T15:56:29.3029717Z   HOME: /home/runner/work/_temp/novel-ci-frontend.BG4SNX/home
2026-10-09T15:56:29.3030030Z   USERPROFILE: /home/runner/work/_temp/novel-ci-frontend.BG4SNX/home
2026-10-09T15:56:29.3030360Z   APPDATA: /home/runner/work/_temp/novel-ci-frontend.BG4SNX/appdata
2026-10-09T15:56:29.3030713Z   LOCALAPPDATA: /home/runner/work/_temp/novel-ci-frontend.BG4SNX/localappdata
2026-10-09T15:56:29.3031085Z   XDG_CONFIG_HOME: /home/runner/work/_temp/novel-ci-frontend.BG4SNX/config
2026-10-09T15:56:29.3031438Z   XDG_CACHE_HOME: /home/runner/work/_temp/novel-ci-frontend.BG4SNX/cache
2026-10-09T15:56:29.3031788Z   XDG_DATA_HOME: /home/runner/work/_temp/novel-ci-frontend.BG4SNX/data
2026-10-09T15:56:29.3032116Z   XDG_STATE_HOME: /home/runner/work/_temp/novel-ci-frontend.BG4SNX/state
2026-10-09T15:56:29.3032430Z   TMPDIR: /home/runner/work/_temp/novel-ci-frontend.BG4SNX/tmp
2026-10-09T15:56:29.3032719Z   TMP: /home/runner/work/_temp/novel-ci-frontend.BG4SNX/tmp
2026-10-09T15:56:29.3033146Z   TEMP: /home/runner/work/_temp/novel-ci-frontend.BG4SNX/tmp
2026-10-09T15:56:29.3033459Z   PROJECT_ROOT: /home/runner/work/_temp/novel-ci-frontend.BG4SNX/project
2026-10-09T15:56:29.3033829Z   NOVEL_DATA_PATH: /home/runner/work/_temp/novel-ci-frontend.BG4SNX/data/novels
2026-10-09T15:56:29.3034213Z   BACKUP_PATH: /home/runner/work/_temp/novel-ci-frontend.BG4SNX/data/backups
2026-10-09T15:56:29.3034636Z   DATABASE_BACKUP_PATH: /home/runner/work/_temp/novel-ci-frontend.BG4SNX/data/database-backups
2026-10-09T15:56:29.3035078Z   KNOWLEDGE_SOURCE_PATH: /home/runner/work/_temp/novel-ci-frontend.BG4SNX/data/novels
2026-10-09T15:56:29.3035388Z   R3_PYTHON: python
2026-10-09T15:56:29.3035555Z ##[endgroup]
2026-10-09T15:56:34.1296796Z [WebServer] INFO:     Started server process [11359]
2026-10-09T15:56:34.1297400Z [WebServer] INFO:     Waiting for application startup.
2026-10-09T15:56:34.1299536Z [WebServer] INFO:     Application startup complete.
2026-10-09T15:56:34.1300028Z [WebServer] INFO:     Uvicorn running on http://127.0.0.1:8016 (Press CTRL+C to quit)
2026-10-09T15:56:39.8990548Z [WebServer] INFO:     Started server process [11380]
2026-10-09T15:56:39.8990998Z [WebServer] INFO:     Waiting for application startup.
2026-10-09T15:56:39.8996614Z [WebServer] INFO:     Application startup complete.
2026-10-09T15:56:39.8998120Z [WebServer] INFO:     Uvicorn running on http://127.0.0.1:8017 (Press CTRL+C to quit)
2026-10-09T15:56:45.5931101Z [WebServer] INFO:     Started server process [11403]
2026-10-09T15:56:45.5931739Z [WebServer] INFO:     Waiting for application startup.
2026-10-09T15:56:45.5940046Z [WebServer] INFO:     Application startup complete.
2026-10-09T15:56:45.5943733Z [WebServer] INFO:     Uvicorn running on http://127.0.0.1:8018 (Press CTRL+C to quit)
2026-10-09T15:56:47.0290272Z 
2026-10-09T15:56:47.0290895Z Running 7 tests using 1 worker
2026-10-09T15:56:47.0291191Z 
2026-10-09T15:56:51.3373385Z   ✓  1 [chromium] › tests/e2e/r3-experimental.spec.ts:61:1 › R3 default off and V1 acceptance override keep Experimental absent (3.8s)
2026-10-09T15:56:59.4852202Z   ✓  2 [chromium] › tests/e2e/r3-experimental.spec.ts:77:1 › R3 planning browser hierarchy CRUD, compare, approval, history and stale fencing (8.1s)
2026-10-09T15:57:04.0300210Z   ✓  3 [chromium] › tests/e2e/r3-experimental.spec.ts:123:1 › R3 chunked import browser pause/resume, evidence review and checkpoint commit (4.5s)
2026-10-09T15:57:07.2286095Z   ✓  4 [chromium] › tests/e2e/r3-experimental.spec.ts:143:1 › R3 world browser records, unified inbox filtering/domain review and deterministic findings (3.2s)
2026-10-09T15:57:09.7413286Z   ✓  5 [chromium] › tests/e2e/r3-experimental.spec.ts:162:1 › R3 team Recipe browser execution remains a human-approved artifact (2.5s)
2026-10-09T15:57:13.5347238Z   ✓  6 [chromium] › tests/e2e/r3-experimental.spec.ts:174:1 › R3 media browser registry, real mock image tasks, compare, approved lineage and honest embeddings (3.8s)
2026-10-09T15:57:16.6163911Z   ✓  7 [chromium] › tests/e2e/r3-experimental.spec.ts:196:1 › R3 audiobook browser ambiguous attribution, voices, timeline and unmeasured manifest (3.1s)
2026-10-09T15:57:16.7495078Z 
2026-10-09T15:57:16.7498183Z   7 passed (46.6s)
2026-10-09T15:57:16.7721171Z ##[group]Run python scripts/prepare_pdf_font.py --output "$CI_SANDBOX/browser-fonts" > "$CI_RECEIPTS/browser-font-manifest.json"
2026-10-09T15:57:16.7721841Z [36;1mpython scripts/prepare_pdf_font.py --output "$CI_SANDBOX/browser-fonts" > "$CI_RECEIPTS/browser-font-manifest.json"[0m
2026-10-09T15:57:16.7722429Z [36;1mecho "AI_NOVEL_STUDIO_PDF_FONT=$CI_SANDBOX/browser-fonts/NotoSansSC-Regular.ttf" >> "$GITHUB_ENV"[0m
2026-10-09T15:57:16.7780027Z shell: /usr/bin/bash -e {0}
2026-10-09T15:57:16.7780234Z env:
2026-10-09T15:57:16.7780392Z   MOCK_PROVIDER: true
2026-10-09T15:57:16.7780573Z   MOCK_STREAM_DELAY_MS: 0
2026-10-09T15:57:16.7780753Z   ENABLE_CLOUD: false
2026-10-09T15:57:16.7780934Z   CREDENTIAL_VAULT_BACKEND: memory
2026-10-09T15:57:16.7781162Z   CREDENTIAL_VAULT_ALLOW_MEMORY_FALLBACK: true
2026-10-09T15:57:16.7781398Z   PYTHONDONTWRITEBYTECODE: 1
2026-10-09T15:57:16.7781586Z   HF_HUB_OFFLINE: 1
2026-10-09T15:57:16.7781846Z   TRANSFORMERS_OFFLINE: 1
2026-10-09T15:57:16.7782246Z   pythonLocation: /opt/hostedtoolcache/Python/3.12.9/x64
2026-10-09T15:57:16.7782737Z   PKG_CONFIG_PATH: /opt/hostedtoolcache/Python/3.12.9/x64/lib/pkgconfig
2026-10-09T15:57:16.7783356Z   Python_ROOT_DIR: /opt/hostedtoolcache/Python/3.12.9/x64
2026-10-09T15:57:16.7783656Z   Python2_ROOT_DIR: /opt/hostedtoolcache/Python/3.12.9/x64
2026-10-09T15:57:16.7783943Z   Python3_ROOT_DIR: /opt/hostedtoolcache/Python/3.12.9/x64
2026-10-09T15:57:16.7784225Z   LD_LIBRARY_PATH: /opt/hostedtoolcache/Python/3.12.9/x64/lib
2026-10-09T15:57:16.7784521Z   CI_COVERAGE_SHA: 9851bdd2d692df983664bc8f4597fbc05c0e2ceb
2026-10-09T15:57:16.7784822Z   CI_COVERAGE_TREE: cd6989a19e5fd5e2400f2325fe696cae03d8eda7
2026-10-09T15:57:16.7785128Z   CI_SANDBOX: /home/runner/work/_temp/novel-ci-frontend.BG4SNX
2026-10-09T15:57:16.7785444Z   CI_PROJECT: /home/runner/work/_temp/novel-ci-frontend.BG4SNX/project
2026-10-09T15:57:16.7785786Z   CI_RECEIPTS: /home/runner/work/_temp/novel-ci-frontend.BG4SNX/receipts
2026-10-09T15:57:16.7786111Z   HOME: /home/runner/work/_temp/novel-ci-frontend.BG4SNX/home
2026-10-09T15:57:16.7786423Z   USERPROFILE: /home/runner/work/_temp/novel-ci-frontend.BG4SNX/home
2026-10-09T15:57:16.7786756Z   APPDATA: /home/runner/work/_temp/novel-ci-frontend.BG4SNX/appdata
2026-10-09T15:57:16.7787350Z   LOCALAPPDATA: /home/runner/work/_temp/novel-ci-frontend.BG4SNX/localappdata
2026-10-09T15:57:16.7787730Z   XDG_CONFIG_HOME: /home/runner/work/_temp/novel-ci-frontend.BG4SNX/config
2026-10-09T15:57:16.7788089Z   XDG_CACHE_HOME: /home/runner/work/_temp/novel-ci-frontend.BG4SNX/cache
2026-10-09T15:57:16.7788452Z   XDG_DATA_HOME: /home/runner/work/_temp/novel-ci-frontend.BG4SNX/data
2026-10-09T15:57:16.7788788Z   XDG_STATE_HOME: /home/runner/work/_temp/novel-ci-frontend.BG4SNX/state
2026-10-09T15:57:16.7789113Z   TMPDIR: /home/runner/work/_temp/novel-ci-frontend.BG4SNX/tmp
2026-10-09T15:57:16.7789407Z   TMP: /home/runner/work/_temp/novel-ci-frontend.BG4SNX/tmp
2026-10-09T15:57:16.7789700Z   TEMP: /home/runner/work/_temp/novel-ci-frontend.BG4SNX/tmp
2026-10-09T15:57:16.7790021Z   PROJECT_ROOT: /home/runner/work/_temp/novel-ci-frontend.BG4SNX/project
2026-10-09T15:57:16.7790381Z   NOVEL_DATA_PATH: /home/runner/work/_temp/novel-ci-frontend.BG4SNX/data/novels
2026-10-09T15:57:16.7790752Z   BACKUP_PATH: /home/runner/work/_temp/novel-ci-frontend.BG4SNX/data/backups
2026-10-09T15:57:16.7791161Z   DATABASE_BACKUP_PATH: /home/runner/work/_temp/novel-ci-frontend.BG4SNX/data/database-backups
2026-10-09T15:57:16.7791599Z   KNOWLEDGE_SOURCE_PATH: /home/runner/work/_temp/novel-ci-frontend.BG4SNX/data/novels
2026-10-09T15:57:16.7791909Z ##[endgroup]
2026-10-09T15:57:32.0002529Z ##[group]Run set -o pipefail
2026-10-09T15:57:32.0002761Z [36;1mset -o pipefail[0m
2026-10-09T15:57:32.0003254Z [36;1mpnpm exec playwright test --config playwright.r4.config.ts 2>&1 | tee "$CI_RECEIPTS/r4-ux-browser.log"[0m
2026-10-09T15:57:32.0059796Z shell: /usr/bin/bash -e {0}
2026-10-09T15:57:32.0059999Z env:
2026-10-09T15:57:32.0060160Z   MOCK_PROVIDER: true
2026-10-09T15:57:32.0060347Z   MOCK_STREAM_DELAY_MS: 0
2026-10-09T15:57:32.0060529Z   ENABLE_CLOUD: false
2026-10-09T15:57:32.0060706Z   CREDENTIAL_VAULT_BACKEND: memory
2026-10-09T15:57:32.0060931Z   CREDENTIAL_VAULT_ALLOW_MEMORY_FALLBACK: true
2026-10-09T15:57:32.0061185Z   PYTHONDONTWRITEBYTECODE: 1
2026-10-09T15:57:32.0061374Z   HF_HUB_OFFLINE: 1
2026-10-09T15:57:32.0061541Z   TRANSFORMERS_OFFLINE: 1
2026-10-09T15:57:32.0061773Z   pythonLocation: /opt/hostedtoolcache/Python/3.12.9/x64
2026-10-09T15:57:32.0062092Z   PKG_CONFIG_PATH: /opt/hostedtoolcache/Python/3.12.9/x64/lib/pkgconfig
2026-10-09T15:57:32.0062429Z   Python_ROOT_DIR: /opt/hostedtoolcache/Python/3.12.9/x64
2026-10-09T15:57:32.0062715Z   Python2_ROOT_DIR: /opt/hostedtoolcache/Python/3.12.9/x64
2026-10-09T15:57:32.0063088Z   Python3_ROOT_DIR: /opt/hostedtoolcache/Python/3.12.9/x64
2026-10-09T15:57:32.0063371Z   LD_LIBRARY_PATH: /opt/hostedtoolcache/Python/3.12.9/x64/lib
2026-10-09T15:57:32.0063658Z   CI_COVERAGE_SHA: 9851bdd2d692df983664bc8f4597fbc05c0e2ceb
2026-10-09T15:57:32.0063936Z   CI_COVERAGE_TREE: cd6989a19e5fd5e2400f2325fe696cae03d8eda7
2026-10-09T15:57:32.0064243Z   CI_SANDBOX: /home/runner/work/_temp/novel-ci-frontend.BG4SNX
2026-10-09T15:57:32.0064566Z   CI_PROJECT: /home/runner/work/_temp/novel-ci-frontend.BG4SNX/project
2026-10-09T15:57:32.0064913Z   CI_RECEIPTS: /home/runner/work/_temp/novel-ci-frontend.BG4SNX/receipts
2026-10-09T15:57:32.0065235Z   HOME: /home/runner/work/_temp/novel-ci-frontend.BG4SNX/home
2026-10-09T15:57:32.0065546Z   USERPROFILE: /home/runner/work/_temp/novel-ci-frontend.BG4SNX/home
2026-10-09T15:57:32.0065880Z   APPDATA: /home/runner/work/_temp/novel-ci-frontend.BG4SNX/appdata
2026-10-09T15:57:32.0066231Z   LOCALAPPDATA: /home/runner/work/_temp/novel-ci-frontend.BG4SNX/localappdata
2026-10-09T15:57:32.0066597Z   XDG_CONFIG_HOME: /home/runner/work/_temp/novel-ci-frontend.BG4SNX/config
2026-10-09T15:57:32.0066948Z   XDG_CACHE_HOME: /home/runner/work/_temp/novel-ci-frontend.BG4SNX/cache
2026-10-09T15:57:32.0067279Z   XDG_DATA_HOME: /home/runner/work/_temp/novel-ci-frontend.BG4SNX/data
2026-10-09T15:57:32.0067608Z   XDG_STATE_HOME: /home/runner/work/_temp/novel-ci-frontend.BG4SNX/state
2026-10-09T15:57:32.0067924Z   TMPDIR: /home/runner/work/_temp/novel-ci-frontend.BG4SNX/tmp
2026-10-09T15:57:32.0068383Z   TMP: /home/runner/work/_temp/novel-ci-frontend.BG4SNX/tmp
2026-10-09T15:57:32.0068668Z   TEMP: /home/runner/work/_temp/novel-ci-frontend.BG4SNX/tmp
2026-10-09T15:57:32.0068977Z   PROJECT_ROOT: /home/runner/work/_temp/novel-ci-frontend.BG4SNX/project
2026-10-09T15:57:32.0069342Z   NOVEL_DATA_PATH: /home/runner/work/_temp/novel-ci-frontend.BG4SNX/data/novels
2026-10-09T15:57:32.0069710Z   BACKUP_PATH: /home/runner/work/_temp/novel-ci-frontend.BG4SNX/data/backups
2026-10-09T15:57:32.0070117Z   DATABASE_BACKUP_PATH: /home/runner/work/_temp/novel-ci-frontend.BG4SNX/data/database-backups
2026-10-09T15:57:32.0070555Z   KNOWLEDGE_SOURCE_PATH: /home/runner/work/_temp/novel-ci-frontend.BG4SNX/data/novels
2026-10-09T15:57:32.0071033Z   AI_NOVEL_STUDIO_PDF_FONT: /home/runner/work/_temp/novel-ci-frontend.BG4SNX/browser-fonts/NotoSansSC-Regular.ttf
2026-10-09T15:57:32.0071404Z   R4_PYTHON: python
2026-10-09T15:57:32.0071570Z ##[endgroup]
2026-10-09T15:57:36.8834753Z [WebServer] INFO:     Started server process [11659]
2026-10-09T15:57:36.8835203Z [WebServer] INFO:     Waiting for application startup.
2026-10-09T15:57:36.8838025Z [WebServer] INFO:     Application startup complete.
2026-10-09T15:57:36.8838485Z [WebServer] INFO:     Uvicorn running on http://127.0.0.1:8019 (Press CTRL+C to quit)
2026-10-09T15:57:42.6009876Z [WebServer] INFO:     Started server process [11680]
2026-10-09T15:57:42.6010292Z [WebServer] INFO:     Waiting for application startup.
2026-10-09T15:57:42.6015059Z [WebServer] INFO:     Application startup complete.
2026-10-09T15:57:42.6017361Z [WebServer] INFO:     Uvicorn running on http://127.0.0.1:8020 (Press CTRL+C to quit)
2026-10-09T15:57:48.2953298Z [WebServer] INFO:     Started server process [11703]
2026-10-09T15:57:48.2954037Z [WebServer] INFO:     Waiting for application startup.
2026-10-09T15:57:48.2962390Z [WebServer] INFO:     Application startup complete.
2026-10-09T15:57:48.2965581Z [WebServer] INFO:     Uvicorn running on http://127.0.0.1:8021 (Press CTRL+C to quit)
2026-10-09T15:57:53.5900570Z [WebServer] INFO:     Started server process [11708]
2026-10-09T15:57:53.5901216Z [WebServer] INFO:     Waiting for application startup.
2026-10-09T15:57:53.5909193Z [WebServer] INFO:     Application startup complete.
2026-10-09T15:57:53.5911869Z [WebServer] INFO:     Uvicorn running on http://127.0.0.1:8022 (Press CTRL+C to quit)
2026-10-09T15:57:59.3478167Z [WebServer] INFO:     Started server process [11730]
2026-10-09T15:57:59.3478649Z [WebServer] INFO:     Waiting for application startup.
2026-10-09T15:57:59.3485786Z [WebServer] INFO:     Application startup complete.
2026-10-09T15:57:59.3488171Z [WebServer] INFO:     Uvicorn running on http://127.0.0.1:8023 (Press CTRL+C to quit)
2026-10-09T15:58:02.2070836Z 
2026-10-09T15:58:02.2071434Z Running 63 tests using 1 worker
2026-10-09T15:58:02.2071704Z 
2026-10-09T15:58:07.4151630Z   ✓   1 [chromium] › tests/e2e/r4-author-added-sources.spec.ts:6:1 › U08 original Research citation is pinned into exact request, excluded and invalidated on replacement (4.7s)
2026-10-09T15:58:13.6522749Z   ✓   2 [chromium] › tests/e2e/r4-author-scope-variants.spec.ts:10:1 › U08 real React source removals and individually reviewed local variant jobs preserve original draft review (6.2s)
2026-10-09T15:58:18.4683916Z   ✓   3 [chromium] › tests/e2e/r4-author-scope-variants.spec.ts:96:1 › U08 identified source exclusion removes dependent summaries from the actual reviewed request (4.8s)
2026-10-09T15:58:25.9875234Z   ✓   4 [chromium] › tests/e2e/r4-author-tasks.spec.ts:18:1 › U07 original author job is reopened from its exact task with original Diff and version guard (7.5s)
2026-10-09T15:58:41.4178997Z   ✓   5 [chromium] › tests/e2e/r4-batch-admission.spec.ts:13:1 › U16 B01 parameters, original broker media receipt, separate review and satisfied-result skip (15.4s)
2026-10-09T15:58:52.7649378Z   ✓   6 [chromium] › tests/e2e/r4-broker.spec.ts:51:1 › R4 broker real API, author executor, cancellation, bounded evidence and draft review navigation (11.3s)
2026-10-09T15:59:09.1483293Z   ✓   7 [chromium] › tests/e2e/r4-change-impact.spec.ts:14:1 › J11 changes affect recorded descendants only; locked outputs survive explicit selected refresh (16.4s)
2026-10-09T15:59:20.6839981Z   ✓   8 [chromium] › tests/e2e/r4-comic-layouts.spec.ts:34:1 › B06: missing art, original image review, CJK bubbles, undo, raster review and byte-identical segmented export (11.5s)
2026-10-09T15:59:23.0688117Z   ✓   9 [chromium] › tests/e2e/r4-continuation-workspace.spec.ts:12:1 › post-interop U03 finds an original Scene and opens its exact source editor without generation (2.4s)
2026-10-09T15:59:25.4783371Z   ✓  10 [chromium] › tests/e2e/r4-continuation-workspace.spec.ts:31:1 › post-interop U07 confirms and cancels an original import then reopens that exact owner (2.4s)
2026-10-09T15:59:27.9144307Z   ✓  11 [chromium] › tests/e2e/r4-continuation-workspace.spec.ts:54:1 › post-interop U02 corrupt draft survives reload until explicit local recovery choice (2.4s)
2026-10-09T15:59:36.4172152Z   ✓  12 [chromium] › tests/e2e/r4-declarative-model.spec.ts:15:1 › B02 exact synthetic model request uses original author broker job and Workflow review without manuscript apply (8.5s)
2026-10-09T15:59:41.6355119Z   ✓  13 [chromium] › tests/e2e/r4-declarative-templates.spec.ts:18:1 › B01/B02 local template copy, declarative authoring, original node execution, review, restart and stale-source rejection (5.2s)
2026-10-09T15:59:45.1654619Z   ✓  14 [chromium] › tests/e2e/r4-director-exchange.spec.ts:28:1 › J14 and A08: draft, original comparison, original approval, actual OTIO download and import round trip (3.5s)
2026-10-09T15:59:48.7152347Z   ✓  15 [chromium] › tests/e2e/r4-first-use.spec.ts:8:1 › U10 original no-key sample, skip/reopen, write/save/reopen and actual TXT download (3.5s)
2026-10-09T15:59:53.3171934Z   ✓  16 [chromium] › tests/e2e/r4-interactive-story.spec.ts:15:1 › B07 real File/React author choices, verify two endings, exact review, independent ZIP and stale-source fence (4.6s)
2026-10-09T16:00:14.2074442Z   ✓  17 [chromium] › tests/e2e/r4-judge-model.spec.ts:16:1 › A03 registered synthetic Judge previews exact evidence, separately sends one original job and persists advisory opinions (20.9s)
2026-10-09T16:00:36.0505442Z   ✓  18 [chromium] › tests/e2e/r4-model-task-reopen.spec.ts:7:1 › Task Center reopens exact original Judge receipt after reload without model replay (21.8s)
2026-10-09T16:00:41.3355970Z   ✓  19 [chromium] › tests/e2e/r4-multilingual-editions.spec.ts:18:1 › B05 real File/React bilingual edition: approved terms, exact paragraphs, UTF-8 RTL export and stale-source recovery (5.3s)
2026-10-09T16:00:51.1532390Z   ✓  20 [chromium] › tests/e2e/r4-multilingual-translation.spec.ts:13:1 › B05 original local synthetic admission: exact segment preview, recover one job, explicit draft adoption and separate review (9.8s)
2026-10-09T16:00:56.9169734Z   ✓  21 [chromium] › tests/e2e/r4-offline-sync.spec.ts:13:1 › B10 actual File/API/React selected exchange, conflict review, receipt and revocation; distinct from two-process TCP suite (5.7s)
2026-10-09T16:01:00.0811236Z   ✓  22 [chromium] › tests/e2e/r4-pause-aware-audio.spec.ts:11:1 › B03 explicit pause-aware PCM preview, actual WAV download, review and stale rejection (3.1s)
2026-10-09T16:01:07.0720610Z   ✓  23 [chromium] › tests/e2e/r4-performance.spec.ts:112:3 › U13 100000 Han project input rendering samples and warm indexed API search (7.0s)
2026-10-09T16:01:13.5002066Z   ✓  24 [chromium] › tests/e2e/r4-performance.spec.ts:112:3 › U13 500000 Han project input rendering samples and warm indexed API search (6.4s)
2026-10-09T16:01:20.6770667Z   ✓  25 [chromium] › tests/e2e/r4-performance.spec.ts:112:3 › U13 1000000 Han project input rendering samples and warm indexed API search (7.2s)
2026-10-09T16:01:23.6296288Z   ✓  26 [chromium] › tests/e2e/r4-performance.spec.ts:179:1 › U13 Chromium composition, Chinese punctuation, Unicode, undo/redo and multiline paste survive save/reopen (2.9s)
2026-10-09T16:01:28.5852786Z   ✓  27 [chromium] › tests/e2e/r4-performance.spec.ts:216:1 › U13 keyboard dialog focus, reduced motion, high contrast and viewport/CSS zoom matrix (4.9s)
2026-10-09T16:01:33.4546940Z   ✓  28 [chromium] › tests/e2e/r4-performance.spec.ts:260:1 › U13 no-model flags-off 100k baseline preserves Chinese editing and blocks index creation (4.9s)
2026-10-09T16:01:52.1547171Z   ✓  29 [chromium] › tests/e2e/r4-portable-batches.spec.ts:13:1 › J15 portable ZIP new-project restore and J10 explicit serial batch without auto dispatch (18.7s)
2026-10-09T16:01:55.0895420Z   ✓  30 [chromium] › tests/e2e/r4-post-interop-creation.spec.ts:13:1 › Post-interop A04/A05 scene boundaries use original planning scenes and hide later knowledge (2.9s)
2026-10-09T16:01:59.4793671Z   ✓  31 [chromium] › tests/e2e/r4-post-interop-creation.spec.ts:42:1 › Post-interop A11 original A/B evidence interpretations persist and reopen without manuscript writes (4.4s)
2026-10-09T16:02:18.8633235Z   ✓  32 [chromium] › tests/e2e/r4-post-interop-creation.spec.ts:63:1 › Post-interop A11 registered local model preview, consent, original job and review-only interpretation (19.4s)
2026-10-09T16:02:41.0402636Z   ✓  33 [chromium] › tests/e2e/r4-post-interop-extended-creation.spec.ts:12:1 › Wave5 accepted translation memory and explicit pinned Universe keep original authority after restart (22.2s)
2026-10-09T16:03:01.7771378Z   ✓  34 [chromium] › tests/e2e/r4-post-interop-media-continuation.spec.ts:15:1 › Wave 4: original Shot picker, persisted brief revision, compare, approve original asset and restart view (20.7s)
2026-10-09T16:03:07.7586007Z   ✓  35 [chromium] › tests/e2e/r4-post-interop-style-judge.spec.ts:51:1 › intentional decisions suppress a fresh exact-evidence finding while saved original-room revision tasks persist (5.9s)
2026-10-09T16:03:11.2459346Z   ✓  36 [chromium] › tests/e2e/r4-post-interop-style-judge.spec.ts:72:1 › two saved style samples retain independent sentence counts and native source positions (3.5s)
2026-10-09T16:03:30.6755435Z   ✓  37 [chromium] › tests/e2e/r4-post-interop-style-model.spec.ts:12:1 › registered Style opinions use exact selected ranges, explicit consent, original job recovery and review-only annotations (19.4s)
2026-10-09T16:03:36.9138464Z   ✓  38 [chromium] › tests/e2e/r4-production.spec.ts:15:1 › R4 asset lineage and manifest replay use real API, existing media review and redacted export (6.2s)
2026-10-09T16:03:56.1477949Z   ✓  39 [chromium] › tests/e2e/r4-project-forks.spec.ts:13:1 › B09 real local fork, rich three-way conflict choice, original CAS merge and checkpoint recovery (19.2s)
2026-10-09T16:04:15.6837414Z   ✓  40 [chromium] › tests/e2e/r4-project-forks.spec.ts:83:1 › B09 real original structured records map references, review rename conflict and restore checkpoint (19.5s)
2026-10-09T16:04:18.9930646Z   ✓  41 [chromium] › tests/e2e/r4-reader-sessions.spec.ts:25:1 › J08 read actual chapters, annotate exact quote, preflight without write, and finish a persisted session (3.3s)
2026-10-09T16:04:43.8487560Z   ✓  42 [chromium] › tests/e2e/r4-registered-media.spec.ts:20:1 › registered original local-image route composes explicit generation, benchmark, selected refresh and observed replay (24.8s)
2026-10-09T16:04:47.2452864Z   ✓  43 [chromium] › tests/e2e/r4-research-library.spec.ts:26:1 › J07 local import, exact citation, original reviewed setting and revocation invalidate all visible derivatives (3.4s)
2026-10-09T16:04:52.0763436Z   ✓  44 [chromium] › tests/e2e/r4-revision-intelligence.spec.ts:18:1 › J03 actual File UI: stale patch rejected, reselected two-block adoption preserves the unapproved rich paragraph and immutable history (4.8s)
2026-10-09T16:04:56.1259159Z   ✓  45 [chromium] › tests/e2e/r4-search.spec.ts:6:1 › U03 real File incremental multi-project search, keyboard navigation, cancel and stale rebuild (4.0s)
2026-10-09T16:05:00.5258986Z   ✓  46 [chromium] › tests/e2e/r4-story-graph.spec.ts:12:1 › A04/A05 real reviewed graph, chapter knowledge boundary, revocation and shell geometry (4.4s)
2026-10-09T16:05:26.0370978Z   ✓  47 [chromium] › tests/e2e/r4-story-simulator-model.spec.ts:13:1 › A01 explicit synthetic local candidates use original character author broker job then manual planning review (25.5s)
2026-10-09T16:05:30.5709401Z   ✓  48 [chromium] › tests/e2e/r4-story-simulator.spec.ts:12:1 › J05 bounded manual comparison, violations, cancellation, pending planning and stale-source recovery (4.5s)
2026-10-09T16:05:36.0538613Z   ✓  49 [chromium] › tests/e2e/r4-structured-search.spec.ts:21:1 › U03 structured results focus original world, rule, graph and asset records without mutations (5.5s)
2026-10-09T16:05:38.2637452Z   ✓  50 [chromium] › tests/e2e/r4-structured-search.spec.ts:57:1 › U03 workflow definitions reopen their exact original owner without creating a run (2.2s)
2026-10-09T16:05:57.9204262Z   ✓  51 [chromium] › tests/e2e/r4-style-judge.spec.ts:72:1 › R4 style draft, real sample counts, approval and explicit previewed use reuse the original STYLE record (19.6s)
2026-10-09T16:06:01.4700970Z   ✓  52 [chromium] › tests/e2e/r4-style-judge.spec.ts:129:1 › R4 exact duplicate evidence supports reasoned ignore and hides stale source results before a fresh check (3.5s)
2026-10-09T16:06:04.3391946Z   ✓  53 [chromium] › tests/e2e/r4-tool-discovery.spec.ts:20:1 › U03/U10 find enabled tools with the keyboard while preserving the current draft (2.9s)
2026-10-09T16:06:09.0764990Z   ✓  54 [chromium] › tests/e2e/r4-wave3-continuation.spec.ts:14:1 › Wave3 real research revision restoration, note editing and unconfigured vector source picker (4.7s)
2026-10-09T16:06:12.6496866Z   ✓  55 [chromium] › tests/e2e/r4-wave4-voice-subtitle.spec.ts:11:1 › B03/B04 real File API voice correction, actual PCM waveform, subtitle edit/split/merge/export and source invalidation (3.6s)
2026-10-09T16:06:16.8003774Z   ✓  56 [chromium] › tests/e2e/r4-wave5-templates-sdk-comics.spec.ts:37:1 › Wave 5: extended read-only templates instantiate an original Agent with durable SDK contract and no dispatch (4.1s)
2026-10-09T16:06:21.8971152Z   ✓  57 [chromium] › tests/e2e/r4-wave5-templates-sdk-comics.spec.ts:73:1 › Wave 5: comic image brief, character appearance, scene chain, restart and source invalidation (5.1s)
2026-10-09T16:06:25.8883327Z   ✓  58 [chromium] › tests/e2e/r4-workspace.spec.ts:46:1 › R4 default-off and acceptance override retain no-model Chinese writing (4.0s)
2026-10-09T16:06:31.9909968Z   ✓  59 [chromium] › tests/e2e/r4-workspace.spec.ts:66:1 › R4 durable offline draft survives reload and preserves both conflict candidates (6.1s)
2026-10-09T16:06:36.5347958Z   ✓  60 [chromium] › tests/e2e/r4-workspace.spec.ts:102:1 › R4 workspace resume, keyboard search and explicit private diagnostic export (4.5s)
2026-10-09T16:06:38.7817934Z   ✓  61 [chromium] › tests/e2e/r4-workspace.spec.ts:126:1 › R4 workflow inspection honestly requires host authority without executing imported data (2.2s)
2026-10-09T16:07:01.3733082Z   ✓  62 [chromium] › tests/e2e/r4-workspace.spec.ts:134:1 › U01 two-project reopen restores the exact chapter, filters and original reference layout (22.6s)
2026-10-09T16:07:06.9659907Z   ✓  63 [chromium] › tests/e2e/r4-writer-room.spec.ts:25:1 › B08 real File/React async assignment, independent-client conflict, original comments and selected-only package (5.6s)
2026-10-09T16:07:07.9356267Z 
2026-10-09T16:07:07.9361390Z   63 passed (9.6m)
2026-10-09T16:07:07.9718651Z ##[group]Run set -o pipefail
2026-10-09T16:07:07.9718904Z [36;1mset -o pipefail[0m
2026-10-09T16:07:07.9719355Z [36;1mpnpm exec playwright test --config playwright.export.config.ts --reporter=list,junit 2>&1 | tee "$CI_RECEIPTS/export-browser.log"[0m
2026-10-09T16:07:07.9780683Z shell: /usr/bin/bash -e {0}
2026-10-09T16:07:07.9780932Z env:
2026-10-09T16:07:07.9781100Z   MOCK_PROVIDER: true
2026-10-09T16:07:07.9781285Z   MOCK_STREAM_DELAY_MS: 0
2026-10-09T16:07:07.9781467Z   ENABLE_CLOUD: false
2026-10-09T16:07:07.9781648Z   CREDENTIAL_VAULT_BACKEND: memory
2026-10-09T16:07:07.9781874Z   CREDENTIAL_VAULT_ALLOW_MEMORY_FALLBACK: true
2026-10-09T16:07:07.9782117Z   PYTHONDONTWRITEBYTECODE: 1
2026-10-09T16:07:07.9782575Z   HF_HUB_OFFLINE: 1
2026-10-09T16:07:07.9782741Z   TRANSFORMERS_OFFLINE: 1
2026-10-09T16:07:07.9783238Z   pythonLocation: /opt/hostedtoolcache/Python/3.12.9/x64
2026-10-09T16:07:07.9783581Z   PKG_CONFIG_PATH: /opt/hostedtoolcache/Python/3.12.9/x64/lib/pkgconfig
2026-10-09T16:07:07.9783946Z   Python_ROOT_DIR: /opt/hostedtoolcache/Python/3.12.9/x64
2026-10-09T16:07:07.9784243Z   Python2_ROOT_DIR: /opt/hostedtoolcache/Python/3.12.9/x64
2026-10-09T16:07:07.9784528Z   Python3_ROOT_DIR: /opt/hostedtoolcache/Python/3.12.9/x64
2026-10-09T16:07:07.9784812Z   LD_LIBRARY_PATH: /opt/hostedtoolcache/Python/3.12.9/x64/lib
2026-10-09T16:07:07.9785102Z   CI_COVERAGE_SHA: 9851bdd2d692df983664bc8f4597fbc05c0e2ceb
2026-10-09T16:07:07.9785385Z   CI_COVERAGE_TREE: cd6989a19e5fd5e2400f2325fe696cae03d8eda7
2026-10-09T16:07:07.9785678Z   CI_SANDBOX: /home/runner/work/_temp/novel-ci-frontend.BG4SNX
2026-10-09T16:07:07.9785992Z   CI_PROJECT: /home/runner/work/_temp/novel-ci-frontend.BG4SNX/project
2026-10-09T16:07:07.9786344Z   CI_RECEIPTS: /home/runner/work/_temp/novel-ci-frontend.BG4SNX/receipts
2026-10-09T16:07:07.9786690Z   HOME: /home/runner/work/_temp/novel-ci-frontend.BG4SNX/home
2026-10-09T16:07:07.9787001Z   USERPROFILE: /home/runner/work/_temp/novel-ci-frontend.BG4SNX/home
2026-10-09T16:07:07.9787337Z   APPDATA: /home/runner/work/_temp/novel-ci-frontend.BG4SNX/appdata
2026-10-09T16:07:07.9787694Z   LOCALAPPDATA: /home/runner/work/_temp/novel-ci-frontend.BG4SNX/localappdata
2026-10-09T16:07:07.9788059Z   XDG_CONFIG_HOME: /home/runner/work/_temp/novel-ci-frontend.BG4SNX/config
2026-10-09T16:07:07.9788409Z   XDG_CACHE_HOME: /home/runner/work/_temp/novel-ci-frontend.BG4SNX/cache
2026-10-09T16:07:07.9788738Z   XDG_DATA_HOME: /home/runner/work/_temp/novel-ci-frontend.BG4SNX/data
2026-10-09T16:07:07.9789072Z   XDG_STATE_HOME: /home/runner/work/_temp/novel-ci-frontend.BG4SNX/state
2026-10-09T16:07:07.9789384Z   TMPDIR: /home/runner/work/_temp/novel-ci-frontend.BG4SNX/tmp
2026-10-09T16:07:07.9789676Z   TMP: /home/runner/work/_temp/novel-ci-frontend.BG4SNX/tmp
2026-10-09T16:07:07.9789963Z   TEMP: /home/runner/work/_temp/novel-ci-frontend.BG4SNX/tmp
2026-10-09T16:07:07.9790273Z   PROJECT_ROOT: /home/runner/work/_temp/novel-ci-frontend.BG4SNX/project
2026-10-09T16:07:07.9790632Z   NOVEL_DATA_PATH: /home/runner/work/_temp/novel-ci-frontend.BG4SNX/data/novels
2026-10-09T16:07:07.9791004Z   BACKUP_PATH: /home/runner/work/_temp/novel-ci-frontend.BG4SNX/data/backups
2026-10-09T16:07:07.9791427Z   DATABASE_BACKUP_PATH: /home/runner/work/_temp/novel-ci-frontend.BG4SNX/data/database-backups
2026-10-09T16:07:07.9791861Z   KNOWLEDGE_SOURCE_PATH: /home/runner/work/_temp/novel-ci-frontend.BG4SNX/data/novels
2026-10-09T16:07:07.9792346Z   AI_NOVEL_STUDIO_PDF_FONT: /home/runner/work/_temp/novel-ci-frontend.BG4SNX/browser-fonts/NotoSansSC-Regular.ttf
2026-10-09T16:07:07.9793067Z   PLAYWRIGHT_JUNIT_OUTPUT_FILE: /home/runner/work/_temp/novel-ci-frontend.BG4SNX/receipts/export-browser.xml
2026-10-09T16:07:07.9793499Z ##[endgroup]
2026-10-09T16:07:11.2538865Z [WebServer] INFO:     Started server process [13352]
2026-10-09T16:07:11.2539523Z [WebServer] INFO:     Waiting for application startup.
2026-10-09T16:07:11.2540381Z [WebServer] INFO:     Application startup complete.
2026-10-09T16:07:11.2541077Z [WebServer] INFO:     Uvicorn running on http://127.0.0.1:8018 (Press CTRL+C to quit)
2026-10-09T16:07:12.5938993Z 
2026-10-09T16:07:12.5939847Z Running 1 test using 1 worker
2026-10-09T16:07:12.5940140Z 
2026-10-09T16:07:14.4120268Z   ✓  1 [chromium] › tests/e2e/export-recovery.spec.ts:4:1 › create, close, reopen, rediscover identical snapshot and download; isolate user and branch (1.2s)
2026-10-09T16:07:14.4716433Z 
2026-10-09T16:07:14.4719720Z   1 passed (5.6s)
2026-10-09T16:07:14.5012569Z ##[group]Run set -o pipefail
2026-10-09T16:07:14.5012814Z [36;1mset -o pipefail[0m
2026-10-09T16:07:14.5014069Z [36;1mpnpm exec playwright test --config playwright.surface.config.ts 2>&1 | tee "$CI_RECEIPTS/functional-surface-browser.log"[0m
2026-10-09T16:07:14.5071689Z shell: /usr/bin/bash -e {0}
2026-10-09T16:07:14.5071891Z env:
2026-10-09T16:07:14.5072054Z   MOCK_PROVIDER: true
2026-10-09T16:07:14.5072231Z   MOCK_STREAM_DELAY_MS: 0
2026-10-09T16:07:14.5072409Z   ENABLE_CLOUD: false
2026-10-09T16:07:14.5072582Z   CREDENTIAL_VAULT_BACKEND: memory
2026-10-09T16:07:14.5072811Z   CREDENTIAL_VAULT_ALLOW_MEMORY_FALLBACK: true
2026-10-09T16:07:14.5073199Z   PYTHONDONTWRITEBYTECODE: 1
2026-10-09T16:07:14.5073390Z   HF_HUB_OFFLINE: 1
2026-10-09T16:07:14.5073561Z   TRANSFORMERS_OFFLINE: 1
2026-10-09T16:07:14.5073790Z   pythonLocation: /opt/hostedtoolcache/Python/3.12.9/x64
2026-10-09T16:07:14.5074109Z   PKG_CONFIG_PATH: /opt/hostedtoolcache/Python/3.12.9/x64/lib/pkgconfig
2026-10-09T16:07:14.5074460Z   Python_ROOT_DIR: /opt/hostedtoolcache/Python/3.12.9/x64
2026-10-09T16:07:14.5074743Z   Python2_ROOT_DIR: /opt/hostedtoolcache/Python/3.12.9/x64
2026-10-09T16:07:14.5075024Z   Python3_ROOT_DIR: /opt/hostedtoolcache/Python/3.12.9/x64
2026-10-09T16:07:14.5075311Z   LD_LIBRARY_PATH: /opt/hostedtoolcache/Python/3.12.9/x64/lib
2026-10-09T16:07:14.5075611Z   CI_COVERAGE_SHA: 9851bdd2d692df983664bc8f4597fbc05c0e2ceb
2026-10-09T16:07:14.5075898Z   CI_COVERAGE_TREE: cd6989a19e5fd5e2400f2325fe696cae03d8eda7
2026-10-09T16:07:14.5076195Z   CI_SANDBOX: /home/runner/work/_temp/novel-ci-frontend.BG4SNX
2026-10-09T16:07:14.5076517Z   CI_PROJECT: /home/runner/work/_temp/novel-ci-frontend.BG4SNX/project
2026-10-09T16:07:14.5076858Z   CI_RECEIPTS: /home/runner/work/_temp/novel-ci-frontend.BG4SNX/receipts
2026-10-09T16:07:14.5077178Z   HOME: /home/runner/work/_temp/novel-ci-frontend.BG4SNX/home
2026-10-09T16:07:14.5077508Z   USERPROFILE: /home/runner/work/_temp/novel-ci-frontend.BG4SNX/home
2026-10-09T16:07:14.5077842Z   APPDATA: /home/runner/work/_temp/novel-ci-frontend.BG4SNX/appdata
2026-10-09T16:07:14.5078199Z   LOCALAPPDATA: /home/runner/work/_temp/novel-ci-frontend.BG4SNX/localappdata
2026-10-09T16:07:14.5078569Z   XDG_CONFIG_HOME: /home/runner/work/_temp/novel-ci-frontend.BG4SNX/config
2026-10-09T16:07:14.5078927Z   XDG_CACHE_HOME: /home/runner/work/_temp/novel-ci-frontend.BG4SNX/cache
2026-10-09T16:07:14.5079269Z   XDG_DATA_HOME: /home/runner/work/_temp/novel-ci-frontend.BG4SNX/data
2026-10-09T16:07:14.5079607Z   XDG_STATE_HOME: /home/runner/work/_temp/novel-ci-frontend.BG4SNX/state
2026-10-09T16:07:14.5079929Z   TMPDIR: /home/runner/work/_temp/novel-ci-frontend.BG4SNX/tmp
2026-10-09T16:07:14.5080221Z   TMP: /home/runner/work/_temp/novel-ci-frontend.BG4SNX/tmp
2026-10-09T16:07:14.5080505Z   TEMP: /home/runner/work/_temp/novel-ci-frontend.BG4SNX/tmp
2026-10-09T16:07:14.5080820Z   PROJECT_ROOT: /home/runner/work/_temp/novel-ci-frontend.BG4SNX/project
2026-10-09T16:07:14.5081186Z   NOVEL_DATA_PATH: /home/runner/work/_temp/novel-ci-frontend.BG4SNX/data/novels
2026-10-09T16:07:14.5081558Z   BACKUP_PATH: /home/runner/work/_temp/novel-ci-frontend.BG4SNX/data/backups
2026-10-09T16:07:14.5081968Z   DATABASE_BACKUP_PATH: /home/runner/work/_temp/novel-ci-frontend.BG4SNX/data/database-backups
2026-10-09T16:07:14.5082411Z   KNOWLEDGE_SOURCE_PATH: /home/runner/work/_temp/novel-ci-frontend.BG4SNX/data/novels
2026-10-09T16:07:14.5083035Z   AI_NOVEL_STUDIO_PDF_FONT: /home/runner/work/_temp/novel-ci-frontend.BG4SNX/browser-fonts/NotoSansSC-Regular.ttf
2026-10-09T16:07:14.5083450Z   SURFACE_PYTHON: python
2026-10-09T16:07:14.5083631Z ##[endgroup]
2026-10-09T16:07:19.4877176Z [WebServer] INFO:     Started server process [13489]
2026-10-09T16:07:19.4877600Z [WebServer] INFO:     Waiting for application startup.
2026-10-09T16:07:19.4880418Z [WebServer] INFO:     Application startup complete.
2026-10-09T16:07:19.4881856Z [WebServer] INFO:     Uvicorn running on http://127.0.0.1:8047 (Press CTRL+C to quit)
2026-10-09T16:07:21.3770766Z 
2026-10-09T16:07:21.3771427Z Running 9 tests using 1 worker
2026-10-09T16:07:21.3771716Z 
2026-10-09T16:07:29.1064330Z   ✓  1 [chromium] › tests/e2e/surface-freeze-adaptation.spec.ts:7:1 › original Adaptation retains conflict drafts, binds human review, and cancels/recoveries without replay (7.1s)
2026-10-09T16:07:34.4060675Z   ✓  2 [chromium] › tests/e2e/surface-freeze-core-story-records.spec.ts:24:3 › core characters original owner saves, conflicts, restores, reviews and recovers with stable identity (5.3s)
2026-10-09T16:07:39.2495910Z   ✓  3 [chromium] › tests/e2e/surface-freeze-core-story-records.spec.ts:24:3 › core locations original owner saves, conflicts, restores, reviews and recovers with stable identity (4.8s)
2026-10-09T16:07:44.3206068Z   ✓  4 [chromium] › tests/e2e/surface-freeze-core-story-records.spec.ts:24:3 › core relationships original owner saves, conflicts, restores, reviews and recovers with stable identity (5.1s)
2026-10-09T16:07:47.6531029Z   ✓  5 [chromium] › tests/e2e/surface-freeze-findings-canon.spec.ts:12:1 › original continuity review persists intentional decisions, rejects stale CAS, and opens exact source history (3.3s)
2026-10-09T16:07:52.2015815Z   ✓  6 [chromium] › tests/e2e/surface-freeze-interaction.spec.ts:6:1 › surface interaction persists preferences, rejects stale CAS and preserves dirty navigation (4.5s)
2026-10-09T16:07:54.4702040Z   ✓  7 [chromium] › tests/e2e/surface-freeze-search-hybrid.spec.ts:4:1 › hybrid Search uses original Story sources and fails honestly without a provider (2.3s)
2026-10-09T16:07:59.3908378Z   ✓  8 [chromium] › tests/e2e/surface-freeze-story-records.spec.ts:21:3 › original timeline editor saves, conflicts, reviews, restores and recovers without a second record store (4.9s)
2026-10-09T16:08:03.9849421Z   ✓  9 [chromium] › tests/e2e/surface-freeze-story-records.spec.ts:21:3 › original foreshadowing editor saves, conflicts, reviews, restores and recovers without a second record store (4.6s)
2026-10-09T16:08:04.1228335Z 
2026-10-09T16:08:04.1231590Z   9 passed (48.7s)
2026-10-09T16:08:04.1458972Z ##[group]Run set -o pipefail
2026-10-09T16:08:04.1459209Z [36;1mset -o pipefail[0m
2026-10-09T16:08:04.1459648Z [36;1mpnpm exec playwright test --config playwright.branch-surface.config.ts 2>&1 | tee "$CI_RECEIPTS/branch-surface-browser.log"[0m
2026-10-09T16:08:04.1516258Z shell: /usr/bin/bash -e {0}
2026-10-09T16:08:04.1516462Z env:
2026-10-09T16:08:04.1516621Z   MOCK_PROVIDER: true
2026-10-09T16:08:04.1516802Z   MOCK_STREAM_DELAY_MS: 0
2026-10-09T16:08:04.1516984Z   ENABLE_CLOUD: false
2026-10-09T16:08:04.1517162Z   CREDENTIAL_VAULT_BACKEND: memory
2026-10-09T16:08:04.1517396Z   CREDENTIAL_VAULT_ALLOW_MEMORY_FALLBACK: true
2026-10-09T16:08:04.1517635Z   PYTHONDONTWRITEBYTECODE: 1
2026-10-09T16:08:04.1517822Z   HF_HUB_OFFLINE: 1
2026-10-09T16:08:04.1517984Z   TRANSFORMERS_OFFLINE: 1
2026-10-09T16:08:04.1518209Z   pythonLocation: /opt/hostedtoolcache/Python/3.12.9/x64
2026-10-09T16:08:04.1518538Z   PKG_CONFIG_PATH: /opt/hostedtoolcache/Python/3.12.9/x64/lib/pkgconfig
2026-10-09T16:08:04.1518892Z   Python_ROOT_DIR: /opt/hostedtoolcache/Python/3.12.9/x64
2026-10-09T16:08:04.1519179Z   Python2_ROOT_DIR: /opt/hostedtoolcache/Python/3.12.9/x64
2026-10-09T16:08:04.1519453Z   Python3_ROOT_DIR: /opt/hostedtoolcache/Python/3.12.9/x64
2026-10-09T16:08:04.1519742Z   LD_LIBRARY_PATH: /opt/hostedtoolcache/Python/3.12.9/x64/lib
2026-10-09T16:08:04.1520030Z   CI_COVERAGE_SHA: 9851bdd2d692df983664bc8f4597fbc05c0e2ceb
2026-10-09T16:08:04.1520309Z   CI_COVERAGE_TREE: cd6989a19e5fd5e2400f2325fe696cae03d8eda7
2026-10-09T16:08:04.1520613Z   CI_SANDBOX: /home/runner/work/_temp/novel-ci-frontend.BG4SNX
2026-10-09T16:08:04.1520939Z   CI_PROJECT: /home/runner/work/_temp/novel-ci-frontend.BG4SNX/project
2026-10-09T16:08:04.1521280Z   CI_RECEIPTS: /home/runner/work/_temp/novel-ci-frontend.BG4SNX/receipts
2026-10-09T16:08:04.1521607Z   HOME: /home/runner/work/_temp/novel-ci-frontend.BG4SNX/home
2026-10-09T16:08:04.1521922Z   USERPROFILE: /home/runner/work/_temp/novel-ci-frontend.BG4SNX/home
2026-10-09T16:08:04.1522253Z   APPDATA: /home/runner/work/_temp/novel-ci-frontend.BG4SNX/appdata
2026-10-09T16:08:04.1522606Z   LOCALAPPDATA: /home/runner/work/_temp/novel-ci-frontend.BG4SNX/localappdata
2026-10-09T16:08:04.1523121Z   XDG_CONFIG_HOME: /home/runner/work/_temp/novel-ci-frontend.BG4SNX/config
2026-10-09T16:08:04.1523644Z   XDG_CACHE_HOME: /home/runner/work/_temp/novel-ci-frontend.BG4SNX/cache
2026-10-09T16:08:04.1523986Z   XDG_DATA_HOME: /home/runner/work/_temp/novel-ci-frontend.BG4SNX/data
2026-10-09T16:08:04.1524316Z   XDG_STATE_HOME: /home/runner/work/_temp/novel-ci-frontend.BG4SNX/state
2026-10-09T16:08:04.1524634Z   TMPDIR: /home/runner/work/_temp/novel-ci-frontend.BG4SNX/tmp
2026-10-09T16:08:04.1524930Z   TMP: /home/runner/work/_temp/novel-ci-frontend.BG4SNX/tmp
2026-10-09T16:08:04.1525213Z   TEMP: /home/runner/work/_temp/novel-ci-frontend.BG4SNX/tmp
2026-10-09T16:08:04.1525528Z   PROJECT_ROOT: /home/runner/work/_temp/novel-ci-frontend.BG4SNX/project
2026-10-09T16:08:04.1525897Z   NOVEL_DATA_PATH: /home/runner/work/_temp/novel-ci-frontend.BG4SNX/data/novels
2026-10-09T16:08:04.1526269Z   BACKUP_PATH: /home/runner/work/_temp/novel-ci-frontend.BG4SNX/data/backups
2026-10-09T16:08:04.1526675Z   DATABASE_BACKUP_PATH: /home/runner/work/_temp/novel-ci-frontend.BG4SNX/data/database-backups
2026-10-09T16:08:04.1527115Z   KNOWLEDGE_SOURCE_PATH: /home/runner/work/_temp/novel-ci-frontend.BG4SNX/data/novels
2026-10-09T16:08:04.1527594Z   AI_NOVEL_STUDIO_PDF_FONT: /home/runner/work/_temp/novel-ci-frontend.BG4SNX/browser-fonts/NotoSansSC-Regular.ttf
2026-10-09T16:08:04.1527973Z   SURFACE_PYTHON: python
2026-10-09T16:08:04.1528151Z ##[endgroup]
2026-10-09T16:08:10.8020880Z 
2026-10-09T16:08:10.8021840Z Running 1 test using 1 worker
2026-10-09T16:08:10.8022132Z 
2026-10-09T16:08:20.9816670Z   ✓  1 [chromium] › tests/e2e/branch-manuscript-live.spec.ts:20:1 › two real browser writers retain branch CAS conflict and fork with no mainline overwrite (9.6s)
2026-10-09T16:08:21.0741265Z 
2026-10-09T16:08:21.0745263Z   1 passed (16.1s)
2026-10-09T16:08:21.0984285Z ##[group]Run python3 .github/ci/receipt.py "$CI_RECEIPTS"
2026-10-09T16:08:21.0984623Z [36;1mpython3 .github/ci/receipt.py "$CI_RECEIPTS"[0m
2026-10-09T16:08:21.1041824Z shell: /usr/bin/bash -e {0}
2026-10-09T16:08:21.1042031Z env:
2026-10-09T16:08:21.1042205Z   MOCK_PROVIDER: true
2026-10-09T16:08:21.1042383Z   MOCK_STREAM_DELAY_MS: 0
2026-10-09T16:08:21.1042559Z   ENABLE_CLOUD: false
2026-10-09T16:08:21.1042730Z   CREDENTIAL_VAULT_BACKEND: memory
2026-10-09T16:08:21.1043120Z   CREDENTIAL_VAULT_ALLOW_MEMORY_FALLBACK: true
2026-10-09T16:08:21.1043363Z   PYTHONDONTWRITEBYTECODE: 1
2026-10-09T16:08:21.1043549Z   HF_HUB_OFFLINE: 1
2026-10-09T16:08:21.1043712Z   TRANSFORMERS_OFFLINE: 1
2026-10-09T16:08:21.1043934Z   pythonLocation: /opt/hostedtoolcache/Python/3.12.9/x64
2026-10-09T16:08:21.1044259Z   PKG_CONFIG_PATH: /opt/hostedtoolcache/Python/3.12.9/x64/lib/pkgconfig
2026-10-09T16:08:21.1044567Z   Python_ROOT_DIR: /opt/hostedtoolcache/Python/3.12.9/x64
2026-10-09T16:08:21.1044871Z   Python2_ROOT_DIR: /opt/hostedtoolcache/Python/3.12.9/x64
2026-10-09T16:08:21.1045152Z   Python3_ROOT_DIR: /opt/hostedtoolcache/Python/3.12.9/x64
2026-10-09T16:08:21.1045430Z   LD_LIBRARY_PATH: /opt/hostedtoolcache/Python/3.12.9/x64/lib
2026-10-09T16:08:21.1045719Z   CI_COVERAGE_SHA: 9851bdd2d692df983664bc8f4597fbc05c0e2ceb
2026-10-09T16:08:21.1046002Z   CI_COVERAGE_TREE: cd6989a19e5fd5e2400f2325fe696cae03d8eda7
2026-10-09T16:08:21.1046292Z   CI_SANDBOX: /home/runner/work/_temp/novel-ci-frontend.BG4SNX
2026-10-09T16:08:21.1046610Z   CI_PROJECT: /home/runner/work/_temp/novel-ci-frontend.BG4SNX/project
2026-10-09T16:08:21.1046956Z   CI_RECEIPTS: /home/runner/work/_temp/novel-ci-frontend.BG4SNX/receipts
2026-10-09T16:08:21.1047279Z   HOME: /home/runner/work/_temp/novel-ci-frontend.BG4SNX/home
2026-10-09T16:08:21.1047587Z   USERPROFILE: /home/runner/work/_temp/novel-ci-frontend.BG4SNX/home
2026-10-09T16:08:21.1047914Z   APPDATA: /home/runner/work/_temp/novel-ci-frontend.BG4SNX/appdata
2026-10-09T16:08:21.1048268Z   LOCALAPPDATA: /home/runner/work/_temp/novel-ci-frontend.BG4SNX/localappdata
2026-10-09T16:08:21.1048639Z   XDG_CONFIG_HOME: /home/runner/work/_temp/novel-ci-frontend.BG4SNX/config
2026-10-09T16:08:21.1048985Z   XDG_CACHE_HOME: /home/runner/work/_temp/novel-ci-frontend.BG4SNX/cache
2026-10-09T16:08:21.1049501Z   XDG_DATA_HOME: /home/runner/work/_temp/novel-ci-frontend.BG4SNX/data
2026-10-09T16:08:21.1049838Z   XDG_STATE_HOME: /home/runner/work/_temp/novel-ci-frontend.BG4SNX/state
2026-10-09T16:08:21.1050160Z   TMPDIR: /home/runner/work/_temp/novel-ci-frontend.BG4SNX/tmp
2026-10-09T16:08:21.1050451Z   TMP: /home/runner/work/_temp/novel-ci-frontend.BG4SNX/tmp
2026-10-09T16:08:21.1050734Z   TEMP: /home/runner/work/_temp/novel-ci-frontend.BG4SNX/tmp
2026-10-09T16:08:21.1051042Z   PROJECT_ROOT: /home/runner/work/_temp/novel-ci-frontend.BG4SNX/project
2026-10-09T16:08:21.1051399Z   NOVEL_DATA_PATH: /home/runner/work/_temp/novel-ci-frontend.BG4SNX/data/novels
2026-10-09T16:08:21.1051769Z   BACKUP_PATH: /home/runner/work/_temp/novel-ci-frontend.BG4SNX/data/backups
2026-10-09T16:08:21.1052179Z   DATABASE_BACKUP_PATH: /home/runner/work/_temp/novel-ci-frontend.BG4SNX/data/database-backups
2026-10-09T16:08:21.1052613Z   KNOWLEDGE_SOURCE_PATH: /home/runner/work/_temp/novel-ci-frontend.BG4SNX/data/novels
2026-10-09T16:08:21.1053319Z   AI_NOVEL_STUDIO_PDF_FONT: /home/runner/work/_temp/novel-ci-frontend.BG4SNX/browser-fonts/NotoSansSC-Regular.ttf
2026-10-09T16:08:21.1053709Z ##[endgroup]
2026-10-09T16:08:21.2454360Z {
2026-10-09T16:08:21.2455699Z   "revision": "checked_out_sha=9851bdd2d692df983664bc8f4597fbc05c0e2ceb\nevent_sha=9851bdd2d692df983664bc8f4597fbc05c0e2ceb\nrun_url=https://github.com/1785235376-blip/AI-Novel-Studio/actions/runs/37954818267\njob=frontend\nplatform=Linux; native Windows host/AppContainer/installer=NOT RUN\n",
2026-10-09T16:08:21.2457185Z   "test_reports": {
2026-10-09T16:08:21.2457495Z     "branch-surface-browser.xml": {
2026-10-09T16:08:21.2457814Z       "tests": 1,
2026-10-09T16:08:21.2458369Z       "failures": 0,
2026-10-09T16:08:21.2458620Z       "errors": 0,
2026-10-09T16:08:21.2458860Z       "skipped": 0
2026-10-09T16:08:21.2459088Z     },
2026-10-09T16:08:21.2459314Z     "business.xml": {
2026-10-09T16:08:21.2459565Z       "tests": 2,
2026-10-09T16:08:21.2459824Z       "failures": 0,
2026-10-09T16:08:21.2460064Z       "errors": 0,
2026-10-09T16:08:21.2460298Z       "skipped": 0
2026-10-09T16:08:21.2460522Z     },
2026-10-09T16:08:21.2460750Z     "experimental.xml": {
2026-10-09T16:08:21.2461017Z       "tests": 7,
2026-10-09T16:08:21.2461198Z       "failures": 0,
2026-10-09T16:08:21.2461362Z       "errors": 0,
2026-10-09T16:08:21.2461519Z       "skipped": 0
2026-10-09T16:08:21.2461673Z     },
2026-10-09T16:08:21.2461828Z     "export-browser.xml": {
2026-10-09T16:08:21.2462014Z       "tests": 1,
2026-10-09T16:08:21.2462176Z       "failures": 0,
2026-10-09T16:08:21.2462340Z       "errors": 0,
2026-10-09T16:08:21.2462496Z       "skipped": 0
2026-10-09T16:08:21.2462645Z     },
2026-10-09T16:08:21.2462794Z     "frontend.xml": {
2026-10-09T16:08:21.2463173Z       "tests": 1989,
2026-10-09T16:08:21.2463365Z       "failures": 0,
2026-10-09T16:08:21.2463520Z       "errors": 0,
2026-10-09T16:08:21.2463670Z       "skipped": 8
2026-10-09T16:08:21.2463817Z     },
2026-10-09T16:08:21.2464005Z     "functional-surface-browser.xml": {
2026-10-09T16:08:21.2464219Z       "tests": 9,
2026-10-09T16:08:21.2464393Z       "failures": 0,
2026-10-09T16:08:21.2464561Z       "errors": 0,
2026-10-09T16:08:21.2464722Z       "skipped": 0
2026-10-09T16:08:21.2464872Z     },
2026-10-09T16:08:21.2465022Z     "geometry.xml": {
2026-10-09T16:08:21.2465207Z       "tests": 9,
2026-10-09T16:08:21.2465367Z       "failures": 0,
2026-10-09T16:08:21.2465523Z       "errors": 0,
2026-10-09T16:08:21.2465677Z       "skipped": 0
2026-10-09T16:08:21.2465826Z     },
2026-10-09T16:08:21.2465968Z     "r4-ux.xml": {
2026-10-09T16:08:21.2466120Z       "tests": 63,
2026-10-09T16:08:21.2466279Z       "failures": 0,
2026-10-09T16:08:21.2466438Z       "errors": 0,
2026-10-09T16:08:21.2466590Z       "skipped": 0
2026-10-09T16:08:21.2466741Z     }
2026-10-09T16:08:21.2466881Z   },
2026-10-09T16:08:21.2467053Z   "report_status": "RECORDED",
2026-10-09T16:08:21.2467325Z   "native_windows_host_appcontainer_installer": "NOT RUN",
2026-10-09T16:08:21.2467807Z   "real_model_and_paid_provider_execution": "NOT RUN"
2026-10-09T16:08:21.2468035Z }
2026-10-09T16:08:21.2468121Z 
2026-10-09T16:08:21.2548703Z ##[group]Run python3 .github/ci/screenshots.py --root "$CI_PROJECT/frontend/test-results" --output "$CI_RECEIPTS/png-evidence" --source "9851bdd2d692df983664bc8f4597fbc05c0e2ceb"
2026-10-09T16:08:21.2549613Z [36;1mpython3 .github/ci/screenshots.py --root "$CI_PROJECT/frontend/test-results" --output "$CI_RECEIPTS/png-evidence" --source "9851bdd2d692df983664bc8f4597fbc05c0e2ceb"[0m
2026-10-09T16:08:21.2606505Z shell: /usr/bin/bash -e {0}
2026-10-09T16:08:21.2606704Z env:
2026-10-09T16:08:21.2606860Z   MOCK_PROVIDER: true
2026-10-09T16:08:21.2607036Z   MOCK_STREAM_DELAY_MS: 0
2026-10-09T16:08:21.2607213Z   ENABLE_CLOUD: false
2026-10-09T16:08:21.2607390Z   CREDENTIAL_VAULT_BACKEND: memory
2026-10-09T16:08:21.2607622Z   CREDENTIAL_VAULT_ALLOW_MEMORY_FALLBACK: true
2026-10-09T16:08:21.2607858Z   PYTHONDONTWRITEBYTECODE: 1
2026-10-09T16:08:21.2608062Z   HF_HUB_OFFLINE: 1
2026-10-09T16:08:21.2608224Z   TRANSFORMERS_OFFLINE: 1
2026-10-09T16:08:21.2608470Z   pythonLocation: /opt/hostedtoolcache/Python/3.12.9/x64
2026-10-09T16:08:21.2608794Z   PKG_CONFIG_PATH: /opt/hostedtoolcache/Python/3.12.9/x64/lib/pkgconfig
2026-10-09T16:08:21.2609115Z   Python_ROOT_DIR: /opt/hostedtoolcache/Python/3.12.9/x64
2026-10-09T16:08:21.2609398Z   Python2_ROOT_DIR: /opt/hostedtoolcache/Python/3.12.9/x64
2026-10-09T16:08:21.2609689Z   Python3_ROOT_DIR: /opt/hostedtoolcache/Python/3.12.9/x64
2026-10-09T16:08:21.2609983Z   LD_LIBRARY_PATH: /opt/hostedtoolcache/Python/3.12.9/x64/lib
2026-10-09T16:08:21.2610284Z   CI_COVERAGE_SHA: 9851bdd2d692df983664bc8f4597fbc05c0e2ceb
2026-10-09T16:08:21.2610568Z   CI_COVERAGE_TREE: cd6989a19e5fd5e2400f2325fe696cae03d8eda7
2026-10-09T16:08:21.2610864Z   CI_SANDBOX: /home/runner/work/_temp/novel-ci-frontend.BG4SNX
2026-10-09T16:08:21.2611184Z   CI_PROJECT: /home/runner/work/_temp/novel-ci-frontend.BG4SNX/project
2026-10-09T16:08:21.2611528Z   CI_RECEIPTS: /home/runner/work/_temp/novel-ci-frontend.BG4SNX/receipts
2026-10-09T16:08:21.2611859Z   HOME: /home/runner/work/_temp/novel-ci-frontend.BG4SNX/home
2026-10-09T16:08:21.2612173Z   USERPROFILE: /home/runner/work/_temp/novel-ci-frontend.BG4SNX/home
2026-10-09T16:08:21.2612505Z   APPDATA: /home/runner/work/_temp/novel-ci-frontend.BG4SNX/appdata
2026-10-09T16:08:21.2612863Z   LOCALAPPDATA: /home/runner/work/_temp/novel-ci-frontend.BG4SNX/localappdata
2026-10-09T16:08:21.2613505Z   XDG_CONFIG_HOME: /home/runner/work/_temp/novel-ci-frontend.BG4SNX/config
2026-10-09T16:08:21.2613857Z   XDG_CACHE_HOME: /home/runner/work/_temp/novel-ci-frontend.BG4SNX/cache
2026-10-09T16:08:21.2614197Z   XDG_DATA_HOME: /home/runner/work/_temp/novel-ci-frontend.BG4SNX/data
2026-10-09T16:08:21.2614532Z   XDG_STATE_HOME: /home/runner/work/_temp/novel-ci-frontend.BG4SNX/state
2026-10-09T16:08:21.2614859Z   TMPDIR: /home/runner/work/_temp/novel-ci-frontend.BG4SNX/tmp
2026-10-09T16:08:21.2615154Z   TMP: /home/runner/work/_temp/novel-ci-frontend.BG4SNX/tmp
2026-10-09T16:08:21.2615455Z   TEMP: /home/runner/work/_temp/novel-ci-frontend.BG4SNX/tmp
2026-10-09T16:08:21.2615774Z   PROJECT_ROOT: /home/runner/work/_temp/novel-ci-frontend.BG4SNX/project
2026-10-09T16:08:21.2616137Z   NOVEL_DATA_PATH: /home/runner/work/_temp/novel-ci-frontend.BG4SNX/data/novels
2026-10-09T16:08:21.2616521Z   BACKUP_PATH: /home/runner/work/_temp/novel-ci-frontend.BG4SNX/data/backups
2026-10-09T16:08:21.2616931Z   DATABASE_BACKUP_PATH: /home/runner/work/_temp/novel-ci-frontend.BG4SNX/data/database-backups
2026-10-09T16:08:21.2617371Z   KNOWLEDGE_SOURCE_PATH: /home/runner/work/_temp/novel-ci-frontend.BG4SNX/data/novels
2026-10-09T16:08:21.2617861Z   AI_NOVEL_STUDIO_PDF_FONT: /home/runner/work/_temp/novel-ci-frontend.BG4SNX/browser-fonts/NotoSansSC-Regular.ttf
2026-10-09T16:08:21.2618241Z ##[endgroup]
2026-10-09T16:08:21.5029205Z {"source_sha": "9851bdd2d692df983664bc8f4597fbc05c0e2ceb", "parts": 2, "png_count": 224}
2026-10-09T16:08:21.5155222Z ##[group]Run actions/upload-artifact@v4.6.2
2026-10-09T16:08:21.5155619Z with:
2026-10-09T16:08:21.5155845Z   name: frontend-png-1-9851bdd2d692df983664bc8f4597fbc05c0e2ceb
2026-10-09T16:08:21.5156229Z   path: /home/runner/work/_temp/novel-ci-frontend.BG4SNX/receipts/png-evidence/part-1
2026-10-09T16:08:21.5156550Z   if-no-files-found: error
2026-10-09T16:08:21.5156741Z   retention-days: 14
2026-10-09T16:08:21.5156913Z   compression-level: 6
2026-10-09T16:08:21.5157081Z   overwrite: false
2026-10-09T16:08:21.5157248Z   include-hidden-files: false
2026-10-09T16:08:21.5157429Z env:
2026-10-09T16:08:21.5157576Z   MOCK_PROVIDER: true
2026-10-09T16:08:21.5157749Z   MOCK_STREAM_DELAY_MS: 0
2026-10-09T16:08:21.5157925Z   ENABLE_CLOUD: false
2026-10-09T16:08:21.5158099Z   CREDENTIAL_VAULT_BACKEND: memory
2026-10-09T16:08:21.5158320Z   CREDENTIAL_VAULT_ALLOW_MEMORY_FALLBACK: true
2026-10-09T16:08:21.5158546Z   PYTHONDONTWRITEBYTECODE: 1
2026-10-09T16:08:21.5158734Z   HF_HUB_OFFLINE: 1
2026-10-09T16:08:21.5158921Z   TRANSFORMERS_OFFLINE: 1
2026-10-09T16:08:21.5159152Z   pythonLocation: /opt/hostedtoolcache/Python/3.12.9/x64
2026-10-09T16:08:21.5159479Z   PKG_CONFIG_PATH: /opt/hostedtoolcache/Python/3.12.9/x64/lib/pkgconfig
2026-10-09T16:08:21.5159790Z   Python_ROOT_DIR: /opt/hostedtoolcache/Python/3.12.9/x64
2026-10-09T16:08:21.5160067Z   Python2_ROOT_DIR: /opt/hostedtoolcache/Python/3.12.9/x64
2026-10-09T16:08:21.5160342Z   Python3_ROOT_DIR: /opt/hostedtoolcache/Python/3.12.9/x64
2026-10-09T16:08:21.5160623Z   LD_LIBRARY_PATH: /opt/hostedtoolcache/Python/3.12.9/x64/lib
2026-10-09T16:08:21.5160913Z   CI_COVERAGE_SHA: 9851bdd2d692df983664bc8f4597fbc05c0e2ceb
2026-10-09T16:08:21.5161192Z   CI_COVERAGE_TREE: cd6989a19e5fd5e2400f2325fe696cae03d8eda7
2026-10-09T16:08:21.5161485Z   CI_SANDBOX: /home/runner/work/_temp/novel-ci-frontend.BG4SNX
2026-10-09T16:08:21.5161801Z   CI_PROJECT: /home/runner/work/_temp/novel-ci-frontend.BG4SNX/project
2026-10-09T16:08:21.5162145Z   CI_RECEIPTS: /home/runner/work/_temp/novel-ci-frontend.BG4SNX/receipts
2026-10-09T16:08:21.5162469Z   HOME: /home/runner/work/_temp/novel-ci-frontend.BG4SNX/home
2026-10-09T16:08:21.5162784Z   USERPROFILE: /home/runner/work/_temp/novel-ci-frontend.BG4SNX/home
2026-10-09T16:08:21.5163304Z   APPDATA: /home/runner/work/_temp/novel-ci-frontend.BG4SNX/appdata
2026-10-09T16:08:21.5163707Z   LOCALAPPDATA: /home/runner/work/_temp/novel-ci-frontend.BG4SNX/localappdata
2026-10-09T16:08:21.5164078Z   XDG_CONFIG_HOME: /home/runner/work/_temp/novel-ci-frontend.BG4SNX/config
2026-10-09T16:08:21.5164437Z   XDG_CACHE_HOME: /home/runner/work/_temp/novel-ci-frontend.BG4SNX/cache
2026-10-09T16:08:21.5164789Z   XDG_DATA_HOME: /home/runner/work/_temp/novel-ci-frontend.BG4SNX/data
2026-10-09T16:08:21.5165123Z   XDG_STATE_HOME: /home/runner/work/_temp/novel-ci-frontend.BG4SNX/state
2026-10-09T16:08:21.5165448Z   TMPDIR: /home/runner/work/_temp/novel-ci-frontend.BG4SNX/tmp
2026-10-09T16:08:21.5165755Z   TMP: /home/runner/work/_temp/novel-ci-frontend.BG4SNX/tmp
2026-10-09T16:08:21.5166058Z   TEMP: /home/runner/work/_temp/novel-ci-frontend.BG4SNX/tmp
2026-10-09T16:08:21.5166379Z   PROJECT_ROOT: /home/runner/work/_temp/novel-ci-frontend.BG4SNX/project
2026-10-09T16:08:21.5166748Z   NOVEL_DATA_PATH: /home/runner/work/_temp/novel-ci-frontend.BG4SNX/data/novels
2026-10-09T16:08:21.5167131Z   BACKUP_PATH: /home/runner/work/_temp/novel-ci-frontend.BG4SNX/data/backups
2026-10-09T16:08:21.5167544Z   DATABASE_BACKUP_PATH: /home/runner/work/_temp/novel-ci-frontend.BG4SNX/data/database-backups
2026-10-09T16:08:21.5168014Z   KNOWLEDGE_SOURCE_PATH: /home/runner/work/_temp/novel-ci-frontend.BG4SNX/data/novels
2026-10-09T16:08:21.5168503Z   AI_NOVEL_STUDIO_PDF_FONT: /home/runner/work/_temp/novel-ci-frontend.BG4SNX/browser-fonts/NotoSansSC-Regular.ttf
2026-10-09T16:08:21.5168902Z ##[endgroup]
2026-10-09T16:08:21.6510407Z (node:13888) [DEP0040] DeprecationWarning: The `punycode` module is deprecated. Please use a userland alternative instead.
2026-10-09T16:08:21.6511334Z (Use `node --trace-deprecation ...` to show where the warning was created)
2026-10-09T16:08:21.6832505Z With the provided path, there will be 136 files uploaded
2026-10-09T16:08:21.6837470Z Artifact name is valid!
2026-10-09T16:08:21.6837995Z Root directory input is valid!
2026-10-09T16:08:22.0520219Z Beginning upload of artifact content to blob storage
2026-10-09T16:08:22.3252864Z (node:13888) [DEP0169] DeprecationWarning: `url.parse()` behavior is not standardized and prone to errors that have security implications. Use the WHATWG URL API instead. CVEs are not issued for `url.parse()` vulnerabilities.
2026-10-09T16:08:23.0623749Z Uploaded bytes 8388608
2026-10-09T16:08:23.3196877Z Uploaded bytes 16777216
2026-10-09T16:08:23.5936063Z Uploaded bytes 24270182
2026-10-09T16:08:23.6564319Z Finished uploading artifact content to blob storage!
2026-10-09T16:08:23.6566801Z SHA256 digest of uploaded artifact zip is 37ca93658012ed6bf937024b5ebb13a00e0ae94c8b9928eb99b2de1fc19c6f08
2026-10-09T16:08:23.6568755Z Finalizing artifact upload
2026-10-09T16:08:23.9368899Z Artifact frontend-png-1-9851bdd2d692df983664bc8f4597fbc05c0e2ceb.zip successfully finalized. Artifact ID 11628865885
2026-10-09T16:08:23.9369959Z Artifact frontend-png-1-9851bdd2d692df983664bc8f4597fbc05c0e2ceb has been successfully uploaded! Final size is 24270182 bytes. Artifact ID is 11628865885
2026-10-09T16:08:23.9376556Z Artifact download URL: https://github.com/1785235376-blip/AI-Novel-Studio/actions/runs/37954818267/artifacts/11628865885
2026-10-09T16:08:23.9539223Z ##[group]Run actions/upload-artifact@v4.6.2
2026-10-09T16:08:23.9539469Z with:
2026-10-09T16:08:23.9539699Z   name: frontend-png-2-9851bdd2d692df983664bc8f4597fbc05c0e2ceb
2026-10-09T16:08:23.9540092Z   path: /home/runner/work/_temp/novel-ci-frontend.BG4SNX/receipts/png-evidence/part-2
2026-10-09T16:08:23.9540427Z   if-no-files-found: error
2026-10-09T16:08:23.9540614Z   retention-days: 14
2026-10-09T16:08:23.9540791Z   compression-level: 6
2026-10-09T16:08:23.9540966Z   overwrite: false
2026-10-09T16:08:23.9541146Z   include-hidden-files: false
2026-10-09T16:08:23.9541346Z env:
2026-10-09T16:08:23.9541499Z   MOCK_PROVIDER: true
2026-10-09T16:08:23.9541673Z   MOCK_STREAM_DELAY_MS: 0
2026-10-09T16:08:23.9541853Z   ENABLE_CLOUD: false
2026-10-09T16:08:23.9542033Z   CREDENTIAL_VAULT_BACKEND: memory
2026-10-09T16:08:23.9542261Z   CREDENTIAL_VAULT_ALLOW_MEMORY_FALLBACK: true
2026-10-09T16:08:23.9542495Z   PYTHONDONTWRITEBYTECODE: 1
2026-10-09T16:08:23.9542687Z   HF_HUB_OFFLINE: 1
2026-10-09T16:08:23.9543111Z   TRANSFORMERS_OFFLINE: 1
2026-10-09T16:08:23.9543358Z   pythonLocation: /opt/hostedtoolcache/Python/3.12.9/x64
2026-10-09T16:08:23.9543685Z   PKG_CONFIG_PATH: /opt/hostedtoolcache/Python/3.12.9/x64/lib/pkgconfig
2026-10-09T16:08:23.9544002Z   Python_ROOT_DIR: /opt/hostedtoolcache/Python/3.12.9/x64
2026-10-09T16:08:23.9544289Z   Python2_ROOT_DIR: /opt/hostedtoolcache/Python/3.12.9/x64
2026-10-09T16:08:23.9544578Z   Python3_ROOT_DIR: /opt/hostedtoolcache/Python/3.12.9/x64
2026-10-09T16:08:23.9544864Z   LD_LIBRARY_PATH: /opt/hostedtoolcache/Python/3.12.9/x64/lib
2026-10-09T16:08:23.9545163Z   CI_COVERAGE_SHA: 9851bdd2d692df983664bc8f4597fbc05c0e2ceb
2026-10-09T16:08:23.9545455Z   CI_COVERAGE_TREE: cd6989a19e5fd5e2400f2325fe696cae03d8eda7
2026-10-09T16:08:23.9545759Z   CI_SANDBOX: /home/runner/work/_temp/novel-ci-frontend.BG4SNX
2026-10-09T16:08:23.9546079Z   CI_PROJECT: /home/runner/work/_temp/novel-ci-frontend.BG4SNX/project
2026-10-09T16:08:23.9546429Z   CI_RECEIPTS: /home/runner/work/_temp/novel-ci-frontend.BG4SNX/receipts
2026-10-09T16:08:23.9546760Z   HOME: /home/runner/work/_temp/novel-ci-frontend.BG4SNX/home
2026-10-09T16:08:23.9547080Z   USERPROFILE: /home/runner/work/_temp/novel-ci-frontend.BG4SNX/home
2026-10-09T16:08:23.9547415Z   APPDATA: /home/runner/work/_temp/novel-ci-frontend.BG4SNX/appdata
2026-10-09T16:08:23.9547774Z   LOCALAPPDATA: /home/runner/work/_temp/novel-ci-frontend.BG4SNX/localappdata
2026-10-09T16:08:23.9548151Z   XDG_CONFIG_HOME: /home/runner/work/_temp/novel-ci-frontend.BG4SNX/config
2026-10-09T16:08:23.9548500Z   XDG_CACHE_HOME: /home/runner/work/_temp/novel-ci-frontend.BG4SNX/cache
2026-10-09T16:08:23.9549042Z   XDG_DATA_HOME: /home/runner/work/_temp/novel-ci-frontend.BG4SNX/data
2026-10-09T16:08:23.9549381Z   XDG_STATE_HOME: /home/runner/work/_temp/novel-ci-frontend.BG4SNX/state
2026-10-09T16:08:23.9549705Z   TMPDIR: /home/runner/work/_temp/novel-ci-frontend.BG4SNX/tmp
2026-10-09T16:08:23.9550001Z   TMP: /home/runner/work/_temp/novel-ci-frontend.BG4SNX/tmp
2026-10-09T16:08:23.9550293Z   TEMP: /home/runner/work/_temp/novel-ci-frontend.BG4SNX/tmp
2026-10-09T16:08:23.9550615Z   PROJECT_ROOT: /home/runner/work/_temp/novel-ci-frontend.BG4SNX/project
2026-10-09T16:08:23.9550982Z   NOVEL_DATA_PATH: /home/runner/work/_temp/novel-ci-frontend.BG4SNX/data/novels
2026-10-09T16:08:23.9551358Z   BACKUP_PATH: /home/runner/work/_temp/novel-ci-frontend.BG4SNX/data/backups
2026-10-09T16:08:23.9551777Z   DATABASE_BACKUP_PATH: /home/runner/work/_temp/novel-ci-frontend.BG4SNX/data/database-backups
2026-10-09T16:08:23.9552219Z   KNOWLEDGE_SOURCE_PATH: /home/runner/work/_temp/novel-ci-frontend.BG4SNX/data/novels
2026-10-09T16:08:23.9552709Z   AI_NOVEL_STUDIO_PDF_FONT: /home/runner/work/_temp/novel-ci-frontend.BG4SNX/browser-fonts/NotoSansSC-Regular.ttf
2026-10-09T16:08:23.9553255Z ##[endgroup]
2026-10-09T16:08:24.0907264Z (node:13900) [DEP0040] DeprecationWarning: The `punycode` module is deprecated. Please use a userland alternative instead.
2026-10-09T16:08:24.0908798Z (Use `node --trace-deprecation ...` to show where the warning was created)
2026-10-09T16:08:24.1110366Z With the provided path, there will be 90 files uploaded
2026-10-09T16:08:24.1110809Z Artifact name is valid!
2026-10-09T16:08:24.1111045Z Root directory input is valid!
2026-10-09T16:08:24.4902671Z Beginning upload of artifact content to blob storage
2026-10-09T16:08:24.7646769Z (node:13900) [DEP0169] DeprecationWarning: `url.parse()` behavior is not standardized and prone to errors that have security implications. Use the WHATWG URL API instead. CVEs are not issued for `url.parse()` vulnerabilities.
2026-10-09T16:08:25.5051941Z Uploaded bytes 8388608
2026-10-09T16:08:25.7632385Z Uploaded bytes 15698361
2026-10-09T16:08:25.8241265Z Finished uploading artifact content to blob storage!
2026-10-09T16:08:25.8242172Z SHA256 digest of uploaded artifact zip is ea0992ba8ef5658f87c574640a9c07fb06b124e4ca90ec0308cf0bfa26957952
2026-10-09T16:08:25.8243536Z Finalizing artifact upload
2026-10-09T16:08:26.1612848Z Artifact frontend-png-2-9851bdd2d692df983664bc8f4597fbc05c0e2ceb.zip successfully finalized. Artifact ID 11629005210
2026-10-09T16:08:26.1614051Z Artifact frontend-png-2-9851bdd2d692df983664bc8f4597fbc05c0e2ceb has been successfully uploaded! Final size is 15698361 bytes. Artifact ID is 11629005210
2026-10-09T16:08:26.1618225Z Artifact download URL: https://github.com/1785235376-blip/AI-Novel-Studio/actions/runs/37954818267/artifacts/11629005210
2026-10-09T16:08:26.1769177Z ##[group]Run actions/upload-artifact@v4.6.2
2026-10-09T16:08:26.1769425Z with:
2026-10-09T16:08:26.1769675Z   name: frontend-compact-9851bdd2d692df983664bc8f4597fbc05c0e2ceb
2026-10-09T16:08:26.1770748Z   path: /home/runner/work/_temp/novel-ci-frontend.BG4SNX/receipts
/home/runner/work/_temp/novel-ci-frontend.BG4SNX/project/frontend/test-results/**/*.json
/home/runner/work/_temp/novel-ci-frontend.BG4SNX/project/frontend/test-results/**/error-context.md
!/home/runner/work/_temp/novel-ci-frontend.BG4SNX/receipts/png-evidence/**

2026-10-09T16:08:26.1771719Z   if-no-files-found: error
2026-10-09T16:08:26.1771915Z   retention-days: 14
2026-10-09T16:08:26.1772101Z   compression-level: 6
2026-10-09T16:08:26.1772283Z   overwrite: false
2026-10-09T16:08:26.1772460Z   include-hidden-files: false
2026-10-09T16:08:26.1772661Z env:
2026-10-09T16:08:26.1772817Z   MOCK_PROVIDER: true
2026-10-09T16:08:26.1773195Z   MOCK_STREAM_DELAY_MS: 0
2026-10-09T16:08:26.1773388Z   ENABLE_CLOUD: false
2026-10-09T16:08:26.1773598Z   CREDENTIAL_VAULT_BACKEND: memory
2026-10-09T16:08:26.1773834Z   CREDENTIAL_VAULT_ALLOW_MEMORY_FALLBACK: true
2026-10-09T16:08:26.1774237Z   PYTHONDONTWRITEBYTECODE: 1
2026-10-09T16:08:26.1774434Z   HF_HUB_OFFLINE: 1
2026-10-09T16:08:26.1774606Z   TRANSFORMERS_OFFLINE: 1
2026-10-09T16:08:26.1774846Z   pythonLocation: /opt/hostedtoolcache/Python/3.12.9/x64
2026-10-09T16:08:26.1775176Z   PKG_CONFIG_PATH: /opt/hostedtoolcache/Python/3.12.9/x64/lib/pkgconfig
2026-10-09T16:08:26.1775498Z   Python_ROOT_DIR: /opt/hostedtoolcache/Python/3.12.9/x64
2026-10-09T16:08:26.1775793Z   Python2_ROOT_DIR: /opt/hostedtoolcache/Python/3.12.9/x64
2026-10-09T16:08:26.1776085Z   Python3_ROOT_DIR: /opt/hostedtoolcache/Python/3.12.9/x64
2026-10-09T16:08:26.1776386Z   LD_LIBRARY_PATH: /opt/hostedtoolcache/Python/3.12.9/x64/lib
2026-10-09T16:08:26.1776687Z   CI_COVERAGE_SHA: 9851bdd2d692df983664bc8f4597fbc05c0e2ceb
2026-10-09T16:08:26.1776986Z   CI_COVERAGE_TREE: cd6989a19e5fd5e2400f2325fe696cae03d8eda7
2026-10-09T16:08:26.1777294Z   CI_SANDBOX: /home/runner/work/_temp/novel-ci-frontend.BG4SNX
2026-10-09T16:08:26.1777626Z   CI_PROJECT: /home/runner/work/_temp/novel-ci-frontend.BG4SNX/project
2026-10-09T16:08:26.1777995Z   CI_RECEIPTS: /home/runner/work/_temp/novel-ci-frontend.BG4SNX/receipts
2026-10-09T16:08:26.1778334Z   HOME: /home/runner/work/_temp/novel-ci-frontend.BG4SNX/home
2026-10-09T16:08:26.1778667Z   USERPROFILE: /home/runner/work/_temp/novel-ci-frontend.BG4SNX/home
2026-10-09T16:08:26.1779013Z   APPDATA: /home/runner/work/_temp/novel-ci-frontend.BG4SNX/appdata
2026-10-09T16:08:26.1779385Z   LOCALAPPDATA: /home/runner/work/_temp/novel-ci-frontend.BG4SNX/localappdata
2026-10-09T16:08:26.1779773Z   XDG_CONFIG_HOME: /home/runner/work/_temp/novel-ci-frontend.BG4SNX/config
2026-10-09T16:08:26.1780131Z   XDG_CACHE_HOME: /home/runner/work/_temp/novel-ci-frontend.BG4SNX/cache
2026-10-09T16:08:26.1780484Z   XDG_DATA_HOME: /home/runner/work/_temp/novel-ci-frontend.BG4SNX/data
2026-10-09T16:08:26.1780827Z   XDG_STATE_HOME: /home/runner/work/_temp/novel-ci-frontend.BG4SNX/state
2026-10-09T16:08:26.1781161Z   TMPDIR: /home/runner/work/_temp/novel-ci-frontend.BG4SNX/tmp
2026-10-09T16:08:26.1781476Z   TMP: /home/runner/work/_temp/novel-ci-frontend.BG4SNX/tmp
2026-10-09T16:08:26.1781776Z   TEMP: /home/runner/work/_temp/novel-ci-frontend.BG4SNX/tmp
2026-10-09T16:08:26.1782108Z   PROJECT_ROOT: /home/runner/work/_temp/novel-ci-frontend.BG4SNX/project
2026-10-09T16:08:26.1782480Z   NOVEL_DATA_PATH: /home/runner/work/_temp/novel-ci-frontend.BG4SNX/data/novels
2026-10-09T16:08:26.1782871Z   BACKUP_PATH: /home/runner/work/_temp/novel-ci-frontend.BG4SNX/data/backups
2026-10-09T16:08:26.1783521Z   DATABASE_BACKUP_PATH: /home/runner/work/_temp/novel-ci-frontend.BG4SNX/data/database-backups
2026-10-09T16:08:26.1783975Z   KNOWLEDGE_SOURCE_PATH: /home/runner/work/_temp/novel-ci-frontend.BG4SNX/data/novels
2026-10-09T16:08:26.1784621Z   AI_NOVEL_STUDIO_PDF_FONT: /home/runner/work/_temp/novel-ci-frontend.BG4SNX/browser-fonts/NotoSansSC-Regular.ttf
2026-10-09T16:08:26.1785020Z ##[endgroup]
2026-10-09T16:08:26.3148914Z (node:13912) [DEP0040] DeprecationWarning: The `punycode` module is deprecated. Please use a userland alternative instead.
2026-10-09T16:08:26.3149598Z (Use `node --trace-deprecation ...` to show where the warning was created)
2026-10-09T16:08:26.4071138Z Multiple search paths detected. Calculating the least common ancestor of all paths
2026-10-09T16:08:26.4073517Z The least common ancestor is /home/runner/work/_temp/novel-ci-frontend.BG4SNX. This will be the root directory of the artifact
2026-10-09T16:08:26.4074563Z With the provided path, there will be 59 files uploaded
2026-10-09T16:08:26.4078375Z Artifact name is valid!
2026-10-09T16:08:26.4079120Z Root directory input is valid!
2026-10-09T16:08:26.7701640Z Beginning upload of artifact content to blob storage
2026-10-09T16:08:26.8465644Z (node:13912) [DEP0169] DeprecationWarning: `url.parse()` behavior is not standardized and prone to errors that have security implications. Use the WHATWG URL API instead. CVEs are not issued for `url.parse()` vulnerabilities.
2026-10-09T16:08:27.3388635Z Uploaded bytes 770133
2026-10-09T16:08:27.4118592Z Finished uploading artifact content to blob storage!
2026-10-09T16:08:27.4119423Z SHA256 digest of uploaded artifact zip is 23b70b1d68f29e1fc79e52ff4c0a4e6ae817928a0e524d15789ea81c9960f0cf
2026-10-09T16:08:27.4119989Z Finalizing artifact upload
2026-10-09T16:08:27.6939056Z Artifact frontend-compact-9851bdd2d692df983664bc8f4597fbc05c0e2ceb.zip successfully finalized. Artifact ID 11628596193
2026-10-09T16:08:27.6940005Z Artifact frontend-compact-9851bdd2d692df983664bc8f4597fbc05c0e2ceb has been successfully uploaded! Final size is 770133 bytes. Artifact ID is 11628596193
2026-10-09T16:08:27.6944385Z Artifact download URL: https://github.com/1785235376-blip/AI-Novel-Studio/actions/runs/37954818267/artifacts/11628596193
2026-10-09T16:08:27.7100214Z ##[group]Run actions/upload-artifact@v4.6.2
2026-10-09T16:08:27.7100606Z with:
2026-10-09T16:08:27.7100915Z   name: frontend-9851bdd2d692df983664bc8f4597fbc05c0e2ceb
2026-10-09T16:08:27.7101694Z   path: /home/runner/work/_temp/novel-ci-frontend.BG4SNX/receipts
/home/runner/work/_temp/novel-ci-frontend.BG4SNX/project/frontend/test-results
!/home/runner/work/_temp/novel-ci-frontend.BG4SNX/receipts/png-evidence/**

2026-10-09T16:08:27.7102420Z   if-no-files-found: error
2026-10-09T16:08:27.7102626Z   retention-days: 14
2026-10-09T16:08:27.7102814Z   compression-level: 6
2026-10-09T16:08:27.7103213Z   overwrite: false
2026-10-09T16:08:27.7103399Z   include-hidden-files: false
2026-10-09T16:08:27.7103597Z env:
2026-10-09T16:08:27.7103755Z   MOCK_PROVIDER: true
2026-10-09T16:08:27.7103939Z   MOCK_STREAM_DELAY_MS: 0
2026-10-09T16:08:27.7104134Z   ENABLE_CLOUD: false
2026-10-09T16:08:27.7104321Z   CREDENTIAL_VAULT_BACKEND: memory
2026-10-09T16:08:27.7104590Z   CREDENTIAL_VAULT_ALLOW_MEMORY_FALLBACK: true
2026-10-09T16:08:27.7104838Z   PYTHONDONTWRITEBYTECODE: 1
2026-10-09T16:08:27.7105042Z   HF_HUB_OFFLINE: 1
2026-10-09T16:08:27.7105219Z   TRANSFORMERS_OFFLINE: 1
2026-10-09T16:08:27.7105462Z   pythonLocation: /opt/hostedtoolcache/Python/3.12.9/x64
2026-10-09T16:08:27.7105802Z   PKG_CONFIG_PATH: /opt/hostedtoolcache/Python/3.12.9/x64/lib/pkgconfig
2026-10-09T16:08:27.7106132Z   Python_ROOT_DIR: /opt/hostedtoolcache/Python/3.12.9/x64
2026-10-09T16:08:27.7106426Z   Python2_ROOT_DIR: /opt/hostedtoolcache/Python/3.12.9/x64
2026-10-09T16:08:27.7106723Z   Python3_ROOT_DIR: /opt/hostedtoolcache/Python/3.12.9/x64
2026-10-09T16:08:27.7107020Z   LD_LIBRARY_PATH: /opt/hostedtoolcache/Python/3.12.9/x64/lib
2026-10-09T16:08:27.7107329Z   CI_COVERAGE_SHA: 9851bdd2d692df983664bc8f4597fbc05c0e2ceb
2026-10-09T16:08:27.7107629Z   CI_COVERAGE_TREE: cd6989a19e5fd5e2400f2325fe696cae03d8eda7
2026-10-09T16:08:27.7107943Z   CI_SANDBOX: /home/runner/work/_temp/novel-ci-frontend.BG4SNX
2026-10-09T16:08:27.7108296Z   CI_PROJECT: /home/runner/work/_temp/novel-ci-frontend.BG4SNX/project
2026-10-09T16:08:27.7108658Z   CI_RECEIPTS: /home/runner/work/_temp/novel-ci-frontend.BG4SNX/receipts
2026-10-09T16:08:27.7109005Z   HOME: /home/runner/work/_temp/novel-ci-frontend.BG4SNX/home
2026-10-09T16:08:27.7109338Z   USERPROFILE: /home/runner/work/_temp/novel-ci-frontend.BG4SNX/home
2026-10-09T16:08:27.7109700Z   APPDATA: /home/runner/work/_temp/novel-ci-frontend.BG4SNX/appdata
2026-10-09T16:08:27.7110070Z   LOCALAPPDATA: /home/runner/work/_temp/novel-ci-frontend.BG4SNX/localappdata
2026-10-09T16:08:27.7110463Z   XDG_CONFIG_HOME: /home/runner/work/_temp/novel-ci-frontend.BG4SNX/config
2026-10-09T16:08:27.7110832Z   XDG_CACHE_HOME: /home/runner/work/_temp/novel-ci-frontend.BG4SNX/cache
2026-10-09T16:08:27.7111186Z   XDG_DATA_HOME: /home/runner/work/_temp/novel-ci-frontend.BG4SNX/data
2026-10-09T16:08:27.7111538Z   XDG_STATE_HOME: /home/runner/work/_temp/novel-ci-frontend.BG4SNX/state
2026-10-09T16:08:27.7111879Z   TMPDIR: /home/runner/work/_temp/novel-ci-frontend.BG4SNX/tmp
2026-10-09T16:08:27.7112194Z   TMP: /home/runner/work/_temp/novel-ci-frontend.BG4SNX/tmp
2026-10-09T16:08:27.7112493Z   TEMP: /home/runner/work/_temp/novel-ci-frontend.BG4SNX/tmp
2026-10-09T16:08:27.7112824Z   PROJECT_ROOT: /home/runner/work/_temp/novel-ci-frontend.BG4SNX/project
2026-10-09T16:08:27.7113548Z   NOVEL_DATA_PATH: /home/runner/work/_temp/novel-ci-frontend.BG4SNX/data/novels
2026-10-09T16:08:27.7113944Z   BACKUP_PATH: /home/runner/work/_temp/novel-ci-frontend.BG4SNX/data/backups
2026-10-09T16:08:27.7114395Z   DATABASE_BACKUP_PATH: /home/runner/work/_temp/novel-ci-frontend.BG4SNX/data/database-backups
2026-10-09T16:08:27.7114847Z   KNOWLEDGE_SOURCE_PATH: /home/runner/work/_temp/novel-ci-frontend.BG4SNX/data/novels
2026-10-09T16:08:27.7115347Z   AI_NOVEL_STUDIO_PDF_FONT: /home/runner/work/_temp/novel-ci-frontend.BG4SNX/browser-fonts/NotoSansSC-Regular.ttf
2026-10-09T16:08:27.7115733Z ##[endgroup]
2026-10-09T16:08:27.8509386Z (node:13925) [DEP0040] DeprecationWarning: The `punycode` module is deprecated. Please use a userland alternative instead.
2026-10-09T16:08:27.8510060Z (Use `node --trace-deprecation ...` to show where the warning was created)
2026-10-09T16:08:27.9327973Z Multiple search paths detected. Calculating the least common ancestor of all paths
2026-10-09T16:08:27.9330466Z The least common ancestor is /home/runner/work/_temp/novel-ci-frontend.BG4SNX. This will be the root directory of the artifact
2026-10-09T16:08:27.9331519Z With the provided path, there will be 286 files uploaded
2026-10-09T16:08:27.9336134Z Artifact name is valid!
2026-10-09T16:08:27.9336606Z Root directory input is valid!
2026-10-09T16:08:28.2717298Z Beginning upload of artifact content to blob storage
2026-10-09T16:08:28.5648153Z (node:13925) [DEP0169] DeprecationWarning: `url.parse()` behavior is not standardized and prone to errors that have security implications. Use the WHATWG URL API instead. CVEs are not issued for `url.parse()` vulnerabilities.
2026-10-09T16:08:29.3502161Z Uploaded bytes 8388608
2026-10-09T16:08:29.5532823Z Uploaded bytes 16777216
2026-10-09T16:08:29.8431574Z Uploaded bytes 25165824
2026-10-09T16:08:30.0854192Z Uploaded bytes 33554432
2026-10-09T16:08:30.2837140Z Uploaded bytes 40795977
2026-10-09T16:08:30.3470254Z Finished uploading artifact content to blob storage!
2026-10-09T16:08:30.3472421Z SHA256 digest of uploaded artifact zip is 020bfd64b06fab3272fde2b8af371550acaf7fe7b443007bcb699ae27ebeedd2
2026-10-09T16:08:30.3473961Z Finalizing artifact upload
2026-10-09T16:08:30.6316173Z Artifact frontend-9851bdd2d692df983664bc8f4597fbc05c0e2ceb.zip successfully finalized. Artifact ID 11628900735
2026-10-09T16:08:30.6317147Z Artifact frontend-9851bdd2d692df983664bc8f4597fbc05c0e2ceb has been successfully uploaded! Final size is 40795977 bytes. Artifact ID is 11628900735
2026-10-09T16:08:30.6323345Z Artifact download URL: https://github.com/1785235376-blip/AI-Novel-Studio/actions/runs/37954818267/artifacts/11628900735
2026-10-09T16:08:30.6499422Z Post job cleanup.
2026-10-09T16:08:30.7463835Z (node:13937) [DEP0040] DeprecationWarning: The `punycode` module is deprecated. Please use a userland alternative instead.
2026-10-09T16:08:30.7464875Z (Use `node --trace-deprecation ...` to show where the warning was created)
2026-10-09T16:08:30.7587763Z Post job cleanup.
2026-10-09T16:08:30.8622069Z (node:13945) [DEP0040] DeprecationWarning: The `punycode` module is deprecated. Please use a userland alternative instead.
2026-10-09T16:08:30.8623269Z (Use `node --trace-deprecation ...` to show where the warning was created)
2026-10-09T16:08:30.8792865Z Post job cleanup.
2026-10-09T16:08:30.9552524Z [command]/usr/bin/git version
2026-10-09T16:08:30.9588340Z git version 2.55.0
2026-10-09T16:08:30.9619282Z Temporarily overriding HOME='/home/runner/work/_temp/67c876ea-58b0-4f49-932e-32914f5226be' before making global git config changes
2026-10-09T16:08:30.9620436Z Adding repository directory to the temporary git global config as a safe directory
2026-10-09T16:08:30.9626180Z [command]/usr/bin/git config --global --add safe.directory /home/runner/work/AI-Novel-Studio/AI-Novel-Studio
2026-10-09T16:08:30.9662077Z [command]/usr/bin/git config --local --name-only --get-regexp core\.sshCommand
2026-10-09T16:08:30.9696216Z [command]/usr/bin/git submodule foreach --recursive sh -c "git config --local --name-only --get-regexp 'core\.sshCommand' && git config --local --unset-all 'core.sshCommand' || :"
2026-10-09T16:08:30.9930401Z [command]/usr/bin/git config --local --name-only --get-regexp http\.https\:\/\/github\.com\/\.extraheader
2026-10-09T16:08:30.9966037Z [command]/usr/bin/git submodule foreach --recursive sh -c "git config --local --name-only --get-regexp 'http\.https\:\/\/github\.com\/\.extraheader' && git config --local --unset-all 'http.https://github.com/.extraheader' || :"
2026-10-09T16:08:31.0337314Z Cleaning up orphan processes
2026-10-09T16:08:31.0648731Z ##[warning]Node.js 20 is deprecated. The following actions target Node.js 20 but are being forced to run on Node.js 24: actions/checkout@v4.2.2, actions/setup-node@v4.4.0, actions/setup-python@v5.6.0, actions/upload-artifact@v4.6.2. For more information see: https://github.blog/changelog/2025-09-19-deprecation-of-node-20-on-github-actions-runners/
