2026-10-09T15:51:26.4558022Z Current runner version: '2.337.0'
2026-10-09T15:51:26.4585618Z ##[group]Runner Image Provisioner
2026-10-09T15:51:26.4586916Z Hosted Compute Agent
2026-10-09T15:51:26.4587544Z Version: 20261002.596
2026-10-09T15:51:26.4588190Z Commit: c3d12f3313a95f25162a1503be624f3b0617f8c0
2026-10-09T15:51:26.4588993Z Build Date: 2026-10-02T22:28:27Z
2026-10-09T15:51:26.4589766Z Worker ID: {ec89521f-fbde-44cd-83cd-7a879b991d78}
2026-10-09T15:51:26.4590921Z Region: eastus
2026-10-09T15:51:26.4591522Z Cloud: Azure
2026-10-09T15:51:26.4592075Z ##[endgroup]
2026-10-09T15:51:26.4594030Z ##[group]Operating System
2026-10-09T15:51:26.4594704Z Ubuntu
2026-10-09T15:51:26.4595364Z 24.04.5
2026-10-09T15:51:26.4595904Z LTS
2026-10-09T15:51:26.4596414Z ##[endgroup]
2026-10-09T15:51:26.4597064Z ##[group]Runner Image
2026-10-09T15:51:26.4597689Z Image: ubuntu-24.04
2026-10-09T15:51:26.4598275Z Version: 20261004.327.1
2026-10-09T15:51:26.4599606Z Included Software: https://github.com/actions/runner-images/blob/ubuntu24/20261004.327/images/ubuntu/Ubuntu2404-Readme.md
2026-10-09T15:51:26.4601216Z Image Release: https://github.com/actions/runner-images/releases/tag/ubuntu24%2F20261004.327
2026-10-09T15:51:26.4602894Z ##[endgroup]
2026-10-09T15:51:26.4604294Z ##[group]GITHUB_TOKEN Permissions
2026-10-09T15:51:26.4606513Z Contents: read
2026-10-09T15:51:26.4607127Z Metadata: read
2026-10-09T15:51:26.4607793Z ##[endgroup]
2026-10-09T15:51:26.4610059Z Secret source: Actions
2026-10-09T15:51:26.4611192Z Cache mode: write
2026-10-09T15:51:26.4611968Z Prepare workflow directory
2026-10-09T15:51:26.5025643Z Prepare all required actions
2026-10-09T15:51:26.5075918Z Getting action download info
2026-10-09T15:51:26.7441796Z Download action repository 'actions/checkout@v4.2.2' (SHA:11bd71901bbe5b1630ceea73d27597364c9af683)
2026-10-09T15:51:26.8704957Z Download action repository 'actions/setup-node@v4.4.0' (SHA:49933ea5288caeca8642d1e84afbd3f7d6820020)
2026-10-09T15:51:26.9590915Z Download action repository 'actions/setup-python@v5.6.0' (SHA:a26af69be951a213d495a4c3e4e4022e16d87065)
2026-10-09T15:51:27.0369740Z Download action repository 'actions/upload-artifact@v4.6.2' (SHA:ea165f8d65b6e75b540449e92b4886f43607fa02)
2026-10-09T15:51:27.2537443Z Complete job name: V2 / Independent studio live media
2026-10-09T15:51:27.3364602Z ##[group]Run actions/checkout@v4.2.2
2026-10-09T15:51:27.3365700Z with:
2026-10-09T15:51:27.3366160Z   persist-credentials: false
2026-10-09T15:51:27.3366734Z   repository: 1785235376-blip/AI-Novel-Studio
2026-10-09T15:51:27.3370576Z   token: ***
2026-10-09T15:51:27.3371019Z   ssh-strict: true
2026-10-09T15:51:27.3371449Z   ssh-user: git
2026-10-09T15:51:27.3371869Z   clean: true
2026-10-09T15:51:27.3372307Z   sparse-checkout-cone-mode: true
2026-10-09T15:51:27.3373130Z   fetch-depth: 1
2026-10-09T15:51:27.3373569Z   fetch-tags: false
2026-10-09T15:51:27.3374016Z   show-progress: true
2026-10-09T15:51:27.3374466Z   lfs: false
2026-10-09T15:51:27.3374876Z   submodules: false
2026-10-09T15:51:27.3375335Z   set-safe-directory: true
2026-10-09T15:51:27.3376116Z env:
2026-10-09T15:51:27.3376540Z   MOCK_PROVIDER: true
2026-10-09T15:51:27.3377007Z   MOCK_STREAM_DELAY_MS: 0
2026-10-09T15:51:27.3377492Z   ENABLE_CLOUD: false
2026-10-09T15:51:27.3377957Z   CREDENTIAL_VAULT_BACKEND: memory
2026-10-09T15:51:27.3378594Z   CREDENTIAL_VAULT_ALLOW_MEMORY_FALLBACK: true
2026-10-09T15:51:27.3379209Z   PYTHONDONTWRITEBYTECODE: 1
2026-10-09T15:51:27.3379708Z   HF_HUB_OFFLINE: 1
2026-10-09T15:51:27.3380158Z   TRANSFORMERS_OFFLINE: 1
2026-10-09T15:51:27.3380626Z ##[endgroup]
2026-10-09T15:51:27.4457260Z Syncing repository: 1785235376-blip/AI-Novel-Studio
2026-10-09T15:51:27.4460560Z ##[group]Getting Git version info
2026-10-09T15:51:27.4461999Z Working directory is '/home/runner/work/AI-Novel-Studio/AI-Novel-Studio'
2026-10-09T15:51:27.4464386Z [command]/usr/bin/git version
2026-10-09T15:51:27.4554931Z git version 2.55.0
2026-10-09T15:51:27.4569365Z ##[endgroup]
2026-10-09T15:51:27.4589403Z Temporarily overriding HOME='/home/runner/work/_temp/5648a913-fe10-4a9b-92fe-a5d7afbb41d5' before making global git config changes
2026-10-09T15:51:27.4591379Z Adding repository directory to the temporary git global config as a safe directory
2026-10-09T15:51:27.4597558Z [command]/usr/bin/git config --global --add safe.directory /home/runner/work/AI-Novel-Studio/AI-Novel-Studio
2026-10-09T15:51:27.4665744Z Deleting the contents of '/home/runner/work/AI-Novel-Studio/AI-Novel-Studio'
2026-10-09T15:51:27.4669902Z ##[group]Initializing the repository
2026-10-09T15:51:27.4674896Z [command]/usr/bin/git init /home/runner/work/AI-Novel-Studio/AI-Novel-Studio
2026-10-09T15:51:27.4819964Z hint: Using 'master' as the name for the initial branch. This default branch name
2026-10-09T15:51:27.4822158Z hint: will change to "main" in Git 3.0. To configure the initial branch name
2026-10-09T15:51:27.4824374Z hint: to use in all of your new repositories, which will suppress this warning,
2026-10-09T15:51:27.4825965Z hint: call:
2026-10-09T15:51:27.4826934Z hint:
2026-10-09T15:51:27.4828119Z hint: 	git config --global init.defaultBranch <name>
2026-10-09T15:51:27.4829438Z hint:
2026-10-09T15:51:27.4830623Z hint: Names commonly chosen instead of 'master' are 'main', 'trunk' and
2026-10-09T15:51:27.4832605Z hint: 'development'. The just-created branch can be renamed via this command:
2026-10-09T15:51:27.4834113Z hint:
2026-10-09T15:51:27.4835073Z hint: 	git branch -m <name>
2026-10-09T15:51:27.4836107Z hint:
2026-10-09T15:51:27.4837407Z hint: Disable this message with "git config set advice.defaultBranchName false"
2026-10-09T15:51:27.4839611Z Initialized empty Git repository in /home/runner/work/AI-Novel-Studio/AI-Novel-Studio/.git/
2026-10-09T15:51:27.4843569Z [command]/usr/bin/git remote add origin https://github.com/1785235376-blip/AI-Novel-Studio
2026-10-09T15:51:27.4904681Z ##[endgroup]
2026-10-09T15:51:27.4906185Z ##[group]Disabling automatic garbage collection
2026-10-09T15:51:27.4910028Z [command]/usr/bin/git config --local gc.auto 0
2026-10-09T15:51:27.4965554Z ##[endgroup]
2026-10-09T15:51:27.4967029Z ##[group]Setting up auth
2026-10-09T15:51:27.4968313Z [command]/usr/bin/git config --local --name-only --get-regexp core\.sshCommand
2026-10-09T15:51:27.5046568Z [command]/usr/bin/git submodule foreach --recursive sh -c "git config --local --name-only --get-regexp 'core\.sshCommand' && git config --local --unset-all 'core.sshCommand' || :"
2026-10-09T15:51:27.5526755Z [command]/usr/bin/git config --local --name-only --get-regexp http\.https\:\/\/github\.com\/\.extraheader
2026-10-09T15:51:27.5580116Z [command]/usr/bin/git submodule foreach --recursive sh -c "git config --local --name-only --get-regexp 'http\.https\:\/\/github\.com\/\.extraheader' && git config --local --unset-all 'http.https://github.com/.extraheader' || :"
2026-10-09T15:51:27.5873240Z [command]/usr/bin/git config --local http.https://github.com/.extraheader AUTHORIZATION: basic ***
2026-10-09T15:51:27.5923879Z ##[endgroup]
2026-10-09T15:51:27.5925354Z ##[group]Fetching the repository
2026-10-09T15:51:27.5936734Z [command]/usr/bin/git -c protocol.version=2 fetch --no-tags --prune --no-recurse-submodules --depth=1 origin +9851bdd2d692df983664bc8f4597fbc05c0e2ceb:refs/remotes/origin/feature/v2-narrative-platform
2026-10-09T15:51:32.0865720Z From https://github.com/1785235376-blip/AI-Novel-Studio
2026-10-09T15:51:32.0868357Z  * [new ref]         9851bdd2d692df983664bc8f4597fbc05c0e2ceb -> origin/feature/v2-narrative-platform
2026-10-09T15:51:32.0881641Z ##[endgroup]
2026-10-09T15:51:32.0882965Z ##[group]Determining the checkout info
2026-10-09T15:51:32.0883878Z ##[endgroup]
2026-10-09T15:51:32.0893638Z [command]/usr/bin/git sparse-checkout disable
2026-10-09T15:51:32.0969424Z [command]/usr/bin/git config --local --unset-all extensions.worktreeConfig
2026-10-09T15:51:32.1013219Z ##[group]Checking out the ref
2026-10-09T15:51:32.1020405Z [command]/usr/bin/git checkout --progress --force -B feature/v2-narrative-platform refs/remotes/origin/feature/v2-narrative-platform
2026-10-09T15:51:32.8707370Z Switched to a new branch 'feature/v2-narrative-platform'
2026-10-09T15:51:32.8711095Z branch 'feature/v2-narrative-platform' set up to track 'origin/feature/v2-narrative-platform'.
2026-10-09T15:51:32.8814996Z ##[endgroup]
2026-10-09T15:51:32.8888703Z [command]/usr/bin/git log -1 --format=%H
2026-10-09T15:51:32.8890300Z 9851bdd2d692df983664bc8f4597fbc05c0e2ceb
2026-10-09T15:51:32.8893869Z ##[group]Removing auth
2026-10-09T15:51:32.8894669Z [command]/usr/bin/git config --local --name-only --get-regexp core\.sshCommand
2026-10-09T15:51:32.8928774Z [command]/usr/bin/git submodule foreach --recursive sh -c "git config --local --name-only --get-regexp 'core\.sshCommand' && git config --local --unset-all 'core.sshCommand' || :"
2026-10-09T15:51:32.9162352Z [command]/usr/bin/git config --local --name-only --get-regexp http\.https\:\/\/github\.com\/\.extraheader
2026-10-09T15:51:32.9201185Z http.https://github.com/.extraheader
2026-10-09T15:51:32.9209845Z [command]/usr/bin/git config --local --unset-all http.https://github.com/.extraheader
2026-10-09T15:51:32.9246829Z [command]/usr/bin/git submodule foreach --recursive sh -c "git config --local --name-only --get-regexp 'http\.https\:\/\/github\.com\/\.extraheader' && git config --local --unset-all 'http.https://github.com/.extraheader' || :"
2026-10-09T15:51:32.9478607Z ##[endgroup]
2026-10-09T15:51:32.9736029Z ##[group]Run actions/setup-node@v4.4.0
2026-10-09T15:51:32.9736440Z with:
2026-10-09T15:51:32.9736684Z   node-version: 22.14.0
2026-10-09T15:51:32.9736970Z   always-auth: false
2026-10-09T15:51:32.9737239Z   check-latest: false
2026-10-09T15:51:32.9739936Z   token: ***
2026-10-09T15:51:32.9740180Z env:
2026-10-09T15:51:32.9740434Z   MOCK_PROVIDER: true
2026-10-09T15:51:32.9740736Z   MOCK_STREAM_DELAY_MS: 0
2026-10-09T15:51:32.9741016Z   ENABLE_CLOUD: false
2026-10-09T15:51:32.9741291Z   CREDENTIAL_VAULT_BACKEND: memory
2026-10-09T15:51:32.9741624Z   CREDENTIAL_VAULT_ALLOW_MEMORY_FALLBACK: true
2026-10-09T15:51:32.9741979Z   PYTHONDONTWRITEBYTECODE: 1
2026-10-09T15:51:32.9742267Z   HF_HUB_OFFLINE: 1
2026-10-09T15:51:32.9742728Z   TRANSFORMERS_OFFLINE: 1
2026-10-09T15:51:32.9743005Z ##[endgroup]
2026-10-09T15:51:33.1219554Z Attempting to download 22.14.0...
2026-10-09T15:51:33.1327580Z (node:2351) [DEP0040] DeprecationWarning: The `punycode` module is deprecated. Please use a userland alternative instead.
2026-10-09T15:51:33.1329061Z (Use `node --trace-deprecation ...` to show where the warning was created)
2026-10-09T15:51:33.6584337Z Acquiring 22.14.0 - x64 from https://github.com/actions/node-versions/releases/download/22.14.0-13265982013/node-22.14.0-linux-x64.tar.gz
2026-10-09T15:51:34.1344781Z Extracting ...
2026-10-09T15:51:34.1477479Z [command]/usr/bin/tar xz --strip 1 --warning=no-unknown-keyword --overwrite -C /home/runner/work/_temp/d9fbe52f-4ced-4016-81df-dee00e96851f -f /home/runner/work/_temp/defe683a-0401-419b-af2e-b00b9606ddbe
2026-10-09T15:51:35.3344969Z Adding to the cache ...
2026-10-09T15:51:37.5661894Z ##[group]Environment details
2026-10-09T15:51:37.8044647Z node: v22.14.0
2026-10-09T15:51:37.8045577Z npm: 10.9.2
2026-10-09T15:51:37.8045990Z yarn: 1.22.22
2026-10-09T15:51:37.8046694Z ##[endgroup]
2026-10-09T15:51:37.8270543Z ##[group]Run actions/setup-python@v5.6.0
2026-10-09T15:51:37.8270874Z with:
2026-10-09T15:51:37.8271099Z   python-version: 3.12.9
2026-10-09T15:51:37.8271363Z   check-latest: false
2026-10-09T15:51:37.8274186Z   token: ***
2026-10-09T15:51:37.8274426Z   update-environment: true
2026-10-09T15:51:37.8274701Z   allow-prereleases: false
2026-10-09T15:51:37.8274936Z   freethreaded: false
2026-10-09T15:51:37.8275149Z env:
2026-10-09T15:51:37.8275335Z   MOCK_PROVIDER: true
2026-10-09T15:51:37.8275565Z   MOCK_STREAM_DELAY_MS: 0
2026-10-09T15:51:37.8275802Z   ENABLE_CLOUD: false
2026-10-09T15:51:37.8276025Z   CREDENTIAL_VAULT_BACKEND: memory
2026-10-09T15:51:37.8276317Z   CREDENTIAL_VAULT_ALLOW_MEMORY_FALLBACK: true
2026-10-09T15:51:37.8276625Z   PYTHONDONTWRITEBYTECODE: 1
2026-10-09T15:51:37.8276867Z   HF_HUB_OFFLINE: 1
2026-10-09T15:51:37.8277086Z   TRANSFORMERS_OFFLINE: 1
2026-10-09T15:51:37.8277565Z ##[endgroup]
2026-10-09T15:51:37.9666616Z ##[group]Installed versions
2026-10-09T15:51:37.9692212Z Version 3.12.9 was not found in the local cache
2026-10-09T15:51:37.9802232Z (node:2386) [DEP0040] DeprecationWarning: The `punycode` module is deprecated. Please use a userland alternative instead.
2026-10-09T15:51:37.9804652Z (Use `node --trace-deprecation ...` to show where the warning was created)
2026-10-09T15:51:38.5330242Z Version 3.12.9 is available for downloading
2026-10-09T15:51:38.5332341Z Download from "https://github.com/actions/python-versions/releases/download/3.12.9-13149478207/python-3.12.9-linux-24.04-x64.tar.gz"
2026-10-09T15:51:39.3348147Z Extract downloaded archive
2026-10-09T15:51:39.3491024Z [command]/usr/bin/tar xz --warning=no-unknown-keyword --overwrite -C /home/runner/work/_temp/25e9aab5-c3d9-44e0-89af-9eedbbd62c92 -f /home/runner/work/_temp/3ab1f363-7824-4e7d-b999-c21149b877ac
2026-10-09T15:51:41.4666446Z Execute installation script
2026-10-09T15:51:41.4781827Z Check if Python hostedtoolcache folder exist...
2026-10-09T15:51:41.4782330Z Create Python 3.12.9 folder
2026-10-09T15:51:41.6186974Z Copy Python binaries to hostedtoolcache folder
2026-10-09T15:51:42.1063456Z Create additional symlinks (Required for the UsePythonVersion Azure Pipelines task and the setup-python GitHub Action)
2026-10-09T15:51:42.1106433Z Upgrading pip...
2026-10-09T15:51:44.5174318Z Looking in links: /tmp/tmpm9niske7
2026-10-09T15:51:44.5180114Z Requirement already satisfied: pip in /opt/hostedtoolcache/Python/3.12.9/x64/lib/python3.12/site-packages (24.3.1)
2026-10-09T15:51:46.1822292Z Collecting pip
2026-10-09T15:51:46.2158455Z Downloading pip-26.2.1-py3-none-any.whl.metadata (4.6 kB)
2026-10-09T15:51:46.3240899Z Downloading pip-26.2.1-py3-none-any.whl (1.8 MB)
2026-10-09T15:51:46.3717792Z ━━━━━━━━━━━━━━━━━━━━━━━━━━━━━━━━━━━━━━━━ 1.8/1.8 MB 60.4 MB/s eta 0:00:00
2026-10-09T15:51:46.3718405Z 
2026-10-09T15:51:46.3947842Z Installing collected packages: pip
2026-10-09T15:51:46.3948611Z Attempting uninstall: pip
2026-10-09T15:51:46.3971249Z Found existing installation: pip 24.3.1
2026-10-09T15:51:46.4339040Z Uninstalling pip-24.3.1:
2026-10-09T15:51:46.4399856Z Successfully uninstalled pip-24.3.1
2026-10-09T15:51:47.3818090Z Successfully installed pip-26.2.1
2026-10-09T15:51:47.4403133Z Create complete file
2026-10-09T15:51:47.4443466Z Successfully set up CPython (3.12.9)
2026-10-09T15:51:47.4444275Z ##[endgroup]
2026-10-09T15:51:47.4629300Z ##[group]Run bash .github/ci/prepare.sh v2-independent-media
2026-10-09T15:51:47.4629830Z [36;1mbash .github/ci/prepare.sh v2-independent-media[0m
2026-10-09T15:51:47.4891084Z shell: /usr/bin/bash -e {0}
2026-10-09T15:51:47.4891390Z env:
2026-10-09T15:51:47.4891615Z   MOCK_PROVIDER: true
2026-10-09T15:51:47.4891854Z   MOCK_STREAM_DELAY_MS: 0
2026-10-09T15:51:47.4892113Z   ENABLE_CLOUD: false
2026-10-09T15:51:47.4892351Z   CREDENTIAL_VAULT_BACKEND: memory
2026-10-09T15:51:47.4892858Z   CREDENTIAL_VAULT_ALLOW_MEMORY_FALLBACK: true
2026-10-09T15:51:47.4893180Z   PYTHONDONTWRITEBYTECODE: 1
2026-10-09T15:51:47.4893455Z   HF_HUB_OFFLINE: 1
2026-10-09T15:51:47.4893671Z   TRANSFORMERS_OFFLINE: 1
2026-10-09T15:51:47.4893963Z   pythonLocation: /opt/hostedtoolcache/Python/3.12.9/x64
2026-10-09T15:51:47.4894413Z   PKG_CONFIG_PATH: /opt/hostedtoolcache/Python/3.12.9/x64/lib/pkgconfig
2026-10-09T15:51:47.4894851Z   Python_ROOT_DIR: /opt/hostedtoolcache/Python/3.12.9/x64
2026-10-09T15:51:47.4895294Z   Python2_ROOT_DIR: /opt/hostedtoolcache/Python/3.12.9/x64
2026-10-09T15:51:47.4895672Z   Python3_ROOT_DIR: /opt/hostedtoolcache/Python/3.12.9/x64
2026-10-09T15:51:47.4896053Z   LD_LIBRARY_PATH: /opt/hostedtoolcache/Python/3.12.9/x64/lib
2026-10-09T15:51:47.4896383Z ##[endgroup]
2026-10-09T15:51:48.2440270Z ##[group]Run npm install --global pnpm@10.6.5
2026-10-09T15:51:48.2440684Z [36;1mnpm install --global pnpm@10.6.5[0m
2026-10-09T15:51:48.2441004Z [36;1mpnpm install --frozen-lockfile[0m
2026-10-09T15:51:48.2441508Z [36;1m{ node --version; pnpm --version; sha256sum pnpm-lock.yaml; } > "$CI_RECEIPTS/frontend-tools.txt"[0m
2026-10-09T15:51:48.2442273Z [36;1mpnpm exec playwright install --with-deps chromium[0m
2026-10-09T15:51:48.2509481Z shell: /usr/bin/bash -e {0}
2026-10-09T15:51:48.2509744Z env:
2026-10-09T15:51:48.2509943Z   MOCK_PROVIDER: true
2026-10-09T15:51:48.2510167Z   MOCK_STREAM_DELAY_MS: 0
2026-10-09T15:51:48.2510386Z   ENABLE_CLOUD: false
2026-10-09T15:51:48.2510610Z   CREDENTIAL_VAULT_BACKEND: memory
2026-10-09T15:51:48.2510891Z   CREDENTIAL_VAULT_ALLOW_MEMORY_FALLBACK: true
2026-10-09T15:51:48.2511192Z   PYTHONDONTWRITEBYTECODE: 1
2026-10-09T15:51:48.2511442Z   HF_HUB_OFFLINE: 1
2026-10-09T15:51:48.2511654Z   TRANSFORMERS_OFFLINE: 1
2026-10-09T15:51:48.2511986Z   pythonLocation: /opt/hostedtoolcache/Python/3.12.9/x64
2026-10-09T15:51:48.2512674Z   PKG_CONFIG_PATH: /opt/hostedtoolcache/Python/3.12.9/x64/lib/pkgconfig
2026-10-09T15:51:48.2513107Z   Python_ROOT_DIR: /opt/hostedtoolcache/Python/3.12.9/x64
2026-10-09T15:51:48.2513476Z   Python2_ROOT_DIR: /opt/hostedtoolcache/Python/3.12.9/x64
2026-10-09T15:51:48.2513866Z   Python3_ROOT_DIR: /opt/hostedtoolcache/Python/3.12.9/x64
2026-10-09T15:51:48.2514245Z   LD_LIBRARY_PATH: /opt/hostedtoolcache/Python/3.12.9/x64/lib
2026-10-09T15:51:48.2514626Z   CI_COVERAGE_SHA: 9851bdd2d692df983664bc8f4597fbc05c0e2ceb
2026-10-09T15:51:48.2515002Z   CI_COVERAGE_TREE: cd6989a19e5fd5e2400f2325fe696cae03d8eda7
2026-10-09T15:51:48.2515458Z   CI_SANDBOX: /home/runner/work/_temp/novel-ci-v2-independent-media.YB6kZs
2026-10-09T15:51:48.2516006Z   CI_PROJECT: /home/runner/work/_temp/novel-ci-v2-independent-media.YB6kZs/project
2026-10-09T15:51:48.2516586Z   CI_RECEIPTS: /home/runner/work/_temp/novel-ci-v2-independent-media.YB6kZs/receipts
2026-10-09T15:51:48.2517124Z   HOME: /home/runner/work/_temp/novel-ci-v2-independent-media.YB6kZs/home
2026-10-09T15:51:48.2517633Z   USERPROFILE: /home/runner/work/_temp/novel-ci-v2-independent-media.YB6kZs/home
2026-10-09T15:51:48.2518161Z   APPDATA: /home/runner/work/_temp/novel-ci-v2-independent-media.YB6kZs/appdata
2026-10-09T15:51:48.2518739Z   LOCALAPPDATA: /home/runner/work/_temp/novel-ci-v2-independent-media.YB6kZs/localappdata
2026-10-09T15:51:48.2519315Z   XDG_CONFIG_HOME: /home/runner/work/_temp/novel-ci-v2-independent-media.YB6kZs/config
2026-10-09T15:51:48.2519875Z   XDG_CACHE_HOME: /home/runner/work/_temp/novel-ci-v2-independent-media.YB6kZs/cache
2026-10-09T15:51:48.2520408Z   XDG_DATA_HOME: /home/runner/work/_temp/novel-ci-v2-independent-media.YB6kZs/data
2026-10-09T15:51:48.2520940Z   XDG_STATE_HOME: /home/runner/work/_temp/novel-ci-v2-independent-media.YB6kZs/state
2026-10-09T15:51:48.2521452Z   TMPDIR: /home/runner/work/_temp/novel-ci-v2-independent-media.YB6kZs/tmp
2026-10-09T15:51:48.2521942Z   TMP: /home/runner/work/_temp/novel-ci-v2-independent-media.YB6kZs/tmp
2026-10-09T15:51:48.2522653Z   TEMP: /home/runner/work/_temp/novel-ci-v2-independent-media.YB6kZs/tmp
2026-10-09T15:51:48.2544691Z   PROJECT_ROOT: /home/runner/work/_temp/novel-ci-v2-independent-media.YB6kZs/project
2026-10-09T15:51:48.2545734Z   NOVEL_DATA_PATH: /home/runner/work/_temp/novel-ci-v2-independent-media.YB6kZs/data/novels
2026-10-09T15:51:48.2546379Z   BACKUP_PATH: /home/runner/work/_temp/novel-ci-v2-independent-media.YB6kZs/data/backups
2026-10-09T15:51:48.2547052Z   DATABASE_BACKUP_PATH: /home/runner/work/_temp/novel-ci-v2-independent-media.YB6kZs/data/database-backups
2026-10-09T15:51:48.2547758Z   KNOWLEDGE_SOURCE_PATH: /home/runner/work/_temp/novel-ci-v2-independent-media.YB6kZs/data/novels
2026-10-09T15:51:48.2548220Z ##[endgroup]
2026-10-09T15:51:49.4462455Z 
2026-10-09T15:51:49.4463173Z added 1 package in 1s
2026-10-09T15:51:49.4463425Z 
2026-10-09T15:51:49.4463651Z 1 package is looking for funding
2026-10-09T15:51:49.4464321Z   run `npm fund` for details
2026-10-09T15:51:49.9356525Z Lockfile is up to date, resolution step is skipped
2026-10-09T15:51:49.9790681Z Progress: resolved 1, reused 0, downloaded 0, added 0
2026-10-09T15:51:50.0294271Z Packages: +249
2026-10-09T15:51:50.0313628Z ++++++++++++++++++++++++++++++++++++++++++++++++++++++++++++++++++++++++++++++++
2026-10-09T15:51:50.9844087Z Progress: resolved 249, reused 0, downloaded 143, added 87
2026-10-09T15:51:51.8177285Z Progress: resolved 249, reused 0, downloaded 249, added 249, done
2026-10-09T15:51:51.9456934Z .../esbuild@0.25.12/node_modules/esbuild postinstall$ node install.js
2026-10-09T15:51:51.9463646Z .../esbuild@0.21.5/node_modules/esbuild postinstall$ node install.js
2026-10-09T15:51:52.0423983Z .../esbuild@0.25.12/node_modules/esbuild postinstall: Done
2026-10-09T15:51:52.0481268Z .../esbuild@0.21.5/node_modules/esbuild postinstall: Done
2026-10-09T15:51:52.3599297Z 
2026-10-09T15:51:52.3599916Z dependencies:
2026-10-09T15:51:52.3600507Z + @tanstack/react-query 5.101.4
2026-10-09T15:51:52.3601106Z + @tiptap/extension-placeholder 2.27.2
2026-10-09T15:51:52.3601788Z + @tiptap/react 2.27.2
2026-10-09T15:51:52.3602227Z + @tiptap/starter-kit 2.27.2
2026-10-09T15:51:52.3602987Z + lucide-react 0.468.0
2026-10-09T15:51:52.3603440Z + react 18.3.1
2026-10-09T15:51:52.3603874Z + react-dom 18.3.1
2026-10-09T15:51:52.3604239Z + zustand 5.0.14
2026-10-09T15:51:52.3604484Z 
2026-10-09T15:51:52.3605063Z devDependencies:
2026-10-09T15:51:52.3605472Z + @playwright/test 1.62.1
2026-10-09T15:51:52.3605970Z + @testing-library/react 16.3.2
2026-10-09T15:51:52.3606424Z + @types/node 22.13.10
2026-10-09T15:51:52.3606852Z + @types/react 18.3.31
2026-10-09T15:51:52.3607255Z + @types/react-dom 18.3.7
2026-10-09T15:51:52.3607696Z + @vitejs/plugin-react 4.7.0
2026-10-09T15:51:52.3608142Z + fountain-js 1.2.4
2026-10-09T15:51:52.3608495Z + jsdom 25.0.1
2026-10-09T15:51:52.3608856Z + typescript 5.9.3
2026-10-09T15:51:52.3609205Z + vite 6.4.3
2026-10-09T15:51:52.3609540Z + vitest 2.1.9
2026-10-09T15:51:52.3609740Z 
2026-10-09T15:51:52.3829759Z Done in 2.8s using pnpm v10.6.5
2026-10-09T15:51:53.4953849Z Installing dependencies...
2026-10-09T15:51:53.5071842Z Switching to root user to install dependencies...
2026-10-09T15:51:53.6444393Z Get:1 file:/etc/apt/apt-mirrors.txt Mirrorlist [144 B]
2026-10-09T15:51:53.7164496Z Hit:2 http://azure.archive.ubuntu.com/ubuntu noble InRelease
2026-10-09T15:51:53.7185837Z Get:6 https://packages.microsoft.com/ubuntu/24.04/prod noble InRelease [3600 B]
2026-10-09T15:51:53.7224399Z Get:3 http://azure.archive.ubuntu.com/ubuntu noble-updates InRelease [126 kB]
2026-10-09T15:51:53.7243482Z Get:4 http://azure.archive.ubuntu.com/ubuntu noble-backports InRelease [126 kB]
2026-10-09T15:51:53.7265948Z Get:5 http://azure.archive.ubuntu.com/ubuntu noble-security InRelease [126 kB]
2026-10-09T15:51:53.8508783Z Get:7 https://packages.microsoft.com/ubuntu/24.04/prod noble/main armhf Packages [12.3 kB]
2026-10-09T15:51:53.8637228Z Get:8 https://packages.microsoft.com/ubuntu/24.04/prod noble/main amd64 Packages [531 kB]
2026-10-09T15:51:53.8820762Z Get:9 https://packages.microsoft.com/ubuntu/24.04/prod noble/main arm64 Packages [475 kB]
2026-10-09T15:51:53.8964932Z Get:10 https://packages.microsoft.com/ubuntu/24.04/prod noble/main all Packages [640 B]
2026-10-09T15:51:53.9124508Z Get:11 http://azure.archive.ubuntu.com/ubuntu noble-updates/main amd64 Packages [1375 kB]
2026-10-09T15:51:53.9196454Z Get:12 http://azure.archive.ubuntu.com/ubuntu noble-updates/main Translation-en [306 kB]
2026-10-09T15:51:53.9233607Z Get:13 http://azure.archive.ubuntu.com/ubuntu noble-updates/universe amd64 Packages [1702 kB]
2026-10-09T15:51:53.9356844Z Get:14 http://azure.archive.ubuntu.com/ubuntu noble-updates/universe Translation-en [342 kB]
2026-10-09T15:51:53.9358885Z Get:15 http://azure.archive.ubuntu.com/ubuntu noble-updates/restricted amd64 Packages [1761 kB]
2026-10-09T15:51:53.9472375Z Get:16 http://azure.archive.ubuntu.com/ubuntu noble-updates/restricted Translation-en [401 kB]
2026-10-09T15:51:53.9514416Z Get:17 http://azure.archive.ubuntu.com/ubuntu noble-updates/multiverse amd64 Packages [55.0 kB]
2026-10-09T15:51:53.9516316Z Get:18 http://azure.archive.ubuntu.com/ubuntu noble-updates/multiverse Translation-en [14.3 kB]
2026-10-09T15:51:54.0377670Z Get:19 http://azure.archive.ubuntu.com/ubuntu noble-security/main amd64 Packages [1121 kB]
2026-10-09T15:51:54.0453935Z Get:20 http://azure.archive.ubuntu.com/ubuntu noble-security/main Translation-en [228 kB]
2026-10-09T15:51:54.0901113Z Get:21 http://azure.archive.ubuntu.com/ubuntu noble-security/universe amd64 Packages [1220 kB]
2026-10-09T15:51:54.0994193Z Get:22 http://azure.archive.ubuntu.com/ubuntu noble-security/universe Translation-en [245 kB]
2026-10-09T15:51:54.1013966Z Get:23 http://azure.archive.ubuntu.com/ubuntu noble-security/restricted amd64 Packages [1669 kB]
2026-10-09T15:51:54.1103001Z Get:24 http://azure.archive.ubuntu.com/ubuntu noble-security/restricted Translation-en [383 kB]
2026-10-09T15:51:54.1138419Z Get:25 http://azure.archive.ubuntu.com/ubuntu noble-security/multiverse amd64 Packages [49.8 kB]
2026-10-09T15:51:54.1140098Z Get:26 http://azure.archive.ubuntu.com/ubuntu noble-security/multiverse Translation-en [12.4 kB]
2026-10-09T15:51:57.2624709Z Fetched 12.3 MB in 1s (8831 kB/s)
2026-10-09T15:51:58.2440464Z Reading package lists...
2026-10-09T15:51:58.3739757Z Reading package lists...
2026-10-09T15:51:58.6065525Z Building dependency tree...
2026-10-09T15:51:58.6073868Z Reading state information...
2026-10-09T15:51:58.7927159Z libasound2t64 is already the newest version (1.2.11-1ubuntu0.3).
2026-10-09T15:51:58.7928058Z libasound2t64 set to manually installed.
2026-10-09T15:51:58.7929063Z libatk-bridge2.0-0t64 is already the newest version (2.52.0-1build1).
2026-10-09T15:51:58.7929964Z libatk-bridge2.0-0t64 set to manually installed.
2026-10-09T15:51:58.7930913Z libatk1.0-0t64 is already the newest version (2.52.0-1build1).
2026-10-09T15:51:58.7931625Z libatk1.0-0t64 set to manually installed.
2026-10-09T15:51:58.7932644Z libatspi2.0-0t64 is already the newest version (2.52.0-1build1).
2026-10-09T15:51:58.7933356Z libatspi2.0-0t64 set to manually installed.
2026-10-09T15:51:58.7933977Z libcairo2 is already the newest version (1.18.0-3build1).
2026-10-09T15:51:58.7934368Z libcairo2 set to manually installed.
2026-10-09T15:51:58.7934804Z libcups2t64 is already the newest version (2.4.7-1.2ubuntu7.14).
2026-10-09T15:51:58.7935208Z libcups2t64 set to manually installed.
2026-10-09T15:51:58.7935616Z libdbus-1-3 is already the newest version (1.14.10-4ubuntu4.1).
2026-10-09T15:51:58.7936008Z libdbus-1-3 set to manually installed.
2026-10-09T15:51:58.7936423Z libdrm2 is already the newest version (2.4.125-1ubuntu0.1~24.04.2).
2026-10-09T15:51:58.7936824Z libdrm2 set to manually installed.
2026-10-09T15:51:58.7937221Z libgbm1 is already the newest version (25.2.8-0ubuntu0.24.04.4).
2026-10-09T15:51:58.7937614Z libgbm1 set to manually installed.
2026-10-09T15:51:58.7938030Z libglib2.0-0t64 is already the newest version (2.80.0-6ubuntu3.9).
2026-10-09T15:51:58.7938445Z libglib2.0-0t64 set to manually installed.
2026-10-09T15:51:58.7938857Z libnspr4 is already the newest version (2:4.35-1.1build1).
2026-10-09T15:51:58.7939244Z libnspr4 set to manually installed.
2026-10-09T15:51:58.7939625Z libnss3 is already the newest version (2:3.98-1ubuntu0.2).
2026-10-09T15:51:58.7939998Z libnss3 set to manually installed.
2026-10-09T15:51:58.7940399Z libpango-1.0-0 is already the newest version (1.52.1+ds-1build1).
2026-10-09T15:51:58.7940806Z libpango-1.0-0 set to manually installed.
2026-10-09T15:51:58.7941223Z libx11-6 is already the newest version (2:1.8.7-1build1).
2026-10-09T15:51:58.7941582Z libx11-6 set to manually installed.
2026-10-09T15:51:58.7941939Z libxcb1 is already the newest version (1.15-1ubuntu2).
2026-10-09T15:51:58.7942299Z libxcb1 set to manually installed.
2026-10-09T15:51:58.7943005Z libxcomposite1 is already the newest version (1:0.4.5-1build3).
2026-10-09T15:51:58.7943419Z libxcomposite1 set to manually installed.
2026-10-09T15:51:58.7944188Z libxdamage1 is already the newest version (1:1.1.6-1build1).
2026-10-09T15:51:58.7944586Z libxdamage1 set to manually installed.
2026-10-09T15:51:58.7944972Z libxext6 is already the newest version (2:1.3.4-1build2).
2026-10-09T15:51:58.7945341Z libxext6 set to manually installed.
2026-10-09T15:51:58.7945868Z libxfixes3 is already the newest version (1:6.0.0-2build1).
2026-10-09T15:51:58.7946251Z libxfixes3 set to manually installed.
2026-10-09T15:51:58.7946644Z libxkbcommon0 is already the newest version (1.6.0-1build1).
2026-10-09T15:51:58.7947043Z libxkbcommon0 set to manually installed.
2026-10-09T15:51:58.7947449Z libxrandr2 is already the newest version (2:1.5.2-2build1).
2026-10-09T15:51:58.7947841Z libxrandr2 set to manually installed.
2026-10-09T15:51:58.7948226Z xvfb is already the newest version (2:21.1.12-1ubuntu1.8).
2026-10-09T15:51:58.7948750Z fonts-noto-color-emoji is already the newest version (2.047-0ubuntu0.24.04.1).
2026-10-09T15:51:58.7949310Z libfontconfig1 is already the newest version (2.15.0-1.1ubuntu2).
2026-10-09T15:51:58.7949722Z libfontconfig1 set to manually installed.
2026-10-09T15:51:58.7950135Z fonts-liberation is already the newest version (1:2.1.5-3).
2026-10-09T15:51:58.7950551Z fonts-liberation set to manually installed.
2026-10-09T15:51:58.7950949Z The following additional packages will be installed:
2026-10-09T15:51:58.7951310Z   xfonts-encodings xfonts-utils
2026-10-09T15:51:58.7951584Z Recommended packages:
2026-10-09T15:51:58.7951853Z   fonts-ipafont-mincho fonts-tlwg-loma
2026-10-09T15:51:58.9777806Z The following NEW packages will be installed:
2026-10-09T15:51:58.9778833Z   fonts-freefont-ttf fonts-ipafont-gothic fonts-tlwg-loma-otf fonts-unifont
2026-10-09T15:51:58.9787923Z   fonts-wqy-zenhei xfonts-cyrillic xfonts-encodings xfonts-scalable
2026-10-09T15:51:58.9788588Z   xfonts-utils
2026-10-09T15:51:58.9794316Z The following packages will be upgraded:
2026-10-09T15:51:58.9799859Z   libfreetype6
2026-10-09T15:51:59.0283886Z 1 upgraded, 9 newly installed, 0 to remove and 22 not upgraded.
2026-10-09T15:51:59.0284370Z Need to get 21.5 MB of archives.
2026-10-09T15:51:59.0285027Z After this operation, 79.5 MB of additional disk space will be used.
2026-10-09T15:51:59.0285927Z Get:1 file:/etc/apt/apt-mirrors.txt Mirrorlist [144 B]
2026-10-09T15:51:59.1432277Z Get:2 http://azure.archive.ubuntu.com/ubuntu noble/universe amd64 fonts-ipafont-gothic all 00303-21ubuntu1 [3513 kB]
2026-10-09T15:51:59.1868687Z Get:3 http://azure.archive.ubuntu.com/ubuntu noble/main amd64 fonts-freefont-ttf all 20211204+svn4273-2 [5641 kB]
2026-10-09T15:51:59.2348092Z Get:4 http://azure.archive.ubuntu.com/ubuntu noble/universe amd64 fonts-tlwg-loma-otf all 1:0.7.3-1 [107 kB]
2026-10-09T15:51:59.2831682Z Get:5 http://azure.archive.ubuntu.com/ubuntu noble/universe amd64 fonts-unifont all 1:15.1.01-1build1 [2993 kB]
2026-10-09T15:51:59.3286278Z Get:6 http://azure.archive.ubuntu.com/ubuntu noble/universe amd64 fonts-wqy-zenhei all 0.9.45-8 [7472 kB]
2026-10-09T15:51:59.3953224Z Get:7 http://azure.archive.ubuntu.com/ubuntu noble-updates/main amd64 libfreetype6 amd64 2.13.2+dfsg-1ubuntu0.2 [403 kB]
2026-10-09T15:51:59.4308959Z Get:8 http://azure.archive.ubuntu.com/ubuntu noble/main amd64 xfonts-encodings all 1:1.0.5-0ubuntu2 [578 kB]
2026-10-09T15:51:59.4868841Z Get:9 http://azure.archive.ubuntu.com/ubuntu noble/main amd64 xfonts-utils amd64 1:7.7+6build3 [94.4 kB]
2026-10-09T15:51:59.5023000Z Get:10 http://azure.archive.ubuntu.com/ubuntu noble/universe amd64 xfonts-cyrillic all 1:1.0.5+nmu1 [384 kB]
2026-10-09T15:51:59.5192089Z Get:11 http://azure.archive.ubuntu.com/ubuntu noble/main amd64 xfonts-scalable all 1:1.0.3-1.3 [304 kB]
2026-10-09T15:51:59.8657227Z Fetched 21.5 MB in 1s (42.5 MB/s)
2026-10-09T15:51:59.8948097Z Selecting previously unselected package fonts-ipafont-gothic.
2026-10-09T15:51:59.9231675Z (Reading database ... 
2026-10-09T15:51:59.9232680Z (Reading database ... 5%
2026-10-09T15:51:59.9233300Z (Reading database ... 10%
2026-10-09T15:51:59.9234047Z (Reading database ... 15%
2026-10-09T15:51:59.9234367Z (Reading database ... 20%
2026-10-09T15:51:59.9234656Z (Reading database ... 25%
2026-10-09T15:51:59.9234931Z (Reading database ... 30%
2026-10-09T15:51:59.9235205Z (Reading database ... 35%
2026-10-09T15:51:59.9235484Z (Reading database ... 40%
2026-10-09T15:51:59.9235751Z (Reading database ... 45%
2026-10-09T15:51:59.9236211Z (Reading database ... 50%
2026-10-09T15:51:59.9322771Z (Reading database ... 55%
2026-10-09T15:52:00.0198321Z (Reading database ... 60%
2026-10-09T15:52:00.1691272Z (Reading database ... 65%
2026-10-09T15:52:00.3735569Z (Reading database ... 70%
2026-10-09T15:52:00.5259010Z (Reading database ... 75%
2026-10-09T15:52:00.6695574Z (Reading database ... 80%
2026-10-09T15:52:00.7919291Z (Reading database ... 85%
2026-10-09T15:52:00.9257762Z (Reading database ... 90%
2026-10-09T15:52:01.0331662Z (Reading database ... 95%
2026-10-09T15:52:01.0332144Z (Reading database ... 100%
2026-10-09T15:52:01.0333093Z (Reading database ... 203191 files and directories currently installed.)
2026-10-09T15:52:01.0376807Z Preparing to unpack .../0-fonts-ipafont-gothic_00303-21ubuntu1_all.deb ...
2026-10-09T15:52:01.0471616Z Unpacking fonts-ipafont-gothic (00303-21ubuntu1) ...
2026-10-09T15:52:01.2788804Z Selecting previously unselected package fonts-freefont-ttf.
2026-10-09T15:52:01.2920007Z Preparing to unpack .../1-fonts-freefont-ttf_20211204+svn4273-2_all.deb ...
2026-10-09T15:52:01.2928454Z Unpacking fonts-freefont-ttf (20211204+svn4273-2) ...
2026-10-09T15:52:01.3725545Z Selecting previously unselected package fonts-tlwg-loma-otf.
2026-10-09T15:52:01.3859364Z Preparing to unpack .../2-fonts-tlwg-loma-otf_1%3a0.7.3-1_all.deb ...
2026-10-09T15:52:01.3867832Z Unpacking fonts-tlwg-loma-otf (1:0.7.3-1) ...
2026-10-09T15:52:01.4082349Z Selecting previously unselected package fonts-unifont.
2026-10-09T15:52:01.4213871Z Preparing to unpack .../3-fonts-unifont_1%3a15.1.01-1build1_all.deb ...
2026-10-09T15:52:01.4220880Z Unpacking fonts-unifont (1:15.1.01-1build1) ...
2026-10-09T15:52:01.5356803Z Selecting previously unselected package fonts-wqy-zenhei.
2026-10-09T15:52:01.5486236Z Preparing to unpack .../4-fonts-wqy-zenhei_0.9.45-8_all.deb ...
2026-10-09T15:52:01.5590753Z Unpacking fonts-wqy-zenhei (0.9.45-8) ...
2026-10-09T15:52:02.0463492Z Preparing to unpack .../5-libfreetype6_2.13.2+dfsg-1ubuntu0.2_amd64.deb ...
2026-10-09T15:52:02.0493255Z Unpacking libfreetype6:amd64 (2.13.2+dfsg-1ubuntu0.2) over (2.13.2+dfsg-1ubuntu0.1) ...
2026-10-09T15:52:02.0744292Z Selecting previously unselected package xfonts-encodings.
2026-10-09T15:52:02.0875478Z Preparing to unpack .../6-xfonts-encodings_1%3a1.0.5-0ubuntu2_all.deb ...
2026-10-09T15:52:02.0881870Z Unpacking xfonts-encodings (1:1.0.5-0ubuntu2) ...
2026-10-09T15:52:02.1178870Z Selecting previously unselected package xfonts-utils.
2026-10-09T15:52:02.1308340Z Preparing to unpack .../7-xfonts-utils_1%3a7.7+6build3_amd64.deb ...
2026-10-09T15:52:02.1315601Z Unpacking xfonts-utils (1:7.7+6build3) ...
2026-10-09T15:52:02.1709817Z Selecting previously unselected package xfonts-cyrillic.
2026-10-09T15:52:02.1839168Z Preparing to unpack .../8-xfonts-cyrillic_1%3a1.0.5+nmu1_all.deb ...
2026-10-09T15:52:02.1846392Z Unpacking xfonts-cyrillic (1:1.0.5+nmu1) ...
2026-10-09T15:52:02.2195598Z Selecting previously unselected package xfonts-scalable.
2026-10-09T15:52:02.2323918Z Preparing to unpack .../9-xfonts-scalable_1%3a1.0.3-1.3_all.deb ...
2026-10-09T15:52:02.2331277Z Unpacking xfonts-scalable (1:1.0.3-1.3) ...
2026-10-09T15:52:02.2757697Z Setting up fonts-wqy-zenhei (0.9.45-8) ...
2026-10-09T15:52:02.2886690Z Setting up fonts-freefont-ttf (20211204+svn4273-2) ...
2026-10-09T15:52:02.2904530Z Setting up fonts-tlwg-loma-otf (1:0.7.3-1) ...
2026-10-09T15:52:02.2923009Z Setting up libfreetype6:amd64 (2.13.2+dfsg-1ubuntu0.2) ...
2026-10-09T15:52:02.2940160Z Setting up xfonts-encodings (1:1.0.5-0ubuntu2) ...
2026-10-09T15:52:02.2958121Z Setting up fonts-ipafont-gothic (00303-21ubuntu1) ...
2026-10-09T15:52:02.3027532Z update-alternatives: using /usr/share/fonts/opentype/ipafont-gothic/ipag.ttf to provide /usr/share/fonts/truetype/fonts-japanese-gothic.ttf (fonts-japanese-gothic.ttf) in auto mode
2026-10-09T15:52:02.3045739Z Setting up fonts-unifont (1:15.1.01-1build1) ...
2026-10-09T15:52:02.3065130Z Setting up xfonts-utils (1:7.7+6build3) ...
2026-10-09T15:52:02.3107440Z Setting up xfonts-cyrillic (1:1.0.5+nmu1) ...
2026-10-09T15:52:02.3392068Z Setting up xfonts-scalable (1:1.0.3-1.3) ...
2026-10-09T15:52:02.3664055Z Processing triggers for libc-bin (2.39-0ubuntu8.9) ...
2026-10-09T15:52:02.4014802Z Processing triggers for man-db (2.12.0-4build2) ...
2026-10-09T15:52:02.4035945Z Not building database; man-db/auto-update is not 'true'.
2026-10-09T15:52:02.4049297Z Processing triggers for fontconfig (2.15.0-1.1ubuntu2) ...
2026-10-09T15:52:03.1300378Z 
2026-10-09T15:52:03.1301074Z Running kernel seems to be up-to-date.
2026-10-09T15:52:03.1301475Z 
2026-10-09T15:52:03.1301620Z Restarting services...
2026-10-09T15:52:03.1378203Z  systemctl restart php8.3-fpm.service
2026-10-09T15:52:03.2692052Z 
2026-10-09T15:52:03.2694106Z No containers need to be restarted.
2026-10-09T15:52:03.2694544Z 
2026-10-09T15:52:03.2694906Z No user sessions are running outdated binaries.
2026-10-09T15:52:03.2695305Z 
2026-10-09T15:52:03.2695649Z No VM guests are running outdated hypervisor (qemu) binaries on this host.
2026-10-09T15:52:04.3548274Z Downloading Chrome for Testing 151.0.7922.34 (playwright chromium v1234) from https://cdn.playwright.dev/builds/cft/151.0.7922.34/linux64/chrome-linux64.zip
2026-10-09T15:52:05.3653095Z |                                                                                |   0% of 184.3 MiB
2026-10-09T15:52:05.5353077Z |■■■■■■■■                                                                        |  10% of 184.3 MiB
2026-10-09T15:52:05.6279962Z |■■■■■■■■■■■■■■■■                                                                |  20% of 184.3 MiB
2026-10-09T15:52:05.7068378Z |■■■■■■■■■■■■■■■■■■■■■■■■                                                        |  30% of 184.3 MiB
2026-10-09T15:52:05.7792356Z |■■■■■■■■■■■■■■■■■■■■■■■■■■■■■■■■                                                |  40% of 184.3 MiB
2026-10-09T15:52:05.8480513Z |■■■■■■■■■■■■■■■■■■■■■■■■■■■■■■■■■■■■■■■■                                        |  50% of 184.3 MiB
2026-10-09T15:52:05.9181341Z |■■■■■■■■■■■■■■■■■■■■■■■■■■■■■■■■■■■■■■■■■■■■■■■■                                |  60% of 184.3 MiB
2026-10-09T15:52:05.9838183Z |■■■■■■■■■■■■■■■■■■■■■■■■■■■■■■■■■■■■■■■■■■■■■■■■■■■■■■■■                        |  70% of 184.3 MiB
2026-10-09T15:52:06.0478035Z |■■■■■■■■■■■■■■■■■■■■■■■■■■■■■■■■■■■■■■■■■■■■■■■■■■■■■■■■■■■■■■■■                |  80% of 184.3 MiB
2026-10-09T15:52:06.1078758Z |■■■■■■■■■■■■■■■■■■■■■■■■■■■■■■■■■■■■■■■■■■■■■■■■■■■■■■■■■■■■■■■■■■■■■■■■        |  90% of 184.3 MiB
2026-10-09T15:52:06.1879086Z |■■■■■■■■■■■■■■■■■■■■■■■■■■■■■■■■■■■■■■■■■■■■■■■■■■■■■■■■■■■■■■■■■■■■■■■■■■■■■■■■| 100% of 184.3 MiB
2026-10-09T15:52:08.9663096Z Chrome for Testing 151.0.7922.34 (playwright chromium v1234) downloaded to /home/runner/work/_temp/novel-ci-v2-independent-media.YB6kZs/cache/ms-playwright/chromium-1234
2026-10-09T15:52:08.9666633Z Downloading FFmpeg (playwright ffmpeg v1011) from https://cdn.playwright.dev/dbazure/download/playwright/builds/ffmpeg/1011/ffmpeg-linux.zip
2026-10-09T15:52:09.9633951Z |                                                                                |   0% of 2.3 MiB
2026-10-09T15:52:09.9695913Z |■■■■■■■■                                                                        |  10% of 2.3 MiB
2026-10-09T15:52:09.9721120Z |■■■■■■■■■■■■■■■■                                                                |  20% of 2.3 MiB
2026-10-09T15:52:09.9739871Z |■■■■■■■■■■■■■■■■■■■■■■■■                                                        |  30% of 2.3 MiB
2026-10-09T15:52:09.9763428Z |■■■■■■■■■■■■■■■■■■■■■■■■■■■■■■■■                                                |  40% of 2.3 MiB
2026-10-09T15:52:09.9782228Z |■■■■■■■■■■■■■■■■■■■■■■■■■■■■■■■■■■■■■■■■                                        |  50% of 2.3 MiB
2026-10-09T15:52:09.9798551Z |■■■■■■■■■■■■■■■■■■■■■■■■■■■■■■■■■■■■■■■■■■■■■■■■                                |  60% of 2.3 MiB
2026-10-09T15:52:09.9813206Z |■■■■■■■■■■■■■■■■■■■■■■■■■■■■■■■■■■■■■■■■■■■■■■■■■■■■■■■■                        |  70% of 2.3 MiB
2026-10-09T15:52:09.9828389Z |■■■■■■■■■■■■■■■■■■■■■■■■■■■■■■■■■■■■■■■■■■■■■■■■■■■■■■■■■■■■■■■■                |  80% of 2.3 MiB
2026-10-09T15:52:09.9846580Z |■■■■■■■■■■■■■■■■■■■■■■■■■■■■■■■■■■■■■■■■■■■■■■■■■■■■■■■■■■■■■■■■■■■■■■■■        |  90% of 2.3 MiB
2026-10-09T15:52:09.9855646Z |■■■■■■■■■■■■■■■■■■■■■■■■■■■■■■■■■■■■■■■■■■■■■■■■■■■■■■■■■■■■■■■■■■■■■■■■■■■■■■■■| 100% of 2.3 MiB
2026-10-09T15:52:10.0462342Z FFmpeg (playwright ffmpeg v1011) downloaded to /home/runner/work/_temp/novel-ci-v2-independent-media.YB6kZs/cache/ms-playwright/ffmpeg-1011
2026-10-09T15:52:10.0466618Z Downloading Chrome Headless Shell 151.0.7922.34 (playwright chromium-headless-shell v1234) from https://cdn.playwright.dev/builds/cft/151.0.7922.34/linux64/chrome-headless-shell-linux64.zip
2026-10-09T15:52:11.0608133Z |                                                                                |   0% of 114.7 MiB
2026-10-09T15:52:11.2159284Z |■■■■■■■■                                                                        |  10% of 114.7 MiB
2026-10-09T15:52:11.3000138Z |■■■■■■■■■■■■■■■■                                                                |  20% of 114.7 MiB
2026-10-09T15:52:11.3534130Z |■■■■■■■■■■■■■■■■■■■■■■■■                                                        |  30% of 114.7 MiB
2026-10-09T15:52:11.4047353Z |■■■■■■■■■■■■■■■■■■■■■■■■■■■■■■■■                                                |  40% of 114.7 MiB
2026-10-09T15:52:11.4519498Z |■■■■■■■■■■■■■■■■■■■■■■■■■■■■■■■■■■■■■■■■                                        |  50% of 114.7 MiB
2026-10-09T15:52:11.4925936Z |■■■■■■■■■■■■■■■■■■■■■■■■■■■■■■■■■■■■■■■■■■■■■■■■                                |  60% of 114.7 MiB
2026-10-09T15:52:11.5369132Z |■■■■■■■■■■■■■■■■■■■■■■■■■■■■■■■■■■■■■■■■■■■■■■■■■■■■■■■■                        |  70% of 114.7 MiB
2026-10-09T15:52:11.5909400Z |■■■■■■■■■■■■■■■■■■■■■■■■■■■■■■■■■■■■■■■■■■■■■■■■■■■■■■■■■■■■■■■■                |  80% of 114.7 MiB
2026-10-09T15:52:11.6329294Z |■■■■■■■■■■■■■■■■■■■■■■■■■■■■■■■■■■■■■■■■■■■■■■■■■■■■■■■■■■■■■■■■■■■■■■■■        |  90% of 114.7 MiB
2026-10-09T15:52:11.6804695Z |■■■■■■■■■■■■■■■■■■■■■■■■■■■■■■■■■■■■■■■■■■■■■■■■■■■■■■■■■■■■■■■■■■■■■■■■■■■■■■■■| 100% of 114.7 MiB
2026-10-09T15:52:13.6702965Z Chrome Headless Shell 151.0.7922.34 (playwright chromium-headless-shell v1234) downloaded to /home/runner/work/_temp/novel-ci-v2-independent-media.YB6kZs/cache/ms-playwright/chromium_headless_shell-1234
2026-10-09T15:52:13.6952351Z ##[group]Run python -m pip install -c .github/ci/python-constraints.txt -e '.[dev,fontbuild,otio,comic]'
2026-10-09T15:52:13.6953508Z [36;1mpython -m pip install -c .github/ci/python-constraints.txt -e '.[dev,fontbuild,otio,comic]'[0m
2026-10-09T15:52:13.6954011Z [36;1mpython -m pip check[0m
2026-10-09T15:52:13.6954415Z [36;1mpython -m pip freeze --exclude-editable > "$CI_RECEIPTS/python-packages.txt"[0m
2026-10-09T15:52:13.7020252Z shell: /usr/bin/bash -e {0}
2026-10-09T15:52:13.7020501Z env:
2026-10-09T15:52:13.7020700Z   MOCK_PROVIDER: true
2026-10-09T15:52:13.7020925Z   MOCK_STREAM_DELAY_MS: 0
2026-10-09T15:52:13.7021157Z   ENABLE_CLOUD: false
2026-10-09T15:52:13.7021404Z   CREDENTIAL_VAULT_BACKEND: memory
2026-10-09T15:52:13.7021699Z   CREDENTIAL_VAULT_ALLOW_MEMORY_FALLBACK: true
2026-10-09T15:52:13.7022030Z   PYTHONDONTWRITEBYTECODE: 1
2026-10-09T15:52:13.7022276Z   HF_HUB_OFFLINE: 1
2026-10-09T15:52:13.7022724Z   TRANSFORMERS_OFFLINE: 1
2026-10-09T15:52:13.7023055Z   pythonLocation: /opt/hostedtoolcache/Python/3.12.9/x64
2026-10-09T15:52:13.7023498Z   PKG_CONFIG_PATH: /opt/hostedtoolcache/Python/3.12.9/x64/lib/pkgconfig
2026-10-09T15:52:13.7023929Z   Python_ROOT_DIR: /opt/hostedtoolcache/Python/3.12.9/x64
2026-10-09T15:52:13.7024311Z   Python2_ROOT_DIR: /opt/hostedtoolcache/Python/3.12.9/x64
2026-10-09T15:52:13.7024685Z   Python3_ROOT_DIR: /opt/hostedtoolcache/Python/3.12.9/x64
2026-10-09T15:52:13.7025060Z   LD_LIBRARY_PATH: /opt/hostedtoolcache/Python/3.12.9/x64/lib
2026-10-09T15:52:13.7025455Z   CI_COVERAGE_SHA: 9851bdd2d692df983664bc8f4597fbc05c0e2ceb
2026-10-09T15:52:13.7025832Z   CI_COVERAGE_TREE: cd6989a19e5fd5e2400f2325fe696cae03d8eda7
2026-10-09T15:52:13.7026278Z   CI_SANDBOX: /home/runner/work/_temp/novel-ci-v2-independent-media.YB6kZs
2026-10-09T15:52:13.7026809Z   CI_PROJECT: /home/runner/work/_temp/novel-ci-v2-independent-media.YB6kZs/project
2026-10-09T15:52:13.7027368Z   CI_RECEIPTS: /home/runner/work/_temp/novel-ci-v2-independent-media.YB6kZs/receipts
2026-10-09T15:52:13.7027909Z   HOME: /home/runner/work/_temp/novel-ci-v2-independent-media.YB6kZs/home
2026-10-09T15:52:13.7028426Z   USERPROFILE: /home/runner/work/_temp/novel-ci-v2-independent-media.YB6kZs/home
2026-10-09T15:52:13.7028966Z   APPDATA: /home/runner/work/_temp/novel-ci-v2-independent-media.YB6kZs/appdata
2026-10-09T15:52:13.7029529Z   LOCALAPPDATA: /home/runner/work/_temp/novel-ci-v2-independent-media.YB6kZs/localappdata
2026-10-09T15:52:13.7030109Z   XDG_CONFIG_HOME: /home/runner/work/_temp/novel-ci-v2-independent-media.YB6kZs/config
2026-10-09T15:52:13.7030660Z   XDG_CACHE_HOME: /home/runner/work/_temp/novel-ci-v2-independent-media.YB6kZs/cache
2026-10-09T15:52:13.7031202Z   XDG_DATA_HOME: /home/runner/work/_temp/novel-ci-v2-independent-media.YB6kZs/data
2026-10-09T15:52:13.7031732Z   XDG_STATE_HOME: /home/runner/work/_temp/novel-ci-v2-independent-media.YB6kZs/state
2026-10-09T15:52:13.7032245Z   TMPDIR: /home/runner/work/_temp/novel-ci-v2-independent-media.YB6kZs/tmp
2026-10-09T15:52:13.7033043Z   TMP: /home/runner/work/_temp/novel-ci-v2-independent-media.YB6kZs/tmp
2026-10-09T15:52:13.7033518Z   TEMP: /home/runner/work/_temp/novel-ci-v2-independent-media.YB6kZs/tmp
2026-10-09T15:52:13.7034031Z   PROJECT_ROOT: /home/runner/work/_temp/novel-ci-v2-independent-media.YB6kZs/project
2026-10-09T15:52:13.7034603Z   NOVEL_DATA_PATH: /home/runner/work/_temp/novel-ci-v2-independent-media.YB6kZs/data/novels
2026-10-09T15:52:13.7035190Z   BACKUP_PATH: /home/runner/work/_temp/novel-ci-v2-independent-media.YB6kZs/data/backups
2026-10-09T15:52:13.7035833Z   DATABASE_BACKUP_PATH: /home/runner/work/_temp/novel-ci-v2-independent-media.YB6kZs/data/database-backups
2026-10-09T15:52:13.7036900Z   KNOWLEDGE_SOURCE_PATH: /home/runner/work/_temp/novel-ci-v2-independent-media.YB6kZs/data/novels
2026-10-09T15:52:13.7037368Z ##[endgroup]
2026-10-09T15:52:14.6920617Z Obtaining file:///home/runner/work/_temp/novel-ci-v2-independent-media.YB6kZs/project
2026-10-09T15:52:14.6940594Z   Installing build dependencies: started
2026-10-09T15:52:15.9779540Z   Installing build dependencies: finished with status 'done'
2026-10-09T15:52:15.9786155Z   Checking if build backend supports build_editable: started
2026-10-09T15:52:16.6741155Z   Checking if build backend supports build_editable: finished with status 'done'
2026-10-09T15:52:16.6749970Z   Getting requirements to build editable: started
2026-10-09T15:52:17.6009279Z   Getting requirements to build editable: finished with status 'done'
2026-10-09T15:52:17.6019040Z   Preparing editable metadata (pyproject.toml): started
2026-10-09T15:52:18.5344865Z   Preparing editable metadata (pyproject.toml): finished with status 'done'
2026-10-09T15:52:18.6364133Z Collecting fastapi<1,>=0.115 (from ai-novel-studio==0.7.0)
2026-10-09T15:52:18.6905896Z   Downloading fastapi-0.142.2-py3-none-any.whl.metadata (27 kB)
2026-10-09T15:52:18.7287745Z Collecting uvicorn<1,>=0.30 (from ai-novel-studio==0.7.0)
2026-10-09T15:52:18.7344662Z   Downloading uvicorn-0.54.0-py3-none-any.whl.metadata (6.6 kB)
2026-10-09T15:52:18.7553102Z Collecting psycopg<4,>=3.2 (from psycopg[binary]<4,>=3.2->ai-novel-studio==0.7.0)
2026-10-09T15:52:18.7593254Z   Downloading psycopg-3.3.6-py3-none-any.whl.metadata (4.4 kB)
2026-10-09T15:52:19.0587230Z Collecting sqlalchemy<3,>=2.0 (from ai-novel-studio==0.7.0)
2026-10-09T15:52:19.0659632Z   Downloading sqlalchemy-2.1.3-cp312-cp312-manylinux2014_x86_64.manylinux_2_17_x86_64.manylinux_2_28_x86_64.whl.metadata (9.7 kB)
2026-10-09T15:52:19.0922178Z Collecting httpx<1,>=0.27 (from ai-novel-studio==0.7.0)
2026-10-09T15:52:19.0985967Z   Downloading httpx-0.28.1-py3-none-any.whl.metadata (7.1 kB)
2026-10-09T15:52:19.1139901Z Collecting pydantic-settings<3,>=2.6 (from ai-novel-studio==0.7.0)
2026-10-09T15:52:19.1186447Z   Downloading pydantic_settings-2.15.0-py3-none-any.whl.metadata (3.9 kB)
2026-10-09T15:52:19.2188502Z Collecting reportlab<5,>=4.0 (from ai-novel-studio==0.7.0)
2026-10-09T15:52:19.2235596Z   Downloading reportlab-4.5.1-py3-none-any.whl.metadata (1.7 kB)
2026-10-09T15:52:19.2442939Z Collecting pypdf==6.19.0 (from ai-novel-studio==0.7.0)
2026-10-09T15:52:19.2481812Z   Downloading pypdf-6.19.0-py3-none-any.whl.metadata (7.5 kB)
2026-10-09T15:52:19.2703579Z Collecting jsonschema<5,>=4.18 (from ai-novel-studio==0.7.0)
2026-10-09T15:52:19.2748804Z   Downloading jsonschema-4.26.0-py3-none-any.whl.metadata (7.6 kB)
2026-10-09T15:52:19.3029242Z Collecting pytest<9,>=8 (from ai-novel-studio==0.7.0)
2026-10-09T15:52:19.3073206Z   Downloading pytest-8.4.2-py3-none-any.whl.metadata (7.7 kB)
2026-10-09T15:52:19.4481314Z Collecting fonttools==4.59.1 (from ai-novel-studio==0.7.0)
2026-10-09T15:52:19.4578883Z   Downloading fonttools-4.59.1-cp312-cp312-manylinux1_x86_64.manylinux2014_x86_64.manylinux_2_17_x86_64.manylinux_2_5_x86_64.whl.metadata (108 kB)
2026-10-09T15:52:19.4925897Z Collecting opentimelineio==0.18.1 (from ai-novel-studio==0.7.0)
2026-10-09T15:52:19.4991077Z   Downloading opentimelineio-0.18.1-cp312-cp312-manylinux2014_x86_64.manylinux_2_17_x86_64.whl.metadata (2.6 kB)
2026-10-09T15:52:19.6808863Z Collecting Pillow==12.3.0 (from ai-novel-studio==0.7.0)
2026-10-09T15:52:19.6859088Z   Downloading pillow-12.3.0-cp312-cp312-manylinux_2_27_x86_64.manylinux_2_28_x86_64.whl.metadata (9.1 kB)
2026-10-09T15:52:19.7145270Z Collecting starlette>=0.46.0 (from fastapi<1,>=0.115->ai-novel-studio==0.7.0)
2026-10-09T15:52:19.7201434Z   Downloading starlette-1.7.0-py3-none-any.whl.metadata (6.6 kB)
2026-10-09T15:52:19.8183677Z Collecting pydantic>=2.9.0 (from fastapi<1,>=0.115->ai-novel-studio==0.7.0)
2026-10-09T15:52:19.8246560Z   Downloading pydantic-2.13.5-py3-none-any.whl.metadata (110 kB)
2026-10-09T15:52:19.8436419Z Collecting typing-extensions>=4.8.0 (from fastapi<1,>=0.115->ai-novel-studio==0.7.0)
2026-10-09T15:52:19.8517143Z   Downloading typing_extensions-4.16.0-py3-none-any.whl.metadata (3.3 kB)
2026-10-09T15:52:19.8629305Z Collecting typing-inspection>=0.4.2 (from fastapi<1,>=0.115->ai-novel-studio==0.7.0)
2026-10-09T15:52:19.8667012Z   Downloading typing_inspection-0.4.4-py3-none-any.whl.metadata (2.6 kB)
2026-10-09T15:52:19.8768191Z Collecting annotated-doc>=0.0.2 (from fastapi<1,>=0.115->ai-novel-studio==0.7.0)
2026-10-09T15:52:19.8805338Z   Downloading annotated_doc-0.0.5-py3-none-any.whl.metadata (6.5 kB)
2026-10-09T15:52:19.8982890Z Collecting opentelemetry-api>=1.44.0 (from fastapi<1,>=0.115->ai-novel-studio==0.7.0)
2026-10-09T15:52:19.9034387Z   Downloading opentelemetry_api-1.45.0-py3-none-any.whl.metadata (1.4 kB)
2026-10-09T15:52:19.9228882Z Collecting anyio (from httpx<1,>=0.27->ai-novel-studio==0.7.0)
2026-10-09T15:52:19.9267981Z   Downloading anyio-4.15.1-py3-none-any.whl.metadata (4.7 kB)
2026-10-09T15:52:19.9431112Z Collecting certifi (from httpx<1,>=0.27->ai-novel-studio==0.7.0)
2026-10-09T15:52:19.9485080Z   Downloading certifi-2026.7.22-py3-none-any.whl.metadata (2.5 kB)
2026-10-09T15:52:19.9633858Z Collecting httpcore==1.* (from httpx<1,>=0.27->ai-novel-studio==0.7.0)
2026-10-09T15:52:19.9672111Z   Downloading httpcore-1.0.9-py3-none-any.whl.metadata (21 kB)
2026-10-09T15:52:19.9819009Z Collecting idna (from httpx<1,>=0.27->ai-novel-studio==0.7.0)
2026-10-09T15:52:19.9858313Z   Downloading idna-3.20-py3-none-any.whl.metadata (7.2 kB)
2026-10-09T15:52:19.9991359Z Collecting h11>=0.16 (from httpcore==1.*->httpx<1,>=0.27->ai-novel-studio==0.7.0)
2026-10-09T15:52:20.0030276Z   Downloading h11-0.16.0-py3-none-any.whl.metadata (8.3 kB)
2026-10-09T15:52:20.0170405Z Collecting attrs>=22.2.0 (from jsonschema<5,>=4.18->ai-novel-studio==0.7.0)
2026-10-09T15:52:20.0209870Z   Downloading attrs-26.1.0-py3-none-any.whl.metadata (8.8 kB)
2026-10-09T15:52:20.0337614Z Collecting jsonschema-specifications>=2023.03.6 (from jsonschema<5,>=4.18->ai-novel-studio==0.7.0)
2026-10-09T15:52:20.0376380Z   Downloading jsonschema_specifications-2025.9.1-py3-none-any.whl.metadata (2.9 kB)
2026-10-09T15:52:20.0587559Z Collecting referencing>=0.28.4 (from jsonschema<5,>=4.18->ai-novel-studio==0.7.0)
2026-10-09T15:52:20.0631113Z   Downloading referencing-0.37.0-py3-none-any.whl.metadata (2.8 kB)
2026-10-09T15:52:20.3169173Z Collecting rpds-py>=0.25.0 (from jsonschema<5,>=4.18->ai-novel-studio==0.7.0)
2026-10-09T15:52:20.3211782Z   Downloading rpds_py-2026.9.1-cp312-cp312-manylinux_2_17_x86_64.manylinux2014_x86_64.whl.metadata (4.1 kB)
2026-10-09T15:52:20.5010217Z Collecting psycopg-binary==3.3.6 (from psycopg[binary]<4,>=3.2->ai-novel-studio==0.7.0)
2026-10-09T15:52:20.5053224Z   Downloading psycopg_binary-3.3.6-cp312-cp312-manylinux2014_x86_64.manylinux_2_17_x86_64.whl.metadata (2.7 kB)
2026-10-09T15:52:20.5224878Z Collecting python-dotenv>=0.21.0 (from pydantic-settings<3,>=2.6->ai-novel-studio==0.7.0)
2026-10-09T15:52:20.5278224Z   Downloading python_dotenv-1.2.4-py3-none-any.whl.metadata (29 kB)
2026-10-09T15:52:20.5429509Z Collecting iniconfig>=1 (from pytest<9,>=8->ai-novel-studio==0.7.0)
2026-10-09T15:52:20.5473604Z   Downloading iniconfig-2.3.0-py3-none-any.whl.metadata (2.5 kB)
2026-10-09T15:52:20.5619226Z Collecting packaging>=20 (from pytest<9,>=8->ai-novel-studio==0.7.0)
2026-10-09T15:52:20.5661898Z   Downloading packaging-26.3-py3-none-any.whl.metadata (3.5 kB)
2026-10-09T15:52:20.5788522Z Collecting pluggy<2,>=1.5 (from pytest<9,>=8->ai-novel-studio==0.7.0)
2026-10-09T15:52:20.5827033Z   Downloading pluggy-1.6.0-py3-none-any.whl.metadata (4.8 kB)
2026-10-09T15:52:20.6005410Z Collecting pygments>=2.7.2 (from pytest<9,>=8->ai-novel-studio==0.7.0)
2026-10-09T15:52:20.6041736Z   Downloading pygments-2.21.0-py3-none-any.whl.metadata (2.5 kB)
2026-10-09T15:52:20.7243461Z Collecting charset-normalizer (from reportlab<5,>=4.0->ai-novel-studio==0.7.0)
2026-10-09T15:52:20.7285665Z   Downloading charset_normalizer-3.5.2-cp312-cp312-manylinux2014_x86_64.manylinux_2_17_x86_64.manylinux_2_28_x86_64.whl.metadata (46 kB)
2026-10-09T15:52:20.7498249Z Collecting click>=7.0 (from uvicorn<1,>=0.30->ai-novel-studio==0.7.0)
2026-10-09T15:52:20.7536869Z   Downloading click-8.5.0-py3-none-any.whl.metadata (2.6 kB)
2026-10-09T15:52:20.7717009Z Collecting annotated-types>=0.6.0 (from pydantic>=2.9.0->fastapi<1,>=0.115->ai-novel-studio==0.7.0)
2026-10-09T15:52:20.7775287Z   Downloading annotated_types-0.8.0-py3-none-any.whl.metadata (15 kB)
2026-10-09T15:52:21.4470654Z Collecting pydantic-core==2.46.5 (from pydantic>=2.9.0->fastapi<1,>=0.115->ai-novel-studio==0.7.0)
2026-10-09T15:52:21.4519332Z   Downloading pydantic_core-2.46.5-cp312-cp312-manylinux_2_17_x86_64.manylinux2014_x86_64.whl.metadata (6.6 kB)
2026-10-09T15:52:21.4791516Z Downloading fonttools-4.59.1-cp312-cp312-manylinux1_x86_64.manylinux2014_x86_64.manylinux_2_17_x86_64.manylinux_2_5_x86_64.whl (4.9 MB)
2026-10-09T15:52:21.5098670Z    ━━━━━━━━━━━━━━━━━━━━━━━━━━━━━━━━━━━━━━━━ 4.9/4.9 MB 177.0 MB/s  0:00:00
2026-10-09T15:52:21.5177985Z Downloading opentimelineio-0.18.1-cp312-cp312-manylinux2014_x86_64.manylinux_2_17_x86_64.whl (842 kB)
2026-10-09T15:52:21.5237048Z    ━━━━━━━━━━━━━━━━━━━━━━━━━━━━━━━━━━━━━━━━ 842.8/842.8 kB 170.1 MB/s  0:00:00
2026-10-09T15:52:21.5289036Z Downloading pillow-12.3.0-cp312-cp312-manylinux_2_27_x86_64.manylinux_2_28_x86_64.whl (6.9 MB)
2026-10-09T15:52:21.5530058Z    ━━━━━━━━━━━━━━━━━━━━━━━━━━━━━━━━━━━━━━━━ 6.9/6.9 MB 309.1 MB/s  0:00:00
2026-10-09T15:52:21.5570054Z Downloading pypdf-6.19.0-py3-none-any.whl (395 kB)
2026-10-09T15:52:21.5635896Z Downloading fastapi-0.142.2-py3-none-any.whl (144 kB)
2026-10-09T15:52:21.5692135Z Downloading httpx-0.28.1-py3-none-any.whl (73 kB)
2026-10-09T15:52:21.5747166Z Downloading httpcore-1.0.9-py3-none-any.whl (78 kB)
2026-10-09T15:52:21.5806056Z Downloading jsonschema-4.26.0-py3-none-any.whl (90 kB)
2026-10-09T15:52:21.5859467Z Downloading psycopg-3.3.6-py3-none-any.whl (215 kB)
2026-10-09T15:52:21.5919505Z Downloading psycopg_binary-3.3.6-cp312-cp312-manylinux2014_x86_64.manylinux_2_17_x86_64.whl (5.2 MB)
2026-10-09T15:52:21.6111156Z    ━━━━━━━━━━━━━━━━━━━━━━━━━━━━━━━━━━━━━━━━ 5.2/5.2 MB 306.1 MB/s  0:00:00
2026-10-09T15:52:21.6150964Z Downloading pydantic_settings-2.15.0-py3-none-any.whl (69 kB)
2026-10-09T15:52:21.6217742Z Downloading pytest-8.4.2-py3-none-any.whl (365 kB)
2026-10-09T15:52:21.6316032Z Downloading pluggy-1.6.0-py3-none-any.whl (20 kB)
2026-10-09T15:52:21.6370221Z Downloading reportlab-4.5.1-py3-none-any.whl (2.0 MB)
2026-10-09T15:52:21.6463129Z    ━━━━━━━━━━━━━━━━━━━━━━━━━━━━━━━━━━━━━━━━ 2.0/2.0 MB 255.5 MB/s  0:00:00
2026-10-09T15:52:21.6504023Z Downloading sqlalchemy-2.1.3-cp312-cp312-manylinux2014_x86_64.manylinux_2_17_x86_64.manylinux_2_28_x86_64.whl (4.7 MB)
2026-10-09T15:52:21.6742745Z    ━━━━━━━━━━━━━━━━━━━━━━━━━━━━━━━━━━━━━━━━ 4.7/4.7 MB 237.0 MB/s  0:00:00
2026-10-09T15:52:21.6778926Z Downloading uvicorn-0.54.0-py3-none-any.whl (87 kB)
2026-10-09T15:52:21.6840448Z Downloading annotated_doc-0.0.5-py3-none-any.whl (5.3 kB)
2026-10-09T15:52:21.6891816Z Downloading attrs-26.1.0-py3-none-any.whl (67 kB)
2026-10-09T15:52:21.6956962Z Downloading click-8.5.0-py3-none-any.whl (125 kB)
2026-10-09T15:52:21.7017368Z Downloading h11-0.16.0-py3-none-any.whl (37 kB)
2026-10-09T15:52:21.7079878Z Downloading iniconfig-2.3.0-py3-none-any.whl (7.5 kB)
2026-10-09T15:52:21.7133412Z Downloading jsonschema_specifications-2025.9.1-py3-none-any.whl (18 kB)
2026-10-09T15:52:21.7187996Z Downloading opentelemetry_api-1.45.0-py3-none-any.whl (60 kB)
2026-10-09T15:52:21.7251039Z Downloading packaging-26.3-py3-none-any.whl (129 kB)
2026-10-09T15:52:21.7308148Z Downloading pydantic-2.13.5-py3-none-any.whl (472 kB)
2026-10-09T15:52:21.7373715Z Downloading pydantic_core-2.46.5-cp312-cp312-manylinux_2_17_x86_64.manylinux2014_x86_64.whl (2.1 MB)
2026-10-09T15:52:21.7463177Z    ━━━━━━━━━━━━━━━━━━━━━━━━━━━━━━━━━━━━━━━━ 2.1/2.1 MB 276.7 MB/s  0:00:00
2026-10-09T15:52:21.7502926Z Downloading annotated_types-0.8.0-py3-none-any.whl (13 kB)
2026-10-09T15:52:21.7661223Z Downloading pygments-2.21.0-py3-none-any.whl (1.3 MB)
2026-10-09T15:52:21.7734166Z    ━━━━━━━━━━━━━━━━━━━━━━━━━━━━━━━━━━━━━━━━ 1.3/1.3 MB 209.4 MB/s  0:00:00
2026-10-09T15:52:21.7771691Z Downloading python_dotenv-1.2.4-py3-none-any.whl (23 kB)
2026-10-09T15:52:21.7830312Z Downloading referencing-0.37.0-py3-none-any.whl (26 kB)
2026-10-09T15:52:21.7888342Z Downloading rpds_py-2026.9.1-cp312-cp312-manylinux_2_17_x86_64.manylinux2014_x86_64.whl (371 kB)
2026-10-09T15:52:21.7950490Z Downloading starlette-1.7.0-py3-none-any.whl (78 kB)
2026-10-09T15:52:21.8060540Z Downloading anyio-4.15.1-py3-none-any.whl (132 kB)
2026-10-09T15:52:21.8126954Z Downloading idna-3.20-py3-none-any.whl (69 kB)
2026-10-09T15:52:21.8190467Z Downloading typing_extensions-4.16.0-py3-none-any.whl (45 kB)
2026-10-09T15:52:21.8247971Z Downloading typing_inspection-0.4.4-py3-none-any.whl (14 kB)
2026-10-09T15:52:21.8323500Z Downloading certifi-2026.7.22-py3-none-any.whl (136 kB)
2026-10-09T15:52:21.8383617Z Downloading charset_normalizer-3.5.2-cp312-cp312-manylinux2014_x86_64.manylinux_2_17_x86_64.manylinux_2_28_x86_64.whl (257 kB)
2026-10-09T15:52:21.9701711Z Building wheels for collected packages: ai-novel-studio
2026-10-09T15:52:21.9710571Z   Building editable for ai-novel-studio (pyproject.toml): started
2026-10-09T15:52:22.9556839Z   Building editable for ai-novel-studio (pyproject.toml): finished with status 'done'
2026-10-09T15:52:22.9562571Z   Created wheel for ai-novel-studio: filename=ai_novel_studio-0.7.0-0.editable-py3-none-any.whl size=3193 sha256=580af56422431420dd097f70a6e77ab78bd906a0a4048cb0e727b60cc1d04105
2026-10-09T15:52:22.9564533Z   Stored in directory: /home/runner/work/_temp/novel-ci-v2-independent-media.YB6kZs/tmp/pip-ephem-wheel-cache-83p5_ljc/wheels/11/13/ae/793732285f47710a2d02e201b602af11aa86fe144fd272e591
2026-10-09T15:52:22.9580075Z Successfully built ai-novel-studio
2026-10-09T15:52:23.0616718Z Installing collected packages: typing-extensions, rpds-py, python-dotenv, pypdf, pygments, psycopg-binary, pluggy, Pillow, packaging, opentimelineio, iniconfig, idna, h11, fonttools, click, charset-normalizer, certifi, attrs, annotated-types, annotated-doc, uvicorn, typing-inspection, sqlalchemy, reportlab, referencing, pytest, pydantic-core, psycopg, opentelemetry-api, httpcore, anyio, starlette, pydantic, jsonschema-specifications, httpx, pydantic-settings, jsonschema, fastapi, ai-novel-studio
2026-10-09T15:52:29.6432226Z 
2026-10-09T15:52:29.6474281Z Successfully installed Pillow-12.3.0 ai-novel-studio-0.7.0 annotated-doc-0.0.5 annotated-types-0.8.0 anyio-4.15.1 attrs-26.1.0 certifi-2026.7.22 charset-normalizer-3.5.2 click-8.5.0 fastapi-0.142.2 fonttools-4.59.1 h11-0.16.0 httpcore-1.0.9 httpx-0.28.1 idna-3.20 iniconfig-2.3.0 jsonschema-4.26.0 jsonschema-specifications-2025.9.1 opentelemetry-api-1.45.0 opentimelineio-0.18.1 packaging-26.3 pluggy-1.6.0 psycopg-3.3.6 psycopg-binary-3.3.6 pydantic-2.13.5 pydantic-core-2.46.5 pydantic-settings-2.15.0 pygments-2.21.0 pypdf-6.19.0 pytest-8.4.2 python-dotenv-1.2.4 referencing-0.37.0 reportlab-4.5.1 rpds-py-2026.9.1 sqlalchemy-2.1.3 starlette-1.7.0 typing-extensions-4.16.0 typing-inspection-0.4.4 uvicorn-0.54.0
2026-10-09T15:52:30.6288299Z No broken requirements found.
2026-10-09T15:52:31.9711029Z ##[group]Run sudo apt-get update
2026-10-09T15:52:31.9711372Z [36;1msudo apt-get update[0m
2026-10-09T15:52:31.9711715Z [36;1msudo apt-get install -y --no-install-recommends ffmpeg[0m
2026-10-09T15:52:31.9712142Z [36;1mffmpeg -version > "$CI_RECEIPTS/ffmpeg-version.txt"[0m
2026-10-09T15:52:31.9712943Z [36;1mffprobe -version > "$CI_RECEIPTS/ffprobe-version.txt"[0m
2026-10-09T15:52:31.9713556Z [36;1mdpkg-query -W ffmpeg > "$CI_RECEIPTS/media-package-provenance.txt"[0m
2026-10-09T15:52:31.9779205Z shell: /usr/bin/bash -e {0}
2026-10-09T15:52:31.9779466Z env:
2026-10-09T15:52:31.9779665Z   MOCK_PROVIDER: true
2026-10-09T15:52:31.9779900Z   MOCK_STREAM_DELAY_MS: 0
2026-10-09T15:52:31.9780137Z   ENABLE_CLOUD: false
2026-10-09T15:52:31.9780366Z   CREDENTIAL_VAULT_BACKEND: memory
2026-10-09T15:52:31.9780653Z   CREDENTIAL_VAULT_ALLOW_MEMORY_FALLBACK: true
2026-10-09T15:52:31.9780971Z   PYTHONDONTWRITEBYTECODE: 1
2026-10-09T15:52:31.9781211Z   HF_HUB_OFFLINE: 1
2026-10-09T15:52:31.9781457Z   TRANSFORMERS_OFFLINE: 1
2026-10-09T15:52:31.9781742Z   pythonLocation: /opt/hostedtoolcache/Python/3.12.9/x64
2026-10-09T15:52:31.9782161Z   PKG_CONFIG_PATH: /opt/hostedtoolcache/Python/3.12.9/x64/lib/pkgconfig
2026-10-09T15:52:31.9782826Z   Python_ROOT_DIR: /opt/hostedtoolcache/Python/3.12.9/x64
2026-10-09T15:52:31.9783209Z   Python2_ROOT_DIR: /opt/hostedtoolcache/Python/3.12.9/x64
2026-10-09T15:52:31.9783586Z   Python3_ROOT_DIR: /opt/hostedtoolcache/Python/3.12.9/x64
2026-10-09T15:52:31.9783975Z   LD_LIBRARY_PATH: /opt/hostedtoolcache/Python/3.12.9/x64/lib
2026-10-09T15:52:31.9784355Z   CI_COVERAGE_SHA: 9851bdd2d692df983664bc8f4597fbc05c0e2ceb
2026-10-09T15:52:31.9784725Z   CI_COVERAGE_TREE: cd6989a19e5fd5e2400f2325fe696cae03d8eda7
2026-10-09T15:52:31.9785153Z   CI_SANDBOX: /home/runner/work/_temp/novel-ci-v2-independent-media.YB6kZs
2026-10-09T15:52:31.9785704Z   CI_PROJECT: /home/runner/work/_temp/novel-ci-v2-independent-media.YB6kZs/project
2026-10-09T15:52:31.9786269Z   CI_RECEIPTS: /home/runner/work/_temp/novel-ci-v2-independent-media.YB6kZs/receipts
2026-10-09T15:52:31.9786798Z   HOME: /home/runner/work/_temp/novel-ci-v2-independent-media.YB6kZs/home
2026-10-09T15:52:31.9787308Z   USERPROFILE: /home/runner/work/_temp/novel-ci-v2-independent-media.YB6kZs/home
2026-10-09T15:52:31.9787846Z   APPDATA: /home/runner/work/_temp/novel-ci-v2-independent-media.YB6kZs/appdata
2026-10-09T15:52:31.9788404Z   LOCALAPPDATA: /home/runner/work/_temp/novel-ci-v2-independent-media.YB6kZs/localappdata
2026-10-09T15:52:31.9788987Z   XDG_CONFIG_HOME: /home/runner/work/_temp/novel-ci-v2-independent-media.YB6kZs/config
2026-10-09T15:52:31.9789536Z   XDG_CACHE_HOME: /home/runner/work/_temp/novel-ci-v2-independent-media.YB6kZs/cache
2026-10-09T15:52:31.9790071Z   XDG_DATA_HOME: /home/runner/work/_temp/novel-ci-v2-independent-media.YB6kZs/data
2026-10-09T15:52:31.9790606Z   XDG_STATE_HOME: /home/runner/work/_temp/novel-ci-v2-independent-media.YB6kZs/state
2026-10-09T15:52:31.9791130Z   TMPDIR: /home/runner/work/_temp/novel-ci-v2-independent-media.YB6kZs/tmp
2026-10-09T15:52:31.9791611Z   TMP: /home/runner/work/_temp/novel-ci-v2-independent-media.YB6kZs/tmp
2026-10-09T15:52:31.9792078Z   TEMP: /home/runner/work/_temp/novel-ci-v2-independent-media.YB6kZs/tmp
2026-10-09T15:52:31.9792973Z   PROJECT_ROOT: /home/runner/work/_temp/novel-ci-v2-independent-media.YB6kZs/project
2026-10-09T15:52:31.9793582Z   NOVEL_DATA_PATH: /home/runner/work/_temp/novel-ci-v2-independent-media.YB6kZs/data/novels
2026-10-09T15:52:31.9794175Z   BACKUP_PATH: /home/runner/work/_temp/novel-ci-v2-independent-media.YB6kZs/data/backups
2026-10-09T15:52:31.9794823Z   DATABASE_BACKUP_PATH: /home/runner/work/_temp/novel-ci-v2-independent-media.YB6kZs/data/database-backups
2026-10-09T15:52:31.9795531Z   KNOWLEDGE_SOURCE_PATH: /home/runner/work/_temp/novel-ci-v2-independent-media.YB6kZs/data/novels
2026-10-09T15:52:31.9796187Z ##[endgroup]
2026-10-09T15:52:32.0456858Z Get:1 file:/etc/apt/apt-mirrors.txt Mirrorlist [144 B]
2026-10-09T15:52:32.0717124Z Hit:2 http://azure.archive.ubuntu.com/ubuntu noble InRelease
2026-10-09T15:52:32.0735259Z Hit:3 http://azure.archive.ubuntu.com/ubuntu noble-updates InRelease
2026-10-09T15:52:32.0763649Z Hit:4 http://azure.archive.ubuntu.com/ubuntu noble-backports InRelease
2026-10-09T15:52:32.0764715Z Hit:5 http://azure.archive.ubuntu.com/ubuntu noble-security InRelease
2026-10-09T15:52:32.0863760Z Hit:6 https://packages.microsoft.com/ubuntu/24.04/prod noble InRelease
2026-10-09T15:52:33.3845932Z Reading package lists...
2026-10-09T15:52:33.4140777Z Reading package lists...
2026-10-09T15:52:33.6291755Z Building dependency tree...
2026-10-09T15:52:33.6299437Z Reading state information...
2026-10-09T15:52:33.8037053Z The following additional packages will be installed:
2026-10-09T15:52:33.8038136Z   libass9 libasyncns0 libavc1394-0 libavcodec60 libavdevice60 libavfilter9
2026-10-09T15:52:33.8039222Z   libavformat60 libavutil58 libblas3 libbluray2 libbs2b0 libcaca0
2026-10-09T15:52:33.8040305Z   libcdio-cdda2t64 libcdio-paranoia2t64 libcdio19t64 libchromaprint1 libcjson1
2026-10-09T15:52:33.8041355Z   libcodec2-1.2 libdav1d7 libdc1394-25 libdecor-0-0 libflac12t64 libflite1
2026-10-09T15:52:33.8042274Z   libgme0 libgsm1 libhwy1t64 libiec61883-0 libjack-jackd2-0 libjxl0.7
2026-10-09T15:52:33.8043432Z   liblapack3 liblilv-0-0 libmbedcrypto7t64 libmp3lame0 libmpg123-0t64
2026-10-09T15:52:33.8044430Z   libmysofa1 libopenal-data libopenal1 libopenmpt0t64 libopus0 libplacebo338
2026-10-09T15:52:33.8045483Z   libpocketsphinx3 libpostproc57 libpulse0 librav1e0 libraw1394-11 librist4
2026-10-09T15:52:33.8046636Z   librsvg2-2 librubberband2 libsamplerate0 libsdl2-2.0-0 libserd-0-0 libshine3
2026-10-09T15:52:33.8047656Z   libsndfile1 libsndio7.0 libsord-0-0 libsoxr0 libspeex1 libsphinxbase3t64
2026-10-09T15:52:33.8048735Z   libsratom-0-0 libsrt1.5-gnutls libssh-gcrypt-4 libsvtav1enc1d1
2026-10-09T15:52:33.8049737Z   libswresample4 libswscale7 libtheora0 libtwolame0 libudfread0 libunibreak5
2026-10-09T15:52:33.8050808Z   libva-drm2 libva-x11-2 libva2 libvdpau1 libvidstab1.1 libvorbisenc2 libvpl2
2026-10-09T15:52:33.8051751Z   libvpx9 libx264-164 libx265-199 libxcb-shape0 libxv1 libxvidcore4 libzimg2
2026-10-09T15:52:33.8052805Z   libzix-0-0 libzvbi-common libzvbi0t64 ocl-icd-libopencl1
2026-10-09T15:52:33.8053483Z Suggested packages:
2026-10-09T15:52:33.8054096Z   ffmpeg-doc libcuda1 libnvcuvid1 libnvidia-encode1 libbluray-bdj jackd2
2026-10-09T15:52:33.8055081Z   libportaudio2 opus-tools pulseaudio libraw1394-doc librsvg2-bin serdi sndiod
2026-10-09T15:52:33.8055813Z   sordi speex opencl-icd
2026-10-09T15:52:33.8056243Z Recommended packages:
2026-10-09T15:52:33.8056867Z   libaacs0 default-libdecor-0-plugin-1 | libdecor-0-plugin-1
2026-10-09T15:52:33.8057728Z   pocketsphinx-en-us librsvg2-common va-driver-all | va-driver
2026-10-09T15:52:33.8058420Z   vdpau-driver-all | vdpau-driver
2026-10-09T15:52:33.8453666Z The following NEW packages will be installed:
2026-10-09T15:52:33.8454593Z   ffmpeg libass9 libasyncns0 libavc1394-0 libavcodec60 libavdevice60
2026-10-09T15:52:33.8455683Z   libavfilter9 libavformat60 libavutil58 libblas3 libbluray2 libbs2b0 libcaca0
2026-10-09T15:52:33.8456826Z   libcdio-cdda2t64 libcdio-paranoia2t64 libcdio19t64 libchromaprint1 libcjson1
2026-10-09T15:52:33.8457987Z   libcodec2-1.2 libdav1d7 libdc1394-25 libdecor-0-0 libflac12t64 libflite1
2026-10-09T15:52:33.8463816Z   libgme0 libgsm1 libhwy1t64 libiec61883-0 libjack-jackd2-0 libjxl0.7
2026-10-09T15:52:33.8464681Z   liblapack3 liblilv-0-0 libmbedcrypto7t64 libmp3lame0 libmpg123-0t64
2026-10-09T15:52:33.8465285Z   libmysofa1 libopenal-data libopenal1 libopenmpt0t64 libopus0 libplacebo338
2026-10-09T15:52:33.8465897Z   libpocketsphinx3 libpostproc57 libpulse0 librav1e0 libraw1394-11 librist4
2026-10-09T15:52:33.8466527Z   librsvg2-2 librubberband2 libsamplerate0 libsdl2-2.0-0 libserd-0-0 libshine3
2026-10-09T15:52:33.8467138Z   libsndfile1 libsndio7.0 libsord-0-0 libsoxr0 libspeex1 libsphinxbase3t64
2026-10-09T15:52:33.8468286Z   libsratom-0-0 libsrt1.5-gnutls libssh-gcrypt-4 libsvtav1enc1d1
2026-10-09T15:52:33.8468865Z   libswresample4 libswscale7 libtheora0 libtwolame0 libudfread0 libunibreak5
2026-10-09T15:52:33.8469467Z   libva-drm2 libva-x11-2 libva2 libvdpau1 libvidstab1.1 libvorbisenc2 libvpl2
2026-10-09T15:52:33.8470046Z   libvpx9 libx264-164 libx265-199 libxcb-shape0 libxv1 libxvidcore4 libzimg2
2026-10-09T15:52:33.8483357Z   libzix-0-0 libzvbi-common libzvbi0t64 ocl-icd-libopencl1
2026-10-09T15:52:33.8667938Z 0 upgraded, 87 newly installed, 0 to remove and 22 not upgraded.
2026-10-09T15:52:33.8668643Z Need to get 62.8 MB of archives.
2026-10-09T15:52:33.8669079Z After this operation, 173 MB of additional disk space will be used.
2026-10-09T15:52:33.8669575Z Get:1 file:/etc/apt/apt-mirrors.txt Mirrorlist [144 B]
2026-10-09T15:52:34.0443984Z Get:2 http://azure.archive.ubuntu.com/ubuntu noble-updates/universe amd64 libva2 amd64 2.20.0-2ubuntu0.2 [66.4 kB]
2026-10-09T15:52:34.3285230Z Get:3 http://azure.archive.ubuntu.com/ubuntu noble-updates/universe amd64 libva-drm2 amd64 2.20.0-2ubuntu0.2 [7124 B]
2026-10-09T15:52:34.4153311Z Get:4 http://azure.archive.ubuntu.com/ubuntu noble-updates/universe amd64 libva-x11-2 amd64 2.20.0-2ubuntu0.2 [12.0 kB]
2026-10-09T15:52:34.5045781Z Get:5 http://azure.archive.ubuntu.com/ubuntu noble/main amd64 libvdpau1 amd64 1.5-2build1 [27.8 kB]
2026-10-09T15:52:34.6103468Z Get:6 http://azure.archive.ubuntu.com/ubuntu noble/universe amd64 libvpl2 amd64 2023.3.0-1build1 [99.8 kB]
2026-10-09T15:52:34.7831665Z Get:7 http://azure.archive.ubuntu.com/ubuntu noble/universe amd64 ocl-icd-libopencl1 amd64 2.3.2-1build1 [38.5 kB]
2026-10-09T15:52:34.8765478Z Get:8 http://azure.archive.ubuntu.com/ubuntu noble/universe amd64 libavutil58 amd64 7:6.1.1-3ubuntu5 [401 kB]
2026-10-09T15:52:35.1038968Z Get:9 http://azure.archive.ubuntu.com/ubuntu noble/universe amd64 libcodec2-1.2 amd64 1.2.0-2build1 [8998 kB]
2026-10-09T15:52:35.4944268Z Get:10 http://azure.archive.ubuntu.com/ubuntu noble/universe amd64 libdav1d7 amd64 1.4.1-1build1 [604 kB]
2026-10-09T15:52:35.5828024Z Get:11 http://azure.archive.ubuntu.com/ubuntu noble/universe amd64 libgsm1 amd64 1.0.22-1build1 [27.8 kB]
2026-10-09T15:52:35.6654768Z Get:12 http://azure.archive.ubuntu.com/ubuntu noble/universe amd64 libhwy1t64 amd64 1.0.7-8.1build1 [584 kB]
2026-10-09T15:52:35.7615420Z Get:13 http://azure.archive.ubuntu.com/ubuntu noble-updates/universe amd64 libjxl0.7 amd64 0.7.0-10.2ubuntu6.1 [1001 kB]
2026-10-09T15:52:35.8520580Z Get:14 http://azure.archive.ubuntu.com/ubuntu noble/main amd64 libmp3lame0 amd64 3.100-6build1 [142 kB]
2026-10-09T15:52:35.9352180Z Get:15 http://azure.archive.ubuntu.com/ubuntu noble/main amd64 libopus0 amd64 1.4-1build1 [208 kB]
2026-10-09T15:52:36.0193824Z Get:16 http://azure.archive.ubuntu.com/ubuntu noble/universe amd64 librav1e0 amd64 0.7.1-2 [1022 kB]
2026-10-09T15:52:36.1119227Z Get:17 http://azure.archive.ubuntu.com/ubuntu noble-updates/main amd64 librsvg2-2 amd64 2.58.0+dfsg-1ubuntu0.1 [2141 kB]
2026-10-09T15:52:36.2126187Z Get:18 http://azure.archive.ubuntu.com/ubuntu noble/universe amd64 libshine3 amd64 3.1.1-2build1 [23.2 kB]
2026-10-09T15:52:36.2959389Z Get:19 http://azure.archive.ubuntu.com/ubuntu noble-updates/main amd64 libspeex1 amd64 1.2.1-2ubuntu2.24.04.1 [59.6 kB]
2026-10-09T15:52:36.3787345Z Get:20 http://azure.archive.ubuntu.com/ubuntu noble/universe amd64 libsvtav1enc1d1 amd64 1.7.0+dfsg-2build1 [2425 kB]
2026-10-09T15:52:36.4823118Z Get:21 http://azure.archive.ubuntu.com/ubuntu noble/universe amd64 libsoxr0 amd64 0.1.3-4build3 [80.0 kB]
2026-10-09T15:52:36.5649624Z Get:22 http://azure.archive.ubuntu.com/ubuntu noble/universe amd64 libswresample4 amd64 7:6.1.1-3ubuntu5 [63.8 kB]
2026-10-09T15:52:36.6474114Z Get:23 http://azure.archive.ubuntu.com/ubuntu noble/main amd64 libtheora0 amd64 1.1.1+dfsg.1-16.1build3 [211 kB]
2026-10-09T15:52:36.7309858Z Get:24 http://azure.archive.ubuntu.com/ubuntu noble/main amd64 libtwolame0 amd64 0.4.0-2build3 [52.3 kB]
2026-10-09T15:52:36.8135048Z Get:25 http://azure.archive.ubuntu.com/ubuntu noble/main amd64 libvorbisenc2 amd64 1.3.7-1build3 [80.8 kB]
2026-10-09T15:52:36.8958805Z Get:26 http://azure.archive.ubuntu.com/ubuntu noble-updates/main amd64 libvpx9 amd64 1.14.0-1ubuntu2.3 [1143 kB]
2026-10-09T15:52:36.9875035Z Get:27 http://azure.archive.ubuntu.com/ubuntu noble/universe amd64 libx264-164 amd64 2:0.164.3108+git31e19f9-1 [604 kB]
2026-10-09T15:52:37.0744326Z Get:28 http://azure.archive.ubuntu.com/ubuntu noble/universe amd64 libx265-199 amd64 3.5-2build1 [1226 kB]
2026-10-09T15:52:37.1671827Z Get:29 http://azure.archive.ubuntu.com/ubuntu noble/universe amd64 libxvidcore4 amd64 2:1.3.7-1build1 [219 kB]
2026-10-09T15:52:37.2516505Z Get:30 http://azure.archive.ubuntu.com/ubuntu noble/universe amd64 libzvbi-common all 0.2.42-2 [42.4 kB]
2026-10-09T15:52:37.3368518Z Get:31 http://azure.archive.ubuntu.com/ubuntu noble/universe amd64 libzvbi0t64 amd64 0.2.42-2 [261 kB]
2026-10-09T15:52:37.4221878Z Get:32 http://azure.archive.ubuntu.com/ubuntu noble/universe amd64 libavcodec60 amd64 7:6.1.1-3ubuntu5 [5851 kB]
2026-10-09T15:52:37.6108060Z Get:33 http://azure.archive.ubuntu.com/ubuntu noble/main amd64 libraw1394-11 amd64 2.1.2-2build3 [26.2 kB]
2026-10-09T15:52:37.6927451Z Get:34 http://azure.archive.ubuntu.com/ubuntu noble/main amd64 libavc1394-0 amd64 0.5.4-5build3 [15.4 kB]
2026-10-09T15:52:37.7847843Z Get:35 http://azure.archive.ubuntu.com/ubuntu noble/universe amd64 libunibreak5 amd64 5.1-2build1 [25.0 kB]
2026-10-09T15:52:37.8691957Z Get:36 http://azure.archive.ubuntu.com/ubuntu noble/universe amd64 libass9 amd64 1:0.17.1-2build1 [104 kB]
2026-10-09T15:52:37.9535424Z Get:37 http://azure.archive.ubuntu.com/ubuntu noble/universe amd64 libudfread0 amd64 1.1.2-1build1 [19.0 kB]
2026-10-09T15:52:38.0357802Z Get:38 http://azure.archive.ubuntu.com/ubuntu noble/universe amd64 libbluray2 amd64 1:1.3.4-1build1 [159 kB]
2026-10-09T15:52:38.1186834Z Get:39 http://azure.archive.ubuntu.com/ubuntu noble/universe amd64 libchromaprint1 amd64 1.5.1-5 [30.5 kB]
2026-10-09T15:52:38.2008591Z Get:40 http://azure.archive.ubuntu.com/ubuntu noble/universe amd64 libgme0 amd64 0.6.3-7build1 [134 kB]
2026-10-09T15:52:38.2838205Z Get:41 http://azure.archive.ubuntu.com/ubuntu noble-updates/main amd64 libmpg123-0t64 amd64 1.32.5-1ubuntu1.1 [169 kB]
2026-10-09T15:52:38.3675110Z Get:42 http://azure.archive.ubuntu.com/ubuntu noble/universe amd64 libopenmpt0t64 amd64 0.7.3-1.1build3 [647 kB]
2026-10-09T15:52:38.4552945Z Get:43 http://azure.archive.ubuntu.com/ubuntu noble/universe amd64 libcjson1 amd64 1.7.17-1 [24.8 kB]
2026-10-09T15:52:38.5379975Z Get:44 http://azure.archive.ubuntu.com/ubuntu noble/universe amd64 libmbedcrypto7t64 amd64 2.28.8-1 [209 kB]
2026-10-09T15:52:38.6212013Z Get:45 http://azure.archive.ubuntu.com/ubuntu noble/universe amd64 librist4 amd64 0.2.10+dfsg-2 [74.9 kB]
2026-10-09T15:52:38.7036872Z Get:46 http://azure.archive.ubuntu.com/ubuntu noble/universe amd64 libsrt1.5-gnutls amd64 1.5.3-1build2 [316 kB]
2026-10-09T15:52:38.7885051Z Get:47 http://azure.archive.ubuntu.com/ubuntu noble-updates/main amd64 libssh-gcrypt-4 amd64 0.10.6-2ubuntu0.5 [226 kB]
2026-10-09T15:52:38.8739538Z Get:48 http://azure.archive.ubuntu.com/ubuntu noble/universe amd64 libavformat60 amd64 7:6.1.1-3ubuntu5 [1153 kB]
2026-10-09T15:52:38.9657358Z Get:49 http://azure.archive.ubuntu.com/ubuntu noble/universe amd64 libbs2b0 amd64 3.1.0+dfsg-7build1 [10.6 kB]
2026-10-09T15:52:39.0477269Z Get:50 http://azure.archive.ubuntu.com/ubuntu noble/universe amd64 libflite1 amd64 2.2-6build3 [13.6 MB]
2026-10-09T15:52:39.4780479Z Get:51 http://azure.archive.ubuntu.com/ubuntu noble/universe amd64 libserd-0-0 amd64 0.32.2-1 [43.6 kB]
2026-10-09T15:52:39.5604312Z Get:52 http://azure.archive.ubuntu.com/ubuntu noble/universe amd64 libzix-0-0 amd64 0.4.2-2build1 [23.6 kB]
2026-10-09T15:52:39.6429175Z Get:53 http://azure.archive.ubuntu.com/ubuntu noble/universe amd64 libsord-0-0 amd64 0.16.16-2build1 [15.8 kB]
2026-10-09T15:52:39.7248690Z Get:54 http://azure.archive.ubuntu.com/ubuntu noble/universe amd64 libsratom-0-0 amd64 0.6.16-1build1 [17.3 kB]
2026-10-09T15:52:39.8069849Z Get:55 http://azure.archive.ubuntu.com/ubuntu noble/universe amd64 liblilv-0-0 amd64 0.24.22-1build1 [41.0 kB]
2026-10-09T15:52:39.8889953Z Get:56 http://azure.archive.ubuntu.com/ubuntu noble/universe amd64 libmysofa1 amd64 1.3.2+dfsg-2ubuntu2 [1158 kB]
2026-10-09T15:52:39.9999770Z Get:57 http://azure.archive.ubuntu.com/ubuntu noble/universe amd64 libplacebo338 amd64 6.338.2-2build1 [2654 kB]
2026-10-09T15:52:40.1501430Z Get:58 http://azure.archive.ubuntu.com/ubuntu noble-updates/main amd64 libblas3 amd64 3.12.0-3build1.1 [238 kB]
2026-10-09T15:52:40.2376963Z Get:59 http://azure.archive.ubuntu.com/ubuntu noble-updates/main amd64 liblapack3 amd64 3.12.0-3build1.1 [2646 kB]
2026-10-09T15:52:40.3876585Z Get:60 http://azure.archive.ubuntu.com/ubuntu noble/main amd64 libasyncns0 amd64 0.8-6build4 [11.3 kB]
2026-10-09T15:52:40.4694582Z Get:61 http://azure.archive.ubuntu.com/ubuntu noble/main amd64 libflac12t64 amd64 1.4.3+ds-2.1ubuntu2 [197 kB]
2026-10-09T15:52:40.5555358Z Get:62 http://azure.archive.ubuntu.com/ubuntu noble-updates/main amd64 libsndfile1 amd64 1.2.2-1ubuntu5.24.04.1 [209 kB]
2026-10-09T15:52:40.6469376Z Get:63 http://azure.archive.ubuntu.com/ubuntu noble-updates/main amd64 libpulse0 amd64 1:16.1+dfsg1-2ubuntu10.1 [292 kB]
2026-10-09T15:52:40.7351439Z Get:64 http://azure.archive.ubuntu.com/ubuntu noble/universe amd64 libsphinxbase3t64 amd64 0.8+5prealpha+1-17build2 [126 kB]
2026-10-09T15:52:40.9590136Z Get:65 http://azure.archive.ubuntu.com/ubuntu noble/universe amd64 libpocketsphinx3 amd64 0.8.0+real5prealpha+1-15ubuntu5 [133 kB]
2026-10-09T15:52:41.1555524Z Get:66 http://azure.archive.ubuntu.com/ubuntu noble/universe amd64 libpostproc57 amd64 7:6.1.1-3ubuntu5 [49.9 kB]
2026-10-09T15:52:41.2381775Z Get:67 http://azure.archive.ubuntu.com/ubuntu noble/main amd64 libsamplerate0 amd64 0.2.2-4build1 [1344 kB]
2026-10-09T15:52:41.3556517Z Get:68 http://azure.archive.ubuntu.com/ubuntu noble/universe amd64 librubberband2 amd64 3.3.0+dfsg-2build1 [130 kB]
2026-10-09T15:52:41.4410339Z Get:69 http://azure.archive.ubuntu.com/ubuntu noble/universe amd64 libswscale7 amd64 7:6.1.1-3ubuntu5 [193 kB]
2026-10-09T15:52:41.5285779Z Get:70 http://azure.archive.ubuntu.com/ubuntu noble/universe amd64 libvidstab1.1 amd64 1.1.0-2build1 [38.5 kB]
2026-10-09T15:52:41.6107482Z Get:71 http://azure.archive.ubuntu.com/ubuntu noble/universe amd64 libzimg2 amd64 3.0.5+ds1-1build1 [254 kB]
2026-10-09T15:52:41.6987217Z Get:72 http://azure.archive.ubuntu.com/ubuntu noble/universe amd64 libavfilter9 amd64 7:6.1.1-3ubuntu5 [4235 kB]
2026-10-09T15:52:41.8915959Z Get:73 http://azure.archive.ubuntu.com/ubuntu noble-updates/main amd64 libcaca0 amd64 0.99.beta20-4ubuntu0.2 [209 kB]
2026-10-09T15:52:41.9800627Z Get:74 http://azure.archive.ubuntu.com/ubuntu noble-updates/main amd64 libcdio19t64 amd64 2.1.0-4.1ubuntu1.2 [62.4 kB]
2026-10-09T15:52:42.0669414Z Get:75 http://azure.archive.ubuntu.com/ubuntu noble/main amd64 libcdio-cdda2t64 amd64 10.2+2.0.1-1.1build2 [16.5 kB]
2026-10-09T15:52:42.1558834Z Get:76 http://azure.archive.ubuntu.com/ubuntu noble/main amd64 libcdio-paranoia2t64 amd64 10.2+2.0.1-1.1build2 [16.6 kB]
2026-10-09T15:52:42.2377632Z Get:77 http://azure.archive.ubuntu.com/ubuntu noble/universe amd64 libdc1394-25 amd64 2.2.6-4build1 [90.1 kB]
2026-10-09T15:52:42.3216998Z Get:78 http://azure.archive.ubuntu.com/ubuntu noble/main amd64 libiec61883-0 amd64 1.2.0-6build1 [24.5 kB]
2026-10-09T15:52:42.4037713Z Get:79 http://azure.archive.ubuntu.com/ubuntu noble/main amd64 libjack-jackd2-0 amd64 1.9.21~dfsg-3ubuntu3 [289 kB]
2026-10-09T15:52:42.4930590Z Get:80 http://azure.archive.ubuntu.com/ubuntu noble/universe amd64 libopenal-data all 1:1.23.1-4build1 [161 kB]
2026-10-09T15:52:42.5843588Z Get:81 http://azure.archive.ubuntu.com/ubuntu noble/universe amd64 libsndio7.0 amd64 1.9.0-0.3build3 [29.6 kB]
2026-10-09T15:52:42.6678249Z Get:82 http://azure.archive.ubuntu.com/ubuntu noble/universe amd64 libopenal1 amd64 1:1.23.1-4build1 [540 kB]
2026-10-09T15:52:42.7647397Z Get:83 http://azure.archive.ubuntu.com/ubuntu noble/main amd64 libdecor-0-0 amd64 0.2.2-1build2 [16.5 kB]
2026-10-09T15:52:42.8489271Z Get:84 http://azure.archive.ubuntu.com/ubuntu noble-updates/main amd64 libsdl2-2.0-0 amd64 2.30.0+dfsg-1ubuntu3.1 [686 kB]
2026-10-09T15:52:42.9479295Z Get:85 http://azure.archive.ubuntu.com/ubuntu noble/main amd64 libxcb-shape0 amd64 1.15-1ubuntu2 [6100 B]
2026-10-09T15:52:43.0298392Z Get:86 http://azure.archive.ubuntu.com/ubuntu noble/main amd64 libxv1 amd64 2:1.0.11-1.1build1 [10.7 kB]
2026-10-09T15:52:43.1118648Z Get:87 http://azure.archive.ubuntu.com/ubuntu noble/universe amd64 libavdevice60 amd64 7:6.1.1-3ubuntu5 [82.3 kB]
2026-10-09T15:52:43.1946305Z Get:88 http://azure.archive.ubuntu.com/ubuntu noble/universe amd64 ffmpeg amd64 7:6.1.1-3ubuntu5 [1879 kB]
2026-10-09T15:52:43.7700838Z Fetched 62.8 MB in 10s (6558 kB/s)
2026-10-09T15:52:43.7930918Z Selecting previously unselected package libva2:amd64.
2026-10-09T15:52:43.7992514Z (Reading database ... 
2026-10-09T15:52:43.7993201Z (Reading database ... 5%
2026-10-09T15:52:43.7993661Z (Reading database ... 10%
2026-10-09T15:52:43.7994130Z (Reading database ... 15%
2026-10-09T15:52:43.7994568Z (Reading database ... 20%
2026-10-09T15:52:43.7995697Z (Reading database ... 25%
2026-10-09T15:52:43.7996150Z (Reading database ... 30%
2026-10-09T15:52:43.7996588Z (Reading database ... 35%
2026-10-09T15:52:43.7997021Z (Reading database ... 40%
2026-10-09T15:52:43.7997453Z (Reading database ... 45%
2026-10-09T15:52:43.7997880Z (Reading database ... 50%
2026-10-09T15:52:43.8004103Z (Reading database ... 55%
2026-10-09T15:52:43.8136945Z (Reading database ... 60%
2026-10-09T15:52:43.8168435Z (Reading database ... 65%
2026-10-09T15:52:43.8191237Z (Reading database ... 70%
2026-10-09T15:52:43.8233459Z (Reading database ... 75%
2026-10-09T15:52:43.8262319Z (Reading database ... 80%
2026-10-09T15:52:43.8420411Z (Reading database ... 85%
2026-10-09T15:52:43.8506632Z (Reading database ... 90%
2026-10-09T15:52:43.8759668Z (Reading database ... 95%
2026-10-09T15:52:43.8760305Z (Reading database ... 100%
2026-10-09T15:52:43.8761005Z (Reading database ... 203458 files and directories currently installed.)
2026-10-09T15:52:43.8803516Z Preparing to unpack .../00-libva2_2.20.0-2ubuntu0.2_amd64.deb ...
2026-10-09T15:52:43.8819205Z Unpacking libva2:amd64 (2.20.0-2ubuntu0.2) ...
2026-10-09T15:52:43.9038600Z Selecting previously unselected package libva-drm2:amd64.
2026-10-09T15:52:43.9168242Z Preparing to unpack .../01-libva-drm2_2.20.0-2ubuntu0.2_amd64.deb ...
2026-10-09T15:52:43.9177057Z Unpacking libva-drm2:amd64 (2.20.0-2ubuntu0.2) ...
2026-10-09T15:52:43.9394739Z Selecting previously unselected package libva-x11-2:amd64.
2026-10-09T15:52:43.9521641Z Preparing to unpack .../02-libva-x11-2_2.20.0-2ubuntu0.2_amd64.deb ...
2026-10-09T15:52:43.9530232Z Unpacking libva-x11-2:amd64 (2.20.0-2ubuntu0.2) ...
2026-10-09T15:52:43.9743451Z Selecting previously unselected package libvdpau1:amd64.
2026-10-09T15:52:43.9871486Z Preparing to unpack .../03-libvdpau1_1.5-2build1_amd64.deb ...
2026-10-09T15:52:43.9878776Z Unpacking libvdpau1:amd64 (1.5-2build1) ...
2026-10-09T15:52:44.0093464Z Selecting previously unselected package libvpl2.
2026-10-09T15:52:44.0222607Z Preparing to unpack .../04-libvpl2_2023.3.0-1build1_amd64.deb ...
2026-10-09T15:52:44.0231466Z Unpacking libvpl2 (2023.3.0-1build1) ...
2026-10-09T15:52:44.0458604Z Selecting previously unselected package ocl-icd-libopencl1:amd64.
2026-10-09T15:52:44.0594154Z Preparing to unpack .../05-ocl-icd-libopencl1_2.3.2-1build1_amd64.deb ...
2026-10-09T15:52:44.0602626Z Unpacking ocl-icd-libopencl1:amd64 (2.3.2-1build1) ...
2026-10-09T15:52:44.0877833Z Selecting previously unselected package libavutil58:amd64.
2026-10-09T15:52:44.1010301Z Preparing to unpack .../06-libavutil58_7%3a6.1.1-3ubuntu5_amd64.deb ...
2026-10-09T15:52:44.1018465Z Unpacking libavutil58:amd64 (7:6.1.1-3ubuntu5) ...
2026-10-09T15:52:44.1289594Z Selecting previously unselected package libcodec2-1.2:amd64.
2026-10-09T15:52:44.1418794Z Preparing to unpack .../07-libcodec2-1.2_1.2.0-2build1_amd64.deb ...
2026-10-09T15:52:44.1426840Z Unpacking libcodec2-1.2:amd64 (1.2.0-2build1) ...
2026-10-09T15:52:44.2162064Z Selecting previously unselected package libdav1d7:amd64.
2026-10-09T15:52:44.2295596Z Preparing to unpack .../08-libdav1d7_1.4.1-1build1_amd64.deb ...
2026-10-09T15:52:44.2303788Z Unpacking libdav1d7:amd64 (1.4.1-1build1) ...
2026-10-09T15:52:44.2570666Z Selecting previously unselected package libgsm1:amd64.
2026-10-09T15:52:44.2697355Z Preparing to unpack .../09-libgsm1_1.0.22-1build1_amd64.deb ...
2026-10-09T15:52:44.2705366Z Unpacking libgsm1:amd64 (1.0.22-1build1) ...
2026-10-09T15:52:44.2917577Z Selecting previously unselected package libhwy1t64:amd64.
2026-10-09T15:52:44.3045122Z Preparing to unpack .../10-libhwy1t64_1.0.7-8.1build1_amd64.deb ...
2026-10-09T15:52:44.3052562Z Unpacking libhwy1t64:amd64 (1.0.7-8.1build1) ...
2026-10-09T15:52:44.3384170Z Selecting previously unselected package libjxl0.7:amd64.
2026-10-09T15:52:44.3514419Z Preparing to unpack .../11-libjxl0.7_0.7.0-10.2ubuntu6.1_amd64.deb ...
2026-10-09T15:52:44.3522523Z Unpacking libjxl0.7:amd64 (0.7.0-10.2ubuntu6.1) ...
2026-10-09T15:52:44.3883703Z Selecting previously unselected package libmp3lame0:amd64.
2026-10-09T15:52:44.4014076Z Preparing to unpack .../12-libmp3lame0_3.100-6build1_amd64.deb ...
2026-10-09T15:52:44.4020797Z Unpacking libmp3lame0:amd64 (3.100-6build1) ...
2026-10-09T15:52:44.4244807Z Selecting previously unselected package libopus0:amd64.
2026-10-09T15:52:44.4373984Z Preparing to unpack .../13-libopus0_1.4-1build1_amd64.deb ...
2026-10-09T15:52:44.4381235Z Unpacking libopus0:amd64 (1.4-1build1) ...
2026-10-09T15:52:44.4615899Z Selecting previously unselected package librav1e0:amd64.
2026-10-09T15:52:44.4743575Z Preparing to unpack .../14-librav1e0_0.7.1-2_amd64.deb ...
2026-10-09T15:52:44.4750793Z Unpacking librav1e0:amd64 (0.7.1-2) ...
2026-10-09T15:52:44.5087253Z Selecting previously unselected package librsvg2-2:amd64.
2026-10-09T15:52:44.5215316Z Preparing to unpack .../15-librsvg2-2_2.58.0+dfsg-1ubuntu0.1_amd64.deb ...
2026-10-09T15:52:44.5222280Z Unpacking librsvg2-2:amd64 (2.58.0+dfsg-1ubuntu0.1) ...
2026-10-09T15:52:44.5693452Z Selecting previously unselected package libshine3:amd64.
2026-10-09T15:52:44.5823738Z Preparing to unpack .../16-libshine3_3.1.1-2build1_amd64.deb ...
2026-10-09T15:52:44.5830763Z Unpacking libshine3:amd64 (3.1.1-2build1) ...
2026-10-09T15:52:44.6034641Z Selecting previously unselected package libspeex1:amd64.
2026-10-09T15:52:44.6161734Z Preparing to unpack .../17-libspeex1_1.2.1-2ubuntu2.24.04.1_amd64.deb ...
2026-10-09T15:52:44.6168484Z Unpacking libspeex1:amd64 (1.2.1-2ubuntu2.24.04.1) ...
2026-10-09T15:52:44.6368221Z Selecting previously unselected package libsvtav1enc1d1:amd64.
2026-10-09T15:52:44.6496532Z Preparing to unpack .../18-libsvtav1enc1d1_1.7.0+dfsg-2build1_amd64.deb ...
2026-10-09T15:52:44.6504510Z Unpacking libsvtav1enc1d1:amd64 (1.7.0+dfsg-2build1) ...
2026-10-09T15:52:44.7019711Z Selecting previously unselected package libsoxr0:amd64.
2026-10-09T15:52:44.7150717Z Preparing to unpack .../19-libsoxr0_0.1.3-4build3_amd64.deb ...
2026-10-09T15:52:44.7158472Z Unpacking libsoxr0:amd64 (0.1.3-4build3) ...
2026-10-09T15:52:44.7373969Z Selecting previously unselected package libswresample4:amd64.
2026-10-09T15:52:44.7504913Z Preparing to unpack .../20-libswresample4_7%3a6.1.1-3ubuntu5_amd64.deb ...
2026-10-09T15:52:44.7515321Z Unpacking libswresample4:amd64 (7:6.1.1-3ubuntu5) ...
2026-10-09T15:52:44.7732937Z Selecting previously unselected package libtheora0:amd64.
2026-10-09T15:52:44.7865217Z Preparing to unpack .../21-libtheora0_1.1.1+dfsg.1-16.1build3_amd64.deb ...
2026-10-09T15:52:44.7871787Z Unpacking libtheora0:amd64 (1.1.1+dfsg.1-16.1build3) ...
2026-10-09T15:52:44.8109540Z Selecting previously unselected package libtwolame0:amd64.
2026-10-09T15:52:44.8239915Z Preparing to unpack .../22-libtwolame0_0.4.0-2build3_amd64.deb ...
2026-10-09T15:52:44.8248174Z Unpacking libtwolame0:amd64 (0.4.0-2build3) ...
2026-10-09T15:52:44.8476738Z Selecting previously unselected package libvorbisenc2:amd64.
2026-10-09T15:52:44.8604921Z Preparing to unpack .../23-libvorbisenc2_1.3.7-1build3_amd64.deb ...
2026-10-09T15:52:44.8613937Z Unpacking libvorbisenc2:amd64 (1.3.7-1build3) ...
2026-10-09T15:52:44.8840519Z Selecting previously unselected package libvpx9:amd64.
2026-10-09T15:52:44.8971219Z Preparing to unpack .../24-libvpx9_1.14.0-1ubuntu2.3_amd64.deb ...
2026-10-09T15:52:44.8980213Z Unpacking libvpx9:amd64 (1.14.0-1ubuntu2.3) ...
2026-10-09T15:52:44.9348365Z Selecting previously unselected package libx264-164:amd64.
2026-10-09T15:52:44.9482157Z Preparing to unpack .../25-libx264-164_2%3a0.164.3108+git31e19f9-1_amd64.deb ...
2026-10-09T15:52:44.9490148Z Unpacking libx264-164:amd64 (2:0.164.3108+git31e19f9-1) ...
2026-10-09T15:52:44.9775965Z Selecting previously unselected package libx265-199:amd64.
2026-10-09T15:52:44.9904300Z Preparing to unpack .../26-libx265-199_3.5-2build1_amd64.deb ...
2026-10-09T15:52:44.9911993Z Unpacking libx265-199:amd64 (3.5-2build1) ...
2026-10-09T15:52:45.0578208Z Selecting previously unselected package libxvidcore4:amd64.
2026-10-09T15:52:45.0713457Z Preparing to unpack .../27-libxvidcore4_2%3a1.3.7-1build1_amd64.deb ...
2026-10-09T15:52:45.0720427Z Unpacking libxvidcore4:amd64 (2:1.3.7-1build1) ...
2026-10-09T15:52:45.0956307Z Selecting previously unselected package libzvbi-common.
2026-10-09T15:52:45.1088595Z Preparing to unpack .../28-libzvbi-common_0.2.42-2_all.deb ...
2026-10-09T15:52:45.1096156Z Unpacking libzvbi-common (0.2.42-2) ...
2026-10-09T15:52:45.1391883Z Selecting previously unselected package libzvbi0t64:amd64.
2026-10-09T15:52:45.1525085Z Preparing to unpack .../29-libzvbi0t64_0.2.42-2_amd64.deb ...
2026-10-09T15:52:45.1533816Z Unpacking libzvbi0t64:amd64 (0.2.42-2) ...
2026-10-09T15:52:45.1781604Z Selecting previously unselected package libavcodec60:amd64.
2026-10-09T15:52:45.1912072Z Preparing to unpack .../30-libavcodec60_7%3a6.1.1-3ubuntu5_amd64.deb ...
2026-10-09T15:52:45.1920188Z Unpacking libavcodec60:amd64 (7:6.1.1-3ubuntu5) ...
2026-10-09T15:52:45.2777166Z Selecting previously unselected package libraw1394-11:amd64.
2026-10-09T15:52:45.2911451Z Preparing to unpack .../31-libraw1394-11_2.1.2-2build3_amd64.deb ...
2026-10-09T15:52:45.2920394Z Unpacking libraw1394-11:amd64 (2.1.2-2build3) ...
2026-10-09T15:52:45.3143146Z Selecting previously unselected package libavc1394-0:amd64.
2026-10-09T15:52:45.3273206Z Preparing to unpack .../32-libavc1394-0_0.5.4-5build3_amd64.deb ...
2026-10-09T15:52:45.3281687Z Unpacking libavc1394-0:amd64 (0.5.4-5build3) ...
2026-10-09T15:52:45.3493052Z Selecting previously unselected package libunibreak5:amd64.
2026-10-09T15:52:45.3624294Z Preparing to unpack .../33-libunibreak5_5.1-2build1_amd64.deb ...
2026-10-09T15:52:45.3631647Z Unpacking libunibreak5:amd64 (5.1-2build1) ...
2026-10-09T15:52:45.3845449Z Selecting previously unselected package libass9:amd64.
2026-10-09T15:52:45.3977156Z Preparing to unpack .../34-libass9_1%3a0.17.1-2build1_amd64.deb ...
2026-10-09T15:52:45.3985467Z Unpacking libass9:amd64 (1:0.17.1-2build1) ...
2026-10-09T15:52:45.4204505Z Selecting previously unselected package libudfread0:amd64.
2026-10-09T15:52:45.4333882Z Preparing to unpack .../35-libudfread0_1.1.2-1build1_amd64.deb ...
2026-10-09T15:52:45.4341000Z Unpacking libudfread0:amd64 (1.1.2-1build1) ...
2026-10-09T15:52:45.4553458Z Selecting previously unselected package libbluray2:amd64.
2026-10-09T15:52:45.4686213Z Preparing to unpack .../36-libbluray2_1%3a1.3.4-1build1_amd64.deb ...
2026-10-09T15:52:45.4694711Z Unpacking libbluray2:amd64 (1:1.3.4-1build1) ...
2026-10-09T15:52:45.4951122Z Selecting previously unselected package libchromaprint1:amd64.
2026-10-09T15:52:45.5083499Z Preparing to unpack .../37-libchromaprint1_1.5.1-5_amd64.deb ...
2026-10-09T15:52:45.5091579Z Unpacking libchromaprint1:amd64 (1.5.1-5) ...
2026-10-09T15:52:45.5306313Z Selecting previously unselected package libgme0:amd64.
2026-10-09T15:52:45.5435744Z Preparing to unpack .../38-libgme0_0.6.3-7build1_amd64.deb ...
2026-10-09T15:52:45.5444081Z Unpacking libgme0:amd64 (0.6.3-7build1) ...
2026-10-09T15:52:45.5688387Z Selecting previously unselected package libmpg123-0t64:amd64.
2026-10-09T15:52:45.5817129Z Preparing to unpack .../39-libmpg123-0t64_1.32.5-1ubuntu1.1_amd64.deb ...
2026-10-09T15:52:45.5825367Z Unpacking libmpg123-0t64:amd64 (1.32.5-1ubuntu1.1) ...
2026-10-09T15:52:45.6054681Z Selecting previously unselected package libopenmpt0t64:amd64.
2026-10-09T15:52:45.6186123Z Preparing to unpack .../40-libopenmpt0t64_0.7.3-1.1build3_amd64.deb ...
2026-10-09T15:52:45.6193088Z Unpacking libopenmpt0t64:amd64 (0.7.3-1.1build3) ...
2026-10-09T15:52:45.6476872Z Selecting previously unselected package libcjson1:amd64.
2026-10-09T15:52:45.6607825Z Preparing to unpack .../41-libcjson1_1.7.17-1_amd64.deb ...
2026-10-09T15:52:45.6618197Z Unpacking libcjson1:amd64 (1.7.17-1) ...
2026-10-09T15:52:45.6856484Z Selecting previously unselected package libmbedcrypto7t64:amd64.
2026-10-09T15:52:45.6991813Z Preparing to unpack .../42-libmbedcrypto7t64_2.28.8-1_amd64.deb ...
2026-10-09T15:52:45.7006379Z Unpacking libmbedcrypto7t64:amd64 (2.28.8-1) ...
2026-10-09T15:52:45.7246654Z Selecting previously unselected package librist4:amd64.
2026-10-09T15:52:45.7379082Z Preparing to unpack .../43-librist4_0.2.10+dfsg-2_amd64.deb ...
2026-10-09T15:52:45.7387524Z Unpacking librist4:amd64 (0.2.10+dfsg-2) ...
2026-10-09T15:52:45.7617157Z Selecting previously unselected package libsrt1.5-gnutls:amd64.
2026-10-09T15:52:45.7745952Z Preparing to unpack .../44-libsrt1.5-gnutls_1.5.3-1build2_amd64.deb ...
2026-10-09T15:52:45.7755264Z Unpacking libsrt1.5-gnutls:amd64 (1.5.3-1build2) ...
2026-10-09T15:52:45.8015709Z Selecting previously unselected package libssh-gcrypt-4:amd64.
2026-10-09T15:52:45.8148213Z Preparing to unpack .../45-libssh-gcrypt-4_0.10.6-2ubuntu0.5_amd64.deb ...
2026-10-09T15:52:45.8160989Z Unpacking libssh-gcrypt-4:amd64 (0.10.6-2ubuntu0.5) ...
2026-10-09T15:52:45.8408510Z Selecting previously unselected package libavformat60:amd64.
2026-10-09T15:52:45.8537731Z Preparing to unpack .../46-libavformat60_7%3a6.1.1-3ubuntu5_amd64.deb ...
2026-10-09T15:52:45.8547549Z Unpacking libavformat60:amd64 (7:6.1.1-3ubuntu5) ...
2026-10-09T15:52:45.8885696Z Selecting previously unselected package libbs2b0:amd64.
2026-10-09T15:52:45.9013461Z Preparing to unpack .../47-libbs2b0_3.1.0+dfsg-7build1_amd64.deb ...
2026-10-09T15:52:45.9021451Z Unpacking libbs2b0:amd64 (3.1.0+dfsg-7build1) ...
2026-10-09T15:52:45.9255954Z Selecting previously unselected package libflite1:amd64.
2026-10-09T15:52:45.9385281Z Preparing to unpack .../48-libflite1_2.2-6build3_amd64.deb ...
2026-10-09T15:52:45.9396450Z Unpacking libflite1:amd64 (2.2-6build3) ...
2026-10-09T15:52:46.0483206Z Selecting previously unselected package libserd-0-0:amd64.
2026-10-09T15:52:46.0616315Z Preparing to unpack .../49-libserd-0-0_0.32.2-1_amd64.deb ...
2026-10-09T15:52:46.0624894Z Unpacking libserd-0-0:amd64 (0.32.2-1) ...
2026-10-09T15:52:46.0847470Z Selecting previously unselected package libzix-0-0:amd64.
2026-10-09T15:52:46.0977984Z Preparing to unpack .../50-libzix-0-0_0.4.2-2build1_amd64.deb ...
2026-10-09T15:52:46.0986320Z Unpacking libzix-0-0:amd64 (0.4.2-2build1) ...
2026-10-09T15:52:46.1198882Z Selecting previously unselected package libsord-0-0:amd64.
2026-10-09T15:52:46.1329675Z Preparing to unpack .../51-libsord-0-0_0.16.16-2build1_amd64.deb ...
2026-10-09T15:52:46.1337443Z Unpacking libsord-0-0:amd64 (0.16.16-2build1) ...
2026-10-09T15:52:46.1601052Z Selecting previously unselected package libsratom-0-0:amd64.
2026-10-09T15:52:46.1728486Z Preparing to unpack .../52-libsratom-0-0_0.6.16-1build1_amd64.deb ...
2026-10-09T15:52:46.1736440Z Unpacking libsratom-0-0:amd64 (0.6.16-1build1) ...
2026-10-09T15:52:46.1937944Z Selecting previously unselected package liblilv-0-0:amd64.
2026-10-09T15:52:46.2065872Z Preparing to unpack .../53-liblilv-0-0_0.24.22-1build1_amd64.deb ...
2026-10-09T15:52:46.2074352Z Unpacking liblilv-0-0:amd64 (0.24.22-1build1) ...
2026-10-09T15:52:46.2285716Z Selecting previously unselected package libmysofa1:amd64.
2026-10-09T15:52:46.2413595Z Preparing to unpack .../54-libmysofa1_1.3.2+dfsg-2ubuntu2_amd64.deb ...
2026-10-09T15:52:46.2420607Z Unpacking libmysofa1:amd64 (1.3.2+dfsg-2ubuntu2) ...
2026-10-09T15:52:46.2689602Z Selecting previously unselected package libplacebo338:amd64.
2026-10-09T15:52:46.2817446Z Preparing to unpack .../55-libplacebo338_6.338.2-2build1_amd64.deb ...
2026-10-09T15:52:46.2824571Z Unpacking libplacebo338:amd64 (6.338.2-2build1) ...
2026-10-09T15:52:46.7605058Z Selecting previously unselected package libblas3:amd64.
2026-10-09T15:52:46.7736596Z Preparing to unpack .../56-libblas3_3.12.0-3build1.1_amd64.deb ...
2026-10-09T15:52:46.7770290Z Unpacking libblas3:amd64 (3.12.0-3build1.1) ...
2026-10-09T15:52:46.8012650Z Selecting previously unselected package liblapack3:amd64.
2026-10-09T15:52:46.8141060Z Preparing to unpack .../57-liblapack3_3.12.0-3build1.1_amd64.deb ...
2026-10-09T15:52:46.8175781Z Unpacking liblapack3:amd64 (3.12.0-3build1.1) ...
2026-10-09T15:52:46.8647825Z Selecting previously unselected package libasyncns0:amd64.
2026-10-09T15:52:46.8777008Z Preparing to unpack .../58-libasyncns0_0.8-6build4_amd64.deb ...
2026-10-09T15:52:46.8784465Z Unpacking libasyncns0:amd64 (0.8-6build4) ...
2026-10-09T15:52:46.8988798Z Selecting previously unselected package libflac12t64:amd64.
2026-10-09T15:52:46.9121013Z Preparing to unpack .../59-libflac12t64_1.4.3+ds-2.1ubuntu2_amd64.deb ...
2026-10-09T15:52:46.9155028Z Unpacking libflac12t64:amd64 (1.4.3+ds-2.1ubuntu2) ...
2026-10-09T15:52:46.9403312Z Selecting previously unselected package libsndfile1:amd64.
2026-10-09T15:52:46.9538343Z Preparing to unpack .../60-libsndfile1_1.2.2-1ubuntu5.24.04.1_amd64.deb ...
2026-10-09T15:52:46.9547236Z Unpacking libsndfile1:amd64 (1.2.2-1ubuntu5.24.04.1) ...
2026-10-09T15:52:46.9800729Z Selecting previously unselected package libpulse0:amd64.
2026-10-09T15:52:46.9931079Z Preparing to unpack .../61-libpulse0_1%3a16.1+dfsg1-2ubuntu10.1_amd64.deb ...
2026-10-09T15:52:46.9998395Z Unpacking libpulse0:amd64 (1:16.1+dfsg1-2ubuntu10.1) ...
2026-10-09T15:52:47.0248410Z Selecting previously unselected package libsphinxbase3t64:amd64.
2026-10-09T15:52:47.0379406Z Preparing to unpack .../62-libsphinxbase3t64_0.8+5prealpha+1-17build2_amd64.deb ...
2026-10-09T15:52:47.0387640Z Unpacking libsphinxbase3t64:amd64 (0.8+5prealpha+1-17build2) ...
2026-10-09T15:52:47.0614581Z Selecting previously unselected package libpocketsphinx3:amd64.
2026-10-09T15:52:47.0749631Z Preparing to unpack .../63-libpocketsphinx3_0.8.0+real5prealpha+1-15ubuntu5_amd64.deb ...
2026-10-09T15:52:47.0759392Z Unpacking libpocketsphinx3:amd64 (0.8.0+real5prealpha+1-15ubuntu5) ...
2026-10-09T15:52:47.0991769Z Selecting previously unselected package libpostproc57:amd64.
2026-10-09T15:52:47.1119873Z Preparing to unpack .../64-libpostproc57_7%3a6.1.1-3ubuntu5_amd64.deb ...
2026-10-09T15:52:47.1127936Z Unpacking libpostproc57:amd64 (7:6.1.1-3ubuntu5) ...
2026-10-09T15:52:47.1343400Z Selecting previously unselected package libsamplerate0:amd64.
2026-10-09T15:52:47.1471572Z Preparing to unpack .../65-libsamplerate0_0.2.2-4build1_amd64.deb ...
2026-10-09T15:52:47.1481056Z Unpacking libsamplerate0:amd64 (0.2.2-4build1) ...
2026-10-09T15:52:47.1749589Z Selecting previously unselected package librubberband2:amd64.
2026-10-09T15:52:47.1878457Z Preparing to unpack .../66-librubberband2_3.3.0+dfsg-2build1_amd64.deb ...
2026-10-09T15:52:47.1886490Z Unpacking librubberband2:amd64 (3.3.0+dfsg-2build1) ...
2026-10-09T15:52:47.2115149Z Selecting previously unselected package libswscale7:amd64.
2026-10-09T15:52:47.2244763Z Preparing to unpack .../67-libswscale7_7%3a6.1.1-3ubuntu5_amd64.deb ...
2026-10-09T15:52:47.2253026Z Unpacking libswscale7:amd64 (7:6.1.1-3ubuntu5) ...
2026-10-09T15:52:47.2511590Z Selecting previously unselected package libvidstab1.1:amd64.
2026-10-09T15:52:47.2642197Z Preparing to unpack .../68-libvidstab1.1_1.1.0-2build1_amd64.deb ...
2026-10-09T15:52:47.2652171Z Unpacking libvidstab1.1:amd64 (1.1.0-2build1) ...
2026-10-09T15:52:47.2865122Z Selecting previously unselected package libzimg2:amd64.
2026-10-09T15:52:47.2994758Z Preparing to unpack .../69-libzimg2_3.0.5+ds1-1build1_amd64.deb ...
2026-10-09T15:52:47.3002237Z Unpacking libzimg2:amd64 (3.0.5+ds1-1build1) ...
2026-10-09T15:52:47.3261711Z Selecting previously unselected package libavfilter9:amd64.
2026-10-09T15:52:47.3393903Z Preparing to unpack .../70-libavfilter9_7%3a6.1.1-3ubuntu5_amd64.deb ...
2026-10-09T15:52:47.3405597Z Unpacking libavfilter9:amd64 (7:6.1.1-3ubuntu5) ...
2026-10-09T15:52:47.4093608Z Selecting previously unselected package libcaca0:amd64.
2026-10-09T15:52:47.4221530Z Preparing to unpack .../71-libcaca0_0.99.beta20-4ubuntu0.2_amd64.deb ...
2026-10-09T15:52:47.4229106Z Unpacking libcaca0:amd64 (0.99.beta20-4ubuntu0.2) ...
2026-10-09T15:52:47.4473133Z Selecting previously unselected package libcdio19t64:amd64.
2026-10-09T15:52:47.4601144Z Preparing to unpack .../72-libcdio19t64_2.1.0-4.1ubuntu1.2_amd64.deb ...
2026-10-09T15:52:47.4607965Z Unpacking libcdio19t64:amd64 (2.1.0-4.1ubuntu1.2) ...
2026-10-09T15:52:47.4830005Z Selecting previously unselected package libcdio-cdda2t64:amd64.
2026-10-09T15:52:47.4956776Z Preparing to unpack .../73-libcdio-cdda2t64_10.2+2.0.1-1.1build2_amd64.deb ...
2026-10-09T15:52:47.4966115Z Unpacking libcdio-cdda2t64:amd64 (10.2+2.0.1-1.1build2) ...
2026-10-09T15:52:47.5173511Z Selecting previously unselected package libcdio-paranoia2t64:amd64.
2026-10-09T15:52:47.5300823Z Preparing to unpack .../74-libcdio-paranoia2t64_10.2+2.0.1-1.1build2_amd64.deb ...
2026-10-09T15:52:47.5309006Z Unpacking libcdio-paranoia2t64:amd64 (10.2+2.0.1-1.1build2) ...
2026-10-09T15:52:47.5513433Z Selecting previously unselected package libdc1394-25:amd64.
2026-10-09T15:52:47.5642984Z Preparing to unpack .../75-libdc1394-25_2.2.6-4build1_amd64.deb ...
2026-10-09T15:52:47.5651352Z Unpacking libdc1394-25:amd64 (2.2.6-4build1) ...
2026-10-09T15:52:47.5875607Z Selecting previously unselected package libiec61883-0:amd64.
2026-10-09T15:52:47.6004854Z Preparing to unpack .../76-libiec61883-0_1.2.0-6build1_amd64.deb ...
2026-10-09T15:52:47.6012316Z Unpacking libiec61883-0:amd64 (1.2.0-6build1) ...
2026-10-09T15:52:47.6227195Z Selecting previously unselected package libjack-jackd2-0:amd64.
2026-10-09T15:52:47.6359833Z Preparing to unpack .../77-libjack-jackd2-0_1.9.21~dfsg-3ubuntu3_amd64.deb ...
2026-10-09T15:52:47.6367968Z Unpacking libjack-jackd2-0:amd64 (1.9.21~dfsg-3ubuntu3) ...
2026-10-09T15:52:47.6625621Z Selecting previously unselected package libopenal-data.
2026-10-09T15:52:47.6755907Z Preparing to unpack .../78-libopenal-data_1%3a1.23.1-4build1_all.deb ...
2026-10-09T15:52:47.6765166Z Unpacking libopenal-data (1:1.23.1-4build1) ...
2026-10-09T15:52:47.7048831Z Selecting previously unselected package libsndio7.0:amd64.
2026-10-09T15:52:47.7181278Z Preparing to unpack .../79-libsndio7.0_1.9.0-0.3build3_amd64.deb ...
2026-10-09T15:52:47.7190656Z Unpacking libsndio7.0:amd64 (1.9.0-0.3build3) ...
2026-10-09T15:52:47.7411710Z Selecting previously unselected package libopenal1:amd64.
2026-10-09T15:52:47.7546007Z Preparing to unpack .../80-libopenal1_1%3a1.23.1-4build1_amd64.deb ...
2026-10-09T15:52:47.7555086Z Unpacking libopenal1:amd64 (1:1.23.1-4build1) ...
2026-10-09T15:52:47.7820139Z Selecting previously unselected package libdecor-0-0:amd64.
2026-10-09T15:52:47.7949792Z Preparing to unpack .../81-libdecor-0-0_0.2.2-1build2_amd64.deb ...
2026-10-09T15:52:47.7957946Z Unpacking libdecor-0-0:amd64 (0.2.2-1build2) ...
2026-10-09T15:52:47.8171465Z Selecting previously unselected package libsdl2-2.0-0:amd64.
2026-10-09T15:52:47.8302947Z Preparing to unpack .../82-libsdl2-2.0-0_2.30.0+dfsg-1ubuntu3.1_amd64.deb ...
2026-10-09T15:52:47.8309950Z Unpacking libsdl2-2.0-0:amd64 (2.30.0+dfsg-1ubuntu3.1) ...
2026-10-09T15:52:47.8870537Z Selecting previously unselected package libxcb-shape0:amd64.
2026-10-09T15:52:47.9005313Z Preparing to unpack .../83-libxcb-shape0_1.15-1ubuntu2_amd64.deb ...
2026-10-09T15:52:47.9013284Z Unpacking libxcb-shape0:amd64 (1.15-1ubuntu2) ...
2026-10-09T15:52:47.9223059Z Selecting previously unselected package libxv1:amd64.
2026-10-09T15:52:47.9352323Z Preparing to unpack .../84-libxv1_2%3a1.0.11-1.1build1_amd64.deb ...
2026-10-09T15:52:47.9359916Z Unpacking libxv1:amd64 (2:1.0.11-1.1build1) ...
2026-10-09T15:52:47.9645404Z Selecting previously unselected package libavdevice60:amd64.
2026-10-09T15:52:47.9775253Z Preparing to unpack .../85-libavdevice60_7%3a6.1.1-3ubuntu5_amd64.deb ...
2026-10-09T15:52:47.9783425Z Unpacking libavdevice60:amd64 (7:6.1.1-3ubuntu5) ...
2026-10-09T15:52:48.0000503Z Selecting previously unselected package ffmpeg.
2026-10-09T15:52:48.0129035Z Preparing to unpack .../86-ffmpeg_7%3a6.1.1-3ubuntu5_amd64.deb ...
2026-10-09T15:52:48.0137425Z Unpacking ffmpeg (7:6.1.1-3ubuntu5) ...
2026-10-09T15:52:48.0711913Z Setting up libgme0:amd64 (0.6.3-7build1) ...
2026-10-09T15:52:48.0735093Z Setting up libchromaprint1:amd64 (1.5.1-5) ...
2026-10-09T15:52:48.0751360Z Setting up libssh-gcrypt-4:amd64 (0.10.6-2ubuntu0.5) ...
2026-10-09T15:52:48.0776870Z Setting up libhwy1t64:amd64 (1.0.7-8.1build1) ...
2026-10-09T15:52:48.0794073Z Setting up libudfread0:amd64 (1.1.2-1build1) ...
2026-10-09T15:52:48.0811059Z Setting up libraw1394-11:amd64 (2.1.2-2build3) ...
2026-10-09T15:52:48.0834979Z Setting up libspeex1:amd64 (1.2.1-2ubuntu2.24.04.1) ...
2026-10-09T15:52:48.0852869Z Setting up libshine3:amd64 (3.1.1-2build1) ...
2026-10-09T15:52:48.0872682Z Setting up libcaca0:amd64 (0.99.beta20-4ubuntu0.2) ...
2026-10-09T15:52:48.0894668Z Setting up libvpl2 (2023.3.0-1build1) ...
2026-10-09T15:52:48.0911956Z Setting up libx264-164:amd64 (2:0.164.3108+git31e19f9-1) ...
2026-10-09T15:52:48.0929210Z Setting up libtwolame0:amd64 (0.4.0-2build3) ...
2026-10-09T15:52:48.0949885Z Setting up libmbedcrypto7t64:amd64 (2.28.8-1) ...
2026-10-09T15:52:48.0966931Z Setting up libgsm1:amd64 (1.0.22-1build1) ...
2026-10-09T15:52:48.0986179Z Setting up libsoxr0:amd64 (0.1.3-4build3) ...
2026-10-09T15:52:48.1005858Z Setting up libzix-0-0:amd64 (0.4.2-2build1) ...
2026-10-09T15:52:48.1025706Z Setting up libcodec2-1.2:amd64 (1.2.0-2build1) ...
2026-10-09T15:52:48.1046633Z Setting up libmysofa1:amd64 (1.3.2+dfsg-2ubuntu2) ...
2026-10-09T15:52:48.1064405Z Setting up libxcb-shape0:amd64 (1.15-1ubuntu2) ...
2026-10-09T15:52:48.1086552Z Setting up libcdio19t64:amd64 (2.1.0-4.1ubuntu1.2) ...
2026-10-09T15:52:48.1104470Z Setting up libsvtav1enc1d1:amd64 (1.7.0+dfsg-2build1) ...
2026-10-09T15:52:48.1124013Z Setting up libmpg123-0t64:amd64 (1.32.5-1ubuntu1.1) ...
2026-10-09T15:52:48.1142037Z Setting up libcjson1:amd64 (1.7.17-1) ...
2026-10-09T15:52:48.1160990Z Setting up libxvidcore4:amd64 (2:1.3.7-1build1) ...
2026-10-09T15:52:48.1180501Z Setting up librav1e0:amd64 (0.7.1-2) ...
2026-10-09T15:52:48.1198644Z Setting up libcdio-cdda2t64:amd64 (10.2+2.0.1-1.1build2) ...
2026-10-09T15:52:48.1218036Z Setting up librist4:amd64 (0.2.10+dfsg-2) ...
2026-10-09T15:52:48.1237388Z Setting up librsvg2-2:amd64 (2.58.0+dfsg-1ubuntu0.1) ...
2026-10-09T15:52:48.1255475Z Setting up libblas3:amd64 (3.12.0-3build1.1) ...
2026-10-09T15:52:48.1320594Z update-alternatives: using /usr/lib/x86_64-linux-gnu/blas/libblas.so.3 to provide /usr/lib/x86_64-linux-gnu/libblas.so.3 (libblas.so.3-x86_64-linux-gnu) in auto mode
2026-10-09T15:52:48.1368185Z Setting up libplacebo338:amd64 (6.338.2-2build1) ...
2026-10-09T15:52:48.1387391Z Setting up libva2:amd64 (2.20.0-2ubuntu0.2) ...
2026-10-09T15:52:48.1407822Z Setting up libopus0:amd64 (1.4-1build1) ...
2026-10-09T15:52:48.1425548Z Setting up libcdio-paranoia2t64:amd64 (10.2+2.0.1-1.1build2) ...
2026-10-09T15:52:48.1445012Z Setting up libdc1394-25:amd64 (2.2.6-4build1) ...
2026-10-09T15:52:48.1462077Z Setting up libxv1:amd64 (2:1.0.11-1.1build1) ...
2026-10-09T15:52:48.1482802Z Setting up libunibreak5:amd64 (5.1-2build1) ...
2026-10-09T15:52:48.1506275Z Setting up libjxl0.7:amd64 (0.7.0-10.2ubuntu6.1) ...
2026-10-09T15:52:48.1523869Z Setting up libx265-199:amd64 (3.5-2build1) ...
2026-10-09T15:52:48.1544104Z Setting up libsndio7.0:amd64 (1.9.0-0.3build3) ...
2026-10-09T15:52:48.1562213Z Setting up libvidstab1.1:amd64 (1.1.0-2build1) ...
2026-10-09T15:52:48.1583403Z Setting up libvpx9:amd64 (1.14.0-1ubuntu2.3) ...
2026-10-09T15:52:48.1602746Z Setting up libsrt1.5-gnutls:amd64 (1.5.3-1build2) ...
2026-10-09T15:52:48.1619627Z Setting up libflite1:amd64 (2.2-6build3) ...
2026-10-09T15:52:48.1642323Z Setting up libdav1d7:amd64 (1.4.1-1build1) ...
2026-10-09T15:52:48.1661556Z Setting up libva-drm2:amd64 (2.20.0-2ubuntu0.2) ...
2026-10-09T15:52:48.1682337Z Setting up ocl-icd-libopencl1:amd64 (2.3.2-1build1) ...
2026-10-09T15:52:48.1699725Z Setting up libasyncns0:amd64 (0.8-6build4) ...
2026-10-09T15:52:48.1717329Z Setting up libvdpau1:amd64 (1.5-2build1) ...
2026-10-09T15:52:48.1746900Z Setting up libbs2b0:amd64 (3.1.0+dfsg-7build1) ...
2026-10-09T15:52:48.1764794Z Setting up libtheora0:amd64 (1.1.1+dfsg.1-16.1build3) ...
2026-10-09T15:52:48.1784594Z Setting up libdecor-0-0:amd64 (0.2.2-1build2) ...
2026-10-09T15:52:48.1804050Z Setting up libzimg2:amd64 (3.0.5+ds1-1build1) ...
2026-10-09T15:52:48.1824537Z Setting up libopenal-data (1:1.23.1-4build1) ...
2026-10-09T15:52:48.1850006Z Setting up libflac12t64:amd64 (1.4.3+ds-2.1ubuntu2) ...
2026-10-09T15:52:48.1871551Z Setting up libbluray2:amd64 (1:1.3.4-1build1) ...
2026-10-09T15:52:48.1889701Z Setting up libsamplerate0:amd64 (0.2.2-4build1) ...
2026-10-09T15:52:48.1908263Z Setting up libva-x11-2:amd64 (2.20.0-2ubuntu0.2) ...
2026-10-09T15:52:48.1926887Z Setting up libopenmpt0t64:amd64 (0.7.3-1.1build3) ...
2026-10-09T15:52:48.1948519Z Setting up libzvbi-common (0.2.42-2) ...
2026-10-09T15:52:48.1970022Z Setting up libmp3lame0:amd64 (3.100-6build1) ...
2026-10-09T15:52:48.1988910Z Setting up libvorbisenc2:amd64 (1.3.7-1build3) ...
2026-10-09T15:52:48.2011619Z Setting up libiec61883-0:amd64 (1.2.0-6build1) ...
2026-10-09T15:52:48.2030462Z Setting up libserd-0-0:amd64 (0.32.2-1) ...
2026-10-09T15:52:48.2048477Z Setting up libavc1394-0:amd64 (0.5.4-5build3) ...
2026-10-09T15:52:48.2078500Z Setting up liblapack3:amd64 (3.12.0-3build1.1) ...
2026-10-09T15:52:48.2140937Z update-alternatives: using /usr/lib/x86_64-linux-gnu/lapack/liblapack.so.3 to provide /usr/lib/x86_64-linux-gnu/liblapack.so.3 (liblapack.so.3-x86_64-linux-gnu) in auto mode
2026-10-09T15:52:48.2157280Z Setting up libzvbi0t64:amd64 (0.2.42-2) ...
2026-10-09T15:52:48.2178115Z Setting up libavutil58:amd64 (7:6.1.1-3ubuntu5) ...
2026-10-09T15:52:48.2196939Z Setting up libopenal1:amd64 (1:1.23.1-4build1) ...
2026-10-09T15:52:48.2217782Z Setting up libass9:amd64 (1:0.17.1-2build1) ...
2026-10-09T15:52:48.2238524Z Setting up libswresample4:amd64 (7:6.1.1-3ubuntu5) ...
2026-10-09T15:52:48.2255972Z Setting up libavcodec60:amd64 (7:6.1.1-3ubuntu5) ...
2026-10-09T15:52:48.2278427Z Setting up librubberband2:amd64 (3.3.0+dfsg-2build1) ...
2026-10-09T15:52:48.2297429Z Setting up libjack-jackd2-0:amd64 (1.9.21~dfsg-3ubuntu3) ...
2026-10-09T15:52:48.2318180Z Setting up libsord-0-0:amd64 (0.16.16-2build1) ...
2026-10-09T15:52:48.2337233Z Setting up libpostproc57:amd64 (7:6.1.1-3ubuntu5) ...
2026-10-09T15:52:48.2356761Z Setting up libsratom-0-0:amd64 (0.6.16-1build1) ...
2026-10-09T15:52:48.2376483Z Setting up libsndfile1:amd64 (1.2.2-1ubuntu5.24.04.1) ...
2026-10-09T15:52:48.2396217Z Setting up liblilv-0-0:amd64 (0.24.22-1build1) ...
2026-10-09T15:52:48.2474495Z Setting up libswscale7:amd64 (7:6.1.1-3ubuntu5) ...
2026-10-09T15:52:48.2494969Z Setting up libpulse0:amd64 (1:16.1+dfsg1-2ubuntu10.1) ...
2026-10-09T15:52:48.2568596Z Setting up libavformat60:amd64 (7:6.1.1-3ubuntu5) ...
2026-10-09T15:52:48.2593065Z Setting up libsphinxbase3t64:amd64 (0.8+5prealpha+1-17build2) ...
2026-10-09T15:52:48.2612152Z Setting up libsdl2-2.0-0:amd64 (2.30.0+dfsg-1ubuntu3.1) ...
2026-10-09T15:52:48.2865739Z Setting up libpocketsphinx3:amd64 (0.8.0+real5prealpha+1-15ubuntu5) ...
2026-10-09T15:52:48.2887633Z Setting up libavfilter9:amd64 (7:6.1.1-3ubuntu5) ...
2026-10-09T15:52:48.2906876Z Setting up libavdevice60:amd64 (7:6.1.1-3ubuntu5) ...
2026-10-09T15:52:48.2927714Z Setting up ffmpeg (7:6.1.1-3ubuntu5) ...
2026-10-09T15:52:48.2949287Z Processing triggers for man-db (2.12.0-4build2) ...
2026-10-09T15:52:48.2966855Z Not building database; man-db/auto-update is not 'true'.
2026-10-09T15:52:48.2978063Z Processing triggers for libc-bin (2.39-0ubuntu8.9) ...
2026-10-09T15:52:48.8601977Z 
2026-10-09T15:52:48.8603203Z Running kernel seems to be up-to-date.
2026-10-09T15:52:48.8603662Z 
2026-10-09T15:52:48.8603947Z No services need to be restarted.
2026-10-09T15:52:48.8604269Z 
2026-10-09T15:52:48.8604531Z No containers need to be restarted.
2026-10-09T15:52:48.8604841Z 
2026-10-09T15:52:48.8605156Z No user sessions are running outdated binaries.
2026-10-09T15:52:48.8605530Z 
2026-10-09T15:52:48.8606028Z No VM guests are running outdated hypervisor (qemu) binaries on this host.
2026-10-09T15:52:50.1153902Z ##[group]Run set -o pipefail
2026-10-09T15:52:50.1154217Z [36;1mset -o pipefail[0m
2026-10-09T15:52:50.1155008Z [36;1mV2_PYTHON=python CI_RECEIPTS="$CI_RECEIPTS/v2-independent-live" pnpm exec playwright test --config playwright.independent-live.config.ts 2>&1 | tee "$CI_RECEIPTS/v2-independent-live.log"[0m
2026-10-09T15:52:50.1219174Z shell: /usr/bin/bash -e {0}
2026-10-09T15:52:50.1219422Z env:
2026-10-09T15:52:50.1219617Z   MOCK_PROVIDER: true
2026-10-09T15:52:50.1219841Z   MOCK_STREAM_DELAY_MS: 0
2026-10-09T15:52:50.1220064Z   ENABLE_CLOUD: false
2026-10-09T15:52:50.1220300Z   CREDENTIAL_VAULT_BACKEND: memory
2026-10-09T15:52:50.1220588Z   CREDENTIAL_VAULT_ALLOW_MEMORY_FALLBACK: true
2026-10-09T15:52:50.1220887Z   PYTHONDONTWRITEBYTECODE: 1
2026-10-09T15:52:50.1221129Z   HF_HUB_OFFLINE: 1
2026-10-09T15:52:50.1221336Z   TRANSFORMERS_OFFLINE: 1
2026-10-09T15:52:50.1221628Z   pythonLocation: /opt/hostedtoolcache/Python/3.12.9/x64
2026-10-09T15:52:50.1222091Z   PKG_CONFIG_PATH: /opt/hostedtoolcache/Python/3.12.9/x64/lib/pkgconfig
2026-10-09T15:52:50.1222780Z   Python_ROOT_DIR: /opt/hostedtoolcache/Python/3.12.9/x64
2026-10-09T15:52:50.1223159Z   Python2_ROOT_DIR: /opt/hostedtoolcache/Python/3.12.9/x64
2026-10-09T15:52:50.1223536Z   Python3_ROOT_DIR: /opt/hostedtoolcache/Python/3.12.9/x64
2026-10-09T15:52:50.1223923Z   LD_LIBRARY_PATH: /opt/hostedtoolcache/Python/3.12.9/x64/lib
2026-10-09T15:52:50.1224298Z   CI_COVERAGE_SHA: 9851bdd2d692df983664bc8f4597fbc05c0e2ceb
2026-10-09T15:52:50.1224673Z   CI_COVERAGE_TREE: cd6989a19e5fd5e2400f2325fe696cae03d8eda7
2026-10-09T15:52:50.1225106Z   CI_SANDBOX: /home/runner/work/_temp/novel-ci-v2-independent-media.YB6kZs
2026-10-09T15:52:50.1225631Z   CI_PROJECT: /home/runner/work/_temp/novel-ci-v2-independent-media.YB6kZs/project
2026-10-09T15:52:50.1226205Z   CI_RECEIPTS: /home/runner/work/_temp/novel-ci-v2-independent-media.YB6kZs/receipts
2026-10-09T15:52:50.1226732Z   HOME: /home/runner/work/_temp/novel-ci-v2-independent-media.YB6kZs/home
2026-10-09T15:52:50.1227267Z   USERPROFILE: /home/runner/work/_temp/novel-ci-v2-independent-media.YB6kZs/home
2026-10-09T15:52:50.1227811Z   APPDATA: /home/runner/work/_temp/novel-ci-v2-independent-media.YB6kZs/appdata
2026-10-09T15:52:50.1228382Z   LOCALAPPDATA: /home/runner/work/_temp/novel-ci-v2-independent-media.YB6kZs/localappdata
2026-10-09T15:52:50.1228969Z   XDG_CONFIG_HOME: /home/runner/work/_temp/novel-ci-v2-independent-media.YB6kZs/config
2026-10-09T15:52:50.1229524Z   XDG_CACHE_HOME: /home/runner/work/_temp/novel-ci-v2-independent-media.YB6kZs/cache
2026-10-09T15:52:50.1230057Z   XDG_DATA_HOME: /home/runner/work/_temp/novel-ci-v2-independent-media.YB6kZs/data
2026-10-09T15:52:50.1230582Z   XDG_STATE_HOME: /home/runner/work/_temp/novel-ci-v2-independent-media.YB6kZs/state
2026-10-09T15:52:50.1231092Z   TMPDIR: /home/runner/work/_temp/novel-ci-v2-independent-media.YB6kZs/tmp
2026-10-09T15:52:50.1231570Z   TMP: /home/runner/work/_temp/novel-ci-v2-independent-media.YB6kZs/tmp
2026-10-09T15:52:50.1232051Z   TEMP: /home/runner/work/_temp/novel-ci-v2-independent-media.YB6kZs/tmp
2026-10-09T15:52:50.1232903Z   PROJECT_ROOT: /home/runner/work/_temp/novel-ci-v2-independent-media.YB6kZs/project
2026-10-09T15:52:50.1233481Z   NOVEL_DATA_PATH: /home/runner/work/_temp/novel-ci-v2-independent-media.YB6kZs/data/novels
2026-10-09T15:52:50.1234250Z   BACKUP_PATH: /home/runner/work/_temp/novel-ci-v2-independent-media.YB6kZs/data/backups
2026-10-09T15:52:50.1234893Z   DATABASE_BACKUP_PATH: /home/runner/work/_temp/novel-ci-v2-independent-media.YB6kZs/data/database-backups
2026-10-09T15:52:50.1235566Z   KNOWLEDGE_SOURCE_PATH: /home/runner/work/_temp/novel-ci-v2-independent-media.YB6kZs/data/novels
2026-10-09T15:52:50.1236014Z ##[endgroup]
2026-10-09T15:53:32.7792267Z 
2026-10-09T15:53:32.7818118Z Running 11 tests using 1 worker
2026-10-09T15:53:32.7819397Z 
2026-10-09T15:53:42.3499245Z   ✓   1 [v2-live-chromium] › tests/e2e/v2-asset-relationships-live.spec.ts:41:1 › real File optional asset relationships persist, protect targets and remove explicitly with no chapter prerequisite (8.7s)
2026-10-09T15:53:47.1940285Z   ✓   2 [v2-live-chromium] › tests/e2e/v2-independent-graph-live.spec.ts:35:1 › real independent typed graph saves empty and disconnected drafts, reopens, and reviews an original local workflow without model calls (4.8s)
2026-10-09T15:53:51.6573197Z   ✓   3 [v2-live-chromium] › tests/e2e/v2-independent-studio-live.spec.ts:88:1 › real File independent studio imports, persists, reopens and exports an image with no chapters or model mutation (4.4s)
2026-10-09T15:53:56.2075069Z   ✓   4 [v2-live-chromium] › tests/e2e/v2-independent-studio-live.spec.ts:207:1 › real File independent VIDEO imports, decodes, reopens and exports original bytes without chapters or director (4.5s)
2026-10-09T15:54:00.1795131Z   ✓   5 [v1-chromium] › tests/e2e/v2-independent-graph-live.spec.ts:106:3 › default-off: independent graph remains unavailable without its server gate (3.2s)
2026-10-09T15:54:01.4452351Z   ✓   6 [v1-chromium] › tests/e2e/v2-independent-studio-live.spec.ts:281:1 › default-off independent studio entry is absent and neutral project writes are rejected (1.2s)
2026-10-09T15:54:05.3912675Z   ✓   7 [v1-acceptance-chromium] › tests/e2e/v2-independent-graph-live.spec.ts:106:3 › acceptance-mode: independent graph remains unavailable without its server gate (3.2s)
2026-10-09T15:54:06.6435111Z   ✓   8 [v1-acceptance-chromium] › tests/e2e/v2-independent-studio-live.spec.ts:285:1 › acceptance-mode independent studio stays absent despite an enabled narrative feature setting (1.2s)
2026-10-09T15:54:18.6621659Z   ✓   9 [m3-consent-chromium] › tests/e2e/v2-local-ai-consent-live.spec.ts:48:1 › M3 enabled original File HTTP UI reviews synthetic host scope before explicit confirmation (11.3s)
2026-10-09T15:54:26.5882838Z   ✓  10 [m3-default-off-chromium] › tests/e2e/v2-local-ai-consent-live.spec.ts:82:62 › M3 default-off keeps original UI and rejects new onboarding routes without probes (7.2s)
2026-10-09T15:54:34.9973678Z   ✓  11 [m3-acceptance-chromium] › tests/e2e/v2-local-ai-consent-live.spec.ts:82:62 › M3 acceptance-mode keeps original UI and rejects new onboarding routes without probes (7.7s)
2026-10-09T15:54:35.0946784Z 
2026-10-09T15:54:35.1033471Z   11 passed (1.7m)
2026-10-09T15:54:35.1542262Z ##[group]Run if [ -f "$CI_RECEIPTS/v2-independent-live/junit.xml" ]; then
2026-10-09T15:54:35.1543351Z [36;1mif [ -f "$CI_RECEIPTS/v2-independent-live/junit.xml" ]; then[0m
2026-10-09T15:54:35.1543908Z [36;1m  cp "$CI_RECEIPTS/v2-independent-live/junit.xml" "$CI_RECEIPTS/v2-independent-live.xml"[0m
2026-10-09T15:54:35.1544362Z [36;1mfi[0m
2026-10-09T15:54:35.1544608Z [36;1mpython3 .github/ci/receipt.py "$CI_RECEIPTS"[0m
2026-10-09T15:54:35.1609068Z shell: /usr/bin/bash -e {0}
2026-10-09T15:54:35.1609328Z env:
2026-10-09T15:54:35.1609527Z   MOCK_PROVIDER: true
2026-10-09T15:54:35.1609763Z   MOCK_STREAM_DELAY_MS: 0
2026-10-09T15:54:35.1610001Z   ENABLE_CLOUD: false
2026-10-09T15:54:35.1610245Z   CREDENTIAL_VAULT_BACKEND: memory
2026-10-09T15:54:35.1610547Z   CREDENTIAL_VAULT_ALLOW_MEMORY_FALLBACK: true
2026-10-09T15:54:35.1610866Z   PYTHONDONTWRITEBYTECODE: 1
2026-10-09T15:54:35.1611120Z   HF_HUB_OFFLINE: 1
2026-10-09T15:54:35.1611336Z   TRANSFORMERS_OFFLINE: 1
2026-10-09T15:54:35.1611677Z   pythonLocation: /opt/hostedtoolcache/Python/3.12.9/x64
2026-10-09T15:54:35.1612319Z   PKG_CONFIG_PATH: /opt/hostedtoolcache/Python/3.12.9/x64/lib/pkgconfig
2026-10-09T15:54:35.1613019Z   Python_ROOT_DIR: /opt/hostedtoolcache/Python/3.12.9/x64
2026-10-09T15:54:35.1613417Z   Python2_ROOT_DIR: /opt/hostedtoolcache/Python/3.12.9/x64
2026-10-09T15:54:35.1613818Z   Python3_ROOT_DIR: /opt/hostedtoolcache/Python/3.12.9/x64
2026-10-09T15:54:35.1614216Z   LD_LIBRARY_PATH: /opt/hostedtoolcache/Python/3.12.9/x64/lib
2026-10-09T15:54:35.1614622Z   CI_COVERAGE_SHA: 9851bdd2d692df983664bc8f4597fbc05c0e2ceb
2026-10-09T15:54:35.1615015Z   CI_COVERAGE_TREE: cd6989a19e5fd5e2400f2325fe696cae03d8eda7
2026-10-09T15:54:35.1615472Z   CI_SANDBOX: /home/runner/work/_temp/novel-ci-v2-independent-media.YB6kZs
2026-10-09T15:54:35.1616027Z   CI_PROJECT: /home/runner/work/_temp/novel-ci-v2-independent-media.YB6kZs/project
2026-10-09T15:54:35.1616618Z   CI_RECEIPTS: /home/runner/work/_temp/novel-ci-v2-independent-media.YB6kZs/receipts
2026-10-09T15:54:35.1617177Z   HOME: /home/runner/work/_temp/novel-ci-v2-independent-media.YB6kZs/home
2026-10-09T15:54:35.1617677Z   USERPROFILE: /home/runner/work/_temp/novel-ci-v2-independent-media.YB6kZs/home
2026-10-09T15:54:35.1618211Z   APPDATA: /home/runner/work/_temp/novel-ci-v2-independent-media.YB6kZs/appdata
2026-10-09T15:54:35.1618767Z   LOCALAPPDATA: /home/runner/work/_temp/novel-ci-v2-independent-media.YB6kZs/localappdata
2026-10-09T15:54:35.1619346Z   XDG_CONFIG_HOME: /home/runner/work/_temp/novel-ci-v2-independent-media.YB6kZs/config
2026-10-09T15:54:35.1619892Z   XDG_CACHE_HOME: /home/runner/work/_temp/novel-ci-v2-independent-media.YB6kZs/cache
2026-10-09T15:54:35.1620420Z   XDG_DATA_HOME: /home/runner/work/_temp/novel-ci-v2-independent-media.YB6kZs/data
2026-10-09T15:54:35.1620947Z   XDG_STATE_HOME: /home/runner/work/_temp/novel-ci-v2-independent-media.YB6kZs/state
2026-10-09T15:54:35.1621456Z   TMPDIR: /home/runner/work/_temp/novel-ci-v2-independent-media.YB6kZs/tmp
2026-10-09T15:54:35.1621940Z   TMP: /home/runner/work/_temp/novel-ci-v2-independent-media.YB6kZs/tmp
2026-10-09T15:54:35.1622606Z   TEMP: /home/runner/work/_temp/novel-ci-v2-independent-media.YB6kZs/tmp
2026-10-09T15:54:35.1623143Z   PROJECT_ROOT: /home/runner/work/_temp/novel-ci-v2-independent-media.YB6kZs/project
2026-10-09T15:54:35.1623711Z   NOVEL_DATA_PATH: /home/runner/work/_temp/novel-ci-v2-independent-media.YB6kZs/data/novels
2026-10-09T15:54:35.1624301Z   BACKUP_PATH: /home/runner/work/_temp/novel-ci-v2-independent-media.YB6kZs/data/backups
2026-10-09T15:54:35.1624941Z   DATABASE_BACKUP_PATH: /home/runner/work/_temp/novel-ci-v2-independent-media.YB6kZs/data/database-backups
2026-10-09T15:54:35.1625613Z   KNOWLEDGE_SOURCE_PATH: /home/runner/work/_temp/novel-ci-v2-independent-media.YB6kZs/data/novels
2026-10-09T15:54:35.1626065Z ##[endgroup]
2026-10-09T15:54:35.3190685Z {
2026-10-09T15:54:35.3193988Z   "revision": "checked_out_sha=9851bdd2d692df983664bc8f4597fbc05c0e2ceb\nevent_sha=9851bdd2d692df983664bc8f4597fbc05c0e2ceb\nrun_url=https://github.com/1785235376-blip/AI-Novel-Studio/actions/runs/37954818267\njob=v2-independent-media\nplatform=Linux; native Windows host/AppContainer/installer=NOT RUN\n",
2026-10-09T15:54:35.3196024Z   "test_reports": {
2026-10-09T15:54:35.3196421Z     "v2-independent-live.xml": {
2026-10-09T15:54:35.3196810Z       "tests": 11,
2026-10-09T15:54:35.3197121Z       "failures": 0,
2026-10-09T15:54:35.3197435Z       "errors": 0,
2026-10-09T15:54:35.3197735Z       "skipped": 0
2026-10-09T15:54:35.3198044Z     }
2026-10-09T15:54:35.3198303Z   },
2026-10-09T15:54:35.3198624Z   "report_status": "RECORDED",
2026-10-09T15:54:35.3199166Z   "native_windows_host_appcontainer_installer": "NOT RUN",
2026-10-09T15:54:35.3199673Z   "real_model_and_paid_provider_execution": "NOT RUN"
2026-10-09T15:54:35.3200034Z }
2026-10-09T15:54:35.3200156Z 
2026-10-09T15:54:35.3310856Z ##[group]Run actions/upload-artifact@v4.6.2
2026-10-09T15:54:35.3311168Z with:
2026-10-09T15:54:35.3311531Z   name: v2-independent-media-9851bdd2d692df983664bc8f4597fbc05c0e2ceb-attempt-1
2026-10-09T15:54:35.3312301Z   path: /home/runner/work/_temp/novel-ci-v2-independent-media.YB6kZs/receipts

2026-10-09T15:54:35.3313028Z   if-no-files-found: error
2026-10-09T15:54:35.3313267Z   retention-days: 14
2026-10-09T15:54:35.3313489Z   compression-level: 6
2026-10-09T15:54:35.3313705Z   overwrite: false
2026-10-09T15:54:35.3313918Z   include-hidden-files: false
2026-10-09T15:54:35.3314148Z env:
2026-10-09T15:54:35.3314328Z   MOCK_PROVIDER: true
2026-10-09T15:54:35.3314541Z   MOCK_STREAM_DELAY_MS: 0
2026-10-09T15:54:35.3314761Z   ENABLE_CLOUD: false
2026-10-09T15:54:35.3314978Z   CREDENTIAL_VAULT_BACKEND: memory
2026-10-09T15:54:35.3315256Z   CREDENTIAL_VAULT_ALLOW_MEMORY_FALLBACK: true
2026-10-09T15:54:35.3315551Z   PYTHONDONTWRITEBYTECODE: 1
2026-10-09T15:54:35.3315826Z   HF_HUB_OFFLINE: 1
2026-10-09T15:54:35.3316037Z   TRANSFORMERS_OFFLINE: 1
2026-10-09T15:54:35.3316320Z   pythonLocation: /opt/hostedtoolcache/Python/3.12.9/x64
2026-10-09T15:54:35.3316740Z   PKG_CONFIG_PATH: /opt/hostedtoolcache/Python/3.12.9/x64/lib/pkgconfig
2026-10-09T15:54:35.3317156Z   Python_ROOT_DIR: /opt/hostedtoolcache/Python/3.12.9/x64
2026-10-09T15:54:35.3317541Z   Python2_ROOT_DIR: /opt/hostedtoolcache/Python/3.12.9/x64
2026-10-09T15:54:35.3317924Z   Python3_ROOT_DIR: /opt/hostedtoolcache/Python/3.12.9/x64
2026-10-09T15:54:35.3318298Z   LD_LIBRARY_PATH: /opt/hostedtoolcache/Python/3.12.9/x64/lib
2026-10-09T15:54:35.3318675Z   CI_COVERAGE_SHA: 9851bdd2d692df983664bc8f4597fbc05c0e2ceb
2026-10-09T15:54:35.3319043Z   CI_COVERAGE_TREE: cd6989a19e5fd5e2400f2325fe696cae03d8eda7
2026-10-09T15:54:35.3319477Z   CI_SANDBOX: /home/runner/work/_temp/novel-ci-v2-independent-media.YB6kZs
2026-10-09T15:54:35.3319997Z   CI_PROJECT: /home/runner/work/_temp/novel-ci-v2-independent-media.YB6kZs/project
2026-10-09T15:54:35.3320552Z   CI_RECEIPTS: /home/runner/work/_temp/novel-ci-v2-independent-media.YB6kZs/receipts
2026-10-09T15:54:35.3321074Z   HOME: /home/runner/work/_temp/novel-ci-v2-independent-media.YB6kZs/home
2026-10-09T15:54:35.3321587Z   USERPROFILE: /home/runner/work/_temp/novel-ci-v2-independent-media.YB6kZs/home
2026-10-09T15:54:35.3322115Z   APPDATA: /home/runner/work/_temp/novel-ci-v2-independent-media.YB6kZs/appdata
2026-10-09T15:54:35.3322882Z   LOCALAPPDATA: /home/runner/work/_temp/novel-ci-v2-independent-media.YB6kZs/localappdata
2026-10-09T15:54:35.3323464Z   XDG_CONFIG_HOME: /home/runner/work/_temp/novel-ci-v2-independent-media.YB6kZs/config
2026-10-09T15:54:35.3324016Z   XDG_CACHE_HOME: /home/runner/work/_temp/novel-ci-v2-independent-media.YB6kZs/cache
2026-10-09T15:54:35.3324550Z   XDG_DATA_HOME: /home/runner/work/_temp/novel-ci-v2-independent-media.YB6kZs/data
2026-10-09T15:54:35.3325085Z   XDG_STATE_HOME: /home/runner/work/_temp/novel-ci-v2-independent-media.YB6kZs/state
2026-10-09T15:54:35.3325601Z   TMPDIR: /home/runner/work/_temp/novel-ci-v2-independent-media.YB6kZs/tmp
2026-10-09T15:54:35.3326083Z   TMP: /home/runner/work/_temp/novel-ci-v2-independent-media.YB6kZs/tmp
2026-10-09T15:54:35.3326550Z   TEMP: /home/runner/work/_temp/novel-ci-v2-independent-media.YB6kZs/tmp
2026-10-09T15:54:35.3327059Z   PROJECT_ROOT: /home/runner/work/_temp/novel-ci-v2-independent-media.YB6kZs/project
2026-10-09T15:54:35.3327628Z   NOVEL_DATA_PATH: /home/runner/work/_temp/novel-ci-v2-independent-media.YB6kZs/data/novels
2026-10-09T15:54:35.3328223Z   BACKUP_PATH: /home/runner/work/_temp/novel-ci-v2-independent-media.YB6kZs/data/backups
2026-10-09T15:54:35.3328877Z   DATABASE_BACKUP_PATH: /home/runner/work/_temp/novel-ci-v2-independent-media.YB6kZs/data/database-backups
2026-10-09T15:54:35.3329556Z   KNOWLEDGE_SOURCE_PATH: /home/runner/work/_temp/novel-ci-v2-independent-media.YB6kZs/data/novels
2026-10-09T15:54:35.3330009Z ##[endgroup]
2026-10-09T15:54:35.5005573Z (node:5257) [DEP0040] DeprecationWarning: The `punycode` module is deprecated. Please use a userland alternative instead.
2026-10-09T15:54:35.5006459Z (Use `node --trace-deprecation ...` to show where the warning was created)
2026-10-09T15:54:35.5302713Z With the provided path, there will be 55 files uploaded
2026-10-09T15:54:35.5308727Z Artifact name is valid!
2026-10-09T15:54:35.5309237Z Root directory input is valid!
2026-10-09T15:54:35.7263498Z Beginning upload of artifact content to blob storage
2026-10-09T15:54:35.9522704Z (node:5257) [DEP0169] DeprecationWarning: `url.parse()` behavior is not standardized and prone to errors that have security implications. Use the WHATWG URL API instead. CVEs are not issued for `url.parse()` vulnerabilities.
2026-10-09T15:54:36.1564662Z Uploaded bytes 4115106
2026-10-09T15:54:36.1708852Z Finished uploading artifact content to blob storage!
2026-10-09T15:54:36.1710536Z SHA256 digest of uploaded artifact zip is 222ccbcdf0a883e4587db1b84628407a4fe642de27963f0877cb445f8ef03a7d
2026-10-09T15:54:36.1712088Z Finalizing artifact upload
2026-10-09T15:54:36.3810174Z Artifact v2-independent-media-9851bdd2d692df983664bc8f4597fbc05c0e2ceb-attempt-1.zip successfully finalized. Artifact ID 11626973917
2026-10-09T15:54:36.3814014Z Artifact v2-independent-media-9851bdd2d692df983664bc8f4597fbc05c0e2ceb-attempt-1 has been successfully uploaded! Final size is 4115106 bytes. Artifact ID is 11626973917
2026-10-09T15:54:36.3819662Z Artifact download URL: https://github.com/1785235376-blip/AI-Novel-Studio/actions/runs/37954818267/artifacts/11626973917
2026-10-09T15:54:36.4015862Z Post job cleanup.
2026-10-09T15:54:36.5205274Z (node:5271) [DEP0040] DeprecationWarning: The `punycode` module is deprecated. Please use a userland alternative instead.
2026-10-09T15:54:36.5206174Z (Use `node --trace-deprecation ...` to show where the warning was created)
2026-10-09T15:54:36.5380930Z Post job cleanup.
2026-10-09T15:54:36.6677896Z (node:5279) [DEP0040] DeprecationWarning: The `punycode` module is deprecated. Please use a userland alternative instead.
2026-10-09T15:54:36.6678856Z (Use `node --trace-deprecation ...` to show where the warning was created)
2026-10-09T15:54:36.6871033Z Post job cleanup.
2026-10-09T15:54:36.7780718Z [command]/usr/bin/git version
2026-10-09T15:54:36.7826121Z git version 2.55.0
2026-10-09T15:54:36.7894396Z Temporarily overriding HOME='/home/runner/work/_temp/19b36dd1-c3f1-4214-9f46-7bef14527399' before making global git config changes
2026-10-09T15:54:36.7900871Z Adding repository directory to the temporary git global config as a safe directory
2026-10-09T15:54:36.7902957Z [command]/usr/bin/git config --global --add safe.directory /home/runner/work/AI-Novel-Studio/AI-Novel-Studio
2026-10-09T15:54:36.7925370Z [command]/usr/bin/git config --local --name-only --get-regexp core\.sshCommand
2026-10-09T15:54:36.7964844Z [command]/usr/bin/git submodule foreach --recursive sh -c "git config --local --name-only --get-regexp 'core\.sshCommand' && git config --local --unset-all 'core.sshCommand' || :"
2026-10-09T15:54:36.8244980Z [command]/usr/bin/git config --local --name-only --get-regexp http\.https\:\/\/github\.com\/\.extraheader
2026-10-09T15:54:36.8284441Z [command]/usr/bin/git submodule foreach --recursive sh -c "git config --local --name-only --get-regexp 'http\.https\:\/\/github\.com\/\.extraheader' && git config --local --unset-all 'http.https://github.com/.extraheader' || :"
2026-10-09T15:54:36.8662701Z Cleaning up orphan processes
2026-10-09T15:54:36.9155121Z ##[warning]Node.js 20 is deprecated. The following actions target Node.js 20 but are being forced to run on Node.js 24: actions/checkout@v4.2.2, actions/setup-node@v4.4.0, actions/setup-python@v5.6.0, actions/upload-artifact@v4.6.2. For more information see: https://github.blog/changelog/2025-09-19-deprecation-of-node-20-on-github-actions-runners/
