
 RUN  v2.1.9 /workspace/scratch/b8734129d01d/AI-Novel-Studio/frontend

 ❯ src/ui/LocalAiModelFiles.test.tsx (17 tests | 12 failed) 1033ms
   × V2 same-scan model file observations > shows Safetensors without claiming no models or runtime absence, and reads no additional endpoint 159ms
     → Unable to find an accessible element with the role "region" and name "本次扫描的文件与索引观察"

Here are the accessible roles:

  banner:

  Name "":
  [36m<header />[39m

  --------------------------------------------------
  heading:

  Name "Local AI · 本地 AI 发现":
  [36m<h2 />[39m

  Name "系统硬件":
  [36m<h3 />[39m

  --------------------------------------------------
  button:

  Name "收起":
  [36m<button[39m
    [33maria-expanded[39m=[32m"true"[39m
    [33mclass[39m=[32m"ui-button ui-button--ghost"[39m
  [36m/>[39m

  Name "重新预览检测范围":
  [36m<button[39m
    [33mclass[39m=[32m"ui-button ui-button--primary"[39m
  [36m/>[39m

  Name "高级：添加本地 Runtime":
  [36m<button[39m
    [33mclass[39m=[32m"ui-button ui-button--secondary"[39m
  [36m/>[39m

  Name "高级：配置扫描目录":
  [36m<button[39m
    [33mclass[39m=[32m"ui-button ui-button--secondary"[39m
  [36m/>[39m

  --------------------------------------------------
  paragraph:

  Name "":
  [36m<p />[39m

  Name "":
  [36m<p[39m
    [33mclass[39m=[32m"local-ai__muted"[39m
  [36m/>[39m

  Name "":
  [36m<p />[39m

  Name "":
  [36m<p />[39m

  --------------------------------------------------
  status:

  Name "":
  [36m<div[39m
    [33mclass[39m=[32m"local-ai__summary"[39m
    [33mrole[39m=[32m"status"[39m
  [36m/>[39m

  Name "":
  [36m<div[39m
    [33mclass[39m=[32m"ui-empty"[39m
    [33mrole[39m=[32m"status"[39m
  [36m/>[39m

  --------------------------------------------------
  region:

  Name "系统硬件":
  [36m<section[39m
    [33maria-label[39m=[32m"系统硬件"[39m
    [33mclass[39m=[32m"local-ai__section"[39m
  [36m/>[39m

  --------------------------------------------------
  term:

  Name "":
  [36m<dt />[39m

  Name "":
  [36m<dt />[39m

  Name "":
  [36m<dt />[39m

  Name "":
  [36m<dt />[39m

  --------------------------------------------------
  definition:

  Name "":
  [36m<dd />[39m

  Name "":
  [36m<dd />[39m

  Name "":
  [36m<dd />[39m

  Name "":
  [36m<dd />[39m

  --------------------------------------------------
  strong:

  Name "":
  [36m<strong />[39m

  --------------------------------------------------

Ignored nodes: comments, script, style
[36m<body>[39m
  [36m<div>[39m
    [36m<section[39m
      [33mclass[39m=[32m"ui-panel local-ai"[39m
    [36m>[39m
      [36m<header>[39m
        [36m<h2>[39m
          [0mLocal AI · 本地 AI 发现[0m
        [36m</h2>[39m
        [36m<button[39m
          [33maria-expanded[39m=[32m"true"[39m
          [33mclass[39m=[32m"ui-button ui-button--ghost"[39m
        [36m>[39m
          [0m收起[0m
        [36m</button>[39m
      [36m</header>[39m
      [36m<div[39m
        [33mclass[39m=[32m"local-ai__body"[39m
      [36m>[39m
        [36m<p>[39m
          [0m先预览后端主机的检测范围，再明确确认。发现 → 验证 → 注册 → 确认启用；不会启动 Runtime 或加载模型。无需填写路径或端口即可查看已有配置。[0m
        [36m</p>[39m
        [36m<p[39m
          [33mclass[39m=[32m"local-ai__muted"[39m
        [36m>[39m
          [0m范围仅限运行后端的主机（BACKEND_HOST），云端结果不代表你的电脑。未配置模型或跳过检测时，仍可手动创作。[0m
        [36m</p>[39m
        [36m<div[39m
          [33mclass[39m=[32m"local-ai__actions"[39m
        [36m>[39m
          [36m<button[39m
            [33mclass[39m=[32m"ui-button ui-button--primary"[39m
          [36m>[39m
            [0m重新预览检测范围[0m
          [36m</button>[39m
          [36m<button[39m
            [33mclass[39m=[32m"ui-button ui-button--secondary"[39m
          [36m>[39m
            [0m高级：添加本地 Runtime[0m
          [36m</button>[39m
          [36m<button[39m
            [33mclass[39m=[32m"ui-button ui-button--secondary"[39m
          [36m>[39m
            [0m高级：配置扫描目录[0m
          [36m</button>[39m
        [36m</div>[39m
        [36m<div[39m
          [33mclass[39m=[32m"local-ai__summary"[39m
          [33mrole[39m=[32m"status"[39m
        [36m>[39m
          [36m<span[39m
            [33mclass[39m=[32m"ui-badge ui-badge--success"[39m
          [36m>[39m
            [0mCOMPLETED[0m
          [36m</span>[39m
          [36m<span>[39m
            [0m发现 [0m
            [0m0[0m
            [0m 个模型 · 已注册 [0m
            [0m0[0m
            [0m 个 · [0m
            [0m已启用 0 个[0m
            [0m · [0m
            [0m0[0m
            [0m 个 Runtime 可用 · [0m
            [0m0[0m
            [0m 个检测问题[0m
          [36m</span>[39m
        [36m</div>[39m
        [36m<section[39m
          [33maria-label[39m=[32m"系统硬件"[39m
          [33mclass[39m=[32m"local-ai__section"[39m
        [36m>[39m
          [36m<h3>[39m
            [0m系统硬件[0m
          [36m</h3>[39m
          [36m<dl[39m
            [33mclass[39m=[32m"local-ai__facts"[39m
          [36m>[39m
            [36m<div>[39m
              [36m<dt>[39m
                [0m系统 / 架构[0m
              [36m</dt>[39m
              [36m<dd>[39m
                [0m未检测[0m
                [0m / [0m
                [0m未检测[0m
              [36m</dd>[39m
            [36m</div>[39m
            [36m<div>[39m
              [36m<dt>[39m
                [0mCPU[0m
              [36m</dt>[39m
              [36m<dd>[39m
                [0m未检测[0m
              [36m</dd>[39m
            [36m</div>[39m
            [36m<div>[39m
              [36m<dt>[39m
                [0m系统内存[0m
              [36m</dt>[39m
              [36m<dd>[39m
                [0m未检测[0m
              [36m</dd>[39m
            [36m</div>[39m
            [36m<div>[39m
              [36m<dt>[39m
                [0m硬件检测状态[0m
              [36m</dt>[39m
              [36m<dd>[39m
                [0m未检测[0m
              [36m</dd>[39m
            [36m</div>[39m
          [36m</dl>[39m
          [36m<p>[39m
            [0mGPU / 独立显存：未检测[0m
          [36m</p>[39m
        [36m</section>[39m
        [36m<div[39m
          [33mclass[39m=[32m"ui-empty"[39m
          [33mrole[39m=[32m"status"[39m
        [36m>[39m
          [36m<strong>[39m
            [0m尚未发现模型[0m
          [36m</strong>[39m
          [36m<p>[39m
            [0m未配置或未发现可用模型时，可继续手动创作。可先预览已有服务；自定义路径与端口仅用于高级配置。[0m
          [36m</p>[39m
        [36m</div>[39m
      [36m</div>[39m
    [36m</section>[39m
  [36m</div>[39m
[36m</body>[39m
   × V2 same-scan model file observations > labels Diffusers path and size as model_index.json evidence, never whole weights or a complete installation 58ms
     → Unable to find an accessible element with the role "region" and name "本次扫描的文件与索引观察"

Here are the accessible roles:

  banner:

  Name "":
  [36m<header />[39m

  --------------------------------------------------
  heading:

  Name "Local AI · 本地 AI 发现":
  [36m<h2 />[39m

  Name "系统硬件":
  [36m<h3 />[39m

  --------------------------------------------------
  button:

  Name "收起":
  [36m<button[39m
    [33maria-expanded[39m=[32m"true"[39m
    [33mclass[39m=[32m"ui-button ui-button--ghost"[39m
  [36m/>[39m

  Name "重新预览检测范围":
  [36m<button[39m
    [33mclass[39m=[32m"ui-button ui-button--primary"[39m
  [36m/>[39m

  Name "高级：添加本地 Runtime":
  [36m<button[39m
    [33mclass[39m=[32m"ui-button ui-button--secondary"[39m
  [36m/>[39m

  Name "高级：配置扫描目录":
  [36m<button[39m
    [33mclass[39m=[32m"ui-button ui-button--secondary"[39m
  [36m/>[39m

  --------------------------------------------------
  paragraph:

  Name "":
  [36m<p />[39m

  Name "":
  [36m<p[39m
    [33mclass[39m=[32m"local-ai__muted"[39m
  [36m/>[39m

  Name "":
  [36m<p />[39m

  Name "":
  [36m<p />[39m

  --------------------------------------------------
  status:

  Name "":
  [36m<div[39m
    [33mclass[39m=[32m"local-ai__summary"[39m
    [33mrole[39m=[32m"status"[39m
  [36m/>[39m

  Name "":
  [36m<div[39m
    [33mclass[39m=[32m"ui-empty"[39m
    [33mrole[39m=[32m"status"[39m
  [36m/>[39m

  --------------------------------------------------
  region:

  Name "系统硬件":
  [36m<section[39m
    [33maria-label[39m=[32m"系统硬件"[39m
    [33mclass[39m=[32m"local-ai__section"[39m
  [36m/>[39m

  --------------------------------------------------
  term:

  Name "":
  [36m<dt />[39m

  Name "":
  [36m<dt />[39m

  Name "":
  [36m<dt />[39m

  Name "":
  [36m<dt />[39m

  --------------------------------------------------
  definition:

  Name "":
  [36m<dd />[39m

  Name "":
  [36m<dd />[39m

  Name "":
  [36m<dd />[39m

  Name "":
  [36m<dd />[39m

  --------------------------------------------------
  strong:

  Name "":
  [36m<strong />[39m

  --------------------------------------------------

Ignored nodes: comments, script, style
[36m<body>[39m
  [36m<div>[39m
    [36m<section[39m
      [33mclass[39m=[32m"ui-panel local-ai"[39m
    [36m>[39m
      [36m<header>[39m
        [36m<h2>[39m
          [0mLocal AI · 本地 AI 发现[0m
        [36m</h2>[39m
        [36m<button[39m
          [33maria-expanded[39m=[32m"true"[39m
          [33mclass[39m=[32m"ui-button ui-button--ghost"[39m
        [36m>[39m
          [0m收起[0m
        [36m</button>[39m
      [36m</header>[39m
      [36m<div[39m
        [33mclass[39m=[32m"local-ai__body"[39m
      [36m>[39m
        [36m<p>[39m
          [0m先预览后端主机的检测范围，再明确确认。发现 → 验证 → 注册 → 确认启用；不会启动 Runtime 或加载模型。无需填写路径或端口即可查看已有配置。[0m
        [36m</p>[39m
        [36m<p[39m
          [33mclass[39m=[32m"local-ai__muted"[39m
        [36m>[39m
          [0m范围仅限运行后端的主机（BACKEND_HOST），云端结果不代表你的电脑。未配置模型或跳过检测时，仍可手动创作。[0m
        [36m</p>[39m
        [36m<div[39m
          [33mclass[39m=[32m"local-ai__actions"[39m
        [36m>[39m
          [36m<button[39m
            [33mclass[39m=[32m"ui-button ui-button--primary"[39m
          [36m>[39m
            [0m重新预览检测范围[0m
          [36m</button>[39m
          [36m<button[39m
            [33mclass[39m=[32m"ui-button ui-button--secondary"[39m
          [36m>[39m
            [0m高级：添加本地 Runtime[0m
          [36m</button>[39m
          [36m<button[39m
            [33mclass[39m=[32m"ui-button ui-button--secondary"[39m
          [36m>[39m
            [0m高级：配置扫描目录[0m
          [36m</button>[39m
        [36m</div>[39m
        [36m<div[39m
          [33mclass[39m=[32m"local-ai__summary"[39m
          [33mrole[39m=[32m"status"[39m
        [36m>[39m
          [36m<span[39m
            [33mclass[39m=[32m"ui-badge ui-badge--success"[39m
          [36m>[39m
            [0mCOMPLETED[0m
          [36m</span>[39m
          [36m<span>[39m
            [0m发现 [0m
            [0m0[0m
            [0m 个模型 · 已注册 [0m
            [0m0[0m
            [0m 个 · [0m
            [0m已启用 0 个[0m
            [0m · [0m
            [0m0[0m
            [0m 个 Runtime 可用 · [0m
            [0m0[0m
            [0m 个检测问题[0m
          [36m</span>[39m
        [36m</div>[39m
        [36m<section[39m
          [33maria-label[39m=[32m"系统硬件"[39m
          [33mclass[39m=[32m"local-ai__section"[39m
        [36m>[39m
          [36m<h3>[39m
            [0m系统硬件[0m
          [36m</h3>[39m
          [36m<dl[39m
            [33mclass[39m=[32m"local-ai__facts"[39m
          [36m>[39m
            [36m<div>[39m
              [36m<dt>[39m
                [0m系统 / 架构[0m
              [36m</dt>[39m
              [36m<dd>[39m
                [0m未检测[0m
                [0m / [0m
                [0m未检测[0m
              [36m</dd>[39m
            [36m</div>[39m
            [36m<div>[39m
              [36m<dt>[39m
                [0mCPU[0m
              [36m</dt>[39m
              [36m<dd>[39m
                [0m未检测[0m
              [36m</dd>[39m
            [36m</div>[39m
            [36m<div>[39m
              [36m<dt>[39m
                [0m系统内存[0m
              [36m</dt>[39m
              [36m<dd>[39m
                [0m未检测[0m
              [36m</dd>[39m
            [36m</div>[39m
            [36m<div>[39m
              [36m<dt>[39m
                [0m硬件检测状态[0m
              [36m</dt>[39m
              [36m<dd>[39m
                [0m未检测[0m
              [36m</dd>[39m
            [36m</div>[39m
          [36m</dl>[39m
          [36m<p>[39m
            [0mGPU / 独立显存：未检测[0m
          [36m</p>[39m
        [36m</section>[39m
        [36m<div[39m
          [33mclass[39m=[32m"ui-empty"[39m
          [33mrole[39m=[32m"status"[39m
        [36m>[39m
          [36m<strong>[39m
            [0m尚未发现模型[0m
          [36m</strong>[39m
          [36m<p>[39m
            [0m未配置或未发现可用模型时，可继续手动创作。可先预览已有服务；自定义路径与端口仅用于高级配置。[0m
          [36m</p>[39m
        [36m</div>[39m
      [36m</div>[39m
    [36m</section>[39m
  [36m</div>[39m
[36m</body>[39m
   × V2 same-scan model file observations > links a GGUF only to exact candidates in this scan and their exact registration IDs 132ms
     → Unable to find an accessible element with the role "region" and name "本次扫描的文件与索引观察"

Here are the accessible roles:

  banner:

  Name "":
  [36m<header />[39m

  Name "":
  [36m<header />[39m

  Name "":
  [36m<header />[39m

  --------------------------------------------------
  heading:

  Name "Local AI · 本地 AI 发现":
  [36m<h2 />[39m

  Name "系统硬件":
  [36m<h3 />[39m

  Name "Text 文本（2）":
  [36m<h3 />[39m

  --------------------------------------------------
  button:

  Name "收起":
  [36m<button[39m
    [33maria-expanded[39m=[32m"true"[39m
    [33mclass[39m=[32m"ui-button ui-button--ghost"[39m
  [36m/>[39m

  Name "重新预览检测范围":
  [36m<button[39m
    [33mclass[39m=[32m"ui-button ui-button--primary"[39m
  [36m/>[39m

  Name "高级：添加本地 Runtime":
  [36m<button[39m
    [33mclass[39m=[32m"ui-button ui-button--secondary"[39m
  [36m/>[39m

  Name "高级：配置扫描目录":
  [36m<button[39m
    [33mclass[39m=[32m"ui-button ui-button--secondary"[39m
  [36m/>[39m

  Name "验证":
  [36m<button[39m
    [33mclass[39m=[32m"ui-button ui-button--secondary"[39m
  [36m/>[39m

  Name "停用":
  [36m<button[39m
    [33mclass[39m=[32m"ui-button ui-button--secondary"[39m
  [36m/>[39m

  Name "配置接入条件":
  [36m<button[39m
    [33mclass[39m=[32m"ui-button ui-button--secondary"[39m
  [36m/>[39m

  Name "移除注册":
  [36m<button[39m
    [33mclass[39m=[32m"ui-button ui-button--ghost"[39m
  [36m/>[39m

  Name "验证":
  [36m<button[39m
    [33mclass[39m=[32m"ui-button ui-button--secondary"[39m
  [36m/>[39m

  Name "启用":
  [36m<button[39m
    [33mclass[39m=[32m"ui-button ui-button--secondary"[39m
    [33mdisabled[39m=[32m""[39m
  [36m/>[39m

  Name "配置接入条件":
  [36m<button[39m
    [33mclass[39m=[32m"ui-button ui-button--secondary"[39m
  [36m/>[39m

  Name "移除注册":
  [36m<button[39m
    [33mclass[39m=[32m"ui-button ui-button--ghost"[39m
  [36m/>[39m

  --------------------------------------------------
  paragraph:

  Name "":
  [36m<p />[39m

  Name "":
  [36m<p[39m
    [33mclass[39m=[32m"local-ai__muted"[39m
  [36m/>[39m

  Name "":
  [36m<p />[39m

  --------------------------------------------------
  status:

  Name "":
  [36m<div[39m
    [33mclass[39m=[32m"local-ai__summary"[39m
    [33mrole[39m=[32m"status"[39m
  [36m/>[39m

  --------------------------------------------------
  region:

  Name "系统硬件":
  [36m<section[39m
    [33maria-label[39m=[32m"系统硬件"[39m
    [33mclass[39m=[32m"local-ai__section"[39m
  [36m/>[39m

  Name "Text 文本":
  [36m<section[39m
    [33maria-label[39m=[32m"Text 文本"[39m
    [33mclass[39m=[32m"local-ai__section"[39m
  [36m/>[39m

  --------------------------------------------------
  term:

  Name "":
  [36m<dt />[39m

  Name "":
  [36m<dt />[39m

  Name "":
  [36m<dt />[39m

  Name "":
  [36m<dt />[39m

  Name "":
  [36m<dt />[39m

  Name "":
  [36m<dt />[39m

  Name "":
  [36m<dt />[39m

  Name "":
  [36m<dt />[39m

  Name "":
  [36m<dt />[39m

  Name "":
  [36m<dt />[39m

  Name "":
  [36m<dt />[39m

  Name "":
  [36m<dt />[39m

  Name "":
  [36m<dt />[39m

  Name "":
  [36m<dt />[39m

  Name "":
  [36m<dt />[39m

  Name "":
  [36m<dt />[39m

  Name "":
  [36m<dt />[39m

  Name "":
  [36m<dt />[39m

  Name "":
  [36m<dt />[39m

  Name "":
  [36m<dt />[39m

  Name "":
  [36m<dt />[39m

  Name "":
  [36m<dt />[39m

  --------------------------------------------------
  definition:

  Name "":
  [36m<dd />[39m

  Name "":
  [36m<dd />[39m

  Name "":
  [36m<dd />[39m

  Name "":
  [36m<dd />[39m

  Name "":
  [36m<dd />[39m

  Name "":
  [36m<dd />[39m

  Name "":
  [36m<dd />[39m

  Name "":
  [36m<dd />[39m

  Name "":
  [36m<dd />[39m

  Name "":
  [36m<dd />[39m

  Name "":
  [36m<dd />[39m

  Name "":
  [36m<dd />[39m

  Name "":
  [36m<dd />[39m

  Name "":
  [36m<dd />[39m

  Name "":
  [36m<dd />[39m

  Name "":
  [36m<dd />[39m

  Name "":
  [36m<dd />[39m

  Name "":
  [36m<dd />[39m

  Name "":
  [36m<dd />[39m

  Name "":
  [36m<dd />[39m

  Name "":
  [36m<dd />[39m

  Name "":
  [36m<dd />[39m

  --------------------------------------------------
  article:

  Name "same-model 本地模型":
  [36m<article[39m
    [33maria-label[39m=[32m"same-model 本地模型"[39m
  [36m/>[39m

  Name "same-model 本地模型":
  [36m<article[39m
    [33maria-label[39m=[32m"same-model 本地模型"[39m
  [36m/>[39m

  --------------------------------------------------
  strong:

  Name "":
  [36m<strong />[39m

  Name "":
  [36m<strong />[39m

  --------------------------------------------------
  group:

  Name "":
  [36m<details />[39m

  Name "":
  [36m<details />[39m

  --------------------------------------------------

Ignored nodes: comments, script, style
[36m<body>[39m
  [36m<div>[39m
    [36m<section[39m
      [33mclass[39m=[32m"ui-panel local-ai"[39m
    [36m>[39m
      [36m<header>[39m
        [36m<h2>[39m
          [0mLocal AI · 本地 AI 发现[0m
        [36m</h2>[39m
        [36m<button[39m
          [33maria-expanded[39m=[32m"true"[39m
          [33mclass[39m=[32m"ui-button ui-button--ghost"[39m
        [36m>[39m
          [0m收起[0m
        [36m</button>[39m
      [36m</header>[39m
      [36m<div[39m
        [33mclass[39m=[32m"local-ai__body"[39m
      [36m>[39m
        [36m<p>[39m
          [0m先预览后端主机的检测范围，再明确确认。发现 → 验证 → 注册 → 确认启用；不会启动 Runtime 或加载模型。无需填写路径或端口即可查看已有配置。[0m
        [36m</p>[39m
        [36m<p[39m
          [33mclass[39m=[32m"local-ai__muted"[39m
        [36m>[39m
          [0m范围仅限运行后端的主机（BACKEND_HOST），云端结果不代表你的电脑。未配置模型或跳过检测时，仍可手动创作。[0m
        [36m</p>[39m
        [36m<div[39m
          [33mclass[39m=[32m"local-ai__actions"[39m
        [36m>[39m
          [36m<button[39m
            [33mclass[39m=[32m"ui-button ui-button--primary"[39m
          [36m>[39m
            [0m重新预览检测范围[0m
          [36m</button>[39m
          [36m<button[39m
            [33mclass[39m=[32m"ui-button ui-button--secondary"[39m
          [36m>[39m
            [0m高级：添加本地 Runtime[0m
          [36m</button>[39m
          [36m<button[39m
            [33mclass[39m=[32m"ui-button ui-button--secondary"[39m
          [36m>[39m
            [0m高级：配置扫描目录[0m
          [36m</button>[39m
        [36m</div>[39m
        [36m<div[39m
          [33mclass[39m=[32m"local-ai__summary"[39m
          [33mrole[39m=[32m"status"[39m
        [36m>[39m
          [36m<span[39m
            [33mclass[39m=[32m"ui-badge ui-badge--success"[39m
          [36m>[39m
            [0mCOMPLETED[0m
          [36m</span>[39m
          [36m<span>[39m
            [0m发现 [0m
            [0m2[0m
            [0m 个模型 · 已注册 [0m
            [0m2[0m
            [0m 个 · [0m
            [0m已启用 1 个[0m
            [0m · [0m
            [0m0[0m
            [0m 个 Runtime 可用 · [0m
            [0m0[0m
            [0m 个检测问题[0m
          [36m</span>[39m
        [36m</div>[39m
        [36m<section[39m
          [33maria-label[39m=[32m"系统硬件"[39m
          [33mclass[39m=[32m"local-ai__section"[39m
        [36m>[39m
          [36m<h3>[39m
            [0m系统硬件[0m
          [36m</h3>[39m
          [36m<dl[39m
            [33mclass[39m=[32m"local-ai__facts"[39m
          [36m>[39m
            [36m<div>[39m
              [36m<dt>[39m
                [0m系统 / 架构[0m
              [36m</dt>[39m
              [36m<dd>[39m
                [0m未检测[0m
                [0m / [0m
                [0m未检测[0m
              [36m</dd>[39m
            [36m</div>[39m
            [36m<div>[39m
              [36m<dt>[39m
                [0mCPU[0m
              [36m</dt>[39m
              [36m<dd>[39m
                [0m未检测[0m
              [36m</dd>[39m
            [36m</div>[39m
            [36m<div>[39m
              [36m<dt>[39m
                [0m系统内存[0m
              [36m</dt>[39m
              [36m<dd>[39m
                [0m未检测[0m
              [36m</dd>[39m
            [36m</div>[39m
            [36m<div>[39m
              [36m<dt>[39m
                [0m硬件检测状态[0m
              [36m</dt>[39m
              [36m<dd>[39m
                [0m未检测[0m
              [36m</dd>[39m
            [36m</div>[39m
          [36m</dl>[39m
          [36m<p>[39m
            [0mGPU / 独立显存：未检测[0m
          [36m</p>[39m
        [36m</section>[39m
        [36m<section[39m
          [33maria-label[39m=[32m"Text 文本"[39m
          [33mclass[39m=[32m"local-ai__section"[39m
        [36m>[39m
          [36m<h3>[39m
            [0mText 文本[0m
            [0m（[0m
            [0m2[0m
            [0m）[0m
          [36m</h3>[39m
          [36m<div[39m
            [33mclass[39m=[32m"local-ai__list"[39m
          [36m>[39m
            [36m<article[39m
              [33maria-label[39m=[32m"same-model 本地模型"[39m
            [36m>[39m
              [36m<header>[39m
                [36m<strong>[39m
                  [0msame-model[0m
                [36m</strong>[39m
                [36m<span[39m
                  [33mclass[39m=[32m"ui-badge ui-badge--warning"[39m
                [36m>[39m
                  [0mDISCOVERED[0m
                [36m</span>[39m
              [36m</header>[39m
              [36m<div[39m
                [33mclass[39m=[32m"local-ai__actions"[39m
              [36m>[39m
                [36m<span[39m
                  [33mclass[39m=[32m"ui-badge ui-badge--neutral"[39m
                [36m>[39m
                  [0m本地候选[0m
                [36m</span>[39m
                [36m<span[39m
                  [33mclass[39m=[32m"ui-badge ui-badge--success"[39m
                [36m>[39m
                  [0m已启用[0m
                [36m</span>[39m
                [36m<span[39m
                  [33mclass[39m=[32m"ui-badge ui-badge--warning"[39m
                [36m>[39m
                  [0m尚未实际生成验证[0m
                [36m</span>[39m
              [36m</div>[39m
              [36m<dl[39m
                [33mclass[39m=[32m"local-ai__facts"[39m
              [36m>[39m
                [36m<div>[39m
                  [36m<dt>[39m
                    [0mRuntime / 来源[0m
                  [36m</dt>[39m
                  [36m<dd>[39m
                    [0mLLAMA_CPP[0m
                    [0m · [0m
                    [0mruntime-a[0m
                    [0m · [0m
                    [0mGGUF[0m
                  [36m</dd>[39m
                [36m</div>[39m
                [36m<div>[39m
                  [36m<dt>[39m
                    [0m模型族 / 模型 ID[0m
                  [36m</dt>[39m
                  [36m<dd>[39m
                    [0mQWEN[0m
                    [0m · [0m
                    [0msame-model[0m
                  [36m</dd>[39m
                [36m</div>[39m
                [36m<div>[39m
                  [36m<dt>[39m
                    [0m声明能力[0m
                  [36m</dt>[39m
                  [36m<dd>[39m
                    [0mTEXT[0m
                  [36m</dd>[39m
                [36m</div>[39m
                [36m<div>[39m
                  [36m<dt>[39m
                    [0m已验证能力[0m
                  [36m</dt>[39m
                  [36m<dd>[39m
                    [0mCAPABILITY_UNVERIFIED[0m
                  [36m</dd>[39m
                [36m</div>[39m
                [36m<div>[39m
                  [36m<dt>[39m
                    [0m只读接入验证[0m
                  [36m</dt>[39m
                  [36m<dd>[39m
                    [0m尚未验证 / 需重新验证[0m
                  [36m</dd>[39m
                [36m</div>[39m
                [36m<div>[39m
                  [36m<dt>[39m
                    [0m兼容性[0m
                  [36m</dt>[39m
                  [36m<dd>[39m
                    [0mNot Verified · 未验证[0m
                  [36m</dd>[39m
                [36m</div>[39m
                [36m<div>[39m
                  [36m<dt>[39m
                    [0m模型路径 / 文件 / 来源[0m
                  [36m</dt>[39m
                  [36m<dd>[39m
                    [36m<details>[39m
                      [36m<summary>[39m
                        [0m高级：查看模型来源详情[0m
                      [36m</summary>[39m
                      [0msame-model.gguf[0m
                    [36m</details>[39m
                  [36m</dd>[39m
                [36m</div>[39m
              [36m</dl>[39m
              [36m<dl[39m
                [33maria-label[39m=[32m"验证依据"[39m
                [33mclass[39m=[32m"local-ai__facts"[39m
              [36m>[39m
                [36m<div>[39m
                  [36m<dt>[39m
                    [0m模型文件[0m
                  [36m</dt>[39m
                  [36m<dd>[39m
                    [0m存在性未独立验证[0m
                  [36m</dd>[39m
                [36m</div>[39m
                [36m<div>[39m
                  [36m<dt>[39m
                    [0m实际生成验证[0m
                  [36m</dt>[39m
                  [36m<dd>[39m
                    [0mNOT_RUN · 尚未运行生成测试[0m
                  [36m</dd>[39m
                [36m</div>[39m
              [36m</dl>[39m
              [36m<div[39m
                [33mclass[39m=[32m"local-ai__actions"[39m
              [36m>[39m
                [36m<button[39m
                  [33mclass[39m=[32m"ui-button ui-button--secondary"[39m
                [36m>[39m
                  [0m验证[0m
                [36m</button>[39m
                [36m<button[39m
                  [33mclass[39m=[32m"ui-button ui-button--secondary"[39m
                [36m>[39m
                  [0m停用[0m
                [36m</button>[39m
                [36m<button[39m
                  [33mclass[39m=[32m"ui-button ui-button--secondary"[39m
                [36m>[39m
                  [0m配置接入条件[0m
                [36m</button>[39m
                [36m<button[39m
                  [33mclass[39m=[32m"ui-button ui-button--ghost"[39m
                [36m>[39m
                  [0m移除注册[0m
                [36m</button>[39m
              [36m</div>[39m
            [36m</article>[39m
            [36m<article[39m
              [33maria-label[39m=[32m"same-model 本地模型"[39m
            [36m>[39m
              [36m<header>[39m
                [36m<strong>[39m
                  [0msame-model[0m
                [36m</strong>[39m
                [36m<span[39m
                  [33mclass[39m=[32m"ui-badge ui-badge--warning"[39m
                [36m>[39m
                  [0mDISCOVERED[0m
                [36m</span>[39m
              [36m</header>[39m
              [36m<div[39m
                [33mclass[39m=[32m"local-ai__actions"[39m
              [36m>[39m
                [36m<span[39m
                  [33mclass[39m=[32m"ui-badge ui-badge--neutral"[39m
                [36m>[39m
                  [0m本地候选[0m
                [36m</span>[39m
                [36m<span[39m
                  [33mclass[39m=[32m"ui-badge ui-badge--neutral"[39m
                [36m>[39m
                  [0m已注册 · 未启用[0m
                [36m</span>[39m
                [36m<span[39m
                  [33mclass[39m=[32m"ui-badge ui-badge--warning"[39m
                [36m>[39m
                  [0m尚未实际生成验证[0m
                [36m</span>[39m
              [36m</div>[39m
              [36m<dl[39m
                [33mclass[39m=[32m"local-ai__facts"[39m
              [36m>[39m
                [36m<div>[39m
                  [36m<dt>[39m
                    [0mRuntime / 来源[0m
                  [36m</dt>[39m
                  [36m<dd>[39m
                    [0mOLLAMA[0m
                    [0m · [0m
                    [0mruntime-b[0m
                    [0m · [0m
                    [0mGGUF[0m
                  [36m</dd>[39m
                [36m</div>[39m
                [36m<div>[39m
                  [36m<dt>[39m
                    [0m模型族 / 模型 ID[0m
                  [36m</dt>[39m
                  [36m<dd>[39m
                    [0mQWEN[0m
                    [0m · [0m
                    [0msame-model[0m
                  [36m</dd>[39m
                [36m</div>[39m
                [36m<div>[39m
                  [36m<dt>[39m
                    [0m声明能力[0m
                  [36m</dt>[39m
                  [36m<dd>[39m
                    [0mTEXT[0m
                  [36m</dd>[39m
                [36m</div>[39m
                [36m<div>[39m
                  [36m<dt>[39m
                    [0m已验证能力[0m
                  [36m</dt>[39m
                  [36m<dd>[39m
                    [0mCAPABILITY_UNVERIFIED[0m
                  [36m</dd>[39m
                [36m</div>[39m
                [36m<div>[39m
                  [36m<dt>[39m
                    [0m只读接入验证[0m
                  [36m</dt>[39m
                  [36m<dd>[39m
                    [0m尚未验证 / 需重新验证[0m
                  [36m</dd>[39m
                [36m</div>[39m
                [36m<div>[39m
                  [36m<dt>[39m
                    [0m兼容性[0m
                  [36m</dt>[39m
                  [36m<dd>[39m
                    [0mNot Verified · 未验证[0m
                  [36m</dd>[39m
                [36m</div>[39m
                [36m<div>[39m
                  [36m<dt>[39m
                    [0m模型路径 / 文件 / 来源[0m
                  [36m</dt>[39m
                  [36m<dd>[39m
                    [36m<details>[39m
                      [36m<summary>[39m
                        [0m高级：查看模型来源详情[0m
                      [36m</summary>[39m
                      [0msame-model.gguf[0m
                    [36m</details>[39m
                  [36m</dd>[39m
                [36m</div>[39m
              [36m</dl>[39m
              [36m<dl[39m
                [33maria-label[39m=[32m"验证依据"[39m
                [33mclass[39m=[32m"local-ai__facts"[39m
              [36m>[39m
                [36m<div>[39m
                  [36m<dt>[39m
                    [0m模型文件[0m
                  [36m</dt>[39m
                  [36m<dd>[39m
                    [0m存在性未独立验证[0m
                  [36m</dd>[39m
                [36m</div>[39m
                [36m<div>[39m
                  [36m<dt>[39m
                    [0m实际生成验证[0m
                  [36m</dt>[39m
                  [36m<dd>[39m
                    [0mNOT_RUN · 尚未运行生成测试[0m
                  [36m</dd>[39m
                [36m</div>[39m
              [36m</dl>[39m
              [36m<div[39m
                [33mclass[39m=[32m"local-ai__actions"[39m
              [36m>[39m
                [36m<button[39m
                  [33mclass[39m=[32m"ui-button ui-button--secondary"[39m
                [36m>[39m
                  [0m验证[0m
                [36m</button>[39m
                [36m<button[39m
                  [33mclass[39m=[32m"ui-button ui-button--secondary"[39m
                  [33mdisabled[39m=[32m""[39m
                [36m>[39m
                  [0m启用[0m
                [36m</button>[39m
                [36m<button[39m
                  [33mclass[39m=[32m"ui-button ui-button--secondary"[39m
                [36m>[39m
                  [0m配置接入条件[0m
                [36m</button>[39m
                [36m<button[39m
                  [33mclass[39m=[32m"ui-button ui-button--ghost"[39m
                [36m>[39m
                  [0m移除注册[0m
                [36m</button>[39m
              [36m</div>[39m
            [36m</article>[39m
          [36m</div>[39m
        [36m</section>[39m
      [36m</div>[39m
    [36m</section>[39m
  [36m</div>[39m
[36m</body>[39m
   × V2 same-scan model file observations > preserves same-name observations at different paths and distinct runtime bindings without content deduplication 108ms
     → Unable to find an accessible element with the role "region" and name "本次扫描的文件与索引观察"

Here are the accessible roles:

  banner:

  Name "":
  [36m<header />[39m

  Name "":
  [36m<header />[39m

  Name "":
  [36m<header />[39m

  --------------------------------------------------
  heading:

  Name "Local AI · 本地 AI 发现":
  [36m<h2 />[39m

  Name "系统硬件":
  [36m<h3 />[39m

  Name "Text 文本（2）":
  [36m<h3 />[39m

  --------------------------------------------------
  button:

  Name "收起":
  [36m<button[39m
    [33maria-expanded[39m=[32m"true"[39m
    [33mclass[39m=[32m"ui-button ui-button--ghost"[39m
  [36m/>[39m

  Name "重新预览检测范围":
  [36m<button[39m
    [33mclass[39m=[32m"ui-button ui-button--primary"[39m
  [36m/>[39m

  Name "高级：添加本地 Runtime":
  [36m<button[39m
    [33mclass[39m=[32m"ui-button ui-button--secondary"[39m
  [36m/>[39m

  Name "高级：配置扫描目录":
  [36m<button[39m
    [33mclass[39m=[32m"ui-button ui-button--secondary"[39m
  [36m/>[39m

  Name "验证":
  [36m<button[39m
    [33mclass[39m=[32m"ui-button ui-button--secondary"[39m
  [36m/>[39m

  Name "启用":
  [36m<button[39m
    [33mclass[39m=[32m"ui-button ui-button--secondary"[39m
    [33mdisabled[39m=[32m""[39m
  [36m/>[39m

  Name "配置接入条件":
  [36m<button[39m
    [33mclass[39m=[32m"ui-button ui-button--secondary"[39m
  [36m/>[39m

  Name "移除注册":
  [36m<button[39m
    [33mclass[39m=[32m"ui-button ui-button--ghost"[39m
  [36m/>[39m

  Name "验证":
  [36m<button[39m
    [33mclass[39m=[32m"ui-button ui-button--secondary"[39m
  [36m/>[39m

  Name "停用":
  [36m<button[39m
    [33mclass[39m=[32m"ui-button ui-button--secondary"[39m
  [36m/>[39m

  Name "配置接入条件":
  [36m<button[39m
    [33mclass[39m=[32m"ui-button ui-button--secondary"[39m
  [36m/>[39m

  Name "移除注册":
  [36m<button[39m
    [33mclass[39m=[32m"ui-button ui-button--ghost"[39m
  [36m/>[39m

  --------------------------------------------------
  paragraph:

  Name "":
  [36m<p />[39m

  Name "":
  [36m<p[39m
    [33mclass[39m=[32m"local-ai__muted"[39m
  [36m/>[39m

  Name "":
  [36m<p />[39m

  --------------------------------------------------
  status:

  Name "":
  [36m<div[39m
    [33mclass[39m=[32m"local-ai__summary"[39m
    [33mrole[39m=[32m"status"[39m
  [36m/>[39m

  --------------------------------------------------
  region:

  Name "系统硬件":
  [36m<section[39m
    [33maria-label[39m=[32m"系统硬件"[39m
    [33mclass[39m=[32m"local-ai__section"[39m
  [36m/>[39m

  Name "Text 文本":
  [36m<section[39m
    [33maria-label[39m=[32m"Text 文本"[39m
    [33mclass[39m=[32m"local-ai__section"[39m
  [36m/>[39m

  --------------------------------------------------
  term:

  Name "":
  [36m<dt />[39m

  Name "":
  [36m<dt />[39m

  Name "":
  [36m<dt />[39m

  Name "":
  [36m<dt />[39m

  Name "":
  [36m<dt />[39m

  Name "":
  [36m<dt />[39m

  Name "":
  [36m<dt />[39m

  Name "":
  [36m<dt />[39m

  Name "":
  [36m<dt />[39m

  Name "":
  [36m<dt />[39m

  Name "":
  [36m<dt />[39m

  Name "":
  [36m<dt />[39m

  Name "":
  [36m<dt />[39m

  Name "":
  [36m<dt />[39m

  Name "":
  [36m<dt />[39m

  Name "":
  [36m<dt />[39m

  Name "":
  [36m<dt />[39m

  Name "":
  [36m<dt />[39m

  Name "":
  [36m<dt />[39m

  Name "":
  [36m<dt />[39m

  Name "":
  [36m<dt />[39m

  Name "":
  [36m<dt />[39m

  --------------------------------------------------
  definition:

  Name "":
  [36m<dd />[39m

  Name "":
  [36m<dd />[39m

  Name "":
  [36m<dd />[39m

  Name "":
  [36m<dd />[39m

  Name "":
  [36m<dd />[39m

  Name "":
  [36m<dd />[39m

  Name "":
  [36m<dd />[39m

  Name "":
  [36m<dd />[39m

  Name "":
  [36m<dd />[39m

  Name "":
  [36m<dd />[39m

  Name "":
  [36m<dd />[39m

  Name "":
  [36m<dd />[39m

  Name "":
  [36m<dd />[39m

  Name "":
  [36m<dd />[39m

  Name "":
  [36m<dd />[39m

  Name "":
  [36m<dd />[39m

  Name "":
  [36m<dd />[39m

  Name "":
  [36m<dd />[39m

  Name "":
  [36m<dd />[39m

  Name "":
  [36m<dd />[39m

  Name "":
  [36m<dd />[39m

  Name "":
  [36m<dd />[39m

  --------------------------------------------------
  article:

  Name "same-model 本地模型":
  [36m<article[39m
    [33maria-label[39m=[32m"same-model 本地模型"[39m
  [36m/>[39m

  Name "same-model 本地模型":
  [36m<article[39m
    [33maria-label[39m=[32m"same-model 本地模型"[39m
  [36m/>[39m

  --------------------------------------------------
  strong:

  Name "":
  [36m<strong />[39m

  Name "":
  [36m<strong />[39m

  --------------------------------------------------
  group:

  Name "":
  [36m<details />[39m

  Name "":
  [36m<details />[39m

  --------------------------------------------------

Ignored nodes: comments, script, style
[36m<body>[39m
  [36m<div>[39m
    [36m<section[39m
      [33mclass[39m=[32m"ui-panel local-ai"[39m
    [36m>[39m
      [36m<header>[39m
        [36m<h2>[39m
          [0mLocal AI · 本地 AI 发现[0m
        [36m</h2>[39m
        [36m<button[39m
          [33maria-expanded[39m=[32m"true"[39m
          [33mclass[39m=[32m"ui-button ui-button--ghost"[39m
        [36m>[39m
          [0m收起[0m
        [36m</button>[39m
      [36m</header>[39m
      [36m<div[39m
        [33mclass[39m=[32m"local-ai__body"[39m
      [36m>[39m
        [36m<p>[39m
          [0m先预览后端主机的检测范围，再明确确认。发现 → 验证 → 注册 → 确认启用；不会启动 Runtime 或加载模型。无需填写路径或端口即可查看已有配置。[0m
        [36m</p>[39m
        [36m<p[39m
          [33mclass[39m=[32m"local-ai__muted"[39m
        [36m>[39m
          [0m范围仅限运行后端的主机（BACKEND_HOST），云端结果不代表你的电脑。未配置模型或跳过检测时，仍可手动创作。[0m
        [36m</p>[39m
        [36m<div[39m
          [33mclass[39m=[32m"local-ai__actions"[39m
        [36m>[39m
          [36m<button[39m
            [33mclass[39m=[32m"ui-button ui-button--primary"[39m
          [36m>[39m
            [0m重新预览检测范围[0m
          [36m</button>[39m
          [36m<button[39m
            [33mclass[39m=[32m"ui-button ui-button--secondary"[39m
          [36m>[39m
            [0m高级：添加本地 Runtime[0m
          [36m</button>[39m
          [36m<button[39m
            [33mclass[39m=[32m"ui-button ui-button--secondary"[39m
          [36m>[39m
            [0m高级：配置扫描目录[0m
          [36m</button>[39m
        [36m</div>[39m
        [36m<div[39m
          [33mclass[39m=[32m"local-ai__summary"[39m
          [33mrole[39m=[32m"status"[39m
        [36m>[39m
          [36m<span[39m
            [33mclass[39m=[32m"ui-badge ui-badge--success"[39m
          [36m>[39m
            [0mCOMPLETED[0m
          [36m</span>[39m
          [36m<span>[39m
            [0m发现 [0m
            [0m2[0m
            [0m 个模型 · 已注册 [0m
            [0m2[0m
            [0m 个 · [0m
            [0m已启用 1 个[0m
            [0m · [0m
            [0m0[0m
            [0m 个 Runtime 可用 · [0m
            [0m0[0m
            [0m 个检测问题[0m
          [36m</span>[39m
        [36m</div>[39m
        [36m<section[39m
          [33maria-label[39m=[32m"系统硬件"[39m
          [33mclass[39m=[32m"local-ai__section"[39m
        [36m>[39m
          [36m<h3>[39m
            [0m系统硬件[0m
          [36m</h3>[39m
          [36m<dl[39m
            [33mclass[39m=[32m"local-ai__facts"[39m
          [36m>[39m
            [36m<div>[39m
              [36m<dt>[39m
                [0m系统 / 架构[0m
              [36m</dt>[39m
              [36m<dd>[39m
                [0m未检测[0m
                [0m / [0m
                [0m未检测[0m
              [36m</dd>[39m
            [36m</div>[39m
            [36m<div>[39m
              [36m<dt>[39m
                [0mCPU[0m
              [36m</dt>[39m
              [36m<dd>[39m
                [0m未检测[0m
              [36m</dd>[39m
            [36m</div>[39m
            [36m<div>[39m
              [36m<dt>[39m
                [0m系统内存[0m
              [36m</dt>[39m
              [36m<dd>[39m
                [0m未检测[0m
              [36m</dd>[39m
            [36m</div>[39m
            [36m<div>[39m
              [36m<dt>[39m
                [0m硬件检测状态[0m
              [36m</dt>[39m
              [36m<dd>[39m
                [0m未检测[0m
              [36m</dd>[39m
            [36m</div>[39m
          [36m</dl>[39m
          [36m<p>[39m
            [0mGPU / 独立显存：未检测[0m
          [36m</p>[39m
        [36m</section>[39m
        [36m<section[39m
          [33maria-label[39m=[32m"Text 文本"[39m
          [33mclass[39m=[32m"local-ai__section"[39m
        [36m>[39m
          [36m<h3>[39m
            [0mText 文本[0m
            [0m（[0m
            [0m2[0m
            [0m）[0m
          [36m</h3>[39m
          [36m<div[39m
            [33mclass[39m=[32m"local-ai__list"[39m
          [36m>[39m
            [36m<article[39m
              [33maria-label[39m=[32m"same-model 本地模型"[39m
            [36m>[39m
              [36m<header>[39m
                [36m<strong>[39m
                  [0msame-model[0m
                [36m</strong>[39m
                [36m<span[39m
                  [33mclass[39m=[32m"ui-badge ui-badge--warning"[39m
                [36m>[39m
                  [0mDISCOVERED[0m
                [36m</span>[39m
              [36m</header>[39m
              [36m<div[39m
                [33mclass[39m=[32m"local-ai__actions"[39m
              [36m>[39m
                [36m<span[39m
                  [33mclass[39m=[32m"ui-badge ui-badge--neutral"[39m
                [36m>[39m
                  [0m本地候选[0m
                [36m</span>[39m
                [36m<span[39m
                  [33mclass[39m=[32m"ui-badge ui-badge--neutral"[39m
                [36m>[39m
                  [0m已注册 · 未启用[0m
                [36m</span>[39m
                [36m<span[39m
                  [33mclass[39m=[32m"ui-badge ui-badge--warning"[39m
                [36m>[39m
                  [0m尚未实际生成验证[0m
                [36m</span>[39m
              [36m</div>[39m
              [36m<dl[39m
                [33mclass[39m=[32m"local-ai__facts"[39m
              [36m>[39m
                [36m<div>[39m
                  [36m<dt>[39m
                    [0mRuntime / 来源[0m
                  [36m</dt>[39m
                  [36m<dd>[39m
                    [0mLLAMA_CPP[0m
                    [0m · [0m
                    [0mruntime-a[0m
                    [0m · [0m
                    [0mGGUF[0m
                  [36m</dd>[39m
                [36m</div>[39m
                [36m<div>[39m
                  [36m<dt>[39m
                    [0m模型族 / 模型 ID[0m
                  [36m</dt>[39m
                  [36m<dd>[39m
                    [0mQWEN[0m
                    [0m · [0m
                    [0msame-model[0m
                  [36m</dd>[39m
                [36m</div>[39m
                [36m<div>[39m
                  [36m<dt>[39m
                    [0m声明能力[0m
                  [36m</dt>[39m
                  [36m<dd>[39m
                    [0mTEXT[0m
                  [36m</dd>[39m
                [36m</div>[39m
                [36m<div>[39m
                  [36m<dt>[39m
                    [0m已验证能力[0m
                  [36m</dt>[39m
                  [36m<dd>[39m
                    [0mCAPABILITY_UNVERIFIED[0m
                  [36m</dd>[39m
                [36m</div>[39m
                [36m<div>[39m
                  [36m<dt>[39m
                    [0m只读接入验证[0m
                  [36m</dt>[39m
                  [36m<dd>[39m
                    [0m尚未验证 / 需重新验证[0m
                  [36m</dd>[39m
                [36m</div>[39m
                [36m<div>[39m
                  [36m<dt>[39m
                    [0m兼容性[0m
                  [36m</dt>[39m
                  [36m<dd>[39m
                    [0mNot Verified · 未验证[0m
                  [36m</dd>[39m
                [36m</div>[39m
                [36m<div>[39m
                  [36m<dt>[39m
                    [0m模型路径 / 文件 / 来源[0m
                  [36m</dt>[39m
                  [36m<dd>[39m
                    [36m<details>[39m
                      [36m<summary>[39m
                        [0m高级：查看模型来源详情[0m
                      [36m</summary>[39m
                      [0msame-model.gguf[0m
                    [36m</details>[39m
                  [36m</dd>[39m
                [36m</div>[39m
              [36m</dl>[39m
              [36m<dl[39m
                [33maria-label[39m=[32m"验证依据"[39m
                [33mclass[39m=[32m"local-ai__facts"[39m
              [36m>[39m
                [36m<div>[39m
                  [36m<dt>[39m
                    [0m模型文件[0m
                  [36m</dt>[39m
                  [36m<dd>[39m
                    [0m存在性未独立验证[0m
                  [36m</dd>[39m
                [36m</div>[39m
                [36m<div>[39m
                  [36m<dt>[39m
                    [0m实际生成验证[0m
                  [36m</dt>[39m
                  [36m<dd>[39m
                    [0mNOT_RUN · 尚未运行生成测试[0m
                  [36m</dd>[39m
                [36m</div>[39m
              [36m</dl>[39m
              [36m<div[39m
                [33mclass[39m=[32m"local-ai__actions"[39m
              [36m>[39m
                [36m<button[39m
                  [33mclass[39m=[32m"ui-button ui-button--secondary"[39m
                [36m>[39m
                  [0m验证[0m
                [36m</button>[39m
                [36m<button[39m
                  [33mclass[39m=[32m"ui-button ui-button--secondary"[39m
                  [33mdisabled[39m=[32m""[39m
                [36m>[39m
                  [0m启用[0m
                [36m</button>[39m
                [36m<button[39m
                  [33mclass[39m=[32m"ui-button ui-button--secondary"[39m
                [36m>[39m
                  [0m配置接入条件[0m
                [36m</button>[39m
                [36m<button[39m
                  [33mclass[39m=[32m"ui-button ui-button--ghost"[39m
                [36m>[39m
                  [0m移除注册[0m
                [36m</button>[39m
              [36m</div>[39m
            [36m</article>[39m
            [36m<article[39m
              [33maria-label[39m=[32m"same-model 本地模型"[39m
            [36m>[39m
              [36m<header>[39m
                [36m<strong>[39m
                  [0msame-model[0m
                [36m</strong>[39m
                [36m<span[39m
                  [33mclass[39m=[32m"ui-badge ui-badge--warning"[39m
                [36m>[39m
                  [0mDISCOVERED[0m
                [36m</span>[39m
              [36m</header>[39m
              [36m<div[39m
                [33mclass[39m=[32m"local-ai__actions"[39m
              [36m>[39m
                [36m<span[39m
                  [33mclass[39m=[32m"ui-badge ui-badge--neutral"[39m
                [36m>[39m
                  [0m本地候选[0m
                [36m</span>[39m
                [36m<span[39m
                  [33mclass[39m=[32m"ui-badge ui-badge--success"[39m
                [36m>[39m
                  [0m已启用[0m
                [36m</span>[39m
                [36m<span[39m
                  [33mclass[39m=[32m"ui-badge ui-badge--warning"[39m
                [36m>[39m
                  [0m尚未实际生成验证[0m
                [36m</span>[39m
              [36m</div>[39m
              [36m<dl[39m
                [33mclass[39m=[32m"local-ai__facts"[39m
              [36m>[39m
                [36m<div>[39m
                  [36m<dt>[39m
                    [0mRuntime / 来源[0m
                  [36m</dt>[39m
                  [36m<dd>[39m
                    [0mOLLAMA[0m
                    [0m · [0m
                    [0mruntime-b[0m
                    [0m · [0m
                    [0mGGUF[0m
                  [36m</dd>[39m
                [36m</div>[39m
                [36m<div>[39m
                  [36m<dt>[39m
                    [0m模型族 / 模型 ID[0m
                  [36m</dt>[39m
                  [36m<dd>[39m
                    [0mQWEN[0m
                    [0m · [0m
                    [0msame-model[0m
                  [36m</dd>[39m
                [36m</div>[39m
                [36m<div>[39m
                  [36m<dt>[39m
                    [0m声明能力[0m
                  [36m</dt>[39m
                  [36m<dd>[39m
                    [0mTEXT[0m
                  [36m</dd>[39m
                [36m</div>[39m
                [36m<div>[39m
                  [36m<dt>[39m
                    [0m已验证能力[0m
                  [36m</dt>[39m
                  [36m<dd>[39m
                    [0mCAPABILITY_UNVERIFIED[0m
                  [36m</dd>[39m
                [36m</div>[39m
                [36m<div>[39m
                  [36m<dt>[39m
                    [0m只读接入验证[0m
                  [36m</dt>[39m
                  [36m<dd>[39m
                    [0m尚未验证 / 需重新验证[0m
                  [36m</dd>[39m
                [36m</div>[39m
                [36m<div>[39m
                  [36m<dt>[39m
                    [0m兼容性[0m
                  [36m</dt>[39m
                  [36m<dd>[39m
                    [0mNot Verified · 未验证[0m
                  [36m</dd>[39m
                [36m</div>[39m
                [36m<div>[39m
                  [36m<dt>[39m
                    [0m模型路径 / 文件 / 来源[0m
                  [36m</dt>[39m
                  [36m<dd>[39m
                    [36m<details>[39m
                      [36m<summary>[39m
                        [0m高级：查看模型来源详情[0m
                      [36m</summary>[39m
                      [0msame-model.gguf[0m
                    [36m</details>[39m
                  [36m</dd>[39m
                [36m</div>[39m
              [36m</dl>[39m
              [36m<dl[39m
                [33maria-label[39m=[32m"验证依据"[39m
                [33mclass[39m=[32m"local-ai__facts"[39m
              [36m>[39m
                [36m<div>[39m
                  [36m<dt>[39m
                    [0m模型文件[0m
                  [36m</dt>[39m
                  [36m<dd>[39m
                    [0m存在性未独立验证[0m
                  [36m</dd>[39m
                [36m</div>[39m
                [36m<div>[39m
                  [36m<dt>[39m
                    [0m实际生成验证[0m
                  [36m</dt>[39m
                  [36m<dd>[39m
                    [0mNOT_RUN · 尚未运行生成测试[0m
                  [36m</dd>[39m
                [36m</div>[39m
              [36m</dl>[39m
              [36m<div[39m
                [33mclass[39m=[32m"local-ai__actions"[39m
              [36m>[39m
                [36m<button[39m
                  [33mclass[39m=[32m"ui-button ui-button--secondary"[39m
                [36m>[39m
                  [0m验证[0m
                [36m</button>[39m
                [36m<button[39m
                  [33mclass[39m=[32m"ui-button ui-button--secondary"[39m
                [36m>[39m
                  [0m停用[0m
                [36m</button>[39m
                [36m<button[39m
                  [33mclass[39m=[32m"ui-button ui-button--secondary"[39m
                [36m>[39m
                  [0m配置接入条件[0m
                [36m</button>[39m
                [36m<button[39m
                  [33mclass[39m=[32m"ui-button ui-button--ghost"[39m
                [36m>[39m
                  [0m移除注册[0m
                [36m</button>[39m
              [36m</div>[39m
            [36m</article>[39m
          [36m</div>[39m
        [36m</section>[39m
      [36m</div>[39m
    [36m</section>[39m
  [36m</div>[39m
[36m</body>[39m
   × V2 same-scan model file observations > treats dangling candidate IDs as unknown even when a registration or matching model name exists 131ms
     → Unable to find an accessible element with the role "region" and name "本次扫描的文件与索引观察"

Here are the accessible roles:

  banner:

  Name "":
  [36m<header />[39m

  Name "":
  [36m<header />[39m

  Name "":
  [36m<header />[39m

  --------------------------------------------------
  heading:

  Name "Local AI · 本地 AI 发现":
  [36m<h2 />[39m

  Name "系统硬件":
  [36m<h3 />[39m

  Name "Text 文本（2）":
  [36m<h3 />[39m

  --------------------------------------------------
  button:

  Name "收起":
  [36m<button[39m
    [33maria-expanded[39m=[32m"true"[39m
    [33mclass[39m=[32m"ui-button ui-button--ghost"[39m
  [36m/>[39m

  Name "重新预览检测范围":
  [36m<button[39m
    [33mclass[39m=[32m"ui-button ui-button--primary"[39m
  [36m/>[39m

  Name "高级：添加本地 Runtime":
  [36m<button[39m
    [33mclass[39m=[32m"ui-button ui-button--secondary"[39m
  [36m/>[39m

  Name "高级：配置扫描目录":
  [36m<button[39m
    [33mclass[39m=[32m"ui-button ui-button--secondary"[39m
  [36m/>[39m

  Name "验证":
  [36m<button[39m
    [33mclass[39m=[32m"ui-button ui-button--secondary"[39m
  [36m/>[39m

  Name "注册":
  [36m<button[39m
    [33mclass[39m=[32m"ui-button ui-button--secondary"[39m
    [33mdisabled[39m=[32m""[39m
    [33mtitle[39m=[32m"请先验证候选模型"[39m
  [36m/>[39m

  Name "验证":
  [36m<button[39m
    [33mclass[39m=[32m"ui-button ui-button--secondary"[39m
  [36m/>[39m

  Name "停用":
  [36m<button[39m
    [33mclass[39m=[32m"ui-button ui-button--secondary"[39m
  [36m/>[39m

  Name "配置接入条件":
  [36m<button[39m
    [33mclass[39m=[32m"ui-button ui-button--secondary"[39m
  [36m/>[39m

  Name "移除注册":
  [36m<button[39m
    [33mclass[39m=[32m"ui-button ui-button--ghost"[39m
  [36m/>[39m

  --------------------------------------------------
  paragraph:

  Name "":
  [36m<p />[39m

  Name "":
  [36m<p[39m
    [33mclass[39m=[32m"local-ai__muted"[39m
  [36m/>[39m

  Name "":
  [36m<p />[39m

  --------------------------------------------------
  status:

  Name "":
  [36m<div[39m
    [33mclass[39m=[32m"local-ai__summary"[39m
    [33mrole[39m=[32m"status"[39m
  [36m/>[39m

  --------------------------------------------------
  region:

  Name "系统硬件":
  [36m<section[39m
    [33maria-label[39m=[32m"系统硬件"[39m
    [33mclass[39m=[32m"local-ai__section"[39m
  [36m/>[39m

  Name "Text 文本":
  [36m<section[39m
    [33maria-label[39m=[32m"Text 文本"[39m
    [33mclass[39m=[32m"local-ai__section"[39m
  [36m/>[39m

  --------------------------------------------------
  term:

  Name "":
  [36m<dt />[39m

  Name "":
  [36m<dt />[39m

  Name "":
  [36m<dt />[39m

  Name "":
  [36m<dt />[39m

  Name "":
  [36m<dt />[39m

  Name "":
  [36m<dt />[39m

  Name "":
  [36m<dt />[39m

  Name "":
  [36m<dt />[39m

  Name "":
  [36m<dt />[39m

  Name "":
  [36m<dt />[39m

  Name "":
  [36m<dt />[39m

  Name "":
  [36m<dt />[39m

  Name "":
  [36m<dt />[39m

  Name "":
  [36m<dt />[39m

  Name "":
  [36m<dt />[39m

  Name "":
  [36m<dt />[39m

  Name "":
  [36m<dt />[39m

  Name "":
  [36m<dt />[39m

  Name "":
  [36m<dt />[39m

  Name "":
  [36m<dt />[39m

  Name "":
  [36m<dt />[39m

  Name "":
  [36m<dt />[39m

  --------------------------------------------------
  definition:

  Name "":
  [36m<dd />[39m

  Name "":
  [36m<dd />[39m

  Name "":
  [36m<dd />[39m

  Name "":
  [36m<dd />[39m

  Name "":
  [36m<dd />[39m

  Name "":
  [36m<dd />[39m

  Name "":
  [36m<dd />[39m

  Name "":
  [36m<dd />[39m

  Name "":
  [36m<dd />[39m

  Name "":
  [36m<dd />[39m

  Name "":
  [36m<dd />[39m

  Name "":
  [36m<dd />[39m

  Name "":
  [36m<dd />[39m

  Name "":
  [36m<dd />[39m

  Name "":
  [36m<dd />[39m

  Name "":
  [36m<dd />[39m

  Name "":
  [36m<dd />[39m

  Name "":
  [36m<dd />[39m

  Name "":
  [36m<dd />[39m

  Name "":
  [36m<dd />[39m

  Name "":
  [36m<dd />[39m

  Name "":
  [36m<dd />[39m

  --------------------------------------------------
  article:

  Name "same-model 本地模型":
  [36m<article[39m
    [33maria-label[39m=[32m"same-model 本地模型"[39m
  [36m/>[39m

  Name "same-model 本地模型":
  [36m<article[39m
    [33maria-label[39m=[32m"same-model 本地模型"[39m
  [36m/>[39m

  --------------------------------------------------
  strong:

  Name "":
  [36m<strong />[39m

  Name "":
  [36m<strong />[39m

  --------------------------------------------------
  group:

  Name "":
  [36m<details />[39m

  Name "":
  [36m<details />[39m

  --------------------------------------------------

Ignored nodes: comments, script, style
[36m<body>[39m
  [36m<div>[39m
    [36m<section[39m
      [33mclass[39m=[32m"ui-panel local-ai"[39m
    [36m>[39m
      [36m<header>[39m
        [36m<h2>[39m
          [0mLocal AI · 本地 AI 发现[0m
        [36m</h2>[39m
        [36m<button[39m
          [33maria-expanded[39m=[32m"true"[39m
          [33mclass[39m=[32m"ui-button ui-button--ghost"[39m
        [36m>[39m
          [0m收起[0m
        [36m</button>[39m
      [36m</header>[39m
      [36m<div[39m
        [33mclass[39m=[32m"local-ai__body"[39m
      [36m>[39m
        [36m<p>[39m
          [0m先预览后端主机的检测范围，再明确确认。发现 → 验证 → 注册 → 确认启用；不会启动 Runtime 或加载模型。无需填写路径或端口即可查看已有配置。[0m
        [36m</p>[39m
        [36m<p[39m
          [33mclass[39m=[32m"local-ai__muted"[39m
        [36m>[39m
          [0m范围仅限运行后端的主机（BACKEND_HOST），云端结果不代表你的电脑。未配置模型或跳过检测时，仍可手动创作。[0m
        [36m</p>[39m
        [36m<div[39m
          [33mclass[39m=[32m"local-ai__actions"[39m
        [36m>[39m
          [36m<button[39m
            [33mclass[39m=[32m"ui-button ui-button--primary"[39m
          [36m>[39m
            [0m重新预览检测范围[0m
          [36m</button>[39m
          [36m<button[39m
            [33mclass[39m=[32m"ui-button ui-button--secondary"[39m
          [36m>[39m
            [0m高级：添加本地 Runtime[0m
          [36m</button>[39m
          [36m<button[39m
            [33mclass[39m=[32m"ui-button ui-button--secondary"[39m
          [36m>[39m
            [0m高级：配置扫描目录[0m
          [36m</button>[39m
        [36m</div>[39m
        [36m<div[39m
          [33mclass[39m=[32m"local-ai__summary"[39m
          [33mrole[39m=[32m"status"[39m
        [36m>[39m
          [36m<span[39m
            [33mclass[39m=[32m"ui-badge ui-badge--success"[39m
          [36m>[39m
            [0mCOMPLETED[0m
          [36m</span>[39m
          [36m<span>[39m
            [0m发现 [0m
            [0m1[0m
            [0m 个模型 · 已注册 [0m
            [0m1[0m
            [0m 个 · [0m
            [0m已启用 1 个[0m
            [0m · [0m
            [0m0[0m
            [0m 个 Runtime 可用 · [0m
            [0m0[0m
            [0m 个检测问题[0m
          [36m</span>[39m
        [36m</div>[39m
        [36m<section[39m
          [33maria-label[39m=[32m"系统硬件"[39m
          [33mclass[39m=[32m"local-ai__section"[39m
        [36m>[39m
          [36m<h3>[39m
            [0m系统硬件[0m
          [36m</h3>[39m
          [36m<dl[39m
            [33mclass[39m=[32m"local-ai__facts"[39m
          [36m>[39m
            [36m<div>[39m
              [36m<dt>[39m
                [0m系统 / 架构[0m
              [36m</dt>[39m
              [36m<dd>[39m
                [0m未检测[0m
                [0m / [0m
                [0m未检测[0m
              [36m</dd>[39m
            [36m</div>[39m
            [36m<div>[39m
              [36m<dt>[39m
                [0mCPU[0m
              [36m</dt>[39m
              [36m<dd>[39m
                [0m未检测[0m
              [36m</dd>[39m
            [36m</div>[39m
            [36m<div>[39m
              [36m<dt>[39m
                [0m系统内存[0m
              [36m</dt>[39m
              [36m<dd>[39m
                [0m未检测[0m
              [36m</dd>[39m
            [36m</div>[39m
            [36m<div>[39m
              [36m<dt>[39m
                [0m硬件检测状态[0m
              [36m</dt>[39m
              [36m<dd>[39m
                [0m未检测[0m
              [36m</dd>[39m
            [36m</div>[39m
          [36m</dl>[39m
          [36m<p>[39m
            [0mGPU / 独立显存：未检测[0m
          [36m</p>[39m
        [36m</section>[39m
        [36m<section[39m
          [33maria-label[39m=[32m"Text 文本"[39m
          [33mclass[39m=[32m"local-ai__section"[39m
        [36m>[39m
          [36m<h3>[39m
            [0mText 文本[0m
            [0m（[0m
            [0m2[0m
            [0m）[0m
          [36m</h3>[39m
          [36m<div[39m
            [33mclass[39m=[32m"local-ai__list"[39m
          [36m>[39m
            [36m<article[39m
              [33maria-label[39m=[32m"same-model 本地模型"[39m
            [36m>[39m
              [36m<header>[39m
                [36m<strong>[39m
                  [0msame-model[0m
                [36m</strong>[39m
                [36m<span[39m
                  [33mclass[39m=[32m"ui-badge ui-badge--warning"[39m
                [36m>[39m
                  [0mDISCOVERED[0m
                [36m</span>[39m
              [36m</header>[39m
              [36m<div[39m
                [33mclass[39m=[32m"local-ai__actions"[39m
              [36m>[39m
                [36m<span[39m
                  [33mclass[39m=[32m"ui-badge ui-badge--neutral"[39m
                [36m>[39m
                  [0m本地候选[0m
                [36m</span>[39m
                [36m<span[39m
                  [33mclass[39m=[32m"ui-badge ui-badge--neutral"[39m
                [36m>[39m
                  [0m候选 · 未注册[0m
                [36m</span>[39m
                [36m<span[39m
                  [33mclass[39m=[32m"ui-badge ui-badge--warning"[39m
                [36m>[39m
                  [0m尚未实际生成验证[0m
                [36m</span>[39m
              [36m</div>[39m
              [36m<dl[39m
                [33mclass[39m=[32m"local-ai__facts"[39m
              [36m>[39m
                [36m<div>[39m
                  [36m<dt>[39m
                    [0mRuntime / 来源[0m
                  [36m</dt>[39m
                  [36m<dd>[39m
                    [0mLLAMA_CPP[0m
                    [0m · [0m
                    [0mruntime-a[0m
                    [0m · [0m
                    [0mGGUF[0m
                  [36m</dd>[39m
                [36m</div>[39m
                [36m<div>[39m
                  [36m<dt>[39m
                    [0m模型族 / 模型 ID[0m
                  [36m</dt>[39m
                  [36m<dd>[39m
                    [0mQWEN[0m
                    [0m · [0m
                    [0msame-model[0m
                  [36m</dd>[39m
                [36m</div>[39m
                [36m<div>[39m
                  [36m<dt>[39m
                    [0m声明能力[0m
                  [36m</dt>[39m
                  [36m<dd>[39m
                    [0mTEXT[0m
                  [36m</dd>[39m
                [36m</div>[39m
                [36m<div>[39m
                  [36m<dt>[39m
                    [0m已验证能力[0m
                  [36m</dt>[39m
                  [36m<dd>[39m
                    [0mCAPABILITY_UNVERIFIED[0m
                  [36m</dd>[39m
                [36m</div>[39m
                [36m<div>[39m
                  [36m<dt>[39m
                    [0m只读接入验证[0m
                  [36m</dt>[39m
                  [36m<dd>[39m
                    [0m尚未验证 / 需重新验证[0m
                  [36m</dd>[39m
                [36m</div>[39m
                [36m<div>[39m
                  [36m<dt>[39m
                    [0m兼容性[0m
                  [36m</dt>[39m
                  [36m<dd>[39m
                    [0mNot Verified · 未验证[0m
                  [36m</dd>[39m
                [36m</div>[39m
                [36m<div>[39m
                  [36m<dt>[39m
                    [0m模型路径 / 文件 / 来源[0m
                  [36m</dt>[39m
                  [36m<dd>[39m
                    [36m<details>[39m
                      [36m<summary>[39m
                        [0m高级：查看模型来源详情[0m
                      [36m</summary>[39m
                      [0msame-model.gguf[0m
                    [36m</details>[39m
                  [36m</dd>[39m
                [36m</div>[39m
              [36m</dl>[39m
              [36m<dl[39m
                [33maria-label[39m=[32m"验证依据"[39m
                [33mclass[39m=[32m"local-ai__facts"[39m
              [36m>[39m
                [36m<div>[39m
                  [36m<dt>[39m
                    [0m模型文件[0m
                  [36m</dt>[39m
                  [36m<dd>[39m
                    [0m存在性未独立验证[0m
                  [36m</dd>[39m
                [36m</div>[39m
                [36m<div>[39m
                  [36m<dt>[39m
                    [0m实际生成验证[0m
                  [36m</dt>[39m
                  [36m<dd>[39m
                    [0mNOT_RUN · 尚未运行生成测试[0m
                  [36m</dd>[39m
                [36m</div>[39m
              [36m</dl>[39m
              [36m<div[39m
                [33mclass[39m=[32m"local-ai__actions"[39m
              [36m>[39m
                [36m<button[39m
                  [33mclass[39m=[32m"ui-button ui-button--secondary"[39m
                [36m>[39m
                  [0m验证[0m
                [36m</button>[39m
                [36m<button[39m
                  [33mclass[39m=[32m"ui-button ui-button--secondary"[39m
                  [33mdisabled[39m=[32m""[39m
                  [33mtitle[39m=[32m"请先验证候选模型"[39m
                [36m>[39m
                  [0m注册[0m
                [36m</button>[39m
              [36m</div>[39m
            [36m</article>[39m
            [36m<article[39m
              [33maria-label[39m=[32m"same-model 本地模型"[39m
            [36m>[39m
              [36m<header>[39m
                [36m<strong>[39m
                  [0msame-model[0m
                [36m</strong>[39m
                [36m<span[39m
                  [33mclass[39m=[32m"ui-badge ui-badge--warning"[39m
                [36m>[39m
                  [0mDISCOVERED[0m
                [36m</span>[39m
              [36m</header>[39m
              [36m<div[39m
                [33mclass[39m=[32m"local-ai__actions"[39m
              [36m>[39m
                [36m<span[39m
                  [33mclass[39m=[32m"ui-badge ui-badge--neutral"[39m
                [36m>[39m
                  [0m本地候选[0m
                [36m</span>[39m
                [36m<span[39m
                  [33mclass[39m=[32m"ui-badge ui-badge--success"[39m
                [36m>[39m
                  [0m已启用[0m
                [36m</span>[39m
                [36m<span[39m
                  [33mclass[39m=[32m"ui-badge ui-badge--warning"[39m
                [36m>[39m
                  [0m尚未实际生成验证[0m
                [36m</span>[39m
              [36m</div>[39m
              [36m<dl[39m
                [33mclass[39m=[32m"local-ai__facts"[39m
              [36m>[39m
                [36m<div>[39m
                  [36m<dt>[39m
                    [0mRuntime / 来源[0m
                  [36m</dt>[39m
                  [36m<dd>[39m
                    [0mLLAMA_CPP[0m
                    [0m · [0m
                    [0mruntime-a[0m
                    [0m · [0m
                    [0mGGUF[0m
                  [36m</dd>[39m
                [36m</div>[39m
                [36m<div>[39m
                  [36m<dt>[39m
                    [0m模型族 / 模型 ID[0m
                  [36m</dt>[39m
                  [36m<dd>[39m
                    [0mQWEN[0m
                    [0m · [0m
                    [0msame-model[0m
                  [36m</dd>[39m
                [36m</div>[39m
                [36m<div>[39m
                  [36m<dt>[39m
                    [0m声明能力[0m
                  [36m</dt>[39m
                  [36m<dd>[39m
                    [0mTEXT[0m
                  [36m</dd>[39m
                [36m</div>[39m
                [36m<div>[39m
                  [36m<dt>[39m
                    [0m已验证能力[0m
                  [36m</dt>[39m
                  [36m<dd>[39m
                    [0mCAPABILITY_UNVERIFIED[0m
                  [36m</dd>[39m
                [36m</div>[39m
                [36m<div>[39m
                  [36m<dt>[39m
                    [0m只读接入验证[0m
                  [36m</dt>[39m
                  [36m<dd>[39m
                    [0m尚未验证 / 需重新验证[0m
                  [36m</dd>[39m
                [36m</div>[39m
                [36m<div>[39m
                  [36m<dt>[39m
                    [0m兼容性[0m
                  [36m</dt>[39m
                  [36m<dd>[39m
                    [0mNot Verified · 未验证[0m
                  [36m</dd>[39m
                [36m</div>[39m
                [36m<div>[39m
                  [36m<dt>[39m
                    [0m模型路径 / 文件 / 来源[0m
                  [36m</dt>[39m
                  [36m<dd>[39m
                    [36m<details>[39m
                      [36m<summary>[39m
                        [0m高级：查看模型来源详情[0m
                      [36m</summary>[39m
                      [0msame-model.gguf[0m
                    [36m</details>[39m
                  [36m</dd>[39m
                [36m</div>[39m
              [36m</dl>[39m
              [36m<dl[39m
                [33maria-label[39m=[32m"验证依据"[39m
                [33mclass[39m=[32m"local-ai__facts"[39m
              [36m>[39m
                [36m<div>[39m
                  [36m<dt>[39m
                    [0m模型文件[0m
                  [36m</dt>[39m
                  [36m<dd>[39m
                    [0m存在性未独立验证[0m
                  [36m</dd>[39m
                [36m</div>[39m
                [36m<div>[39m
                  [36m<dt>[39m
                    [0m实际生成验证[0m
                  [36m</dt>[39m
                  [36m<dd>[39m
                    [0mNOT_RUN · 尚未运行生成测试[0m
                  [36m</dd>[39m
                [36m</div>[39m
              [36m</dl>[39m
              [36m<div[39m
                [33mclass[39m=[32m"local-ai__actions"[39m
              [36m>[39m
                [36m<button[39m
                  [33mclass[39m=[32m"ui-button ui-button--secondary"[39m
                [36m>[39m
                  [0m验证[0m
                [36m</button>[39m
                [36m<button[39m
                  [33mclass[39m=[32m"ui-button ui-button--secondary"[39m
                [36m>[39m
                  [0m停用[0m
                [36m</button>[39m
                [36m<button[39m
                  [33mclass[39m=[32m"ui-button ui-button--secondary"[39m
                [36m>[39m
                  [0m配置接入条件[0m
                [36m</button>[39m
                [36m<button[39m
                  [33mclass[39m=[32m"ui-button ui-button--ghost"[39m
                [36m>[39m
                  [0m移除注册[0m
                [36m</button>[39m
              [36m</div>[39m
            [36m</article>[39m
          [36m</div>[39m
        [36m</section>[39m
      [36m</div>[39m
    [36m</section>[39m
  [36m</div>[39m
[36m</body>[39m
   × V2 same-scan model file observations > accepts exact registration.id linkage but never guesses a registration by name or family 137ms
     → Unable to find an accessible element with the role "region" and name "本次扫描的文件与索引观察"

Here are the accessible roles:

  banner:

  Name "":
  [36m<header />[39m

  Name "":
  [36m<header />[39m

  Name "":
  [36m<header />[39m

  --------------------------------------------------
  heading:

  Name "Local AI · 本地 AI 发现":
  [36m<h2 />[39m

  Name "系统硬件":
  [36m<h3 />[39m

  Name "Text 文本（2）":
  [36m<h3 />[39m

  --------------------------------------------------
  button:

  Name "收起":
  [36m<button[39m
    [33maria-expanded[39m=[32m"true"[39m
    [33mclass[39m=[32m"ui-button ui-button--ghost"[39m
  [36m/>[39m

  Name "重新预览检测范围":
  [36m<button[39m
    [33mclass[39m=[32m"ui-button ui-button--primary"[39m
  [36m/>[39m

  Name "高级：添加本地 Runtime":
  [36m<button[39m
    [33mclass[39m=[32m"ui-button ui-button--secondary"[39m
  [36m/>[39m

  Name "高级：配置扫描目录":
  [36m<button[39m
    [33mclass[39m=[32m"ui-button ui-button--secondary"[39m
  [36m/>[39m

  Name "验证":
  [36m<button[39m
    [33mclass[39m=[32m"ui-button ui-button--secondary"[39m
  [36m/>[39m

  Name "停用":
  [36m<button[39m
    [33mclass[39m=[32m"ui-button ui-button--secondary"[39m
  [36m/>[39m

  Name "配置接入条件":
  [36m<button[39m
    [33mclass[39m=[32m"ui-button ui-button--secondary"[39m
  [36m/>[39m

  Name "移除注册":
  [36m<button[39m
    [33mclass[39m=[32m"ui-button ui-button--ghost"[39m
  [36m/>[39m

  Name "验证":
  [36m<button[39m
    [33mclass[39m=[32m"ui-button ui-button--secondary"[39m
  [36m/>[39m

  Name "注册":
  [36m<button[39m
    [33mclass[39m=[32m"ui-button ui-button--secondary"[39m
    [33mdisabled[39m=[32m""[39m
    [33mtitle[39m=[32m"请先验证候选模型"[39m
  [36m/>[39m

  --------------------------------------------------
  paragraph:

  Name "":
  [36m<p />[39m

  Name "":
  [36m<p[39m
    [33mclass[39m=[32m"local-ai__muted"[39m
  [36m/>[39m

  Name "":
  [36m<p />[39m

  --------------------------------------------------
  status:

  Name "":
  [36m<div[39m
    [33mclass[39m=[32m"local-ai__summary"[39m
    [33mrole[39m=[32m"status"[39m
  [36m/>[39m

  --------------------------------------------------
  region:

  Name "系统硬件":
  [36m<section[39m
    [33maria-label[39m=[32m"系统硬件"[39m
    [33mclass[39m=[32m"local-ai__section"[39m
  [36m/>[39m

  Name "Text 文本":
  [36m<section[39m
    [33maria-label[39m=[32m"Text 文本"[39m
    [33mclass[39m=[32m"local-ai__section"[39m
  [36m/>[39m

  --------------------------------------------------
  term:

  Name "":
  [36m<dt />[39m

  Name "":
  [36m<dt />[39m

  Name "":
  [36m<dt />[39m

  Name "":
  [36m<dt />[39m

  Name "":
  [36m<dt />[39m

  Name "":
  [36m<dt />[39m

  Name "":
  [36m<dt />[39m

  Name "":
  [36m<dt />[39m

  Name "":
  [36m<dt />[39m

  Name "":
  [36m<dt />[39m

  Name "":
  [36m<dt />[39m

  Name "":
  [36m<dt />[39m

  Name "":
  [36m<dt />[39m

  Name "":
  [36m<dt />[39m

  Name "":
  [36m<dt />[39m

  Name "":
  [36m<dt />[39m

  Name "":
  [36m<dt />[39m

  Name "":
  [36m<dt />[39m

  Name "":
  [36m<dt />[39m

  Name "":
  [36m<dt />[39m

  Name "":
  [36m<dt />[39m

  Name "":
  [36m<dt />[39m

  --------------------------------------------------
  definition:

  Name "":
  [36m<dd />[39m

  Name "":
  [36m<dd />[39m

  Name "":
  [36m<dd />[39m

  Name "":
  [36m<dd />[39m

  Name "":
  [36m<dd />[39m

  Name "":
  [36m<dd />[39m

  Name "":
  [36m<dd />[39m

  Name "":
  [36m<dd />[39m

  Name "":
  [36m<dd />[39m

  Name "":
  [36m<dd />[39m

  Name "":
  [36m<dd />[39m

  Name "":
  [36m<dd />[39m

  Name "":
  [36m<dd />[39m

  Name "":
  [36m<dd />[39m

  Name "":
  [36m<dd />[39m

  Name "":
  [36m<dd />[39m

  Name "":
  [36m<dd />[39m

  Name "":
  [36m<dd />[39m

  Name "":
  [36m<dd />[39m

  Name "":
  [36m<dd />[39m

  Name "":
  [36m<dd />[39m

  Name "":
  [36m<dd />[39m

  --------------------------------------------------
  article:

  Name "same-model 本地模型":
  [36m<article[39m
    [33maria-label[39m=[32m"same-model 本地模型"[39m
  [36m/>[39m

  Name "same-model 本地模型":
  [36m<article[39m
    [33maria-label[39m=[32m"same-model 本地模型"[39m
  [36m/>[39m

  --------------------------------------------------
  strong:

  Name "":
  [36m<strong />[39m

  Name "":
  [36m<strong />[39m

  --------------------------------------------------
  group:

  Name "":
  [36m<details />[39m

  Name "":
  [36m<details />[39m

  --------------------------------------------------

Ignored nodes: comments, script, style
[36m<body>[39m
  [36m<div>[39m
    [36m<section[39m
      [33mclass[39m=[32m"ui-panel local-ai"[39m
    [36m>[39m
      [36m<header>[39m
        [36m<h2>[39m
          [0mLocal AI · 本地 AI 发现[0m
        [36m</h2>[39m
        [36m<button[39m
          [33maria-expanded[39m=[32m"true"[39m
          [33mclass[39m=[32m"ui-button ui-button--ghost"[39m
        [36m>[39m
          [0m收起[0m
        [36m</button>[39m
      [36m</header>[39m
      [36m<div[39m
        [33mclass[39m=[32m"local-ai__body"[39m
      [36m>[39m
        [36m<p>[39m
          [0m先预览后端主机的检测范围，再明确确认。发现 → 验证 → 注册 → 确认启用；不会启动 Runtime 或加载模型。无需填写路径或端口即可查看已有配置。[0m
        [36m</p>[39m
        [36m<p[39m
          [33mclass[39m=[32m"local-ai__muted"[39m
        [36m>[39m
          [0m范围仅限运行后端的主机（BACKEND_HOST），云端结果不代表你的电脑。未配置模型或跳过检测时，仍可手动创作。[0m
        [36m</p>[39m
        [36m<div[39m
          [33mclass[39m=[32m"local-ai__actions"[39m
        [36m>[39m
          [36m<button[39m
            [33mclass[39m=[32m"ui-button ui-button--primary"[39m
          [36m>[39m
            [0m重新预览检测范围[0m
          [36m</button>[39m
          [36m<button[39m
            [33mclass[39m=[32m"ui-button ui-button--secondary"[39m
          [36m>[39m
            [0m高级：添加本地 Runtime[0m
          [36m</button>[39m
          [36m<button[39m
            [33mclass[39m=[32m"ui-button ui-button--secondary"[39m
          [36m>[39m
            [0m高级：配置扫描目录[0m
          [36m</button>[39m
        [36m</div>[39m
        [36m<div[39m
          [33mclass[39m=[32m"local-ai__summary"[39m
          [33mrole[39m=[32m"status"[39m
        [36m>[39m
          [36m<span[39m
            [33mclass[39m=[32m"ui-badge ui-badge--success"[39m
          [36m>[39m
            [0mCOMPLETED[0m
          [36m</span>[39m
          [36m<span>[39m
            [0m发现 [0m
            [0m2[0m
            [0m 个模型 · 已注册 [0m
            [0m1[0m
            [0m 个 · [0m
            [0m已启用 1 个[0m
            [0m · [0m
            [0m0[0m
            [0m 个 Runtime 可用 · [0m
            [0m0[0m
            [0m 个检测问题[0m
          [36m</span>[39m
        [36m</div>[39m
        [36m<section[39m
          [33maria-label[39m=[32m"系统硬件"[39m
          [33mclass[39m=[32m"local-ai__section"[39m
        [36m>[39m
          [36m<h3>[39m
            [0m系统硬件[0m
          [36m</h3>[39m
          [36m<dl[39m
            [33mclass[39m=[32m"local-ai__facts"[39m
          [36m>[39m
            [36m<div>[39m
              [36m<dt>[39m
                [0m系统 / 架构[0m
              [36m</dt>[39m
              [36m<dd>[39m
                [0m未检测[0m
                [0m / [0m
                [0m未检测[0m
              [36m</dd>[39m
            [36m</div>[39m
            [36m<div>[39m
              [36m<dt>[39m
                [0mCPU[0m
              [36m</dt>[39m
              [36m<dd>[39m
                [0m未检测[0m
              [36m</dd>[39m
            [36m</div>[39m
            [36m<div>[39m
              [36m<dt>[39m
                [0m系统内存[0m
              [36m</dt>[39m
              [36m<dd>[39m
                [0m未检测[0m
              [36m</dd>[39m
            [36m</div>[39m
            [36m<div>[39m
              [36m<dt>[39m
                [0m硬件检测状态[0m
              [36m</dt>[39m
              [36m<dd>[39m
                [0m未检测[0m
              [36m</dd>[39m
            [36m</div>[39m
          [36m</dl>[39m
          [36m<p>[39m
            [0mGPU / 独立显存：未检测[0m
          [36m</p>[39m
        [36m</section>[39m
        [36m<section[39m
          [33maria-label[39m=[32m"Text 文本"[39m
          [33mclass[39m=[32m"local-ai__section"[39m
        [36m>[39m
          [36m<h3>[39m
            [0mText 文本[0m
            [0m（[0m
            [0m2[0m
            [0m）[0m
          [36m</h3>[39m
          [36m<div[39m
            [33mclass[39m=[32m"local-ai__list"[39m
          [36m>[39m
            [36m<article[39m
              [33maria-label[39m=[32m"same-model 本地模型"[39m
            [36m>[39m
              [36m<header>[39m
                [36m<strong>[39m
                  [0msame-model[0m
                [36m</strong>[39m
                [36m<span[39m
                  [33mclass[39m=[32m"ui-badge ui-badge--warning"[39m
                [36m>[39m
                  [0mDISCOVERED[0m
                [36m</span>[39m
              [36m</header>[39m
              [36m<div[39m
                [33mclass[39m=[32m"local-ai__actions"[39m
              [36m>[39m
                [36m<span[39m
                  [33mclass[39m=[32m"ui-badge ui-badge--neutral"[39m
                [36m>[39m
                  [0m本地候选[0m
                [36m</span>[39m
                [36m<span[39m
                  [33mclass[39m=[32m"ui-badge ui-badge--success"[39m
                [36m>[39m
                  [0m已启用[0m
                [36m</span>[39m
                [36m<span[39m
                  [33mclass[39m=[32m"ui-badge ui-badge--warning"[39m
                [36m>[39m
                  [0m尚未实际生成验证[0m
                [36m</span>[39m
              [36m</div>[39m
              [36m<dl[39m
                [33mclass[39m=[32m"local-ai__facts"[39m
              [36m>[39m
                [36m<div>[39m
                  [36m<dt>[39m
                    [0mRuntime / 来源[0m
                  [36m</dt>[39m
                  [36m<dd>[39m
                    [0mLLAMA_CPP[0m
                    [0m · [0m
                    [0mruntime-a[0m
                    [0m · [0m
                    [0mGGUF[0m
                  [36m</dd>[39m
                [36m</div>[39m
                [36m<div>[39m
                  [36m<dt>[39m
                    [0m模型族 / 模型 ID[0m
                  [36m</dt>[39m
                  [36m<dd>[39m
                    [0mQWEN[0m
                    [0m · [0m
                    [0msame-model[0m
                  [36m</dd>[39m
                [36m</div>[39m
                [36m<div>[39m
                  [36m<dt>[39m
                    [0m声明能力[0m
                  [36m</dt>[39m
                  [36m<dd>[39m
                    [0mTEXT[0m
                  [36m</dd>[39m
                [36m</div>[39m
                [36m<div>[39m
                  [36m<dt>[39m
                    [0m已验证能力[0m
                  [36m</dt>[39m
                  [36m<dd>[39m
                    [0mCAPABILITY_UNVERIFIED[0m
                  [36m</dd>[39m
                [36m</div>[39m
                [36m<div>[39m
                  [36m<dt>[39m
                    [0m只读接入验证[0m
                  [36m</dt>[39m
                  [36m<dd>[39m
                    [0m尚未验证 / 需重新验证[0m
                  [36m</dd>[39m
                [36m</div>[39m
                [36m<div>[39m
                  [36m<dt>[39m
                    [0m兼容性[0m
                  [36m</dt>[39m
                  [36m<dd>[39m
                    [0mNot Verified · 未验证[0m
                  [36m</dd>[39m
                [36m</div>[39m
                [36m<div>[39m
                  [36m<dt>[39m
                    [0m模型路径 / 文件 / 来源[0m
                  [36m</dt>[39m
                  [36m<dd>[39m
                    [36m<details>[39m
                      [36m<summary>[39m
                        [0m高级：查看模型来源详情[0m
                      [36m</summary>[39m
                      [0msame-model.gguf[0m
                    [36m</details>[39m
                  [36m</dd>[39m
                [36m</div>[39m
              [36m</dl>[39m
              [36m<dl[39m
                [33maria-label[39m=[32m"验证依据"[39m
                [33mclass[39m=[32m"local-ai__facts"[39m
              [36m>[39m
                [36m<div>[39m
                  [36m<dt>[39m
                    [0m模型文件[0m
                  [36m</dt>[39m
                  [36m<dd>[39m
                    [0m存在性未独立验证[0m
                  [36m</dd>[39m
                [36m</div>[39m
                [36m<div>[39m
                  [36m<dt>[39m
                    [0m实际生成验证[0m
                  [36m</dt>[39m
                  [36m<dd>[39m
                    [0mNOT_RUN · 尚未运行生成测试[0m
                  [36m</dd>[39m
                [36m</div>[39m
              [36m</dl>[39m
              [36m<div[39m
                [33mclass[39m=[32m"local-ai__actions"[39m
              [36m>[39m
                [36m<button[39m
                  [33mclass[39m=[32m"ui-button ui-button--secondary"[39m
                [36m>[39m
                  [0m验证[0m
                [36m</button>[39m
                [36m<button[39m
                  [33mclass[39m=[32m"ui-button ui-button--secondary"[39m
                [36m>[39m
                  [0m停用[0m
                [36m</button>[39m
                [36m<button[39m
                  [33mclass[39m=[32m"ui-button ui-button--secondary"[39m
                [36m>[39m
                  [0m配置接入条件[0m
                [36m</button>[39m
                [36m<button[39m
                  [33mclass[39m=[32m"ui-button ui-button--ghost"[39m
                [36m>[39m
                  [0m移除注册[0m
                [36m</button>[39m
              [36m</div>[39m
            [36m</article>[39m
            [36m<article[39m
              [33maria-label[39m=[32m"same-model 本地模型"[39m
            [36m>[39m
              [36m<header>[39m
                [36m<strong>[39m
                  [0msame-model[0m
                [36m</strong>[39m
                [36m<span[39m
                  [33mclass[39m=[32m"ui-badge ui-badge--warning"[39m
                [36m>[39m
                  [0mDISCOVERED[0m
                [36m</span>[39m
              [36m</header>[39m
              [36m<div[39m
                [33mclass[39m=[32m"local-ai__actions"[39m
              [36m>[39m
                [36m<span[39m
                  [33mclass[39m=[32m"ui-badge ui-badge--neutral"[39m
                [36m>[39m
                  [0m本地候选[0m
                [36m</span>[39m
                [36m<span[39m
                  [33mclass[39m=[32m"ui-badge ui-badge--neutral"[39m
                [36m>[39m
                  [0m候选 · 未注册[0m
                [36m</span>[39m
                [36m<span[39m
                  [33mclass[39m=[32m"ui-badge ui-badge--warning"[39m
                [36m>[39m
                  [0m尚未实际生成验证[0m
                [36m</span>[39m
              [36m</div>[39m
              [36m<dl[39m
                [33mclass[39m=[32m"local-ai__facts"[39m
              [36m>[39m
                [36m<div>[39m
                  [36m<dt>[39m
                    [0mRuntime / 来源[0m
                  [36m</dt>[39m
                  [36m<dd>[39m
                    [0mLLAMA_CPP[0m
                    [0m · [0m
                    [0mruntime-b[0m
                    [0m · [0m
                    [0mGGUF[0m
                  [36m</dd>[39m
                [36m</div>[39m
                [36m<div>[39m
                  [36m<dt>[39m
                    [0m模型族 / 模型 ID[0m
                  [36m</dt>[39m
                  [36m<dd>[39m
                    [0mQWEN[0m
                    [0m · [0m
                    [0msame-model[0m
                  [36m</dd>[39m
                [36m</div>[39m
                [36m<div>[39m
                  [36m<dt>[39m
                    [0m声明能力[0m
                  [36m</dt>[39m
                  [36m<dd>[39m
                    [0mTEXT[0m
                  [36m</dd>[39m
                [36m</div>[39m
                [36m<div>[39m
                  [36m<dt>[39m
                    [0m已验证能力[0m
                  [36m</dt>[39m
                  [36m<dd>[39m
                    [0mCAPABILITY_UNVERIFIED[0m
                  [36m</dd>[39m
                [36m</div>[39m
                [36m<div>[39m
                  [36m<dt>[39m
                    [0m只读接入验证[0m
                  [36m</dt>[39m
                  [36m<dd>[39m
                    [0m尚未验证 / 需重新验证[0m
                  [36m</dd>[39m
                [36m</div>[39m
                [36m<div>[39m
                  [36m<dt>[39m
                    [0m兼容性[0m
                  [36m</dt>[39m
                  [36m<dd>[39m
                    [0mNot Verified · 未验证[0m
                  [36m</dd>[39m
                [36m</div>[39m
                [36m<div>[39m
                  [36m<dt>[39m
                    [0m模型路径 / 文件 / 来源[0m
                  [36m</dt>[39m
                  [36m<dd>[39m
                    [36m<details>[39m
                      [36m<summary>[39m
                        [0m高级：查看模型来源详情[0m
                      [36m</summary>[39m
                      [0msame-model.gguf[0m
                    [36m</details>[39m
                  [36m</dd>[39m
                [36m</div>[39m
              [36m</dl>[39m
              [36m<dl[39m
                [33maria-label[39m=[32m"验证依据"[39m
                [33mclass[39m=[32m"local-ai__facts"[39m
              [36m>[39m
                [36m<div>[39m
                  [36m<dt>[39m
                    [0m模型文件[0m
                  [36m</dt>[39m
                  [36m<dd>[39m
                    [0m存在性未独立验证[0m
                  [36m</dd>[39m
                [36m</div>[39m
                [36m<div>[39m
                  [36m<dt>[39m
                    [0m实际生成验证[0m
                  [36m</dt>[39m
                  [36m<dd>[39m
                    [0mNOT_RUN · 尚未运行生成测试[0m
                  [36m</dd>[39m
                [36m</div>[39m
              [36m</dl>[39m
              [36m<div[39m
                [33mclass[39m=[32m"local-ai__actions"[39m
              [36m>[39m
                [36m<button[39m
                  [33mclass[39m=[32m"ui-button ui-button--secondary"[39m
                [36m>[39m
                  [0m验证[0m
                [36m</button>[39m
                [36m<button[39m
                  [33mclass[39m=[32m"ui-button ui-button--secondary"[39m
                  [33mdisabled[39m=[32m""[39m
                  [33mtitle[39m=[32m"请先验证候选模型"[39m
                [36m>[39m
                  [0m注册[0m
                [36m</button>[39m
              [36m</div>[39m
            [36m</article>[39m
          [36m</div>[39m
        [36m</section>[39m
      [36m</div>[39m
    [36m</section>[39m
  [36m</div>[39m
[36m</body>[39m
   × V2 same-scan model file observations > retains observations honestly for PARTIAL and reports finite directory outcomes 36ms
     → Unable to find an accessible element with the role "region" and name "本次扫描的文件与索引观察"

Here are the accessible roles:

  banner:

  Name "":
  [36m<header />[39m

  --------------------------------------------------
  heading:

  Name "Local AI · 本地 AI 发现":
  [36m<h2 />[39m

  Name "系统硬件":
  [36m<h3 />[39m

  --------------------------------------------------
  button:

  Name "收起":
  [36m<button[39m
    [33maria-expanded[39m=[32m"true"[39m
    [33mclass[39m=[32m"ui-button ui-button--ghost"[39m
  [36m/>[39m

  Name "重新预览检测范围":
  [36m<button[39m
    [33mclass[39m=[32m"ui-button ui-button--primary"[39m
  [36m/>[39m

  Name "高级：添加本地 Runtime":
  [36m<button[39m
    [33mclass[39m=[32m"ui-button ui-button--secondary"[39m
  [36m/>[39m

  Name "高级：配置扫描目录":
  [36m<button[39m
    [33mclass[39m=[32m"ui-button ui-button--secondary"[39m
  [36m/>[39m

  --------------------------------------------------
  paragraph:

  Name "":
  [36m<p />[39m

  Name "":
  [36m<p[39m
    [33mclass[39m=[32m"local-ai__muted"[39m
  [36m/>[39m

  Name "":
  [36m<p />[39m

  Name "":
  [36m<p />[39m

  --------------------------------------------------
  status:

  Name "":
  [36m<div[39m
    [33mclass[39m=[32m"local-ai__summary"[39m
    [33mrole[39m=[32m"status"[39m
  [36m/>[39m

  Name "":
  [36m<div[39m
    [33mclass[39m=[32m"ui-empty"[39m
    [33mrole[39m=[32m"status"[39m
  [36m/>[39m

  --------------------------------------------------
  region:

  Name "系统硬件":
  [36m<section[39m
    [33maria-label[39m=[32m"系统硬件"[39m
    [33mclass[39m=[32m"local-ai__section"[39m
  [36m/>[39m

  --------------------------------------------------
  term:

  Name "":
  [36m<dt />[39m

  Name "":
  [36m<dt />[39m

  Name "":
  [36m<dt />[39m

  Name "":
  [36m<dt />[39m

  --------------------------------------------------
  definition:

  Name "":
  [36m<dd />[39m

  Name "":
  [36m<dd />[39m

  Name "":
  [36m<dd />[39m

  Name "":
  [36m<dd />[39m

  --------------------------------------------------
  strong:

  Name "":
  [36m<strong />[39m

  --------------------------------------------------

Ignored nodes: comments, script, style
[36m<body>[39m
  [36m<div>[39m
    [36m<section[39m
      [33mclass[39m=[32m"ui-panel local-ai"[39m
    [36m>[39m
      [36m<header>[39m
        [36m<h2>[39m
          [0mLocal AI · 本地 AI 发现[0m
        [36m</h2>[39m
        [36m<button[39m
          [33maria-expanded[39m=[32m"true"[39m
          [33mclass[39m=[32m"ui-button ui-button--ghost"[39m
        [36m>[39m
          [0m收起[0m
        [36m</button>[39m
      [36m</header>[39m
      [36m<div[39m
        [33mclass[39m=[32m"local-ai__body"[39m
      [36m>[39m
        [36m<p>[39m
          [0m先预览后端主机的检测范围，再明确确认。发现 → 验证 → 注册 → 确认启用；不会启动 Runtime 或加载模型。无需填写路径或端口即可查看已有配置。[0m
        [36m</p>[39m
        [36m<p[39m
          [33mclass[39m=[32m"local-ai__muted"[39m
        [36m>[39m
          [0m范围仅限运行后端的主机（BACKEND_HOST），云端结果不代表你的电脑。未配置模型或跳过检测时，仍可手动创作。[0m
        [36m</p>[39m
        [36m<div[39m
          [33mclass[39m=[32m"local-ai__actions"[39m
        [36m>[39m
          [36m<button[39m
            [33mclass[39m=[32m"ui-button ui-button--primary"[39m
          [36m>[39m
            [0m重新预览检测范围[0m
          [36m</button>[39m
          [36m<button[39m
            [33mclass[39m=[32m"ui-button ui-button--secondary"[39m
          [36m>[39m
            [0m高级：添加本地 Runtime[0m
          [36m</button>[39m
          [36m<button[39m
            [33mclass[39m=[32m"ui-button ui-button--secondary"[39m
          [36m>[39m
            [0m高级：配置扫描目录[0m
          [36m</button>[39m
        [36m</div>[39m
        [36m<div[39m
          [33mclass[39m=[32m"local-ai__summary"[39m
          [33mrole[39m=[32m"status"[39m
        [36m>[39m
          [36m<span[39m
            [33mclass[39m=[32m"ui-badge ui-badge--warning"[39m
          [36m>[39m
            [0mPARTIAL[0m
          [36m</span>[39m
          [36m<span>[39m
            [0m发现 [0m
            [0m0[0m
            [0m 个模型 · 已注册 [0m
            [0m0[0m
            [0m 个 · [0m
            [0m已启用 0 个[0m
            [0m · [0m
            [0m0[0m
            [0m 个 Runtime 可用 · [0m
            [0m0[0m
            [0m 个检测问题[0m
          [36m</span>[39m
        [36m</div>[39m
        [36m<section[39m
          [33maria-label[39m=[32m"系统硬件"[39m
          [33mclass[39m=[32m"local-ai__section"[39m
        [36m>[39m
          [36m<h3>[39m
            [0m系统硬件[0m
          [36m</h3>[39m
          [36m<dl[39m
            [33mclass[39m=[32m"local-ai__facts"[39m
          [36m>[39m
            [36m<div>[39m
              [36m<dt>[39m
                [0m系统 / 架构[0m
              [36m</dt>[39m
              [36m<dd>[39m
                [0m未检测[0m
                [0m / [0m
                [0m未检测[0m
              [36m</dd>[39m
            [36m</div>[39m
            [36m<div>[39m
              [36m<dt>[39m
                [0mCPU[0m
              [36m</dt>[39m
              [36m<dd>[39m
                [0m未检测[0m
              [36m</dd>[39m
            [36m</div>[39m
            [36m<div>[39m
              [36m<dt>[39m
                [0m系统内存[0m
              [36m</dt>[39m
              [36m<dd>[39m
                [0m未检测[0m
              [36m</dd>[39m
            [36m</div>[39m
            [36m<div>[39m
              [36m<dt>[39m
                [0m硬件检测状态[0m
              [36m</dt>[39m
              [36m<dd>[39m
                [0m未检测[0m
              [36m</dd>[39m
            [36m</div>[39m
          [36m</dl>[39m
          [36m<p>[39m
            [0mGPU / 独立显存：未检测[0m
          [36m</p>[39m
        [36m</section>[39m
        [36m<div[39m
          [33mclass[39m=[32m"ui-empty"[39m
          [33mrole[39m=[32m"status"[39m
        [36m>[39m
          [36m<strong>[39m
            [0m尚未发现模型[0m
          [36m</strong>[39m
          [36m<p>[39m
            [0m未配置或未发现可用模型时，可继续手动创作。可先预览已有服务；自定义路径与端口仅用于高级配置。[0m
          [36m</p>[39m
        [36m</div>[39m
      [36m</div>[39m
    [36m</section>[39m
  [36m</div>[39m
[36m</body>[39m
   × V2 same-scan model file observations > retains observations honestly for CANCELLED and reports finite directory outcomes 44ms
     → Unable to find an accessible element with the role "region" and name "本次扫描的文件与索引观察"

Here are the accessible roles:

  banner:

  Name "":
  [36m<header />[39m

  --------------------------------------------------
  heading:

  Name "Local AI · 本地 AI 发现":
  [36m<h2 />[39m

  Name "系统硬件":
  [36m<h3 />[39m

  --------------------------------------------------
  button:

  Name "收起":
  [36m<button[39m
    [33maria-expanded[39m=[32m"true"[39m
    [33mclass[39m=[32m"ui-button ui-button--ghost"[39m
  [36m/>[39m

  Name "重新预览检测范围":
  [36m<button[39m
    [33mclass[39m=[32m"ui-button ui-button--primary"[39m
  [36m/>[39m

  Name "高级：添加本地 Runtime":
  [36m<button[39m
    [33mclass[39m=[32m"ui-button ui-button--secondary"[39m
  [36m/>[39m

  Name "高级：配置扫描目录":
  [36m<button[39m
    [33mclass[39m=[32m"ui-button ui-button--secondary"[39m
  [36m/>[39m

  --------------------------------------------------
  paragraph:

  Name "":
  [36m<p />[39m

  Name "":
  [36m<p[39m
    [33mclass[39m=[32m"local-ai__muted"[39m
  [36m/>[39m

  Name "":
  [36m<p />[39m

  Name "":
  [36m<p />[39m

  --------------------------------------------------
  status:

  Name "":
  [36m<div[39m
    [33mclass[39m=[32m"local-ai__summary"[39m
    [33mrole[39m=[32m"status"[39m
  [36m/>[39m

  Name "":
  [36m<div[39m
    [33mclass[39m=[32m"ui-empty"[39m
    [33mrole[39m=[32m"status"[39m
  [36m/>[39m

  --------------------------------------------------
  region:

  Name "系统硬件":
  [36m<section[39m
    [33maria-label[39m=[32m"系统硬件"[39m
    [33mclass[39m=[32m"local-ai__section"[39m
  [36m/>[39m

  --------------------------------------------------
  term:

  Name "":
  [36m<dt />[39m

  Name "":
  [36m<dt />[39m

  Name "":
  [36m<dt />[39m

  Name "":
  [36m<dt />[39m

  --------------------------------------------------
  definition:

  Name "":
  [36m<dd />[39m

  Name "":
  [36m<dd />[39m

  Name "":
  [36m<dd />[39m

  Name "":
  [36m<dd />[39m

  --------------------------------------------------
  strong:

  Name "":
  [36m<strong />[39m

  --------------------------------------------------

Ignored nodes: comments, script, style
[36m<body>[39m
  [36m<div>[39m
    [36m<section[39m
      [33mclass[39m=[32m"ui-panel local-ai"[39m
    [36m>[39m
      [36m<header>[39m
        [36m<h2>[39m
          [0mLocal AI · 本地 AI 发现[0m
        [36m</h2>[39m
        [36m<button[39m
          [33maria-expanded[39m=[32m"true"[39m
          [33mclass[39m=[32m"ui-button ui-button--ghost"[39m
        [36m>[39m
          [0m收起[0m
        [36m</button>[39m
      [36m</header>[39m
      [36m<div[39m
        [33mclass[39m=[32m"local-ai__body"[39m
      [36m>[39m
        [36m<p>[39m
          [0m先预览后端主机的检测范围，再明确确认。发现 → 验证 → 注册 → 确认启用；不会启动 Runtime 或加载模型。无需填写路径或端口即可查看已有配置。[0m
        [36m</p>[39m
        [36m<p[39m
          [33mclass[39m=[32m"local-ai__muted"[39m
        [36m>[39m
          [0m范围仅限运行后端的主机（BACKEND_HOST），云端结果不代表你的电脑。未配置模型或跳过检测时，仍可手动创作。[0m
        [36m</p>[39m
        [36m<div[39m
          [33mclass[39m=[32m"local-ai__actions"[39m
        [36m>[39m
          [36m<button[39m
            [33mclass[39m=[32m"ui-button ui-button--primary"[39m
          [36m>[39m
            [0m重新预览检测范围[0m
          [36m</button>[39m
          [36m<button[39m
            [33mclass[39m=[32m"ui-button ui-button--secondary"[39m
          [36m>[39m
            [0m高级：添加本地 Runtime[0m
          [36m</button>[39m
          [36m<button[39m
            [33mclass[39m=[32m"ui-button ui-button--secondary"[39m
          [36m>[39m
            [0m高级：配置扫描目录[0m
          [36m</button>[39m
        [36m</div>[39m
        [36m<div[39m
          [33mclass[39m=[32m"local-ai__summary"[39m
          [33mrole[39m=[32m"status"[39m
        [36m>[39m
          [36m<span[39m
            [33mclass[39m=[32m"ui-badge ui-badge--neutral"[39m
          [36m>[39m
            [0mCANCELLED[0m
          [36m</span>[39m
          [36m<span>[39m
            [0m发现 [0m
            [0m0[0m
            [0m 个模型 · 已注册 [0m
            [0m0[0m
            [0m 个 · [0m
            [0m已启用 0 个[0m
            [0m · [0m
            [0m0[0m
            [0m 个 Runtime 可用 · [0m
            [0m0[0m
            [0m 个检测问题[0m
          [36m</span>[39m
          [36m<span>[39m
            [0m扫描已取消，保留已发现结果。[0m
          [36m</span>[39m
        [36m</div>[39m
        [36m<section[39m
          [33maria-label[39m=[32m"系统硬件"[39m
          [33mclass[39m=[32m"local-ai__section"[39m
        [36m>[39m
          [36m<h3>[39m
            [0m系统硬件[0m
          [36m</h3>[39m
          [36m<dl[39m
            [33mclass[39m=[32m"local-ai__facts"[39m
          [36m>[39m
            [36m<div>[39m
              [36m<dt>[39m
                [0m系统 / 架构[0m
              [36m</dt>[39m
              [36m<dd>[39m
                [0m未检测[0m
                [0m / [0m
                [0m未检测[0m
              [36m</dd>[39m
            [36m</div>[39m
            [36m<div>[39m
              [36m<dt>[39m
                [0mCPU[0m
              [36m</dt>[39m
              [36m<dd>[39m
                [0m未检测[0m
              [36m</dd>[39m
            [36m</div>[39m
            [36m<div>[39m
              [36m<dt>[39m
                [0m系统内存[0m
              [36m</dt>[39m
              [36m<dd>[39m
                [0m未检测[0m
              [36m</dd>[39m
            [36m</div>[39m
            [36m<div>[39m
              [36m<dt>[39m
                [0m硬件检测状态[0m
              [36m</dt>[39m
              [36m<dd>[39m
                [0m未检测[0m
              [36m</dd>[39m
            [36m</div>[39m
          [36m</dl>[39m
          [36m<p>[39m
            [0mGPU / 独立显存：未检测[0m
          [36m</p>[39m
        [36m</section>[39m
        [36m<div[39m
          [33mclass[39m=[32m"ui-empty"[39m
          [33mrole[39m=[32m"status"[39m
        [36m>[39m
          [36m<strong>[39m
            [0m尚未发现模型[0m
          [36m</strong>[39m
          [36m<p>[39m
            [0m未配置或未发现可用模型时，可继续手动创作。可先预览已有服务；自定义路径与端口仅用于高级配置。[0m
          [36m</p>[39m
        [36m</div>[39m
      [36m</div>[39m
    [36m</section>[39m
  [36m</div>[39m
[36m</body>[39m
   × V2 same-scan model file observations > distinguishes empty observations from a schema-2 scan that did not return observations or roots 46ms
     → Unable to find an accessible element with the role "region" and name "本次扫描的文件与索引观察"

Here are the accessible roles:

  banner:

  Name "":
  [36m<header />[39m

  --------------------------------------------------
  heading:

  Name "Local AI · 本地 AI 发现":
  [36m<h2 />[39m

  Name "系统硬件":
  [36m<h3 />[39m

  --------------------------------------------------
  button:

  Name "收起":
  [36m<button[39m
    [33maria-expanded[39m=[32m"true"[39m
    [33mclass[39m=[32m"ui-button ui-button--ghost"[39m
  [36m/>[39m

  Name "重新预览检测范围":
  [36m<button[39m
    [33mclass[39m=[32m"ui-button ui-button--primary"[39m
  [36m/>[39m

  Name "高级：添加本地 Runtime":
  [36m<button[39m
    [33mclass[39m=[32m"ui-button ui-button--secondary"[39m
  [36m/>[39m

  Name "高级：配置扫描目录":
  [36m<button[39m
    [33mclass[39m=[32m"ui-button ui-button--secondary"[39m
  [36m/>[39m

  --------------------------------------------------
  paragraph:

  Name "":
  [36m<p />[39m

  Name "":
  [36m<p[39m
    [33mclass[39m=[32m"local-ai__muted"[39m
  [36m/>[39m

  Name "":
  [36m<p />[39m

  Name "":
  [36m<p />[39m

  --------------------------------------------------
  status:

  Name "":
  [36m<div[39m
    [33mclass[39m=[32m"local-ai__summary"[39m
    [33mrole[39m=[32m"status"[39m
  [36m/>[39m

  Name "":
  [36m<div[39m
    [33mclass[39m=[32m"ui-empty"[39m
    [33mrole[39m=[32m"status"[39m
  [36m/>[39m

  --------------------------------------------------
  region:

  Name "系统硬件":
  [36m<section[39m
    [33maria-label[39m=[32m"系统硬件"[39m
    [33mclass[39m=[32m"local-ai__section"[39m
  [36m/>[39m

  --------------------------------------------------
  term:

  Name "":
  [36m<dt />[39m

  Name "":
  [36m<dt />[39m

  Name "":
  [36m<dt />[39m

  Name "":
  [36m<dt />[39m

  --------------------------------------------------
  definition:

  Name "":
  [36m<dd />[39m

  Name "":
  [36m<dd />[39m

  Name "":
  [36m<dd />[39m

  Name "":
  [36m<dd />[39m

  --------------------------------------------------
  strong:

  Name "":
  [36m<strong />[39m

  --------------------------------------------------

Ignored nodes: comments, script, style
[36m<body>[39m
  [36m<div>[39m
    [36m<section[39m
      [33mclass[39m=[32m"ui-panel local-ai"[39m
    [36m>[39m
      [36m<header>[39m
        [36m<h2>[39m
          [0mLocal AI · 本地 AI 发现[0m
        [36m</h2>[39m
        [36m<button[39m
          [33maria-expanded[39m=[32m"true"[39m
          [33mclass[39m=[32m"ui-button ui-button--ghost"[39m
        [36m>[39m
          [0m收起[0m
        [36m</button>[39m
      [36m</header>[39m
      [36m<div[39m
        [33mclass[39m=[32m"local-ai__body"[39m
      [36m>[39m
        [36m<p>[39m
          [0m先预览后端主机的检测范围，再明确确认。发现 → 验证 → 注册 → 确认启用；不会启动 Runtime 或加载模型。无需填写路径或端口即可查看已有配置。[0m
        [36m</p>[39m
        [36m<p[39m
          [33mclass[39m=[32m"local-ai__muted"[39m
        [36m>[39m
          [0m范围仅限运行后端的主机（BACKEND_HOST），云端结果不代表你的电脑。未配置模型或跳过检测时，仍可手动创作。[0m
        [36m</p>[39m
        [36m<div[39m
          [33mclass[39m=[32m"local-ai__actions"[39m
        [36m>[39m
          [36m<button[39m
            [33mclass[39m=[32m"ui-button ui-button--primary"[39m
          [36m>[39m
            [0m重新预览检测范围[0m
          [36m</button>[39m
          [36m<button[39m
            [33mclass[39m=[32m"ui-button ui-button--secondary"[39m
          [36m>[39m
            [0m高级：添加本地 Runtime[0m
          [36m</button>[39m
          [36m<button[39m
            [33mclass[39m=[32m"ui-button ui-button--secondary"[39m
          [36m>[39m
            [0m高级：配置扫描目录[0m
          [36m</button>[39m
        [36m</div>[39m
        [36m<div[39m
          [33mclass[39m=[32m"local-ai__summary"[39m
          [33mrole[39m=[32m"status"[39m
        [36m>[39m
          [36m<span[39m
            [33mclass[39m=[32m"ui-badge ui-badge--success"[39m
          [36m>[39m
            [0mCOMPLETED[0m
          [36m</span>[39m
          [36m<span>[39m
            [0m发现 [0m
            [0m0[0m
            [0m 个模型 · 已注册 [0m
            [0m0[0m
            [0m 个 · [0m
            [0m已启用 0 个[0m
            [0m · [0m
            [0m0[0m
            [0m 个 Runtime 可用 · [0m
            [0m0[0m
            [0m 个检测问题[0m
          [36m</span>[39m
        [36m</div>[39m
        [36m<section[39m
          [33maria-label[39m=[32m"系统硬件"[39m
          [33mclass[39m=[32m"local-ai__section"[39m
        [36m>[39m
          [36m<h3>[39m
            [0m系统硬件[0m
          [36m</h3>[39m
          [36m<dl[39m
            [33mclass[39m=[32m"local-ai__facts"[39m
          [36m>[39m
            [36m<div>[39m
              [36m<dt>[39m
                [0m系统 / 架构[0m
              [36m</dt>[39m
              [36m<dd>[39m
                [0m未检测[0m
                [0m / [0m
                [0m未检测[0m
              [36m</dd>[39m
            [36m</div>[39m
            [36m<div>[39m
              [36m<dt>[39m
                [0mCPU[0m
              [36m</dt>[39m
              [36m<dd>[39m
                [0m未检测[0m
              [36m</dd>[39m
            [36m</div>[39m
            [36m<div>[39m
              [36m<dt>[39m
                [0m系统内存[0m
              [36m</dt>[39m
              [36m<dd>[39m
                [0m未检测[0m
              [36m</dd>[39m
            [36m</div>[39m
            [36m<div>[39m
              [36m<dt>[39m
                [0m硬件检测状态[0m
              [36m</dt>[39m
              [36m<dd>[39m
                [0m未检测[0m
              [36m</dd>[39m
            [36m</div>[39m
          [36m</dl>[39m
          [36m<p>[39m
            [0mGPU / 独立显存：未检测[0m
          [36m</p>[39m
        [36m</section>[39m
        [36m<div[39m
          [33mclass[39m=[32m"ui-empty"[39m
          [33mrole[39m=[32m"status"[39m
        [36m>[39m
          [36m<strong>[39m
            [0m尚未发现模型[0m
          [36m</strong>[39m
          [36m<p>[39m
            [0m未配置或未发现可用模型时，可继续手动创作。可先预览已有服务；自定义路径与端口仅用于高级配置。[0m
          [36m</p>[39m
        [36m</div>[39m
      [36m</div>[39m
    [36m</section>[39m
  [36m</div>[39m
[36m</body>[39m
   × V2 same-scan model file observations > marks registration status pending after an uncertain write and replaces observations on explicit recovery 78ms
     → Unable to find an accessible element with the role "region" and name "本次扫描的文件与索引观察"

Here are the accessible roles:

  banner:

  Name "":
  [36m<header />[39m

  Name "":
  [36m<header />[39m

  --------------------------------------------------
  heading:

  Name "Local AI · 本地 AI 发现":
  [36m<h2 />[39m

  Name "系统硬件":
  [36m<h3 />[39m

  Name "Text 文本（1）":
  [36m<h3 />[39m

  --------------------------------------------------
  button:

  Name "收起":
  [36m<button[39m
    [33maria-expanded[39m=[32m"true"[39m
    [33mclass[39m=[32m"ui-button ui-button--ghost"[39m
  [36m/>[39m

  Name "重新预览检测范围":
  [36m<button[39m
    [33mclass[39m=[32m"ui-button ui-button--primary"[39m
    [33mdisabled[39m=[32m""[39m
  [36m/>[39m

  Name "高级：添加本地 Runtime":
  [36m<button[39m
    [33mclass[39m=[32m"ui-button ui-button--secondary"[39m
    [33mdisabled[39m=[32m""[39m
  [36m/>[39m

  Name "高级：配置扫描目录":
  [36m<button[39m
    [33mclass[39m=[32m"ui-button ui-button--secondary"[39m
    [33mdisabled[39m=[32m""[39m
  [36m/>[39m

  Name "重新读取状态":
  [36m<button[39m
    [33mclass[39m=[32m"ui-button ui-button--secondary"[39m
  [36m/>[39m

  Name "验证":
  [36m<button[39m
    [33mclass[39m=[32m"ui-button ui-button--secondary"[39m
    [33mdisabled[39m=[32m""[39m
  [36m/>[39m

  Name "停用":
  [36m<button[39m
    [33mclass[39m=[32m"ui-button ui-button--secondary"[39m
    [33mdisabled[39m=[32m""[39m
  [36m/>[39m

  Name "配置接入条件":
  [36m<button[39m
    [33mclass[39m=[32m"ui-button ui-button--secondary"[39m
    [33mdisabled[39m=[32m""[39m
  [36m/>[39m

  Name "移除注册":
  [36m<button[39m
    [33mclass[39m=[32m"ui-button ui-button--ghost"[39m
    [33mdisabled[39m=[32m""[39m
  [36m/>[39m

  --------------------------------------------------
  paragraph:

  Name "":
  [36m<p />[39m

  Name "":
  [36m<p[39m
    [33mclass[39m=[32m"local-ai__muted"[39m
  [36m/>[39m

  Name "":
  [36m<p />[39m

  --------------------------------------------------
  alert:

  Name "":
  [36m<div[39m
    [33mclass[39m=[32m"ui-status-message ui-status-message--error"[39m
    [33mrole[39m=[32m"alert"[39m
  [36m/>[39m

  --------------------------------------------------
  status:

  Name "":
  [36m<div[39m
    [33mclass[39m=[32m"ui-status-message ui-status-message--warning"[39m
    [33mrole[39m=[32m"status"[39m
  [36m/>[39m

  Name "":
  [36m<div[39m
    [33mclass[39m=[32m"local-ai__summary"[39m
    [33mrole[39m=[32m"status"[39m
  [36m/>[39m

  --------------------------------------------------
  region:

  Name "系统硬件":
  [36m<section[39m
    [33maria-label[39m=[32m"系统硬件"[39m
    [33mclass[39m=[32m"local-ai__section"[39m
  [36m/>[39m

  Name "Text 文本":
  [36m<section[39m
    [33maria-label[39m=[32m"Text 文本"[39m
    [33mclass[39m=[32m"local-ai__section"[39m
  [36m/>[39m

  --------------------------------------------------
  term:

  Name "":
  [36m<dt />[39m

  Name "":
  [36m<dt />[39m

  Name "":
  [36m<dt />[39m

  Name "":
  [36m<dt />[39m

  Name "":
  [36m<dt />[39m

  Name "":
  [36m<dt />[39m

  Name "":
  [36m<dt />[39m

  Name "":
  [36m<dt />[39m

  Name "":
  [36m<dt />[39m

  Name "":
  [36m<dt />[39m

  Name "":
  [36m<dt />[39m

  Name "":
  [36m<dt />[39m

  Name "":
  [36m<dt />[39m

  --------------------------------------------------
  definition:

  Name "":
  [36m<dd />[39m

  Name "":
  [36m<dd />[39m

  Name "":
  [36m<dd />[39m

  Name "":
  [36m<dd />[39m

  Name "":
  [36m<dd />[39m

  Name "":
  [36m<dd />[39m

  Name "":
  [36m<dd />[39m

  Name "":
  [36m<dd />[39m

  Name "":
  [36m<dd />[39m

  Name "":
  [36m<dd />[39m

  Name "":
  [36m<dd />[39m

  Name "":
  [36m<dd />[39m

  Name "":
  [36m<dd />[39m

  --------------------------------------------------
  article:

  Name "same-model 本地模型":
  [36m<article[39m
    [33maria-label[39m=[32m"same-model 本地模型"[39m
  [36m/>[39m

  --------------------------------------------------
  strong:

  Name "":
  [36m<strong />[39m

  --------------------------------------------------
  group:

  Name "":
  [36m<details />[39m

  --------------------------------------------------

Ignored nodes: comments, script, style
[36m<body>[39m
  [36m<div>[39m
    [36m<section[39m
      [33mclass[39m=[32m"ui-panel local-ai"[39m
    [36m>[39m
      [36m<header>[39m
        [36m<h2>[39m
          [0mLocal AI · 本地 AI 发现[0m
        [36m</h2>[39m
        [36m<button[39m
          [33maria-expanded[39m=[32m"true"[39m
          [33mclass[39m=[32m"ui-button ui-button--ghost"[39m
        [36m>[39m
          [0m收起[0m
        [36m</button>[39m
      [36m</header>[39m
      [36m<div[39m
        [33mclass[39m=[32m"local-ai__body"[39m
      [36m>[39m
        [36m<p>[39m
          [0m先预览后端主机的检测范围，再明确确认。发现 → 验证 → 注册 → 确认启用；不会启动 Runtime 或加载模型。无需填写路径或端口即可查看已有配置。[0m
        [36m</p>[39m
        [36m<p[39m
          [33mclass[39m=[32m"local-ai__muted"[39m
        [36m>[39m
          [0m范围仅限运行后端的主机（BACKEND_HOST），云端结果不代表你的电脑。未配置模型或跳过检测时，仍可手动创作。[0m
        [36m</p>[39m
        [36m<div[39m
          [33mclass[39m=[32m"ui-status-message ui-status-message--error"[39m
          [33mrole[39m=[32m"alert"[39m
        [36m>[39m
          [0m本地 AI 操作未完成（MODEL_CHANGED）。已有结果已保留，请重试。 状态重新读取失败，请重新读取后再操作。[0m
        [36m</div>[39m
        [36m<div[39m
          [33mclass[39m=[32m"ui-status-message ui-status-message--warning"[39m
          [33mrole[39m=[32m"status"[39m
        [36m>[39m
          [0m当前启用状态尚未确认；重新读取成功前，所有接入变更已暂时禁用。[0m
        [36m</div>[39m
        [36m<div[39m
          [33mclass[39m=[32m"local-ai__actions"[39m
        [36m>[39m
          [36m<button[39m
            [33mclass[39m=[32m"ui-button ui-button--primary"[39m
            [33mdisabled[39m=[32m""[39m
          [36m>[39m
            [0m重新预览检测范围[0m
          [36m</button>[39m
          [36m<button[39m
            [33mclass[39m=[32m"ui-button ui-button--secondary"[39m
            [33mdisabled[39m=[32m""[39m
          [36m>[39m
            [0m高级：添加本地 Runtime[0m
          [36m</button>[39m
          [36m<button[39m
            [33mclass[39m=[32m"ui-button ui-button--secondary"[39m
            [33mdisabled[39m=[32m""[39m
          [36m>[39m
            [0m高级：配置扫描目录[0m
          [36m</button>[39m
          [36m<button[39m
            [33mclass[39m=[32m"ui-button ui-button--secondary"[39m
          [36m>[39m
            [0m重新读取状态[0m
          [36m</button>[39m
        [36m</div>[39m
        [36m<div[39m
          [33mclass[39m=[32m"local-ai__summary"[39m
          [33mrole[39m=[32m"status"[39m
        [36m>[39m
          [36m<span[39m
            [33mclass[39m=[32m"ui-badge ui-badge--success"[39m
          [36m>[39m
            [0mCOMPLETED[0m
          [36m</span>[39m
          [36m<span>[39m
            [0m发现 [0m
            [0m1[0m
            [0m 个模型 · 已注册 [0m
            [0m1[0m
            [0m 个 · [0m
            [0m启用状态待确认[0m
            [0m · [0m
            [0m0[0m
            [0m 个 Runtime 可用 · [0m
            [0m0[0m
            [0m 个检测问题[0m
          [36m</span>[39m
        [36m</div>[39m
        [36m<section[39m
          [33maria-label[39m=[32m"系统硬件"[39m
          [33mclass[39m=[32m"local-ai__section"[39m
        [36m>[39m
          [36m<h3>[39m
            [0m系统硬件[0m
          [36m</h3>[39m
          [36m<dl[39m
            [33mclass[39m=[32m"local-ai__facts"[39m
          [36m>[39m
            [36m<div>[39m
              [36m<dt>[39m
                [0m系统 / 架构[0m
              [36m</dt>[39m
              [36m<dd>[39m
                [0m未检测[0m
                [0m / [0m
                [0m未检测[0m
              [36m</dd>[39m
            [36m</div>[39m
            [36m<div>[39m
              [36m<dt>[39m
                [0mCPU[0m
              [36m</dt>[39m
              [36m<dd>[39m
                [0m未检测[0m
              [36m</dd>[39m
            [36m</div>[39m
            [36m<div>[39m
              [36m<dt>[39m
                [0m系统内存[0m
              [36m</dt>[39m
              [36m<dd>[39m
                [0m未检测[0m
              [36m</dd>[39m
            [36m</div>[39m
            [36m<div>[39m
              [36m<dt>[39m
                [0m硬件检测状态[0m
              [36m</dt>[39m
              [36m<dd>[39m
                [0m未检测[0m
              [36m</dd>[39m
            [36m</div>[39m
          [36m</dl>[39m
          [36m<p>[39m
            [0mGPU / 独立显存：未检测[0m
          [36m</p>[39m
        [36m</section>[39m
        [36m<section[39m
          [33maria-label[39m=[32m"Text 文本"[39m
          [33mclass[39m=[32m"local-ai__section"[39m
        [36m>[39m
          [36m<h3>[39m
            [0mText 文本[0m
            [0m（[0m
            [0m1[0m
            [0m）[0m
          [36m</h3>[39m
          [36m<div[39m
            [33mclass[39m=[32m"local-ai__list"[39m
          [36m>[39m
            [36m<article[39m
              [33maria-label[39m=[32m"same-model 本地模型"[39m
            [36m>[39m
              [36m<header>[39m
                [36m<strong>[39m
                  [0msame-model[0m
                [36m</strong>[39m
                [36m<span[39m
                  [33mclass[39m=[32m"ui-badge ui-badge--warning"[39m
                [36m>[39m
                  [0mNOT_VERIFIED[0m
                [36m</span>[39m
              [36m</header>[39m
              [36m<div[39m
                [33mclass[39m=[32m"local-ai__actions"[39m
              [36m>[39m
                [36m<span[39m
                  [33mclass[39m=[32m"ui-badge ui-badge--neutral"[39m
                [36m>[39m
                  [0m本地候选[0m
                [36m</span>[39m
                [36m<span[39m
                  [33mclass[39m=[32m"ui-badge ui-badge--warning"[39m
                [36m>[39m
                  [0m接入状态待确认[0m
                [36m</span>[39m
                [36m<span[39m
                  [33mclass[39m=[32m"ui-badge ui-badge--warning"[39m
                [36m>[39m
                  [0m尚未实际生成验证[0m
                [36m</span>[39m
              [36m</div>[39m
              [36m<dl[39m
                [33mclass[39m=[32m"local-ai__facts"[39m
              [36m>[39m
                [36m<div>[39m
                  [36m<dt>[39m
                    [0mRuntime / 来源[0m
                  [36m</dt>[39m
                  [36m<dd>[39m
                    [0mLLAMA_CPP[0m
                    [0m · [0m
                    [0mruntime-a[0m
                    [0m · [0m
                    [0mGGUF[0m
                  [36m</dd>[39m
                [36m</div>[39m
                [36m<div>[39m
                  [36m<dt>[39m
                    [0m模型族 / 模型 ID[0m
                  [36m</dt>[39m
                  [36m<dd>[39m
                    [0mQWEN[0m
                    [0m · [0m
                    [0msame-model[0m
                  [36m</dd>[39m
                [36m</div>[39m
                [36m<div>[39m
                  [36m<dt>[39m
                    [0m声明能力[0m
                  [36m</dt>[39m
                  [36m<dd>[39m
                    [0mTEXT[0m
                  [36m</dd>[39m
                [36m</div>[39m
                [36m<div>[39m
                  [36m<dt>[39m
                    [0m已验证能力[0m
                  [36m</dt>[39m
                  [36m<dd>[39m
                    [0mCAPABILITY_UNVERIFIED[0m
                  [36m</dd>[39m
                [36m</div>[39m
                [36m<div>[39m
                  [36m<dt>[39m
                    [0m只读接入验证[0m
                  [36m</dt>[39m
                  [36m<dd>[39m
                    [0m尚未验证 / 需重新验证[0m
                  [36m</dd>[39m
                [36m</div>[39m
                [36m<div>[39m
                  [36m<dt>[39m
                    [0m兼容性[0m
                  [36m</dt>[39m
                  [36m<dd>[39m
                    [0mNot Verified · 未验证[0m
                  [36m</dd>[39m
                [36m</div>[39m
                [36m<div>[39m
                  [36m<dt>[39m
                    [0m模型路径 / 文件 / 来源[0m
                  [36m</dt>[39m
                  [36m<dd>[39m
                    [36m<details>[39m
                      [36m<summary>[39m
                        [0m高级：查看模型来源详情[0m
                      [36m</summary>[39m
                      [0msame-model.gguf[0m
                    [36m</details>[39m
                  [36m</dd>[39m
                [36m</div>[39m
              [36m</dl>[39m
              [36m<dl[39m
                [33maria-label[39m=[32m"验证依据"[39m
                [33mclass[39m=[32m"local-ai__facts"[39m
              [36m>[39m
                [36m<div>[39m
                  [36m<dt>[39m
                    [0m模型文件[0m
                  [36m</dt>[39m
                  [36m<dd>[39m
                    [0m存在性未独立验证[0m
                  [36m</dd>[39m
                [36m</div>[39m
                [36m<div>[39m
                  [36m<dt>[39m
                    [0m实际生成验证[0m
                  [36m</dt>[39m
                  [36m<dd>[39m
                    [0mNOT_RUN · 尚未运行生成测试[0m
                  [36m</dd>[39m
                [36m</div>[39m
              [36m</dl>[39m
              [36m<div[39m
                [33mclass[39m=[32m"local-ai__actions"[39m
              [36m>[39m
                [36m<button[39m
                  [33mclass[39m=[32m"ui-button ui-button--secondary"[39m
                  [33mdisabled[39m=[32m""[39m
                [36m>[39m
                  [0m验证[0m
                [36m</button>[39m
                [36m<button[39m
                  [33mclass[39m=[32m"ui-button ui-button--secondary"[39m
                  [33mdisabled[39m=[32m""[39m
                [36m>[39m
                  [0m停用[0m
                [36m</button>[39m
                [36m<button[39m
                  [33mclass[39m=[32m"ui-button ui-button--secondary"[39m
                  [33mdisabled[39m=[32m""[39m
                [36m>[39m
                  [0m配置接入条件[0m
                [36m</button>[39m
                [36m<button[39m
                  [33mclass[39m=[32m"ui-button ui-button--ghost"[39m
                  [33mdisabled[39m=[32m""[39m
                [36m>[39m
                  [0m移除注册[0m
                [36m</button>[39m
              [36m</div>[39m
            [36m</article>[39m
          [36m</div>[39m
        [36m</section>[39m
      [36m</div>[39m
    [36m</section>[39m
  [36m</div>[39m
[36m</body>[39m
   × V2 same-scan model file observations > reopens from the latest snapshot without retaining observations from the previous mount 28ms
     → Unable to find an accessible element with the role "region" and name "本次扫描的文件与索引观察"

Here are the accessible roles:

  banner:

  Name "":
  [36m<header />[39m

  --------------------------------------------------
  heading:

  Name "Local AI · 本地 AI 发现":
  [36m<h2 />[39m

  Name "系统硬件":
  [36m<h3 />[39m

  --------------------------------------------------
  button:

  Name "收起":
  [36m<button[39m
    [33maria-expanded[39m=[32m"true"[39m
    [33mclass[39m=[32m"ui-button ui-button--ghost"[39m
  [36m/>[39m

  Name "重新预览检测范围":
  [36m<button[39m
    [33mclass[39m=[32m"ui-button ui-button--primary"[39m
  [36m/>[39m

  Name "高级：添加本地 Runtime":
  [36m<button[39m
    [33mclass[39m=[32m"ui-button ui-button--secondary"[39m
  [36m/>[39m

  Name "高级：配置扫描目录":
  [36m<button[39m
    [33mclass[39m=[32m"ui-button ui-button--secondary"[39m
  [36m/>[39m

  --------------------------------------------------
  paragraph:

  Name "":
  [36m<p />[39m

  Name "":
  [36m<p[39m
    [33mclass[39m=[32m"local-ai__muted"[39m
  [36m/>[39m

  Name "":
  [36m<p />[39m

  Name "":
  [36m<p />[39m

  --------------------------------------------------
  status:

  Name "":
  [36m<div[39m
    [33mclass[39m=[32m"local-ai__summary"[39m
    [33mrole[39m=[32m"status"[39m
  [36m/>[39m

  Name "":
  [36m<div[39m
    [33mclass[39m=[32m"ui-empty"[39m
    [33mrole[39m=[32m"status"[39m
  [36m/>[39m

  --------------------------------------------------
  region:

  Name "系统硬件":
  [36m<section[39m
    [33maria-label[39m=[32m"系统硬件"[39m
    [33mclass[39m=[32m"local-ai__section"[39m
  [36m/>[39m

  --------------------------------------------------
  term:

  Name "":
  [36m<dt />[39m

  Name "":
  [36m<dt />[39m

  Name "":
  [36m<dt />[39m

  Name "":
  [36m<dt />[39m

  --------------------------------------------------
  definition:

  Name "":
  [36m<dd />[39m

  Name "":
  [36m<dd />[39m

  Name "":
  [36m<dd />[39m

  Name "":
  [36m<dd />[39m

  --------------------------------------------------
  strong:

  Name "":
  [36m<strong />[39m

  --------------------------------------------------

Ignored nodes: comments, script, style
[36m<body>[39m
  [36m<div>[39m
    [36m<section[39m
      [33mclass[39m=[32m"ui-panel local-ai"[39m
    [36m>[39m
      [36m<header>[39m
        [36m<h2>[39m
          [0mLocal AI · 本地 AI 发现[0m
        [36m</h2>[39m
        [36m<button[39m
          [33maria-expanded[39m=[32m"true"[39m
          [33mclass[39m=[32m"ui-button ui-button--ghost"[39m
        [36m>[39m
          [0m收起[0m
        [36m</button>[39m
      [36m</header>[39m
      [36m<div[39m
        [33mclass[39m=[32m"local-ai__body"[39m
      [36m>[39m
        [36m<p>[39m
          [0m先预览后端主机的检测范围，再明确确认。发现 → 验证 → 注册 → 确认启用；不会启动 Runtime 或加载模型。无需填写路径或端口即可查看已有配置。[0m
        [36m</p>[39m
        [36m<p[39m
          [33mclass[39m=[32m"local-ai__muted"[39m
        [36m>[39m
          [0m范围仅限运行后端的主机（BACKEND_HOST），云端结果不代表你的电脑。未配置模型或跳过检测时，仍可手动创作。[0m
        [36m</p>[39m
        [36m<div[39m
          [33mclass[39m=[32m"local-ai__actions"[39m
        [36m>[39m
          [36m<button[39m
            [33mclass[39m=[32m"ui-button ui-button--primary"[39m
          [36m>[39m
            [0m重新预览检测范围[0m
          [36m</button>[39m
          [36m<button[39m
            [33mclass[39m=[32m"ui-button ui-button--secondary"[39m
          [36m>[39m
            [0m高级：添加本地 Runtime[0m
          [36m</button>[39m
          [36m<button[39m
            [33mclass[39m=[32m"ui-button ui-button--secondary"[39m
          [36m>[39m
            [0m高级：配置扫描目录[0m
          [36m</button>[39m
        [36m</div>[39m
        [36m<div[39m
          [33mclass[39m=[32m"local-ai__summary"[39m
          [33mrole[39m=[32m"status"[39m
        [36m>[39m
          [36m<span[39m
            [33mclass[39m=[32m"ui-badge ui-badge--success"[39m
          [36m>[39m
            [0mCOMPLETED[0m
          [36m</span>[39m
          [36m<span>[39m
            [0m发现 [0m
            [0m0[0m
            [0m 个模型 · 已注册 [0m
            [0m0[0m
            [0m 个 · [0m
            [0m已启用 0 个[0m
            [0m · [0m
            [0m0[0m
            [0m 个 Runtime 可用 · [0m
            [0m0[0m
            [0m 个检测问题[0m
          [36m</span>[39m
        [36m</div>[39m
        [36m<section[39m
          [33maria-label[39m=[32m"系统硬件"[39m
          [33mclass[39m=[32m"local-ai__section"[39m
        [36m>[39m
          [36m<h3>[39m
            [0m系统硬件[0m
          [36m</h3>[39m
          [36m<dl[39m
            [33mclass[39m=[32m"local-ai__facts"[39m
          [36m>[39m
            [36m<div>[39m
              [36m<dt>[39m
                [0m系统 / 架构[0m
              [36m</dt>[39m
              [36m<dd>[39m
                [0m未检测[0m
                [0m / [0m
                [0m未检测[0m
              [36m</dd>[39m
            [36m</div>[39m
            [36m<div>[39m
              [36m<dt>[39m
                [0mCPU[0m
              [36m</dt>[39m
              [36m<dd>[39m
                [0m未检测[0m
              [36m</dd>[39m
            [36m</div>[39m
            [36m<div>[39m
              [36m<dt>[39m
                [0m系统内存[0m
              [36m</dt>[39m
              [36m<dd>[39m
                [0m未检测[0m
              [36m</dd>[39m
            [36m</div>[39m
            [36m<div>[39m
              [36m<dt>[39m
                [0m硬件检测状态[0m
              [36m</dt>[39m
              [36m<dd>[39m
                [0m未检测[0m
              [36m</dd>[39m
            [36m</div>[39m
          [36m</dl>[39m
          [36m<p>[39m
            [0mGPU / 独立显存：未检测[0m
          [36m</p>[39m
        [36m</section>[39m
        [36m<div[39m
          [33mclass[39m=[32m"ui-empty"[39m
          [33mrole[39m=[32m"status"[39m
        [36m>[39m
          [36m<strong>[39m
            [0m尚未发现模型[0m
          [36m</strong>[39m
          [36m<p>[39m
            [0m未配置或未发现可用模型时，可继续手动创作。可先预览已有服务；自定义路径与端口仅用于高级配置。[0m
          [36m</p>[39m
        [36m</div>[39m
      [36m</div>[39m
    [36m</section>[39m
  [36m</div>[39m
[36m</body>[39m
   × V2 same-scan model file observations > uses current poll observations rather than an older terminal snapshot returned for hardware refresh 25ms
     → Unable to find an accessible element with the role "region" and name "本次扫描的文件与索引观察"

Here are the accessible roles:

  banner:

  Name "":
  [36m<header />[39m

  --------------------------------------------------
  heading:

  Name "Local AI · 本地 AI 发现":
  [36m<h2 />[39m

  Name "系统硬件":
  [36m<h3 />[39m

  --------------------------------------------------
  button:

  Name "收起":
  [36m<button[39m
    [33maria-expanded[39m=[32m"true"[39m
    [33mclass[39m=[32m"ui-button ui-button--ghost"[39m
  [36m/>[39m

  Name "重新预览检测范围":
  [36m<button[39m
    [33mclass[39m=[32m"ui-button ui-button--primary"[39m
  [36m/>[39m

  Name "高级：添加本地 Runtime":
  [36m<button[39m
    [33mclass[39m=[32m"ui-button ui-button--secondary"[39m
  [36m/>[39m

  Name "高级：配置扫描目录":
  [36m<button[39m
    [33mclass[39m=[32m"ui-button ui-button--secondary"[39m
  [36m/>[39m

  --------------------------------------------------
  paragraph:

  Name "":
  [36m<p />[39m

  Name "":
  [36m<p[39m
    [33mclass[39m=[32m"local-ai__muted"[39m
  [36m/>[39m

  Name "":
  [36m<p />[39m

  Name "":
  [36m<p />[39m

  --------------------------------------------------
  status:

  Name "":
  [36m<div[39m
    [33mclass[39m=[32m"local-ai__summary"[39m
    [33mrole[39m=[32m"status"[39m
  [36m/>[39m

  Name "":
  [36m<div[39m
    [33mclass[39m=[32m"ui-empty"[39m
    [33mrole[39m=[32m"status"[39m
  [36m/>[39m

  --------------------------------------------------
  region:

  Name "系统硬件":
  [36m<section[39m
    [33maria-label[39m=[32m"系统硬件"[39m
    [33mclass[39m=[32m"local-ai__section"[39m
  [36m/>[39m

  --------------------------------------------------
  term:

  Name "":
  [36m<dt />[39m

  Name "":
  [36m<dt />[39m

  Name "":
  [36m<dt />[39m

  Name "":
  [36m<dt />[39m

  --------------------------------------------------
  definition:

  Name "":
  [36m<dd />[39m

  Name "":
  [36m<dd />[39m

  Name "":
  [36m<dd />[39m

  Name "":
  [36m<dd />[39m

  --------------------------------------------------
  strong:

  Name "":
  [36m<strong />[39m

  --------------------------------------------------

Ignored nodes: comments, script, style
[36m<body>[39m
  [36m<div>[39m
    [36m<section[39m
      [33mclass[39m=[32m"ui-panel local-ai"[39m
    [36m>[39m
      [36m<header>[39m
        [36m<h2>[39m
          [0mLocal AI · 本地 AI 发现[0m
        [36m</h2>[39m
        [36m<button[39m
          [33maria-expanded[39m=[32m"true"[39m
          [33mclass[39m=[32m"ui-button ui-button--ghost"[39m
        [36m>[39m
          [0m收起[0m
        [36m</button>[39m
      [36m</header>[39m
      [36m<div[39m
        [33mclass[39m=[32m"local-ai__body"[39m
      [36m>[39m
        [36m<p>[39m
          [0m先预览后端主机的检测范围，再明确确认。发现 → 验证 → 注册 → 确认启用；不会启动 Runtime 或加载模型。无需填写路径或端口即可查看已有配置。[0m
        [36m</p>[39m
        [36m<p[39m
          [33mclass[39m=[32m"local-ai__muted"[39m
        [36m>[39m
          [0m范围仅限运行后端的主机（BACKEND_HOST），云端结果不代表你的电脑。未配置模型或跳过检测时，仍可手动创作。[0m
        [36m</p>[39m
        [36m<div[39m
          [33mclass[39m=[32m"local-ai__actions"[39m
        [36m>[39m
          [36m<button[39m
            [33mclass[39m=[32m"ui-button ui-button--primary"[39m
          [36m>[39m
            [0m重新预览检测范围[0m
          [36m</button>[39m
          [36m<button[39m
            [33mclass[39m=[32m"ui-button ui-button--secondary"[39m
          [36m>[39m
            [0m高级：添加本地 Runtime[0m
          [36m</button>[39m
          [36m<button[39m
            [33mclass[39m=[32m"ui-button ui-button--secondary"[39m
          [36m>[39m
            [0m高级：配置扫描目录[0m
          [36m</button>[39m
        [36m</div>[39m
        [36m<div[39m
          [33mclass[39m=[32m"local-ai__summary"[39m
          [33mrole[39m=[32m"status"[39m
        [36m>[39m
          [36m<span[39m
            [33mclass[39m=[32m"ui-badge ui-badge--success"[39m
          [36m>[39m
            [0mCOMPLETED[0m
          [36m</span>[39m
          [36m<span>[39m
            [0m发现 [0m
            [0m0[0m
            [0m 个模型 · 已注册 [0m
            [0m0[0m
            [0m 个 · [0m
            [0m已启用 0 个[0m
            [0m · [0m
            [0m0[0m
            [0m 个 Runtime 可用 · [0m
            [0m0[0m
            [0m 个检测问题[0m
          [36m</span>[39m
        [36m</div>[39m
        [36m<section[39m
          [33maria-label[39m=[32m"系统硬件"[39m
          [33mclass[39m=[32m"local-ai__section"[39m
        [36m>[39m
          [36m<h3>[39m
            [0m系统硬件[0m
          [36m</h3>[39m
          [36m<dl[39m
            [33mclass[39m=[32m"local-ai__facts"[39m
          [36m>[39m
            [36m<div>[39m
              [36m<dt>[39m
                [0m系统 / 架构[0m
              [36m</dt>[39m
              [36m<dd>[39m
                [0m未检测[0m
                [0m / [0m
                [0m未检测[0m
              [36m</dd>[39m
            [36m</div>[39m
            [36m<div>[39m
              [36m<dt>[39m
                [0mCPU[0m
              [36m</dt>[39m
              [36m<dd>[39m
                [0m未检测[0m
              [36m</dd>[39m
            [36m</div>[39m
            [36m<div>[39m
              [36m<dt>[39m
                [0m系统内存[0m
              [36m</dt>[39m
              [36m<dd>[39m
                [0m未检测[0m
              [36m</dd>[39m
            [36m</div>[39m
            [36m<div>[39m
              [36m<dt>[39m
                [0m硬件检测状态[0m
              [36m</dt>[39m
              [36m<dd>[39m
                [0m未检测[0m
              [36m</dd>[39m
            [36m</div>[39m
          [36m</dl>[39m
          [36m<p>[39m
            [0mGPU / 独立显存：未检测[0m
          [36m</p>[39m
        [36m</section>[39m
        [36m<div[39m
          [33mclass[39m=[32m"ui-empty"[39m
          [33mrole[39m=[32m"status"[39m
        [36m>[39m
          [36m<strong>[39m
            [0m尚未发现模型[0m
          [36m</strong>[39m
          [36m<p>[39m
            [0m未配置或未发现可用模型时，可继续手动创作。可先预览已有服务；自定义路径与端口仅用于高级配置。[0m
          [36m</p>[39m
        [36m</div>[39m
      [36m</div>[39m
    [36m</section>[39m
  [36m</div>[39m
[36m</body>[39m

 Test Files  1 failed (1)
      Tests  12 failed | 5 passed (17)
   Start at  08:57:57
   Duration  1.95s (transform 212ms, setup 0ms, collect 364ms, tests 1.03s, environment 331ms, prepare 61ms)

⎯⎯⎯⎯⎯⎯ Failed Tests 12 ⎯⎯⎯⎯⎯⎯⎯

 FAIL  src/ui/LocalAiModelFiles.test.tsx > V2 same-scan model file observations > shows Safetensors without claiming no models or runtime absence, and reads no additional endpoint
TestingLibraryElementError: Unable to find an accessible element with the role "region" and name "本次扫描的文件与索引观察"

Here are the accessible roles:

  banner:

  Name "":
  [36m<header />[39m

  --------------------------------------------------
  heading:

  Name "Local AI · 本地 AI 发现":
  [36m<h2 />[39m

  Name "系统硬件":
  [36m<h3 />[39m

  --------------------------------------------------
  button:

  Name "收起":
  [36m<button[39m
    [33maria-expanded[39m=[32m"true"[39m
    [33mclass[39m=[32m"ui-button ui-button--ghost"[39m
  [36m/>[39m

  Name "重新预览检测范围":
  [36m<button[39m
    [33mclass[39m=[32m"ui-button ui-button--primary"[39m
  [36m/>[39m

  Name "高级：添加本地 Runtime":
  [36m<button[39m
    [33mclass[39m=[32m"ui-button ui-button--secondary"[39m
  [36m/>[39m

  Name "高级：配置扫描目录":
  [36m<button[39m
    [33mclass[39m=[32m"ui-button ui-button--secondary"[39m
  [36m/>[39m

  --------------------------------------------------
  paragraph:

  Name "":
  [36m<p />[39m

  Name "":
  [36m<p[39m
    [33mclass[39m=[32m"local-ai__muted"[39m
  [36m/>[39m

  Name "":
  [36m<p />[39m

  Name "":
  [36m<p />[39m

  --------------------------------------------------
  status:

  Name "":
  [36m<div[39m
    [33mclass[39m=[32m"local-ai__summary"[39m
    [33mrole[39m=[32m"status"[39m
  [36m/>[39m

  Name "":
  [36m<div[39m
    [33mclass[39m=[32m"ui-empty"[39m
    [33mrole[39m=[32m"status"[39m
  [36m/>[39m

  --------------------------------------------------
  region:

  Name "系统硬件":
  [36m<section[39m
    [33maria-label[39m=[32m"系统硬件"[39m
    [33mclass[39m=[32m"local-ai__section"[39m
  [36m/>[39m

  --------------------------------------------------
  term:

  Name "":
  [36m<dt />[39m

  Name "":
  [36m<dt />[39m

  Name "":
  [36m<dt />[39m

  Name "":
  [36m<dt />[39m

  --------------------------------------------------
  definition:

  Name "":
  [36m<dd />[39m

  Name "":
  [36m<dd />[39m

  Name "":
  [36m<dd />[39m

  Name "":
  [36m<dd />[39m

  --------------------------------------------------
  strong:

  Name "":
  [36m<strong />[39m

  --------------------------------------------------

Ignored nodes: comments, script, style
[36m<body>[39m
  [36m<div>[39m
    [36m<section[39m
      [33mclass[39m=[32m"ui-panel local-ai"[39m
    [36m>[39m
      [36m<header>[39m
        [36m<h2>[39m
          [0mLocal AI · 本地 AI 发现[0m
        [36m</h2>[39m
        [36m<button[39m
          [33maria-expanded[39m=[32m"true"[39m
          [33mclass[39m=[32m"ui-button ui-button--ghost"[39m
        [36m>[39m
          [0m收起[0m
        [36m</button>[39m
      [36m</header>[39m
      [36m<div[39m
        [33mclass[39m=[32m"local-ai__body"[39m
      [36m>[39m
        [36m<p>[39m
          [0m先预览后端主机的检测范围，再明确确认。发现 → 验证 → 注册 → 确认启用；不会启动 Runtime 或加载模型。无需填写路径或端口即可查看已有配置。[0m
        [36m</p>[39m
        [36m<p[39m
          [33mclass[39m=[32m"local-ai__muted"[39m
        [36m>[39m
          [0m范围仅限运行后端的主机（BACKEND_HOST），云端结果不代表你的电脑。未配置模型或跳过检测时，仍可手动创作。[0m
        [36m</p>[39m
        [36m<div[39m
          [33mclass[39m=[32m"local-ai__actions"[39m
        [36m>[39m
          [36m<button[39m
            [33mclass[39m=[32m"ui-button ui-button--primary"[39m
          [36m>[39m
            [0m重新预览检测范围[0m
          [36m</button>[39m
          [36m<button[39m
            [33mclass[39m=[32m"ui-button ui-button--secondary"[39m
          [36m>[39m
            [0m高级：添加本地 Runtime[0m
          [36m</button>[39m
          [36m<button[39m
            [33mclass[39m=[32m"ui-button ui-button--secondary"[39m
          [36m>[39m
            [0m高级：配置扫描目录[0m
          [36m</button>[39m
        [36m</div>[39m
        [36m<div[39m
          [33mclass[39m=[32m"local-ai__summary"[39m
          [33mrole[39m=[32m"status"[39m
        [36m>[39m
          [36m<span[39m
            [33mclass[39m=[32m"ui-badge ui-badge--success"[39m
          [36m>[39m
            [0mCOMPLETED[0m
          [36m</span>[39m
          [36m<span>[39m
            [0m发现 [0m
            [0m0[0m
            [0m 个模型 · 已注册 [0m
            [0m0[0m
            [0m 个 · [0m
            [0m已启用 0 个[0m
            [0m · [0m
            [0m0[0m
            [0m 个 Runtime 可用 · [0m
            [0m0[0m
            [0m 个检测问题[0m
          [36m</span>[39m
        [36m</div>[39m
        [36m<section[39m
          [33maria-label[39m=[32m"系统硬件"[39m
          [33mclass[39m=[32m"local-ai__section"[39m
        [36m>[39m
          [36m<h3>[39m
            [0m系统硬件[0m
          [36m</h3>[39m
          [36m<dl[39m
            [33mclass[39m=[32m"local-ai__facts"[39m
          [36m>[39m
            [36m<div>[39m
              [36m<dt>[39m
                [0m系统 / 架构[0m
              [36m</dt>[39m
              [36m<dd>[39m
                [0m未检测[0m
                [0m / [0m
                [0m未检测[0m
              [36m</dd>[39m
            [36m</div>[39m
            [36m<div>[39m
              [36m<dt>[39m
                [0mCPU[0m
              [36m</dt>[39m
              [36m<dd>[39m
                [0m未检测[0m
              [36m</dd>[39m
            [36m</div>[39m
            [36m<div>[39m
              [36m<dt>[39m
                [0m系统内存[0m
              [36m</dt>[39m
              [36m<dd>[39m
                [0m未检测[0m
              [36m</dd>[39m
            [36m</div>[39m
            [36m<div>[39m
              [36m<dt>[39m
                [0m硬件检测状态[0m
              [36m</dt>[39m
              [36m<dd>[39m
                [0m未检测[0m
              [36m</dd>[39m
            [36m</div>[39m
          [36m</dl>[39m
          [36m<p>[39m
            [0mGPU / 独立显存：未检测[0m
          [36m</p>[39m
        [36m</section>[39m
        [36m<div[39m
          [33mclass[39m=[32m"ui-empty"[39m
          [33mrole[39m=[32m"status"[39m
        [36m>[39m
          [36m<strong>[39m
            [0m尚未发现模型[0m
          [36m</strong>[39m
          [36m<p>[39m
            [0m未配置或未发现可用模型时，可继续手动创作。可先预览已有服务；自定义路径与端口仅用于高级配置。[0m
          [36m</p>[39m
        [36m</div>[39m
      [36m</div>[39m
    [36m</section>[39m
  [36m</div>[39m
[36m</body>[39m
 ❯ Object.getElementError node_modules/.pnpm/@testing-library+dom@10.4.1/node_modules/@testing-library/dom/dist/config.js:37:19
 ❯ node_modules/.pnpm/@testing-library+dom@10.4.1/node_modules/@testing-library/dom/dist/query-helpers.js:76:38
 ❯ node_modules/.pnpm/@testing-library+dom@10.4.1/node_modules/@testing-library/dom/dist/query-helpers.js:52:17
 ❯ node_modules/.pnpm/@testing-library+dom@10.4.1/node_modules/@testing-library/dom/dist/query-helpers.js:95:19
 ❯ observationView src/ui/LocalAiModelFiles.test.tsx:38:38
     36| let currentSnapshot: LocalDiscoverySnapshot;
     37| const fetchMock = vi.fn();
     38| const observationView = () => screen.getByRole('region', {name: '本次…
       |                                      ^
     39| const observation = (name = 'same-model.safetensors') => within(observ…
     40| async function mount(owner = context, legacy = false) {
 ❯ observation src/ui/LocalAiModelFiles.test.tsx:39:65
 ❯ src/ui/LocalAiModelFiles.test.tsx:58:32

⎯⎯⎯⎯⎯⎯⎯⎯⎯⎯⎯⎯⎯⎯⎯⎯⎯⎯⎯⎯⎯⎯⎯[1/12]⎯

 FAIL  src/ui/LocalAiModelFiles.test.tsx > V2 same-scan model file observations > labels Diffusers path and size as model_index.json evidence, never whole weights or a complete installation
TestingLibraryElementError: Unable to find an accessible element with the role "region" and name "本次扫描的文件与索引观察"

Here are the accessible roles:

  banner:

  Name "":
  [36m<header />[39m

  --------------------------------------------------
  heading:

  Name "Local AI · 本地 AI 发现":
  [36m<h2 />[39m

  Name "系统硬件":
  [36m<h3 />[39m

  --------------------------------------------------
  button:

  Name "收起":
  [36m<button[39m
    [33maria-expanded[39m=[32m"true"[39m
    [33mclass[39m=[32m"ui-button ui-button--ghost"[39m
  [36m/>[39m

  Name "重新预览检测范围":
  [36m<button[39m
    [33mclass[39m=[32m"ui-button ui-button--primary"[39m
  [36m/>[39m

  Name "高级：添加本地 Runtime":
  [36m<button[39m
    [33mclass[39m=[32m"ui-button ui-button--secondary"[39m
  [36m/>[39m

  Name "高级：配置扫描目录":
  [36m<button[39m
    [33mclass[39m=[32m"ui-button ui-button--secondary"[39m
  [36m/>[39m

  --------------------------------------------------
  paragraph:

  Name "":
  [36m<p />[39m

  Name "":
  [36m<p[39m
    [33mclass[39m=[32m"local-ai__muted"[39m
  [36m/>[39m

  Name "":
  [36m<p />[39m

  Name "":
  [36m<p />[39m

  --------------------------------------------------
  status:

  Name "":
  [36m<div[39m
    [33mclass[39m=[32m"local-ai__summary"[39m
    [33mrole[39m=[32m"status"[39m
  [36m/>[39m

  Name "":
  [36m<div[39m
    [33mclass[39m=[32m"ui-empty"[39m
    [33mrole[39m=[32m"status"[39m
  [36m/>[39m

  --------------------------------------------------
  region:

  Name "系统硬件":
  [36m<section[39m
    [33maria-label[39m=[32m"系统硬件"[39m
    [33mclass[39m=[32m"local-ai__section"[39m
  [36m/>[39m

  --------------------------------------------------
  term:

  Name "":
  [36m<dt />[39m

  Name "":
  [36m<dt />[39m

  Name "":
  [36m<dt />[39m

  Name "":
  [36m<dt />[39m

  --------------------------------------------------
  definition:

  Name "":
  [36m<dd />[39m

  Name "":
  [36m<dd />[39m

  Name "":
  [36m<dd />[39m

  Name "":
  [36m<dd />[39m

  --------------------------------------------------
  strong:

  Name "":
  [36m<strong />[39m

  --------------------------------------------------

Ignored nodes: comments, script, style
[36m<body>[39m
  [36m<div>[39m
    [36m<section[39m
      [33mclass[39m=[32m"ui-panel local-ai"[39m
    [36m>[39m
      [36m<header>[39m
        [36m<h2>[39m
          [0mLocal AI · 本地 AI 发现[0m
        [36m</h2>[39m
        [36m<button[39m
          [33maria-expanded[39m=[32m"true"[39m
          [33mclass[39m=[32m"ui-button ui-button--ghost"[39m
        [36m>[39m
          [0m收起[0m
        [36m</button>[39m
      [36m</header>[39m
      [36m<div[39m
        [33mclass[39m=[32m"local-ai__body"[39m
      [36m>[39m
        [36m<p>[39m
          [0m先预览后端主机的检测范围，再明确确认。发现 → 验证 → 注册 → 确认启用；不会启动 Runtime 或加载模型。无需填写路径或端口即可查看已有配置。[0m
        [36m</p>[39m
        [36m<p[39m
          [33mclass[39m=[32m"local-ai__muted"[39m
        [36m>[39m
          [0m范围仅限运行后端的主机（BACKEND_HOST），云端结果不代表你的电脑。未配置模型或跳过检测时，仍可手动创作。[0m
        [36m</p>[39m
        [36m<div[39m
          [33mclass[39m=[32m"local-ai__actions"[39m
        [36m>[39m
          [36m<button[39m
            [33mclass[39m=[32m"ui-button ui-button--primary"[39m
          [36m>[39m
            [0m重新预览检测范围[0m
          [36m</button>[39m
          [36m<button[39m
            [33mclass[39m=[32m"ui-button ui-button--secondary"[39m
          [36m>[39m
            [0m高级：添加本地 Runtime[0m
          [36m</button>[39m
          [36m<button[39m
            [33mclass[39m=[32m"ui-button ui-button--secondary"[39m
          [36m>[39m
            [0m高级：配置扫描目录[0m
          [36m</button>[39m
        [36m</div>[39m
        [36m<div[39m
          [33mclass[39m=[32m"local-ai__summary"[39m
          [33mrole[39m=[32m"status"[39m
        [36m>[39m
          [36m<span[39m
            [33mclass[39m=[32m"ui-badge ui-badge--success"[39m
          [36m>[39m
            [0mCOMPLETED[0m
          [36m</span>[39m
          [36m<span>[39m
            [0m发现 [0m
            [0m0[0m
            [0m 个模型 · 已注册 [0m
            [0m0[0m
            [0m 个 · [0m
            [0m已启用 0 个[0m
            [0m · [0m
            [0m0[0m
            [0m 个 Runtime 可用 · [0m
            [0m0[0m
            [0m 个检测问题[0m
          [36m</span>[39m
        [36m</div>[39m
        [36m<section[39m
          [33maria-label[39m=[32m"系统硬件"[39m
          [33mclass[39m=[32m"local-ai__section"[39m
        [36m>[39m
          [36m<h3>[39m
            [0m系统硬件[0m
          [36m</h3>[39m
          [36m<dl[39m
            [33mclass[39m=[32m"local-ai__facts"[39m
          [36m>[39m
            [36m<div>[39m
              [36m<dt>[39m
                [0m系统 / 架构[0m
              [36m</dt>[39m
              [36m<dd>[39m
                [0m未检测[0m
                [0m / [0m
                [0m未检测[0m
              [36m</dd>[39m
            [36m</div>[39m
            [36m<div>[39m
              [36m<dt>[39m
                [0mCPU[0m
              [36m</dt>[39m
              [36m<dd>[39m
                [0m未检测[0m
              [36m</dd>[39m
            [36m</div>[39m
            [36m<div>[39m
              [36m<dt>[39m
                [0m系统内存[0m
              [36m</dt>[39m
              [36m<dd>[39m
                [0m未检测[0m
              [36m</dd>[39m
            [36m</div>[39m
            [36m<div>[39m
              [36m<dt>[39m
                [0m硬件检测状态[0m
              [36m</dt>[39m
              [36m<dd>[39m
                [0m未检测[0m
              [36m</dd>[39m
            [36m</div>[39m
          [36m</dl>[39m
          [36m<p>[39m
            [0mGPU / 独立显存：未检测[0m
          [36m</p>[39m
        [36m</section>[39m
        [36m<div[39m
          [33mclass[39m=[32m"ui-empty"[39m
          [33mrole[39m=[32m"status"[39m
        [36m>[39m
          [36m<strong>[39m
            [0m尚未发现模型[0m
          [36m</strong>[39m
          [36m<p>[39m
            [0m未配置或未发现可用模型时，可继续手动创作。可先预览已有服务；自定义路径与端口仅用于高级配置。[0m
          [36m</p>[39m
        [36m</div>[39m
      [36m</div>[39m
    [36m</section>[39m
  [36m</div>[39m
[36m</body>[39m
 ❯ Object.getElementError node_modules/.pnpm/@testing-library+dom@10.4.1/node_modules/@testing-library/dom/dist/config.js:37:19
 ❯ node_modules/.pnpm/@testing-library+dom@10.4.1/node_modules/@testing-library/dom/dist/query-helpers.js:76:38
 ❯ node_modules/.pnpm/@testing-library+dom@10.4.1/node_modules/@testing-library/dom/dist/query-helpers.js:52:17
 ❯ node_modules/.pnpm/@testing-library+dom@10.4.1/node_modules/@testing-library/dom/dist/query-helpers.js:95:19
 ❯ observationView src/ui/LocalAiModelFiles.test.tsx:38:38
     36| let currentSnapshot: LocalDiscoverySnapshot;
     37| const fetchMock = vi.fn();
     38| const observationView = () => screen.getByRole('region', {name: '本次…
       |                                      ^
     39| const observation = (name = 'same-model.safetensors') => within(observ…
     40| async function mount(owner = context, legacy = false) {
 ❯ observation src/ui/LocalAiModelFiles.test.tsx:39:65
 ❯ src/ui/LocalAiModelFiles.test.tsx:70:32

⎯⎯⎯⎯⎯⎯⎯⎯⎯⎯⎯⎯⎯⎯⎯⎯⎯⎯⎯⎯⎯⎯⎯[2/12]⎯

 FAIL  src/ui/LocalAiModelFiles.test.tsx > V2 same-scan model file observations > links a GGUF only to exact candidates in this scan and their exact registration IDs
TestingLibraryElementError: Unable to find an accessible element with the role "region" and name "本次扫描的文件与索引观察"

Here are the accessible roles:

  banner:

  Name "":
  [36m<header />[39m

  Name "":
  [36m<header />[39m

  Name "":
  [36m<header />[39m

  --------------------------------------------------
  heading:

  Name "Local AI · 本地 AI 发现":
  [36m<h2 />[39m

  Name "系统硬件":
  [36m<h3 />[39m

  Name "Text 文本（2）":
  [36m<h3 />[39m

  --------------------------------------------------
  button:

  Name "收起":
  [36m<button[39m
    [33maria-expanded[39m=[32m"true"[39m
    [33mclass[39m=[32m"ui-button ui-button--ghost"[39m
  [36m/>[39m

  Name "重新预览检测范围":
  [36m<button[39m
    [33mclass[39m=[32m"ui-button ui-button--primary"[39m
  [36m/>[39m

  Name "高级：添加本地 Runtime":
  [36m<button[39m
    [33mclass[39m=[32m"ui-button ui-button--secondary"[39m
  [36m/>[39m

  Name "高级：配置扫描目录":
  [36m<button[39m
    [33mclass[39m=[32m"ui-button ui-button--secondary"[39m
  [36m/>[39m

  Name "验证":
  [36m<button[39m
    [33mclass[39m=[32m"ui-button ui-button--secondary"[39m
  [36m/>[39m

  Name "停用":
  [36m<button[39m
    [33mclass[39m=[32m"ui-button ui-button--secondary"[39m
  [36m/>[39m

  Name "配置接入条件":
  [36m<button[39m
    [33mclass[39m=[32m"ui-button ui-button--secondary"[39m
  [36m/>[39m

  Name "移除注册":
  [36m<button[39m
    [33mclass[39m=[32m"ui-button ui-button--ghost"[39m
  [36m/>[39m

  Name "验证":
  [36m<button[39m
    [33mclass[39m=[32m"ui-button ui-button--secondary"[39m
  [36m/>[39m

  Name "启用":
  [36m<button[39m
    [33mclass[39m=[32m"ui-button ui-button--secondary"[39m
    [33mdisabled[39m=[32m""[39m
  [36m/>[39m

  Name "配置接入条件":
  [36m<button[39m
    [33mclass[39m=[32m"ui-button ui-button--secondary"[39m
  [36m/>[39m

  Name "移除注册":
  [36m<button[39m
    [33mclass[39m=[32m"ui-button ui-button--ghost"[39m
  [36m/>[39m

  --------------------------------------------------
  paragraph:

  Name "":
  [36m<p />[39m

  Name "":
  [36m<p[39m
    [33mclass[39m=[32m"local-ai__muted"[39m
  [36m/>[39m

  Name "":
  [36m<p />[39m

  --------------------------------------------------
  status:

  Name "":
  [36m<div[39m
    [33mclass[39m=[32m"local-ai__summary"[39m
    [33mrole[39m=[32m"status"[39m
  [36m/>[39m

  --------------------------------------------------
  region:

  Name "系统硬件":
  [36m<section[39m
    [33maria-label[39m=[32m"系统硬件"[39m
    [33mclass[39m=[32m"local-ai__section"[39m
  [36m/>[39m

  Name "Text 文本":
  [36m<section[39m
    [33maria-label[39m=[32m"Text 文本"[39m
    [33mclass[39m=[32m"local-ai__section"[39m
  [36m/>[39m

  --------------------------------------------------
  term:

  Name "":
  [36m<dt />[39m

  Name "":
  [36m<dt />[39m

  Name "":
  [36m<dt />[39m

  Name "":
  [36m<dt />[39m

  Name "":
  [36m<dt />[39m

  Name "":
  [36m<dt />[39m

  Name "":
  [36m<dt />[39m

  Name "":
  [36m<dt />[39m

  Name "":
  [36m<dt />[39m

  Name "":
  [36m<dt />[39m

  Name "":
  [36m<dt />[39m

  Name "":
  [36m<dt />[39m

  Name "":
  [36m<dt />[39m

  Name "":
  [36m<dt />[39m

  Name "":
  [36m<dt />[39m

  Name "":
  [36m<dt />[39m

  Name "":
  [36m<dt />[39m

  Name "":
  [36m<dt />[39m

  Name "":
  [36m<dt />[39m

  Name "":
  [36m<dt />[39m

  Name "":
  [36m<dt />[39m

  Name "":
  [36m<dt />[39m

  --------------------------------------------------
  definition:

  Name "":
  [36m<dd />[39m

  Name "":
  [36m<dd />[39m

  Name "":
  [36m<dd />[39m

  Name "":
  [36m<dd />[39m

  Name "":
  [36m<dd />[39m

  Name "":
  [36m<dd />[39m

  Name "":
  [36m<dd />[39m

  Name "":
  [36m<dd />[39m

  Name "":
  [36m<dd />[39m

  Name "":
  [36m<dd />[39m

  Name "":
  [36m<dd />[39m

  Name "":
  [36m<dd />[39m

  Name "":
  [36m<dd />[39m

  Name "":
  [36m<dd />[39m

  Name "":
  [36m<dd />[39m

  Name "":
  [36m<dd />[39m

  Name "":
  [36m<dd />[39m

  Name "":
  [36m<dd />[39m

  Name "":
  [36m<dd />[39m

  Name "":
  [36m<dd />[39m

  Name "":
  [36m<dd />[39m

  Name "":
  [36m<dd />[39m

  --------------------------------------------------
  article:

  Name "same-model 本地模型":
  [36m<article[39m
    [33maria-label[39m=[32m"same-model 本地模型"[39m
  [36m/>[39m

  Name "same-model 本地模型":
  [36m<article[39m
    [33maria-label[39m=[32m"same-model 本地模型"[39m
  [36m/>[39m

  --------------------------------------------------
  strong:

  Name "":
  [36m<strong />[39m

  Name "":
  [36m<strong />[39m

  --------------------------------------------------
  group:

  Name "":
  [36m<details />[39m

  Name "":
  [36m<details />[39m

  --------------------------------------------------

Ignored nodes: comments, script, style
[36m<body>[39m
  [36m<div>[39m
    [36m<section[39m
      [33mclass[39m=[32m"ui-panel local-ai"[39m
    [36m>[39m
      [36m<header>[39m
        [36m<h2>[39m
          [0mLocal AI · 本地 AI 发现[0m
        [36m</h2>[39m
        [36m<button[39m
          [33maria-expanded[39m=[32m"true"[39m
          [33mclass[39m=[32m"ui-button ui-button--ghost"[39m
        [36m>[39m
          [0m收起[0m
        [36m</button>[39m
      [36m</header>[39m
      [36m<div[39m
        [33mclass[39m=[32m"local-ai__body"[39m
      [36m>[39m
        [36m<p>[39m
          [0m先预览后端主机的检测范围，再明确确认。发现 → 验证 → 注册 → 确认启用；不会启动 Runtime 或加载模型。无需填写路径或端口即可查看已有配置。[0m
        [36m</p>[39m
        [36m<p[39m
          [33mclass[39m=[32m"local-ai__muted"[39m
        [36m>[39m
          [0m范围仅限运行后端的主机（BACKEND_HOST），云端结果不代表你的电脑。未配置模型或跳过检测时，仍可手动创作。[0m
        [36m</p>[39m
        [36m<div[39m
          [33mclass[39m=[32m"local-ai__actions"[39m
        [36m>[39m
          [36m<button[39m
            [33mclass[39m=[32m"ui-button ui-button--primary"[39m
          [36m>[39m
            [0m重新预览检测范围[0m
          [36m</button>[39m
          [36m<button[39m
            [33mclass[39m=[32m"ui-button ui-button--secondary"[39m
          [36m>[39m
            [0m高级：添加本地 Runtime[0m
          [36m</button>[39m
          [36m<button[39m
            [33mclass[39m=[32m"ui-button ui-button--secondary"[39m
          [36m>[39m
            [0m高级：配置扫描目录[0m
          [36m</button>[39m
        [36m</div>[39m
        [36m<div[39m
          [33mclass[39m=[32m"local-ai__summary"[39m
          [33mrole[39m=[32m"status"[39m
        [36m>[39m
          [36m<span[39m
            [33mclass[39m=[32m"ui-badge ui-badge--success"[39m
          [36m>[39m
            [0mCOMPLETED[0m
          [36m</span>[39m
          [36m<span>[39m
            [0m发现 [0m
            [0m2[0m
            [0m 个模型 · 已注册 [0m
            [0m2[0m
            [0m 个 · [0m
            [0m已启用 1 个[0m
            [0m · [0m
            [0m0[0m
            [0m 个 Runtime 可用 · [0m
            [0m0[0m
            [0m 个检测问题[0m
          [36m</span>[39m
        [36m</div>[39m
        [36m<section[39m
          [33maria-label[39m=[32m"系统硬件"[39m
          [33mclass[39m=[32m"local-ai__section"[39m
        [36m>[39m
          [36m<h3>[39m
            [0m系统硬件[0m
          [36m</h3>[39m
          [36m<dl[39m
            [33mclass[39m=[32m"local-ai__facts"[39m
          [36m>[39m
            [36m<div>[39m
              [36m<dt>[39m
                [0m系统 / 架构[0m
              [36m</dt>[39m
              [36m<dd>[39m
                [0m未检测[0m
                [0m / [0m
                [0m未检测[0m
              [36m</dd>[39m
            [36m</div>[39m
            [36m<div>[39m
              [36m<dt>[39m
                [0mCPU[0m
              [36m</dt>[39m
              [36m<dd>[39m
                [0m未检测[0m
              [36m</dd>[39m
            [36m</div>[39m
            [36m<div>[39m
              [36m<dt>[39m
                [0m系统内存[0m
              [36m</dt>[39m
              [36m<dd>[39m
                [0m未检测[0m
              [36m</dd>[39m
            [36m</div>[39m
            [36m<div>[39m
              [36m<dt>[39m
                [0m硬件检测状态[0m
              [36m</dt>[39m
              [36m<dd>[39m
                [0m未检测[0m
              [36m</dd>[39m
            [36m</div>[39m
          [36m</dl>[39m
          [36m<p>[39m
            [0mGPU / 独立显存：未检测[0m
          [36m</p>[39m
        [36m</section>[39m
        [36m<section[39m
          [33maria-label[39m=[32m"Text 文本"[39m
          [33mclass[39m=[32m"local-ai__section"[39m
        [36m>[39m
          [36m<h3>[39m
            [0mText 文本[0m
            [0m（[0m
            [0m2[0m
            [0m）[0m
          [36m</h3>[39m
          [36m<div[39m
            [33mclass[39m=[32m"local-ai__list"[39m
          [36m>[39m
            [36m<article[39m
              [33maria-label[39m=[32m"same-model 本地模型"[39m
            [36m>[39m
              [36m<header>[39m
                [36m<strong>[39m
                  [0msame-model[0m
                [36m</strong>[39m
                [36m<span[39m
                  [33mclass[39m=[32m"ui-badge ui-badge--warning"[39m
                [36m>[39m
                  [0mDISCOVERED[0m
                [36m</span>[39m
              [36m</header>[39m
              [36m<div[39m
                [33mclass[39m=[32m"local-ai__actions"[39m
              [36m>[39m
                [36m<span[39m
                  [33mclass[39m=[32m"ui-badge ui-badge--neutral"[39m
                [36m>[39m
                  [0m本地候选[0m
                [36m</span>[39m
                [36m<span[39m
                  [33mclass[39m=[32m"ui-badge ui-badge--success"[39m
                [36m>[39m
                  [0m已启用[0m
                [36m</span>[39m
                [36m<span[39m
                  [33mclass[39m=[32m"ui-badge ui-badge--warning"[39m
                [36m>[39m
                  [0m尚未实际生成验证[0m
                [36m</span>[39m
              [36m</div>[39m
              [36m<dl[39m
                [33mclass[39m=[32m"local-ai__facts"[39m
              [36m>[39m
                [36m<div>[39m
                  [36m<dt>[39m
                    [0mRuntime / 来源[0m
                  [36m</dt>[39m
                  [36m<dd>[39m
                    [0mLLAMA_CPP[0m
                    [0m · [0m
                    [0mruntime-a[0m
                    [0m · [0m
                    [0mGGUF[0m
                  [36m</dd>[39m
                [36m</div>[39m
                [36m<div>[39m
                  [36m<dt>[39m
                    [0m模型族 / 模型 ID[0m
                  [36m</dt>[39m
                  [36m<dd>[39m
                    [0mQWEN[0m
                    [0m · [0m
                    [0msame-model[0m
                  [36m</dd>[39m
                [36m</div>[39m
                [36m<div>[39m
                  [36m<dt>[39m
                    [0m声明能力[0m
                  [36m</dt>[39m
                  [36m<dd>[39m
                    [0mTEXT[0m
                  [36m</dd>[39m
                [36m</div>[39m
                [36m<div>[39m
                  [36m<dt>[39m
                    [0m已验证能力[0m
                  [36m</dt>[39m
                  [36m<dd>[39m
                    [0mCAPABILITY_UNVERIFIED[0m
                  [36m</dd>[39m
                [36m</div>[39m
                [36m<div>[39m
                  [36m<dt>[39m
                    [0m只读接入验证[0m
                  [36m</dt>[39m
                  [36m<dd>[39m
                    [0m尚未验证 / 需重新验证[0m
                  [36m</dd>[39m
                [36m</div>[39m
                [36m<div>[39m
                  [36m<dt>[39m
                    [0m兼容性[0m
                  [36m</dt>[39m
                  [36m<dd>[39m
                    [0mNot Verified · 未验证[0m
                  [36m</dd>[39m
                [36m</div>[39m
                [36m<div>[39m
                  [36m<dt>[39m
                    [0m模型路径 / 文件 / 来源[0m
                  [36m</dt>[39m
                  [36m<dd>[39m
                    [36m<details>[39m
                      [36m<summary>[39m
                        [0m高级：查看模型来源详情[0m
                      [36m</summary>[39m
                      [0msame-model.gguf[0m
                    [36m</details>[39m
                  [36m</dd>[39m
                [36m</div>[39m
              [36m</dl>[39m
              [36m<dl[39m
                [33maria-label[39m=[32m"验证依据"[39m
                [33mclass[39m=[32m"local-ai__facts"[39m
              [36m>[39m
                [36m<div>[39m
                  [36m<dt>[39m
                    [0m模型文件[0m
                  [36m</dt>[39m
                  [36m<dd>[39m
                    [0m存在性未独立验证[0m
                  [36m</dd>[39m
                [36m</div>[39m
                [36m<div>[39m
                  [36m<dt>[39m
                    [0m实际生成验证[0m
                  [36m</dt>[39m
                  [36m<dd>[39m
                    [0mNOT_RUN · 尚未运行生成测试[0m
                  [36m</dd>[39m
                [36m</div>[39m
              [36m</dl>[39m
              [36m<div[39m
                [33mclass[39m=[32m"local-ai__actions"[39m
              [36m>[39m
                [36m<button[39m
                  [33mclass[39m=[32m"ui-button ui-button--secondary"[39m
                [36m>[39m
                  [0m验证[0m
                [36m</button>[39m
                [36m<button[39m
                  [33mclass[39m=[32m"ui-button ui-button--secondary"[39m
                [36m>[39m
                  [0m停用[0m
                [36m</button>[39m
                [36m<button[39m
                  [33mclass[39m=[32m"ui-button ui-button--secondary"[39m
                [36m>[39m
                  [0m配置接入条件[0m
                [36m</button>[39m
                [36m<button[39m
                  [33mclass[39m=[32m"ui-button ui-button--ghost"[39m
                [36m>[39m
                  [0m移除注册[0m
                [36m</button>[39m
              [36m</div>[39m
            [36m</article>[39m
            [36m<article[39m
              [33maria-label[39m=[32m"same-model 本地模型"[39m
            [36m>[39m
              [36m<header>[39m
                [36m<strong>[39m
                  [0msame-model[0m
                [36m</strong>[39m
                [36m<span[39m
                  [33mclass[39m=[32m"ui-badge ui-badge--warning"[39m
                [36m>[39m
                  [0mDISCOVERED[0m
                [36m</span>[39m
              [36m</header>[39m
              [36m<div[39m
                [33mclass[39m=[32m"local-ai__actions"[39m
              [36m>[39m
                [36m<span[39m
                  [33mclass[39m=[32m"ui-badge ui-badge--neutral"[39m
                [36m>[39m
                  [0m本地候选[0m
                [36m</span>[39m
                [36m<span[39m
                  [33mclass[39m=[32m"ui-badge ui-badge--neutral"[39m
                [36m>[39m
                  [0m已注册 · 未启用[0m
                [36m</span>[39m
                [36m<span[39m
                  [33mclass[39m=[32m"ui-badge ui-badge--warning"[39m
                [36m>[39m
                  [0m尚未实际生成验证[0m
                [36m</span>[39m
              [36m</div>[39m
              [36m<dl[39m
                [33mclass[39m=[32m"local-ai__facts"[39m
              [36m>[39m
                [36m<div>[39m
                  [36m<dt>[39m
                    [0mRuntime / 来源[0m
                  [36m</dt>[39m
                  [36m<dd>[39m
                    [0mOLLAMA[0m
                    [0m · [0m
                    [0mruntime-b[0m
                    [0m · [0m
                    [0mGGUF[0m
                  [36m</dd>[39m
                [36m</div>[39m
                [36m<div>[39m
                  [36m<dt>[39m
                    [0m模型族 / 模型 ID[0m
                  [36m</dt>[39m
                  [36m<dd>[39m
                    [0mQWEN[0m
                    [0m · [0m
                    [0msame-model[0m
                  [36m</dd>[39m
                [36m</div>[39m
                [36m<div>[39m
                  [36m<dt>[39m
                    [0m声明能力[0m
                  [36m</dt>[39m
                  [36m<dd>[39m
                    [0mTEXT[0m
                  [36m</dd>[39m
                [36m</div>[39m
                [36m<div>[39m
                  [36m<dt>[39m
                    [0m已验证能力[0m
                  [36m</dt>[39m
                  [36m<dd>[39m
                    [0mCAPABILITY_UNVERIFIED[0m
                  [36m</dd>[39m
                [36m</div>[39m
                [36m<div>[39m
                  [36m<dt>[39m
                    [0m只读接入验证[0m
                  [36m</dt>[39m
                  [36m<dd>[39m
                    [0m尚未验证 / 需重新验证[0m
                  [36m</dd>[39m
                [36m</div>[39m
                [36m<div>[39m
                  [36m<dt>[39m
                    [0m兼容性[0m
                  [36m</dt>[39m
                  [36m<dd>[39m
                    [0mNot Verified · 未验证[0m
                  [36m</dd>[39m
                [36m</div>[39m
                [36m<div>[39m
                  [36m<dt>[39m
                    [0m模型路径 / 文件 / 来源[0m
                  [36m</dt>[39m
                  [36m<dd>[39m
                    [36m<details>[39m
                      [36m<summary>[39m
                        [0m高级：查看模型来源详情[0m
                      [36m</summary>[39m
                      [0msame-model.gguf[0m
                    [36m</details>[39m
                  [36m</dd>[39m
                [36m</div>[39m
              [36m</dl>[39m
              [36m<dl[39m
                [33maria-label[39m=[32m"验证依据"[39m
                [33mclass[39m=[32m"local-ai__facts"[39m
              [36m>[39m
                [36m<div>[39m
                  [36m<dt>[39m
                    [0m模型文件[0m
                  [36m</dt>[39m
                  [36m<dd>[39m
                    [0m存在性未独立验证[0m
                  [36m</dd>[39m
                [36m</div>[39m
                [36m<div>[39m
                  [36m<dt>[39m
                    [0m实际生成验证[0m
                  [36m</dt>[39m
                  [36m<dd>[39m
                    [0mNOT_RUN · 尚未运行生成测试[0m
                  [36m</dd>[39m
                [36m</div>[39m
              [36m</dl>[39m
              [36m<div[39m
                [33mclass[39m=[32m"local-ai__actions"[39m
              [36m>[39m
                [36m<button[39m
                  [33mclass[39m=[32m"ui-button ui-button--secondary"[39m
                [36m>[39m
                  [0m验证[0m
                [36m</button>[39m
                [36m<button[39m
                  [33mclass[39m=[32m"ui-button ui-button--secondary"[39m
                  [33mdisabled[39m=[32m""[39m
                [36m>[39m
                  [0m启用[0m
                [36m</button>[39m
                [36m<button[39m
                  [33mclass[39m=[32m"ui-button ui-button--secondary"[39m
                [36m>[39m
                  [0m配置接入条件[0m
                [36m</button>[39m
                [36m<button[39m
                  [33mclass[39m=[32m"ui-button ui-button--ghost"[39m
                [36m>[39m
                  [0m移除注册[0m
                [36m</button>[39m
              [36m</div>[39m
            [36m</article>[39m
          [36m</div>[39m
        [36m</section>[39m
      [36m</div>[39m
    [36m</section>[39m
  [36m</div>[39m
[36m</body>[39m
 ❯ Object.getElementError node_modules/.pnpm/@testing-library+dom@10.4.1/node_modules/@testing-library/dom/dist/config.js:37:19
 ❯ node_modules/.pnpm/@testing-library+dom@10.4.1/node_modules/@testing-library/dom/dist/query-helpers.js:76:38
 ❯ node_modules/.pnpm/@testing-library+dom@10.4.1/node_modules/@testing-library/dom/dist/query-helpers.js:52:17
 ❯ node_modules/.pnpm/@testing-library+dom@10.4.1/node_modules/@testing-library/dom/dist/query-helpers.js:95:19
 ❯ observationView src/ui/LocalAiModelFiles.test.tsx:38:38
     36| let currentSnapshot: LocalDiscoverySnapshot;
     37| const fetchMock = vi.fn();
     38| const observationView = () => screen.getByRole('region', {name: '本次…
       |                                      ^
     39| const observation = (name = 'same-model.safetensors') => within(observ…
     40| async function mount(owner = context, legacy = false) {
 ❯ observation src/ui/LocalAiModelFiles.test.tsx:39:65
 ❯ src/ui/LocalAiModelFiles.test.tsx:78:32

⎯⎯⎯⎯⎯⎯⎯⎯⎯⎯⎯⎯⎯⎯⎯⎯⎯⎯⎯⎯⎯⎯⎯[3/12]⎯

 FAIL  src/ui/LocalAiModelFiles.test.tsx > V2 same-scan model file observations > preserves same-name observations at different paths and distinct runtime bindings without content deduplication
TestingLibraryElementError: Unable to find an accessible element with the role "region" and name "本次扫描的文件与索引观察"

Here are the accessible roles:

  banner:

  Name "":
  [36m<header />[39m

  Name "":
  [36m<header />[39m

  Name "":
  [36m<header />[39m

  --------------------------------------------------
  heading:

  Name "Local AI · 本地 AI 发现":
  [36m<h2 />[39m

  Name "系统硬件":
  [36m<h3 />[39m

  Name "Text 文本（2）":
  [36m<h3 />[39m

  --------------------------------------------------
  button:

  Name "收起":
  [36m<button[39m
    [33maria-expanded[39m=[32m"true"[39m
    [33mclass[39m=[32m"ui-button ui-button--ghost"[39m
  [36m/>[39m

  Name "重新预览检测范围":
  [36m<button[39m
    [33mclass[39m=[32m"ui-button ui-button--primary"[39m
  [36m/>[39m

  Name "高级：添加本地 Runtime":
  [36m<button[39m
    [33mclass[39m=[32m"ui-button ui-button--secondary"[39m
  [36m/>[39m

  Name "高级：配置扫描目录":
  [36m<button[39m
    [33mclass[39m=[32m"ui-button ui-button--secondary"[39m
  [36m/>[39m

  Name "验证":
  [36m<button[39m
    [33mclass[39m=[32m"ui-button ui-button--secondary"[39m
  [36m/>[39m

  Name "启用":
  [36m<button[39m
    [33mclass[39m=[32m"ui-button ui-button--secondary"[39m
    [33mdisabled[39m=[32m""[39m
  [36m/>[39m

  Name "配置接入条件":
  [36m<button[39m
    [33mclass[39m=[32m"ui-button ui-button--secondary"[39m
  [36m/>[39m

  Name "移除注册":
  [36m<button[39m
    [33mclass[39m=[32m"ui-button ui-button--ghost"[39m
  [36m/>[39m

  Name "验证":
  [36m<button[39m
    [33mclass[39m=[32m"ui-button ui-button--secondary"[39m
  [36m/>[39m

  Name "停用":
  [36m<button[39m
    [33mclass[39m=[32m"ui-button ui-button--secondary"[39m
  [36m/>[39m

  Name "配置接入条件":
  [36m<button[39m
    [33mclass[39m=[32m"ui-button ui-button--secondary"[39m
  [36m/>[39m

  Name "移除注册":
  [36m<button[39m
    [33mclass[39m=[32m"ui-button ui-button--ghost"[39m
  [36m/>[39m

  --------------------------------------------------
  paragraph:

  Name "":
  [36m<p />[39m

  Name "":
  [36m<p[39m
    [33mclass[39m=[32m"local-ai__muted"[39m
  [36m/>[39m

  Name "":
  [36m<p />[39m

  --------------------------------------------------
  status:

  Name "":
  [36m<div[39m
    [33mclass[39m=[32m"local-ai__summary"[39m
    [33mrole[39m=[32m"status"[39m
  [36m/>[39m

  --------------------------------------------------
  region:

  Name "系统硬件":
  [36m<section[39m
    [33maria-label[39m=[32m"系统硬件"[39m
    [33mclass[39m=[32m"local-ai__section"[39m
  [36m/>[39m

  Name "Text 文本":
  [36m<section[39m
    [33maria-label[39m=[32m"Text 文本"[39m
    [33mclass[39m=[32m"local-ai__section"[39m
  [36m/>[39m

  --------------------------------------------------
  term:

  Name "":
  [36m<dt />[39m

  Name "":
  [36m<dt />[39m

  Name "":
  [36m<dt />[39m

  Name "":
  [36m<dt />[39m

  Name "":
  [36m<dt />[39m

  Name "":
  [36m<dt />[39m

  Name "":
  [36m<dt />[39m

  Name "":
  [36m<dt />[39m

  Name "":
  [36m<dt />[39m

  Name "":
  [36m<dt />[39m

  Name "":
  [36m<dt />[39m

  Name "":
  [36m<dt />[39m

  Name "":
  [36m<dt />[39m

  Name "":
  [36m<dt />[39m

  Name "":
  [36m<dt />[39m

  Name "":
  [36m<dt />[39m

  Name "":
  [36m<dt />[39m

  Name "":
  [36m<dt />[39m

  Name "":
  [36m<dt />[39m

  Name "":
  [36m<dt />[39m

  Name "":
  [36m<dt />[39m

  Name "":
  [36m<dt />[39m

  --------------------------------------------------
  definition:

  Name "":
  [36m<dd />[39m

  Name "":
  [36m<dd />[39m

  Name "":
  [36m<dd />[39m

  Name "":
  [36m<dd />[39m

  Name "":
  [36m<dd />[39m

  Name "":
  [36m<dd />[39m

  Name "":
  [36m<dd />[39m

  Name "":
  [36m<dd />[39m

  Name "":
  [36m<dd />[39m

  Name "":
  [36m<dd />[39m

  Name "":
  [36m<dd />[39m

  Name "":
  [36m<dd />[39m

  Name "":
  [36m<dd />[39m

  Name "":
  [36m<dd />[39m

  Name "":
  [36m<dd />[39m

  Name "":
  [36m<dd />[39m

  Name "":
  [36m<dd />[39m

  Name "":
  [36m<dd />[39m

  Name "":
  [36m<dd />[39m

  Name "":
  [36m<dd />[39m

  Name "":
  [36m<dd />[39m

  Name "":
  [36m<dd />[39m

  --------------------------------------------------
  article:

  Name "same-model 本地模型":
  [36m<article[39m
    [33maria-label[39m=[32m"same-model 本地模型"[39m
  [36m/>[39m

  Name "same-model 本地模型":
  [36m<article[39m
    [33maria-label[39m=[32m"same-model 本地模型"[39m
  [36m/>[39m

  --------------------------------------------------
  strong:

  Name "":
  [36m<strong />[39m

  Name "":
  [36m<strong />[39m

  --------------------------------------------------
  group:

  Name "":
  [36m<details />[39m

  Name "":
  [36m<details />[39m

  --------------------------------------------------

Ignored nodes: comments, script, style
[36m<body>[39m
  [36m<div>[39m
    [36m<section[39m
      [33mclass[39m=[32m"ui-panel local-ai"[39m
    [36m>[39m
      [36m<header>[39m
        [36m<h2>[39m
          [0mLocal AI · 本地 AI 发现[0m
        [36m</h2>[39m
        [36m<button[39m
          [33maria-expanded[39m=[32m"true"[39m
          [33mclass[39m=[32m"ui-button ui-button--ghost"[39m
        [36m>[39m
          [0m收起[0m
        [36m</button>[39m
      [36m</header>[39m
      [36m<div[39m
        [33mclass[39m=[32m"local-ai__body"[39m
      [36m>[39m
        [36m<p>[39m
          [0m先预览后端主机的检测范围，再明确确认。发现 → 验证 → 注册 → 确认启用；不会启动 Runtime 或加载模型。无需填写路径或端口即可查看已有配置。[0m
        [36m</p>[39m
        [36m<p[39m
          [33mclass[39m=[32m"local-ai__muted"[39m
        [36m>[39m
          [0m范围仅限运行后端的主机（BACKEND_HOST），云端结果不代表你的电脑。未配置模型或跳过检测时，仍可手动创作。[0m
        [36m</p>[39m
        [36m<div[39m
          [33mclass[39m=[32m"local-ai__actions"[39m
        [36m>[39m
          [36m<button[39m
            [33mclass[39m=[32m"ui-button ui-button--primary"[39m
          [36m>[39m
            [0m重新预览检测范围[0m
          [36m</button>[39m
          [36m<button[39m
            [33mclass[39m=[32m"ui-button ui-button--secondary"[39m
          [36m>[39m
            [0m高级：添加本地 Runtime[0m
          [36m</button>[39m
          [36m<button[39m
            [33mclass[39m=[32m"ui-button ui-button--secondary"[39m
          [36m>[39m
            [0m高级：配置扫描目录[0m
          [36m</button>[39m
        [36m</div>[39m
        [36m<div[39m
          [33mclass[39m=[32m"local-ai__summary"[39m
          [33mrole[39m=[32m"status"[39m
        [36m>[39m
          [36m<span[39m
            [33mclass[39m=[32m"ui-badge ui-badge--success"[39m
          [36m>[39m
            [0mCOMPLETED[0m
          [36m</span>[39m
          [36m<span>[39m
            [0m发现 [0m
            [0m2[0m
            [0m 个模型 · 已注册 [0m
            [0m2[0m
            [0m 个 · [0m
            [0m已启用 1 个[0m
            [0m · [0m
            [0m0[0m
            [0m 个 Runtime 可用 · [0m
            [0m0[0m
            [0m 个检测问题[0m
          [36m</span>[39m
        [36m</div>[39m
        [36m<section[39m
          [33maria-label[39m=[32m"系统硬件"[39m
          [33mclass[39m=[32m"local-ai__section"[39m
        [36m>[39m
          [36m<h3>[39m
            [0m系统硬件[0m
          [36m</h3>[39m
          [36m<dl[39m
            [33mclass[39m=[32m"local-ai__facts"[39m
          [36m>[39m
            [36m<div>[39m
              [36m<dt>[39m
                [0m系统 / 架构[0m
              [36m</dt>[39m
              [36m<dd>[39m
                [0m未检测[0m
                [0m / [0m
                [0m未检测[0m
              [36m</dd>[39m
            [36m</div>[39m
            [36m<div>[39m
              [36m<dt>[39m
                [0mCPU[0m
              [36m</dt>[39m
              [36m<dd>[39m
                [0m未检测[0m
              [36m</dd>[39m
            [36m</div>[39m
            [36m<div>[39m
              [36m<dt>[39m
                [0m系统内存[0m
              [36m</dt>[39m
              [36m<dd>[39m
                [0m未检测[0m
              [36m</dd>[39m
            [36m</div>[39m
            [36m<div>[39m
              [36m<dt>[39m
                [0m硬件检测状态[0m
              [36m</dt>[39m
              [36m<dd>[39m
                [0m未检测[0m
              [36m</dd>[39m
            [36m</div>[39m
          [36m</dl>[39m
          [36m<p>[39m
            [0mGPU / 独立显存：未检测[0m
          [36m</p>[39m
        [36m</section>[39m
        [36m<section[39m
          [33maria-label[39m=[32m"Text 文本"[39m
          [33mclass[39m=[32m"local-ai__section"[39m
        [36m>[39m
          [36m<h3>[39m
            [0mText 文本[0m
            [0m（[0m
            [0m2[0m
            [0m）[0m
          [36m</h3>[39m
          [36m<div[39m
            [33mclass[39m=[32m"local-ai__list"[39m
          [36m>[39m
            [36m<article[39m
              [33maria-label[39m=[32m"same-model 本地模型"[39m
            [36m>[39m
              [36m<header>[39m
                [36m<strong>[39m
                  [0msame-model[0m
                [36m</strong>[39m
                [36m<span[39m
                  [33mclass[39m=[32m"ui-badge ui-badge--warning"[39m
                [36m>[39m
                  [0mDISCOVERED[0m
                [36m</span>[39m
              [36m</header>[39m
              [36m<div[39m
                [33mclass[39m=[32m"local-ai__actions"[39m
              [36m>[39m
                [36m<span[39m
                  [33mclass[39m=[32m"ui-badge ui-badge--neutral"[39m
                [36m>[39m
                  [0m本地候选[0m
                [36m</span>[39m
                [36m<span[39m
                  [33mclass[39m=[32m"ui-badge ui-badge--neutral"[39m
                [36m>[39m
                  [0m已注册 · 未启用[0m
                [36m</span>[39m
                [36m<span[39m
                  [33mclass[39m=[32m"ui-badge ui-badge--warning"[39m
                [36m>[39m
                  [0m尚未实际生成验证[0m
                [36m</span>[39m
              [36m</div>[39m
              [36m<dl[39m
                [33mclass[39m=[32m"local-ai__facts"[39m
              [36m>[39m
                [36m<div>[39m
                  [36m<dt>[39m
                    [0mRuntime / 来源[0m
                  [36m</dt>[39m
                  [36m<dd>[39m
                    [0mLLAMA_CPP[0m
                    [0m · [0m
                    [0mruntime-a[0m
                    [0m · [0m
                    [0mGGUF[0m
                  [36m</dd>[39m
                [36m</div>[39m
                [36m<div>[39m
                  [36m<dt>[39m
                    [0m模型族 / 模型 ID[0m
                  [36m</dt>[39m
                  [36m<dd>[39m
                    [0mQWEN[0m
                    [0m · [0m
                    [0msame-model[0m
                  [36m</dd>[39m
                [36m</div>[39m
                [36m<div>[39m
                  [36m<dt>[39m
                    [0m声明能力[0m
                  [36m</dt>[39m
                  [36m<dd>[39m
                    [0mTEXT[0m
                  [36m</dd>[39m
                [36m</div>[39m
                [36m<div>[39m
                  [36m<dt>[39m
                    [0m已验证能力[0m
                  [36m</dt>[39m
                  [36m<dd>[39m
                    [0mCAPABILITY_UNVERIFIED[0m
                  [36m</dd>[39m
                [36m</div>[39m
                [36m<div>[39m
                  [36m<dt>[39m
                    [0m只读接入验证[0m
                  [36m</dt>[39m
                  [36m<dd>[39m
                    [0m尚未验证 / 需重新验证[0m
                  [36m</dd>[39m
                [36m</div>[39m
                [36m<div>[39m
                  [36m<dt>[39m
                    [0m兼容性[0m
                  [36m</dt>[39m
                  [36m<dd>[39m
                    [0mNot Verified · 未验证[0m
                  [36m</dd>[39m
                [36m</div>[39m
                [36m<div>[39m
                  [36m<dt>[39m
                    [0m模型路径 / 文件 / 来源[0m
                  [36m</dt>[39m
                  [36m<dd>[39m
                    [36m<details>[39m
                      [36m<summary>[39m
                        [0m高级：查看模型来源详情[0m
                      [36m</summary>[39m
                      [0msame-model.gguf[0m
                    [36m</details>[39m
                  [36m</dd>[39m
                [36m</div>[39m
              [36m</dl>[39m
              [36m<dl[39m
                [33maria-label[39m=[32m"验证依据"[39m
                [33mclass[39m=[32m"local-ai__facts"[39m
              [36m>[39m
                [36m<div>[39m
                  [36m<dt>[39m
                    [0m模型文件[0m
                  [36m</dt>[39m
                  [36m<dd>[39m
                    [0m存在性未独立验证[0m
                  [36m</dd>[39m
                [36m</div>[39m
                [36m<div>[39m
                  [36m<dt>[39m
                    [0m实际生成验证[0m
                  [36m</dt>[39m
                  [36m<dd>[39m
                    [0mNOT_RUN · 尚未运行生成测试[0m
                  [36m</dd>[39m
                [36m</div>[39m
              [36m</dl>[39m
              [36m<div[39m
                [33mclass[39m=[32m"local-ai__actions"[39m
              [36m>[39m
                [36m<button[39m
                  [33mclass[39m=[32m"ui-button ui-button--secondary"[39m
                [36m>[39m
                  [0m验证[0m
                [36m</button>[39m
                [36m<button[39m
                  [33mclass[39m=[32m"ui-button ui-button--secondary"[39m
                  [33mdisabled[39m=[32m""[39m
                [36m>[39m
                  [0m启用[0m
                [36m</button>[39m
                [36m<button[39m
                  [33mclass[39m=[32m"ui-button ui-button--secondary"[39m
                [36m>[39m
                  [0m配置接入条件[0m
                [36m</button>[39m
                [36m<button[39m
                  [33mclass[39m=[32m"ui-button ui-button--ghost"[39m
                [36m>[39m
                  [0m移除注册[0m
                [36m</button>[39m
              [36m</div>[39m
            [36m</article>[39m
            [36m<article[39m
              [33maria-label[39m=[32m"same-model 本地模型"[39m
            [36m>[39m
              [36m<header>[39m
                [36m<strong>[39m
                  [0msame-model[0m
                [36m</strong>[39m
                [36m<span[39m
                  [33mclass[39m=[32m"ui-badge ui-badge--warning"[39m
                [36m>[39m
                  [0mDISCOVERED[0m
                [36m</span>[39m
              [36m</header>[39m
              [36m<div[39m
                [33mclass[39m=[32m"local-ai__actions"[39m
              [36m>[39m
                [36m<span[39m
                  [33mclass[39m=[32m"ui-badge ui-badge--neutral"[39m
                [36m>[39m
                  [0m本地候选[0m
                [36m</span>[39m
                [36m<span[39m
                  [33mclass[39m=[32m"ui-badge ui-badge--success"[39m
                [36m>[39m
                  [0m已启用[0m
                [36m</span>[39m
                [36m<span[39m
                  [33mclass[39m=[32m"ui-badge ui-badge--warning"[39m
                [36m>[39m
                  [0m尚未实际生成验证[0m
                [36m</span>[39m
              [36m</div>[39m
              [36m<dl[39m
                [33mclass[39m=[32m"local-ai__facts"[39m
              [36m>[39m
                [36m<div>[39m
                  [36m<dt>[39m
                    [0mRuntime / 来源[0m
                  [36m</dt>[39m
                  [36m<dd>[39m
                    [0mOLLAMA[0m
                    [0m · [0m
                    [0mruntime-b[0m
                    [0m · [0m
                    [0mGGUF[0m
                  [36m</dd>[39m
                [36m</div>[39m
                [36m<div>[39m
                  [36m<dt>[39m
                    [0m模型族 / 模型 ID[0m
                  [36m</dt>[39m
                  [36m<dd>[39m
                    [0mQWEN[0m
                    [0m · [0m
                    [0msame-model[0m
                  [36m</dd>[39m
                [36m</div>[39m
                [36m<div>[39m
                  [36m<dt>[39m
                    [0m声明能力[0m
                  [36m</dt>[39m
                  [36m<dd>[39m
                    [0mTEXT[0m
                  [36m</dd>[39m
                [36m</div>[39m
                [36m<div>[39m
                  [36m<dt>[39m
                    [0m已验证能力[0m
                  [36m</dt>[39m
                  [36m<dd>[39m
                    [0mCAPABILITY_UNVERIFIED[0m
                  [36m</dd>[39m
                [36m</div>[39m
                [36m<div>[39m
                  [36m<dt>[39m
                    [0m只读接入验证[0m
                  [36m</dt>[39m
                  [36m<dd>[39m
                    [0m尚未验证 / 需重新验证[0m
                  [36m</dd>[39m
                [36m</div>[39m
                [36m<div>[39m
                  [36m<dt>[39m
                    [0m兼容性[0m
                  [36m</dt>[39m
                  [36m<dd>[39m
                    [0mNot Verified · 未验证[0m
                  [36m</dd>[39m
                [36m</div>[39m
                [36m<div>[39m
                  [36m<dt>[39m
                    [0m模型路径 / 文件 / 来源[0m
                  [36m</dt>[39m
                  [36m<dd>[39m
                    [36m<details>[39m
                      [36m<summary>[39m
                        [0m高级：查看模型来源详情[0m
                      [36m</summary>[39m
                      [0msame-model.gguf[0m
                    [36m</details>[39m
                  [36m</dd>[39m
                [36m</div>[39m
              [36m</dl>[39m
              [36m<dl[39m
                [33maria-label[39m=[32m"验证依据"[39m
                [33mclass[39m=[32m"local-ai__facts"[39m
              [36m>[39m
                [36m<div>[39m
                  [36m<dt>[39m
                    [0m模型文件[0m
                  [36m</dt>[39m
                  [36m<dd>[39m
                    [0m存在性未独立验证[0m
                  [36m</dd>[39m
                [36m</div>[39m
                [36m<div>[39m
                  [36m<dt>[39m
                    [0m实际生成验证[0m
                  [36m</dt>[39m
                  [36m<dd>[39m
                    [0mNOT_RUN · 尚未运行生成测试[0m
                  [36m</dd>[39m
                [36m</div>[39m
              [36m</dl>[39m
              [36m<div[39m
                [33mclass[39m=[32m"local-ai__actions"[39m
              [36m>[39m
                [36m<button[39m
                  [33mclass[39m=[32m"ui-button ui-button--secondary"[39m
                [36m>[39m
                  [0m验证[0m
                [36m</button>[39m
                [36m<button[39m
                  [33mclass[39m=[32m"ui-button ui-button--secondary"[39m
                [36m>[39m
                  [0m停用[0m
                [36m</button>[39m
                [36m<button[39m
                  [33mclass[39m=[32m"ui-button ui-button--secondary"[39m
                [36m>[39m
                  [0m配置接入条件[0m
                [36m</button>[39m
                [36m<button[39m
                  [33mclass[39m=[32m"ui-button ui-button--ghost"[39m
                [36m>[39m
                  [0m移除注册[0m
                [36m</button>[39m
              [36m</div>[39m
            [36m</article>[39m
          [36m</div>[39m
        [36m</section>[39m
      [36m</div>[39m
    [36m</section>[39m
  [36m</div>[39m
[36m</body>[39m
 ❯ Object.getElementError node_modules/.pnpm/@testing-library+dom@10.4.1/node_modules/@testing-library/dom/dist/config.js:37:19
 ❯ node_modules/.pnpm/@testing-library+dom@10.4.1/node_modules/@testing-library/dom/dist/query-helpers.js:76:38
 ❯ node_modules/.pnpm/@testing-library+dom@10.4.1/node_modules/@testing-library/dom/dist/query-helpers.js:52:17
 ❯ node_modules/.pnpm/@testing-library+dom@10.4.1/node_modules/@testing-library/dom/dist/query-helpers.js:95:19
 ❯ observationView src/ui/LocalAiModelFiles.test.tsx:38:38
     36| let currentSnapshot: LocalDiscoverySnapshot;
     37| const fetchMock = vi.fn();
     38| const observationView = () => screen.getByRole('region', {name: '本次…
       |                                      ^
     39| const observation = (name = 'same-model.safetensors') => within(observ…
     40| async function mount(owner = context, legacy = false) {
 ❯ src/ui/LocalAiModelFiles.test.tsx:85:40

⎯⎯⎯⎯⎯⎯⎯⎯⎯⎯⎯⎯⎯⎯⎯⎯⎯⎯⎯⎯⎯⎯⎯[4/12]⎯

 FAIL  src/ui/LocalAiModelFiles.test.tsx > V2 same-scan model file observations > treats dangling candidate IDs as unknown even when a registration or matching model name exists
TestingLibraryElementError: Unable to find an accessible element with the role "region" and name "本次扫描的文件与索引观察"

Here are the accessible roles:

  banner:

  Name "":
  [36m<header />[39m

  Name "":
  [36m<header />[39m

  Name "":
  [36m<header />[39m

  --------------------------------------------------
  heading:

  Name "Local AI · 本地 AI 发现":
  [36m<h2 />[39m

  Name "系统硬件":
  [36m<h3 />[39m

  Name "Text 文本（2）":
  [36m<h3 />[39m

  --------------------------------------------------
  button:

  Name "收起":
  [36m<button[39m
    [33maria-expanded[39m=[32m"true"[39m
    [33mclass[39m=[32m"ui-button ui-button--ghost"[39m
  [36m/>[39m

  Name "重新预览检测范围":
  [36m<button[39m
    [33mclass[39m=[32m"ui-button ui-button--primary"[39m
  [36m/>[39m

  Name "高级：添加本地 Runtime":
  [36m<button[39m
    [33mclass[39m=[32m"ui-button ui-button--secondary"[39m
  [36m/>[39m

  Name "高级：配置扫描目录":
  [36m<button[39m
    [33mclass[39m=[32m"ui-button ui-button--secondary"[39m
  [36m/>[39m

  Name "验证":
  [36m<button[39m
    [33mclass[39m=[32m"ui-button ui-button--secondary"[39m
  [36m/>[39m

  Name "注册":
  [36m<button[39m
    [33mclass[39m=[32m"ui-button ui-button--secondary"[39m
    [33mdisabled[39m=[32m""[39m
    [33mtitle[39m=[32m"请先验证候选模型"[39m
  [36m/>[39m

  Name "验证":
  [36m<button[39m
    [33mclass[39m=[32m"ui-button ui-button--secondary"[39m
  [36m/>[39m

  Name "停用":
  [36m<button[39m
    [33mclass[39m=[32m"ui-button ui-button--secondary"[39m
  [36m/>[39m

  Name "配置接入条件":
  [36m<button[39m
    [33mclass[39m=[32m"ui-button ui-button--secondary"[39m
  [36m/>[39m

  Name "移除注册":
  [36m<button[39m
    [33mclass[39m=[32m"ui-button ui-button--ghost"[39m
  [36m/>[39m

  --------------------------------------------------
  paragraph:

  Name "":
  [36m<p />[39m

  Name "":
  [36m<p[39m
    [33mclass[39m=[32m"local-ai__muted"[39m
  [36m/>[39m

  Name "":
  [36m<p />[39m

  --------------------------------------------------
  status:

  Name "":
  [36m<div[39m
    [33mclass[39m=[32m"local-ai__summary"[39m
    [33mrole[39m=[32m"status"[39m
  [36m/>[39m

  --------------------------------------------------
  region:

  Name "系统硬件":
  [36m<section[39m
    [33maria-label[39m=[32m"系统硬件"[39m
    [33mclass[39m=[32m"local-ai__section"[39m
  [36m/>[39m

  Name "Text 文本":
  [36m<section[39m
    [33maria-label[39m=[32m"Text 文本"[39m
    [33mclass[39m=[32m"local-ai__section"[39m
  [36m/>[39m

  --------------------------------------------------
  term:

  Name "":
  [36m<dt />[39m

  Name "":
  [36m<dt />[39m

  Name "":
  [36m<dt />[39m

  Name "":
  [36m<dt />[39m

  Name "":
  [36m<dt />[39m

  Name "":
  [36m<dt />[39m

  Name "":
  [36m<dt />[39m

  Name "":
  [36m<dt />[39m

  Name "":
  [36m<dt />[39m

  Name "":
  [36m<dt />[39m

  Name "":
  [36m<dt />[39m

  Name "":
  [36m<dt />[39m

  Name "":
  [36m<dt />[39m

  Name "":
  [36m<dt />[39m

  Name "":
  [36m<dt />[39m

  Name "":
  [36m<dt />[39m

  Name "":
  [36m<dt />[39m

  Name "":
  [36m<dt />[39m

  Name "":
  [36m<dt />[39m

  Name "":
  [36m<dt />[39m

  Name "":
  [36m<dt />[39m

  Name "":
  [36m<dt />[39m

  --------------------------------------------------
  definition:

  Name "":
  [36m<dd />[39m

  Name "":
  [36m<dd />[39m

  Name "":
  [36m<dd />[39m

  Name "":
  [36m<dd />[39m

  Name "":
  [36m<dd />[39m

  Name "":
  [36m<dd />[39m

  Name "":
  [36m<dd />[39m

  Name "":
  [36m<dd />[39m

  Name "":
  [36m<dd />[39m

  Name "":
  [36m<dd />[39m

  Name "":
  [36m<dd />[39m

  Name "":
  [36m<dd />[39m

  Name "":
  [36m<dd />[39m

  Name "":
  [36m<dd />[39m

  Name "":
  [36m<dd />[39m

  Name "":
  [36m<dd />[39m

  Name "":
  [36m<dd />[39m

  Name "":
  [36m<dd />[39m

  Name "":
  [36m<dd />[39m

  Name "":
  [36m<dd />[39m

  Name "":
  [36m<dd />[39m

  Name "":
  [36m<dd />[39m

  --------------------------------------------------
  article:

  Name "same-model 本地模型":
  [36m<article[39m
    [33maria-label[39m=[32m"same-model 本地模型"[39m
  [36m/>[39m

  Name "same-model 本地模型":
  [36m<article[39m
    [33maria-label[39m=[32m"same-model 本地模型"[39m
  [36m/>[39m

  --------------------------------------------------
  strong:

  Name "":
  [36m<strong />[39m

  Name "":
  [36m<strong />[39m

  --------------------------------------------------
  group:

  Name "":
  [36m<details />[39m

  Name "":
  [36m<details />[39m

  --------------------------------------------------

Ignored nodes: comments, script, style
[36m<body>[39m
  [36m<div>[39m
    [36m<section[39m
      [33mclass[39m=[32m"ui-panel local-ai"[39m
    [36m>[39m
      [36m<header>[39m
        [36m<h2>[39m
          [0mLocal AI · 本地 AI 发现[0m
        [36m</h2>[39m
        [36m<button[39m
          [33maria-expanded[39m=[32m"true"[39m
          [33mclass[39m=[32m"ui-button ui-button--ghost"[39m
        [36m>[39m
          [0m收起[0m
        [36m</button>[39m
      [36m</header>[39m
      [36m<div[39m
        [33mclass[39m=[32m"local-ai__body"[39m
      [36m>[39m
        [36m<p>[39m
          [0m先预览后端主机的检测范围，再明确确认。发现 → 验证 → 注册 → 确认启用；不会启动 Runtime 或加载模型。无需填写路径或端口即可查看已有配置。[0m
        [36m</p>[39m
        [36m<p[39m
          [33mclass[39m=[32m"local-ai__muted"[39m
        [36m>[39m
          [0m范围仅限运行后端的主机（BACKEND_HOST），云端结果不代表你的电脑。未配置模型或跳过检测时，仍可手动创作。[0m
        [36m</p>[39m
        [36m<div[39m
          [33mclass[39m=[32m"local-ai__actions"[39m
        [36m>[39m
          [36m<button[39m
            [33mclass[39m=[32m"ui-button ui-button--primary"[39m
          [36m>[39m
            [0m重新预览检测范围[0m
          [36m</button>[39m
          [36m<button[39m
            [33mclass[39m=[32m"ui-button ui-button--secondary"[39m
          [36m>[39m
            [0m高级：添加本地 Runtime[0m
          [36m</button>[39m
          [36m<button[39m
            [33mclass[39m=[32m"ui-button ui-button--secondary"[39m
          [36m>[39m
            [0m高级：配置扫描目录[0m
          [36m</button>[39m
        [36m</div>[39m
        [36m<div[39m
          [33mclass[39m=[32m"local-ai__summary"[39m
          [33mrole[39m=[32m"status"[39m
        [36m>[39m
          [36m<span[39m
            [33mclass[39m=[32m"ui-badge ui-badge--success"[39m
          [36m>[39m
            [0mCOMPLETED[0m
          [36m</span>[39m
          [36m<span>[39m
            [0m发现 [0m
            [0m1[0m
            [0m 个模型 · 已注册 [0m
            [0m1[0m
            [0m 个 · [0m
            [0m已启用 1 个[0m
            [0m · [0m
            [0m0[0m
            [0m 个 Runtime 可用 · [0m
            [0m0[0m
            [0m 个检测问题[0m
          [36m</span>[39m
        [36m</div>[39m
        [36m<section[39m
          [33maria-label[39m=[32m"系统硬件"[39m
          [33mclass[39m=[32m"local-ai__section"[39m
        [36m>[39m
          [36m<h3>[39m
            [0m系统硬件[0m
          [36m</h3>[39m
          [36m<dl[39m
            [33mclass[39m=[32m"local-ai__facts"[39m
          [36m>[39m
            [36m<div>[39m
              [36m<dt>[39m
                [0m系统 / 架构[0m
              [36m</dt>[39m
              [36m<dd>[39m
                [0m未检测[0m
                [0m / [0m
                [0m未检测[0m
              [36m</dd>[39m
            [36m</div>[39m
            [36m<div>[39m
              [36m<dt>[39m
                [0mCPU[0m
              [36m</dt>[39m
              [36m<dd>[39m
                [0m未检测[0m
              [36m</dd>[39m
            [36m</div>[39m
            [36m<div>[39m
              [36m<dt>[39m
                [0m系统内存[0m
              [36m</dt>[39m
              [36m<dd>[39m
                [0m未检测[0m
              [36m</dd>[39m
            [36m</div>[39m
            [36m<div>[39m
              [36m<dt>[39m
                [0m硬件检测状态[0m
              [36m</dt>[39m
              [36m<dd>[39m
                [0m未检测[0m
              [36m</dd>[39m
            [36m</div>[39m
          [36m</dl>[39m
          [36m<p>[39m
            [0mGPU / 独立显存：未检测[0m
          [36m</p>[39m
        [36m</section>[39m
        [36m<section[39m
          [33maria-label[39m=[32m"Text 文本"[39m
          [33mclass[39m=[32m"local-ai__section"[39m
        [36m>[39m
          [36m<h3>[39m
            [0mText 文本[0m
            [0m（[0m
            [0m2[0m
            [0m）[0m
          [36m</h3>[39m
          [36m<div[39m
            [33mclass[39m=[32m"local-ai__list"[39m
          [36m>[39m
            [36m<article[39m
              [33maria-label[39m=[32m"same-model 本地模型"[39m
            [36m>[39m
              [36m<header>[39m
                [36m<strong>[39m
                  [0msame-model[0m
                [36m</strong>[39m
                [36m<span[39m
                  [33mclass[39m=[32m"ui-badge ui-badge--warning"[39m
                [36m>[39m
                  [0mDISCOVERED[0m
                [36m</span>[39m
              [36m</header>[39m
              [36m<div[39m
                [33mclass[39m=[32m"local-ai__actions"[39m
              [36m>[39m
                [36m<span[39m
                  [33mclass[39m=[32m"ui-badge ui-badge--neutral"[39m
                [36m>[39m
                  [0m本地候选[0m
                [36m</span>[39m
                [36m<span[39m
                  [33mclass[39m=[32m"ui-badge ui-badge--neutral"[39m
                [36m>[39m
                  [0m候选 · 未注册[0m
                [36m</span>[39m
                [36m<span[39m
                  [33mclass[39m=[32m"ui-badge ui-badge--warning"[39m
                [36m>[39m
                  [0m尚未实际生成验证[0m
                [36m</span>[39m
              [36m</div>[39m
              [36m<dl[39m
                [33mclass[39m=[32m"local-ai__facts"[39m
              [36m>[39m
                [36m<div>[39m
                  [36m<dt>[39m
                    [0mRuntime / 来源[0m
                  [36m</dt>[39m
                  [36m<dd>[39m
                    [0mLLAMA_CPP[0m
                    [0m · [0m
                    [0mruntime-a[0m
                    [0m · [0m
                    [0mGGUF[0m
                  [36m</dd>[39m
                [36m</div>[39m
                [36m<div>[39m
                  [36m<dt>[39m
                    [0m模型族 / 模型 ID[0m
                  [36m</dt>[39m
                  [36m<dd>[39m
                    [0mQWEN[0m
                    [0m · [0m
                    [0msame-model[0m
                  [36m</dd>[39m
                [36m</div>[39m
                [36m<div>[39m
                  [36m<dt>[39m
                    [0m声明能力[0m
                  [36m</dt>[39m
                  [36m<dd>[39m
                    [0mTEXT[0m
                  [36m</dd>[39m
                [36m</div>[39m
                [36m<div>[39m
                  [36m<dt>[39m
                    [0m已验证能力[0m
                  [36m</dt>[39m
                  [36m<dd>[39m
                    [0mCAPABILITY_UNVERIFIED[0m
                  [36m</dd>[39m
                [36m</div>[39m
                [36m<div>[39m
                  [36m<dt>[39m
                    [0m只读接入验证[0m
                  [36m</dt>[39m
                  [36m<dd>[39m
                    [0m尚未验证 / 需重新验证[0m
                  [36m</dd>[39m
                [36m</div>[39m
                [36m<div>[39m
                  [36m<dt>[39m
                    [0m兼容性[0m
                  [36m</dt>[39m
                  [36m<dd>[39m
                    [0mNot Verified · 未验证[0m
                  [36m</dd>[39m
                [36m</div>[39m
                [36m<div>[39m
                  [36m<dt>[39m
                    [0m模型路径 / 文件 / 来源[0m
                  [36m</dt>[39m
                  [36m<dd>[39m
                    [36m<details>[39m
                      [36m<summary>[39m
                        [0m高级：查看模型来源详情[0m
                      [36m</summary>[39m
                      [0msame-model.gguf[0m
                    [36m</details>[39m
                  [36m</dd>[39m
                [36m</div>[39m
              [36m</dl>[39m
              [36m<dl[39m
                [33maria-label[39m=[32m"验证依据"[39m
                [33mclass[39m=[32m"local-ai__facts"[39m
              [36m>[39m
                [36m<div>[39m
                  [36m<dt>[39m
                    [0m模型文件[0m
                  [36m</dt>[39m
                  [36m<dd>[39m
                    [0m存在性未独立验证[0m
                  [36m</dd>[39m
                [36m</div>[39m
                [36m<div>[39m
                  [36m<dt>[39m
                    [0m实际生成验证[0m
                  [36m</dt>[39m
                  [36m<dd>[39m
                    [0mNOT_RUN · 尚未运行生成测试[0m
                  [36m</dd>[39m
                [36m</div>[39m
              [36m</dl>[39m
              [36m<div[39m
                [33mclass[39m=[32m"local-ai__actions"[39m
              [36m>[39m
                [36m<button[39m
                  [33mclass[39m=[32m"ui-button ui-button--secondary"[39m
                [36m>[39m
                  [0m验证[0m
                [36m</button>[39m
                [36m<button[39m
                  [33mclass[39m=[32m"ui-button ui-button--secondary"[39m
                  [33mdisabled[39m=[32m""[39m
                  [33mtitle[39m=[32m"请先验证候选模型"[39m
                [36m>[39m
                  [0m注册[0m
                [36m</button>[39m
              [36m</div>[39m
            [36m</article>[39m
            [36m<article[39m
              [33maria-label[39m=[32m"same-model 本地模型"[39m
            [36m>[39m
              [36m<header>[39m
                [36m<strong>[39m
                  [0msame-model[0m
                [36m</strong>[39m
                [36m<span[39m
                  [33mclass[39m=[32m"ui-badge ui-badge--warning"[39m
                [36m>[39m
                  [0mDISCOVERED[0m
                [36m</span>[39m
              [36m</header>[39m
              [36m<div[39m
                [33mclass[39m=[32m"local-ai__actions"[39m
              [36m>[39m
                [36m<span[39m
                  [33mclass[39m=[32m"ui-badge ui-badge--neutral"[39m
                [36m>[39m
                  [0m本地候选[0m
                [36m</span>[39m
                [36m<span[39m
                  [33mclass[39m=[32m"ui-badge ui-badge--success"[39m
                [36m>[39m
                  [0m已启用[0m
                [36m</span>[39m
                [36m<span[39m
                  [33mclass[39m=[32m"ui-badge ui-badge--warning"[39m
                [36m>[39m
                  [0m尚未实际生成验证[0m
                [36m</span>[39m
              [36m</div>[39m
              [36m<dl[39m
                [33mclass[39m=[32m"local-ai__facts"[39m
              [36m>[39m
                [36m<div>[39m
                  [36m<dt>[39m
                    [0mRuntime / 来源[0m
                  [36m</dt>[39m
                  [36m<dd>[39m
                    [0mLLAMA_CPP[0m
                    [0m · [0m
                    [0mruntime-a[0m
                    [0m · [0m
                    [0mGGUF[0m
                  [36m</dd>[39m
                [36m</div>[39m
                [36m<div>[39m
                  [36m<dt>[39m
                    [0m模型族 / 模型 ID[0m
                  [36m</dt>[39m
                  [36m<dd>[39m
                    [0mQWEN[0m
                    [0m · [0m
                    [0msame-model[0m
                  [36m</dd>[39m
                [36m</div>[39m
                [36m<div>[39m
                  [36m<dt>[39m
                    [0m声明能力[0m
                  [36m</dt>[39m
                  [36m<dd>[39m
                    [0mTEXT[0m
                  [36m</dd>[39m
                [36m</div>[39m
                [36m<div>[39m
                  [36m<dt>[39m
                    [0m已验证能力[0m
                  [36m</dt>[39m
                  [36m<dd>[39m
                    [0mCAPABILITY_UNVERIFIED[0m
                  [36m</dd>[39m
                [36m</div>[39m
                [36m<div>[39m
                  [36m<dt>[39m
                    [0m只读接入验证[0m
                  [36m</dt>[39m
                  [36m<dd>[39m
                    [0m尚未验证 / 需重新验证[0m
                  [36m</dd>[39m
                [36m</div>[39m
                [36m<div>[39m
                  [36m<dt>[39m
                    [0m兼容性[0m
                  [36m</dt>[39m
                  [36m<dd>[39m
                    [0mNot Verified · 未验证[0m
                  [36m</dd>[39m
                [36m</div>[39m
                [36m<div>[39m
                  [36m<dt>[39m
                    [0m模型路径 / 文件 / 来源[0m
                  [36m</dt>[39m
                  [36m<dd>[39m
                    [36m<details>[39m
                      [36m<summary>[39m
                        [0m高级：查看模型来源详情[0m
                      [36m</summary>[39m
                      [0msame-model.gguf[0m
                    [36m</details>[39m
                  [36m</dd>[39m
                [36m</div>[39m
              [36m</dl>[39m
              [36m<dl[39m
                [33maria-label[39m=[32m"验证依据"[39m
                [33mclass[39m=[32m"local-ai__facts"[39m
              [36m>[39m
                [36m<div>[39m
                  [36m<dt>[39m
                    [0m模型文件[0m
                  [36m</dt>[39m
                  [36m<dd>[39m
                    [0m存在性未独立验证[0m
                  [36m</dd>[39m
                [36m</div>[39m
                [36m<div>[39m
                  [36m<dt>[39m
                    [0m实际生成验证[0m
                  [36m</dt>[39m
                  [36m<dd>[39m
                    [0mNOT_RUN · 尚未运行生成测试[0m
                  [36m</dd>[39m
                [36m</div>[39m
              [36m</dl>[39m
              [36m<div[39m
                [33mclass[39m=[32m"local-ai__actions"[39m
              [36m>[39m
                [36m<button[39m
                  [33mclass[39m=[32m"ui-button ui-button--secondary"[39m
                [36m>[39m
                  [0m验证[0m
                [36m</button>[39m
                [36m<button[39m
                  [33mclass[39m=[32m"ui-button ui-button--secondary"[39m
                [36m>[39m
                  [0m停用[0m
                [36m</button>[39m
                [36m<button[39m
                  [33mclass[39m=[32m"ui-button ui-button--secondary"[39m
                [36m>[39m
                  [0m配置接入条件[0m
                [36m</button>[39m
                [36m<button[39m
                  [33mclass[39m=[32m"ui-button ui-button--ghost"[39m
                [36m>[39m
                  [0m移除注册[0m
                [36m</button>[39m
              [36m</div>[39m
            [36m</article>[39m
          [36m</div>[39m
        [36m</section>[39m
      [36m</div>[39m
    [36m</section>[39m
  [36m</div>[39m
[36m</body>[39m
 ❯ Object.getElementError node_modules/.pnpm/@testing-library+dom@10.4.1/node_modules/@testing-library/dom/dist/config.js:37:19
 ❯ node_modules/.pnpm/@testing-library+dom@10.4.1/node_modules/@testing-library/dom/dist/query-helpers.js:76:38
 ❯ node_modules/.pnpm/@testing-library+dom@10.4.1/node_modules/@testing-library/dom/dist/query-helpers.js:52:17
 ❯ node_modules/.pnpm/@testing-library+dom@10.4.1/node_modules/@testing-library/dom/dist/query-helpers.js:95:19
 ❯ observationView src/ui/LocalAiModelFiles.test.tsx:38:38
     36| let currentSnapshot: LocalDiscoverySnapshot;
     37| const fetchMock = vi.fn();
     38| const observationView = () => screen.getByRole('region', {name: '本次…
       |                                      ^
     39| const observation = (name = 'same-model.safetensors') => within(observ…
     40| async function mount(owner = context, legacy = false) {
 ❯ observation src/ui/LocalAiModelFiles.test.tsx:39:65
 ❯ src/ui/LocalAiModelFiles.test.tsx:92:32

⎯⎯⎯⎯⎯⎯⎯⎯⎯⎯⎯⎯⎯⎯⎯⎯⎯⎯⎯⎯⎯⎯⎯[5/12]⎯

 FAIL  src/ui/LocalAiModelFiles.test.tsx > V2 same-scan model file observations > accepts exact registration.id linkage but never guesses a registration by name or family
TestingLibraryElementError: Unable to find an accessible element with the role "region" and name "本次扫描的文件与索引观察"

Here are the accessible roles:

  banner:

  Name "":
  [36m<header />[39m

  Name "":
  [36m<header />[39m

  Name "":
  [36m<header />[39m

  --------------------------------------------------
  heading:

  Name "Local AI · 本地 AI 发现":
  [36m<h2 />[39m

  Name "系统硬件":
  [36m<h3 />[39m

  Name "Text 文本（2）":
  [36m<h3 />[39m

  --------------------------------------------------
  button:

  Name "收起":
  [36m<button[39m
    [33maria-expanded[39m=[32m"true"[39m
    [33mclass[39m=[32m"ui-button ui-button--ghost"[39m
  [36m/>[39m

  Name "重新预览检测范围":
  [36m<button[39m
    [33mclass[39m=[32m"ui-button ui-button--primary"[39m
  [36m/>[39m

  Name "高级：添加本地 Runtime":
  [36m<button[39m
    [33mclass[39m=[32m"ui-button ui-button--secondary"[39m
  [36m/>[39m

  Name "高级：配置扫描目录":
  [36m<button[39m
    [33mclass[39m=[32m"ui-button ui-button--secondary"[39m
  [36m/>[39m

  Name "验证":
  [36m<button[39m
    [33mclass[39m=[32m"ui-button ui-button--secondary"[39m
  [36m/>[39m

  Name "停用":
  [36m<button[39m
    [33mclass[39m=[32m"ui-button ui-button--secondary"[39m
  [36m/>[39m

  Name "配置接入条件":
  [36m<button[39m
    [33mclass[39m=[32m"ui-button ui-button--secondary"[39m
  [36m/>[39m

  Name "移除注册":
  [36m<button[39m
    [33mclass[39m=[32m"ui-button ui-button--ghost"[39m
  [36m/>[39m

  Name "验证":
  [36m<button[39m
    [33mclass[39m=[32m"ui-button ui-button--secondary"[39m
  [36m/>[39m

  Name "注册":
  [36m<button[39m
    [33mclass[39m=[32m"ui-button ui-button--secondary"[39m
    [33mdisabled[39m=[32m""[39m
    [33mtitle[39m=[32m"请先验证候选模型"[39m
  [36m/>[39m

  --------------------------------------------------
  paragraph:

  Name "":
  [36m<p />[39m

  Name "":
  [36m<p[39m
    [33mclass[39m=[32m"local-ai__muted"[39m
  [36m/>[39m

  Name "":
  [36m<p />[39m

  --------------------------------------------------
  status:

  Name "":
  [36m<div[39m
    [33mclass[39m=[32m"local-ai__summary"[39m
    [33mrole[39m=[32m"status"[39m
  [36m/>[39m

  --------------------------------------------------
  region:

  Name "系统硬件":
  [36m<section[39m
    [33maria-label[39m=[32m"系统硬件"[39m
    [33mclass[39m=[32m"local-ai__section"[39m
  [36m/>[39m

  Name "Text 文本":
  [36m<section[39m
    [33maria-label[39m=[32m"Text 文本"[39m
    [33mclass[39m=[32m"local-ai__section"[39m
  [36m/>[39m

  --------------------------------------------------
  term:

  Name "":
  [36m<dt />[39m

  Name "":
  [36m<dt />[39m

  Name "":
  [36m<dt />[39m

  Name "":
  [36m<dt />[39m

  Name "":
  [36m<dt />[39m

  Name "":
  [36m<dt />[39m

  Name "":
  [36m<dt />[39m

  Name "":
  [36m<dt />[39m

  Name "":
  [36m<dt />[39m

  Name "":
  [36m<dt />[39m

  Name "":
  [36m<dt />[39m

  Name "":
  [36m<dt />[39m

  Name "":
  [36m<dt />[39m

  Name "":
  [36m<dt />[39m

  Name "":
  [36m<dt />[39m

  Name "":
  [36m<dt />[39m

  Name "":
  [36m<dt />[39m

  Name "":
  [36m<dt />[39m

  Name "":
  [36m<dt />[39m

  Name "":
  [36m<dt />[39m

  Name "":
  [36m<dt />[39m

  Name "":
  [36m<dt />[39m

  --------------------------------------------------
  definition:

  Name "":
  [36m<dd />[39m

  Name "":
  [36m<dd />[39m

  Name "":
  [36m<dd />[39m

  Name "":
  [36m<dd />[39m

  Name "":
  [36m<dd />[39m

  Name "":
  [36m<dd />[39m

  Name "":
  [36m<dd />[39m

  Name "":
  [36m<dd />[39m

  Name "":
  [36m<dd />[39m

  Name "":
  [36m<dd />[39m

  Name "":
  [36m<dd />[39m

  Name "":
  [36m<dd />[39m

  Name "":
  [36m<dd />[39m

  Name "":
  [36m<dd />[39m

  Name "":
  [36m<dd />[39m

  Name "":
  [36m<dd />[39m

  Name "":
  [36m<dd />[39m

  Name "":
  [36m<dd />[39m

  Name "":
  [36m<dd />[39m

  Name "":
  [36m<dd />[39m

  Name "":
  [36m<dd />[39m

  Name "":
  [36m<dd />[39m

  --------------------------------------------------
  article:

  Name "same-model 本地模型":
  [36m<article[39m
    [33maria-label[39m=[32m"same-model 本地模型"[39m
  [36m/>[39m

  Name "same-model 本地模型":
  [36m<article[39m
    [33maria-label[39m=[32m"same-model 本地模型"[39m
  [36m/>[39m

  --------------------------------------------------
  strong:

  Name "":
  [36m<strong />[39m

  Name "":
  [36m<strong />[39m

  --------------------------------------------------
  group:

  Name "":
  [36m<details />[39m

  Name "":
  [36m<details />[39m

  --------------------------------------------------

Ignored nodes: comments, script, style
[36m<body>[39m
  [36m<div>[39m
    [36m<section[39m
      [33mclass[39m=[32m"ui-panel local-ai"[39m
    [36m>[39m
      [36m<header>[39m
        [36m<h2>[39m
          [0mLocal AI · 本地 AI 发现[0m
        [36m</h2>[39m
        [36m<button[39m
          [33maria-expanded[39m=[32m"true"[39m
          [33mclass[39m=[32m"ui-button ui-button--ghost"[39m
        [36m>[39m
          [0m收起[0m
        [36m</button>[39m
      [36m</header>[39m
      [36m<div[39m
        [33mclass[39m=[32m"local-ai__body"[39m
      [36m>[39m
        [36m<p>[39m
          [0m先预览后端主机的检测范围，再明确确认。发现 → 验证 → 注册 → 确认启用；不会启动 Runtime 或加载模型。无需填写路径或端口即可查看已有配置。[0m
        [36m</p>[39m
        [36m<p[39m
          [33mclass[39m=[32m"local-ai__muted"[39m
        [36m>[39m
          [0m范围仅限运行后端的主机（BACKEND_HOST），云端结果不代表你的电脑。未配置模型或跳过检测时，仍可手动创作。[0m
        [36m</p>[39m
        [36m<div[39m
          [33mclass[39m=[32m"local-ai__actions"[39m
        [36m>[39m
          [36m<button[39m
            [33mclass[39m=[32m"ui-button ui-button--primary"[39m
          [36m>[39m
            [0m重新预览检测范围[0m
          [36m</button>[39m
          [36m<button[39m
            [33mclass[39m=[32m"ui-button ui-button--secondary"[39m
          [36m>[39m
            [0m高级：添加本地 Runtime[0m
          [36m</button>[39m
          [36m<button[39m
            [33mclass[39m=[32m"ui-button ui-button--secondary"[39m
          [36m>[39m
            [0m高级：配置扫描目录[0m
          [36m</button>[39m
        [36m</div>[39m
        [36m<div[39m
          [33mclass[39m=[32m"local-ai__summary"[39m
          [33mrole[39m=[32m"status"[39m
        [36m>[39m
          [36m<span[39m
            [33mclass[39m=[32m"ui-badge ui-badge--success"[39m
          [36m>[39m
            [0mCOMPLETED[0m
          [36m</span>[39m
          [36m<span>[39m
            [0m发现 [0m
            [0m2[0m
            [0m 个模型 · 已注册 [0m
            [0m1[0m
            [0m 个 · [0m
            [0m已启用 1 个[0m
            [0m · [0m
            [0m0[0m
            [0m 个 Runtime 可用 · [0m
            [0m0[0m
            [0m 个检测问题[0m
          [36m</span>[39m
        [36m</div>[39m
        [36m<section[39m
          [33maria-label[39m=[32m"系统硬件"[39m
          [33mclass[39m=[32m"local-ai__section"[39m
        [36m>[39m
          [36m<h3>[39m
            [0m系统硬件[0m
          [36m</h3>[39m
          [36m<dl[39m
            [33mclass[39m=[32m"local-ai__facts"[39m
          [36m>[39m
            [36m<div>[39m
              [36m<dt>[39m
                [0m系统 / 架构[0m
              [36m</dt>[39m
              [36m<dd>[39m
                [0m未检测[0m
                [0m / [0m
                [0m未检测[0m
              [36m</dd>[39m
            [36m</div>[39m
            [36m<div>[39m
              [36m<dt>[39m
                [0mCPU[0m
              [36m</dt>[39m
              [36m<dd>[39m
                [0m未检测[0m
              [36m</dd>[39m
            [36m</div>[39m
            [36m<div>[39m
              [36m<dt>[39m
                [0m系统内存[0m
              [36m</dt>[39m
              [36m<dd>[39m
                [0m未检测[0m
              [36m</dd>[39m
            [36m</div>[39m
            [36m<div>[39m
              [36m<dt>[39m
                [0m硬件检测状态[0m
              [36m</dt>[39m
              [36m<dd>[39m
                [0m未检测[0m
              [36m</dd>[39m
            [36m</div>[39m
          [36m</dl>[39m
          [36m<p>[39m
            [0mGPU / 独立显存：未检测[0m
          [36m</p>[39m
        [36m</section>[39m
        [36m<section[39m
          [33maria-label[39m=[32m"Text 文本"[39m
          [33mclass[39m=[32m"local-ai__section"[39m
        [36m>[39m
          [36m<h3>[39m
            [0mText 文本[0m
            [0m（[0m
            [0m2[0m
            [0m）[0m
          [36m</h3>[39m
          [36m<div[39m
            [33mclass[39m=[32m"local-ai__list"[39m
          [36m>[39m
            [36m<article[39m
              [33maria-label[39m=[32m"same-model 本地模型"[39m
            [36m>[39m
              [36m<header>[39m
                [36m<strong>[39m
                  [0msame-model[0m
                [36m</strong>[39m
                [36m<span[39m
                  [33mclass[39m=[32m"ui-badge ui-badge--warning"[39m
                [36m>[39m
                  [0mDISCOVERED[0m
                [36m</span>[39m
              [36m</header>[39m
              [36m<div[39m
                [33mclass[39m=[32m"local-ai__actions"[39m
              [36m>[39m
                [36m<span[39m
                  [33mclass[39m=[32m"ui-badge ui-badge--neutral"[39m
                [36m>[39m
                  [0m本地候选[0m
                [36m</span>[39m
                [36m<span[39m
                  [33mclass[39m=[32m"ui-badge ui-badge--success"[39m
                [36m>[39m
                  [0m已启用[0m
                [36m</span>[39m
                [36m<span[39m
                  [33mclass[39m=[32m"ui-badge ui-badge--warning"[39m
                [36m>[39m
                  [0m尚未实际生成验证[0m
                [36m</span>[39m
              [36m</div>[39m
              [36m<dl[39m
                [33mclass[39m=[32m"local-ai__facts"[39m
              [36m>[39m
                [36m<div>[39m
                  [36m<dt>[39m
                    [0mRuntime / 来源[0m
                  [36m</dt>[39m
                  [36m<dd>[39m
                    [0mLLAMA_CPP[0m
                    [0m · [0m
                    [0mruntime-a[0m
                    [0m · [0m
                    [0mGGUF[0m
                  [36m</dd>[39m
                [36m</div>[39m
                [36m<div>[39m
                  [36m<dt>[39m
                    [0m模型族 / 模型 ID[0m
                  [36m</dt>[39m
                  [36m<dd>[39m
                    [0mQWEN[0m
                    [0m · [0m
                    [0msame-model[0m
                  [36m</dd>[39m
                [36m</div>[39m
                [36m<div>[39m
                  [36m<dt>[39m
                    [0m声明能力[0m
                  [36m</dt>[39m
                  [36m<dd>[39m
                    [0mTEXT[0m
                  [36m</dd>[39m
                [36m</div>[39m
                [36m<div>[39m
                  [36m<dt>[39m
                    [0m已验证能力[0m
                  [36m</dt>[39m
                  [36m<dd>[39m
                    [0mCAPABILITY_UNVERIFIED[0m
                  [36m</dd>[39m
                [36m</div>[39m
                [36m<div>[39m
                  [36m<dt>[39m
                    [0m只读接入验证[0m
                  [36m</dt>[39m
                  [36m<dd>[39m
                    [0m尚未验证 / 需重新验证[0m
                  [36m</dd>[39m
                [36m</div>[39m
                [36m<div>[39m
                  [36m<dt>[39m
                    [0m兼容性[0m
                  [36m</dt>[39m
                  [36m<dd>[39m
                    [0mNot Verified · 未验证[0m
                  [36m</dd>[39m
                [36m</div>[39m
                [36m<div>[39m
                  [36m<dt>[39m
                    [0m模型路径 / 文件 / 来源[0m
                  [36m</dt>[39m
                  [36m<dd>[39m
                    [36m<details>[39m
                      [36m<summary>[39m
                        [0m高级：查看模型来源详情[0m
                      [36m</summary>[39m
                      [0msame-model.gguf[0m
                    [36m</details>[39m
                  [36m</dd>[39m
                [36m</div>[39m
              [36m</dl>[39m
              [36m<dl[39m
                [33maria-label[39m=[32m"验证依据"[39m
                [33mclass[39m=[32m"local-ai__facts"[39m
              [36m>[39m
                [36m<div>[39m
                  [36m<dt>[39m
                    [0m模型文件[0m
                  [36m</dt>[39m
                  [36m<dd>[39m
                    [0m存在性未独立验证[0m
                  [36m</dd>[39m
                [36m</div>[39m
                [36m<div>[39m
                  [36m<dt>[39m
                    [0m实际生成验证[0m
                  [36m</dt>[39m
                  [36m<dd>[39m
                    [0mNOT_RUN · 尚未运行生成测试[0m
                  [36m</dd>[39m
                [36m</div>[39m
              [36m</dl>[39m
              [36m<div[39m
                [33mclass[39m=[32m"local-ai__actions"[39m
              [36m>[39m
                [36m<button[39m
                  [33mclass[39m=[32m"ui-button ui-button--secondary"[39m
                [36m>[39m
                  [0m验证[0m
                [36m</button>[39m
                [36m<button[39m
                  [33mclass[39m=[32m"ui-button ui-button--secondary"[39m
                [36m>[39m
                  [0m停用[0m
                [36m</button>[39m
                [36m<button[39m
                  [33mclass[39m=[32m"ui-button ui-button--secondary"[39m
                [36m>[39m
                  [0m配置接入条件[0m
                [36m</button>[39m
                [36m<button[39m
                  [33mclass[39m=[32m"ui-button ui-button--ghost"[39m
                [36m>[39m
                  [0m移除注册[0m
                [36m</button>[39m
              [36m</div>[39m
            [36m</article>[39m
            [36m<article[39m
              [33maria-label[39m=[32m"same-model 本地模型"[39m
            [36m>[39m
              [36m<header>[39m
                [36m<strong>[39m
                  [0msame-model[0m
                [36m</strong>[39m
                [36m<span[39m
                  [33mclass[39m=[32m"ui-badge ui-badge--warning"[39m
                [36m>[39m
                  [0mDISCOVERED[0m
                [36m</span>[39m
              [36m</header>[39m
              [36m<div[39m
                [33mclass[39m=[32m"local-ai__actions"[39m
              [36m>[39m
                [36m<span[39m
                  [33mclass[39m=[32m"ui-badge ui-badge--neutral"[39m
                [36m>[39m
                  [0m本地候选[0m
                [36m</span>[39m
                [36m<span[39m
                  [33mclass[39m=[32m"ui-badge ui-badge--neutral"[39m
                [36m>[39m
                  [0m候选 · 未注册[0m
                [36m</span>[39m
                [36m<span[39m
                  [33mclass[39m=[32m"ui-badge ui-badge--warning"[39m
                [36m>[39m
                  [0m尚未实际生成验证[0m
                [36m</span>[39m
              [36m</div>[39m
              [36m<dl[39m
                [33mclass[39m=[32m"local-ai__facts"[39m
              [36m>[39m
                [36m<div>[39m
                  [36m<dt>[39m
                    [0mRuntime / 来源[0m
                  [36m</dt>[39m
                  [36m<dd>[39m
                    [0mLLAMA_CPP[0m
                    [0m · [0m
                    [0mruntime-b[0m
                    [0m · [0m
                    [0mGGUF[0m
                  [36m</dd>[39m
                [36m</div>[39m
                [36m<div>[39m
                  [36m<dt>[39m
                    [0m模型族 / 模型 ID[0m
                  [36m</dt>[39m
                  [36m<dd>[39m
                    [0mQWEN[0m
                    [0m · [0m
                    [0msame-model[0m
                  [36m</dd>[39m
                [36m</div>[39m
                [36m<div>[39m
                  [36m<dt>[39m
                    [0m声明能力[0m
                  [36m</dt>[39m
                  [36m<dd>[39m
                    [0mTEXT[0m
                  [36m</dd>[39m
                [36m</div>[39m
                [36m<div>[39m
                  [36m<dt>[39m
                    [0m已验证能力[0m
                  [36m</dt>[39m
                  [36m<dd>[39m
                    [0mCAPABILITY_UNVERIFIED[0m
                  [36m</dd>[39m
                [36m</div>[39m
                [36m<div>[39m
                  [36m<dt>[39m
                    [0m只读接入验证[0m
                  [36m</dt>[39m
                  [36m<dd>[39m
                    [0m尚未验证 / 需重新验证[0m
                  [36m</dd>[39m
                [36m</div>[39m
                [36m<div>[39m
                  [36m<dt>[39m
                    [0m兼容性[0m
                  [36m</dt>[39m
                  [36m<dd>[39m
                    [0mNot Verified · 未验证[0m
                  [36m</dd>[39m
                [36m</div>[39m
                [36m<div>[39m
                  [36m<dt>[39m
                    [0m模型路径 / 文件 / 来源[0m
                  [36m</dt>[39m
                  [36m<dd>[39m
                    [36m<details>[39m
                      [36m<summary>[39m
                        [0m高级：查看模型来源详情[0m
                      [36m</summary>[39m
                      [0msame-model.gguf[0m
                    [36m</details>[39m
                  [36m</dd>[39m
                [36m</div>[39m
              [36m</dl>[39m
              [36m<dl[39m
                [33maria-label[39m=[32m"验证依据"[39m
                [33mclass[39m=[32m"local-ai__facts"[39m
              [36m>[39m
                [36m<div>[39m
                  [36m<dt>[39m
                    [0m模型文件[0m
                  [36m</dt>[39m
                  [36m<dd>[39m
                    [0m存在性未独立验证[0m
                  [36m</dd>[39m
                [36m</div>[39m
                [36m<div>[39m
                  [36m<dt>[39m
                    [0m实际生成验证[0m
                  [36m</dt>[39m
                  [36m<dd>[39m
                    [0mNOT_RUN · 尚未运行生成测试[0m
                  [36m</dd>[39m
                [36m</div>[39m
              [36m</dl>[39m
              [36m<div[39m
                [33mclass[39m=[32m"local-ai__actions"[39m
              [36m>[39m
                [36m<button[39m
                  [33mclass[39m=[32m"ui-button ui-button--secondary"[39m
                [36m>[39m
                  [0m验证[0m
                [36m</button>[39m
                [36m<button[39m
                  [33mclass[39m=[32m"ui-button ui-button--secondary"[39m
                  [33mdisabled[39m=[32m""[39m
                  [33mtitle[39m=[32m"请先验证候选模型"[39m
                [36m>[39m
                  [0m注册[0m
                [36m</button>[39m
              [36m</div>[39m
            [36m</article>[39m
          [36m</div>[39m
        [36m</section>[39m
      [36m</div>[39m
    [36m</section>[39m
  [36m</div>[39m
[36m</body>[39m
 ❯ Object.getElementError node_modules/.pnpm/@testing-library+dom@10.4.1/node_modules/@testing-library/dom/dist/config.js:37:19
 ❯ node_modules/.pnpm/@testing-library+dom@10.4.1/node_modules/@testing-library/dom/dist/query-helpers.js:76:38
 ❯ node_modules/.pnpm/@testing-library+dom@10.4.1/node_modules/@testing-library/dom/dist/query-helpers.js:52:17
 ❯ node_modules/.pnpm/@testing-library+dom@10.4.1/node_modules/@testing-library/dom/dist/query-helpers.js:95:19
 ❯ observationView src/ui/LocalAiModelFiles.test.tsx:38:38
     36| let currentSnapshot: LocalDiscoverySnapshot;
     37| const fetchMock = vi.fn();
     38| const observationView = () => screen.getByRole('region', {name: '本次…
       |                                      ^
     39| const observation = (name = 'same-model.safetensors') => within(observ…
     40| async function mount(owner = context, legacy = false) {
 ❯ observation src/ui/LocalAiModelFiles.test.tsx:39:65
 ❯ src/ui/LocalAiModelFiles.test.tsx:97:32

⎯⎯⎯⎯⎯⎯⎯⎯⎯⎯⎯⎯⎯⎯⎯⎯⎯⎯⎯⎯⎯⎯⎯[6/12]⎯

 FAIL  src/ui/LocalAiModelFiles.test.tsx > V2 same-scan model file observations > retains observations honestly for PARTIAL and reports finite directory outcomes
TestingLibraryElementError: Unable to find an accessible element with the role "region" and name "本次扫描的文件与索引观察"

Here are the accessible roles:

  banner:

  Name "":
  [36m<header />[39m

  --------------------------------------------------
  heading:

  Name "Local AI · 本地 AI 发现":
  [36m<h2 />[39m

  Name "系统硬件":
  [36m<h3 />[39m

  --------------------------------------------------
  button:

  Name "收起":
  [36m<button[39m
    [33maria-expanded[39m=[32m"true"[39m
    [33mclass[39m=[32m"ui-button ui-button--ghost"[39m
  [36m/>[39m

  Name "重新预览检测范围":
  [36m<button[39m
    [33mclass[39m=[32m"ui-button ui-button--primary"[39m
  [36m/>[39m

  Name "高级：添加本地 Runtime":
  [36m<button[39m
    [33mclass[39m=[32m"ui-button ui-button--secondary"[39m
  [36m/>[39m

  Name "高级：配置扫描目录":
  [36m<button[39m
    [33mclass[39m=[32m"ui-button ui-button--secondary"[39m
  [36m/>[39m

  --------------------------------------------------
  paragraph:

  Name "":
  [36m<p />[39m

  Name "":
  [36m<p[39m
    [33mclass[39m=[32m"local-ai__muted"[39m
  [36m/>[39m

  Name "":
  [36m<p />[39m

  Name "":
  [36m<p />[39m

  --------------------------------------------------
  status:

  Name "":
  [36m<div[39m
    [33mclass[39m=[32m"local-ai__summary"[39m
    [33mrole[39m=[32m"status"[39m
  [36m/>[39m

  Name "":
  [36m<div[39m
    [33mclass[39m=[32m"ui-empty"[39m
    [33mrole[39m=[32m"status"[39m
  [36m/>[39m

  --------------------------------------------------
  region:

  Name "系统硬件":
  [36m<section[39m
    [33maria-label[39m=[32m"系统硬件"[39m
    [33mclass[39m=[32m"local-ai__section"[39m
  [36m/>[39m

  --------------------------------------------------
  term:

  Name "":
  [36m<dt />[39m

  Name "":
  [36m<dt />[39m

  Name "":
  [36m<dt />[39m

  Name "":
  [36m<dt />[39m

  --------------------------------------------------
  definition:

  Name "":
  [36m<dd />[39m

  Name "":
  [36m<dd />[39m

  Name "":
  [36m<dd />[39m

  Name "":
  [36m<dd />[39m

  --------------------------------------------------
  strong:

  Name "":
  [36m<strong />[39m

  --------------------------------------------------

Ignored nodes: comments, script, style
[36m<body>[39m
  [36m<div>[39m
    [36m<section[39m
      [33mclass[39m=[32m"ui-panel local-ai"[39m
    [36m>[39m
      [36m<header>[39m
        [36m<h2>[39m
          [0mLocal AI · 本地 AI 发现[0m
        [36m</h2>[39m
        [36m<button[39m
          [33maria-expanded[39m=[32m"true"[39m
          [33mclass[39m=[32m"ui-button ui-button--ghost"[39m
        [36m>[39m
          [0m收起[0m
        [36m</button>[39m
      [36m</header>[39m
      [36m<div[39m
        [33mclass[39m=[32m"local-ai__body"[39m
      [36m>[39m
        [36m<p>[39m
          [0m先预览后端主机的检测范围，再明确确认。发现 → 验证 → 注册 → 确认启用；不会启动 Runtime 或加载模型。无需填写路径或端口即可查看已有配置。[0m
        [36m</p>[39m
        [36m<p[39m
          [33mclass[39m=[32m"local-ai__muted"[39m
        [36m>[39m
          [0m范围仅限运行后端的主机（BACKEND_HOST），云端结果不代表你的电脑。未配置模型或跳过检测时，仍可手动创作。[0m
        [36m</p>[39m
        [36m<div[39m
          [33mclass[39m=[32m"local-ai__actions"[39m
        [36m>[39m
          [36m<button[39m
            [33mclass[39m=[32m"ui-button ui-button--primary"[39m
          [36m>[39m
            [0m重新预览检测范围[0m
          [36m</button>[39m
          [36m<button[39m
            [33mclass[39m=[32m"ui-button ui-button--secondary"[39m
          [36m>[39m
            [0m高级：添加本地 Runtime[0m
          [36m</button>[39m
          [36m<button[39m
            [33mclass[39m=[32m"ui-button ui-button--secondary"[39m
          [36m>[39m
            [0m高级：配置扫描目录[0m
          [36m</button>[39m
        [36m</div>[39m
        [36m<div[39m
          [33mclass[39m=[32m"local-ai__summary"[39m
          [33mrole[39m=[32m"status"[39m
        [36m>[39m
          [36m<span[39m
            [33mclass[39m=[32m"ui-badge ui-badge--warning"[39m
          [36m>[39m
            [0mPARTIAL[0m
          [36m</span>[39m
          [36m<span>[39m
            [0m发现 [0m
            [0m0[0m
            [0m 个模型 · 已注册 [0m
            [0m0[0m
            [0m 个 · [0m
            [0m已启用 0 个[0m
            [0m · [0m
            [0m0[0m
            [0m 个 Runtime 可用 · [0m
            [0m0[0m
            [0m 个检测问题[0m
          [36m</span>[39m
        [36m</div>[39m
        [36m<section[39m
          [33maria-label[39m=[32m"系统硬件"[39m
          [33mclass[39m=[32m"local-ai__section"[39m
        [36m>[39m
          [36m<h3>[39m
            [0m系统硬件[0m
          [36m</h3>[39m
          [36m<dl[39m
            [33mclass[39m=[32m"local-ai__facts"[39m
          [36m>[39m
            [36m<div>[39m
              [36m<dt>[39m
                [0m系统 / 架构[0m
              [36m</dt>[39m
              [36m<dd>[39m
                [0m未检测[0m
                [0m / [0m
                [0m未检测[0m
              [36m</dd>[39m
            [36m</div>[39m
            [36m<div>[39m
              [36m<dt>[39m
                [0mCPU[0m
              [36m</dt>[39m
              [36m<dd>[39m
                [0m未检测[0m
              [36m</dd>[39m
            [36m</div>[39m
            [36m<div>[39m
              [36m<dt>[39m
                [0m系统内存[0m
              [36m</dt>[39m
              [36m<dd>[39m
                [0m未检测[0m
              [36m</dd>[39m
            [36m</div>[39m
            [36m<div>[39m
              [36m<dt>[39m
                [0m硬件检测状态[0m
              [36m</dt>[39m
              [36m<dd>[39m
                [0m未检测[0m
              [36m</dd>[39m
            [36m</div>[39m
          [36m</dl>[39m
          [36m<p>[39m
            [0mGPU / 独立显存：未检测[0m
          [36m</p>[39m
        [36m</section>[39m
        [36m<div[39m
          [33mclass[39m=[32m"ui-empty"[39m
          [33mrole[39m=[32m"status"[39m
        [36m>[39m
          [36m<strong>[39m
            [0m尚未发现模型[0m
          [36m</strong>[39m
          [36m<p>[39m
            [0m未配置或未发现可用模型时，可继续手动创作。可先预览已有服务；自定义路径与端口仅用于高级配置。[0m
          [36m</p>[39m
        [36m</div>[39m
      [36m</div>[39m
    [36m</section>[39m
  [36m</div>[39m
[36m</body>[39m
 ❯ Object.getElementError node_modules/.pnpm/@testing-library+dom@10.4.1/node_modules/@testing-library/dom/dist/config.js:37:19
 ❯ node_modules/.pnpm/@testing-library+dom@10.4.1/node_modules/@testing-library/dom/dist/query-helpers.js:76:38
 ❯ node_modules/.pnpm/@testing-library+dom@10.4.1/node_modules/@testing-library/dom/dist/query-helpers.js:52:17
 ❯ node_modules/.pnpm/@testing-library+dom@10.4.1/node_modules/@testing-library/dom/dist/query-helpers.js:95:19
 ❯ observationView src/ui/LocalAiModelFiles.test.tsx:38:38
     36| let currentSnapshot: LocalDiscoverySnapshot;
     37| const fetchMock = vi.fn();
     38| const observationView = () => screen.getByRole('region', {name: '本次…
       |                                      ^
     39| const observation = (name = 'same-model.safetensors') => within(observ…
     40| async function mount(owner = context, legacy = false) {
 ❯ src/ui/LocalAiModelFiles.test.tsx:102:33

⎯⎯⎯⎯⎯⎯⎯⎯⎯⎯⎯⎯⎯⎯⎯⎯⎯⎯⎯⎯⎯⎯⎯[7/12]⎯

 FAIL  src/ui/LocalAiModelFiles.test.tsx > V2 same-scan model file observations > retains observations honestly for CANCELLED and reports finite directory outcomes
TestingLibraryElementError: Unable to find an accessible element with the role "region" and name "本次扫描的文件与索引观察"

Here are the accessible roles:

  banner:

  Name "":
  [36m<header />[39m

  --------------------------------------------------
  heading:

  Name "Local AI · 本地 AI 发现":
  [36m<h2 />[39m

  Name "系统硬件":
  [36m<h3 />[39m

  --------------------------------------------------
  button:

  Name "收起":
  [36m<button[39m
    [33maria-expanded[39m=[32m"true"[39m
    [33mclass[39m=[32m"ui-button ui-button--ghost"[39m
  [36m/>[39m

  Name "重新预览检测范围":
  [36m<button[39m
    [33mclass[39m=[32m"ui-button ui-button--primary"[39m
  [36m/>[39m

  Name "高级：添加本地 Runtime":
  [36m<button[39m
    [33mclass[39m=[32m"ui-button ui-button--secondary"[39m
  [36m/>[39m

  Name "高级：配置扫描目录":
  [36m<button[39m
    [33mclass[39m=[32m"ui-button ui-button--secondary"[39m
  [36m/>[39m

  --------------------------------------------------
  paragraph:

  Name "":
  [36m<p />[39m

  Name "":
  [36m<p[39m
    [33mclass[39m=[32m"local-ai__muted"[39m
  [36m/>[39m

  Name "":
  [36m<p />[39m

  Name "":
  [36m<p />[39m

  --------------------------------------------------
  status:

  Name "":
  [36m<div[39m
    [33mclass[39m=[32m"local-ai__summary"[39m
    [33mrole[39m=[32m"status"[39m
  [36m/>[39m

  Name "":
  [36m<div[39m
    [33mclass[39m=[32m"ui-empty"[39m
    [33mrole[39m=[32m"status"[39m
  [36m/>[39m

  --------------------------------------------------
  region:

  Name "系统硬件":
  [36m<section[39m
    [33maria-label[39m=[32m"系统硬件"[39m
    [33mclass[39m=[32m"local-ai__section"[39m
  [36m/>[39m

  --------------------------------------------------
  term:

  Name "":
  [36m<dt />[39m

  Name "":
  [36m<dt />[39m

  Name "":
  [36m<dt />[39m

  Name "":
  [36m<dt />[39m

  --------------------------------------------------
  definition:

  Name "":
  [36m<dd />[39m

  Name "":
  [36m<dd />[39m

  Name "":
  [36m<dd />[39m

  Name "":
  [36m<dd />[39m

  --------------------------------------------------
  strong:

  Name "":
  [36m<strong />[39m

  --------------------------------------------------

Ignored nodes: comments, script, style
[36m<body>[39m
  [36m<div>[39m
    [36m<section[39m
      [33mclass[39m=[32m"ui-panel local-ai"[39m
    [36m>[39m
      [36m<header>[39m
        [36m<h2>[39m
          [0mLocal AI · 本地 AI 发现[0m
        [36m</h2>[39m
        [36m<button[39m
          [33maria-expanded[39m=[32m"true"[39m
          [33mclass[39m=[32m"ui-button ui-button--ghost"[39m
        [36m>[39m
          [0m收起[0m
        [36m</button>[39m
      [36m</header>[39m
      [36m<div[39m
        [33mclass[39m=[32m"local-ai__body"[39m
      [36m>[39m
        [36m<p>[39m
          [0m先预览后端主机的检测范围，再明确确认。发现 → 验证 → 注册 → 确认启用；不会启动 Runtime 或加载模型。无需填写路径或端口即可查看已有配置。[0m
        [36m</p>[39m
        [36m<p[39m
          [33mclass[39m=[32m"local-ai__muted"[39m
        [36m>[39m
          [0m范围仅限运行后端的主机（BACKEND_HOST），云端结果不代表你的电脑。未配置模型或跳过检测时，仍可手动创作。[0m
        [36m</p>[39m
        [36m<div[39m
          [33mclass[39m=[32m"local-ai__actions"[39m
        [36m>[39m
          [36m<button[39m
            [33mclass[39m=[32m"ui-button ui-button--primary"[39m
          [36m>[39m
            [0m重新预览检测范围[0m
          [36m</button>[39m
          [36m<button[39m
            [33mclass[39m=[32m"ui-button ui-button--secondary"[39m
          [36m>[39m
            [0m高级：添加本地 Runtime[0m
          [36m</button>[39m
          [36m<button[39m
            [33mclass[39m=[32m"ui-button ui-button--secondary"[39m
          [36m>[39m
            [0m高级：配置扫描目录[0m
          [36m</button>[39m
        [36m</div>[39m
        [36m<div[39m
          [33mclass[39m=[32m"local-ai__summary"[39m
          [33mrole[39m=[32m"status"[39m
        [36m>[39m
          [36m<span[39m
            [33mclass[39m=[32m"ui-badge ui-badge--neutral"[39m
          [36m>[39m
            [0mCANCELLED[0m
          [36m</span>[39m
          [36m<span>[39m
            [0m发现 [0m
            [0m0[0m
            [0m 个模型 · 已注册 [0m
            [0m0[0m
            [0m 个 · [0m
            [0m已启用 0 个[0m
            [0m · [0m
            [0m0[0m
            [0m 个 Runtime 可用 · [0m
            [0m0[0m
            [0m 个检测问题[0m
          [36m</span>[39m
          [36m<span>[39m
            [0m扫描已取消，保留已发现结果。[0m
          [36m</span>[39m
        [36m</div>[39m
        [36m<section[39m
          [33maria-label[39m=[32m"系统硬件"[39m
          [33mclass[39m=[32m"local-ai__section"[39m
        [36m>[39m
          [36m<h3>[39m
            [0m系统硬件[0m
          [36m</h3>[39m
          [36m<dl[39m
            [33mclass[39m=[32m"local-ai__facts"[39m
          [36m>[39m
            [36m<div>[39m
              [36m<dt>[39m
                [0m系统 / 架构[0m
              [36m</dt>[39m
              [36m<dd>[39m
                [0m未检测[0m
                [0m / [0m
                [0m未检测[0m
              [36m</dd>[39m
            [36m</div>[39m
            [36m<div>[39m
              [36m<dt>[39m
                [0mCPU[0m
              [36m</dt>[39m
              [36m<dd>[39m
                [0m未检测[0m
              [36m</dd>[39m
            [36m</div>[39m
            [36m<div>[39m
              [36m<dt>[39m
                [0m系统内存[0m
              [36m</dt>[39m
              [36m<dd>[39m
                [0m未检测[0m
              [36m</dd>[39m
            [36m</div>[39m
            [36m<div>[39m
              [36m<dt>[39m
                [0m硬件检测状态[0m
              [36m</dt>[39m
              [36m<dd>[39m
                [0m未检测[0m
              [36m</dd>[39m
            [36m</div>[39m
          [36m</dl>[39m
          [36m<p>[39m
            [0mGPU / 独立显存：未检测[0m
          [36m</p>[39m
        [36m</section>[39m
        [36m<div[39m
          [33mclass[39m=[32m"ui-empty"[39m
          [33mrole[39m=[32m"status"[39m
        [36m>[39m
          [36m<strong>[39m
            [0m尚未发现模型[0m
          [36m</strong>[39m
          [36m<p>[39m
            [0m未配置或未发现可用模型时，可继续手动创作。可先预览已有服务；自定义路径与端口仅用于高级配置。[0m
          [36m</p>[39m
        [36m</div>[39m
      [36m</div>[39m
    [36m</section>[39m
  [36m</div>[39m
[36m</body>[39m
 ❯ Object.getElementError node_modules/.pnpm/@testing-library+dom@10.4.1/node_modules/@testing-library/dom/dist/config.js:37:19
 ❯ node_modules/.pnpm/@testing-library+dom@10.4.1/node_modules/@testing-library/dom/dist/query-helpers.js:76:38
 ❯ node_modules/.pnpm/@testing-library+dom@10.4.1/node_modules/@testing-library/dom/dist/query-helpers.js:52:17
 ❯ node_modules/.pnpm/@testing-library+dom@10.4.1/node_modules/@testing-library/dom/dist/query-helpers.js:95:19
 ❯ observationView src/ui/LocalAiModelFiles.test.tsx:38:38
     36| let currentSnapshot: LocalDiscoverySnapshot;
     37| const fetchMock = vi.fn();
     38| const observationView = () => screen.getByRole('region', {name: '本次…
       |                                      ^
     39| const observation = (name = 'same-model.safetensors') => within(observ…
     40| async function mount(owner = context, legacy = false) {
 ❯ src/ui/LocalAiModelFiles.test.tsx:102:33

⎯⎯⎯⎯⎯⎯⎯⎯⎯⎯⎯⎯⎯⎯⎯⎯⎯⎯⎯⎯⎯⎯⎯[8/12]⎯

 FAIL  src/ui/LocalAiModelFiles.test.tsx > V2 same-scan model file observations > distinguishes empty observations from a schema-2 scan that did not return observations or roots
TestingLibraryElementError: Unable to find an accessible element with the role "region" and name "本次扫描的文件与索引观察"

Here are the accessible roles:

  banner:

  Name "":
  [36m<header />[39m

  --------------------------------------------------
  heading:

  Name "Local AI · 本地 AI 发现":
  [36m<h2 />[39m

  Name "系统硬件":
  [36m<h3 />[39m

  --------------------------------------------------
  button:

  Name "收起":
  [36m<button[39m
    [33maria-expanded[39m=[32m"true"[39m
    [33mclass[39m=[32m"ui-button ui-button--ghost"[39m
  [36m/>[39m

  Name "重新预览检测范围":
  [36m<button[39m
    [33mclass[39m=[32m"ui-button ui-button--primary"[39m
  [36m/>[39m

  Name "高级：添加本地 Runtime":
  [36m<button[39m
    [33mclass[39m=[32m"ui-button ui-button--secondary"[39m
  [36m/>[39m

  Name "高级：配置扫描目录":
  [36m<button[39m
    [33mclass[39m=[32m"ui-button ui-button--secondary"[39m
  [36m/>[39m

  --------------------------------------------------
  paragraph:

  Name "":
  [36m<p />[39m

  Name "":
  [36m<p[39m
    [33mclass[39m=[32m"local-ai__muted"[39m
  [36m/>[39m

  Name "":
  [36m<p />[39m

  Name "":
  [36m<p />[39m

  --------------------------------------------------
  status:

  Name "":
  [36m<div[39m
    [33mclass[39m=[32m"local-ai__summary"[39m
    [33mrole[39m=[32m"status"[39m
  [36m/>[39m

  Name "":
  [36m<div[39m
    [33mclass[39m=[32m"ui-empty"[39m
    [33mrole[39m=[32m"status"[39m
  [36m/>[39m

  --------------------------------------------------
  region:

  Name "系统硬件":
  [36m<section[39m
    [33maria-label[39m=[32m"系统硬件"[39m
    [33mclass[39m=[32m"local-ai__section"[39m
  [36m/>[39m

  --------------------------------------------------
  term:

  Name "":
  [36m<dt />[39m

  Name "":
  [36m<dt />[39m

  Name "":
  [36m<dt />[39m

  Name "":
  [36m<dt />[39m

  --------------------------------------------------
  definition:

  Name "":
  [36m<dd />[39m

  Name "":
  [36m<dd />[39m

  Name "":
  [36m<dd />[39m

  Name "":
  [36m<dd />[39m

  --------------------------------------------------
  strong:

  Name "":
  [36m<strong />[39m

  --------------------------------------------------

Ignored nodes: comments, script, style
[36m<body>[39m
  [36m<div>[39m
    [36m<section[39m
      [33mclass[39m=[32m"ui-panel local-ai"[39m
    [36m>[39m
      [36m<header>[39m
        [36m<h2>[39m
          [0mLocal AI · 本地 AI 发现[0m
        [36m</h2>[39m
        [36m<button[39m
          [33maria-expanded[39m=[32m"true"[39m
          [33mclass[39m=[32m"ui-button ui-button--ghost"[39m
        [36m>[39m
          [0m收起[0m
        [36m</button>[39m
      [36m</header>[39m
      [36m<div[39m
        [33mclass[39m=[32m"local-ai__body"[39m
      [36m>[39m
        [36m<p>[39m
          [0m先预览后端主机的检测范围，再明确确认。发现 → 验证 → 注册 → 确认启用；不会启动 Runtime 或加载模型。无需填写路径或端口即可查看已有配置。[0m
        [36m</p>[39m
        [36m<p[39m
          [33mclass[39m=[32m"local-ai__muted"[39m
        [36m>[39m
          [0m范围仅限运行后端的主机（BACKEND_HOST），云端结果不代表你的电脑。未配置模型或跳过检测时，仍可手动创作。[0m
        [36m</p>[39m
        [36m<div[39m
          [33mclass[39m=[32m"local-ai__actions"[39m
        [36m>[39m
          [36m<button[39m
            [33mclass[39m=[32m"ui-button ui-button--primary"[39m
          [36m>[39m
            [0m重新预览检测范围[0m
          [36m</button>[39m
          [36m<button[39m
            [33mclass[39m=[32m"ui-button ui-button--secondary"[39m
          [36m>[39m
            [0m高级：添加本地 Runtime[0m
          [36m</button>[39m
          [36m<button[39m
            [33mclass[39m=[32m"ui-button ui-button--secondary"[39m
          [36m>[39m
            [0m高级：配置扫描目录[0m
          [36m</button>[39m
        [36m</div>[39m
        [36m<div[39m
          [33mclass[39m=[32m"local-ai__summary"[39m
          [33mrole[39m=[32m"status"[39m
        [36m>[39m
          [36m<span[39m
            [33mclass[39m=[32m"ui-badge ui-badge--success"[39m
          [36m>[39m
            [0mCOMPLETED[0m
          [36m</span>[39m
          [36m<span>[39m
            [0m发现 [0m
            [0m0[0m
            [0m 个模型 · 已注册 [0m
            [0m0[0m
            [0m 个 · [0m
            [0m已启用 0 个[0m
            [0m · [0m
            [0m0[0m
            [0m 个 Runtime 可用 · [0m
            [0m0[0m
            [0m 个检测问题[0m
          [36m</span>[39m
        [36m</div>[39m
        [36m<section[39m
          [33maria-label[39m=[32m"系统硬件"[39m
          [33mclass[39m=[32m"local-ai__section"[39m
        [36m>[39m
          [36m<h3>[39m
            [0m系统硬件[0m
          [36m</h3>[39m
          [36m<dl[39m
            [33mclass[39m=[32m"local-ai__facts"[39m
          [36m>[39m
            [36m<div>[39m
              [36m<dt>[39m
                [0m系统 / 架构[0m
              [36m</dt>[39m
              [36m<dd>[39m
                [0m未检测[0m
                [0m / [0m
                [0m未检测[0m
              [36m</dd>[39m
            [36m</div>[39m
            [36m<div>[39m
              [36m<dt>[39m
                [0mCPU[0m
              [36m</dt>[39m
              [36m<dd>[39m
                [0m未检测[0m
              [36m</dd>[39m
            [36m</div>[39m
            [36m<div>[39m
              [36m<dt>[39m
                [0m系统内存[0m
              [36m</dt>[39m
              [36m<dd>[39m
                [0m未检测[0m
              [36m</dd>[39m
            [36m</div>[39m
            [36m<div>[39m
              [36m<dt>[39m
                [0m硬件检测状态[0m
              [36m</dt>[39m
              [36m<dd>[39m
                [0m未检测[0m
              [36m</dd>[39m
            [36m</div>[39m
          [36m</dl>[39m
          [36m<p>[39m
            [0mGPU / 独立显存：未检测[0m
          [36m</p>[39m
        [36m</section>[39m
        [36m<div[39m
          [33mclass[39m=[32m"ui-empty"[39m
          [33mrole[39m=[32m"status"[39m
        [36m>[39m
          [36m<strong>[39m
            [0m尚未发现模型[0m
          [36m</strong>[39m
          [36m<p>[39m
            [0m未配置或未发现可用模型时，可继续手动创作。可先预览已有服务；自定义路径与端口仅用于高级配置。[0m
          [36m</p>[39m
        [36m</div>[39m
      [36m</div>[39m
    [36m</section>[39m
  [36m</div>[39m
[36m</body>[39m
 ❯ Object.getElementError node_modules/.pnpm/@testing-library+dom@10.4.1/node_modules/@testing-library/dom/dist/config.js:37:19
 ❯ node_modules/.pnpm/@testing-library+dom@10.4.1/node_modules/@testing-library/dom/dist/query-helpers.js:76:38
 ❯ node_modules/.pnpm/@testing-library+dom@10.4.1/node_modules/@testing-library/dom/dist/query-helpers.js:52:17
 ❯ node_modules/.pnpm/@testing-library+dom@10.4.1/node_modules/@testing-library/dom/dist/query-helpers.js:95:19
 ❯ observationView src/ui/LocalAiModelFiles.test.tsx:38:38
     36| let currentSnapshot: LocalDiscoverySnapshot;
     37| const fetchMock = vi.fn();
     38| const observationView = () => screen.getByRole('region', {name: '本次…
       |                                      ^
     39| const observation = (name = 'same-model.safetensors') => within(observ…
     40| async function mount(owner = context, legacy = false) {
 ❯ src/ui/LocalAiModelFiles.test.tsx:109:12

⎯⎯⎯⎯⎯⎯⎯⎯⎯⎯⎯⎯⎯⎯⎯⎯⎯⎯⎯⎯⎯⎯⎯[9/12]⎯

 FAIL  src/ui/LocalAiModelFiles.test.tsx > V2 same-scan model file observations > marks registration status pending after an uncertain write and replaces observations on explicit recovery
TestingLibraryElementError: Unable to find an accessible element with the role "region" and name "本次扫描的文件与索引观察"

Here are the accessible roles:

  banner:

  Name "":
  [36m<header />[39m

  Name "":
  [36m<header />[39m

  --------------------------------------------------
  heading:

  Name "Local AI · 本地 AI 发现":
  [36m<h2 />[39m

  Name "系统硬件":
  [36m<h3 />[39m

  Name "Text 文本（1）":
  [36m<h3 />[39m

  --------------------------------------------------
  button:

  Name "收起":
  [36m<button[39m
    [33maria-expanded[39m=[32m"true"[39m
    [33mclass[39m=[32m"ui-button ui-button--ghost"[39m
  [36m/>[39m

  Name "重新预览检测范围":
  [36m<button[39m
    [33mclass[39m=[32m"ui-button ui-button--primary"[39m
    [33mdisabled[39m=[32m""[39m
  [36m/>[39m

  Name "高级：添加本地 Runtime":
  [36m<button[39m
    [33mclass[39m=[32m"ui-button ui-button--secondary"[39m
    [33mdisabled[39m=[32m""[39m
  [36m/>[39m

  Name "高级：配置扫描目录":
  [36m<button[39m
    [33mclass[39m=[32m"ui-button ui-button--secondary"[39m
    [33mdisabled[39m=[32m""[39m
  [36m/>[39m

  Name "重新读取状态":
  [36m<button[39m
    [33mclass[39m=[32m"ui-button ui-button--secondary"[39m
  [36m/>[39m

  Name "验证":
  [36m<button[39m
    [33mclass[39m=[32m"ui-button ui-button--secondary"[39m
    [33mdisabled[39m=[32m""[39m
  [36m/>[39m

  Name "停用":
  [36m<button[39m
    [33mclass[39m=[32m"ui-button ui-button--secondary"[39m
    [33mdisabled[39m=[32m""[39m
  [36m/>[39m

  Name "配置接入条件":
  [36m<button[39m
    [33mclass[39m=[32m"ui-button ui-button--secondary"[39m
    [33mdisabled[39m=[32m""[39m
  [36m/>[39m

  Name "移除注册":
  [36m<button[39m
    [33mclass[39m=[32m"ui-button ui-button--ghost"[39m
    [33mdisabled[39m=[32m""[39m
  [36m/>[39m

  --------------------------------------------------
  paragraph:

  Name "":
  [36m<p />[39m

  Name "":
  [36m<p[39m
    [33mclass[39m=[32m"local-ai__muted"[39m
  [36m/>[39m

  Name "":
  [36m<p />[39m

  --------------------------------------------------
  alert:

  Name "":
  [36m<div[39m
    [33mclass[39m=[32m"ui-status-message ui-status-message--error"[39m
    [33mrole[39m=[32m"alert"[39m
  [36m/>[39m

  --------------------------------------------------
  status:

  Name "":
  [36m<div[39m
    [33mclass[39m=[32m"ui-status-message ui-status-message--warning"[39m
    [33mrole[39m=[32m"status"[39m
  [36m/>[39m

  Name "":
  [36m<div[39m
    [33mclass[39m=[32m"local-ai__summary"[39m
    [33mrole[39m=[32m"status"[39m
  [36m/>[39m

  --------------------------------------------------
  region:

  Name "系统硬件":
  [36m<section[39m
    [33maria-label[39m=[32m"系统硬件"[39m
    [33mclass[39m=[32m"local-ai__section"[39m
  [36m/>[39m

  Name "Text 文本":
  [36m<section[39m
    [33maria-label[39m=[32m"Text 文本"[39m
    [33mclass[39m=[32m"local-ai__section"[39m
  [36m/>[39m

  --------------------------------------------------
  term:

  Name "":
  [36m<dt />[39m

  Name "":
  [36m<dt />[39m

  Name "":
  [36m<dt />[39m

  Name "":
  [36m<dt />[39m

  Name "":
  [36m<dt />[39m

  Name "":
  [36m<dt />[39m

  Name "":
  [36m<dt />[39m

  Name "":
  [36m<dt />[39m

  Name "":
  [36m<dt />[39m

  Name "":
  [36m<dt />[39m

  Name "":
  [36m<dt />[39m

  Name "":
  [36m<dt />[39m

  Name "":
  [36m<dt />[39m

  --------------------------------------------------
  definition:

  Name "":
  [36m<dd />[39m

  Name "":
  [36m<dd />[39m

  Name "":
  [36m<dd />[39m

  Name "":
  [36m<dd />[39m

  Name "":
  [36m<dd />[39m

  Name "":
  [36m<dd />[39m

  Name "":
  [36m<dd />[39m

  Name "":
  [36m<dd />[39m

  Name "":
  [36m<dd />[39m

  Name "":
  [36m<dd />[39m

  Name "":
  [36m<dd />[39m

  Name "":
  [36m<dd />[39m

  Name "":
  [36m<dd />[39m

  --------------------------------------------------
  article:

  Name "same-model 本地模型":
  [36m<article[39m
    [33maria-label[39m=[32m"same-model 本地模型"[39m
  [36m/>[39m

  --------------------------------------------------
  strong:

  Name "":
  [36m<strong />[39m

  --------------------------------------------------
  group:

  Name "":
  [36m<details />[39m

  --------------------------------------------------

Ignored nodes: comments, script, style
[36m<body>[39m
  [36m<div>[39m
    [36m<section[39m
      [33mclass[39m=[32m"ui-panel local-ai"[39m
    [36m>[39m
      [36m<header>[39m
        [36m<h2>[39m
          [0mLocal AI · 本地 AI 发现[0m
        [36m</h2>[39m
        [36m<button[39m
          [33maria-expanded[39m=[32m"true"[39m
          [33mclass[39m=[32m"ui-button ui-button--ghost"[39m
        [36m>[39m
          [0m收起[0m
        [36m</button>[39m
      [36m</header>[39m
      [36m<div[39m
        [33mclass[39m=[32m"local-ai__body"[39m
      [36m>[39m
        [36m<p>[39m
          [0m先预览后端主机的检测范围，再明确确认。发现 → 验证 → 注册 → 确认启用；不会启动 Runtime 或加载模型。无需填写路径或端口即可查看已有配置。[0m
        [36m</p>[39m
        [36m<p[39m
          [33mclass[39m=[32m"local-ai__muted"[39m
        [36m>[39m
          [0m范围仅限运行后端的主机（BACKEND_HOST），云端结果不代表你的电脑。未配置模型或跳过检测时，仍可手动创作。[0m
        [36m</p>[39m
        [36m<div[39m
          [33mclass[39m=[32m"ui-status-message ui-status-message--error"[39m
          [33mrole[39m=[32m"alert"[39m
        [36m>[39m
          [0m本地 AI 操作未完成（MODEL_CHANGED）。已有结果已保留，请重试。 状态重新读取失败，请重新读取后再操作。[0m
        [36m</div>[39m
        [36m<div[39m
          [33mclass[39m=[32m"ui-status-message ui-status-message--warning"[39m
          [33mrole[39m=[32m"status"[39m
        [36m>[39m
          [0m当前启用状态尚未确认；重新读取成功前，所有接入变更已暂时禁用。[0m
        [36m</div>[39m
        [36m<div[39m
          [33mclass[39m=[32m"local-ai__actions"[39m
        [36m>[39m
          [36m<button[39m
            [33mclass[39m=[32m"ui-button ui-button--primary"[39m
            [33mdisabled[39m=[32m""[39m
          [36m>[39m
            [0m重新预览检测范围[0m
          [36m</button>[39m
          [36m<button[39m
            [33mclass[39m=[32m"ui-button ui-button--secondary"[39m
            [33mdisabled[39m=[32m""[39m
          [36m>[39m
            [0m高级：添加本地 Runtime[0m
          [36m</button>[39m
          [36m<button[39m
            [33mclass[39m=[32m"ui-button ui-button--secondary"[39m
            [33mdisabled[39m=[32m""[39m
          [36m>[39m
            [0m高级：配置扫描目录[0m
          [36m</button>[39m
          [36m<button[39m
            [33mclass[39m=[32m"ui-button ui-button--secondary"[39m
          [36m>[39m
            [0m重新读取状态[0m
          [36m</button>[39m
        [36m</div>[39m
        [36m<div[39m
          [33mclass[39m=[32m"local-ai__summary"[39m
          [33mrole[39m=[32m"status"[39m
        [36m>[39m
          [36m<span[39m
            [33mclass[39m=[32m"ui-badge ui-badge--success"[39m
          [36m>[39m
            [0mCOMPLETED[0m
          [36m</span>[39m
          [36m<span>[39m
            [0m发现 [0m
            [0m1[0m
            [0m 个模型 · 已注册 [0m
            [0m1[0m
            [0m 个 · [0m
            [0m启用状态待确认[0m
            [0m · [0m
            [0m0[0m
            [0m 个 Runtime 可用 · [0m
            [0m0[0m
            [0m 个检测问题[0m
          [36m</span>[39m
        [36m</div>[39m
        [36m<section[39m
          [33maria-label[39m=[32m"系统硬件"[39m
          [33mclass[39m=[32m"local-ai__section"[39m
        [36m>[39m
          [36m<h3>[39m
            [0m系统硬件[0m
          [36m</h3>[39m
          [36m<dl[39m
            [33mclass[39m=[32m"local-ai__facts"[39m
          [36m>[39m
            [36m<div>[39m
              [36m<dt>[39m
                [0m系统 / 架构[0m
              [36m</dt>[39m
              [36m<dd>[39m
                [0m未检测[0m
                [0m / [0m
                [0m未检测[0m
              [36m</dd>[39m
            [36m</div>[39m
            [36m<div>[39m
              [36m<dt>[39m
                [0mCPU[0m
              [36m</dt>[39m
              [36m<dd>[39m
                [0m未检测[0m
              [36m</dd>[39m
            [36m</div>[39m
            [36m<div>[39m
              [36m<dt>[39m
                [0m系统内存[0m
              [36m</dt>[39m
              [36m<dd>[39m
                [0m未检测[0m
              [36m</dd>[39m
            [36m</div>[39m
            [36m<div>[39m
              [36m<dt>[39m
                [0m硬件检测状态[0m
              [36m</dt>[39m
              [36m<dd>[39m
                [0m未检测[0m
              [36m</dd>[39m
            [36m</div>[39m
          [36m</dl>[39m
          [36m<p>[39m
            [0mGPU / 独立显存：未检测[0m
          [36m</p>[39m
        [36m</section>[39m
        [36m<section[39m
          [33maria-label[39m=[32m"Text 文本"[39m
          [33mclass[39m=[32m"local-ai__section"[39m
        [36m>[39m
          [36m<h3>[39m
            [0mText 文本[0m
            [0m（[0m
            [0m1[0m
            [0m）[0m
          [36m</h3>[39m
          [36m<div[39m
            [33mclass[39m=[32m"local-ai__list"[39m
          [36m>[39m
            [36m<article[39m
              [33maria-label[39m=[32m"same-model 本地模型"[39m
            [36m>[39m
              [36m<header>[39m
                [36m<strong>[39m
                  [0msame-model[0m
                [36m</strong>[39m
                [36m<span[39m
                  [33mclass[39m=[32m"ui-badge ui-badge--warning"[39m
                [36m>[39m
                  [0mNOT_VERIFIED[0m
                [36m</span>[39m
              [36m</header>[39m
              [36m<div[39m
                [33mclass[39m=[32m"local-ai__actions"[39m
              [36m>[39m
                [36m<span[39m
                  [33mclass[39m=[32m"ui-badge ui-badge--neutral"[39m
                [36m>[39m
                  [0m本地候选[0m
                [36m</span>[39m
                [36m<span[39m
                  [33mclass[39m=[32m"ui-badge ui-badge--warning"[39m
                [36m>[39m
                  [0m接入状态待确认[0m
                [36m</span>[39m
                [36m<span[39m
                  [33mclass[39m=[32m"ui-badge ui-badge--warning"[39m
                [36m>[39m
                  [0m尚未实际生成验证[0m
                [36m</span>[39m
              [36m</div>[39m
              [36m<dl[39m
                [33mclass[39m=[32m"local-ai__facts"[39m
              [36m>[39m
                [36m<div>[39m
                  [36m<dt>[39m
                    [0mRuntime / 来源[0m
                  [36m</dt>[39m
                  [36m<dd>[39m
                    [0mLLAMA_CPP[0m
                    [0m · [0m
                    [0mruntime-a[0m
                    [0m · [0m
                    [0mGGUF[0m
                  [36m</dd>[39m
                [36m</div>[39m
                [36m<div>[39m
                  [36m<dt>[39m
                    [0m模型族 / 模型 ID[0m
                  [36m</dt>[39m
                  [36m<dd>[39m
                    [0mQWEN[0m
                    [0m · [0m
                    [0msame-model[0m
                  [36m</dd>[39m
                [36m</div>[39m
                [36m<div>[39m
                  [36m<dt>[39m
                    [0m声明能力[0m
                  [36m</dt>[39m
                  [36m<dd>[39m
                    [0mTEXT[0m
                  [36m</dd>[39m
                [36m</div>[39m
                [36m<div>[39m
                  [36m<dt>[39m
                    [0m已验证能力[0m
                  [36m</dt>[39m
                  [36m<dd>[39m
                    [0mCAPABILITY_UNVERIFIED[0m
                  [36m</dd>[39m
                [36m</div>[39m
                [36m<div>[39m
                  [36m<dt>[39m
                    [0m只读接入验证[0m
                  [36m</dt>[39m
                  [36m<dd>[39m
                    [0m尚未验证 / 需重新验证[0m
                  [36m</dd>[39m
                [36m</div>[39m
                [36m<div>[39m
                  [36m<dt>[39m
                    [0m兼容性[0m
                  [36m</dt>[39m
                  [36m<dd>[39m
                    [0mNot Verified · 未验证[0m
                  [36m</dd>[39m
                [36m</div>[39m
                [36m<div>[39m
                  [36m<dt>[39m
                    [0m模型路径 / 文件 / 来源[0m
                  [36m</dt>[39m
                  [36m<dd>[39m
                    [36m<details>[39m
                      [36m<summary>[39m
                        [0m高级：查看模型来源详情[0m
                      [36m</summary>[39m
                      [0msame-model.gguf[0m
                    [36m</details>[39m
                  [36m</dd>[39m
                [36m</div>[39m
              [36m</dl>[39m
              [36m<dl[39m
                [33maria-label[39m=[32m"验证依据"[39m
                [33mclass[39m=[32m"local-ai__facts"[39m
              [36m>[39m
                [36m<div>[39m
                  [36m<dt>[39m
                    [0m模型文件[0m
                  [36m</dt>[39m
                  [36m<dd>[39m
                    [0m存在性未独立验证[0m
                  [36m</dd>[39m
                [36m</div>[39m
                [36m<div>[39m
                  [36m<dt>[39m
                    [0m实际生成验证[0m
                  [36m</dt>[39m
                  [36m<dd>[39m
                    [0mNOT_RUN · 尚未运行生成测试[0m
                  [36m</dd>[39m
                [36m</div>[39m
              [36m</dl>[39m
              [36m<div[39m
                [33mclass[39m=[32m"local-ai__actions"[39m
              [36m>[39m
                [36m<button[39m
                  [33mclass[39m=[32m"ui-button ui-button--secondary"[39m
                  [33mdisabled[39m=[32m""[39m
                [36m>[39m
                  [0m验证[0m
                [36m</button>[39m
                [36m<button[39m
                  [33mclass[39m=[32m"ui-button ui-button--secondary"[39m
                  [33mdisabled[39m=[32m""[39m
                [36m>[39m
                  [0m停用[0m
                [36m</button>[39m
                [36m<button[39m
                  [33mclass[39m=[32m"ui-button ui-button--secondary"[39m
                  [33mdisabled[39m=[32m""[39m
                [36m>[39m
                  [0m配置接入条件[0m
                [36m</button>[39m
                [36m<button[39m
                  [33mclass[39m=[32m"ui-button ui-button--ghost"[39m
                  [33mdisabled[39m=[32m""[39m
                [36m>[39m
                  [0m移除注册[0m
                [36m</button>[39m
              [36m</div>[39m
            [36m</article>[39m
          [36m</div>[39m
        [36m</section>[39m
      [36m</div>[39m
    [36m</section>[39m
  [36m</div>[39m
[36m</body>[39m
 ❯ Object.getElementError node_modules/.pnpm/@testing-library+dom@10.4.1/node_modules/@testing-library/dom/dist/config.js:37:19
 ❯ node_modules/.pnpm/@testing-library+dom@10.4.1/node_modules/@testing-library/dom/dist/query-helpers.js:76:38
 ❯ node_modules/.pnpm/@testing-library+dom@10.4.1/node_modules/@testing-library/dom/dist/query-helpers.js:52:17
 ❯ node_modules/.pnpm/@testing-library+dom@10.4.1/node_modules/@testing-library/dom/dist/query-helpers.js:95:19
 ❯ observationView src/ui/LocalAiModelFiles.test.tsx:38:38
     36| let currentSnapshot: LocalDiscoverySnapshot;
     37| const fetchMock = vi.fn();
     38| const observationView = () => screen.getByRole('region', {name: '本次…
       |                                      ^
     39| const observation = (name = 'same-model.safetensors') => within(observ…
     40| async function mount(owner = context, legacy = false) {
 ❯ observation src/ui/LocalAiModelFiles.test.tsx:39:65
 ❯ src/ui/LocalAiModelFiles.test.tsx:127:12

⎯⎯⎯⎯⎯⎯⎯⎯⎯⎯⎯⎯⎯⎯⎯⎯⎯⎯⎯⎯⎯⎯[10/12]⎯

 FAIL  src/ui/LocalAiModelFiles.test.tsx > V2 same-scan model file observations > reopens from the latest snapshot without retaining observations from the previous mount
TestingLibraryElementError: Unable to find an accessible element with the role "region" and name "本次扫描的文件与索引观察"

Here are the accessible roles:

  banner:

  Name "":
  [36m<header />[39m

  --------------------------------------------------
  heading:

  Name "Local AI · 本地 AI 发现":
  [36m<h2 />[39m

  Name "系统硬件":
  [36m<h3 />[39m

  --------------------------------------------------
  button:

  Name "收起":
  [36m<button[39m
    [33maria-expanded[39m=[32m"true"[39m
    [33mclass[39m=[32m"ui-button ui-button--ghost"[39m
  [36m/>[39m

  Name "重新预览检测范围":
  [36m<button[39m
    [33mclass[39m=[32m"ui-button ui-button--primary"[39m
  [36m/>[39m

  Name "高级：添加本地 Runtime":
  [36m<button[39m
    [33mclass[39m=[32m"ui-button ui-button--secondary"[39m
  [36m/>[39m

  Name "高级：配置扫描目录":
  [36m<button[39m
    [33mclass[39m=[32m"ui-button ui-button--secondary"[39m
  [36m/>[39m

  --------------------------------------------------
  paragraph:

  Name "":
  [36m<p />[39m

  Name "":
  [36m<p[39m
    [33mclass[39m=[32m"local-ai__muted"[39m
  [36m/>[39m

  Name "":
  [36m<p />[39m

  Name "":
  [36m<p />[39m

  --------------------------------------------------
  status:

  Name "":
  [36m<div[39m
    [33mclass[39m=[32m"local-ai__summary"[39m
    [33mrole[39m=[32m"status"[39m
  [36m/>[39m

  Name "":
  [36m<div[39m
    [33mclass[39m=[32m"ui-empty"[39m
    [33mrole[39m=[32m"status"[39m
  [36m/>[39m

  --------------------------------------------------
  region:

  Name "系统硬件":
  [36m<section[39m
    [33maria-label[39m=[32m"系统硬件"[39m
    [33mclass[39m=[32m"local-ai__section"[39m
  [36m/>[39m

  --------------------------------------------------
  term:

  Name "":
  [36m<dt />[39m

  Name "":
  [36m<dt />[39m

  Name "":
  [36m<dt />[39m

  Name "":
  [36m<dt />[39m

  --------------------------------------------------
  definition:

  Name "":
  [36m<dd />[39m

  Name "":
  [36m<dd />[39m

  Name "":
  [36m<dd />[39m

  Name "":
  [36m<dd />[39m

  --------------------------------------------------
  strong:

  Name "":
  [36m<strong />[39m

  --------------------------------------------------

Ignored nodes: comments, script, style
[36m<body>[39m
  [36m<div>[39m
    [36m<section[39m
      [33mclass[39m=[32m"ui-panel local-ai"[39m
    [36m>[39m
      [36m<header>[39m
        [36m<h2>[39m
          [0mLocal AI · 本地 AI 发现[0m
        [36m</h2>[39m
        [36m<button[39m
          [33maria-expanded[39m=[32m"true"[39m
          [33mclass[39m=[32m"ui-button ui-button--ghost"[39m
        [36m>[39m
          [0m收起[0m
        [36m</button>[39m
      [36m</header>[39m
      [36m<div[39m
        [33mclass[39m=[32m"local-ai__body"[39m
      [36m>[39m
        [36m<p>[39m
          [0m先预览后端主机的检测范围，再明确确认。发现 → 验证 → 注册 → 确认启用；不会启动 Runtime 或加载模型。无需填写路径或端口即可查看已有配置。[0m
        [36m</p>[39m
        [36m<p[39m
          [33mclass[39m=[32m"local-ai__muted"[39m
        [36m>[39m
          [0m范围仅限运行后端的主机（BACKEND_HOST），云端结果不代表你的电脑。未配置模型或跳过检测时，仍可手动创作。[0m
        [36m</p>[39m
        [36m<div[39m
          [33mclass[39m=[32m"local-ai__actions"[39m
        [36m>[39m
          [36m<button[39m
            [33mclass[39m=[32m"ui-button ui-button--primary"[39m
          [36m>[39m
            [0m重新预览检测范围[0m
          [36m</button>[39m
          [36m<button[39m
            [33mclass[39m=[32m"ui-button ui-button--secondary"[39m
          [36m>[39m
            [0m高级：添加本地 Runtime[0m
          [36m</button>[39m
          [36m<button[39m
            [33mclass[39m=[32m"ui-button ui-button--secondary"[39m
          [36m>[39m
            [0m高级：配置扫描目录[0m
          [36m</button>[39m
        [36m</div>[39m
        [36m<div[39m
          [33mclass[39m=[32m"local-ai__summary"[39m
          [33mrole[39m=[32m"status"[39m
        [36m>[39m
          [36m<span[39m
            [33mclass[39m=[32m"ui-badge ui-badge--success"[39m
          [36m>[39m
            [0mCOMPLETED[0m
          [36m</span>[39m
          [36m<span>[39m
            [0m发现 [0m
            [0m0[0m
            [0m 个模型 · 已注册 [0m
            [0m0[0m
            [0m 个 · [0m
            [0m已启用 0 个[0m
            [0m · [0m
            [0m0[0m
            [0m 个 Runtime 可用 · [0m
            [0m0[0m
            [0m 个检测问题[0m
          [36m</span>[39m
        [36m</div>[39m
        [36m<section[39m
          [33maria-label[39m=[32m"系统硬件"[39m
          [33mclass[39m=[32m"local-ai__section"[39m
        [36m>[39m
          [36m<h3>[39m
            [0m系统硬件[0m
          [36m</h3>[39m
          [36m<dl[39m
            [33mclass[39m=[32m"local-ai__facts"[39m
          [36m>[39m
            [36m<div>[39m
              [36m<dt>[39m
                [0m系统 / 架构[0m
              [36m</dt>[39m
              [36m<dd>[39m
                [0m未检测[0m
                [0m / [0m
                [0m未检测[0m
              [36m</dd>[39m
            [36m</div>[39m
            [36m<div>[39m
              [36m<dt>[39m
                [0mCPU[0m
              [36m</dt>[39m
              [36m<dd>[39m
                [0m未检测[0m
              [36m</dd>[39m
            [36m</div>[39m
            [36m<div>[39m
              [36m<dt>[39m
                [0m系统内存[0m
              [36m</dt>[39m
              [36m<dd>[39m
                [0m未检测[0m
              [36m</dd>[39m
            [36m</div>[39m
            [36m<div>[39m
              [36m<dt>[39m
                [0m硬件检测状态[0m
              [36m</dt>[39m
              [36m<dd>[39m
                [0m未检测[0m
              [36m</dd>[39m
            [36m</div>[39m
          [36m</dl>[39m
          [36m<p>[39m
            [0mGPU / 独立显存：未检测[0m
          [36m</p>[39m
        [36m</section>[39m
        [36m<div[39m
          [33mclass[39m=[32m"ui-empty"[39m
          [33mrole[39m=[32m"status"[39m
        [36m>[39m
          [36m<strong>[39m
            [0m尚未发现模型[0m
          [36m</strong>[39m
          [36m<p>[39m
            [0m未配置或未发现可用模型时，可继续手动创作。可先预览已有服务；自定义路径与端口仅用于高级配置。[0m
          [36m</p>[39m
        [36m</div>[39m
      [36m</div>[39m
    [36m</section>[39m
  [36m</div>[39m
[36m</body>[39m
 ❯ Object.getElementError node_modules/.pnpm/@testing-library+dom@10.4.1/node_modules/@testing-library/dom/dist/config.js:37:19
 ❯ node_modules/.pnpm/@testing-library+dom@10.4.1/node_modules/@testing-library/dom/dist/query-helpers.js:76:38
 ❯ node_modules/.pnpm/@testing-library+dom@10.4.1/node_modules/@testing-library/dom/dist/query-helpers.js:52:17
 ❯ node_modules/.pnpm/@testing-library+dom@10.4.1/node_modules/@testing-library/dom/dist/query-helpers.js:95:19
 ❯ observationView src/ui/LocalAiModelFiles.test.tsx:38:38
     36| let currentSnapshot: LocalDiscoverySnapshot;
     37| const fetchMock = vi.fn();
     38| const observationView = () => screen.getByRole('region', {name: '本次…
       |                                      ^
     39| const observation = (name = 'same-model.safetensors') => within(observ…
     40| async function mount(owner = context, legacy = false) {
 ❯ observation src/ui/LocalAiModelFiles.test.tsx:39:65
 ❯ src/ui/LocalAiModelFiles.test.tsx:134:40

⎯⎯⎯⎯⎯⎯⎯⎯⎯⎯⎯⎯⎯⎯⎯⎯⎯⎯⎯⎯⎯⎯[11/12]⎯

 FAIL  src/ui/LocalAiModelFiles.test.tsx > V2 same-scan model file observations > uses current poll observations rather than an older terminal snapshot returned for hardware refresh
TestingLibraryElementError: Unable to find an accessible element with the role "region" and name "本次扫描的文件与索引观察"

Here are the accessible roles:

  banner:

  Name "":
  [36m<header />[39m

  --------------------------------------------------
  heading:

  Name "Local AI · 本地 AI 发现":
  [36m<h2 />[39m

  Name "系统硬件":
  [36m<h3 />[39m

  --------------------------------------------------
  button:

  Name "收起":
  [36m<button[39m
    [33maria-expanded[39m=[32m"true"[39m
    [33mclass[39m=[32m"ui-button ui-button--ghost"[39m
  [36m/>[39m

  Name "重新预览检测范围":
  [36m<button[39m
    [33mclass[39m=[32m"ui-button ui-button--primary"[39m
  [36m/>[39m

  Name "高级：添加本地 Runtime":
  [36m<button[39m
    [33mclass[39m=[32m"ui-button ui-button--secondary"[39m
  [36m/>[39m

  Name "高级：配置扫描目录":
  [36m<button[39m
    [33mclass[39m=[32m"ui-button ui-button--secondary"[39m
  [36m/>[39m

  --------------------------------------------------
  paragraph:

  Name "":
  [36m<p />[39m

  Name "":
  [36m<p[39m
    [33mclass[39m=[32m"local-ai__muted"[39m
  [36m/>[39m

  Name "":
  [36m<p />[39m

  Name "":
  [36m<p />[39m

  --------------------------------------------------
  status:

  Name "":
  [36m<div[39m
    [33mclass[39m=[32m"local-ai__summary"[39m
    [33mrole[39m=[32m"status"[39m
  [36m/>[39m

  Name "":
  [36m<div[39m
    [33mclass[39m=[32m"ui-empty"[39m
    [33mrole[39m=[32m"status"[39m
  [36m/>[39m

  --------------------------------------------------
  region:

  Name "系统硬件":
  [36m<section[39m
    [33maria-label[39m=[32m"系统硬件"[39m
    [33mclass[39m=[32m"local-ai__section"[39m
  [36m/>[39m

  --------------------------------------------------
  term:

  Name "":
  [36m<dt />[39m

  Name "":
  [36m<dt />[39m

  Name "":
  [36m<dt />[39m

  Name "":
  [36m<dt />[39m

  --------------------------------------------------
  definition:

  Name "":
  [36m<dd />[39m

  Name "":
  [36m<dd />[39m

  Name "":
  [36m<dd />[39m

  Name "":
  [36m<dd />[39m

  --------------------------------------------------
  strong:

  Name "":
  [36m<strong />[39m

  --------------------------------------------------

Ignored nodes: comments, script, style
[36m<body>[39m
  [36m<div>[39m
    [36m<section[39m
      [33mclass[39m=[32m"ui-panel local-ai"[39m
    [36m>[39m
      [36m<header>[39m
        [36m<h2>[39m
          [0mLocal AI · 本地 AI 发现[0m
        [36m</h2>[39m
        [36m<button[39m
          [33maria-expanded[39m=[32m"true"[39m
          [33mclass[39m=[32m"ui-button ui-button--ghost"[39m
        [36m>[39m
          [0m收起[0m
        [36m</button>[39m
      [36m</header>[39m
      [36m<div[39m
        [33mclass[39m=[32m"local-ai__body"[39m
      [36m>[39m
        [36m<p>[39m
          [0m先预览后端主机的检测范围，再明确确认。发现 → 验证 → 注册 → 确认启用；不会启动 Runtime 或加载模型。无需填写路径或端口即可查看已有配置。[0m
        [36m</p>[39m
        [36m<p[39m
          [33mclass[39m=[32m"local-ai__muted"[39m
        [36m>[39m
          [0m范围仅限运行后端的主机（BACKEND_HOST），云端结果不代表你的电脑。未配置模型或跳过检测时，仍可手动创作。[0m
        [36m</p>[39m
        [36m<div[39m
          [33mclass[39m=[32m"local-ai__actions"[39m
        [36m>[39m
          [36m<button[39m
            [33mclass[39m=[32m"ui-button ui-button--primary"[39m
          [36m>[39m
            [0m重新预览检测范围[0m
          [36m</button>[39m
          [36m<button[39m
            [33mclass[39m=[32m"ui-button ui-button--secondary"[39m
          [36m>[39m
            [0m高级：添加本地 Runtime[0m
          [36m</button>[39m
          [36m<button[39m
            [33mclass[39m=[32m"ui-button ui-button--secondary"[39m
          [36m>[39m
            [0m高级：配置扫描目录[0m
          [36m</button>[39m
        [36m</div>[39m
        [36m<div[39m
          [33mclass[39m=[32m"local-ai__summary"[39m
          [33mrole[39m=[32m"status"[39m
        [36m>[39m
          [36m<span[39m
            [33mclass[39m=[32m"ui-badge ui-badge--success"[39m
          [36m>[39m
            [0mCOMPLETED[0m
          [36m</span>[39m
          [36m<span>[39m
            [0m发现 [0m
            [0m0[0m
            [0m 个模型 · 已注册 [0m
            [0m0[0m
            [0m 个 · [0m
            [0m已启用 0 个[0m
            [0m · [0m
            [0m0[0m
            [0m 个 Runtime 可用 · [0m
            [0m0[0m
            [0m 个检测问题[0m
          [36m</span>[39m
        [36m</div>[39m
        [36m<section[39m
          [33maria-label[39m=[32m"系统硬件"[39m
          [33mclass[39m=[32m"local-ai__section"[39m
        [36m>[39m
          [36m<h3>[39m
            [0m系统硬件[0m
          [36m</h3>[39m
          [36m<dl[39m
            [33mclass[39m=[32m"local-ai__facts"[39m
          [36m>[39m
            [36m<div>[39m
              [36m<dt>[39m
                [0m系统 / 架构[0m
              [36m</dt>[39m
              [36m<dd>[39m
                [0m未检测[0m
                [0m / [0m
                [0m未检测[0m
              [36m</dd>[39m
            [36m</div>[39m
            [36m<div>[39m
              [36m<dt>[39m
                [0mCPU[0m
              [36m</dt>[39m
              [36m<dd>[39m
                [0m未检测[0m
              [36m</dd>[39m
            [36m</div>[39m
            [36m<div>[39m
              [36m<dt>[39m
                [0m系统内存[0m
              [36m</dt>[39m
              [36m<dd>[39m
                [0m未检测[0m
              [36m</dd>[39m
            [36m</div>[39m
            [36m<div>[39m
              [36m<dt>[39m
                [0m硬件检测状态[0m
              [36m</dt>[39m
              [36m<dd>[39m
                [0m未检测[0m
              [36m</dd>[39m
            [36m</div>[39m
          [36m</dl>[39m
          [36m<p>[39m
            [0mGPU / 独立显存：未检测[0m
          [36m</p>[39m
        [36m</section>[39m
        [36m<div[39m
          [33mclass[39m=[32m"ui-empty"[39m
          [33mrole[39m=[32m"status"[39m
        [36m>[39m
          [36m<strong>[39m
            [0m尚未发现模型[0m
          [36m</strong>[39m
          [36m<p>[39m
            [0m未配置或未发现可用模型时，可继续手动创作。可先预览已有服务；自定义路径与端口仅用于高级配置。[0m
          [36m</p>[39m
        [36m</div>[39m
      [36m</div>[39m
    [36m</section>[39m
  [36m</div>[39m
[36m</body>[39m
 ❯ Object.getElementError node_modules/.pnpm/@testing-library+dom@10.4.1/node_modules/@testing-library/dom/dist/config.js:37:19
 ❯ node_modules/.pnpm/@testing-library+dom@10.4.1/node_modules/@testing-library/dom/dist/query-helpers.js:76:38
 ❯ node_modules/.pnpm/@testing-library+dom@10.4.1/node_modules/@testing-library/dom/dist/query-helpers.js:52:17
 ❯ node_modules/.pnpm/@testing-library+dom@10.4.1/node_modules/@testing-library/dom/dist/query-helpers.js:95:19
 ❯ observationView src/ui/LocalAiModelFiles.test.tsx:38:38
     36| let currentSnapshot: LocalDiscoverySnapshot;
     37| const fetchMock = vi.fn();
     38| const observationView = () => screen.getByRole('region', {name: '本次…
       |                                      ^
     39| const observation = (name = 'same-model.safetensors') => within(observ…
     40| async function mount(owner = context, legacy = false) {
 ❯ observation src/ui/LocalAiModelFiles.test.tsx:39:65
 ❯ src/ui/LocalAiModelFiles.test.tsx:165:12

⎯⎯⎯⎯⎯⎯⎯⎯⎯⎯⎯⎯⎯⎯⎯⎯⎯⎯⎯⎯⎯⎯[12/12]⎯

